Data,Rok,Miesiac,Sezon,Lon,Lat,odleglosc_m,CH4_column_volume_mixing_ratio_dry_air
2019-01-31,2019,1,ZIMA,16.817451919638586,51.57898035365719,4097.049152339476,1842.2929692024877
2019-01-31,2019,1,ZIMA,16.880333989526953,51.57898035365719,8342.87147823116,1862.1698015789464
2019-01-31,2019,1,ZIMA,16.94321605941532,51.57898035365719,12665.426555374055,1876.8303347006708
2019-01-31,2019,1,ZIMA,17.006098129303687,51.57898035365719,17006.302359631587,1877.1160428347819
2019-01-31,2019,1,ZIMA,17.068980199192055,51.57898035365719,21354.326951061896,1877.2839378272745
2019-01-31,2019,1,ZIMA,16.75456984975022,51.64186242354555,5700.671005645907,1856.383555226905
2019-01-31,2019,1,ZIMA,16.817451919638586,51.64186242354555,6877.713124472197,1856.3835449218466
2019-01-31,2019,1,ZIMA,16.880333989526953,51.64186242354555,10002.381498184013,1870.8079833984696
2019-01-31,2019,1,ZIMA,16.94321605941532,51.64186242354555,13810.566952387238,1870.9569067092818
2019-01-31,2019,1,ZIMA,17.006098129303687,51.64186242354555,17870.512483347866,1877.2839287537765
2019-01-31,2019,1,ZIMA,17.068980199192055,51.64186242354555,22043.545537886053,1877.283932059613
2019-01-31,2019,1,ZIMA,16.75456984975022,51.70474449343391,12685.980479552787,1854.647035037005
2019-01-31,2019,1,ZIMA,16.817451919638586,51.70474449343391,13255.900035496014,1855.082226532785
2019-01-31,2019,1,ZIMA,16.880333989526953,51.70474449343391,15112.59324189347,1870.4673544437937
2019-01-31,2019,1,ZIMA,16.94321605941532,51.70474449343391,17859.14262116209,1870.5454388540777
2019-01-31,2019,1,ZIMA,16.565923640085124,51.767626563322295,23874.360079904105,1834.8602346613518
2019-01-31,2019,1,ZIMA,16.62880570997349,51.767626563322295,21708.214615169894,1834.860231929562
2019-01-31,2019,1,ZIMA,16.69168777986186,51.767626563322295,20256.910366016018,1834.8602280971206
2019-01-31,2019,1,ZIMA,16.817451919638586,51.767626563322295,20050.855201186074,1870.067153562757
2019-01-31,2019,1,ZIMA,16.880333989526953,51.767626563322295,21322.179027900544,1870.0671591896653
2019-01-31,2019,1,ZIMA,16.94321605941532,51.767626563322295,23346.69471159949,1870.0671738436224
2019-02-08,2019,2,ZIMA,16.50654334569621,51.70474449343391,21726.73189986778,1824.064817084265
2019-02-08,2019,2,ZIMA,16.569425415584575,51.70474449343391,18368.400870511905,1824.0648260038051
2019-02-08,2019,2,ZIMA,16.63230748547294,51.70474449343391,15512.327393546435,1824.0648322084178
2019-02-08,2019,2,ZIMA,16.569425415584575,51.767626563322295,23737.980709715666,1823.918041857934
2019-02-08,2019,2,ZIMA,16.63230748547294,51.767626563322295,21606.947002294517,1824.0302586708467
2019-02-08,2019,2,ZIMA,16.695189555361306,51.767626563322295,20200.56706752922,1824.6248779297541
2019-02-08,2019,2,ZIMA,16.758071625249674,51.767626563322295,19674.85473951676,1824.624875705906
2019-02-08,2019,2,ZIMA,16.82095369513804,51.767626563322295,20099.032512508216,1824.6248444497132
2019-02-16,2019,2,ZIMA,16.62880570997349,51.39033414399208,24132.56253846387,1823.321757992115
2019-02-16,2019,2,ZIMA,16.69168777986186,51.39033414399208,22824.767038267706,1822.9948641479368
2019-02-16,2019,2,ZIMA,16.75456984975022,51.39033414399208,22309.375774318905,1824.5523520515728
2019-02-16,2019,2,ZIMA,16.817451919638586,51.39033414399208,22640.567670053617,1825.4592438565437
2019-02-16,2019,2,ZIMA,16.503041570196757,51.45321621388044,23581.077953511707,1829.6984072552068
2019-02-16,2019,2,ZIMA,16.565923640085124,51.45321621388044,20458.436816040445,1828.888780242108
2019-02-16,2019,2,ZIMA,16.62880570997349,51.45321621388044,17864.060187992847,1827.9570283171615
2019-02-16,2019,2,ZIMA,16.69168777986186,51.45321621388044,16056.097989486343,1830.341788549667
2019-02-16,2019,2,ZIMA,16.75456984975022,51.45321621388044,15315.627883456851,1834.0465087889986
2019-02-16,2019,2,ZIMA,16.817451919638586,51.45321621388044,15793.514056679513,1836.618238567257
2019-02-16,2019,2,ZIMA,16.880333989526953,51.45321621388044,17389.60114242064,1840.5404026653591
2019-02-16,2019,2,ZIMA,16.94321605941532,51.45321621388044,19835.775380789644,1840.5404042559687
2019-02-16,2019,2,ZIMA,16.44015950030839,51.51609828376883,23785.498505187956,1832.7620531438624
2019-02-16,2019,2,ZIMA,16.503041570196757,51.51609828376883,19757.914628789506,1830.9785156249325
2019-02-16,2019,2,ZIMA,16.565923640085124,51.51609828376883,15907.373286362195,1832.2512536203938
2019-02-16,2019,2,ZIMA,16.62880570997349,51.51609828376883,12399.921850519919,1832.4147262722192
2019-02-16,2019,2,ZIMA,16.69168777986186,51.51609828376883,9618.51826801077,1829.8519035229856
2019-02-16,2019,2,ZIMA,16.75456984975022,51.51609828376883,8325.742428621463,1830.4290312965054
2019-02-16,2019,2,ZIMA,16.817451919638586,51.51609828376883,9174.104004011042,1837.1583284480832
2019-02-16,2019,2,ZIMA,16.880333989526953,51.51609828376883,11707.032333134212,1839.6729923904275
2019-02-16,2019,2,ZIMA,16.94321605941532,51.51609828376883,15099.315623834133,1836.4096423584917
2019-02-16,2019,2,ZIMA,16.44015950030839,51.57898035365719,22309.377798593767,1828.1338420287086
2019-02-16,2019,2,ZIMA,16.503041570196757,51.57898035365719,17960.37871340833,1827.1929328357498
2019-02-16,2019,2,ZIMA,16.565923640085124,51.57898035365719,13617.404822140948,1831.2623291014986
2019-02-16,2019,2,ZIMA,16.62880570997349,51.57898035365719,9288.916562767508,1831.2623291016293
2019-02-16,2019,2,ZIMA,16.69168777986186,51.57898035365719,5012.588919209262,1830.6768798828793
2019-02-16,2019,2,ZIMA,16.75456984975022,51.57898035365719,1399.9993034286374,1830.6231826622723
2019-02-16,2019,2,ZIMA,16.817451919638586,51.57898035365719,4097.049152339476,1836.5728148863495
2019-02-16,2019,2,ZIMA,16.880333989526953,51.57898035365719,8342.87147823116,1837.0617675120982
2019-02-16,2019,2,ZIMA,16.94321605941532,51.57898035365719,12665.426555374055,1835.6841658832898
2019-02-16,2019,2,ZIMA,17.006098129303687,51.57898035365719,17006.302359631587,1837.8797835901892
2019-02-16,2019,2,ZIMA,17.068980199192055,51.57898035365719,21354.326951061896,1842.1663999358798
2019-02-16,2019,2,ZIMA,16.44015950030839,51.64186242354555,22968.704488944466,1839.7895336217828
2019-02-16,2019,2,ZIMA,16.503041570196757,51.64186242354555,18779.51120392489,1837.0108853305333
2019-02-16,2019,2,ZIMA,16.565923640085124,51.64186242354555,14687.337978946705,1830.7733586112047
2019-02-16,2019,2,ZIMA,16.62880570997349,51.64186242354555,10803.011787778565,1832.6376023625687
2019-02-16,2019,2,ZIMA,16.69168777986186,51.64186242354555,7458.6619369363725,1839.5433349610048
2019-02-16,2019,2,ZIMA,16.75456984975022,51.64186242354555,5700.671005645907,1838.8311014859628
2019-02-16,2019,2,ZIMA,16.817451919638586,51.64186242354555,6877.713124472197,1837.2136230468468
2019-02-16,2019,2,ZIMA,16.880333989526953,51.64186242354555,10002.381498184013,1849.1090101377126
2019-02-16,2019,2,ZIMA,16.94321605941532,51.64186242354555,13810.566952387238,1848.3624091530976
2019-02-16,2019,2,ZIMA,17.006098129303687,51.64186242354555,17870.512483347866,1853.803217592152
2019-02-16,2019,2,ZIMA,17.068980199192055,51.64186242354555,22043.545537886053,1853.470802550773
2019-02-16,2019,2,ZIMA,16.503041570196757,51.70474449343391,21924.029828531227,1839.8590652260793
2019-02-16,2019,2,ZIMA,16.565923640085124,51.70474449343391,18544.554847416206,1838.0643310546232
2019-02-16,2019,2,ZIMA,16.62880570997349,51.70474449343391,15653.26864662927,1826.8036863698367
2019-02-16,2019,2,ZIMA,16.69168777986186,51.70474449343391,13565.988451621677,1824.8270048269587
2019-02-16,2019,2,ZIMA,16.75456984975022,51.70474449343391,12685.980479552787,1835.8993515681827
2019-02-16,2019,2,ZIMA,16.817451919638586,51.70474449343391,13255.900035496014,1838.680045114821
2019-02-16,2019,2,ZIMA,16.880333989526953,51.70474449343391,15112.59324189347,1846.7203271737546
2019-02-16,2019,2,ZIMA,16.94321605941532,51.70474449343391,17859.14262116209,1847.6980390855947
2019-02-16,2019,2,ZIMA,17.006098129303687,51.70474449343391,21151.69893885063,1855.002744994704
2019-02-16,2019,2,ZIMA,17.068980199192055,51.70474449343391,24773.504994530504,1855.0441894531568
2019-02-16,2019,2,ZIMA,16.565923640085124,51.767626563322295,23874.360079904105,1830.691799433156
2019-02-16,2019,2,ZIMA,16.62880570997349,51.767626563322295,21708.214615169894,1829.166503906317
2019-02-16,2019,2,ZIMA,16.69168777986186,51.767626563322295,20256.910366016018,1833.3481874509644
2019-02-16,2019,2,ZIMA,16.75456984975022,51.767626563322295,19679.240479065716,1838.3192138671232
2019-02-16,2019,2,ZIMA,16.817451919638586,51.767626563322295,20050.855201186074,1839.9377123401744
2019-02-16,2019,2,ZIMA,16.880333989526953,51.767626563322295,21322.179027900544,1841.438664882362
2019-02-16,2019,2,ZIMA,16.94321605941532,51.767626563322295,23346.69471159949,1846.5889560860444
2019-02-17,2019,2,ZIMA,16.62880570997349,51.39033414399208,24132.56253846387,1834.291054689864
2019-02-17,2019,2,ZIMA,16.69168777986186,51.39033414399208,22824.767038267706,1830.1361298111076
2019-02-17,2019,2,ZIMA,16.75456984975022,51.39033414399208,22309.375774318905,1829.4187281657335
2019-02-17,2019,2,ZIMA,16.817451919638586,51.39033414399208,22640.567670053617,1828.7305908202843
2019-02-17,2019,2,ZIMA,16.880333989526953,51.39033414399208,23783.002108405184,1841.679059976231
2019-02-17,2019,2,ZIMA,16.503041570196757,51.45321621388044,23581.077953511707,1834.9332677183318
2019-02-17,2019,2,ZIMA,16.565923640085124,51.45321621388044,20458.436816040445,1834.2797319497097
2019-02-17,2019,2,ZIMA,16.62880570997349,51.45321621388044,17864.060187992847,1839.6520748063206
2019-02-17,2019,2,ZIMA,16.69168777986186,51.45321621388044,16056.097989486343,1837.846071509369
2019-02-17,2019,2,ZIMA,16.75456984975022,51.45321621388044,15315.627883456851,1841.4140486514232
2019-02-17,2019,2,ZIMA,16.817451919638586,51.45321621388044,15793.514056679513,1844.9285498290164
2019-02-17,2019,2,ZIMA,16.880333989526953,51.45321621388044,17389.60114242064,1846.1401009177282
2019-02-17,2019,2,ZIMA,16.94321605941532,51.45321621388044,19835.775380789644,1845.2377383224605
2019-02-17,2019,2,ZIMA,16.44015950030839,51.51609828376883,23785.498505187956,1827.1186334148958
2019-02-17,2019,2,ZIMA,16.503041570196757,51.51609828376883,19757.914628789506,1833.5559355548253
2019-02-17,2019,2,ZIMA,16.565923640085124,51.51609828376883,15907.373286362195,1837.4423860264974
2019-02-17,2019,2,ZIMA,16.62880570997349,51.51609828376883,12399.921850519919,1840.830314215535
2019-02-17,2019,2,ZIMA,16.69168777986186,51.51609828376883,9618.51826801077,1833.642623668076
2019-02-17,2019,2,ZIMA,16.75456984975022,51.51609828376883,8325.742428621463,1831.7930908202725
2019-02-17,2019,2,ZIMA,16.817451919638586,51.51609828376883,9174.104004011042,1830.736519368228
2019-02-17,2019,2,ZIMA,16.880333989526953,51.51609828376883,11707.032333134212,1834.9316502221577
2019-02-17,2019,2,ZIMA,16.94321605941532,51.51609828376883,15099.315623834133,1814.953995638605
2019-02-17,2019,2,ZIMA,16.44015950030839,51.57898035365719,22309.377798593767,1815.8227669794198
2019-02-17,2019,2,ZIMA,16.817451919638586,51.57898035365719,4097.049152339476,1825.7053809073705
2019-02-17,2019,2,ZIMA,16.880333989526953,51.57898035365719,8342.87147823116,1814.9539826931368
2019-02-17,2019,2,ZIMA,16.94321605941532,51.57898035365719,12665.426555374055,1814.9539665243622
2019-02-17,2019,2,ZIMA,17.006098129303687,51.57898035365719,17006.302359631587,1799.8004123411927
2019-02-17,2019,2,ZIMA,17.068980199192055,51.57898035365719,21354.326951061896,1800.016238716458
2019-02-18,2019,2,ZIMA,16.63230748547294,51.39033414399208,24040.75037827768,1826.4611399889927
2019-02-18,2019,2,ZIMA,16.695189555361306,51.39033414399208,22774.361202252046,1826.4687517127122
2019-02-18,2019,2,ZIMA,16.758071625249674,51.39033414399208,22305.47501033657,1826.4687649483308
2019-02-18,2019,2,ZIMA,16.50654334569621,51.45321621388044,23396.738235416302,1832.984853220555
2019-02-18,2019,2,ZIMA,16.569425415584575,51.45321621388044,20298.01174458644,1832.4789690853388
2019-02-18,2019,2,ZIMA,16.63230748547294,51.45321621388044,17740.006059764815,1832.530029296942
2019-02-18,2019,2,ZIMA,16.695189555361306,51.45321621388044,15984.460380881492,1830.162405567968
2019-02-18,2019,2,ZIMA,16.44366127580784,51.51609828376883,23558.084958616277,1833.4646145442496
2019-02-18,2019,2,ZIMA,16.50654334569621,51.51609828376883,19537.84054011882,1833.0934242027859
2019-02-18,2019,2,ZIMA,16.569425415584575,51.51609828376883,15700.8009096385,1829.8380957815266
2019-02-18,2019,2,ZIMA,16.63230748547294,51.51609828376883,12220.773060573265,1830.6518471065892
2019-02-18,2019,2,ZIMA,16.695189555361306,51.51609828376883,9498.617637244897,1823.8065955151549
2019-02-18,2019,2,ZIMA,16.44366127580784,51.57898035365719,22067.09312874936,1831.1855441045568
2019-02-18,2019,2,ZIMA,16.63230748547294,51.57898035365719,9048.716728001045,1825.7714380527461
2019-02-18,2019,2,ZIMA,16.695189555361306,51.57898035365719,4778.811626111381,1823.8066395675708
2019-02-18,2019,2,ZIMA,16.758071625249674,51.57898035365719,1336.6685605293208,1823.8066511707725
2019-02-22,2019,2,ZIMA,16.63230748547294,51.39033414399208,24040.75037827768,1842.302353839462
2019-02-22,2019,2,ZIMA,16.695189555361306,51.39033414399208,22774.361202252046,1833.7105712891293
2019-02-22,2019,2,ZIMA,16.758071625249674,51.39033414399208,22305.47501033657,1833.7105712889986
2019-02-22,2019,2,ZIMA,16.82095369513804,51.39033414399208,22683.599851816612,1831.9001087686129
2019-02-22,2019,2,ZIMA,16.883835765026408,51.39033414399208,23868.515249312062,1826.7952354718143
2019-02-22,2019,2,ZIMA,16.50654334569621,51.45321621388044,23396.738235416302,1840.1163809003522
2019-02-22,2019,2,ZIMA,16.569425415584575,51.45321621388044,20298.01174458644,1834.2157859640615
2019-02-22,2019,2,ZIMA,16.63230748547294,51.45321621388044,17740.006059764815,1834.7465891356383
2019-02-22,2019,2,ZIMA,16.695189555361306,51.45321621388044,15984.460380881492,1835.9879372737182
2019-02-22,2019,2,ZIMA,16.758071625249674,51.45321621388044,15309.953112466403,1837.5901536861927
2019-02-22,2019,2,ZIMA,16.82095369513804,51.45321621388044,15855.056231952789,1839.4881587108487
2019-02-22,2019,2,ZIMA,16.883835765026408,51.45321621388044,17506.212359873636,1832.325341746022
2019-02-22,2019,2,ZIMA,16.94671783491477,51.45321621388044,19991.21689898653,1831.760867346688
2019-02-22,2019,2,ZIMA,16.44366127580784,51.51609828376883,23558.084958616277,1839.3455324035413
2019-02-22,2019,2,ZIMA,16.50654334569621,51.51609828376883,19537.84054011882,1837.4964244866428
2019-02-22,2019,2,ZIMA,16.569425415584575,51.51609828376883,15700.8009096385,1835.1663818358977
2019-02-22,2019,2,ZIMA,16.63230748547294,51.51609828376883,12220.773060573265,1839.480055289368
2019-02-22,2019,2,ZIMA,16.695189555361306,51.51609828376883,9498.617637244897,1841.6986382429607
2019-02-22,2019,2,ZIMA,16.758071625249674,51.51609828376883,8315.313151789731,1836.9403210117978
2019-02-22,2019,2,ZIMA,16.82095369513804,51.51609828376883,9279.50594577174,1835.6925630699109
2019-02-22,2019,2,ZIMA,16.883835765026408,51.51609828376883,11879.320814836998,1831.7607306391878
2019-02-22,2019,2,ZIMA,16.94671783491477,51.51609828376883,15302.66637249264,1832.7579729134204
2019-02-22,2019,2,ZIMA,16.44366127580784,51.57898035365719,22067.09312874936,1838.096925460468
2019-02-22,2019,2,ZIMA,16.50654334569621,51.57898035365719,17718.327792455035,1827.32482527668
2019-02-22,2019,2,ZIMA,16.569425415584575,51.57898035365719,13375.848816009768,1831.8671624065212
2019-02-22,2019,2,ZIMA,16.63230748547294,51.57898035365719,9048.716728001045,1838.1550765123648
2019-02-22,2019,2,ZIMA,16.695189555361306,51.57898035365719,4778.811626111381,1840.1257779304672
2019-02-22,2019,2,ZIMA,16.758071625249674,51.57898035365719,1336.6685605293208,1840.4981689452486
2019-02-22,2019,2,ZIMA,16.82095369513804,51.57898035365719,4327.607486410343,1833.0692472486583
2019-02-22,2019,2,ZIMA,16.883835765026408,51.57898035365719,8582.63182821231,1832.0837567070855
2019-02-22,2019,2,ZIMA,16.94671783491477,51.57898035365719,12906.850162773397,1834.8183589539829
2019-02-22,2019,2,ZIMA,17.00959990480314,51.57898035365719,17248.297114973437,1826.5041333585648
2019-02-22,2019,2,ZIMA,17.072481974691506,51.57898035365719,21596.582807123174,1823.0447998047189
2019-02-22,2019,2,ZIMA,16.44366127580784,51.64186242354555,22733.774236944053,1832.0195984857728
2019-02-22,2019,2,ZIMA,16.50654334569621,51.64186242354555,18548.47434255549,1832.0196388667382
2019-02-22,2019,2,ZIMA,16.569425415584575,51.64186242354555,14463.97307729854,1840.2426756877805
2019-02-22,2019,2,ZIMA,16.63230748547294,51.64186242354555,10597.473779019278,1840.2426671986834
2019-02-22,2019,2,ZIMA,16.695189555361306,51.64186242354555,7303.820656026393,1839.217131114792
2019-02-22,2019,2,ZIMA,16.758071625249674,51.64186242354555,5685.470440609392,1838.1000752968416
2019-02-22,2019,2,ZIMA,16.82095369513804,51.64186242354555,7017.3089844368305,1827.7298583984093
2019-02-22,2019,2,ZIMA,16.883835765026408,51.64186242354555,10202.945413633863,1842.9462835713957
2019-02-22,2019,2,ZIMA,16.94671783491477,51.64186242354555,14031.998661490588,1841.446706982786
2019-02-22,2019,2,ZIMA,17.00959990480314,51.64186242354555,18100.64101576137,1842.3421791461476
2019-02-22,2019,2,ZIMA,17.072481974691506,51.64186242354555,22277.9856371743,1842.7940423719338
2019-02-22,2019,2,ZIMA,16.63230748547294,51.70474449343391,15512.327393546435,1844.0346638834144
2019-02-22,2019,2,ZIMA,16.695189555361306,51.70474449343391,13481.59372237837,1843.914882519682
2019-02-22,2019,2,ZIMA,16.758071625249674,51.70474449343391,12679.166548422323,1839.8114285585557
2019-02-22,2019,2,ZIMA,16.82095369513804,51.70474449343391,13328.76158161471,1832.956481262634
2019-02-22,2019,2,ZIMA,16.883835765026408,51.70474449343391,15245.895114827508,1842.9611210703097
2019-02-22,2019,2,ZIMA,16.94671783491477,51.70474449343391,18030.686749865705,1843.87100173576
2019-02-22,2019,2,ZIMA,17.00959990480314,51.70474449343391,21346.215108421282,1840.1025390624718
2019-02-22,2019,2,ZIMA,16.695189555361306,51.767626563322295,20200.56706752922,1837.7529182085507
2019-02-22,2019,2,ZIMA,16.758071625249674,51.767626563322295,19674.85473951676,1837.7529296874357
2019-02-22,2019,2,ZIMA,16.82095369513804,51.767626563322295,20099.032512508216,1837.3438309972041
2019-02-22,2019,2,ZIMA,16.883835765026408,51.767626563322295,21416.735201237527,1836.2460122125133
2019-02-22,2019,2,ZIMA,16.94671783491477,51.767626563322295,23477.99608168023,1844.1521235148423
2019-02-27,2019,2,ZIMA,16.62880570997349,51.39033414399208,24132.56253846387,1834.2345872276312
2019-02-27,2019,2,ZIMA,16.69168777986186,51.39033414399208,22824.767038267706,1839.5079370066837
2019-02-27,2019,2,ZIMA,16.75456984975022,51.39033414399208,22309.375774318905,1839.5079704318066
2019-02-27,2019,2,ZIMA,16.503041570196757,51.45321621388044,23581.077953511707,1844.606381263102
2019-02-27,2019,2,ZIMA,16.565923640085124,51.45321621388044,20458.436816040445,1841.6965396529827
2019-02-27,2019,2,ZIMA,16.817451919638586,51.45321621388044,15793.514056679513,1856.3793969705696
2019-02-27,2019,2,ZIMA,16.880333989526953,51.45321621388044,17389.60114242064,1856.3794093963415
2019-02-27,2019,2,ZIMA,16.44015950030839,51.51609828376883,23785.498505187956,1837.4693644556733
2019-02-27,2019,2,ZIMA,16.503041570196757,51.51609828376883,19757.914628789506,1838.8870006130237
2019-02-27,2019,2,ZIMA,16.565923640085124,51.51609828376883,15907.373286362195,1844.7097084616726
2019-02-27,2019,2,ZIMA,16.817451919638586,51.51609828376883,9174.104004011042,1850.587210323901
2019-02-27,2019,2,ZIMA,16.880333989526953,51.51609828376883,11707.032333134212,1843.848160628764
2019-02-27,2019,2,ZIMA,16.94321605941532,51.51609828376883,15099.315623834133,1835.8897754162774
2019-02-27,2019,2,ZIMA,17.006098129303687,51.51609828376883,18893.604339632097,1831.5790802087838
2019-02-27,2019,2,ZIMA,17.068980199192055,51.51609828376883,22890.85730996228,1830.7152119776126
2019-02-27,2019,2,ZIMA,16.44015950030839,51.57898035365719,22309.377798593767,1828.4173963396006
2019-02-27,2019,2,ZIMA,16.503041570196757,51.57898035365719,17960.37871340833,1828.417356387568
2019-02-27,2019,2,ZIMA,16.75456984975022,51.57898035365719,1399.9993034286374,1853.335841893612
2019-02-27,2019,2,ZIMA,16.817451919638586,51.57898035365719,4097.049152339476,1853.335815429659
2019-02-27,2019,2,ZIMA,16.880333989526953,51.57898035365719,8342.87147823116,1849.845299142252
2019-02-27,2019,2,ZIMA,16.94321605941532,51.57898035365719,12665.426555374055,1847.9078502622012
2019-02-27,2019,2,ZIMA,17.006098129303687,51.57898035365719,17006.302359631587,1838.6334889137906
2019-02-27,2019,2,ZIMA,17.068980199192055,51.57898035365719,21354.326951061896,1836.7604792195727
2019-02-27,2019,2,ZIMA,17.006098129303687,51.64186242354555,17870.512483347866,1844.9128220071848
2019-02-27,2019,2,ZIMA,17.068980199192055,51.64186242354555,22043.545537886053,1844.9128275436622
2019-02-27,2019,2,ZIMA,16.503041570196757,51.70474449343391,21924.029828531227,1852.963010495256
2019-02-27,2019,2,ZIMA,16.565923640085124,51.70474449343391,18544.554847416206,1852.2233409459059
2019-02-27,2019,2,ZIMA,16.62880570997349,51.70474449343391,15653.26864662927,1851.5467950316274
2019-02-27,2019,2,ZIMA,16.565923640085124,51.767626563322295,23874.360079904105,1845.936988083672
2019-02-27,2019,2,ZIMA,16.62880570997349,51.767626563322295,21708.214615169894,1847.6027590450294
2019-02-28,2019,2,ZIMA,16.63230748547294,51.39033414399208,24040.75037827768,1840.2274844061747
2019-02-28,2019,2,ZIMA,16.695189555361306,51.39033414399208,22774.361202252046,1838.750893171894
2019-02-28,2019,2,ZIMA,16.758071625249674,51.39033414399208,22305.47501033657,1835.876391899484
2019-02-28,2019,2,ZIMA,16.82095369513804,51.39033414399208,22683.599851816612,1850.6205211533
2019-02-28,2019,2,ZIMA,16.883835765026408,51.39033414399208,23868.515249312062,1845.9103266094887
2019-02-28,2019,2,ZIMA,16.50654334569621,51.45321621388044,23396.738235416302,1844.6116992649625
2019-02-28,2019,2,ZIMA,16.63230748547294,51.45321621388044,17740.006059764815,1840.162248144717
2019-02-28,2019,2,ZIMA,16.695189555361306,51.45321621388044,15984.460380881492,1850.851931225698
2019-02-28,2019,2,ZIMA,16.758071625249674,51.45321621388044,15309.953112466403,1851.363078029298
2019-02-28,2019,2,ZIMA,16.82095369513804,51.45321621388044,15855.056231952789,1852.432983398409
2019-02-28,2019,2,ZIMA,16.883835765026408,51.45321621388044,17506.212359873636,1853.99194623622
2019-02-28,2019,2,ZIMA,16.94671783491477,51.45321621388044,19991.21689898653,1853.9919604403112
2019-02-28,2019,2,ZIMA,16.44366127580784,51.51609828376883,23558.084958616277,1849.8277587891223
2019-02-28,2019,2,ZIMA,16.50654334569621,51.51609828376883,19537.84054011882,1849.4241513336453
2019-02-28,2019,2,ZIMA,16.82095369513804,51.51609828376883,9279.50594577174,1852.0099945736486
2019-02-28,2019,2,ZIMA,16.883835765026408,51.51609828376883,11879.320814836998,1853.1173217893108
2019-02-28,2019,2,ZIMA,16.94671783491477,51.51609828376883,15302.66637249264,1853.7521501606875
2019-02-28,2019,2,ZIMA,16.82095369513804,51.57898035365719,4327.607486410343,1847.0327264619345
2019-02-28,2019,2,ZIMA,16.883835765026408,51.57898035365719,8582.63182821231,1848.8258627663365
2019-02-28,2019,2,ZIMA,16.94671783491477,51.57898035365719,12906.850162773397,1851.1618646281916
2019-02-28,2019,2,ZIMA,16.50654334569621,51.70474449343391,21726.73189986778,1853.7130150948956
2019-02-28,2019,2,ZIMA,16.569425415584575,51.70474449343391,18368.400870511905,1853.7130080052027
2019-02-28,2019,2,ZIMA,16.63230748547294,51.70474449343391,15512.327393546435,1853.7130080860136
2019-02-28,2019,2,ZIMA,16.569425415584575,51.767626563322295,23737.980709715666,1850.4148163387163
2019-03-06,2019,3,ZIMA,16.94671783491477,51.51609828376883,15302.66637249264,1820.6015476930365
2019-03-06,2019,3,ZIMA,16.758071625249674,51.57898035365719,1336.6685605293208,1817.3749055590692
2019-03-06,2019,3,ZIMA,16.82095369513804,51.57898035365719,4327.607486410343,1817.2233886718468
2019-03-06,2019,3,ZIMA,16.883835765026408,51.57898035365719,8582.63182821231,1818.2365816655595
2019-03-06,2019,3,ZIMA,16.94671783491477,51.57898035365719,12906.850162773397,1820.601567545443
2019-03-06,2019,3,ZIMA,17.00959990480314,51.57898035365719,17248.297114973437,1820.60154391043
2019-03-06,2019,3,ZIMA,16.695189555361306,51.64186242354555,7303.820656026393,1834.2227191410934
2019-03-06,2019,3,ZIMA,16.758071625249674,51.64186242354555,5685.470440609392,1827.0060511533513
2019-03-06,2019,3,ZIMA,16.82095369513804,51.64186242354555,7017.3089844368305,1817.8553295278095
2019-03-06,2019,3,ZIMA,16.695189555361306,51.70474449343391,13481.59372237837,1837.1467267727767
2019-03-06,2019,3,ZIMA,16.758071625249674,51.70474449343391,12679.166548422323,1837.146728515561
2019-03-06,2019,3,ZIMA,16.82095369513804,51.70474449343391,13328.76158161471,1835.189976430297
2019-03-17,2019,3,ZIMA,16.569425415584575,51.58248212915663,13342.648802047652,1827.1143875760495
2019-03-17,2019,3,ZIMA,16.63230748547294,51.58248212915663,8999.982100435303,1827.1143776683828
2019-03-17,2019,3,ZIMA,16.695189555361306,51.58248212915663,4686.361212939098,1827.1143725518154
2019-03-17,2019,3,ZIMA,16.758071625249674,51.58248212915663,955.6340446854265,1856.636737655836
2019-03-17,2019,3,ZIMA,16.82095369513804,51.58248212915663,4225.33348726178,1856.6369632048995
2019-03-17,2019,3,ZIMA,16.883835765026408,51.58248212915663,8531.272124971134,1853.6099682681656
2019-03-17,2019,3,ZIMA,16.94671783491477,51.58248212915663,12872.477385313714,1852.9140698522244
2019-03-17,2019,3,ZIMA,17.00959990480314,51.58248212915663,17222.299036834087,1835.3315953750464
2019-03-17,2019,3,ZIMA,17.072481974691506,51.58248212915663,21575.524037255404,1835.331661779311
2019-03-17,2019,3,ZIMA,16.44366127580784,51.645364199045005,22833.427458543443,1828.6162148415747
2019-03-17,2019,3,ZIMA,16.50654334569621,51.645364199045005,18670.836259952208,1830.6891075803908
2019-03-17,2019,3,ZIMA,16.569425415584575,51.645364199045005,14620.914161634639,1834.716064453061
2019-03-17,2019,3,ZIMA,16.63230748547294,51.645364199045005,10811.03756000552,1834.4103389026052
2019-03-17,2019,3,ZIMA,16.695189555361306,51.645364199045005,7610.67867851135,1845.4303799968025
2019-03-17,2019,3,ZIMA,16.758071625249674,51.645364199045005,6074.7700478734605,1848.2912798773675
2019-03-17,2019,3,ZIMA,16.82095369513804,51.645364199045005,7336.182673046828,1848.1927573089342
2019-03-17,2019,3,ZIMA,16.883835765026408,51.645364199045005,10424.625206654277,1849.3659835131348
2019-03-17,2019,3,ZIMA,16.94671783491477,51.645364199045005,14193.750338215887,1851.5208736108068
2019-03-17,2019,3,ZIMA,17.00959990480314,51.645364199045005,18226.0444316904,1849.024281442964
2019-03-17,2019,3,ZIMA,17.072481974691506,51.645364199045005,22379.703809617007,1848.7712492832486
2019-03-17,2019,3,ZIMA,16.50654334569621,51.708246268933365,21955.79574466715,1832.7345617004305
2019-03-17,2019,3,ZIMA,16.569425415584575,51.708246268933365,18639.062186498304,1835.050690396834
2019-03-17,2019,3,ZIMA,16.63230748547294,51.708246268933365,15832.127692455048,1834.8306612689084
2019-03-17,2019,3,ZIMA,16.695189555361306,51.708246268933365,13848.533671900286,1845.4519042969425
2019-03-17,2019,3,ZIMA,16.758071625249674,51.708246268933365,13068.718398300038,1845.552573964027
2019-03-17,2019,3,ZIMA,16.82095369513804,51.708246268933365,13699.807199733905,1842.909109174957
2019-03-17,2019,3,ZIMA,16.883835765026408,51.708246268933365,15571.188691936857,1846.2746582031566
2019-03-17,2019,3,ZIMA,16.94671783491477,51.708246268933365,18306.36782848862,1846.3515078504136
2019-03-17,2019,3,ZIMA,17.00959990480314,51.708246268933365,21579.34783450347,1849.7039281162301
2019-03-17,2019,3,ZIMA,16.569425415584575,51.77112833882174,24061.5932906067,1828.9761063220851
2019-03-17,2019,3,ZIMA,16.63230748547294,51.77112833882174,21962.153361324803,1842.3829917111827
2019-03-17,2019,3,ZIMA,16.695189555361306,51.77112833882174,20580.172008800804,1846.6210937500678
2019-03-17,2019,3,ZIMA,16.758071625249674,51.77112833882174,20064.448661743685,1845.7812543990055
2019-03-17,2019,3,ZIMA,16.82095369513804,51.77112833882174,20480.52720140297,1835.2732371651873
2019-03-17,2019,3,ZIMA,16.883835765026408,51.77112833882174,21775.059159180935,1833.5466922058558
2019-03-17,2019,3,ZIMA,16.94671783491477,51.77112833882174,23805.16316977265,1833.533427078331
2019-03-23,2019,3,ZIMA,16.63230748547294,51.40083947049044,22960.126954864292,1840.5883421409383
2019-03-23,2019,3,ZIMA,16.695189555361306,51.40083947049044,21630.877526090502,1840.588376540433
2019-03-23,2019,3,ZIMA,16.758071625249674,51.40083947049044,21136.75458536362,1840.588383666894
2019-03-23,2019,3,ZIMA,16.50654334569621,51.4637215403788,22647.677207307275,1841.5081349206027
2019-03-23,2019,3,ZIMA,16.695189555361306,51.4637215403788,14868.754552299932,1840.5884162372406
2019-03-23,2019,3,ZIMA,16.758071625249674,51.4637215403788,14141.30117215584,1840.5883701697508
2019-03-23,2019,3,ZIMA,16.44366127580784,51.52660361026717,23169.106036063244,1823.5810600293682
2019-03-23,2019,3,ZIMA,16.50654334569621,51.52660361026717,19068.06706619102,1823.5810549397747
2019-03-23,2019,3,ZIMA,16.569425415584575,51.52660361026717,15113.246403111087,1823.5810571860789
2019-03-23,2019,3,ZIMA,16.63230748547294,51.52660361026717,11457.080573087394,1823.581036166358
2019-03-23,2019,3,ZIMA,16.44366127580784,51.58948568015553,22025.784156618203,1836.0712692732588
2019-03-23,2019,3,ZIMA,16.50654334569621,51.58948568015553,17667.982445882684,1826.2647705832144
2019-03-23,2019,3,ZIMA,16.569425415584575,51.58948568015553,13310.256590039357,1823.5810546874363
2019-03-23,2019,3,ZIMA,16.63230748547294,51.58948568015553,8952.722932547227,1830.125468109571
2019-03-23,2019,3,ZIMA,16.695189555361306,51.58948568015553,4595.935998082942,1838.2296041432776
2019-03-23,2019,3,ZIMA,16.44366127580784,51.65236775004391,23051.204701326566,1853.6852593246454
2019-03-23,2019,3,ZIMA,16.50654334569621,51.65236775004391,18937.248299133444,1850.740680132459
2019-03-23,2019,3,ZIMA,16.569425415584575,51.65236775004391,14960.319349349504,1849.3851368787523
2019-03-23,2019,3,ZIMA,16.63230748547294,51.65236775004391,11266.476722222027,1838.229646277242
2019-03-23,2019,3,ZIMA,16.695189555361306,51.65236775004391,8245.392510962301,1838.229613150161
2019-03-23,2019,3,ZIMA,16.758071625249674,51.65236775004391,6853.476800724564,1838.2296142577484
2019-03-23,2019,3,ZIMA,16.50654334569621,51.71524981993227,22427.21492914899,1856.840376025166
2019-03-23,2019,3,ZIMA,16.695189555361306,51.71524981993227,14585.943386997042,1838.2295498754536
2019-03-23,2019,3,ZIMA,16.758071625249674,51.71524981993227,13847.833818649817,1838.2296240064916
2019-06-03,2019,6,LATO,16.862825112029697,51.523101834767715,10303.014807201598,1834.2371826171593
2019-06-03,2019,6,LATO,16.925707181918057,51.523101834767715,13655.822493822387,1834.237168879122
2019-06-03,2019,6,LATO,16.862825112029697,51.58598390465609,7044.82694867206,1834.2371675416764
2019-06-03,2019,6,LATO,16.925707181918057,51.58598390465609,11395.10169031357,1834.237230094021
2019-06-04,2019,6,LATO,16.426152398310577,51.523101834767715,24445.17845883048,1830.127202611256
2019-06-04,2019,6,LATO,16.80344481764078,51.523101834767715,8075.651649937705,1838.0090247458008
2019-06-04,2019,6,LATO,16.866326887529155,51.523101834767715,10470.211718879696,1838.0090381873454
2019-06-04,2019,6,LATO,16.80344481764078,51.58598390465609,2958.024763175277,1838.0089647218933
2019-06-04,2019,6,LATO,16.866326887529155,51.58598390465609,7286.839225247103,1838.0090048184422
2019-06-09,2019,6,LATO,16.614798607975686,51.397337694990995,23813.608073704934,1834.1881011301577
2019-06-09,2019,6,LATO,16.677680677864046,51.397337694990995,22297.764124350146,1834.1880886310403
2019-06-09,2019,6,LATO,16.74056274775242,51.397337694990995,21573.95819268799,1834.1880684472019
2019-06-09,2019,6,LATO,16.614798607975686,51.460219764879355,17740.02485160034,1834.188083403207
2019-06-09,2019,6,LATO,16.677680677864046,51.460219764879355,15649.495259100015,1834.1881376482183
2019-06-09,2019,6,LATO,16.80344481764078,51.460219764879355,14818.071988076592,1837.1539280412505
2019-06-09,2019,6,LATO,16.426152398310577,51.523101834767715,24445.17845883048,1833.4726571198264
2019-06-09,2019,6,LATO,16.74056274775242,51.523101834767715,7671.070689869811,1837.1539643100923
2019-06-09,2019,6,LATO,16.80344481764078,51.523101834767715,8075.651649937705,1837.1539304129385
2019-06-09,2019,6,LATO,16.866326887529155,51.523101834767715,10470.211718879696,1837.1539277987779
2019-06-09,2019,6,LATO,16.614798607975686,51.64886597454445,12038.283355681328,1846.9897423804423
2019-06-09,2019,6,LATO,16.677680677864046,51.64886597454445,8683.69074994786,1846.9897390011959
2019-06-09,2019,6,LATO,16.551916538087312,51.711748044432824,19784.24325381317,1851.3435054123565
2019-06-09,2019,6,LATO,16.614798607975686,51.711748044432824,16855.793913467194,1848.0435414209282
2019-06-09,2019,6,LATO,16.677680677864046,51.711748044432824,14652.657108918882,1847.1978853256514
2019-06-09,2019,6,LATO,16.614798607975686,51.774630114321184,22830.191850846997,1849.8490915171378
2019-06-09,2019,6,LATO,16.677680677864046,51.774630114321184,21257.858795324755,1851.343500300389
2019-06-09,2019,6,LATO,16.866326887529155,51.774630114321184,21700.312866428067,1833.378048563589
2019-06-09,2019,6,LATO,16.929208957417515,51.774630114321184,23513.741779763972,1833.3780510246722
2019-06-11,2019,6,LATO,16.61830038347513,51.40083947049044,23357.325009271568,1820.2345479982657
2019-06-11,2019,6,LATO,16.492536243698396,51.4637215403788,23414.899936381134,1820.1711326501506
2019-06-11,2019,6,LATO,16.55541831358677,51.4637215403788,20109.85804646847,1820.2344970703791
2019-06-11,2019,6,LATO,16.61830038347513,51.4637215403788,17281.293111147876,1820.2345029485873
2019-06-11,2019,6,LATO,16.681182453363505,51.4637215403788,15197.621096555067,1823.1456507077685
2019-06-11,2019,6,LATO,16.429654173810036,51.52660361026717,24095.052840796863,1819.884152781944
2019-06-11,2019,6,LATO,16.492536243698396,51.52660361026717,19972.051812045833,1819.8841512554375
2019-06-11,2019,6,LATO,16.55541831358677,51.52660361026717,15975.901719855694,1819.884158534382
2019-06-11,2019,6,LATO,16.61830038347513,51.52660361026717,12231.57540312029,1827.6293890742397
2019-06-11,2019,6,LATO,16.681182453363505,51.52660361026717,9056.98399072358,1824.8973429542305
2019-06-11,2019,6,LATO,16.744064523251865,51.52660361026717,7244.448058339897,1823.145629882749
2019-06-11,2019,6,LATO,16.80694659314024,51.52660361026717,7808.35931830702,1823.0216985128855
2019-06-11,2019,6,LATO,16.8698286630286,51.52660361026717,10367.949829927013,1822.650368793031
2019-06-11,2019,6,LATO,17.058474872693694,51.52660361026717,21800.896834026396,1841.2696405354939
2019-06-11,2019,6,LATO,16.55541831358677,51.58948568015553,14280.938082559509,1819.8841725493432
2019-06-11,2019,6,LATO,16.61830038347513,51.58948568015553,9923.342104413665,1832.2092275029624
2019-06-11,2019,6,LATO,16.681182453363505,51.58948568015553,5566.263859325466,1832.209154310382
2019-06-11,2019,6,LATO,16.744064523251865,51.58948568015553,1215.305280410641,1830.3854361337415
2019-06-11,2019,6,LATO,16.80694659314024,51.58948568015553,3154.958170320423,1822.4900964457202
2019-06-11,2019,6,LATO,16.8698286630286,51.58948568015553,7510.903373324361,1822.6503906249718
2019-06-11,2019,6,LATO,16.93271073291696,51.58948568015553,11868.30475862019,1822.6504000565142
2019-06-11,2019,6,LATO,16.995592802805334,51.58948568015553,16225.987294598535,1822.650376374725
2019-06-11,2019,6,LATO,17.058474872693694,51.58948568015553,20583.770219831662,1841.2696533203443
2019-06-11,2019,6,LATO,16.744064523251865,51.65236775004391,6954.71461830716,1821.1758911591444
2019-06-11,2019,6,LATO,16.80694659314024,51.65236775004391,7538.772964134258,1818.6073093764708
2019-06-11,2019,6,LATO,16.8698286630286,51.65236775004391,10160.153935915157,1818.7788085937218
2019-06-11,2019,6,LATO,16.93271073291696,51.65236775004391,13695.073376721579,1819.462266606336
2019-06-11,2019,6,LATO,16.995592802805334,51.65236775004391,17601.475417570262,1822.6504092722857
2019-06-11,2019,6,LATO,16.681182453363505,51.71524981993227,14919.219680604592,1817.3203009129413
2019-06-11,2019,6,LATO,16.744064523251865,51.71524981993227,13898.146570305822,1817.3203078445067
2019-06-11,2019,6,LATO,16.80694659314024,51.71524981993227,14199.00697744009,1817.3342478861452
2019-06-11,2019,6,LATO,16.8698286630286,51.71524981993227,15746.209682334471,1817.7331910087692
2019-06-11,2019,6,LATO,16.93271073291696,51.71524981993227,18225.052920267543,1818.7788154273953
2019-06-11,2019,6,LATO,16.8698286630286,51.77813188982064,22148.589657581215,1831.920080228782
2019-06-11,2019,6,LATO,16.93271073291696,51.77813188982064,23971.91232059278,1840.0316290188186
2019-06-14,2019,6,LATO,16.80694659314024,51.397337694990995,21755.481732549466,1854.310180664034
2019-06-14,2019,6,LATO,16.8698286630286,51.397337694990995,22802.55345364161,1854.310184493506
2019-06-17,2019,6,LATO,16.61830038347513,51.65236775004391,12051.126562228537,1819.4206462434963
2019-06-17,2019,6,LATO,16.61830038347513,51.71524981993227,17026.03367518323,1819.4206604809203
2019-06-17,2019,6,LATO,16.681182453363505,51.71524981993227,14919.219680604592,1819.4206522885106
2019-06-17,2019,6,LATO,16.744064523251865,51.71524981993227,13898.146570305822,1819.4206649078603
2019-06-17,2019,6,LATO,16.681182453363505,51.77813188982064,21569.31171970264,1819.4206528482237
2019-06-17,2019,6,LATO,16.744064523251865,51.77813188982064,20877.053939108304,1819.4206570640774
2019-06-17,2019,6,LATO,16.80694659314024,51.77813188982064,21078.258474183043,1819.58590935508
2019-06-17,2019,6,LATO,16.8698286630286,51.77813188982064,22148.589657581215,1823.0117193151457
2019-06-20,2019,6,LATO,16.492536243698396,51.4637215403788,23414.899936381134,1826.984234207995
2019-06-20,2019,6,LATO,16.55541831358677,51.4637215403788,20109.85804646847,1826.9842629322918
2019-06-20,2019,6,LATO,16.492536243698396,51.52660361026717,19972.051812045833,1826.9842191688485
2019-06-20,2019,6,LATO,16.55541831358677,51.52660361026717,15975.901719855694,1826.984243909787
2019-06-20,2019,6,LATO,16.80694659314024,51.52660361026717,7808.35931830702,1836.9160189650474
2019-06-20,2019,6,LATO,16.8698286630286,51.52660361026717,10367.949829927013,1836.9160135532
2019-06-20,2019,6,LATO,16.93271073291696,51.52660361026717,13858.349421879799,1836.9159390684674
2019-06-20,2019,6,LATO,16.681182453363505,51.58948568015553,5566.263859325466,1828.467912995229
2019-06-20,2019,6,LATO,16.744064523251865,51.58948568015553,1215.305280410641,1828.4679130649154
2019-06-20,2019,6,LATO,16.80694659314024,51.58948568015553,3154.958170320423,1836.8668250546266
2019-06-20,2019,6,LATO,16.8698286630286,51.58948568015553,7510.903373324361,1836.9160156249718
2019-06-20,2019,6,LATO,16.61830038347513,51.65236775004391,12051.126562228537,1830.0583745894135
2019-06-20,2019,6,LATO,16.681182453363505,51.65236775004391,8822.33065588357,1829.9360452397611
2019-06-20,2019,6,LATO,16.744064523251865,51.65236775004391,6954.71461830716,1832.0363770766257
2019-06-20,2019,6,LATO,16.80694659314024,51.65236775004391,7538.772964134258,1833.9086626463436
2019-06-20,2019,6,LATO,16.8698286630286,51.65236775004391,10160.153935915157,1832.0445049996956
2019-06-20,2019,6,LATO,16.61830038347513,51.71524981993227,17026.03367518323,1833.5515599162093
2019-06-20,2019,6,LATO,16.681182453363505,51.71524981993227,14919.219680604592,1831.0382064407138
2019-06-20,2019,6,LATO,16.744064523251865,51.71524981993227,13898.146570305822,1838.869926488187
2019-06-20,2019,6,LATO,16.80694659314024,51.71524981993227,14199.00697744009,1841.4377521544388
2019-06-20,2019,6,LATO,16.8698286630286,51.71524981993227,15746.209682334471,1841.4377038484133
2019-06-20,2019,6,LATO,16.61830038347513,51.77813188982064,23074.759292339393,1837.0591093880207
2019-06-20,2019,6,LATO,16.681182453363505,51.77813188982064,21569.31171970264,1835.8607993006203
2019-06-24,2019,6,LATO,16.614798607975686,51.397337694990995,23813.608073704934,1835.3978585498514
2019-06-24,2019,6,LATO,16.677680677864046,51.397337694990995,22297.764124350146,1836.5223349398623
2019-06-24,2019,6,LATO,16.74056274775242,51.397337694990995,21573.95819268799,1836.2473160282061
2019-06-24,2019,6,LATO,16.489034468198952,51.460219764879355,23845.008232145603,1832.6917244821084
2019-06-24,2019,6,LATO,16.551916538087312,51.460219764879355,20557.26317336872,1832.390089288649
2019-06-24,2019,6,LATO,16.614798607975686,51.460219764879355,17740.02485160034,1839.146853028046
2019-06-24,2019,6,LATO,16.677680677864046,51.460219764879355,15649.495259100015,1839.1827322216157
2019-06-24,2019,6,LATO,16.74056274775242,51.460219764879355,14601.221303591914,1851.6323283209695
2019-06-24,2019,6,LATO,16.80344481764078,51.460219764879355,14818.071988076592,1851.6323156016501
2019-06-24,2019,6,LATO,16.426152398310577,51.523101834767715,24445.17845883048,1834.5552689870199
2019-06-24,2019,6,LATO,16.489034468198952,51.523101834767715,20340.743005335,1827.36035156244
2019-06-24,2019,6,LATO,16.551916538087312,51.523101834767715,16369.578958925387,1827.3603528193626
2019-06-24,2019,6,LATO,16.426152398310577,51.58598390465609,23245.79847840675,1833.8913755926783
2019-06-24,2019,6,LATO,16.489034468198952,51.58598390465609,18889.13814833376,1827.3603512662376
2019-06-24,2019,6,LATO,16.551916538087312,51.58598390465609,14533.331045684508,1827.360350703343
2019-06-24,2019,6,LATO,16.677680677864046,51.58598390465609,5831.962883563788,1847.952506746098
2019-06-24,2019,6,LATO,16.74056274775242,51.58598390465609,1545.2607631434475,1847.9525149832862
2019-06-24,2019,6,LATO,16.614798607975686,51.64886597454445,12038.283355681328,1852.4481972844933
2019-06-24,2019,6,LATO,16.677680677864046,51.64886597454445,8683.69074994786,1851.2514745644553
2019-06-24,2019,6,LATO,16.74056274775242,51.64886597454445,6620.143809888704,1849.5881987048012
2019-06-24,2019,6,LATO,16.489034468198952,51.711748044432824,23164.537143974856,1849.665282583385
2019-06-24,2019,6,LATO,16.551916538087312,51.711748044432824,19784.24325381317,1849.6652936997777
2019-06-24,2019,6,LATO,16.614798607975686,51.711748044432824,16855.793913467194,1853.447845872053
2019-06-24,2019,6,LATO,16.677680677864046,51.711748044432824,14652.657108918882,1853.7984619140018
2019-06-24,2019,6,LATO,16.74056274775242,51.711748044432824,13533.807197637847,1853.7984817328725
2019-06-26,2019,6,LATO,16.80344481764078,51.40083947049044,21335.48709556919,1834.9811868862948
2019-06-26,2019,6,LATO,16.866326887529155,51.40083947049044,22354.663010638676,1832.4413260558283
2019-06-26,2019,6,LATO,16.929208957417515,51.40083947049044,24132.945339994152,1826.3527064756083
2019-06-26,2019,6,LATO,16.80344481764078,51.4637215403788,14436.253925872035,1835.4148073941526
2019-06-26,2019,6,LATO,16.866326887529155,51.4637215403788,15901.958375980237,1835.4147966562707
2019-06-26,2019,6,LATO,16.929208957417515,51.4637215403788,18314.666201500986,1835.414779038448
2019-06-26,2019,6,LATO,17.05497309719425,51.4637215403788,24795.16124864444,1815.0104992079298
2019-06-27,2019,6,LATO,17.05497309719425,51.52660361026717,21571.598166640877,1830.4747002372767
2019-06-27,2019,6,LATO,17.05497309719425,51.58948568015553,20341.092594536985,1830.474730626547
2019-06-27,2019,6,LATO,17.11785516708261,51.58948568015553,24698.91914071422,1830.4747314453477
2019-07-26,2019,7,LATO,17.05497309719425,51.523101834767715,21704.456153907067,1846.9206110305624
2019-07-26,2019,7,LATO,17.05497309719425,51.58598390465609,20348.4180571115,1846.9205721269152
2019-07-26,2019,7,LATO,17.11785516708261,51.58598390465609,24705.257869537152,1846.9205370495897
2019-08-24,2019,8,LATO,16.810448368639683,51.40083947049044,21407.357711274257,1860.0561608997584
2019-08-24,2019,8,LATO,16.873330438528058,51.40083947049044,22517.788621954765,1860.0561553259602
2019-08-24,2019,8,LATO,16.936212508416418,51.40083947049044,24371.434013873666,1860.0561149308428
2019-08-24,2019,8,LATO,16.810448368639683,51.4637215403788,14542.116957387956,1860.0561654132202
2019-08-24,2019,8,LATO,16.873330438528058,51.4637215403788,16130.160751311088,1860.05615024081
2019-08-24,2019,8,LATO,16.936212508416418,51.4637215403788,18627.36911498288,1860.0562027757005
2019-08-28,2019,8,LATO,16.936212508416418,51.40083947049044,24371.434013873666,1867.584236239561
2019-08-28,2019,8,LATO,16.873330438528058,51.4637215403788,16130.160751311088,1867.5842603066756
2019-08-28,2019,8,LATO,16.936212508416418,51.4637215403788,18627.36911498288,1867.5842301593432
2019-08-28,2019,8,LATO,16.999094578304778,51.4637215403788,21722.42063875436,1867.5842369702243
2019-08-30,2019,8,LATO,16.499539794697306,51.4637215403788,23029.35472829422,1874.9662532729642
2019-08-30,2019,8,LATO,16.499539794697306,51.52660361026717,19519.24975711747,1848.647643424487
2019-08-30,2019,8,LATO,16.562421864585673,51.52660361026717,15542.970084549721,1861.32449423094
2019-08-30,2019,8,LATO,16.62530393447404,51.52660361026717,11840.69922605567,1863.5134277344434
2019-08-30,2019,8,LATO,16.6881860043624,51.52660361026717,8766.751269070008,1863.5134882230436
2019-08-30,2019,8,LATO,16.43665772480894,51.58948568015553,22511.14117055714,1857.373300047564
2019-08-30,2019,8,LATO,16.499539794697306,51.58948568015553,18153.33410734198,1851.6048517916836
2019-08-30,2019,8,LATO,16.562421864585673,51.58948568015553,13795.596382798614,1847.2054650440919
2019-08-30,2019,8,LATO,16.62530393447404,51.58948568015553,9438.029497807156,1851.5681289560955
2019-08-30,2019,8,LATO,16.43665772480894,51.65236775004391,23514.771816975754,1870.7434055840165
2019-08-30,2019,8,LATO,16.499539794697306,51.65236775004391,19390.237141888167,1869.7104594762684
2019-08-30,2019,8,LATO,16.562421864585673,51.65236775004391,15393.132636787168,1862.644152005483
2019-08-30,2019,8,LATO,16.62530393447404,51.65236775004391,11655.312831650608,1875.5078151193927
2019-08-30,2019,8,LATO,16.6881860043624,51.65236775004391,8524.948698045411,1876.014034120232
2019-08-30,2019,8,LATO,16.751068074250767,51.65236775004391,6887.223230275409,1876.0140581075166
2019-08-30,2019,8,LATO,16.499539794697306,51.71524981993227,22810.47684483469,1870.743392964789
2019-08-30,2019,8,LATO,16.562421864585673,51.71524981993227,19531.45218572438,1871.6241294442307
2019-08-30,2019,8,LATO,16.62530393447404,51.71524981993227,16748.596771988185,1876.0140177128435
2019-08-30,2019,8,LATO,16.6881860043624,51.71524981993227,14745.55861956361,1876.01403372089
2019-08-30,2019,8,LATO,16.751068074250767,51.71524981993227,13864.543244300905,1876.0140349213461
2019-08-31,2019,8,LATO,16.63230748547294,51.40083947049044,22960.126954864292,1851.049192109389
2019-08-31,2019,8,LATO,16.50654334569621,51.4637215403788,22647.677207307275,1856.827880545271
2019-08-31,2019,8,LATO,16.569425415584575,51.4637215403788,19430.65279204185,1851.949695700332
2019-08-31,2019,8,LATO,16.63230748547294,51.4637215403788,16741.299838130057,1851.0605929110332
2019-08-31,2019,8,LATO,16.695189555361306,51.4637215403788,14868.754552299932,1851.0492028901674
2019-08-31,2019,8,LATO,16.758071625249674,51.4637215403788,14141.30117215584,1851.0492582496754
2019-08-31,2019,8,LATO,16.82095369513804,51.4637215403788,14729.58390777345,1860.7911643460673
2019-08-31,2019,8,LATO,16.44366127580784,51.52660361026717,23169.106036063244,1843.9174528308959
2019-08-31,2019,8,LATO,16.50654334569621,51.52660361026717,19068.06706619102,1843.3496744398744
2019-08-31,2019,8,LATO,16.569425415584575,51.52660361026717,15113.246403111087,1846.1407637164948
2019-08-31,2019,8,LATO,16.63230748547294,51.52660361026717,11457.080573087394,1851.3602889582091
2019-08-31,2019,8,LATO,16.695189555361306,51.52660361026717,8494.393021157723,1853.565921993449
2019-08-31,2019,8,LATO,16.758071625249674,51.52660361026717,7147.044934713422,1852.176271497454
2019-08-31,2019,8,LATO,16.82095369513804,51.52660361026717,8248.706015929743,1862.6118674749448
2019-08-31,2019,8,LATO,16.883835765026408,51.52660361026717,11092.229452792053,1860.9477023932832
2019-08-31,2019,8,LATO,16.94671783491477,51.52660361026717,14699.302837250076,1860.7911375039337
2019-08-31,2019,8,LATO,17.00959990480314,51.52660361026717,18631.610460263633,1860.7911568677184
2019-08-31,2019,8,LATO,16.44366127580784,51.58948568015553,22025.784156618203,1844.946635138948
2019-08-31,2019,8,LATO,16.50654334569621,51.58948568015553,17667.982445882684,1844.3885312826767
2019-08-31,2019,8,LATO,16.569425415584575,51.58948568015553,13310.256590039357,1843.3835340771896
2019-08-31,2019,8,LATO,16.63230748547294,51.58948568015553,8952.722932547227,1843.18957519538
2019-08-31,2019,8,LATO,16.695189555361306,51.58948568015553,4595.935998082942,1850.9700474120978
2019-08-31,2019,8,LATO,16.758071625249674,51.58948568015553,277.69329068147516,1855.2050013447597
2019-08-31,2019,8,LATO,16.82095369513804,51.58948568015553,4124.890416239718,1860.021460407502
2019-08-31,2019,8,LATO,16.883835765026408,51.58948568015553,8481.476135674528,1862.6556044791953
2019-08-31,2019,8,LATO,16.94671783491477,51.58948568015553,12838.97279331703,1861.8858678088031
2019-08-31,2019,8,LATO,17.00959990480314,51.58948568015553,17196.685933022323,1860.7911372375552
2019-08-31,2019,8,LATO,17.072481974691506,51.58948568015553,21554.48200986264,1861.107168131225
2019-08-31,2019,8,LATO,16.44366127580784,51.65236775004391,23051.204701326566,1858.8819752429824
2019-08-31,2019,8,LATO,16.50654334569621,51.65236775004391,18937.248299133444,1852.6970791614694
2019-08-31,2019,8,LATO,16.569425415584575,51.65236775004391,14960.319349349504,1848.7905435848977
2019-08-31,2019,8,LATO,16.63230748547294,51.65236775004391,11266.476722222027,1845.2793554561579
2019-08-31,2019,8,LATO,16.695189555361306,51.65236775004391,8245.392510962301,1843.6036211963933
2019-08-31,2019,8,LATO,16.82095369513804,51.65236775004391,7992.764094764516,1856.2725984960182
2019-08-31,2019,8,LATO,16.883835765026408,51.65236775004391,10896.285673413891,1856.272582226513
2019-08-31,2019,8,LATO,16.94671783491477,51.65236775004391,14543.193254773298,1856.6859466446826
2019-08-31,2019,8,LATO,17.00959990480314,51.65236775004391,18498.931613833585,1862.0860264745977
2019-08-31,2019,8,LATO,17.072481974691506,51.65236775004391,22601.923186798995,1861.9801995409905
2019-08-31,2019,8,LATO,16.50654334569621,51.71524981993227,22427.21492914899,1866.2536992377395
2019-08-31,2019,8,LATO,16.569425415584575,51.71524981993227,19192.666442319347,1852.945731448989
2019-08-31,2019,8,LATO,16.63230748547294,51.71524981993227,16480.747203902352,1851.8686802205907
2019-08-31,2019,8,LATO,16.883835765026408,51.71524981993227,16230.278648697753,1856.2726044411013
2019-08-31,2019,8,LATO,16.94671783491477,51.71524981993227,18869.785601048578,1856.2725813425484
2019-08-31,2019,8,LATO,17.00959990480314,51.71524981993227,22058.870945944283,1860.8777509201443
2019-08-31,2019,8,LATO,16.569425415584575,51.77813188982064,24714.534512347887,1862.1857634081562
2019-08-31,2019,8,LATO,16.94671783491477,51.77813188982064,24464.98800502619,1859.4918419630437
2020-02-08,2020,2,ZIMA,16.62880570997349,51.39033414399208,24132.56253846387,1814.5288486417785
2020-02-08,2020,2,ZIMA,16.69168777986186,51.39033414399208,22824.767038267706,1820.225247273338
2020-02-08,2020,2,ZIMA,16.75456984975022,51.39033414399208,22309.375774318905,1819.446667923777
2020-02-08,2020,2,ZIMA,16.817451919638586,51.39033414399208,22640.567670053617,1819.6572176027523
2020-02-08,2020,2,ZIMA,16.880333989526953,51.39033414399208,23783.002108405184,1819.656676198789
2020-02-08,2020,2,ZIMA,16.503041570196757,51.45321621388044,23581.077953511707,1817.7320411828052
2020-02-08,2020,2,ZIMA,16.565923640085124,51.45321621388044,20458.436816040445,1818.2029859145327
2020-02-08,2020,2,ZIMA,16.62880570997349,51.45321621388044,17864.060187992847,1822.1186134073284
2020-02-08,2020,2,ZIMA,16.69168777986186,51.45321621388044,16056.097989486343,1818.2989827882927
2020-02-08,2020,2,ZIMA,16.75456984975022,51.45321621388044,15315.627883456851,1823.110155869116
2020-02-08,2020,2,ZIMA,16.817451919638586,51.45321621388044,15793.514056679513,1825.635686046636
2020-02-08,2020,2,ZIMA,16.44015950030839,51.51609828376883,23785.498505187956,1819.608224819645
2020-02-08,2020,2,ZIMA,16.503041570196757,51.51609828376883,19757.914628789506,1819.4135758558073
2020-02-08,2020,2,ZIMA,16.565923640085124,51.51609828376883,15907.373286362195,1820.22241127395
2020-02-08,2020,2,ZIMA,16.62880570997349,51.51609828376883,12399.921850519919,1824.7996777581209
2020-02-08,2020,2,ZIMA,16.69168777986186,51.51609828376883,9618.51826801077,1826.8535348324438
2020-02-08,2020,2,ZIMA,16.75456984975022,51.51609828376883,8325.742428621463,1829.1803796536353
2020-02-08,2020,2,ZIMA,16.817451919638586,51.51609828376883,9174.104004011042,1830.3187491187236
2020-02-08,2020,2,ZIMA,16.44015950030839,51.57898035365719,22309.377798593767,1800.1037502482725
2020-02-08,2020,2,ZIMA,16.503041570196757,51.57898035365719,17960.37871340833,1798.3534547791694
2020-02-08,2020,2,ZIMA,16.565923640085124,51.57898035365719,13617.404822140948,1816.2478596078017
2020-02-08,2020,2,ZIMA,16.62880570997349,51.57898035365719,9288.916562767508,1816.7307128906912
2020-02-08,2020,2,ZIMA,16.69168777986186,51.57898035365719,5012.588919209262,1820.6014912720943
2020-02-08,2020,2,ZIMA,16.75456984975022,51.57898035365719,1399.9993034286374,1822.0090047168635
2020-02-08,2020,2,ZIMA,16.817451919638586,51.57898035365719,4097.049152339476,1825.2361298618962
2020-02-08,2020,2,ZIMA,16.880333989526953,51.57898035365719,8342.87147823116,1827.984781018714
2020-02-08,2020,2,ZIMA,16.94321605941532,51.57898035365719,12665.426555374055,1827.7886196370173
2020-02-08,2020,2,ZIMA,17.006098129303687,51.57898035365719,17006.302359631587,1829.7475032472992
2020-02-08,2020,2,ZIMA,17.068980199192055,51.57898035365719,21354.326951061896,1828.6595669342394
2020-02-08,2020,2,ZIMA,16.44015950030839,51.64186242354555,22968.704488944466,1828.4175988104312
2020-02-08,2020,2,ZIMA,16.503041570196757,51.64186242354555,18779.51120392489,1827.3564325506534
2020-02-08,2020,2,ZIMA,16.565923640085124,51.64186242354555,14687.337978946705,1815.0536017797453
2020-02-08,2020,2,ZIMA,16.62880570997349,51.64186242354555,10803.011787778565,1814.6248014966916
2020-02-08,2020,2,ZIMA,16.69168777986186,51.64186242354555,7458.6619369363725,1828.9101188409813
2020-02-08,2020,2,ZIMA,16.75456984975022,51.64186242354555,5700.671005645907,1828.0742194889801
2020-02-08,2020,2,ZIMA,16.817451919638586,51.64186242354555,6877.713124472197,1827.5929514494223
2020-02-08,2020,2,ZIMA,16.880333989526953,51.64186242354555,10002.381498184013,1827.8530427333635
2020-02-08,2020,2,ZIMA,16.94321605941532,51.64186242354555,13810.566952387238,1841.321397199097
2020-02-08,2020,2,ZIMA,17.006098129303687,51.64186242354555,17870.512483347866,1846.8695068359093
2020-02-08,2020,2,ZIMA,17.068980199192055,51.64186242354555,22043.545537886053,1843.383934522844
2020-02-08,2020,2,ZIMA,16.503041570196757,51.70474449343391,21924.029828531227,1824.183221096255
2020-02-08,2020,2,ZIMA,16.565923640085124,51.70474449343391,18544.554847416206,1816.4519148321872
2020-02-08,2020,2,ZIMA,16.62880570997349,51.70474449343391,15653.26864662927,1816.4585844055687
2020-02-08,2020,2,ZIMA,16.69168777986186,51.70474449343391,13565.988451621677,1833.8438517628056
2020-02-08,2020,2,ZIMA,16.75456984975022,51.70474449343391,12685.980479552787,1834.021211059762
2020-02-08,2020,2,ZIMA,16.817451919638586,51.70474449343391,13255.900035496014,1826.5515834900102
2020-02-08,2020,2,ZIMA,16.880333989526953,51.70474449343391,15112.59324189347,1827.186108163452
2020-02-08,2020,2,ZIMA,16.94321605941532,51.70474449343391,17859.14262116209,1834.9530029979578
2020-02-08,2020,2,ZIMA,17.006098129303687,51.70474449343391,21151.69893885063,1836.7278299054692
2020-02-08,2020,2,ZIMA,17.068980199192055,51.70474449343391,24773.504994530504,1834.90900673888
2020-02-08,2020,2,ZIMA,16.565923640085124,51.767626563322295,23874.360079904105,1816.0393477526052
2020-02-08,2020,2,ZIMA,16.62880570997349,51.767626563322295,21708.214615169894,1823.6181586937344
2020-02-08,2020,2,ZIMA,16.69168777986186,51.767626563322295,20256.910366016018,1831.6788786981288
2020-02-08,2020,2,ZIMA,16.75456984975022,51.767626563322295,19679.240479065716,1831.2442498236467
2020-02-08,2020,2,ZIMA,16.817451919638586,51.767626563322295,20050.855201186074,1827.7800359936175
2020-02-08,2020,2,ZIMA,16.880333989526953,51.767626563322295,21322.179027900544,1838.3534085125277
2020-02-08,2020,2,ZIMA,16.94321605941532,51.767626563322295,23346.69471159949,1841.7478305181007
2020-02-09,2020,2,ZIMA,16.44366127580784,51.57898035365719,22067.09312874936,1829.7026810405127
2020-02-09,2020,2,ZIMA,16.50654334569621,51.57898035365719,17718.327792455035,1830.152706680446
2020-02-09,2020,2,ZIMA,16.44366127580784,51.64186242354555,22733.774236944053,1849.1709294789553
2020-02-09,2020,2,ZIMA,16.50654334569621,51.64186242354555,18548.47434255549,1849.1381789749
2020-02-09,2020,2,ZIMA,16.50654334569621,51.70474449343391,21726.73189986778,1851.8232397261716
2020-02-09,2020,2,ZIMA,16.569425415584575,51.767626563322295,23737.980709715666,1828.917114088624
2020-02-09,2020,2,ZIMA,16.63230748547294,51.767626563322295,21606.947002294517,1830.2822238207598
2020-02-09,2020,2,ZIMA,16.695189555361306,51.767626563322295,20200.56706752922,1830.2822083818119
2020-02-20,2020,2,ZIMA,16.63230748547294,51.39033414399208,24040.75037827768,1837.8259892128006
2020-02-20,2020,2,ZIMA,16.695189555361306,51.39033414399208,22774.361202252046,1841.509998881817
2020-02-20,2020,2,ZIMA,16.758071625249674,51.39033414399208,22305.47501033657,1852.6959311308979
2020-02-20,2020,2,ZIMA,16.82095369513804,51.39033414399208,22683.599851816612,1852.9019855796516
2020-02-20,2020,2,ZIMA,16.883835765026408,51.39033414399208,23868.515249312062,1843.332753790398
2020-02-20,2020,2,ZIMA,16.50654334569621,51.45321621388044,23396.738235416302,1851.5634249327084
2020-02-20,2020,2,ZIMA,16.569425415584575,51.45321621388044,20298.01174458644,1848.5577410562214
2020-02-20,2020,2,ZIMA,16.63230748547294,51.45321621388044,17740.006059764815,1849.3713378906925
2020-02-20,2020,2,ZIMA,16.695189555361306,51.45321621388044,15984.460380881492,1845.4623410808117
2020-02-20,2020,2,ZIMA,16.44366127580784,51.51609828376883,23558.084958616277,1848.1760812373075
2020-02-20,2020,2,ZIMA,16.50654334569621,51.51609828376883,19537.84054011882,1852.9891975035816
2020-02-20,2020,2,ZIMA,16.569425415584575,51.51609828376883,15700.8009096385,1843.3454615282797
2020-02-20,2020,2,ZIMA,16.63230748547294,51.51609828376883,12220.773060573265,1843.865336708013
2020-02-20,2020,2,ZIMA,16.44366127580784,51.57898035365719,22067.09312874936,1838.369256428776
2020-02-20,2020,2,ZIMA,16.50654334569621,51.57898035365719,17718.327792455035,1837.4090400582302
2020-02-20,2020,2,ZIMA,16.569425415584575,51.57898035365719,13375.848816009768,1832.7761416448157
2020-02-20,2020,2,ZIMA,16.63230748547294,51.57898035365719,9048.716728001045,1834.4187194558692
2020-02-20,2020,2,ZIMA,16.44366127580784,51.64186242354555,22733.774236944053,1845.6061552483657
2020-02-20,2020,2,ZIMA,16.50654334569621,51.64186242354555,18548.47434255549,1858.0523088448392
2020-02-20,2020,2,ZIMA,16.569425415584575,51.64186242354555,14463.97307729854,1860.324832286817
2020-02-20,2020,2,ZIMA,16.50654334569621,51.70474449343391,21726.73189986778,1850.5356445311893
2020-02-20,2020,2,ZIMA,16.569425415584575,51.70474449343391,18368.400870511905,1853.9207756339047
2020-02-20,2020,2,ZIMA,16.63230748547294,51.767626563322295,21606.947002294517,1862.3474362966251
2020-02-20,2020,2,ZIMA,16.695189555361306,51.767626563322295,20200.56706752922,1862.3474164314034
2020-02-20,2020,2,ZIMA,16.758071625249674,51.767626563322295,19674.85473951676,1862.3474080167332
2020-03-05,2020,3,ZIMA,16.63230748547294,51.45321621388044,17740.006059764815,1848.0330969041488
2020-03-05,2020,3,ZIMA,16.695189555361306,51.45321621388044,15984.460380881492,1848.0330127028221
2020-03-05,2020,3,ZIMA,16.569425415584575,51.51609828376883,15700.8009096385,1849.9632585103436
2020-03-05,2020,3,ZIMA,16.63230748547294,51.51609828376883,12220.773060573265,1848.6146720509298
2020-03-05,2020,3,ZIMA,16.695189555361306,51.51609828376883,9498.617637244897,1848.033084122902
2020-03-05,2020,3,ZIMA,16.758071625249674,51.51609828376883,8315.313151789731,1848.0330899703179
2020-03-05,2020,3,ZIMA,16.50654334569621,51.57898035365719,17718.327792455035,1855.185296918
2020-03-05,2020,3,ZIMA,16.569425415584575,51.57898035365719,13375.848816009768,1855.140798167449
2020-03-05,2020,3,ZIMA,16.63230748547294,51.57898035365719,9048.716728001045,1853.5062208195195
2020-03-05,2020,3,ZIMA,16.695189555361306,51.57898035365719,4778.811626111381,1850.3544917737638
2020-03-05,2020,3,ZIMA,16.758071625249674,51.57898035365719,1336.6685605293208,1849.770285622847
2020-03-05,2020,3,ZIMA,16.82095369513804,51.57898035365719,4327.607486410343,1848.033081054659
2020-03-05,2020,3,ZIMA,16.883835765026408,51.57898035365719,8582.63182821231,1848.0330585891843
2020-03-05,2020,3,ZIMA,16.63230748547294,51.64186242354555,10597.473779019278,1855.1852333122956
2020-03-05,2020,3,ZIMA,16.695189555361306,51.64186242354555,7303.820656026393,1855.1852916036291
2020-03-05,2020,3,ZIMA,16.758071625249674,51.64186242354555,5685.470440609392,1855.1375547910488
2020-03-05,2020,3,ZIMA,16.82095369513804,51.64186242354555,7017.3089844368305,1852.112299343238
2020-03-05,2020,3,ZIMA,16.883835765026408,51.64186242354555,10202.945413633863,1861.5910657307327
2020-03-05,2020,3,ZIMA,16.94671783491477,51.64186242354555,14031.998661490588,1861.5910589331068
2020-03-05,2020,3,ZIMA,16.695189555361306,51.70474449343391,13481.59372237837,1855.1853188108912
2020-03-05,2020,3,ZIMA,16.758071625249674,51.70474449343391,12679.166548422323,1855.1853253843362
2020-03-05,2020,3,ZIMA,16.82095369513804,51.70474449343391,13328.76158161471,1856.2915933920904
2020-03-05,2020,3,ZIMA,16.883835765026408,51.70474449343391,15245.895114827508,1860.7440872441127
2020-03-05,2020,3,ZIMA,16.94671783491477,51.70474449343391,18030.686749865705,1861.5910644531607
2020-03-05,2020,3,ZIMA,17.00959990480314,51.70474449343391,21346.215108421282,1861.5910631947636
2020-03-05,2020,3,ZIMA,16.883835765026408,51.767626563322295,21416.735201237527,1856.4835076164845
2020-03-05,2020,3,ZIMA,16.94671783491477,51.767626563322295,23477.99608168023,1856.483525206198
2020-03-17,2020,3,ZIMA,16.62880570997349,51.397337694990995,23414.016585733578,1852.5711593125159
2020-03-17,2020,3,ZIMA,16.69168777986186,51.397337694990995,22063.88379565311,1844.601056047326
2020-03-17,2020,3,ZIMA,16.75456984975022,51.397337694990995,21530.368772371374,1842.528147168029
2020-03-17,2020,3,ZIMA,16.817451919638586,51.397337694990995,21873.307059292492,1839.0546816473704
2020-03-17,2020,3,ZIMA,16.880333989526953,51.397337694990995,23053.618918125285,1844.902590467514
2020-03-17,2020,3,ZIMA,16.503041570196757,51.460219764879355,23081.788443822483,1855.0393605384088
2020-03-17,2020,3,ZIMA,16.565923640085124,51.460219764879355,19881.408182050945,1848.0471849763276
2020-03-17,2020,3,ZIMA,16.62880570997349,51.460219764879355,17200.65707870494,1847.4983549436774
2020-03-17,2020,3,ZIMA,16.69168777986186,51.460219764879355,15314.88229812874,1858.1893310547555
2020-03-17,2020,3,ZIMA,16.75456984975022,51.460219764879355,14536.827372313592,1858.1065653250475
2020-03-17,2020,3,ZIMA,16.44015950030839,51.523101834767715,23522.913253362145,1837.7462244525398
2020-03-17,2020,3,ZIMA,16.503041570196757,51.523101834767715,19441.697397995245,1842.6635244041447
2020-03-17,2020,3,ZIMA,16.565923640085124,51.523101834767715,15513.54212454046,1854.2315476074054
2020-03-17,2020,3,ZIMA,16.62880570997349,51.523101834767715,11891.12021307515,1854.5702656153649
2020-03-17,2020,3,ZIMA,16.69168777986186,51.523101834767715,8953.543779319723,1857.791663864118
2020-03-17,2020,3,ZIMA,16.75456984975022,51.523101834767715,7547.952860866032,1852.2184246783029
2020-03-17,2020,3,ZIMA,16.817451919638586,51.523101834767715,8474.403525390493,1847.8142455474765
2020-03-17,2020,3,ZIMA,16.503041570196757,51.58598390465609,17918.777804094727,1854.2784176511375
2020-03-17,2020,3,ZIMA,16.565923640085124,51.58598390465609,13563.266202874287,1854.3772383868197
2020-03-17,2020,3,ZIMA,16.62880570997349,51.58598390465609,9210.19479805672,1854.556490544315
2020-03-17,2020,3,ZIMA,16.69168777986186,51.58598390465609,4866.124299903999,1853.7610068224633
2020-03-17,2020,3,ZIMA,16.75456984975022,51.58598390465609,718.7967638404122,1850.9490775583429
2020-03-17,2020,3,ZIMA,16.817451919638586,51.58598390465609,3916.658201947574,1852.7034728467188
2020-03-17,2020,3,ZIMA,16.880333989526953,51.58598390465609,8255.288359509394,1855.1086429971815
2020-03-17,2020,3,ZIMA,16.94321605941532,51.58598390465609,12607.353093584305,1854.8570376107677
2020-03-17,2020,3,ZIMA,17.006098129303687,51.58598390465609,16962.512864738612,1854.5699515252695
2020-03-17,2020,3,ZIMA,17.068980199192055,51.58598390465609,21318.868699757328,1858.9558445163757
2020-03-17,2020,3,ZIMA,16.565923640085124,51.64886597454445,15004.989823223026,1869.4909630694124
2020-03-17,2020,3,ZIMA,16.62880570997349,51.64886597454445,11231.747416381291,1869.4909654165144
2020-03-17,2020,3,ZIMA,16.69168777986186,51.64886597454445,8067.722857320884,1855.7921094167214
2020-03-17,2020,3,ZIMA,16.75456984975022,51.64886597454445,6477.479199931528,1854.1904093045139
2020-03-17,2020,3,ZIMA,16.817451919638586,51.64886597454445,7533.972328492395,1858.9086690961549
2020-03-17,2020,3,ZIMA,16.880333989526953,51.64886597454445,10464.095361558122,1861.4908995360988
2020-03-17,2020,3,ZIMA,16.62880570997349,51.711748044432824,16290.35549268716,1869.4909407461291
2020-03-17,2020,3,ZIMA,16.69168777986186,51.711748044432824,14296.724468087103,1861.8991957923495
2020-03-17,2020,3,ZIMA,16.75456984975022,51.711748044432824,13464.692933223812,1860.6118961512818
2020-03-17,2020,3,ZIMA,16.817451919638586,51.711748044432824,14002.873213482273,1858.486550248305
2020-03-17,2020,3,ZIMA,16.880333989526953,51.711748044432824,15771.617173893384,1856.181633252398
2020-03-17,2020,3,ZIMA,16.817451919638586,51.774630114321184,20815.919041644414,1864.0313228453952
2020-03-25,2020,3,ZIMA,16.50654334569621,51.4637215403788,22647.677207307275,1870.2498811395162
2020-03-25,2020,3,ZIMA,16.569425415584575,51.4637215403788,19430.65279204185,1870.2498838945746
2020-03-25,2020,3,ZIMA,16.63230748547294,51.4637215403788,16741.299838130057,1870.2498714924427
2020-03-25,2020,3,ZIMA,16.695189555361306,51.4637215403788,14868.754552299932,1865.598152543493
2020-03-25,2020,3,ZIMA,16.758071625249674,51.4637215403788,14141.30117215584,1865.598128037041
2020-03-25,2020,3,ZIMA,16.569425415584575,51.52660361026717,15113.246403111087,1870.2498496850242
2020-03-25,2020,3,ZIMA,16.63230748547294,51.52660361026717,11457.080573087394,1869.299675308873
2020-03-25,2020,3,ZIMA,16.695189555361306,51.52660361026717,8494.393021157723,1869.21484120199
2020-03-25,2020,3,ZIMA,16.758071625249674,51.52660361026717,7147.044934713422,1868.8800041835038
2020-03-25,2020,3,ZIMA,16.82095369513804,51.52660361026717,8248.706015929743,1870.3067901852546
2020-03-25,2020,3,ZIMA,16.695189555361306,51.58948568015553,4595.935998082942,1869.2148671490995
2020-03-25,2020,3,ZIMA,16.758071625249674,51.58948568015553,277.69329068147516,1869.214861196413
2020-03-25,2020,3,ZIMA,16.82095369513804,51.58948568015553,4124.890416239718,1876.8645000168456
2020-03-25,2020,3,ZIMA,16.883835765026408,51.58948568015553,8481.476135674528,1876.8644940965498
2020-03-25,2020,3,ZIMA,16.94671783491477,51.58948568015553,12838.97279331703,1876.8645602595382
2020-03-25,2020,3,ZIMA,16.883835765026408,51.65236775004391,10896.285673413891,1876.8644973529892
2020-03-25,2020,3,ZIMA,16.94671783491477,51.65236775004391,14543.193254773298,1876.8645194064848
2020-03-28,2020,3,ZIMA,16.63230748547294,51.397337694990995,23319.3900475521,1866.4869611540742
2020-03-28,2020,3,ZIMA,16.695189555361306,51.397337694990995,22011.743618297318,1853.2107168636066
2020-03-28,2020,3,ZIMA,16.758071625249674,51.397337694990995,21526.327463500405,1855.105597319996
2020-03-28,2020,3,ZIMA,16.82095369513804,51.397337694990995,21917.838888268398,1860.2357154898482
2020-03-28,2020,3,ZIMA,16.883835765026408,51.397337694990995,23141.813969987867,1858.0889567321733
2020-03-28,2020,3,ZIMA,16.50654334569621,51.460219764879355,22893.45769279786,1860.4439069208115
2020-03-28,2020,3,ZIMA,16.569425415584575,51.460219764879355,19716.31393058781,1862.4087814991865
2020-03-28,2020,3,ZIMA,16.63230748547294,51.460219764879355,17071.8027149548,1863.072446292347
2020-03-28,2020,3,ZIMA,16.695189555361306,51.460219764879355,15239.77237467097,1863.0959477109195
2020-03-28,2020,3,ZIMA,16.758071625249674,51.460219764879355,14530.849373111263,1862.64999278352
2020-03-28,2020,3,ZIMA,16.82095369513804,51.460219764879355,15104.010293889842,1863.2322937179176
2020-03-28,2020,3,ZIMA,16.883835765026408,51.460219764879355,16828.76597452618,1867.4196785400027
2020-03-28,2020,3,ZIMA,16.94671783491477,51.460219764879355,19400.371066697204,1867.4196846033708
2020-03-28,2020,3,ZIMA,16.44366127580784,51.523101834767715,23292.971626087776,1853.986342691002
2020-03-28,2020,3,ZIMA,16.50654334569621,51.523101834767715,19218.037008178224,1857.638688647158
2020-03-28,2020,3,ZIMA,16.569425415584575,51.523101834767715,15301.68665403856,1862.7890172401576
2020-03-28,2020,3,ZIMA,16.63230748547294,51.523101834767715,11704.21495360459,1862.8270156636304
2020-03-28,2020,3,ZIMA,16.695189555361306,51.523101834767715,8824.632590220755,1860.6332379643914
2020-03-28,2020,3,ZIMA,16.758071625249674,51.523101834767715,7536.449086905077,1860.8106626544
2020-03-28,2020,3,ZIMA,16.82095369513804,51.523101834767715,8588.379572902862,1858.9666680621444
2020-03-28,2020,3,ZIMA,16.883835765026408,51.523101834767715,11347.284986303634,1859.92279349074
2020-03-28,2020,3,ZIMA,16.44366127580784,51.58598390465609,22032.67402480568,1857.3483745133608
2020-03-28,2020,3,ZIMA,16.50654334569621,51.58598390465609,17676.194776331926,1857.5778842473007
2020-03-28,2020,3,ZIMA,16.569425415584575,51.58598390465609,13320.766114112523,1865.143174865642
2020-03-28,2020,3,ZIMA,16.63230748547294,51.58598390465609,8967.924442985723,1865.1431951352167
2020-03-28,2020,3,ZIMA,16.695189555361306,51.58598390465609,4624.987608416649,1859.249511718818
2020-03-28,2020,3,ZIMA,16.758071625249674,51.58598390465609,585.9861535216232,1859.3880781784078
2020-03-28,2020,3,ZIMA,16.82095369513804,51.58598390465609,4157.197109471163,1862.0090152509779
2020-03-28,2020,3,ZIMA,16.883835765026408,51.58598390465609,8497.483551007717,1859.7270037390138
2020-03-28,2020,3,ZIMA,16.94671783491477,51.58598390465609,12849.830905044275,1859.8640151393442
2020-03-28,2020,3,ZIMA,16.63230748547294,51.64886597454445,11034.229258468371,1868.1378235833188
2020-03-28,2020,3,ZIMA,16.695189555361306,51.64886597454445,7924.813159065899,1869.097661715377
2020-03-28,2020,3,ZIMA,16.758071625249674,51.64886597454445,6464.107646213703,1860.7844282330684
2020-03-28,2020,3,ZIMA,16.82095369513804,51.64886597454445,7661.600803608813,1850.3264664994215
2020-03-28,2020,3,ZIMA,16.883835765026408,51.64886597454445,10655.943221980784,1859.9263672463028
2020-03-28,2020,3,ZIMA,16.94671783491477,51.64886597454445,14364.251099378747,1862.875509565699
2020-03-28,2020,3,ZIMA,17.00959990480314,51.64886597454445,18358.86118379751,1868.6740998942576
2020-03-28,2020,3,ZIMA,17.072481974691506,51.64886597454445,22487.71305164599,1869.1519189005865
2020-03-28,2020,3,ZIMA,16.569425415584575,51.711748044432824,18913.87684266305,1869.8087531633764
2020-03-28,2020,3,ZIMA,16.63230748547294,51.711748044432824,16154.994362100368,1868.897223962516
2020-03-28,2020,3,ZIMA,16.695189555361306,51.711748044432824,14216.68068666459,1868.9316253252655
2020-03-28,2020,3,ZIMA,16.758071625249674,51.711748044432824,13458.2742613831,1872.5465534357534
2020-03-28,2020,3,ZIMA,16.82095369513804,51.711748044432824,14071.856971631763,1863.9531165136113
2020-03-28,2020,3,ZIMA,16.883835765026408,51.711748044432824,15899.375024144438,1857.2156629280469
2020-03-28,2020,3,ZIMA,16.94671783491477,51.711748044432824,18586.127915124594,1867.6072381675426
2020-03-28,2020,3,ZIMA,17.00959990480314,51.711748044432824,21816.94789432834,1868.8690255654853
2020-03-28,2020,3,ZIMA,16.569425415584575,51.774630114321184,24387.136653725986,1865.036105401923
2020-03-28,2020,3,ZIMA,16.63230748547294,51.774630114321184,22318.508480357414,1864.2699051082736
2020-03-28,2020,3,ZIMA,16.695189555361306,51.774630114321184,20960.144775794797,1869.1438490600663
2020-03-28,2020,3,ZIMA,16.758071625249674,51.774630114321184,20454.043860959646,1868.9834159170775
2020-06-01,2020,6,LATO,16.61830038347513,51.40083947049044,23357.325009271568,1835.7289058049018
2020-06-01,2020,6,LATO,16.681182453363505,51.40083947049044,21858.551501215836,1836.2846931527388
2020-06-01,2020,6,LATO,16.744064523251865,51.40083947049044,21169.97948026083,1833.1508391540767
2020-06-01,2020,6,LATO,16.80694659314024,51.40083947049044,21370.06897100889,1830.7602541242697
2020-06-01,2020,6,LATO,16.8698286630286,51.40083947049044,22435.0560994152,1843.394662389579
2020-06-01,2020,6,LATO,16.93271073291696,51.40083947049044,24251.263556444006,1853.5216709803685
2020-06-01,2020,6,LATO,16.492536243698396,51.4637215403788,23414.899936381134,1832.398543456473
2020-06-01,2020,6,LATO,16.55541831358677,51.4637215403788,20109.85804646847,1831.778870592813
2020-06-01,2020,6,LATO,16.61830038347513,51.4637215403788,17281.293111147876,1837.371392274418
2020-06-01,2020,6,LATO,16.681182453363505,51.4637215403788,15197.621096555067,1842.1901499948285
2020-06-01,2020,6,LATO,16.744064523251865,51.4637215403788,14190.84584916038,1836.0401178733423
2020-06-01,2020,6,LATO,16.80694659314024,51.4637215403788,14487.243995223931,1833.0134772368783
2020-06-01,2020,6,LATO,16.8698286630286,51.4637215403788,16014.622221210599,1851.0527681165092
2020-06-01,2020,6,LATO,16.93271073291696,51.4637215403788,18470.080696861653,1855.4734495736034
2020-06-01,2020,6,LATO,16.995592802805334,51.4637215403788,21538.512564881104,1854.9285632457668
2020-06-01,2020,6,LATO,16.429654173810036,51.52660361026717,24095.052840796863,1814.8204840731491
2020-06-01,2020,6,LATO,16.492536243698396,51.52660361026717,19972.051812045833,1818.8162996968686
2020-06-01,2020,6,LATO,16.55541831358677,51.52660361026717,15975.901719855694,1819.3664736143487
2020-06-01,2020,6,LATO,16.61830038347513,51.52660361026717,12231.57540312029,1829.8523341412192
2020-06-01,2020,6,LATO,16.681182453363505,51.52660361026717,9056.98399072358,1830.8862413102947
2020-06-01,2020,6,LATO,16.744064523251865,51.52660361026717,7244.448058339897,1828.9712688319626
2020-06-01,2020,6,LATO,16.80694659314024,51.52660361026717,7808.35931830702,1835.4728659945026
2020-06-01,2020,6,LATO,16.8698286630286,51.52660361026717,10367.949829927013,1837.4471861221111
2020-06-01,2020,6,LATO,16.93271073291696,51.52660361026717,13858.349421879799,1846.295589402425
2020-06-01,2020,6,LATO,16.995592802805334,51.52660361026717,17738.342418009554,1848.169563071246
2020-06-01,2020,6,LATO,16.429654173810036,51.58948568015553,22996.49857871793,1822.4181560737886
2020-06-01,2020,6,LATO,16.492536243698396,51.58948568015553,18638.68657756391,1824.2564865816105
2020-06-01,2020,6,LATO,16.55541831358677,51.58948568015553,14280.938082559509,1815.711533697994
2020-06-01,2020,6,LATO,16.61830038347513,51.58948568015553,9923.342104413665,1820.3279890755982
2020-06-01,2020,6,LATO,16.681182453363505,51.58948568015553,5566.263859325466,1834.700796843217
2020-06-01,2020,6,LATO,16.744064523251865,51.58948568015553,1215.305280410641,1834.9177246093109
2020-06-01,2020,6,LATO,16.80694659314024,51.58948568015553,3154.958170320423,1844.1067717929013
2020-06-01,2020,6,LATO,16.8698286630286,51.58948568015553,7510.903373324361,1840.6549360771298
2020-06-01,2020,6,LATO,16.93271073291696,51.58948568015553,11868.30475862019,1848.1695556640982
2020-06-01,2020,6,LATO,16.995592802805334,51.58948568015553,16225.987294598535,1848.1695592376336
2020-06-01,2020,6,LATO,16.61830038347513,51.65236775004391,12051.126562228537,1847.2153303654018
2020-06-01,2020,6,LATO,16.681182453363505,51.65236775004391,8822.33065588357,1842.6992536722512
2020-06-01,2020,6,LATO,16.744064523251865,51.65236775004391,6954.71461830716,1848.7746665320005
2020-06-01,2020,6,LATO,16.80694659314024,51.65236775004391,7538.772964134258,1843.724908051991
2020-06-01,2020,6,LATO,16.8698286630286,51.65236775004391,10160.153935915157,1845.5839235385151
2020-06-01,2020,6,LATO,16.93271073291696,51.65236775004391,13695.073376721579,1856.8229908786377
2020-06-01,2020,6,LATO,16.995592802805334,51.65236775004391,17601.475417570262,1856.8229928935566
2020-06-01,2020,6,LATO,16.61830038347513,51.71524981993227,17026.03367518323,1840.8248171712667
2020-06-01,2020,6,LATO,16.681182453363505,51.71524981993227,14919.219680604592,1849.0962065738704
2020-06-01,2020,6,LATO,16.744064523251865,51.71524981993227,13898.146570305822,1862.3184811624544
2020-06-01,2020,6,LATO,16.80694659314024,51.71524981993227,14199.00697744009,1860.4246534630474
2020-06-01,2020,6,LATO,16.8698286630286,51.71524981993227,15746.209682334471,1843.6694069983757
2020-06-01,2020,6,LATO,16.93271073291696,51.77813188982064,23971.91232059278,1866.1137795573402
2020-06-22,2020,6,LATO,16.492536243698396,51.460219764879355,23652.766546153474,1822.8962226458798
2020-06-22,2020,6,LATO,16.429654173810036,51.523101834767715,24214.251621788142,1819.5895260804728
2020-06-22,2020,6,LATO,16.429654173810036,51.58598390465609,23003.170735735486,1820.0185736882604
2020-06-22,2020,6,LATO,16.492536243698396,51.711748044432824,22967.6948936224,1846.1633355643562
2020-06-22,2020,6,LATO,16.55541831358677,51.711748044432824,19607.26964128438,1846.1633190775597
2020-06-22,2020,6,LATO,16.55541831358677,51.774630114321184,24928.00932820743,1833.150928957876
2020-07-24,2020,7,LATO,16.61830038347513,51.774630114321184,22723.614775663435,1857.036869424884
2020-07-24,2020,7,LATO,16.681182453363505,51.774630114321184,21193.115840949748,1863.050680597866
2020-07-24,2020,7,LATO,16.744064523251865,51.774630114321184,20488.095548188106,1863.87779855985
2020-07-30,2020,7,LATO,16.61830038347513,51.40083947049044,23357.325009271568,1857.6642940607876
2020-07-30,2020,7,LATO,16.492536243698396,51.4637215403788,23414.899936381134,1872.504604811959
2020-07-30,2020,7,LATO,16.55541831358677,51.4637215403788,20109.85804646847,1871.8779140652573
2020-07-30,2020,7,LATO,16.61830038347513,51.4637215403788,17281.293111147876,1872.6811546447373
2020-07-30,2020,7,LATO,16.8698286630286,51.4637215403788,16014.622221210599,1869.6920502292833
2020-07-30,2020,7,LATO,16.93271073291696,51.4637215403788,18470.080696861653,1869.69202827165
2020-07-30,2020,7,LATO,16.995592802805334,51.4637215403788,21538.512564881104,1869.6920339760866
2020-07-30,2020,7,LATO,16.429654173810036,51.52660361026717,24095.052840796863,1854.34794531011
2020-07-30,2020,7,LATO,16.492536243698396,51.52660361026717,19972.051812045833,1859.5552781000952
2020-07-30,2020,7,LATO,16.55541831358677,51.52660361026717,15975.901719855694,1867.0473209585375
2020-07-30,2020,7,LATO,16.61830038347513,51.52660361026717,12231.57540312029,1881.0295005176808
2020-07-30,2020,7,LATO,16.681182453363505,51.52660361026717,9056.98399072358,1870.5159486982232
2020-07-30,2020,7,LATO,16.744064523251865,51.52660361026717,7244.448058339897,1866.4008745856
2020-07-30,2020,7,LATO,16.80694659314024,51.52660361026717,7808.35931830702,1866.3571357568303
2020-07-30,2020,7,LATO,16.8698286630286,51.52660361026717,10367.949829927013,1864.3461003640878
2020-07-30,2020,7,LATO,16.93271073291696,51.52660361026717,13858.349421879799,1860.2919493313555
2020-07-30,2020,7,LATO,16.995592802805334,51.52660361026717,17738.342418009554,1852.6226643598811
2020-07-30,2020,7,LATO,17.058474872693694,51.52660361026717,21800.896834026396,1837.0759112170426
2020-07-30,2020,7,LATO,16.429654173810036,51.58948568015553,22996.49857871793,1872.377499884445
2020-07-30,2020,7,LATO,16.492536243698396,51.58948568015553,18638.68657756391,1856.972512673062
2020-07-30,2020,7,LATO,16.55541831358677,51.58948568015553,14280.938082559509,1856.9461133786679
2020-07-30,2020,7,LATO,16.61830038347513,51.58948568015553,9923.342104413665,1867.3730029439303
2020-07-30,2020,7,LATO,16.744064523251865,51.58948568015553,1215.305280410641,1866.4009237711866
2020-07-30,2020,7,LATO,16.80694659314024,51.58948568015553,3154.958170320423,1865.4164103741286
2020-07-30,2020,7,LATO,16.8698286630286,51.58948568015553,7510.903373324361,1866.7659419864679
2020-07-30,2020,7,LATO,16.93271073291696,51.58948568015553,11868.30475862019,1865.6347389935436
2020-07-30,2020,7,LATO,16.995592802805334,51.58948568015553,16225.987294598535,1860.0511808886106
2020-07-30,2020,7,LATO,17.058474872693694,51.58948568015553,20583.770219831662,1853.6159380354457
2020-07-30,2020,7,LATO,16.429654173810036,51.65236775004391,23979.18804702071,1866.2830544755004
2020-07-30,2020,7,LATO,16.492536243698396,51.65236775004391,19844.740657150767,1883.8499784433707
2020-07-30,2020,7,LATO,16.55541831358677,51.65236775004391,15828.974167484621,1880.580743376339
2020-07-30,2020,7,LATO,16.61830038347513,51.65236775004391,12051.126562228537,1876.4294352426348
2020-07-30,2020,7,LATO,16.744064523251865,51.65236775004391,6954.71461830716,1867.998264757874
2020-07-30,2020,7,LATO,16.80694659314024,51.65236775004391,7538.772964134258,1866.4390305280008
2020-07-30,2020,7,LATO,16.8698286630286,51.65236775004391,10160.153935915157,1865.75925336392
2020-07-30,2020,7,LATO,16.93271073291696,51.65236775004391,13695.073376721579,1866.269042171807
2020-07-30,2020,7,LATO,16.995592802805334,51.65236775004391,17601.475417570262,1867.8122231275463
2020-07-30,2020,7,LATO,17.058474872693694,51.65236775004391,21679.46783056369,1877.3781515951687
2020-07-30,2020,7,LATO,16.492536243698396,51.71524981993227,23197.534347607052,1887.540182646262
2020-07-30,2020,7,LATO,16.55541831358677,51.71524981993227,19876.284026855068,1887.1511196538609
2020-07-30,2020,7,LATO,16.61830038347513,51.71524981993227,17026.03367518323,1877.3796607347524
2020-07-30,2020,7,LATO,16.681182453363505,51.71524981993227,14919.219680604592,1869.3563670114481
2020-07-30,2020,7,LATO,16.744064523251865,51.71524981993227,13898.146570305822,1871.2183142582749
2020-07-30,2020,7,LATO,16.80694659314024,51.71524981993227,14199.00697744009,1869.7098593853786
2020-07-30,2020,7,LATO,16.8698286630286,51.71524981993227,15746.209682334471,1864.9348556269983
2020-07-30,2020,7,LATO,16.93271073291696,51.71524981993227,18225.052920267543,1859.4265136719107
2020-07-30,2020,7,LATO,16.995592802805334,51.71524981993227,21312.909613572112,1860.424544281843
2020-07-30,2020,7,LATO,17.058474872693694,51.71524981993227,24783.174159753296,1874.9156781386068
2020-07-30,2020,7,LATO,16.681182453363505,51.77813188982064,21569.31171970264,1868.7877281391175
2020-07-30,2020,7,LATO,16.744064523251865,51.77813188982064,20877.053939108304,1868.7877317396294
2020-07-30,2020,7,LATO,16.80694659314024,51.77813188982064,21078.258474183043,1864.2466943878735
2020-07-30,2020,7,LATO,16.8698286630286,51.77813188982064,22148.589657581215,1859.1746034178911
2020-07-30,2020,7,LATO,16.93271073291696,51.77813188982064,23971.91232059278,1857.3954905243052
2020-07-31,2020,7,LATO,16.68468422886295,51.40083947049044,21797.786666906275,1849.1533652022913
2020-07-31,2020,7,LATO,16.747566298751323,51.40083947049044,21157.48578886168,1846.9457761105136
2020-07-31,2020,7,LATO,16.810448368639683,51.40083947049044,21407.357711274257,1845.407473975084
2020-07-31,2020,7,LATO,16.873330438528058,51.40083947049044,22517.788621954765,1845.4074741403858
2020-07-31,2020,7,LATO,16.936212508416418,51.40083947049044,24371.434013873666,1834.5576757339038
2020-07-31,2020,7,LATO,16.496038019197854,51.4637215403788,23221.655866634956,1853.2590381324144
2020-07-31,2020,7,LATO,16.558920089086214,51.4637215403788,19937.782866578178,1853.2590166100076
2020-07-31,2020,7,LATO,16.68468422886295,51.4637215403788,15110.213652159038,1848.8574927807945
2020-07-31,2020,7,LATO,16.747566298751323,51.4637215403788,14172.226558074315,1850.4902211143335
2020-07-31,2020,7,LATO,16.810448368639683,51.4637215403788,14542.116957387956,1848.0136032660514
2020-07-31,2020,7,LATO,16.873330438528058,51.4637215403788,16130.160751311088,1845.6253484536714
2020-07-31,2020,7,LATO,16.936212508416418,51.4637215403788,18627.36911498288,1833.68454484824
2020-07-31,2020,7,LATO,16.999094578304778,51.4637215403788,21722.42063875436,1834.1047959735206
2020-07-31,2020,7,LATO,16.43315594930948,51.52660361026717,23863.227315876185,1834.179400718302
2020-07-31,2020,7,LATO,16.496038019197854,51.52660361026717,19745.4553178684,1830.7393798827525
2020-07-31,2020,7,LATO,16.558920089086214,51.52660361026717,15759.051386492412,1834.4805743314898
2020-07-31,2020,7,LATO,16.62180215897459,51.52660361026717,12035.274011756592,1846.0822301809696
2020-07-31,2020,7,LATO,16.68468422886295,51.52660361026717,8909.73997268753,1842.556082750603
2020-07-31,2020,7,LATO,16.747566298751323,51.52660361026717,7207.957664413257,1842.7301279526866
2020-07-31,2020,7,LATO,16.810448368639683,51.52660361026717,7909.564677749198,1841.4654601146967
2020-07-31,2020,7,LATO,16.873330438528058,51.52660361026717,10545.29493488944,1838.4418666535032
2020-07-31,2020,7,LATO,16.936212508416418,51.52660361026717,14067.012187618657,1839.4763710993557
2020-07-31,2020,7,LATO,16.999094578304778,51.52660361026717,17960.898941674182,1838.9945630309323
2020-07-31,2020,7,LATO,17.061976648193152,51.52660361026717,22030.48594812989,1841.3800605993488
2020-07-31,2020,7,LATO,16.43315594930948,51.58948568015553,22753.819827213272,1838.3940486241577
2020-07-31,2020,7,LATO,16.496038019197854,51.58948568015553,18396.010245633624,1835.451790910731
2020-07-31,2020,7,LATO,16.558920089086214,51.58948568015553,14038.267006941034,1832.936706049584
2020-07-31,2020,7,LATO,16.62180215897459,51.58948568015553,9680.685103001815,1854.5559281118826
2020-07-31,2020,7,LATO,16.68468422886295,51.58948568015553,5323.667900434454,1845.5556184627126
2020-07-31,2020,7,LATO,16.747566298751323,51.58948568015553,974.8417627006842,1842.4781917262844
2020-07-31,2020,7,LATO,16.810448368639683,51.58948568015553,3397.398115693825,1841.2799132266978
2020-07-31,2020,7,LATO,16.873330438528058,51.58948568015553,7753.542711059396,1838.754697432805
2020-07-31,2020,7,LATO,16.936212508416418,51.58948568015553,12110.970744816213,1838.075354907821
2020-07-31,2020,7,LATO,16.999094578304778,51.58948568015553,16468.661553650425,1839.0312057535982
2020-07-31,2020,7,LATO,17.061976648193152,51.58948568015553,20826.447979074637,1863.6801891516784
2020-07-31,2020,7,LATO,16.43315594930948,51.65236775004391,23746.876904474848,1854.5436238103218
2020-07-31,2020,7,LATO,16.496038019197854,51.65236775004391,19617.30613738718,1853.5086362702602
2020-07-31,2020,7,LATO,16.558920089086214,51.65236775004391,15610.6906832576,1853.464835707871
2020-07-31,2020,7,LATO,16.62180215897459,51.65236775004391,11852.39089704791,1845.6985013080325
2020-07-31,2020,7,LATO,16.68468422886295,51.65236775004391,8671.52350166808,1847.1322890412127
2020-07-31,2020,7,LATO,16.747566298751323,51.65236775004391,6916.800965883156,1851.5274876547646
2020-07-31,2020,7,LATO,16.810448368639683,51.65236775004391,7643.261730039364,1843.6113559656872
2020-07-31,2020,7,LATO,16.873330438528058,51.65236775004391,10340.568804494884,1843.6113225467793
2020-07-31,2020,7,LATO,16.936212508416418,51.65236775004391,13905.608612355578,1849.3720631875572
2020-07-31,2020,7,LATO,16.999094578304778,51.65236775004391,17825.126315195066,1868.5374334988103
2020-07-31,2020,7,LATO,17.061976648193152,51.65236775004391,21909.69614978755,1871.8960354844012
2020-07-31,2020,7,LATO,16.496038019197854,51.71524981993227,23003.54307865302,1852.7630714635445
2020-07-31,2020,7,LATO,16.558920089086214,51.71524981993227,19703.132054140966,1853.6531824827769
2020-07-31,2020,7,LATO,16.62180215897459,51.71524981993227,16886.14595867417,1854.9954300292013
2020-07-31,2020,7,LATO,16.68468422886295,51.71524981993227,14830.66332409721,1847.784808389545
2020-07-31,2020,7,LATO,16.747566298751323,51.71524981993227,13879.239392912077,1844.742528106962
2020-07-31,2020,7,LATO,16.936212508416418,51.71524981993227,18383.56382484432,1861.805587216568
2020-07-31,2020,7,LATO,16.999094578304778,51.71524981993227,21497.728617851728,1868.7169119106602
2020-07-31,2020,7,LATO,16.62180215897459,51.77813188982064,22971.878534836967,1848.8588480507567
2020-08-05,2020,8,LATO,16.747566298751323,51.40083947049044,21157.48578886168,1869.6827621544128
2020-08-05,2020,8,LATO,16.810448368639683,51.40083947049044,21407.357711274257,1868.1869036612595
2020-08-05,2020,8,LATO,16.873330438528058,51.40083947049044,22517.788621954765,1866.8080070491808
2020-08-05,2020,8,LATO,16.936212508416418,51.40083947049044,24371.434013873666,1867.0925765416443
2020-08-05,2020,8,LATO,16.68468422886295,51.4637215403788,15110.213652159038,1874.7247241679586
2020-08-05,2020,8,LATO,16.747566298751323,51.4637215403788,14172.226558074315,1874.110036678028
2020-08-05,2020,8,LATO,16.810448368639683,51.4637215403788,14542.116957387956,1870.4534790258542
2020-08-05,2020,8,LATO,16.873330438528058,51.4637215403788,16130.160751311088,1869.6638183593464
2020-08-05,2020,8,LATO,16.936212508416418,51.4637215403788,18627.36911498288,1868.6966004400044
2020-08-05,2020,8,LATO,16.999094578304778,51.4637215403788,21722.42063875436,1867.7597182717288
2020-08-05,2020,8,LATO,16.810448368639683,51.52660361026717,7909.564677749198,1874.558316010337
2020-08-05,2020,8,LATO,16.873330438528058,51.52660361026717,10545.29493488944,1870.2922920660192
2020-08-05,2020,8,LATO,16.936212508416418,51.52660361026717,14067.012187618657,1867.2768152750532
2020-08-05,2020,8,LATO,16.999094578304778,51.52660361026717,17960.898941674182,1868.0287597747204
2020-08-05,2020,8,LATO,17.061976648193152,51.52660361026717,22030.48594812989,1860.8727154798148
2020-08-05,2020,8,LATO,16.810448368639683,51.58948568015553,3397.398115693825,1874.1696779084132
2020-08-05,2020,8,LATO,16.873330438528058,51.58948568015553,7753.542711059396,1874.1696757049456
2020-08-05,2020,8,LATO,16.936212508416418,51.58948568015553,12110.970744816213,1871.5139620680177
2020-08-05,2020,8,LATO,16.999094578304778,51.58948568015553,16468.661553650425,1871.4177313224543
2020-08-05,2020,8,LATO,17.061976648193152,51.58948568015553,20826.447979074637,1884.1924134299757
2020-08-05,2020,8,LATO,16.936212508416418,51.65236775004391,13905.608612355578,1887.4402554444118
2020-08-05,2020,8,LATO,16.999094578304778,51.65236775004391,17825.126315195066,1887.1097032306668
2020-08-05,2020,8,LATO,17.061976648193152,51.65236775004391,21909.69614978755,1885.890245036164
2020-08-05,2020,8,LATO,16.936212508416418,51.71524981993227,18383.56382484432,1887.44078524636
2020-08-05,2020,8,LATO,16.999094578304778,51.71524981993227,21497.728617851728,1887.4407993382956
2020-08-06,2020,8,LATO,16.62180215897459,51.40083947049044,23254.847095681358,1875.7448129298039
2020-08-06,2020,8,LATO,16.68468422886295,51.40083947049044,21797.786666906275,1868.9080908458516
2020-08-06,2020,8,LATO,16.747566298751323,51.40083947049044,21157.48578886168,1868.8602287297608
2020-08-06,2020,8,LATO,16.810448368639683,51.40083947049044,21407.357711274257,1868.8602496548447
2020-08-06,2020,8,LATO,16.496038019197854,51.4637215403788,23221.655866634956,1875.849604991006
2020-08-06,2020,8,LATO,16.558920089086214,51.4637215403788,19937.782866578178,1876.4578808248523
2020-08-06,2020,8,LATO,16.62180215897459,51.4637215403788,17142.72219448327,1877.6983891780253
2020-08-06,2020,8,LATO,16.68468422886295,51.4637215403788,15110.213652159038,1876.5423672911322
2020-08-06,2020,8,LATO,16.747566298751323,51.4637215403788,14172.226558074315,1872.429123066631
2020-08-06,2020,8,LATO,16.810448368639683,51.4637215403788,14542.116957387956,1866.152835908403
2020-08-06,2020,8,LATO,16.873330438528058,51.4637215403788,16130.160751311088,1865.1296473914228
2020-08-06,2020,8,LATO,16.43315594930948,51.52660361026717,23863.227315876185,1856.1464823151052
2020-08-06,2020,8,LATO,16.496038019197854,51.52660361026717,19745.4553178684,1861.0752358477248
2020-08-06,2020,8,LATO,16.558920089086214,51.52660361026717,15759.051386492412,1864.9508574222032
2020-08-06,2020,8,LATO,16.62180215897459,51.52660361026717,12035.274011756592,1869.2579425190668
2020-08-06,2020,8,LATO,16.68468422886295,51.52660361026717,8909.73997268753,1876.4360351563187
2020-08-06,2020,8,LATO,16.747566298751323,51.52660361026717,7207.957664413257,1872.7788075225665
2020-08-06,2020,8,LATO,16.810448368639683,51.52660361026717,7909.564677749198,1865.7933430434975
2020-08-06,2020,8,LATO,16.873330438528058,51.52660361026717,10545.29493488944,1865.1296978420182
2020-08-06,2020,8,LATO,16.936212508416418,51.52660361026717,14067.012187618657,1865.1296381051081
2020-08-06,2020,8,LATO,16.999094578304778,51.52660361026717,17960.898941674182,1865.1296386718464
2020-08-06,2020,8,LATO,17.061976648193152,51.52660361026717,22030.48594812989,1846.4248308289098
2020-08-06,2020,8,LATO,16.43315594930948,51.58948568015553,22753.819827213272,1867.8423788723107
2020-08-06,2020,8,LATO,16.496038019197854,51.58948568015553,18396.010245633624,1856.5309967222395
2020-08-06,2020,8,LATO,16.558920089086214,51.58948568015553,14038.267006941034,1856.5680922587092
2020-08-06,2020,8,LATO,16.62180215897459,51.58948568015553,9680.685103001815,1864.3806692376104
2020-08-06,2020,8,LATO,16.68468422886295,51.58948568015553,5323.667900434454,1864.6505311729143
2020-08-06,2020,8,LATO,16.747566298751323,51.58948568015553,974.8417627006842,1861.2408827623578
2020-08-06,2020,8,LATO,16.810448368639683,51.58948568015553,3397.398115693825,1865.7933316926012
2020-08-06,2020,8,LATO,16.873330438528058,51.58948568015553,7753.542711059396,1865.793331780501
2020-08-06,2020,8,LATO,16.936212508416418,51.58948568015553,12110.970744816213,1865.1295330238554
2020-08-06,2020,8,LATO,16.999094578304778,51.58948568015553,16468.661553650425,1865.548364980266
2020-08-06,2020,8,LATO,17.061976648193152,51.58948568015553,20826.447979074637,1859.8704327546243
2020-08-06,2020,8,LATO,16.43315594930948,51.65236775004391,23746.876904474848,1882.1418457030595
2020-08-06,2020,8,LATO,16.496038019197854,51.65236775004391,19617.30613738718,1874.580614446054
2020-08-06,2020,8,LATO,16.558920089086214,51.65236775004391,15610.6906832576,1870.1396163008485
2020-08-06,2020,8,LATO,16.62180215897459,51.65236775004391,11852.39089704791,1864.0903836980822
2020-08-06,2020,8,LATO,16.68468422886295,51.65236775004391,8671.52350166808,1849.9938608243397
2020-08-06,2020,8,LATO,16.747566298751323,51.65236775004391,6916.800965883156,1849.993754974897
2020-08-06,2020,8,LATO,16.810448368639683,51.65236775004391,7643.261730039364,1849.9937726058865
2020-08-06,2020,8,LATO,16.873330438528058,51.65236775004391,10340.568804494884,1851.244927192225
2020-08-06,2020,8,LATO,16.936212508416418,51.65236775004391,13905.608612355578,1863.3656045572923
2020-08-06,2020,8,LATO,16.999094578304778,51.65236775004391,17825.126315195066,1862.6566053226636
2020-08-06,2020,8,LATO,17.061976648193152,51.65236775004391,21909.69614978755,1865.597457996754
2020-08-06,2020,8,LATO,16.496038019197854,51.71524981993227,23003.54307865302,1882.133485571799
2020-08-06,2020,8,LATO,16.558920089086214,51.71524981993227,19703.132054140966,1880.9725085018342
2020-08-06,2020,8,LATO,16.62180215897459,51.71524981993227,16886.14595867417,1871.488021628471
2020-08-06,2020,8,LATO,16.68468422886295,51.71524981993227,14830.66332409721,1872.8381334103358
2020-08-06,2020,8,LATO,16.747566298751323,51.71524981993227,13879.239392912077,1872.838142564686
2020-08-06,2020,8,LATO,16.810448368639683,51.71524981993227,14254.681815939919,1849.9937453044288
2020-08-06,2020,8,LATO,16.873330438528058,51.71524981993227,15863.05856535995,1849.9937786278028
2020-08-06,2020,8,LATO,16.936212508416418,51.71524981993227,18383.56382484432,1858.91820803118
2020-08-06,2020,8,LATO,16.999094578304778,51.71524981993227,21497.728617851728,1860.2949495694195
2020-08-06,2020,8,LATO,16.62180215897459,51.77813188982064,22971.878534836967,1862.8497929606776
2020-08-06,2020,8,LATO,16.68468422886295,51.77813188982064,21508.238461283257,1866.0311523216199
2020-08-06,2020,8,LATO,16.747566298751323,51.77813188982064,20864.489387353173,1868.1627680912688
2020-08-06,2020,8,LATO,16.810448368639683,51.77813188982064,21115.750942875457,1871.5336330710793
2020-08-06,2020,8,LATO,16.873330438528058,51.77813188982064,22231.698224910313,1860.1835687936182
2020-08-06,2020,8,LATO,16.936212508416418,51.77813188982064,24092.475808748924,1855.970238406751
2020-08-06,2020,8,LATO,16.744064523251865,51.523101834767715,7628.889089657703,1869.470230434027
2020-08-06,2020,8,LATO,16.80694659314024,51.523101834767715,8166.336187910408,1869.470218356759
2020-08-06,2020,8,LATO,16.8698286630286,51.523101834767715,10640.324988993543,1869.4702179081944
2020-08-06,2020,8,LATO,16.93271073291696,51.523101834767715,14063.515177747026,1869.470217146656
2020-08-06,2020,8,LATO,16.995592802805334,51.523101834767715,17899.3520168415,1863.288374906454
2020-08-06,2020,8,LATO,17.058474872693694,51.523101834767715,21932.383253692507,1851.4685020304191
2020-08-06,2020,8,LATO,16.744064523251865,51.58598390465609,1320.3558216061588,1872.4175638230718
2020-08-06,2020,8,LATO,16.80694659314024,51.58598390465609,3196.9962586666425,1872.5300507563463
2020-08-06,2020,8,LATO,16.8698286630286,51.58598390465609,7528.895363735473,1872.6071137217298
2020-08-06,2020,8,LATO,16.93271073291696,51.58598390465609,11879.972471040981,1872.7456496121617
2020-08-06,2020,8,LATO,16.995592802805334,51.58598390465609,16234.81333841376,1863.4351613172987
2020-08-06,2020,8,LATO,17.058474872693694,51.58598390465609,20591.027888628974,1853.0207222710321
2020-08-06,2020,8,LATO,16.744064523251865,51.64886597454445,6571.355000743566,1876.335337403201
2020-08-06,2020,8,LATO,16.80694659314024,51.64886597454445,7186.682275987507,1876.3593129945382
2020-08-06,2020,8,LATO,16.8698286630286,51.64886597454445,9901.89961710556,1876.372996266653
2020-08-06,2020,8,LATO,16.93271073291696,51.64886597454445,13504.829802579732,1876.4003628424086
2020-08-06,2020,8,LATO,16.995592802805334,51.64886597454445,17454.132845040418,1871.452824294006
2020-08-06,2020,8,LATO,17.058474872693694,51.64886597454445,21560.29881117445,1870.7187132801116
2020-08-06,2020,8,LATO,16.681182453363505,51.711748044432824,14558.438818350498,1877.4250356381065
2020-08-06,2020,8,LATO,16.744064523251865,51.711748044432824,13510.041838141251,1877.4250444675774
2020-08-06,2020,8,LATO,16.80694659314024,51.711748044432824,13819.377850362955,1877.4250488280957
2020-08-06,2020,8,LATO,16.8698286630286,51.711748044432824,15404.872738907154,1877.4250488280957
2020-08-06,2020,8,LATO,16.93271073291696,51.711748044432824,17931.147417861754,1876.6311765747264
2020-08-06,2020,8,LATO,16.995592802805334,51.711748044432824,21062.360850154735,1868.1730983133305
2020-08-06,2020,8,LATO,17.058474872693694,51.711748044432824,24568.292713676423,1868.165283203157
2020-08-07,2020,8,LATO,16.492536243698396,51.523101834767715,20115.35049398837,1872.3177617812503
2020-08-07,2020,8,LATO,16.55541831358677,51.523101834767715,16154.345848364019,1872.3177447940081
2020-08-07,2020,8,LATO,16.61830038347513,51.523101834767715,12463.418259525828,1872.3177240423352
2020-08-08,2020,8,LATO,16.80694659314024,51.711748044432824,13819.377850362955,1868.9384652428223
2020-08-08,2020,8,LATO,16.8698286630286,51.711748044432824,15404.872738907154,1868.9384800760406
2020-08-09,2020,8,LATO,16.61830038347513,51.40083947049044,23357.325009271568,1884.2267024874084
2020-08-09,2020,8,LATO,16.681182453363505,51.40083947049044,21858.551501215836,1860.9239045053218
2020-08-09,2020,8,LATO,16.744064523251865,51.40083947049044,21169.97948026083,1861.1702794088947
2020-08-09,2020,8,LATO,16.80694659314024,51.40083947049044,21370.06897100889,1871.927244993274
2020-08-09,2020,8,LATO,16.8698286630286,51.40083947049044,22435.0560994152,1873.736987072976
2020-08-09,2020,8,LATO,16.93271073291696,51.40083947049044,24251.263556444006,1878.6112018480453
2020-08-09,2020,8,LATO,16.61830038347513,51.4637215403788,17281.293111147876,1884.2266880716156
2020-08-09,2020,8,LATO,16.681182453363505,51.4637215403788,15197.621096555067,1883.4430109691684
2020-08-09,2020,8,LATO,16.744064523251865,51.4637215403788,14190.84584916038,1878.459189415318
2020-08-09,2020,8,LATO,16.80694659314024,51.4637215403788,14487.243995223931,1874.596350053585
2020-08-09,2020,8,LATO,16.8698286630286,51.4637215403788,16014.622221210599,1876.59133004034
2020-08-09,2020,8,LATO,16.93271073291696,51.4637215403788,18470.080696861653,1878.611216749802
2020-08-09,2020,8,LATO,16.995592802805334,51.4637215403788,21538.512564881104,1878.6111824069023
2020-08-09,2020,8,LATO,16.681182453363505,51.52660361026717,9056.98399072358,1866.0153805566947
2020-08-09,2020,8,LATO,16.744064523251865,51.52660361026717,7244.448058339897,1866.0153810827799
2020-08-09,2020,8,LATO,16.80694659314024,51.52660361026717,7808.35931830702,1868.5785677012198
2020-08-09,2020,8,LATO,16.744064523251865,51.58948568015553,1215.305280410641,1866.01539150554
2020-08-09,2020,8,LATO,16.80694659314024,51.58948568015553,3154.958170320423,1869.4750950870389
2020-08-09,2020,8,LATO,16.8698286630286,51.58948568015553,7510.903373324361,1869.4750789234452
2020-08-09,2020,8,LATO,16.8698286630286,51.65236775004391,10160.153935915157,1869.4751255555977
2020-08-12,2020,8,LATO,16.62180215897459,51.40083947049044,23254.847095681358,1851.1077388423407
2020-08-12,2020,8,LATO,16.68468422886295,51.40083947049044,21797.786666906275,1847.47277832038
2020-08-12,2020,8,LATO,16.747566298751323,51.40083947049044,21157.48578886168,1848.3826018648801
2020-08-12,2020,8,LATO,16.810448368639683,51.40083947049044,21407.357711274257,1851.3309175366378
2020-08-12,2020,8,LATO,16.873330438528058,51.40083947049044,22517.788621954765,1850.3533090469164
2020-08-12,2020,8,LATO,16.936212508416418,51.40083947049044,24371.434013873666,1830.5862887950477
2020-08-12,2020,8,LATO,16.496038019197854,51.4637215403788,23221.655866634956,1854.333589942989
2020-08-12,2020,8,LATO,16.558920089086214,51.4637215403788,19937.782866578178,1854.7929637305363
2020-08-12,2020,8,LATO,16.62180215897459,51.4637215403788,17142.72219448327,1853.020958104312
2020-08-12,2020,8,LATO,16.68468422886295,51.4637215403788,15110.213652159038,1851.0274993085102
2020-08-12,2020,8,LATO,16.747566298751323,51.4637215403788,14172.226558074315,1848.368741503408
2020-08-12,2020,8,LATO,16.810448368639683,51.4637215403788,14542.116957387956,1848.4387762125555
2020-08-12,2020,8,LATO,16.873330438528058,51.4637215403788,16130.160751311088,1849.9127485966446
2020-08-12,2020,8,LATO,16.936212508416418,51.4637215403788,18627.36911498288,1833.5366816552682
2020-08-12,2020,8,LATO,16.999094578304778,51.4637215403788,21722.42063875436,1830.1787353703576
2020-08-12,2020,8,LATO,16.43315594930948,51.52660361026717,23863.227315876185,1835.0430384847702
2020-08-12,2020,8,LATO,16.496038019197854,51.52660361026717,19745.4553178684,1841.5796301106855
2020-08-12,2020,8,LATO,16.558920089086214,51.52660361026717,15759.051386492412,1845.5729281226177
2020-08-12,2020,8,LATO,16.62180215897459,51.52660361026717,12035.274011756592,1850.5630246230644
2020-08-12,2020,8,LATO,16.68468422886295,51.52660361026717,8909.73997268753,1854.7711091922279
2020-08-12,2020,8,LATO,16.747566298751323,51.52660361026717,7207.957664413257,1853.9336659024198
2020-08-12,2020,8,LATO,16.810448368639683,51.52660361026717,7909.564677749198,1861.0904415851946
2020-08-12,2020,8,LATO,16.873330438528058,51.52660361026717,10545.29493488944,1862.3750457677966
2020-08-12,2020,8,LATO,16.936212508416418,51.52660361026717,14067.012187618657,1856.8234827050935
2020-08-12,2020,8,LATO,16.999094578304778,51.52660361026717,17960.898941674182,1851.0140734308497
2020-08-12,2020,8,LATO,17.061976648193152,51.52660361026717,22030.48594812989,1834.6970214844064
2020-08-12,2020,8,LATO,16.43315594930948,51.58948568015553,22753.819827213272,1849.2667165895873
2020-08-12,2020,8,LATO,16.496038019197854,51.58948568015553,18396.010245633624,1835.019125727623
2020-08-12,2020,8,LATO,16.558920089086214,51.58948568015553,14038.267006941034,1836.4732326136598
2020-08-12,2020,8,LATO,16.62180215897459,51.58948568015553,9680.685103001815,1845.6156677951976
2020-08-12,2020,8,LATO,16.68468422886295,51.58948568015553,5323.667900434454,1850.7046473620478
2020-08-12,2020,8,LATO,16.747566298751323,51.58948568015553,974.8417627006842,1854.487576576533
2020-08-12,2020,8,LATO,16.810448368639683,51.58948568015553,3397.398115693825,1862.6182378113144
2020-08-12,2020,8,LATO,16.873330438528058,51.58948568015553,7753.542711059396,1865.025534112181
2020-08-12,2020,8,LATO,16.936212508416418,51.58948568015553,12110.970744816213,1862.3558846676565
2020-08-12,2020,8,LATO,16.999094578304778,51.58948568015553,16468.661553650425,1858.1289129777851
2020-08-12,2020,8,LATO,17.061976648193152,51.58948568015553,20826.447979074637,1850.9697204746346
2020-08-12,2020,8,LATO,16.43315594930948,51.65236775004391,23746.876904474848,1863.5658421775427
2020-08-12,2020,8,LATO,16.496038019197854,51.65236775004391,19617.30613738718,1854.8510419558825
2020-08-12,2020,8,LATO,16.558920089086214,51.65236775004391,15610.6906832576,1852.9475097656928
2020-08-12,2020,8,LATO,16.62180215897459,51.65236775004391,11852.39089704791,1839.6135187055784
2020-08-12,2020,8,LATO,16.68468422886295,51.65236775004391,8671.52350166808,1846.024360682514
2020-08-12,2020,8,LATO,16.747566298751323,51.65236775004391,6916.800965883156,1856.0139260961412
2020-08-12,2020,8,LATO,16.810448368639683,51.65236775004391,7643.261730039364,1855.4215349190977
2020-08-12,2020,8,LATO,16.873330438528058,51.65236775004391,10340.568804494884,1857.8776669571344
2020-08-12,2020,8,LATO,16.936212508416418,51.65236775004391,13905.608612355578,1860.4514280748353
2020-08-12,2020,8,LATO,16.999094578304778,51.65236775004391,17825.126315195066,1862.6440172555986
2020-08-12,2020,8,LATO,17.061976648193152,51.65236775004391,21909.69614978755,1865.3633048948907
2020-08-12,2020,8,LATO,16.496038019197854,51.71524981993227,23003.54307865302,1863.5407702215823
2020-08-12,2020,8,LATO,16.558920089086214,51.71524981993227,19703.132054140966,1860.0263139617819
2020-08-12,2020,8,LATO,16.62180215897459,51.71524981993227,16886.14595867417,1852.9475097656928
2020-08-12,2020,8,LATO,16.68468422886295,51.71524981993227,14830.66332409721,1859.6358636470927
2020-08-12,2020,8,LATO,16.747566298751323,51.71524981993227,13879.239392912077,1858.0924072264977
2020-08-12,2020,8,LATO,16.810448368639683,51.71524981993227,14254.681815939919,1856.0102174969675
2020-08-12,2020,8,LATO,16.873330438528058,51.71524981993227,15863.05856535995,1854.9505234434137
2020-08-12,2020,8,LATO,16.936212508416418,51.71524981993227,18383.56382484432,1857.892011023704
2020-08-12,2020,8,LATO,16.999094578304778,51.71524981993227,21497.728617851728,1860.0317300128454
2020-08-12,2020,8,LATO,16.62180215897459,51.77813188982064,22971.878534836967,1863.6971474408908
2020-08-12,2020,8,LATO,16.68468422886295,51.77813188982064,21508.238461283257,1865.0925396355967
2020-08-12,2020,8,LATO,16.747566298751323,51.77813188982064,20864.489387353173,1865.0291600664448
2020-08-12,2020,8,LATO,16.810448368639683,51.77813188982064,21115.750942875457,1863.2176587890879
2020-08-12,2020,8,LATO,16.873330438528058,51.77813188982064,22231.698224910313,1859.7487556120252
2020-08-12,2020,8,LATO,16.936212508416418,51.77813188982064,24092.475808748924,1857.5557370460735
2020-08-12,2020,8,LATO,16.80694659314024,51.397337694990995,21755.481732549466,1870.3860838511637
2020-08-12,2020,8,LATO,16.8698286630286,51.397337694990995,22802.55345364161,1870.5714208500378
2020-08-12,2020,8,LATO,16.93271073291696,51.397337694990995,24591.76613367937,1870.796026646075
2020-08-12,2020,8,LATO,16.61830038347513,51.460219764879355,17601.69946938607,1878.908442835914
2020-08-12,2020,8,LATO,16.681182453363505,51.460219764879355,15560.824003109132,1878.9084472656934
2020-08-12,2020,8,LATO,16.744064523251865,51.460219764879355,14579.07397840399,1878.9084472655595
2020-08-12,2020,8,LATO,16.80694659314024,51.460219764879355,14867.7564382196,1873.5948527715047
2020-08-12,2020,8,LATO,16.8698286630286,51.460219764879355,16359.75648238907,1873.5569497134577
2020-08-12,2020,8,LATO,16.93271073291696,51.460219764879355,18770.29205208698,1873.2417912089695
2020-08-12,2020,8,LATO,16.995592802805334,51.460219764879355,21796.717556000734,1852.2719365641135
2020-08-12,2020,8,LATO,16.61830038347513,51.523101834767715,12463.418259525828,1868.8435845669912
2020-08-12,2020,8,LATO,16.681182453363505,51.523101834767715,9367.451208803312,1868.7489873915608
2020-08-12,2020,8,LATO,16.744064523251865,51.523101834767715,7628.889089657703,1868.7007829287559
2020-08-12,2020,8,LATO,16.80694659314024,51.523101834767715,8166.336187910408,1868.096715864595
2020-08-12,2020,8,LATO,16.8698286630286,51.523101834767715,10640.324988993543,1867.5768523615443
2020-08-12,2020,8,LATO,16.93271073291696,51.523101834767715,14063.515177747026,1865.3556895418706
2020-08-12,2020,8,LATO,16.995592802805334,51.523101834767715,17899.3520168415,1860.7818091256147
2020-08-12,2020,8,LATO,17.058474872693694,51.523101834767715,21932.383253692507,1858.994908288298
2020-08-12,2020,8,LATO,16.429654173810036,51.58598390465609,23003.170735735486,1862.1979800279894
2020-08-12,2020,8,LATO,16.492536243698396,51.58598390465609,18646.544048773227,1862.1979923312906
2020-08-12,2020,8,LATO,16.55541831358677,51.58598390465609,14290.805819510657,1862.1979969103259
2020-08-12,2020,8,LATO,16.61830038347513,51.58598390465609,9937.129767820397,1868.597713035639
2020-08-12,2020,8,LATO,16.681182453363505,51.58598390465609,5590.342935110827,1868.6773413164085
2020-08-12,2020,8,LATO,16.744064523251865,51.58598390465609,1320.3558216061588,1868.8118586123524
2020-08-12,2020,8,LATO,16.80694659314024,51.58598390465609,3196.9962586666425,1876.7675757416612
2020-08-12,2020,8,LATO,16.8698286630286,51.58598390465609,7528.895363735473,1876.6098783396992
2020-08-12,2020,8,LATO,16.93271073291696,51.58598390465609,11879.972471040981,1878.589088959684
2020-08-12,2020,8,LATO,16.995592802805334,51.58598390465609,16234.81333841376,1879.58825036859
2020-08-12,2020,8,LATO,17.058474872693694,51.58598390465609,20591.027888628974,1879.0585850154584
2020-08-12,2020,8,LATO,16.429654173810036,51.64886597454445,23871.671677051665,1879.109024808979
2020-08-12,2020,8,LATO,16.492536243698396,51.64886597454445,19714.33542177372,1880.3789817120417
2020-08-12,2020,8,LATO,16.55541831358677,51.64886597454445,15664.822788384177,1880.3718097397627
2020-08-12,2020,8,LATO,16.61830038347513,51.64886597454445,11834.347491627235,1877.6662260562355
2020-08-12,2020,8,LATO,16.681182453363505,51.64886597454445,8523.52303610304,1877.8577880860062
2020-08-12,2020,8,LATO,16.744064523251865,51.64886597454445,6571.355000743566,1877.6347525330348
2020-08-12,2020,8,LATO,16.80694659314024,51.64886597454445,7186.682275987507,1877.4000244140336
2020-08-12,2020,8,LATO,16.8698286630286,51.64886597454445,9901.89961710556,1877.4000244140332
2020-08-12,2020,8,LATO,16.93271073291696,51.64886597454445,13504.829802579732,1894.5123291015989
2020-08-12,2020,8,LATO,16.995592802805334,51.64886597454445,17454.132845040418,1894.4439816490806
2020-08-12,2020,8,LATO,17.058474872693694,51.64886597454445,21560.29881117445,1893.9929118258035
2020-08-12,2020,8,LATO,16.492536243698396,51.711748044432824,22967.6948936224,1880.5441894530634
2020-08-12,2020,8,LATO,16.55541831358677,51.711748044432824,19607.26964128438,1880.2256012588068
2020-08-12,2020,8,LATO,16.61830038347513,51.711748044432824,16710.955970386967,1873.5971679688184
2020-08-12,2020,8,LATO,16.681182453363505,51.711748044432824,14558.438818350498,1873.686874311077
2020-08-12,2020,8,LATO,16.744064523251865,51.711748044432824,13510.041838141251,1881.6269213281146
2020-08-12,2020,8,LATO,16.80694659314024,51.711748044432824,13819.377850362955,1883.4853455036957
2020-08-12,2020,8,LATO,16.8698286630286,51.711748044432824,15404.872738907154,1883.2665805093168
2020-08-12,2020,8,LATO,16.93271073291696,51.711748044432824,17931.147417861754,1888.0061014528487
2020-08-12,2020,8,LATO,16.995592802805334,51.711748044432824,21062.360850154735,1888.2433824440595
2020-08-12,2020,8,LATO,17.058474872693694,51.711748044432824,24568.292713676423,1888.0550734085155
2020-08-12,2020,8,LATO,16.55541831358677,51.774630114321184,24928.00932820743,1874.6245596518595
2020-08-12,2020,8,LATO,16.61830038347513,51.774630114321184,22723.614775663435,1878.207319647908
2020-08-12,2020,8,LATO,16.681182453363505,51.774630114321184,21193.115840949748,1881.2877308302204
2020-08-12,2020,8,LATO,16.744064523251865,51.774630114321184,20488.095548188106,1883.7290423315762
2020-08-12,2020,8,LATO,16.80694659314024,51.774630114321184,20693.098154451836,1883.2899709717324
2020-08-12,2020,8,LATO,16.8698286630286,51.774630114321184,21782.445554587666,1883.2768459181298
2020-08-12,2020,8,LATO,16.93271073291696,51.774630114321184,23634.170167123582,1886.86412488927
2020-08-13,2020,8,LATO,16.873330438528058,51.397337694990995,22883.963606117784,1870.173468221854
2020-08-13,2020,8,LATO,16.936212508416418,51.397337694990995,24710.28975063893,1870.1734619140987
2020-08-13,2020,8,LATO,16.936212508416418,51.460219764879355,18925.097335390772,1865.2702602827044
2020-08-13,2020,8,LATO,16.999094578304778,51.460219764879355,21978.479013967186,1865.2702621528879
2020-08-13,2020,8,LATO,16.68468422886295,51.523101834767715,9225.152957382299,1872.5826506931762
2020-08-13,2020,8,LATO,16.747566298751323,51.523101834767715,7594.243498496155,1872.582634942441
2020-08-13,2020,8,LATO,16.68468422886295,51.58598390465609,5348.820204951136,1870.1240030854922
2020-08-13,2020,8,LATO,16.747566298751323,51.58598390465609,1103.0179874295377,1870.7515426079356
2020-08-13,2020,8,LATO,16.43315594930948,51.64886597454445,23638.28584691703,1878.9190635898656
2020-08-13,2020,8,LATO,16.496038019197854,51.64886597454445,19485.361118377947,1878.656236950009
2020-08-13,2020,8,LATO,16.558920089086214,51.64886597454445,15444.202292430888,1878.0084560134264
2020-08-13,2020,8,LATO,16.62180215897459,51.64886597454445,11631.892909325215,1879.519330492893
2020-08-13,2020,8,LATO,16.68468422886295,51.64886597454445,8367.319927124407,1881.6588134766314
2020-08-13,2020,8,LATO,16.747566298751323,51.64886597454445,6531.213225113952,1881.6588269649226
2020-08-13,2020,8,LATO,16.496038019197854,51.711748044432824,22771.73051723622,1877.703411237301
2020-08-13,2020,8,LATO,16.558920089086214,51.711748044432824,19431.707058542906,1877.5346775363057
2020-08-13,2020,8,LATO,16.62180215897459,51.711748044432824,16568.39718798141,1871.452053556771
2020-08-13,2020,8,LATO,16.68468422886295,51.711748044432824,14467.66726292311,1869.7932464591438
2020-08-13,2020,8,LATO,16.747566298751323,51.711748044432824,13490.589237125841,1871.300786286191
2020-08-13,2020,8,LATO,16.558920089086214,51.774630114321184,24790.348476733936,1873.3290933331596
2020-08-16,2020,8,LATO,16.936212508416418,51.40083947049044,24371.434013873666,1842.3101579094814
2020-08-16,2020,8,LATO,16.936212508416418,51.4637215403788,18627.36911498288,1842.3178826894466
2020-08-16,2020,8,LATO,16.999094578304778,51.4637215403788,21722.42063875436,1842.3101822274398
2020-08-16,2020,8,LATO,16.873330438528058,51.52660361026717,10545.29493488944,1859.9621632426908
2020-08-16,2020,8,LATO,16.936212508416418,51.52660361026717,14067.012187618657,1850.5533780508977
2020-08-16,2020,8,LATO,16.999094578304778,51.52660361026717,17960.898941674182,1845.6396805612192
2020-08-16,2020,8,LATO,17.061976648193152,51.52660361026717,22030.48594812989,1845.1396019349477
2020-08-16,2020,8,LATO,16.62180215897459,51.58948568015553,9680.685103001815,1869.1308513276322
2020-08-16,2020,8,LATO,16.68468422886295,51.58948568015553,5323.667900434454,1868.9311493951989
2020-08-16,2020,8,LATO,16.747566298751323,51.58948568015553,974.8417627006842,1868.9311714984058
2020-08-16,2020,8,LATO,16.810448368639683,51.58948568015553,3397.398115693825,1866.1400029944086
2020-08-16,2020,8,LATO,16.873330438528058,51.58948568015553,7753.542711059396,1864.270548096107
2020-08-16,2020,8,LATO,16.936212508416418,51.58948568015553,12110.970744816213,1860.0172358722616
2020-08-16,2020,8,LATO,16.999094578304778,51.58948568015553,16468.661553650425,1859.0540424964936
2020-08-16,2020,8,LATO,17.061976648193152,51.58948568015553,20826.447979074637,1864.2701317762212
2020-08-16,2020,8,LATO,16.558920089086214,51.65236775004391,15610.6906832576,1863.4740060029606
2020-08-16,2020,8,LATO,16.62180215897459,51.65236775004391,11852.39089704791,1866.7951638722138
2020-08-16,2020,8,LATO,16.68468422886295,51.65236775004391,8671.52350166808,1871.5477294922557
2020-08-16,2020,8,LATO,16.747566298751323,51.65236775004391,6916.800965883156,1871.2299710767043
2020-08-16,2020,8,LATO,16.810448368639683,51.65236775004391,7643.261730039364,1855.8155634760506
2020-08-16,2020,8,LATO,16.873330438528058,51.65236775004391,10340.568804494884,1855.4420295133075
2020-08-16,2020,8,LATO,16.936212508416418,51.65236775004391,13905.608612355578,1861.7669840356555
2020-08-16,2020,8,LATO,16.999094578304778,51.65236775004391,17825.126315195066,1868.5593355075603
2020-08-16,2020,8,LATO,17.061976648193152,51.65236775004391,21909.69614978755,1890.2098533446344
2020-08-16,2020,8,LATO,16.496038019197854,51.71524981993227,23003.54307865302,1873.3845821070931
2020-08-16,2020,8,LATO,16.558920089086214,51.71524981993227,19703.132054140966,1863.474024766574
2020-08-16,2020,8,LATO,16.62180215897459,51.71524981993227,16886.14595867417,1863.473992562302
2020-08-16,2020,8,LATO,16.68468422886295,51.71524981993227,14830.66332409721,1865.097903319402
2020-08-16,2020,8,LATO,16.747566298751323,51.71524981993227,13879.239392912077,1867.2929270524705
2020-08-16,2020,8,LATO,16.810448368639683,51.71524981993227,14254.681815939919,1858.7264702332932
2020-08-16,2020,8,LATO,16.873330438528058,51.71524981993227,15863.05856535995,1857.8007096258104
2020-08-16,2020,8,LATO,16.936212508416418,51.71524981993227,18383.56382484432,1855.9186526170781
2020-08-16,2020,8,LATO,16.999094578304778,51.71524981993227,21497.728617851728,1873.898154200696
2020-08-16,2020,8,LATO,16.747566298751323,51.77813188982064,20864.489387353173,1861.4386038101204
2020-08-16,2020,8,LATO,16.810448368639683,51.77813188982064,21115.750942875457,1861.438603250945
2020-08-16,2020,8,LATO,16.873330438528058,51.77813188982064,22231.698224910313,1861.4385986327839
2020-08-16,2020,8,LATO,16.936212508416418,51.77813188982064,24092.475808748924,1889.9970210253055
2020-08-17,2020,8,LATO,16.43315594930948,51.54061071226498,23440.545639322783,1855.1466185302286
2020-08-17,2020,8,LATO,16.747566298751323,51.54061071226498,5667.35801862085,1865.1074606280465
2020-08-17,2020,8,LATO,16.810448368639683,51.54061071226498,6536.226548105053,1863.8609619140339
2020-08-17,2020,8,LATO,16.873330438528058,51.54061071226498,9557.687980589248,1863.8609580437303
2020-08-17,2020,8,LATO,16.936212508416418,51.54061071226498,13341.679606022066,1863.8609291554105
2020-08-17,2020,8,LATO,16.43315594930948,51.603492782153346,22793.594348751678,1855.146607288441
2020-08-17,2020,8,LATO,16.496038019197854,51.603492782153346,18446.67913763406,1855.146602943684
2020-08-17,2020,8,LATO,16.558920089086214,51.603492782153346,14106.140104636735,1855.146602131093
2020-08-17,2020,8,LATO,16.747566298751323,51.603492782153346,1709.0616833478493,1865.6192494800853
2020-08-17,2020,8,LATO,16.810448368639683,51.603492782153346,3675.544120111543,1865.6192501885919
2020-08-17,2020,8,LATO,16.873330438528058,51.603492782153346,7878.438562449688,1865.6192626952839
2020-08-17,2020,8,LATO,16.936212508416418,51.603492782153346,12190.215766126035,1864.3696187698881
2020-08-17,2020,8,LATO,16.999094578304778,51.603492782153346,16525.866336422878,1863.8655262360824
2020-08-17,2020,8,LATO,16.43315594930948,51.66637485204171,24239.07115636477,1855.1465631471128
2020-08-17,2020,8,LATO,16.496038019197854,51.66637485204171,20211.68733440041,1855.146601969725
2020-08-17,2020,8,LATO,16.558920089086214,51.66637485204171,16352.699622122209,1855.1466072780984
2020-08-17,2020,8,LATO,16.62180215897459,51.66637485204171,12815.152443151623,1855.1466235004718
2020-08-17,2020,8,LATO,16.810448368639683,51.66637485204171,9066.077173243295,1865.619285103553
2020-08-17,2020,8,LATO,16.873330438528058,51.66637485204171,11431.827676778765,1865.6192295408555
2020-08-17,2020,8,LATO,16.936212508416418,51.66637485204171,14734.26599819491,1865.6192626953484
2020-08-17,2020,8,LATO,16.999094578304778,51.66637485204171,18477.808845149637,1865.2529637060663
2020-08-21,2020,8,LATO,16.62180215897459,51.40083947049044,23254.847095681358,1855.2316897330866
2020-08-21,2020,8,LATO,16.68468422886295,51.40083947049044,21797.786666906275,1846.0736068875865
2020-08-21,2020,8,LATO,16.747566298751323,51.40083947049044,21157.48578886168,1845.2431496630727
2020-08-21,2020,8,LATO,16.810448368639683,51.40083947049044,21407.357711274257,1856.1998654447802
2020-08-21,2020,8,LATO,16.873330438528058,51.40083947049044,22517.788621954765,1854.9413791617199
2020-08-21,2020,8,LATO,16.936212508416418,51.40083947049044,24371.434013873666,1854.6912772500311
2020-08-21,2020,8,LATO,16.496038019197854,51.4637215403788,23221.655866634956,1859.1927550091536
2020-08-21,2020,8,LATO,16.558920089086214,51.4637215403788,19937.782866578178,1858.997377548699
2020-08-21,2020,8,LATO,16.62180215897459,51.4637215403788,17142.72219448327,1860.4826633227256
2020-08-21,2020,8,LATO,16.68468422886295,51.4637215403788,15110.213652159038,1857.9257146338732
2020-08-21,2020,8,LATO,16.747566298751323,51.4637215403788,14172.226558074315,1853.9034432062779
2020-08-21,2020,8,LATO,16.810448368639683,51.4637215403788,14542.116957387956,1858.5272433166067
2020-08-21,2020,8,LATO,16.873330438528058,51.4637215403788,16130.160751311088,1858.4076210716999
2020-08-21,2020,8,LATO,16.936212508416418,51.4637215403788,18627.36911498288,1855.7803827631328
2020-08-21,2020,8,LATO,16.999094578304778,51.4637215403788,21722.42063875436,1857.5383879309527
2020-08-21,2020,8,LATO,16.43315594930948,51.52660361026717,23863.227315876185,1851.623168945248
2020-08-21,2020,8,LATO,16.496038019197854,51.52660361026717,19745.4553178684,1855.5659671650894
2020-08-21,2020,8,LATO,16.558920089086214,51.52660361026717,15759.051386492412,1847.1115866090577
2020-08-21,2020,8,LATO,16.62180215897459,51.52660361026717,12035.274011756592,1851.01893650106
2020-08-21,2020,8,LATO,16.68468422886295,51.52660361026717,8909.73997268753,1859.120749621922
2020-08-21,2020,8,LATO,16.747566298751323,51.52660361026717,7207.957664413257,1854.047241210873
2020-08-21,2020,8,LATO,16.810448368639683,51.52660361026717,7909.564677749198,1855.9893923923205
2020-08-21,2020,8,LATO,16.873330438528058,51.52660361026717,10545.29493488944,1857.4380911000842
2020-08-21,2020,8,LATO,16.936212508416418,51.52660361026717,14067.012187618657,1862.7390980725825
2020-08-21,2020,8,LATO,16.999094578304778,51.52660361026717,17960.898941674182,1858.5286320903722
2020-08-21,2020,8,LATO,17.061976648193152,51.52660361026717,22030.48594812989,1855.0969840248451
2020-08-21,2020,8,LATO,16.43315594930948,51.58948568015553,22753.819827213272,1854.6959390620543
2020-08-21,2020,8,LATO,16.496038019197854,51.58948568015553,18396.010245633624,1839.2666111501683
2020-08-21,2020,8,LATO,16.558920089086214,51.58948568015553,14038.267006941034,1834.7838047326604
2020-08-21,2020,8,LATO,16.62180215897459,51.58948568015553,9680.685103001815,1843.06548358779
2020-08-21,2020,8,LATO,16.68468422886295,51.58948568015553,5323.667900434454,1854.03648973261
2020-08-21,2020,8,LATO,16.747566298751323,51.58948568015553,974.8417627006842,1854.1717163580615
2020-08-21,2020,8,LATO,16.810448368639683,51.58948568015553,3397.398115693825,1854.0571102814054
2020-08-21,2020,8,LATO,16.873330438528058,51.58948568015553,7753.542711059396,1859.732918210386
2020-08-21,2020,8,LATO,16.936212508416418,51.58948568015553,12110.970744816213,1864.9489141645042
2020-08-21,2020,8,LATO,16.999094578304778,51.58948568015553,16468.661553650425,1864.6398937336328
2020-08-21,2020,8,LATO,17.061976648193152,51.58948568015553,20826.447979074637,1870.4139612175131
2020-08-21,2020,8,LATO,16.43315594930948,51.65236775004391,23746.876904474848,1862.735323422967
2020-08-21,2020,8,LATO,16.496038019197854,51.65236775004391,19617.30613738718,1860.1697041050384
2020-08-21,2020,8,LATO,16.558920089086214,51.65236775004391,15610.6906832576,1859.1672291817347
2020-08-21,2020,8,LATO,16.62180215897459,51.65236775004391,11852.39089704791,1858.5776709823776
2020-08-21,2020,8,LATO,16.68468422886295,51.65236775004391,8671.52350166808,1859.354542417795
2020-08-21,2020,8,LATO,16.747566298751323,51.65236775004391,6916.800965883156,1859.169322418208
2020-08-21,2020,8,LATO,16.810448368639683,51.65236775004391,7643.261730039364,1861.2533824313678
2020-08-21,2020,8,LATO,16.873330438528058,51.65236775004391,10340.568804494884,1865.8881386697985
2020-08-21,2020,8,LATO,16.936212508416418,51.65236775004391,13905.608612355578,1867.6194250747455
2020-08-21,2020,8,LATO,16.999094578304778,51.65236775004391,17825.126315195066,1870.208741965775
2020-08-21,2020,8,LATO,17.061976648193152,51.65236775004391,21909.69614978755,1884.9277216381913
2020-08-21,2020,8,LATO,16.496038019197854,51.71524981993227,23003.54307865302,1862.1270655076596
2020-08-21,2020,8,LATO,16.558920089086214,51.71524981993227,19703.132054140966,1861.2835693360055
2020-08-21,2020,8,LATO,16.62180215897459,51.71524981993227,16886.14595867417,1862.0510070213052
2020-08-21,2020,8,LATO,16.68468422886295,51.71524981993227,14830.66332409721,1860.0455322266305
2020-08-21,2020,8,LATO,16.747566298751323,51.71524981993227,13879.239392912077,1859.911147578025
2020-08-21,2020,8,LATO,16.810448368639683,51.71524981993227,14254.681815939919,1860.2934081843594
2020-08-21,2020,8,LATO,16.873330438528058,51.71524981993227,15863.05856535995,1858.8281249999714
2020-08-21,2020,8,LATO,16.936212508416418,51.71524981993227,18383.56382484432,1864.7452884829445
2020-08-21,2020,8,LATO,16.999094578304778,51.71524981993227,21497.728617851728,1874.5599592940534
2020-08-21,2020,8,LATO,16.62180215897459,51.77813188982064,22971.878534836967,1854.9241993278958
2020-08-21,2020,8,LATO,16.68468422886295,51.77813188982064,21508.238461283257,1862.3276980235423
2020-08-21,2020,8,LATO,16.747566298751323,51.77813188982064,20864.489387353173,1865.7848279682737
2020-08-21,2020,8,LATO,16.810448368639683,51.77813188982064,21115.750942875457,1867.2377434179787
2020-08-21,2020,8,LATO,16.873330438528058,51.77813188982064,22231.698224910313,1868.9217534266672
2020-08-21,2020,8,LATO,16.936212508416418,51.77813188982064,24092.475808748924,1873.0440017721594
2020-08-21,2020,8,LATO,16.62180215897459,51.58598390465609,9694.799009384697,1854.7102378486884
2020-08-21,2020,8,LATO,16.68468422886295,51.58598390465609,5348.820204951136,1854.71018370725
2020-08-21,2020,8,LATO,16.747566298751323,51.58598390465609,1103.0179874295377,1854.7101998787864
2020-08-21,2020,8,LATO,16.43315594930948,51.64886597454445,23638.28584691703,1860.0811824566986
2020-08-21,2020,8,LATO,16.496038019197854,51.64886597454445,19485.361118377947,1861.3259753319019
2020-08-21,2020,8,LATO,16.558920089086214,51.64886597454445,15444.202292430888,1861.9483694101375
2020-08-21,2020,8,LATO,16.62180215897459,51.64886597454445,11631.892909325215,1863.168993692297
2020-08-21,2020,8,LATO,16.68468422886295,51.64886597454445,8367.319927124407,1864.413786590203
2020-08-21,2020,8,LATO,16.747566298751323,51.64886597454445,6531.213225113952,1864.746841272575
2020-08-21,2020,8,LATO,16.496038019197854,51.711748044432824,22771.73051723622,1864.5295918710617
2020-08-21,2020,8,LATO,16.558920089086214,51.711748044432824,19431.707058542906,1864.49103784043
2020-08-21,2020,8,LATO,16.62180215897459,51.711748044432824,16568.39718798141,1864.4121406135725
2020-08-21,2020,8,LATO,16.68468422886295,51.711748044432824,14467.66726292311,1864.3340932679823
2020-08-28,2020,8,LATO,16.873330438528058,51.397337694990995,22883.963606117784,1878.5308667124348
2020-08-28,2020,8,LATO,16.810448368639683,51.460219764879355,14921.234213841115,1868.0853273754012
2020-08-28,2020,8,LATO,16.873330438528058,51.460219764879355,16472.883086708727,1870.1066084747902
2020-08-28,2020,8,LATO,16.936212508416418,51.460219764879355,18925.097335390772,1870.7778283231887
2020-08-28,2020,8,LATO,16.999094578304778,51.460219764879355,21978.479013967186,1871.1042827074407
2020-08-28,2020,8,LATO,16.810448368639683,51.523101834767715,8263.16565722542,1854.5482368333924
2020-08-28,2020,8,LATO,16.873330438528058,51.523101834767715,10813.21697783749,1854.548213687011
2020-08-28,2020,8,LATO,16.936212508416418,51.523101834767715,14269.193705405069,1854.5482154752774
2020-08-28,2020,8,LATO,16.999094578304778,51.523101834767715,18119.94787646938,1854.5482197360316
2021-01-31,2021,1,ZIMA,16.63230748547294,51.39033414399208,24040.75037827768,1867.2969695430188
2021-01-31,2021,1,ZIMA,16.695189555361306,51.39033414399208,22774.361202252046,1865.5843505860057
2021-01-31,2021,1,ZIMA,16.758071625249674,51.39033414399208,22305.47501033657,1866.2550336561483
2021-01-31,2021,1,ZIMA,16.82095369513804,51.39033414399208,22683.599851816612,1867.1021474508595
2021-01-31,2021,1,ZIMA,16.883835765026408,51.39033414399208,23868.515249312062,1875.699189445145
2021-01-31,2021,1,ZIMA,16.50654334569621,51.45321621388044,23396.738235416302,1875.6211811583535
2021-01-31,2021,1,ZIMA,16.569425415584575,51.45321621388044,20298.01174458644,1868.0648144436054
2021-01-31,2021,1,ZIMA,16.63230748547294,51.45321621388044,17740.006059764815,1889.8157010668062
2021-01-31,2021,1,ZIMA,16.695189555361306,51.45321621388044,15984.460380881492,1884.448126180884
2021-01-31,2021,1,ZIMA,16.758071625249674,51.45321621388044,15309.953112466403,1878.9109793983296
2021-01-31,2021,1,ZIMA,16.82095369513804,51.45321621388044,15855.056231952789,1873.9680903685348
2021-01-31,2021,1,ZIMA,16.883835765026408,51.45321621388044,17506.212359873636,1884.8538818359696
2021-01-31,2021,1,ZIMA,16.94671783491477,51.45321621388044,19991.21689898653,1882.0546808025006
2021-01-31,2021,1,ZIMA,17.00959990480314,51.45321621388044,23041.845730008954,1877.5619895260456
2021-01-31,2021,1,ZIMA,16.44366127580784,51.51609828376883,23558.084958616277,1888.0678006389269
2021-01-31,2021,1,ZIMA,16.50654334569621,51.51609828376883,19537.84054011882,1876.7510726793755
2021-01-31,2021,1,ZIMA,16.569425415584575,51.51609828376883,15700.8009096385,1873.5414767143561
2021-01-31,2021,1,ZIMA,16.63230748547294,51.51609828376883,12220.773060573265,1881.0961201320251
2021-01-31,2021,1,ZIMA,16.695189555361306,51.51609828376883,9498.617637244897,1888.2625471598058
2021-01-31,2021,1,ZIMA,16.758071625249674,51.51609828376883,8315.313151789731,1889.3769936200056
2021-01-31,2021,1,ZIMA,16.82095369513804,51.51609828376883,9279.50594577174,1889.527476317786
2021-01-31,2021,1,ZIMA,16.883835765026408,51.51609828376883,11879.320814836998,1886.968125511498
2021-01-31,2021,1,ZIMA,16.94671783491477,51.51609828376883,15302.66637249264,1871.2125992078413
2021-01-31,2021,1,ZIMA,17.00959990480314,51.51609828376883,19112.015949548942,1871.946370528681
2021-01-31,2021,1,ZIMA,17.072481974691506,51.51609828376883,23117.327117444216,1878.3268010150007
2021-01-31,2021,1,ZIMA,16.44366127580784,51.57898035365719,22067.09312874936,1851.5885174222365
2021-01-31,2021,1,ZIMA,16.50654334569621,51.57898035365719,17718.327792455035,1850.6038214172345
2021-01-31,2021,1,ZIMA,16.569425415584575,51.57898035365719,13375.848816009768,1871.7947159123678
2021-01-31,2021,1,ZIMA,16.63230748547294,51.57898035365719,9048.716728001045,1872.8539187887945
2021-01-31,2021,1,ZIMA,16.695189555361306,51.57898035365719,4778.811626111381,1869.8097469751144
2021-01-31,2021,1,ZIMA,16.758071625249674,51.57898035365719,1336.6685605293208,1869.9878245196985
2021-01-31,2021,1,ZIMA,16.82095369513804,51.57898035365719,4327.607486410343,1874.6248901865702
2021-01-31,2021,1,ZIMA,16.883835765026408,51.57898035365719,8582.63182821231,1883.6560354412507
2021-01-31,2021,1,ZIMA,16.94671783491477,51.57898035365719,12906.850162773397,1888.7354569354884
2021-01-31,2021,1,ZIMA,17.00959990480314,51.57898035365719,17248.297114973437,1866.4035847576583
2021-01-31,2021,1,ZIMA,17.072481974691506,51.57898035365719,21596.582807123174,1862.293701171907
2021-01-31,2021,1,ZIMA,16.44366127580784,51.64186242354555,22733.774236944053,1885.5183530098786
2021-01-31,2021,1,ZIMA,16.50654334569621,51.64186242354555,18548.47434255549,1884.9644127421222
2021-01-31,2021,1,ZIMA,16.569425415584575,51.64186242354555,14463.97307729854,1875.0407288978379
2021-01-31,2021,1,ZIMA,16.63230748547294,51.64186242354555,10597.473779019278,1875.3583530819812
2021-01-31,2021,1,ZIMA,16.695189555361306,51.64186242354555,7303.820656026393,1887.384908349433
2021-01-31,2021,1,ZIMA,16.758071625249674,51.64186242354555,5685.470440609392,1886.3461876681401
2021-01-31,2021,1,ZIMA,16.82095369513804,51.64186242354555,7017.3089844368305,1876.2154810887191
2021-01-31,2021,1,ZIMA,16.883835765026408,51.64186242354555,10202.945413633863,1891.234008789095
2021-01-31,2021,1,ZIMA,16.94671783491477,51.64186242354555,14031.998661490588,1890.865236252481
2021-01-31,2021,1,ZIMA,17.00959990480314,51.64186242354555,18100.64101576137,1883.2545643402134
2021-01-31,2021,1,ZIMA,17.072481974691506,51.64186242354555,22277.9856371743,1882.119883067917
2021-01-31,2021,1,ZIMA,16.50654334569621,51.70474449343391,21726.73189986778,1890.8980145070964
2021-01-31,2021,1,ZIMA,16.569425415584575,51.70474449343391,18368.400870511905,1875.517064693525
2021-01-31,2021,1,ZIMA,16.63230748547294,51.70474449343391,15512.327393546435,1879.3312888560638
2021-01-31,2021,1,ZIMA,16.695189555361306,51.70474449343391,13481.59372237837,1882.9176838642798
2021-01-31,2021,1,ZIMA,16.758071625249674,51.70474449343391,12679.166548422323,1887.543347578152
2021-01-31,2021,1,ZIMA,16.82095369513804,51.70474449343391,13328.76158161471,1888.946930014238
2021-01-31,2021,1,ZIMA,16.883835765026408,51.70474449343391,15245.895114827508,1886.4648266412319
2021-01-31,2021,1,ZIMA,16.94671783491477,51.70474449343391,18030.686749865705,1886.287954444373
2021-01-31,2021,1,ZIMA,17.00959990480314,51.70474449343391,21346.215108421282,1882.395345985637
2021-01-31,2021,1,ZIMA,16.569425415584575,51.767626563322295,23737.980709715666,1877.977772739067
2021-01-31,2021,1,ZIMA,16.63230748547294,51.767626563322295,21606.947002294517,1878.7331542969437
2021-01-31,2021,1,ZIMA,16.695189555361306,51.767626563322295,20200.56706752922,1883.5005922853527
2021-01-31,2021,1,ZIMA,16.758071625249674,51.767626563322295,19674.85473951676,1886.921050120914
2021-01-31,2021,1,ZIMA,16.82095369513804,51.767626563322295,20099.032512508216,1883.5345513422508
2021-01-31,2021,1,ZIMA,16.883835765026408,51.767626563322295,21416.735201237527,1876.9110227720355
2021-01-31,2021,1,ZIMA,16.94671783491477,51.767626563322295,23477.99608168023,1877.8728794616543
2021-02-01,2021,2,ZIMA,16.94671783491477,51.57898035365719,12906.850162773397,1889.8232419187354
2021-02-01,2021,2,ZIMA,17.00959990480314,51.57898035365719,17248.297114973437,1889.8232272874857
2021-02-01,2021,2,ZIMA,17.072481974691506,51.57898035365719,21596.582807123174,1889.8232518253792
2021-02-01,2021,2,ZIMA,16.883835765026408,51.64186242354555,10202.945413633863,1897.1700657510605
2021-02-01,2021,2,ZIMA,16.94671783491477,51.64186242354555,14031.998661490588,1897.1700515613743
2021-02-01,2021,2,ZIMA,17.00959990480314,51.64186242354555,18100.64101576137,1903.3017432501222
2021-02-01,2021,2,ZIMA,17.072481974691506,51.64186242354555,22277.9856371743,1903.741087260016
2021-02-01,2021,2,ZIMA,16.883835765026408,51.70474449343391,15245.895114827508,1897.1700484543844
2021-02-01,2021,2,ZIMA,16.94671783491477,51.70474449343391,18030.686749865705,1897.1700416026076
2021-02-01,2021,2,ZIMA,17.00959990480314,51.70474449343391,21346.215108421282,1897.1699586655109
2021-02-12,2021,2,ZIMA,17.00959990480314,51.51609828376883,19112.015949548942,1876.897754121035
2021-02-12,2021,2,ZIMA,17.072481974691506,51.51609828376883,23117.327117444216,1876.8977010830959
2021-02-12,2021,2,ZIMA,17.00959990480314,51.57898035365719,17248.297114973437,1876.897688658589
2021-02-12,2021,2,ZIMA,17.072481974691506,51.57898035365719,21596.582807123174,1876.897707991852
2021-02-21,2021,2,ZIMA,16.695189555361306,51.39033414399208,22774.361202252046,1864.829911418009
2021-02-21,2021,2,ZIMA,16.758071625249674,51.39033414399208,22305.47501033657,1863.156349975541
2021-02-21,2021,2,ZIMA,16.82095369513804,51.39033414399208,22683.599851816612,1861.7806356528904
2021-02-21,2021,2,ZIMA,16.883835765026408,51.39033414399208,23868.515249312062,1861.780648101465
2021-02-21,2021,2,ZIMA,16.50654334569621,51.45321621388044,23396.738235416302,1873.249071181041
2021-02-21,2021,2,ZIMA,16.569425415584575,51.45321621388044,20298.01174458644,1866.0249255074316
2021-02-21,2021,2,ZIMA,16.63230748547294,51.45321621388044,17740.006059764815,1867.4375030505398
2021-02-21,2021,2,ZIMA,16.695189555361306,51.45321621388044,15984.460380881492,1871.184890617508
2021-02-21,2021,2,ZIMA,16.758071625249674,51.45321621388044,15309.953112466403,1871.1432115388736
2021-02-21,2021,2,ZIMA,16.44366127580784,51.51609828376883,23558.084958616277,1867.8360441204575
2021-02-21,2021,2,ZIMA,16.50654334569621,51.51609828376883,19537.84054011882,1865.564323778811
2021-02-21,2021,2,ZIMA,16.569425415584575,51.51609828376883,15700.8009096385,1867.4265149383311
2021-02-21,2021,2,ZIMA,16.63230748547294,51.51609828376883,12220.773060573265,1870.1042950534768
2021-02-21,2021,2,ZIMA,16.695189555361306,51.51609828376883,9498.617637244897,1871.4581321570006
2021-02-21,2021,2,ZIMA,16.758071625249674,51.51609828376883,8315.313151789731,1871.4581527685473
2021-02-21,2021,2,ZIMA,16.44366127580784,51.57898035365719,22067.09312874936,1859.3552181528921
2021-02-21,2021,2,ZIMA,16.50654334569621,51.57898035365719,17718.327792455035,1847.5481795294497
2021-02-21,2021,2,ZIMA,16.569425415584575,51.57898035365719,13375.848816009768,1859.1078593927914
2021-02-21,2021,2,ZIMA,16.63230748547294,51.57898035365719,9048.716728001045,1866.3219309533818
2021-02-21,2021,2,ZIMA,16.695189555361306,51.57898035365719,4778.811626111381,1865.5368239292227
2021-02-21,2021,2,ZIMA,16.94671783491477,51.57898035365719,12906.850162773397,1876.5717909007508
2021-02-21,2021,2,ZIMA,16.44366127580784,51.64186242354555,22733.774236944053,1881.1079494595483
2021-02-21,2021,2,ZIMA,16.50654334569621,51.64186242354555,18548.47434255549,1878.9057830451382
2021-02-21,2021,2,ZIMA,16.569425415584575,51.64186242354555,14463.97307729854,1870.5189003976893
2021-02-21,2021,2,ZIMA,16.63230748547294,51.64186242354555,10597.473779019278,1871.3223936227118
2021-02-21,2021,2,ZIMA,16.695189555361306,51.64186242354555,7303.820656026393,1861.1925932113738
2021-02-21,2021,2,ZIMA,16.758071625249674,51.64186242354555,5685.470440609392,1860.5328532993844
2021-02-21,2021,2,ZIMA,16.82095369513804,51.64186242354555,7017.3089844368305,1872.6525878905964
2021-02-21,2021,2,ZIMA,16.883835765026408,51.64186242354555,10202.945413633863,1873.1736143311364
2021-02-21,2021,2,ZIMA,16.94671783491477,51.64186242354555,14031.998661490588,1874.4436100739986
2021-02-21,2021,2,ZIMA,17.00959990480314,51.64186242354555,18100.64101576137,1878.1508311764185
2021-02-21,2021,2,ZIMA,17.072481974691506,51.64186242354555,22277.9856371743,1885.7829239235373
2021-02-21,2021,2,ZIMA,16.50654334569621,51.70474449343391,21726.73189986778,1882.1494816766983
2021-02-21,2021,2,ZIMA,16.569425415584575,51.70474449343391,18368.400870511905,1865.992816279164
2021-02-21,2021,2,ZIMA,16.63230748547294,51.70474449343391,15512.327393546435,1866.3858982023742
2021-02-21,2021,2,ZIMA,16.695189555361306,51.70474449343391,13481.59372237837,1866.5958251953807
2021-02-21,2021,2,ZIMA,16.758071625249674,51.70474449343391,12679.166548422323,1866.572149769606
2021-02-21,2021,2,ZIMA,16.82095369513804,51.70474449343391,13328.76158161471,1871.2627620539693
2021-02-21,2021,2,ZIMA,16.883835765026408,51.70474449343391,15245.895114827508,1873.9547513747293
2021-02-21,2021,2,ZIMA,16.94671783491477,51.70474449343391,18030.686749865705,1874.4770846461313
2021-02-21,2021,2,ZIMA,17.00959990480314,51.70474449343391,21346.215108421282,1882.9383304535274
2021-02-21,2021,2,ZIMA,16.569425415584575,51.767626563322295,23737.980709715666,1854.3614515445488
2021-02-21,2021,2,ZIMA,16.63230748547294,51.767626563322295,21606.947002294517,1865.4559853297012
2021-02-21,2021,2,ZIMA,16.695189555361306,51.767626563322295,20200.56706752922,1872.2426820102107
2021-02-21,2021,2,ZIMA,16.758071625249674,51.767626563322295,19674.85473951676,1872.6965320456025
2021-02-21,2021,2,ZIMA,16.82095369513804,51.767626563322295,20099.032512508216,1872.4581423766265
2021-02-21,2021,2,ZIMA,16.883835765026408,51.767626563322295,21416.735201237527,1879.0251339113627
2021-02-21,2021,2,ZIMA,16.94671783491477,51.767626563322295,23477.99608168023,1878.6508636705423
2021-02-22,2021,2,ZIMA,16.82095369513804,51.39033414399208,22683.599851816612,1878.4836906427702
2021-02-22,2021,2,ZIMA,16.883835765026408,51.39033414399208,23868.515249312062,1877.5285798856119
2021-02-22,2021,2,ZIMA,16.50654334569621,51.45321621388044,23396.738235416302,1865.242689743199
2021-02-22,2021,2,ZIMA,16.569425415584575,51.45321621388044,20298.01174458644,1873.995891345965
2021-02-22,2021,2,ZIMA,16.758071625249674,51.45321621388044,15309.953112466403,1880.3479054034947
2021-02-22,2021,2,ZIMA,16.82095369513804,51.45321621388044,15855.056231952789,1880.3478933111032
2021-02-22,2021,2,ZIMA,16.44366127580784,51.51609828376883,23558.084958616277,1861.4895649827488
2021-02-22,2021,2,ZIMA,16.50654334569621,51.51609828376883,19537.84054011882,1867.3738138907088
2021-02-22,2021,2,ZIMA,16.569425415584575,51.51609828376883,15700.8009096385,1873.9958515273997
2021-02-22,2021,2,ZIMA,16.63230748547294,51.51609828376883,12220.773060573265,1867.6925532163714
2021-02-22,2021,2,ZIMA,16.695189555361306,51.51609828376883,9498.617637244897,1863.002461717801
2021-02-22,2021,2,ZIMA,16.82095369513804,51.51609828376883,9279.50594577174,1880.3479325856847
2021-02-22,2021,2,ZIMA,16.44366127580784,51.57898035365719,22067.09312874936,1861.1465605196227
2021-02-22,2021,2,ZIMA,16.50654334569621,51.57898035365719,17718.327792455035,1851.6390149912904
2021-02-22,2021,2,ZIMA,16.569425415584575,51.57898035365719,13375.848816009768,1860.0308233912408
2021-02-22,2021,2,ZIMA,16.63230748547294,51.57898035365719,9048.716728001045,1865.8660222999213
2021-02-22,2021,2,ZIMA,16.695189555361306,51.57898035365719,4778.811626111381,1866.121222538732
2021-02-22,2021,2,ZIMA,16.883835765026408,51.57898035365719,8582.63182821231,1870.425660156342
2021-02-22,2021,2,ZIMA,16.94671783491477,51.57898035365719,12906.850162773397,1870.1812744140987
2021-02-22,2021,2,ZIMA,17.00959990480314,51.57898035365719,17248.297114973437,1877.02577464597
2021-02-22,2021,2,ZIMA,17.072481974691506,51.57898035365719,21596.582807123174,1880.2539223298634
2021-02-22,2021,2,ZIMA,16.44366127580784,51.64186242354555,22733.774236944053,1884.3781233897685
2021-02-22,2021,2,ZIMA,16.50654334569621,51.64186242354555,18548.47434255549,1885.0602685050392
2021-02-22,2021,2,ZIMA,16.569425415584575,51.64186242354555,14463.97307729854,1865.4264638392387
2021-02-22,2021,2,ZIMA,16.63230748547294,51.64186242354555,10597.473779019278,1865.280270711833
2021-02-22,2021,2,ZIMA,16.695189555361306,51.64186242354555,7303.820656026393,1884.3194760890362
2021-02-22,2021,2,ZIMA,16.758071625249674,51.64186242354555,5685.470440609392,1882.784335313389
2021-02-22,2021,2,ZIMA,16.82095369513804,51.64186242354555,7017.3089844368305,1867.8524186170669
2021-02-22,2021,2,ZIMA,16.883835765026408,51.64186242354555,10202.945413633863,1873.6017176119967
2021-02-22,2021,2,ZIMA,16.94671783491477,51.64186242354555,14031.998661490588,1875.9438352171592
2021-02-22,2021,2,ZIMA,17.00959990480314,51.64186242354555,18100.64101576137,1879.1133516963057
2021-02-22,2021,2,ZIMA,17.072481974691506,51.64186242354555,22277.9856371743,1879.2430599850898
2021-02-22,2021,2,ZIMA,16.50654334569621,51.70474449343391,21726.73189986778,1879.339758373546
2021-02-22,2021,2,ZIMA,16.569425415584575,51.70474449343391,18368.400870511905,1862.5645871932354
2021-02-22,2021,2,ZIMA,16.63230748547294,51.70474449343391,15512.327393546435,1871.07325285546
2021-02-22,2021,2,ZIMA,16.695189555361306,51.70474449343391,13481.59372237837,1882.4059198520388
2021-02-22,2021,2,ZIMA,16.758071625249674,51.70474449343391,12679.166548422323,1879.164525118421
2021-02-22,2021,2,ZIMA,16.82095369513804,51.70474449343391,13328.76158161471,1875.1361768104728
2021-02-22,2021,2,ZIMA,16.883835765026408,51.70474449343391,15245.895114827508,1870.922938027096
2021-02-22,2021,2,ZIMA,16.94671783491477,51.70474449343391,18030.686749865705,1871.7535780846542
2021-02-22,2021,2,ZIMA,17.00959990480314,51.70474449343391,21346.215108421282,1878.1093749999707
2021-02-22,2021,2,ZIMA,16.569425415584575,51.767626563322295,23737.980709715666,1871.9008397373868
2021-02-22,2021,2,ZIMA,16.63230748547294,51.767626563322295,21606.947002294517,1881.3308105469437
2021-02-22,2021,2,ZIMA,16.695189555361306,51.767626563322295,20200.56706752922,1876.2140404044496
2021-02-22,2021,2,ZIMA,16.758071625249674,51.767626563322295,19674.85473951676,1872.207702932863
2021-02-22,2021,2,ZIMA,16.82095369513804,51.767626563322295,20099.032512508216,1866.28987848396
2021-02-22,2021,2,ZIMA,16.883835765026408,51.767626563322295,21416.735201237527,1865.6711758408496
2021-02-22,2021,2,ZIMA,16.94671783491477,51.767626563322295,23477.99608168023,1872.1011087227819
2021-02-25,2021,2,ZIMA,16.82095369513804,51.57898035365719,4327.607486410343,1893.1967497637847
2021-02-25,2021,2,ZIMA,16.883835765026408,51.57898035365719,8582.63182821231,1893.196846864291
2021-02-25,2021,2,ZIMA,16.82095369513804,51.64186242354555,7017.3089844368305,1891.9866503371097
2021-02-25,2021,2,ZIMA,16.883835765026408,51.64186242354555,10202.945413633863,1892.8763631981537
2021-02-25,2021,2,ZIMA,16.94671783491477,51.64186242354555,14031.998661490588,1893.1957865848483
2021-02-25,2021,2,ZIMA,17.00959990480314,51.64186242354555,18100.64101576137,1893.196783667303
2021-02-25,2021,2,ZIMA,17.072481974691506,51.64186242354555,22277.9856371743,1893.1967315805935
2021-02-25,2021,2,ZIMA,16.758071625249674,51.70474449343391,12679.166548422323,1890.85918956165
2021-02-25,2021,2,ZIMA,16.82095369513804,51.70474449343391,13328.76158161471,1891.9856033012547
2021-02-25,2021,2,ZIMA,16.883835765026408,51.70474449343391,15245.895114827508,1891.9855957031575
2021-02-25,2021,2,ZIMA,16.94671783491477,51.70474449343391,18030.686749865705,1892.2357891056586
2021-02-25,2021,2,ZIMA,17.00959990480314,51.70474449343391,21346.215108421282,1893.1868935717046
2021-02-25,2021,2,ZIMA,16.695189555361306,51.767626563322295,20200.56706752922,1890.8591400223793
2021-02-25,2021,2,ZIMA,16.758071625249674,51.767626563322295,19674.85473951676,1890.8591252981928
2021-02-25,2021,2,ZIMA,16.82095369513804,51.767626563322295,20099.032512508216,1890.85912678919
2021-02-25,2021,2,ZIMA,16.883835765026408,51.767626563322295,21416.735201237527,1890.8591710328737
2021-02-25,2021,2,ZIMA,16.94671783491477,51.767626563322295,23477.99608168023,1891.9856442964656
2021-02-25,2021,2,ZIMA,16.62880570997349,51.39033414399208,24132.56253846387,1863.2082110134447
2021-02-25,2021,2,ZIMA,16.69168777986186,51.39033414399208,22824.767038267706,1882.482096949165
2021-02-25,2021,2,ZIMA,16.75456984975022,51.39033414399208,22309.375774318905,1887.9124347302086
2021-02-25,2021,2,ZIMA,16.817451919638586,51.39033414399208,22640.567670053617,1887.9737887890863
2021-02-25,2021,2,ZIMA,16.880333989526953,51.39033414399208,23783.002108405184,1888.348168262117
2021-02-25,2021,2,ZIMA,16.503041570196757,51.45321621388044,23581.077953511707,1878.5825195311882
2021-02-25,2021,2,ZIMA,16.565923640085124,51.45321621388044,20458.436816040445,1878.5825195311845
2021-02-25,2021,2,ZIMA,16.62880570997349,51.45321621388044,17864.060187992847,1878.5825195313187
2021-02-25,2021,2,ZIMA,16.69168777986186,51.45321621388044,16056.097989486343,1889.4821777344441
2021-02-25,2021,2,ZIMA,16.75456984975022,51.45321621388044,15315.627883456851,1889.482177734309
2021-02-25,2021,2,ZIMA,16.817451919638586,51.45321621388044,15793.514056679513,1889.4821777343457
2021-02-25,2021,2,ZIMA,16.44015950030839,51.51609828376883,23785.498505187956,1875.2035664366704
2021-02-25,2021,2,ZIMA,16.503041570196757,51.51609828376883,19757.914628789506,1875.3361795644564
2021-02-25,2021,2,ZIMA,16.565923640085124,51.51609828376883,15907.373286362195,1875.4127474119891
2021-02-25,2021,2,ZIMA,16.62880570997349,51.51609828376883,12399.921850519919,1875.4510277586198
2021-02-25,2021,2,ZIMA,16.69168777986186,51.51609828376883,9618.51826801077,1882.4107256845125
2021-02-25,2021,2,ZIMA,16.75456984975022,51.51609828376883,8325.742428621463,1882.4758020992197
2021-02-25,2021,2,ZIMA,16.817451919638586,51.51609828376883,9174.104004011042,1882.605947828598
2021-02-25,2021,2,ZIMA,16.44015950030839,51.57898035365719,22309.377798593767,1870.532735219143
2021-02-25,2021,2,ZIMA,16.503041570196757,51.57898035365719,17960.37871340833,1870.5279649163767
2021-02-25,2021,2,ZIMA,16.565923640085124,51.57898035365719,13617.404822140948,1870.519137806729
2021-02-25,2021,2,ZIMA,16.62880570997349,51.57898035365719,9288.916562767508,1870.8977123442182
2021-02-25,2021,2,ZIMA,16.69168777986186,51.57898035365719,5012.588919209262,1884.458665241091
2021-02-25,2021,2,ZIMA,16.75456984975022,51.57898035365719,1399.9993034286374,1884.4977046877775
2021-02-25,2021,2,ZIMA,16.817451919638586,51.57898035365719,4097.049152339476,1884.5761479709595
2021-02-25,2021,2,ZIMA,16.44015950030839,51.64186242354555,22968.704488944466,1877.2373064703515
2021-02-25,2021,2,ZIMA,16.503041570196757,51.64186242354555,18779.51120392489,1877.2373046874384
2021-02-25,2021,2,ZIMA,16.565923640085124,51.64186242354555,14687.337978946705,1877.2373046874345
2021-02-25,2021,2,ZIMA,16.62880570997349,51.64186242354555,10803.011787778565,1879.3443094321728
2021-02-25,2021,2,ZIMA,16.69168777986186,51.64186242354555,7458.6619369363725,1881.4879150391314
2021-02-25,2021,2,ZIMA,16.75456984975022,51.64186242354555,5700.671005645907,1881.487915038997
2021-02-25,2021,2,ZIMA,16.817451919638586,51.64186242354555,6877.713124472197,1883.1125574519867
2021-02-25,2021,2,ZIMA,16.880333989526953,51.64186242354555,10002.381498184013,1885.301391601595
2021-02-25,2021,2,ZIMA,16.94321605941532,51.64186242354555,13810.566952387238,1885.3013916015989
2021-02-25,2021,2,ZIMA,17.006098129303687,51.64186242354555,17870.512483347866,1883.42052398048
2021-02-25,2021,2,ZIMA,17.068980199192055,51.64186242354555,22043.545537886053,1877.8610839844075
2021-02-25,2021,2,ZIMA,16.503041570196757,51.70474449343391,21924.029828531227,1875.4293627803477
2021-02-25,2021,2,ZIMA,16.565923640085124,51.70474449343391,18544.554847416206,1875.4669914046415
2021-02-25,2021,2,ZIMA,16.62880570997349,51.70474449343391,15653.26864662927,1883.9729618570248
2021-02-25,2021,2,ZIMA,16.69168777986186,51.70474449343391,13565.988451621677,1886.8255561850847
2021-02-25,2021,2,ZIMA,16.75456984975022,51.70474449343391,12685.980479552787,1886.7828469899407
2021-02-25,2021,2,ZIMA,16.817451919638586,51.70474449343391,13255.900035496014,1885.4315341109277
2021-02-25,2021,2,ZIMA,16.880333989526953,51.70474449343391,15112.59324189347,1884.8751171845756
2021-02-25,2021,2,ZIMA,16.94321605941532,51.70474449343391,17859.14262116209,1884.8773451784239
2021-02-25,2021,2,ZIMA,17.006098129303687,51.70474449343391,21151.69893885063,1881.7802937629067
2021-02-25,2021,2,ZIMA,17.068980199192055,51.70474449343391,24773.504994530504,1878.4988159023917
2021-02-25,2021,2,ZIMA,16.565923640085124,51.767626563322295,23874.360079904105,1876.409122405506
2021-02-25,2021,2,ZIMA,16.62880570997349,51.767626563322295,21708.214615169894,1885.8379511036505
2021-02-25,2021,2,ZIMA,16.69168777986186,51.767626563322295,20256.910366016018,1885.8954923408937
2021-02-25,2021,2,ZIMA,16.75456984975022,51.767626563322295,19679.240479065716,1885.9286739601225
2021-02-25,2021,2,ZIMA,16.817451919638586,51.767626563322295,20050.855201186074,1885.2241195310157
2021-02-25,2021,2,ZIMA,16.880333989526953,51.767626563322295,21322.179027900544,1885.16826443048
2021-02-25,2021,2,ZIMA,16.94321605941532,51.767626563322295,23346.69471159949,1885.1403368801186
2021-03-02,2021,3,ZIMA,16.50654334569621,51.45321621388044,23396.738235416302,1866.4073808852036
2021-03-02,2021,3,ZIMA,16.569425415584575,51.45321621388044,20298.01174458644,1869.9180929891027
2021-03-02,2021,3,ZIMA,16.63230748547294,51.45321621388044,17740.006059764815,1866.1076470474752
2021-03-02,2021,3,ZIMA,16.695189555361306,51.45321621388044,15984.460380881492,1854.9963767541437
2021-03-02,2021,3,ZIMA,16.44366127580784,51.51609828376883,23558.084958616277,1863.783682274943
2021-03-02,2021,3,ZIMA,16.50654334569621,51.51609828376883,19537.84054011882,1863.7836875422283
2021-03-02,2021,3,ZIMA,16.569425415584575,51.51609828376883,15700.8009096385,1865.3671955003588
2021-03-02,2021,3,ZIMA,16.63230748547294,51.51609828376883,12220.773060573265,1857.40053941124
2021-03-02,2021,3,ZIMA,16.695189555361306,51.51609828376883,9498.617637244897,1854.9963297576112
2021-03-02,2021,3,ZIMA,16.758071625249674,51.51609828376883,8315.313151789731,1854.9963277008173
2021-03-02,2021,3,ZIMA,16.50654334569621,51.57898035365719,17718.327792455035,1863.5135310313442
2021-03-02,2021,3,ZIMA,16.569425415584575,51.57898035365719,13375.848816009768,1859.628500312275
2021-03-02,2021,3,ZIMA,16.63230748547294,51.57898035365719,9048.716728001045,1859.754628086632
2021-03-02,2021,3,ZIMA,16.695189555361306,51.57898035365719,4778.811626111381,1860.0253926912949
2021-03-02,2021,3,ZIMA,16.758071625249674,51.57898035365719,1336.6685605293208,1859.3151524815169
2021-03-02,2021,3,ZIMA,16.82095369513804,51.57898035365719,4327.607486410343,1856.081642173888
2021-03-02,2021,3,ZIMA,16.883835765026408,51.57898035365719,8582.63182821231,1857.6373294407047
2021-03-02,2021,3,ZIMA,16.94671783491477,51.57898035365719,12906.850162773397,1857.6373629595685
2021-03-02,2021,3,ZIMA,16.44366127580784,51.64186242354555,22733.774236944053,1864.4736392072941
2021-03-02,2021,3,ZIMA,16.50654334569621,51.64186242354555,18548.47434255549,1864.3873604131506
2021-03-02,2021,3,ZIMA,16.569425415584575,51.64186242354555,14463.97307729854,1863.5897584112922
2021-03-02,2021,3,ZIMA,16.63230748547294,51.64186242354555,10597.473779019278,1863.4787114557055
2021-03-02,2021,3,ZIMA,16.695189555361306,51.64186242354555,7303.820656026393,1860.5421055717043
2021-03-02,2021,3,ZIMA,16.758071625249674,51.64186242354555,5685.470440609392,1859.3863361761034
2021-03-02,2021,3,ZIMA,16.82095369513804,51.64186242354555,7017.3089844368305,1857.6973522897335
2021-03-02,2021,3,ZIMA,16.883835765026408,51.64186242354555,10202.945413633863,1858.1971588016304
2021-03-02,2021,3,ZIMA,16.94671783491477,51.64186242354555,14031.998661490588,1858.0036728214532
2021-03-02,2021,3,ZIMA,17.00959990480314,51.64186242354555,18100.64101576137,1857.537125212698
2021-03-02,2021,3,ZIMA,17.072481974691506,51.64186242354555,22277.9856371743,1855.2954582923019
2021-03-02,2021,3,ZIMA,16.50654334569621,51.70474449343391,21726.73189986778,1863.683702278417
2021-03-02,2021,3,ZIMA,16.569425415584575,51.70474449343391,18368.400870511905,1864.4384760304426
2021-03-02,2021,3,ZIMA,16.63230748547294,51.70474449343391,15512.327393546435,1864.0836750352007
2021-03-02,2021,3,ZIMA,16.695189555361306,51.70474449343391,13481.59372237837,1863.384338946492
2021-03-02,2021,3,ZIMA,16.758071625249674,51.70474449343391,12679.166548422323,1859.3572976503408
2021-03-02,2021,3,ZIMA,16.82095369513804,51.70474449343391,13328.76158161471,1857.0653432389781
2021-03-02,2021,3,ZIMA,16.883835765026408,51.70474449343391,15245.895114827508,1857.5652233042922
2021-03-02,2021,3,ZIMA,16.94671783491477,51.70474449343391,18030.686749865705,1858.0680003258483
2021-03-02,2021,3,ZIMA,17.00959990480314,51.70474449343391,21346.215108421282,1854.0796723775038
2021-03-02,2021,3,ZIMA,16.569425415584575,51.767626563322295,23737.980709715666,1862.6093060840099
2021-03-02,2021,3,ZIMA,16.63230748547294,51.767626563322295,21606.947002294517,1862.560108838376
2021-03-02,2021,3,ZIMA,16.695189555361306,51.767626563322295,20200.56706752922,1861.5706440474898
2021-03-02,2021,3,ZIMA,16.758071625249674,51.767626563322295,19674.85473951676,1862.3614501952472
2021-03-02,2021,3,ZIMA,16.82095369513804,51.767626563322295,20099.032512508216,1860.0774949589054
2021-03-02,2021,3,ZIMA,16.883835765026408,51.767626563322295,21416.735201237527,1858.6822765929771
2021-03-02,2021,3,ZIMA,16.94671783491477,51.767626563322295,23477.99608168023,1856.6884204892199
2021-03-02,2021,3,ZIMA,16.62880570997349,51.39033414399208,24132.56253846387,1877.4350890635455
2021-03-02,2021,3,ZIMA,16.69168777986186,51.39033414399208,22824.767038267706,1879.0452721298925
2021-03-02,2021,3,ZIMA,16.75456984975022,51.39033414399208,22309.375774318905,1879.2078439324841
2021-03-02,2021,3,ZIMA,16.817451919638586,51.39033414399208,22640.567670053617,1879.52474027977
2021-03-02,2021,3,ZIMA,16.880333989526953,51.39033414399208,23783.002108405184,1877.360741958421
2021-03-02,2021,3,ZIMA,16.503041570196757,51.45321621388044,23581.077953511707,1881.7810236260725
2021-03-02,2021,3,ZIMA,16.565923640085124,51.45321621388044,20458.436816040445,1881.2581897738946
2021-03-02,2021,3,ZIMA,16.62880570997349,51.45321621388044,17864.060187992847,1879.6144222639853
2021-03-02,2021,3,ZIMA,16.69168777986186,51.45321621388044,16056.097989486343,1879.6314071056272
2021-03-02,2021,3,ZIMA,16.75456984975022,51.45321621388044,15315.627883456851,1879.6408425246032
2021-03-02,2021,3,ZIMA,16.817451919638586,51.45321621388044,15793.514056679513,1879.625236559183
2021-03-02,2021,3,ZIMA,16.44015950030839,51.51609828376883,23785.498505187956,1883.2738508513467
2021-03-02,2021,3,ZIMA,16.503041570196757,51.51609828376883,19757.914628789506,1883.2476427397244
2021-03-02,2021,3,ZIMA,16.565923640085124,51.51609828376883,15907.373286362195,1881.6692961640106
2021-03-02,2021,3,ZIMA,16.62880570997349,51.51609828376883,12399.921850519919,1879.6118233059642
2021-03-02,2021,3,ZIMA,16.69168777986186,51.51609828376883,9618.51826801077,1879.5753128918677
2021-03-02,2021,3,ZIMA,16.75456984975022,51.51609828376883,8325.742428621463,1879.557061198957
2021-03-02,2021,3,ZIMA,16.817451919638586,51.51609828376883,9174.104004011042,1879.627542668968
2021-03-02,2021,3,ZIMA,16.44015950030839,51.57898035365719,22309.377798593767,1858.4432373047555
2021-03-02,2021,3,ZIMA,16.503041570196757,51.57898035365719,17960.37871340833,1858.4432373046266
2021-03-02,2021,3,ZIMA,16.565923640085124,51.57898035365719,13617.404822140948,1877.3555104570232
2021-03-02,2021,3,ZIMA,16.62880570997349,51.57898035365719,9288.916562767508,1880.557006836006
2021-03-02,2021,3,ZIMA,16.69168777986186,51.57898035365719,5012.588919209262,1880.5570068360064
2021-03-02,2021,3,ZIMA,16.75456984975022,51.57898035365719,1399.9993034286374,1880.557006835872
2021-03-02,2021,3,ZIMA,16.817451919638586,51.57898035365719,4097.049152339476,1880.5569820404344
2021-03-02,2021,3,ZIMA,16.44015950030839,51.64186242354555,22968.704488944466,1879.922442182264
2021-03-02,2021,3,ZIMA,16.503041570196757,51.64186242354555,18779.51120392489,1880.0051466003442
2021-03-02,2021,3,ZIMA,16.565923640085124,51.64186242354555,14687.337978946705,1878.4011364954167
2021-03-02,2021,3,ZIMA,16.62880570997349,51.64186242354555,10803.011787778565,1878.3899933370997
2021-03-02,2021,3,ZIMA,16.69168777986186,51.64186242354555,7458.6619369363725,1878.3677255012633
2021-03-02,2021,3,ZIMA,16.75456984975022,51.64186242354555,5700.671005645907,1878.356579624785
2021-03-02,2021,3,ZIMA,16.817451919638586,51.64186242354555,6877.713124472197,1870.880863845293
2021-03-02,2021,3,ZIMA,16.880333989526953,51.64186242354555,10002.381498184013,1870.8808662590122
2021-03-02,2021,3,ZIMA,16.94321605941532,51.64186242354555,13810.566952387238,1870.8808571289605
2021-03-02,2021,3,ZIMA,17.006098129303687,51.64186242354555,17870.512483347866,1871.0079441851246
2021-03-02,2021,3,ZIMA,17.068980199192055,51.64186242354555,22043.545537886053,1871.2750287951949
2021-03-02,2021,3,ZIMA,16.503041570196757,51.70474449343391,21924.029828531227,1881.4143959249482
2021-03-02,2021,3,ZIMA,16.565923640085124,51.70474449343391,18544.554847416206,1877.8121452206224
2021-03-02,2021,3,ZIMA,16.62880570997349,51.70474449343391,15653.26864662927,1877.8047380048126
2021-03-02,2021,3,ZIMA,16.69168777986186,51.70474449343391,13565.988451621677,1877.7899235559075
2021-03-02,2021,3,ZIMA,16.75456984975022,51.70474449343391,12685.980479552787,1877.7825233842602
2021-03-02,2021,3,ZIMA,16.817451919638586,51.70474449343391,13255.900035496014,1873.4666759669246
2021-03-02,2021,3,ZIMA,16.880333989526953,51.70474449343391,15112.59324189347,1873.6291798323919
2021-03-02,2021,3,ZIMA,16.94321605941532,51.70474449343391,17859.14262116209,1873.70635362176
2021-03-02,2021,3,ZIMA,17.006098129303687,51.70474449343391,21151.69893885063,1872.1423814511077
2021-03-02,2021,3,ZIMA,17.068980199192055,51.70474449343391,24773.504994530504,1870.8225242646006
2021-03-02,2021,3,ZIMA,16.565923640085124,51.767626563322295,23874.360079904105,1879.509643554622
2021-03-02,2021,3,ZIMA,16.62880570997349,51.767626563322295,21708.214615169894,1879.5096435547562
2021-03-02,2021,3,ZIMA,16.69168777986186,51.767626563322295,20256.910366016018,1879.5088881023214
2021-03-02,2021,3,ZIMA,16.75456984975022,51.767626563322295,19679.240479065716,1879.343760980617
2021-03-02,2021,3,ZIMA,16.817451919638586,51.767626563322295,20050.855201186074,1871.3811061598967
2021-03-02,2021,3,ZIMA,16.880333989526953,51.767626563322295,21322.179027900544,1871.3282403198152
2021-03-02,2021,3,ZIMA,16.94321605941532,51.767626563322295,23346.69471159949,1871.3018073998132
2021-03-10,2021,3,ZIMA,16.44366127580784,51.645364199045005,22833.427458543443,1887.2290064845363
2021-03-10,2021,3,ZIMA,16.50654334569621,51.645364199045005,18670.836259952208,1887.2289984340775
2021-03-10,2021,3,ZIMA,16.569425415584575,51.645364199045005,14620.914161634639,1860.2317073230408
2021-03-10,2021,3,ZIMA,16.63230748547294,51.645364199045005,10811.03756000552,1860.3837336443642
2021-03-10,2021,3,ZIMA,16.695189555361306,51.645364199045005,7610.67867851135,1883.5053686750034
2021-03-10,2021,3,ZIMA,16.758071625249674,51.645364199045005,6074.7700478734605,1883.5053767654115
2021-03-10,2021,3,ZIMA,17.072481974691506,51.645364199045005,22379.703809617007,1858.1756061869048
2021-03-10,2021,3,ZIMA,16.50654334569621,51.708246268933365,21955.79574466715,1884.8961153514008
2021-03-10,2021,3,ZIMA,16.569425415584575,51.708246268933365,18639.062186498304,1857.2608849658388
2021-03-10,2021,3,ZIMA,16.63230748547294,51.708246268933365,15832.127692455048,1862.5760901803437
2021-03-10,2021,3,ZIMA,16.695189555361306,51.708246268933365,13848.533671900286,1880.2854784373756
2021-03-10,2021,3,ZIMA,16.758071625249674,51.708246268933365,13068.718398300038,1881.8084384501929
2021-03-25,2021,3,ZIMA,16.63230748547294,51.40083947049044,22960.126954864292,1854.4112218863568
2021-03-25,2021,3,ZIMA,16.695189555361306,51.40083947049044,21630.877526090502,1846.3612082344039
2021-03-25,2021,3,ZIMA,16.758071625249674,51.40083947049044,21136.75458536362,1846.1820350735545
2021-03-25,2021,3,ZIMA,16.82095369513804,51.40083947049044,21535.319411315104,1851.575279760423
2021-03-25,2021,3,ZIMA,16.883835765026408,51.40083947049044,22779.76429883193,1858.9774623770704
2021-03-25,2021,3,ZIMA,16.94671783491477,51.40083947049044,24742.786875447207,1865.1602838847828
2021-03-25,2021,3,ZIMA,16.50654334569621,51.4637215403788,22647.677207307275,1855.1281405594295
2021-03-25,2021,3,ZIMA,16.569425415584575,51.4637215403788,19430.65279204185,1855.1447753905604
2021-03-25,2021,3,ZIMA,16.63230748547294,51.4637215403788,16741.299838130057,1854.9723708329605
2021-03-25,2021,3,ZIMA,16.695189555361306,51.4637215403788,14868.754552299932,1851.2631950050086
2021-03-25,2021,3,ZIMA,16.758071625249674,51.4637215403788,14141.30117215584,1849.9380258953688
2021-03-25,2021,3,ZIMA,16.82095369513804,51.4637215403788,14729.58390777345,1848.937554469988
2021-03-25,2021,3,ZIMA,16.883835765026408,51.4637215403788,16493.412824227664,1851.5684050280609
2021-03-25,2021,3,ZIMA,16.50654334569621,51.52660361026717,19068.06706619102,1853.9442377866437
2021-03-25,2021,3,ZIMA,16.569425415584575,51.52660361026717,15113.246403111087,1854.7763255419354
2021-03-25,2021,3,ZIMA,16.63230748547294,51.52660361026717,11457.080573087394,1856.7447670917977
2021-03-25,2021,3,ZIMA,16.695189555361306,51.52660361026717,8494.393021157723,1854.6669830745598
2021-03-25,2021,3,ZIMA,16.758071625249674,51.52660361026717,7147.044934713422,1845.8670406589706
2021-03-25,2021,3,ZIMA,16.82095369513804,51.52660361026717,8248.706015929743,1844.3411887529728
2021-03-25,2021,3,ZIMA,16.569425415584575,51.58948568015553,13310.256590039357,1861.9981940400214
2021-03-25,2021,3,ZIMA,16.63230748547294,51.58948568015553,8952.722932547227,1861.6957132292457
2021-03-25,2021,3,ZIMA,16.695189555361306,51.58948568015553,4595.935998082942,1857.8819637875226
2021-03-25,2021,3,ZIMA,16.758071625249674,51.58948568015553,277.69329068147516,1844.7724609374357
2021-03-25,2021,3,ZIMA,16.82095369513804,51.58948568015553,4124.890416239718,1846.7007390944061
2021-03-25,2021,3,ZIMA,16.883835765026408,51.58948568015553,8481.476135674528,1854.5280710290808
2021-03-25,2021,3,ZIMA,16.94671783491477,51.58948568015553,12838.97279331703,1850.8094669342759
2021-03-25,2021,3,ZIMA,17.00959990480314,51.58948568015553,17196.685933022323,1838.9097877846027
2021-03-25,2021,3,ZIMA,17.072481974691506,51.58948568015553,21554.48200986264,1844.1761699494634
2021-03-25,2021,3,ZIMA,16.44366127580784,51.65236775004391,23051.204701326566,1847.2656161368602
2021-03-25,2021,3,ZIMA,16.50654334569621,51.65236775004391,18937.248299133444,1847.265613941208
2021-03-25,2021,3,ZIMA,16.569425415584575,51.65236775004391,14960.319349349504,1859.8229046722865
2021-03-25,2021,3,ZIMA,16.63230748547294,51.65236775004391,11266.476722222027,1860.102478452483
2021-03-25,2021,3,ZIMA,16.695189555361306,51.65236775004391,8245.392510962301,1852.3284014660348
2021-03-25,2021,3,ZIMA,16.758071625249674,51.65236775004391,6853.476800724564,1849.342070771073
2021-03-25,2021,3,ZIMA,16.82095369513804,51.65236775004391,7992.764094764516,1857.0447622957677
2021-03-25,2021,3,ZIMA,16.883835765026408,51.65236775004391,10896.285673413891,1856.6370780523491
2021-03-25,2021,3,ZIMA,16.94671783491477,51.65236775004391,14543.193254773298,1844.5963833014864
2021-03-25,2021,3,ZIMA,17.00959990480314,51.65236775004391,18498.931613833585,1843.8018584105257
2021-03-25,2021,3,ZIMA,17.072481974691506,51.65236775004391,22601.923186798995,1872.3120734123122
2021-03-25,2021,3,ZIMA,16.50654334569621,51.71524981993227,22427.21492914899,1847.2656219877952
2021-03-25,2021,3,ZIMA,16.569425415584575,51.71524981993227,19192.666442319347,1856.8409566652806
2021-03-25,2021,3,ZIMA,16.63230748547294,51.71524981993227,16480.747203902352,1857.2796626849088
2021-03-25,2021,3,ZIMA,16.695189555361306,51.71524981993227,14585.943386997042,1856.8453346069582
2021-03-25,2021,3,ZIMA,16.758071625249674,51.71524981993227,13847.833818649817,1856.830032419473
2021-03-25,2021,3,ZIMA,16.82095369513804,51.71524981993227,14444.83332546964,1861.3021252939252
2021-03-25,2021,3,ZIMA,16.883835765026408,51.71524981993227,16230.278648697753,1856.3056556814588
2021-03-25,2021,3,ZIMA,16.94671783491477,51.71524981993227,18869.785601048578,1845.645467866214
2021-03-25,2021,3,ZIMA,17.00959990480314,51.71524981993227,22058.870945944283,1850.5397611089088
2021-03-25,2021,3,ZIMA,16.569425415584575,51.77813188982064,24714.534512347887,1841.206640954158
2021-03-25,2021,3,ZIMA,16.63230748547294,51.77813188982064,22675.958212645324,1845.6610889983504
2021-03-25,2021,3,ZIMA,16.695189555361306,51.77813188982064,21340.465733542747,1867.2999267578807
2021-03-25,2021,3,ZIMA,16.758071625249674,51.77813188982064,20843.64027861737,1865.454751881912
2021-03-25,2021,3,ZIMA,16.82095369513804,51.77813188982064,21244.402207891635,1854.4871868945384
2021-03-25,2021,3,ZIMA,16.883835765026408,51.77813188982064,22494.82981456476,1856.5817572115204
2021-03-25,2021,3,ZIMA,16.94671783491477,51.77813188982064,24464.98800502619,1855.6743820608351
2021-03-26,2021,3,ZIMA,16.63230748547294,51.40083947049044,22960.126954864292,1873.309325092995
2021-03-26,2021,3,ZIMA,16.695189555361306,51.40083947049044,21630.877526090502,1873.3093863674371
2021-03-26,2021,3,ZIMA,16.883835765026408,51.40083947049044,22779.76429883193,1874.9445766145577
2021-03-26,2021,3,ZIMA,16.94671783491477,51.40083947049044,24742.786875447207,1874.9445800781612
2021-03-26,2021,3,ZIMA,16.883835765026408,51.4637215403788,16493.412824227664,1874.9445417412794
2021-03-26,2021,3,ZIMA,16.94671783491477,51.4637215403788,19110.01244296825,1874.944553007699
2021-03-26,2021,3,ZIMA,16.94671783491477,51.71524981993227,18869.785601048578,1874.8836512983103
2021-03-26,2021,3,ZIMA,16.94671783491477,51.77813188982064,24464.98800502619,1874.2353949438266
2021-03-30,2021,3,ZIMA,16.62530393447404,51.397337694990995,23510.777967606296,1870.9779052735057
2021-03-30,2021,3,ZIMA,16.6881860043624,51.397337694990995,22118.575144716113,1870.9813218737806
2021-03-30,2021,3,ZIMA,16.751068074250767,51.397337694990995,21537.155614870117,1870.475657605513
2021-03-30,2021,3,ZIMA,16.813950144139135,51.397337694990995,21831.393658931185,1868.1547781238291
2021-03-30,2021,3,ZIMA,16.876832214027502,51.397337694990995,22967.660395888146,1873.531291339623
2021-03-30,2021,3,ZIMA,16.93971428391587,51.397337694990995,24830.62957484175,1873.5036206432737
2021-03-30,2021,3,ZIMA,16.499539794697306,51.460219764879355,23271.13309125346,1867.4720110683752
2021-03-30,2021,3,ZIMA,16.562421864585673,51.460219764879355,20048.089008143317,1875.5799035675336
2021-03-30,2021,3,ZIMA,16.62530393447404,51.460219764879355,17331.96138108104,1874.2520580959638
2021-03-30,2021,3,ZIMA,16.6881860043624,51.460219764879355,15393.462984354066,1871.517946774048
2021-03-30,2021,3,ZIMA,16.751068074250767,51.460219764879355,14546.86362501982,1871.661451850033
2021-03-30,2021,3,ZIMA,16.813950144139135,51.460219764879355,14978.464685752782,1871.9862470176806
2021-03-30,2021,3,ZIMA,16.43665772480894,51.523101834767715,23753.112019223394,1854.2893463770981
2021-03-30,2021,3,ZIMA,16.499539794697306,51.523101834767715,19665.81326380877,1856.7298843755675
2021-03-30,2021,3,ZIMA,16.562421864585673,51.523101834767715,15726.294119979328,1872.059701682959
2021-03-30,2021,3,ZIMA,16.62530393447404,51.523101834767715,12080.016356964572,1872.7860230454426
2021-03-30,2021,3,ZIMA,16.6881860043624,51.523101834767715,9087.118086201648,1872.2546386719434
2021-03-30,2021,3,ZIMA,16.751068074250767,51.523101834767715,7567.237422419734,1872.2546386718097
2021-03-30,2021,3,ZIMA,16.43665772480894,51.58598390465609,22517.91943501052,1854.8409145040114
2021-03-30,2021,3,ZIMA,16.499539794697306,51.58598390465609,18161.36376886949,1858.1001487438646
2021-03-30,2021,3,ZIMA,16.562421864585673,51.58598390465609,13805.773080802703,1864.6248779296222
2021-03-30,2021,3,ZIMA,16.62530393447404,51.58598390465609,9452.486862939144,1865.1365953507309
2021-03-30,2021,3,ZIMA,16.6881860043624,51.58598390465609,5107.408485680946,1868.091005780611
2021-03-30,2021,3,ZIMA,16.751068074250767,51.58598390465609,898.7538168865356,1868.5182694253504
2021-03-30,2021,3,ZIMA,16.813950144139135,51.58598390465609,3676.4025307023344,1878.745235688476
2021-03-30,2021,3,ZIMA,16.876832214027502,51.58598390465609,8013.123324194391,1878.7452471202541
2021-03-30,2021,3,ZIMA,16.93971428391587,51.58598390465609,12364.883738523133,1870.5789736445013
2021-03-30,2021,3,ZIMA,17.002596353804236,51.58598390465609,16719.942683403864,1872.458849506884
2021-03-30,2021,3,ZIMA,17.065478423692603,51.58598390465609,21076.2532756357,1880.3328616081765
2021-03-30,2021,3,ZIMA,16.43665772480894,51.64886597454445,23405.085847506445,1873.2723632222678
2021-03-30,2021,3,ZIMA,16.499539794697306,51.64886597454445,19256.718613346664,1877.2721074544168
2021-03-30,2021,3,ZIMA,16.562421864585673,51.64886597454445,15224.248201841792,1876.4585102774238
2021-03-30,2021,3,ZIMA,16.62530393447404,51.64886597454445,11430.998314790266,1871.8799612672601
2021-03-30,2021,3,ZIMA,16.6881860043624,51.64886597454445,8215.307570873483,1872.1867470353022
2021-03-30,2021,3,ZIMA,16.751068074250767,51.64886597454445,6499.878687492661,1871.8615199953422
2021-03-30,2021,3,ZIMA,16.813950144139135,51.64886597454445,7412.083985460876,1868.7472538834568
2021-03-30,2021,3,ZIMA,16.876832214027502,51.64886597454445,10274.390265808308,1869.9208553774165
2021-03-30,2021,3,ZIMA,16.93971428391587,51.64886597454445,13932.723845868713,1877.3438720703487
2021-03-30,2021,3,ZIMA,17.002596353804236,51.64886597454445,17905.641409437612,1879.2876221827482
2021-03-30,2021,3,ZIMA,17.065478423692603,51.64886597454445,22023.54621682249,1879.7028682708574
2021-03-30,2021,3,ZIMA,16.499539794697306,51.711748044432824,22576.666875060946,1878.2788167467954
2021-03-30,2021,3,ZIMA,16.562421864585673,51.711748044432824,19257.59409717721,1877.070861692166
2021-03-30,2021,3,ZIMA,16.62530393447404,51.711748044432824,16428.17689997969,1871.751120029782
2021-03-30,2021,3,ZIMA,16.6881860043624,51.711748044432824,14380.407711033136,1870.7879987469357
2021-03-30,2021,3,ZIMA,16.751068074250767,51.711748044432824,13475.468071296067,1878.2838982294027
2021-03-30,2021,3,ZIMA,16.813950144139135,51.711748044432824,13937.762818177604,1879.2972412109082
2021-03-30,2021,3,ZIMA,16.876832214027502,51.711748044432824,15646.570401136041,1879.3756088792134
2021-03-30,2021,3,ZIMA,16.93971428391587,51.711748044432824,18255.140359495166,1879.2113638807416
2021-03-30,2021,3,ZIMA,17.002596353804236,51.711748044432824,21437.494743159918,1874.162213156585
2021-03-30,2021,3,ZIMA,16.562421864585673,51.774630114321184,24654.298163888743,1863.9208326811997
2021-03-30,2021,3,ZIMA,16.62530393447404,51.774630114321184,22516.763111141812,1863.5387642971689
2021-03-30,2021,3,ZIMA,16.6881860043624,51.774630114321184,21071.38559416809,1872.0545429102008
2021-03-30,2021,3,ZIMA,16.751068074250767,51.774630114321184,20465.345389593902,1876.062306655505
2021-03-30,2021,3,ZIMA,16.813950144139135,51.774630114321184,20772.235859582714,1875.4801877465577
2021-03-30,2021,3,ZIMA,16.876832214027502,51.774630114321184,21953.80562033466,1872.0504376845927
2021-03-30,2021,3,ZIMA,16.93971428391587,51.774630114321184,23880.574303442,1870.5937005587366
2021-03-31,2021,3,ZIMA,16.62530393447404,51.397337694990995,23510.777967606296,1872.9669188822345
2021-03-31,2021,3,ZIMA,16.6881860043624,51.397337694990995,22118.575144716113,1885.2987717410545
2021-03-31,2021,3,ZIMA,16.751068074250767,51.397337694990995,21537.155614870117,1876.8845706503512
2021-03-31,2021,3,ZIMA,16.813950144139135,51.397337694990995,21831.393658931185,1875.2594131917824
2021-03-31,2021,3,ZIMA,16.876832214027502,51.397337694990995,22967.660395888146,1879.7595055728054
2021-03-31,2021,3,ZIMA,16.93971428391587,51.397337694990995,24830.62957484175,1884.9117348281668
2021-03-31,2021,3,ZIMA,16.499539794697306,51.460219764879355,23271.13309125346,1862.6037286183168
2021-03-31,2021,3,ZIMA,16.562421864585673,51.460219764879355,20048.089008143317,1870.0716428983474
2021-03-31,2021,3,ZIMA,16.62530393447404,51.460219764879355,17331.96138108104,1880.6604738056174
2021-03-31,2021,3,ZIMA,16.6881860043624,51.460219764879355,15393.462984354066,1867.6931953482901
2021-03-31,2021,3,ZIMA,16.751068074250767,51.460219764879355,14546.86362501982,1864.5806681170384
2021-03-31,2021,3,ZIMA,16.813950144139135,51.460219764879355,14978.464685752782,1870.2252039499613
2021-06-02,2021,6,LATO,16.80344481764078,51.397337694990995,21721.510866786535,1866.57539622922
2021-06-02,2021,6,LATO,16.866326887529155,51.397337694990995,22723.454514856738,1866.575429903373
2021-06-02,2021,6,LATO,16.929208957417515,51.397337694990995,24475.085109585685,1866.5754587325234
2021-06-02,2021,6,LATO,16.929208957417515,51.460219764879355,18617.372092933372,1866.5754499826662
2021-06-03,2021,6,LATO,16.614798607975686,51.40083947049044,23461.876059032897,1852.7025714581978
2021-06-03,2021,6,LATO,16.677680677864046,51.40083947049044,21921.845774254853,1857.6715526270295
2021-06-03,2021,6,LATO,16.74056274775242,51.40083947049044,21185.257504931837,1864.0359377696566
2021-06-03,2021,6,LATO,16.80344481764078,51.40083947049044,21335.48709556919,1872.4544735041165
2021-06-03,2021,6,LATO,16.866326887529155,51.40083947049044,22354.663010638676,1867.968549995358
2021-06-03,2021,6,LATO,16.929208957417515,51.40083947049044,24132.945339994152,1868.1910607381772
2021-06-03,2021,6,LATO,16.489034468198952,51.4637215403788,23609.063782898636,1856.2612040088923
2021-06-03,2021,6,LATO,16.551916538087312,51.4637215403788,20283.385118362596,1852.5951990590934
2021-06-03,2021,6,LATO,16.614798607975686,51.4637215403788,17422.15185627962,1858.7293425260004
2021-06-03,2021,6,LATO,16.677680677864046,51.4637215403788,15288.392116050694,1861.3872232272445
2021-06-03,2021,6,LATO,16.74056274775242,51.4637215403788,14213.596375328967,1871.7341028654432
2021-06-03,2021,6,LATO,16.80344481764078,51.4637215403788,14436.253925872035,1870.7074647751513
2021-06-03,2021,6,LATO,16.866326887529155,51.4637215403788,15901.958375980237,1865.0636680093164
2021-06-03,2021,6,LATO,16.929208957417515,51.4637215403788,18314.666201500986,1863.454779958506
2021-06-03,2021,6,LATO,16.992091027305875,51.4637215403788,21355.786210260703,1869.5383390307313
2021-06-03,2021,6,LATO,17.05497309719425,51.4637215403788,24795.16124864444,1870.8059942577036
2021-06-03,2021,6,LATO,16.614798607975686,51.52660361026717,12429.521594084661,1852.5520513354738
2021-06-03,2021,6,LATO,16.677680677864046,51.52660361026717,9208.279193544944,1856.4732929726792
2021-06-03,2021,6,LATO,16.929208957417515,51.52660361026717,13650.817531679393,1825.0068529921496
2021-06-03,2021,6,LATO,16.992091027305875,51.52660361026717,17516.325131595124,1825.0068300909932
2021-06-03,2021,6,LATO,16.551916538087312,51.58948568015553,14523.609586482577,1850.624741587863
2021-06-03,2021,6,LATO,16.614798607975686,51.58948568015553,10166.000401523504,1850.9199960380531
2021-06-03,2021,6,LATO,16.677680677864046,51.58948568015553,5808.867198410206,1851.1144812554114
2021-06-03,2021,6,LATO,17.11785516708261,51.58948568015553,24698.91914071422,1855.5079294508419
2021-06-03,2021,6,LATO,16.551916538087312,51.65236775004391,16047.953486807288,1856.2645375085776
2021-06-03,2021,6,LATO,16.614798607975686,51.65236775004391,12251.439160938848,1860.942766162192
2021-06-03,2021,6,LATO,16.677680677864046,51.65236775004391,8977.156866042955,1875.0631103515009
2021-06-03,2021,6,LATO,16.74056274775242,51.65236775004391,7000.8287602165365,1866.5898532313988
2021-06-03,2021,6,LATO,16.80344481764078,51.65236775004391,7440.7240432757335,1859.6462168790904
2021-06-03,2021,6,LATO,16.866326887529155,51.65236775004391,9982.370540258755,1865.8580381730537
2021-06-03,2021,6,LATO,16.929208957417515,51.65236775004391,13485.612600907245,1863.9789956839847
2021-06-03,2021,6,LATO,16.992091027305875,51.65236775004391,17378.330580821977,1863.0930200827172
2021-06-03,2021,6,LATO,17.05497309719425,51.65236775004391,21449.51032645465,1861.234507204022
2021-06-03,2021,6,LATO,16.614798607975686,51.71524981993227,17168.20275811432,1879.3954905647029
2021-06-03,2021,6,LATO,16.677680677864046,51.71524981993227,15011.166602358962,1878.8663601519395
2021-06-03,2021,6,LATO,16.74056274775242,51.71524981993227,13921.247619234951,1864.1927081136912
2021-06-03,2021,6,LATO,16.80344481764078,51.71524981993227,14147.265106642424,1862.007756255564
2021-06-03,2021,6,LATO,16.866326887529155,51.71524981993227,15632.244799391508,1866.0238676358274
2021-06-03,2021,6,LATO,16.929208957417515,51.71524981993227,18068.40211024761,1873.3160416874687
2021-06-03,2021,6,LATO,16.992091027305875,51.71524981993227,21129.253707015116,1876.0750257004381
2021-06-03,2021,6,LATO,17.05497309719425,51.71524981993227,24582.54703872513,1858.9274172877708
2021-06-03,2021,6,LATO,16.614798607975686,51.77813188982064,23179.713805871586,1870.9386003790726
2021-06-03,2021,6,LATO,16.677680677864046,51.77813188982064,21632.923911312602,1874.5985999615734
2021-06-03,2021,6,LATO,16.74056274775242,51.77813188982064,20892.418416735138,1863.956970866355
2021-06-03,2021,6,LATO,16.80344481764078,51.77813188982064,21043.486525155,1856.0826564022705
2021-06-03,2021,6,LATO,16.866326887529155,51.77813188982064,22067.825998990276,1856.985491806118
2021-06-03,2021,6,LATO,16.929208957417515,51.77813188982064,23853.198376497356,1874.5300243899865
2021-06-08,2021,6,LATO,17.051471321694805,51.523101834767715,21476.85639948017,1882.8807119427054
2021-06-08,2021,6,LATO,17.051471321694805,51.58598390465609,20105.810226435016,1883.8284256309328
2021-06-08,2021,6,LATO,17.114353391583165,51.58598390465609,24462.62268161473,1883.5382420195212
2021-06-08,2021,6,LATO,17.051471321694805,51.64886597454445,21098.031402754626,1886.6613917526834
2021-06-08,2021,6,LATO,17.051471321694805,51.711748044432824,24164.20381730272,1887.466918945345
2021-06-08,2021,6,LATO,16.611296832476228,51.774630114321184,22938.830904271606,1851.7377297843423
2021-06-08,2021,6,LATO,16.674178902364588,51.774630114321184,21325.155889422454,1880.7133674160514
2021-06-08,2021,6,LATO,16.737060972252976,51.774630114321184,20522.256263071482,1879.3284547295505
2021-06-08,2021,6,LATO,16.799943042141336,51.774630114321184,20625.035412925725,1859.2549508869108
2021-06-08,2021,6,LATO,16.862825112029697,51.774630114321184,21620.581268314785,1863.4523995783882
2021-06-08,2021,6,LATO,16.925707181918057,51.774630114321184,23395.200733003247,1885.3724362640257
2021-06-09,2021,6,LATO,16.74056274775242,51.40083947049044,21185.257504931837,1874.0158183483763
2021-06-09,2021,6,LATO,16.80344481764078,51.40083947049044,21335.48709556919,1871.6569060621996
2021-06-09,2021,6,LATO,16.866326887529155,51.40083947049044,22354.663010638676,1873.7324829103165
2021-06-09,2021,6,LATO,16.929208957417515,51.40083947049044,24132.945339994152,1878.6004092704104
2021-06-09,2021,6,LATO,16.74056274775242,51.4637215403788,14213.596375328967,1874.409910259465
2021-06-09,2021,6,LATO,16.80344481764078,51.4637215403788,14436.253925872035,1874.5990471870539
2021-06-09,2021,6,LATO,16.866326887529155,51.4637215403788,15901.958375980237,1879.0959131702537
2021-06-09,2021,6,LATO,16.929208957417515,51.4637215403788,18314.666201500986,1876.9794438622594
2021-06-09,2021,6,LATO,16.992091027305875,51.4637215403788,21355.786210260703,1866.334191036129
2021-06-09,2021,6,LATO,17.05497309719425,51.4637215403788,24795.16124864444,1873.5772018967743
2021-06-09,2021,6,LATO,16.929208957417515,51.52660361026717,13650.817531679393,1849.4909722312207
2021-06-09,2021,6,LATO,16.992091027305875,51.52660361026717,17516.325131595124,1849.4909667968466
2021-06-09,2021,6,LATO,17.05497309719425,51.52660361026717,21571.598166640877,1848.3043103418627
2021-06-09,2021,6,LATO,16.929208957417515,51.58948568015553,11625.639526185509,1849.4909489252989
2021-06-09,2021,6,LATO,16.992091027305875,51.58948568015553,15983.313323809196,1849.4909605746864
2021-06-09,2021,6,LATO,17.05497309719425,51.58948568015553,20341.092594536985,1851.2488840135554
2021-06-09,2021,6,LATO,17.11785516708261,51.58948568015553,24698.91914071422,1852.0497697688356
2021-06-14,2021,6,LATO,16.614798607975686,51.40083947049044,23461.876059032897,1855.9267564615043
2021-06-14,2021,6,LATO,16.74056274775242,51.40083947049044,21185.257504931837,1871.3945221878496
2021-06-14,2021,6,LATO,16.80344481764078,51.40083947049044,21335.48709556919,1871.3945275219626
2021-06-14,2021,6,LATO,16.866326887529155,51.40083947049044,22354.663010638676,1871.3945417432524
2021-06-14,2021,6,LATO,16.489034468198952,51.4637215403788,23609.063782898636,1856.8931082448812
2021-06-14,2021,6,LATO,16.551916538087312,51.4637215403788,20283.385118362596,1857.081861776745
2021-06-14,2021,6,LATO,16.614798607975686,51.4637215403788,17422.15185627962,1856.0877632160891
2021-06-14,2021,6,LATO,16.74056274775242,51.4637215403788,14213.596375328967,1871.3945417441605
2021-06-14,2021,6,LATO,16.80344481764078,51.4637215403788,14436.253925872035,1871.3945391611956
2021-06-14,2021,6,LATO,16.866326887529155,51.4637215403788,15901.958375980237,1871.3944636342844
2021-06-14,2021,6,LATO,16.426152398310577,51.52660361026717,24327.093489808864,1854.2727984658372
2021-06-14,2021,6,LATO,16.489034468198952,51.52660361026717,20199.02608241299,1862.5283592740814
2021-06-14,2021,6,LATO,16.551916538087312,51.52660361026717,16193.490189315507,1863.167724609443
2021-06-14,2021,6,LATO,16.614798607975686,51.52660361026717,12429.521594084661,1848.4440843837058
2021-06-14,2021,6,LATO,16.677680677864046,51.52660361026717,9208.279193544944,1849.977008009743
2021-06-14,2021,6,LATO,16.74056274775242,51.52660361026717,7288.851416249433,1875.092280446035
2021-06-14,2021,6,LATO,16.80344481764078,51.52660361026717,7713.474629872748,1862.2498833658024
2021-06-14,2021,6,LATO,16.866326887529155,51.52660361026717,10193.305457067432,1862.249885086207
2021-06-14,2021,6,LATO,16.426152398310577,51.58948568015553,23239.17742155401,1854.83000872778
2021-06-14,2021,6,LATO,16.489034468198952,51.58948568015553,18881.363095119337,1851.9645384072978
2021-06-14,2021,6,LATO,16.551916538087312,51.58948568015553,14523.609586482577,1851.527337435571
2021-06-14,2021,6,LATO,16.614798607975686,51.58948568015553,10166.000401523504,1845.1332468050819
2021-06-14,2021,6,LATO,16.677680677864046,51.58948568015553,5808.867198410206,1860.0028513951665
2021-06-14,2021,6,LATO,16.74056274775242,51.58948568015553,1456.5056795966475,1875.0922851561843
2021-06-14,2021,6,LATO,16.80344481764078,51.58948568015553,2912.5589340426127,1862.2498836319087
2021-06-14,2021,6,LATO,16.866326887529155,51.58948568015553,7268.267033888717,1862.2498560821132
2021-06-14,2021,6,LATO,16.426152398310577,51.65236775004391,24211.69931278745,1876.4894058528923
2021-06-14,2021,6,LATO,16.489034468198952,51.65236775004391,20072.528275770994,1872.5131641272847
2021-06-14,2021,6,LATO,16.551916538087312,51.65236775004391,16047.953486807288,1857.9732786063869
2021-06-14,2021,6,LATO,16.614798607975686,51.65236775004391,12251.439160938848,1869.2810286878625
2021-06-14,2021,6,LATO,16.677680677864046,51.65236775004391,8977.156866042955,1882.5895381407645
2021-06-14,2021,6,LATO,16.74056274775242,51.65236775004391,7000.8287602165365,1880.5538885571762
2021-06-14,2021,6,LATO,16.489034468198952,51.71524981993227,23392.42763750961,1878.0830365887623
2021-06-14,2021,6,LATO,16.614798607975686,51.71524981993227,17168.20275811432,1878.822861587923
2021-06-14,2021,6,LATO,16.677680677864046,51.71524981993227,15011.166602358962,1883.0329648330203
2021-06-14,2021,6,LATO,16.74056274775242,51.71524981993227,13921.247619234951,1883.0330086048168
2021-06-17,2021,6,LATO,16.614798607975686,51.40083947049044,23461.876059032897,1861.0829594343306
2021-06-17,2021,6,LATO,16.677680677864046,51.40083947049044,21921.845774254853,1861.083044229733
2021-06-17,2021,6,LATO,16.74056274775242,51.40083947049044,21185.257504931837,1861.083008773382
2021-06-17,2021,6,LATO,16.80344481764078,51.40083947049044,21335.48709556919,1858.3569683525873
2021-06-17,2021,6,LATO,16.866326887529155,51.40083947049044,22354.663010638676,1856.5301249796378
2021-06-17,2021,6,LATO,16.74056274775242,51.4637215403788,14213.596375328967,1861.083013879849
2021-06-17,2021,6,LATO,16.80344481764078,51.4637215403788,14436.253925872035,1861.083011189831
2021-06-18,2021,6,LATO,16.862825112029697,51.460219764879355,16142.103890424161,1866.7427575711797
2021-06-18,2021,6,LATO,16.925707181918057,51.460219764879355,18466.384295238193,1869.508459331329
2021-06-18,2021,6,LATO,16.988589251806417,51.460219764879355,21436.837090162604,1870.7641426320795
2021-06-18,2021,6,LATO,16.862825112029697,51.523101834767715,10303.014807201598,1850.9379883080105
2021-06-18,2021,6,LATO,16.925707181918057,51.523101834767715,13655.822493822387,1849.0333868276662
2021-06-18,2021,6,LATO,16.988589251806417,51.523101834767715,17459.933369514594,1848.8293318420044
2021-06-18,2021,6,LATO,16.862825112029697,51.58598390465609,7044.82694867206,1860.6453857421589
2021-06-18,2021,6,LATO,16.925707181918057,51.58598390465609,11395.10169031357,1860.5888039864024
2021-06-18,2021,6,LATO,16.988589251806417,51.58598390465609,15749.699818762218,1853.6465877886155
2021-06-18,2021,6,LATO,17.051471321694805,51.711748044432824,24164.20381730272,1864.482762474704
2021-06-19,2021,6,LATO,16.551916538087312,51.711748044432824,19784.24325381317,1876.8140836605432
2021-06-19,2021,6,LATO,16.614798607975686,51.711748044432824,16855.793913467194,1876.8140747958607
2021-06-19,2021,6,LATO,16.677680677864046,51.711748044432824,14652.657108918882,1876.8140643940706
2021-06-19,2021,6,LATO,16.614798607975686,51.774630114321184,22830.191850846997,1870.7602637777215
2021-07-18,2021,7,LATO,16.681182453363505,51.52660361026717,9056.98399072358,1839.1204783906558
2021-07-18,2021,7,LATO,16.744064523251865,51.52660361026717,7244.448058339897,1839.1204833983736
2021-07-18,2021,7,LATO,16.80694659314024,51.52660361026717,7808.35931830702,1839.1204718187375
2021-07-18,2021,7,LATO,16.8698286630286,51.52660361026717,10367.949829927013,1839.1204692150634
2021-07-18,2021,7,LATO,16.681182453363505,51.58948568015553,5566.263859325466,1839.1204517301082
2021-07-18,2021,7,LATO,16.744064523251865,51.58948568015553,1215.305280410641,1839.1204738208605
2021-07-18,2021,7,LATO,16.80694659314024,51.58948568015553,3154.958170320423,1839.1204837985326
2021-07-18,2021,7,LATO,16.8698286630286,51.58948568015553,7510.903373324361,1839.120505042968
2021-08-13,2021,8,LATO,16.43315594930948,51.52660361026717,23863.227315876185,1865.436158042275
2021-08-13,2021,8,LATO,17.061976648193152,51.52660361026717,22030.48594812989,1853.3253165329302
2021-08-13,2021,8,LATO,16.43315594930948,51.58948568015553,22753.819827213272,1865.4361590511362
2021-08-13,2021,8,LATO,16.496038019197854,51.58948568015553,18396.010245633624,1858.5225549754102
2021-08-13,2021,8,LATO,16.558920089086214,51.58948568015553,14038.267006941034,1857.6988563380135
2021-08-13,2021,8,LATO,16.43315594930948,51.65236775004391,23746.876904474848,1868.484123276255
2021-08-13,2021,8,LATO,16.496038019197854,51.65236775004391,19617.30613738718,1867.1385692230856
2021-08-13,2021,8,LATO,16.558920089086214,51.65236775004391,15610.6906832576,1864.2946382739
2021-08-13,2021,8,LATO,16.62180215897459,51.65236775004391,11852.39089704791,1857.698862398776
2021-08-13,2021,8,LATO,16.496038019197854,51.71524981993227,23003.54307865302,1869.7340811950849
2021-08-13,2021,8,LATO,16.558920089086214,51.71524981993227,19703.132054140966,1868.4120571911706
2021-08-13,2021,8,LATO,16.62180215897459,51.77813188982064,22971.878534836967,1863.873994992738
2021-08-13,2021,8,LATO,16.68468422886295,51.77813188982064,21508.238461283257,1865.8852651484492
2021-08-14,2021,8,LATO,16.496038019197854,51.4637215403788,23221.655866634956,1871.6445529078944
2021-08-14,2021,8,LATO,16.558920089086214,51.4637215403788,19937.782866578178,1871.6560138770208
2021-08-14,2021,8,LATO,16.62180215897459,51.4637215403788,17142.72219448327,1871.6559751096183
2021-08-14,2021,8,LATO,16.43315594930948,51.52660361026717,23863.227315876185,1855.5511446553755
2021-08-14,2021,8,LATO,16.496038019197854,51.52660361026717,19745.4553178684,1865.0973822994
2021-08-14,2021,8,LATO,16.558920089086214,51.52660361026717,15759.051386492412,1870.0462542595844
2021-08-14,2021,8,LATO,16.62180215897459,51.52660361026717,12035.274011756592,1869.9543284432227
2021-08-14,2021,8,LATO,16.68468422886295,51.52660361026717,8909.73997268753,1868.859497070381
2021-08-14,2021,8,LATO,16.747566298751323,51.52660361026717,7207.957664413257,1868.859496755479
2021-08-14,2021,8,LATO,16.810448368639683,51.52660361026717,7909.564677749198,1868.8595404423527
2021-08-14,2021,8,LATO,16.43315594930948,51.58948568015553,22753.819827213272,1863.4785507165745
2021-08-14,2021,8,LATO,16.496038019197854,51.58948568015553,18396.010245633624,1855.5863933653557
2021-08-14,2021,8,LATO,16.558920089086214,51.58948568015553,14038.267006941034,1861.3688432566803
2021-08-14,2021,8,LATO,16.62180215897459,51.58948568015553,9680.685103001815,1871.6681612031205
2021-08-14,2021,8,LATO,16.68468422886295,51.58948568015553,5323.667900434454,1870.2284814141956
2021-08-14,2021,8,LATO,16.747566298751323,51.58948568015553,974.8417627006842,1869.441838772234
2021-08-14,2021,8,LATO,16.810448368639683,51.58948568015553,3397.398115693825,1868.8595088401073
2021-08-14,2021,8,LATO,16.43315594930948,51.65236775004391,23746.876904474848,1869.8773011311748
2021-08-14,2021,8,LATO,16.496038019197854,51.65236775004391,19617.30613738718,1872.4287245416485
2021-08-14,2021,8,LATO,16.558920089086214,51.65236775004391,15610.6906832576,1873.4976100935346
2021-08-14,2021,8,LATO,16.62180215897459,51.65236775004391,11852.39089704791,1876.57796629486
2021-08-14,2021,8,LATO,16.68468422886295,51.65236775004391,8671.52350166808,1880.5582275391314
2021-08-14,2021,8,LATO,16.747566298751323,51.65236775004391,6916.800965883156,1876.9818943375735
2021-08-14,2021,8,LATO,16.810448368639683,51.65236775004391,7643.261730039364,1874.5476098221316
2021-08-14,2021,8,LATO,16.496038019197854,51.71524981993227,23003.54307865302,1876.278833657506
2021-08-14,2021,8,LATO,16.558920089086214,51.71524981993227,19703.132054140966,1875.9482877705184
2021-08-14,2021,8,LATO,16.62180215897459,51.71524981993227,16886.14595867417,1873.6806812521133
2021-08-14,2021,8,LATO,16.68468422886295,51.71524981993227,14830.66332409721,1874.748621565778
2021-08-14,2021,8,LATO,16.747566298751323,51.71524981993227,13879.239392912077,1873.0691413952693
2021-08-14,2021,8,LATO,16.810448368639683,51.71524981993227,14254.681815939919,1874.5475990630534
2021-08-14,2021,8,LATO,16.873330438528058,51.71524981993227,15863.05856535995,1874.5476132894612
2021-08-14,2021,8,LATO,16.62180215897459,51.77813188982064,22971.878534836967,1872.4351186728518
2021-08-14,2021,8,LATO,16.68468422886295,51.77813188982064,21508.238461283257,1871.1270197787546
2021-08-14,2021,8,LATO,16.747566298751323,51.77813188982064,20864.489387353173,1870.4658913979351
2021-08-14,2021,8,LATO,16.810448368639683,51.77813188982064,21115.750942875457,1868.2288433537444
2021-08-14,2021,8,LATO,16.873330438528058,51.77813188982064,22231.698224910313,1868.4079651464976
2021-08-14,2021,8,LATO,16.936212508416418,51.77813188982064,24092.475808748924,1883.8513834275586
2021-08-14,2021,8,LATO,16.43315594930948,51.64886597454445,23638.28584691703,1872.6322932124058
2021-08-14,2021,8,LATO,16.496038019197854,51.64886597454445,19485.361118377947,1877.4833963590552
2021-08-14,2021,8,LATO,16.558920089086214,51.64886597454445,15444.202292430888,1877.4833991543667
2021-08-14,2021,8,LATO,16.62180215897459,51.64886597454445,11631.892909325215,1877.4833974216674
2021-08-14,2021,8,LATO,16.68468422886295,51.64886597454445,8367.319927124407,1877.4833965346884
2021-08-14,2021,8,LATO,16.496038019197854,51.711748044432824,22771.73051723622,1875.210920836517
2021-08-14,2021,8,LATO,16.558920089086214,51.711748044432824,19431.707058542906,1875.1015552150286
2021-08-14,2021,8,LATO,16.62180215897459,51.711748044432824,16568.39718798141,1874.8828543352465
2021-08-14,2021,8,LATO,16.68468422886295,51.711748044432824,14467.66726292311,1880.618544923057
2021-08-14,2021,8,LATO,16.747566298751323,51.711748044432824,13490.589237125841,1881.7337617310188
2021-08-14,2021,8,LATO,16.810448368639683,51.711748044432824,13876.580307518117,1881.7337689041794
2021-08-14,2021,8,LATO,16.873330438528058,51.711748044432824,15524.300218115417,1881.7337671824084
2021-08-14,2021,8,LATO,16.936212508416418,51.711748044432824,18092.245885703323,1881.7337687203742
2021-08-14,2021,8,LATO,16.999094578304778,51.711748044432824,21249.373530223802,1881.7337538437134
2021-08-14,2021,8,LATO,16.558920089086214,51.774630114321184,24790.348476733936,1866.3678695542737
2021-08-14,2021,8,LATO,16.62180215897459,51.774630114321184,22619.128825561096,1866.9181223228866
2021-08-14,2021,8,LATO,16.68468422886295,51.774630114321184,21130.950502793665,1877.2567378886113
2021-08-14,2021,8,LATO,16.747566298751323,51.774630114321184,20475.29132511945,1877.5921791799462
2021-08-14,2021,8,LATO,16.810448368639683,51.774630114321184,20731.290147281023,1878.2630422530744
2021-08-14,2021,8,LATO,16.873330438528058,51.774630114321184,21866.952277487973,1878.598499372144
2021-08-14,2021,8,LATO,16.936212508416418,51.774630114321184,23756.45719267844,1876.5821984895313
2021-08-25,2021,8,LATO,16.562421864585673,51.77813188982064,24978.174188169676,1868.4204976233261
2021-08-25,2021,8,LATO,16.62530393447404,51.77813188982064,22871.099518275634,1865.97827353703
2021-08-25,2021,8,LATO,17.061976648193152,51.523101834767715,22160.627597835635,1850.0339280185724
2021-08-25,2021,8,LATO,17.061976648193152,51.58598390465609,20833.639650540794,1850.3561240543593
2021-08-25,2021,8,LATO,17.061976648193152,51.64886597454445,21791.803917641442,1856.4778509139055
2022-02-10,2022,2,ZIMA,16.63230748547294,51.39033414399208,24040.75037827768,1841.0343765516368
2022-02-10,2022,2,ZIMA,16.695189555361306,51.39033414399208,22774.361202252046,1817.290232221008
2022-02-10,2022,2,ZIMA,16.758071625249674,51.39033414399208,22305.47501033657,1818.0443917298176
2022-02-10,2022,2,ZIMA,16.82095369513804,51.39033414399208,22683.599851816612,1846.1067143821092
2022-02-10,2022,2,ZIMA,16.50654334569621,51.45321621388044,23396.738235416302,1850.6169397911397
2022-02-10,2022,2,ZIMA,16.569425415584575,51.45321621388044,20298.01174458644,1850.4787792209818
2022-02-10,2022,2,ZIMA,16.63230748547294,51.45321621388044,17740.006059764815,1824.714893877192
2022-02-10,2022,2,ZIMA,16.695189555361306,51.45321621388044,15984.460380881492,1816.6588221735713
2022-02-10,2022,2,ZIMA,16.758071625249674,51.45321621388044,15309.953112466403,1836.7509818486465
2022-02-10,2022,2,ZIMA,16.82095369513804,51.45321621388044,15855.056231952789,1843.9272823145427
2022-02-10,2022,2,ZIMA,16.883835765026408,51.45321621388044,17506.212359873636,1834.8484384659437
2022-02-10,2022,2,ZIMA,16.94671783491477,51.45321621388044,19991.21689898653,1831.5030161191416
2022-02-10,2022,2,ZIMA,17.00959990480314,51.45321621388044,23041.845730008954,1828.5388978301928
2022-02-10,2022,2,ZIMA,16.569425415584575,51.51609828376883,15700.8009096385,1829.0796991727202
2022-02-10,2022,2,ZIMA,16.63230748547294,51.51609828376883,12220.773060573265,1818.861906236878
2022-02-10,2022,2,ZIMA,16.695189555361306,51.51609828376883,9498.617637244897,1817.30851042842
2022-02-10,2022,2,ZIMA,16.758071625249674,51.51609828376883,8315.313151789731,1835.1429603697948
2022-02-10,2022,2,ZIMA,16.82095369513804,51.51609828376883,9279.50594577174,1840.1439747395577
2022-02-10,2022,2,ZIMA,16.883835765026408,51.51609828376883,11879.320814836998,1826.6337890625236
2022-02-10,2022,2,ZIMA,16.94671783491477,51.51609828376883,15302.66637249264,1827.0406184167778
2022-02-10,2022,2,ZIMA,17.00959990480314,51.51609828376883,19112.015949548942,1831.5471075478656
2022-02-10,2022,2,ZIMA,16.569425415584575,51.57898035365719,13375.848816009768,1820.4192135339526
2022-02-10,2022,2,ZIMA,16.63230748547294,51.57898035365719,9048.716728001045,1820.6667891106567
2022-02-10,2022,2,ZIMA,16.695189555361306,51.57898035365719,4778.811626111381,1834.8965026951917
2022-02-10,2022,2,ZIMA,16.758071625249674,51.57898035365719,1336.6685605293208,1832.4475281234847
2022-02-10,2022,2,ZIMA,16.82095369513804,51.57898035365719,4327.607486410343,1829.8322558713878
2022-02-10,2022,2,ZIMA,16.883835765026408,51.57898035365719,8582.63182821231,1828.2825517463236
2022-02-10,2022,2,ZIMA,16.94671783491477,51.57898035365719,12906.850162773397,1831.0316229326993
2022-02-10,2022,2,ZIMA,17.00959990480314,51.57898035365719,17248.297114973437,1840.682869066425
2022-02-10,2022,2,ZIMA,17.072481974691506,51.57898035365719,21596.582807123174,1840.8814246146821
2022-02-10,2022,2,ZIMA,16.44366127580784,51.64186242354555,22733.774236944053,1844.0815528692024
2022-02-10,2022,2,ZIMA,16.50654334569621,51.64186242354555,18548.47434255549,1818.5417475979473
2022-02-10,2022,2,ZIMA,16.569425415584575,51.64186242354555,14463.97307729854,1817.6562401061108
2022-02-10,2022,2,ZIMA,16.63230748547294,51.64186242354555,10597.473779019278,1822.304602181201
2022-02-10,2022,2,ZIMA,16.695189555361306,51.64186242354555,7303.820656026393,1838.2593567292527
2022-02-10,2022,2,ZIMA,16.758071625249674,51.64186242354555,5685.470440609392,1838.4799066243231
2022-02-10,2022,2,ZIMA,16.82095369513804,51.64186242354555,7017.3089844368305,1819.094849870568
2022-02-10,2022,2,ZIMA,16.883835765026408,51.64186242354555,10202.945413633863,1836.544968506178
2022-02-10,2022,2,ZIMA,16.94671783491477,51.64186242354555,14031.998661490588,1860.3156529508983
2022-02-10,2022,2,ZIMA,17.00959990480314,51.64186242354555,18100.64101576137,1860.2557097559825
2022-02-10,2022,2,ZIMA,17.072481974691506,51.64186242354555,22277.9856371743,1858.6804996051917
2022-02-10,2022,2,ZIMA,16.50654334569621,51.70474449343391,21726.73189986778,1818.5417583223766
2022-02-10,2022,2,ZIMA,16.569425415584575,51.70474449343391,18368.400870511905,1818.541742616461
2022-02-10,2022,2,ZIMA,16.63230748547294,51.70474449343391,15512.327393546435,1818.5417588224284
2022-02-10,2022,2,ZIMA,16.695189555361306,51.70474449343391,13481.59372237837,1838.2589023003434
2022-02-10,2022,2,ZIMA,16.758071625249674,51.70474449343391,12679.166548422323,1838.2589071543798
2022-02-10,2022,2,ZIMA,16.883835765026408,51.70474449343391,15245.895114827508,1856.2503360495123
2022-02-10,2022,2,ZIMA,16.94671783491477,51.70474449343391,18030.686749865705,1860.278435897401
2022-02-10,2022,2,ZIMA,17.00959990480314,51.70474449343391,21346.215108421282,1860.2784405320933
2022-02-12,2022,2,ZIMA,16.62880570997349,51.39033414399208,24132.56253846387,1885.4558786944851
2022-02-12,2022,2,ZIMA,16.69168777986186,51.39033414399208,22824.767038267706,1885.9311027147858
2022-02-12,2022,2,ZIMA,16.75456984975022,51.39033414399208,22309.375774318905,1896.2320286981615
2022-02-12,2022,2,ZIMA,16.817451919638586,51.39033414399208,22640.567670053617,1896.3843994140332
2022-02-12,2022,2,ZIMA,16.880333989526953,51.39033414399208,23783.002108405184,1896.3843969382365
2022-02-12,2022,2,ZIMA,16.503041570196757,51.45321621388044,23581.077953511707,1898.3668971452125
2022-02-12,2022,2,ZIMA,16.565923640085124,51.45321621388044,20458.436816040445,1898.5367980521187
2022-02-12,2022,2,ZIMA,16.62880570997349,51.45321621388044,17864.060187992847,1898.4483540528074
2022-02-12,2022,2,ZIMA,16.69168777986186,51.45321621388044,16056.097989486343,1899.000860128607
2022-02-12,2022,2,ZIMA,16.75456984975022,51.45321621388044,15315.627883456851,1899.9645475999155
2022-02-12,2022,2,ZIMA,16.817451919638586,51.45321621388044,15793.514056679513,1899.9539857103
2022-02-12,2022,2,ZIMA,16.880333989526953,51.45321621388044,17389.60114242064,1892.460110588121
2022-02-12,2022,2,ZIMA,16.94321605941532,51.45321621388044,19835.775380789644,1884.5315649616025
2022-02-12,2022,2,ZIMA,17.006098129303687,51.45321621388044,22860.76036364694,1884.5853013740411
2022-02-12,2022,2,ZIMA,16.44015950030839,51.51609828376883,23785.498505187956,1893.9032098807481
2022-02-12,2022,2,ZIMA,16.503041570196757,51.51609828376883,19757.914628789506,1897.8134648710948
2022-02-12,2022,2,ZIMA,16.565923640085124,51.51609828376883,15907.373286362195,1899.1133605049538
2022-02-12,2022,2,ZIMA,16.62880570997349,51.51609828376883,12399.921850519919,1899.1328141108722
2022-02-12,2022,2,ZIMA,16.69168777986186,51.51609828376883,9618.51826801077,1897.7635473407831
2022-02-12,2022,2,ZIMA,16.75456984975022,51.51609828376883,8325.742428621463,1897.4863116475756
2022-02-12,2022,2,ZIMA,16.817451919638586,51.51609828376883,9174.104004011042,1897.5590016826554
2022-02-12,2022,2,ZIMA,16.880333989526953,51.51609828376883,11707.032333134212,1886.933321559357
2022-02-12,2022,2,ZIMA,16.94321605941532,51.51609828376883,15099.315623834133,1882.5202130313432
2022-02-12,2022,2,ZIMA,17.006098129303687,51.51609828376883,18893.604339632097,1882.529484659887
2022-02-12,2022,2,ZIMA,17.068980199192055,51.51609828376883,22890.85730996228,1882.5320543664627
2022-02-12,2022,2,ZIMA,16.44015950030839,51.57898035365719,22309.377798593767,1892.5737648076758
2022-02-12,2022,2,ZIMA,16.503041570196757,51.57898035365719,17960.37871340833,1889.512472649035
2022-02-12,2022,2,ZIMA,16.565923640085124,51.57898035365719,13617.404822140948,1889.4208477607617
2022-02-12,2022,2,ZIMA,16.62880570997349,51.57898035365719,9288.916562767508,1889.3750353167168
2022-02-12,2022,2,ZIMA,16.69168777986186,51.57898035365719,5012.588919209262,1895.6343037293605
2022-02-12,2022,2,ZIMA,16.75456984975022,51.57898035365719,1399.9993034286374,1895.604476533593
2022-02-12,2022,2,ZIMA,16.817451919638586,51.57898035365719,4097.049152339476,1895.5448500553991
2022-02-12,2022,2,ZIMA,16.880333989526953,51.57898035365719,8342.87147823116,1891.6807499578824
2022-02-12,2022,2,ZIMA,16.94321605941532,51.57898035365719,12665.426555374055,1891.6474667794116
2022-02-12,2022,2,ZIMA,17.006098129303687,51.57898035365719,17006.302359631587,1891.580857732557
2022-02-12,2022,2,ZIMA,17.068980199192055,51.57898035365719,21354.326951061896,1891.4808311953643
2022-02-12,2022,2,ZIMA,16.44015950030839,51.64186242354555,22968.704488944466,1895.5282510668515
2022-02-12,2022,2,ZIMA,16.503041570196757,51.64186242354555,18779.51120392489,1893.664836616556
2022-02-12,2022,2,ZIMA,16.565923640085124,51.64186242354555,14687.337978946705,1893.6571027040447
2022-02-12,2022,2,ZIMA,16.62880570997349,51.64186242354555,10803.011787778565,1893.6532428700305
2022-02-12,2022,2,ZIMA,16.69168777986186,51.64186242354555,7458.6619369363725,1896.220619374149
2022-02-12,2022,2,ZIMA,16.75456984975022,51.64186242354555,5700.671005645907,1896.2455792285127
2022-02-12,2022,2,ZIMA,16.817451919638586,51.64186242354555,6877.713124472197,1896.2954775268443
2022-02-12,2022,2,ZIMA,16.880333989526953,51.64186242354555,10002.381498184013,1895.417255813539
2022-02-12,2022,2,ZIMA,16.94321605941532,51.64186242354555,13810.566952387238,1895.4329372758298
2022-02-12,2022,2,ZIMA,17.006098129303687,51.64186242354555,17870.512483347866,1895.4643002008434
2022-02-12,2022,2,ZIMA,17.068980199192055,51.64186242354555,22043.545537886053,1896.5188174555246
2022-02-12,2022,2,ZIMA,16.503041570196757,51.70474449343391,21924.029828531227,1891.6861188818607
2022-02-12,2022,2,ZIMA,16.565923640085124,51.70474449343391,18544.554847416206,1891.7432382348904
2022-02-12,2022,2,ZIMA,16.62880570997349,51.70474449343391,15653.26864662927,1891.965643319265
2022-02-12,2022,2,ZIMA,16.69168777986186,51.70474449343391,13565.988451621677,1898.0775474320035
2022-02-12,2022,2,ZIMA,16.75456984975022,51.70474449343391,12685.980479552787,1898.0526550977145
2022-02-12,2022,2,ZIMA,16.817451919638586,51.70474449343391,13255.900035496014,1897.9987915859024
2022-02-12,2022,2,ZIMA,16.880333989526953,51.70474449343391,15112.59324189347,1896.242735554823
2022-02-12,2022,2,ZIMA,16.94321605941532,51.70474449343391,17859.14262116209,1896.233046586234
2022-02-12,2022,2,ZIMA,17.006098129303687,51.70474449343391,21151.69893885063,1896.2136615246425
2022-02-12,2022,2,ZIMA,17.068980199192055,51.70474449343391,24773.504994530504,1897.7310742691902
2022-02-12,2022,2,ZIMA,16.565923640085124,51.767626563322295,23874.360079904105,1891.771147709395
2022-02-12,2022,2,ZIMA,16.62880570997349,51.767626563322295,21708.214615169894,1897.111141761058
2022-02-12,2022,2,ZIMA,16.69168777986186,51.767626563322295,20256.910366016018,1903.0262288275512
2022-02-12,2022,2,ZIMA,16.75456984975022,51.767626563322295,19679.240479065716,1903.0405682242786
2022-02-12,2022,2,ZIMA,16.817451919638586,51.767626563322295,20050.855201186074,1901.0159657254978
2022-02-12,2022,2,ZIMA,16.880333989526953,51.767626563322295,21322.179027900544,1897.3702117440218
2022-02-12,2022,2,ZIMA,16.94321605941532,51.767626563322295,23346.69471159949,1897.3435934361519
2022-02-13,2022,2,ZIMA,16.63230748547294,51.39033414399208,24040.75037827768,1884.215924979616
2022-02-13,2022,2,ZIMA,16.695189555361306,51.39033414399208,22774.361202252046,1883.94191598369
2022-02-13,2022,2,ZIMA,16.758071625249674,51.39033414399208,22305.47501033657,1882.6682200449886
2022-02-13,2022,2,ZIMA,16.82095369513804,51.39033414399208,22683.599851816612,1881.4330708983632
2022-02-13,2022,2,ZIMA,16.883835765026408,51.39033414399208,23868.515249312062,1887.5791104444888
2022-02-13,2022,2,ZIMA,16.50654334569621,51.45321621388044,23396.738235416302,1870.5486859606742
2022-02-13,2022,2,ZIMA,16.569425415584575,51.45321621388044,20298.01174458644,1882.48777530433
2022-02-13,2022,2,ZIMA,16.63230748547294,51.45321621388044,17740.006059764815,1883.299603986678
2022-02-13,2022,2,ZIMA,16.695189555361306,51.45321621388044,15984.460380881492,1874.0064216333344
2022-02-13,2022,2,ZIMA,16.758071625249674,51.45321621388044,15309.953112466403,1874.103296767089
2022-02-13,2022,2,ZIMA,16.82095369513804,51.45321621388044,15855.056231952789,1870.7713450956082
2022-02-13,2022,2,ZIMA,16.883835765026408,51.45321621388044,17506.212359873636,1868.5609130859696
2022-02-13,2022,2,ZIMA,16.94671783491477,51.45321621388044,19991.21689898653,1867.7849567454227
2022-02-13,2022,2,ZIMA,17.00959990480314,51.45321621388044,23041.845730008954,1867.769388177881
2022-02-13,2022,2,ZIMA,16.44366127580784,51.51609828376883,23558.084958616277,1860.0253198690552
2022-02-13,2022,2,ZIMA,16.50654334569621,51.51609828376883,19537.84054011882,1861.6981368696331
2022-02-13,2022,2,ZIMA,16.569425415584575,51.51609828376883,15700.8009096385,1871.9800061516596
2022-02-13,2022,2,ZIMA,16.63230748547294,51.51609828376883,12220.773060573265,1873.8009006008692
2022-02-13,2022,2,ZIMA,16.695189555361306,51.51609828376883,9498.617637244897,1865.3313058071285
2022-02-13,2022,2,ZIMA,16.758071625249674,51.51609828376883,8315.313151789731,1865.3854980468343
2022-02-13,2022,2,ZIMA,16.82095369513804,51.51609828376883,9279.50594577174,1851.4907830332018
2022-02-13,2022,2,ZIMA,16.883835765026408,51.51609828376883,11879.320814836998,1853.2559249849176
2022-02-13,2022,2,ZIMA,16.94671783491477,51.51609828376883,15302.66637249264,1856.700917093472
2022-02-13,2022,2,ZIMA,17.00959990480314,51.51609828376883,19112.015949548942,1859.2144369984337
2022-02-13,2022,2,ZIMA,17.072481974691506,51.51609828376883,23117.327117444216,1865.4114406139215
2022-02-13,2022,2,ZIMA,16.44366127580784,51.57898035365719,22067.09312874936,1863.4190241171027
2022-02-13,2022,2,ZIMA,16.50654334569621,51.57898035365719,17718.327792455035,1866.1198656313459
2022-02-13,2022,2,ZIMA,16.569425415584575,51.57898035365719,13375.848816009768,1873.5577342620531
2022-02-13,2022,2,ZIMA,16.63230748547294,51.57898035365719,9048.716728001045,1870.8782982971402
2022-02-13,2022,2,ZIMA,16.695189555361306,51.57898035365719,4778.811626111381,1846.3512054882378
2022-02-13,2022,2,ZIMA,16.758071625249674,51.57898035365719,1336.6685605293208,1848.0897312441207
2022-02-13,2022,2,ZIMA,17.00959990480314,51.57898035365719,17248.297114973437,1877.9229477623173
2022-02-13,2022,2,ZIMA,17.072481974691506,51.57898035365719,21596.582807123174,1877.1114782205455
2022-02-13,2022,2,ZIMA,16.44366127580784,51.64186242354555,22733.774236944053,1876.598730030552
2022-02-13,2022,2,ZIMA,16.50654334569621,51.64186242354555,18548.47434255549,1876.7580765662653
2022-02-13,2022,2,ZIMA,16.758071625249674,51.64186242354555,5685.470440609392,1866.3576695751972
2022-02-13,2022,2,ZIMA,16.82095369513804,51.64186242354555,7017.3089844368305,1866.3576927857637
2022-02-13,2022,2,ZIMA,17.00959990480314,51.64186242354555,18100.64101576137,1886.434020741725
2022-02-13,2022,2,ZIMA,17.072481974691506,51.64186242354555,22277.9856371743,1885.8596853794193
2022-02-13,2022,2,ZIMA,16.758071625249674,51.70474449343391,12679.166548422323,1866.3576687062075
2022-02-13,2022,2,ZIMA,16.82095369513804,51.70474449343391,13328.76158161471,1866.3576671750238
2022-02-13,2022,2,ZIMA,16.883835765026408,51.70474449343391,15245.895114827508,1883.4116253549948
2022-02-13,2022,2,ZIMA,16.94671783491477,51.70474449343391,18030.686749865705,1883.4116140090505
2022-02-13,2022,2,ZIMA,17.00959990480314,51.70474449343391,21346.215108421282,1884.514909210201
2022-02-13,2022,2,ZIMA,16.569425415584575,51.767626563322295,23737.980709715666,1871.0640336254187
2022-02-13,2022,2,ZIMA,16.63230748547294,51.767626563322295,21606.947002294517,1869.6823812138637
2022-02-13,2022,2,ZIMA,16.695189555361306,51.767626563322295,20200.56706752922,1872.7188986431465
2022-02-13,2022,2,ZIMA,16.758071625249674,51.767626563322295,19674.85473951676,1874.625297700916
2022-02-13,2022,2,ZIMA,16.82095369513804,51.767626563322295,20099.032512508216,1871.4362516092099
2022-02-13,2022,2,ZIMA,16.883835765026408,51.767626563322295,21416.735201237527,1879.8637190393656
2022-02-13,2022,2,ZIMA,16.94671783491477,51.767626563322295,23477.99608168023,1878.9620562989362
2022-02-14,2022,2,ZIMA,16.63230748547294,51.39033414399208,24040.75037827768,1882.124557515757
2022-02-14,2022,2,ZIMA,16.695189555361306,51.39033414399208,22774.361202252046,1895.1124267578818
2022-02-14,2022,2,ZIMA,16.758071625249674,51.39033414399208,22305.47501033657,1878.3074314503538
2022-02-14,2022,2,ZIMA,16.82095369513804,51.39033414399208,22683.599851816612,1870.2003305731455
2022-02-14,2022,2,ZIMA,16.883835765026408,51.39033414399208,23868.515249312062,1881.4867514289283
2022-02-14,2022,2,ZIMA,16.50654334569621,51.45321621388044,23396.738235416302,1873.7881860159785
2022-02-14,2022,2,ZIMA,16.569425415584575,51.45321621388044,20298.01174458644,1879.0464079597587
2022-02-14,2022,2,ZIMA,16.63230748547294,51.45321621388044,17740.006059764815,1891.5809660201098
2022-02-14,2022,2,ZIMA,16.695189555361306,51.45321621388044,15984.460380881492,1880.9795106517392
2022-02-14,2022,2,ZIMA,16.758071625249674,51.45321621388044,15309.953112466403,1874.5502148536764
2022-02-14,2022,2,ZIMA,16.82095369513804,51.45321621388044,15855.056231952789,1888.4983753515107
2022-02-14,2022,2,ZIMA,16.883835765026408,51.45321621388044,17506.212359873636,1887.6788305635737
2022-02-14,2022,2,ZIMA,16.94671783491477,51.45321621388044,19991.21689898653,1878.0712471006204
2022-02-14,2022,2,ZIMA,17.00959990480314,51.45321621388044,23041.845730008954,1868.6921539598452
2022-02-14,2022,2,ZIMA,16.44366127580784,51.51609828376883,23558.084958616277,1881.2644331004458
2022-02-14,2022,2,ZIMA,16.50654334569621,51.51609828376883,19537.84054011882,1880.9974365233682
2022-02-14,2022,2,ZIMA,16.569425415584575,51.51609828376883,15700.8009096385,1888.675836383996
2022-02-14,2022,2,ZIMA,16.63230748547294,51.51609828376883,12220.773060573265,1891.2781231945885
2022-02-14,2022,2,ZIMA,16.695189555361306,51.51609828376883,9498.617637244897,1875.5883485170787
2022-02-14,2022,2,ZIMA,16.758071625249674,51.51609828376883,8315.313151789731,1875.2972623098794
2022-02-14,2022,2,ZIMA,16.82095369513804,51.51609828376883,9279.50594577174,1876.7250186993192
2022-02-14,2022,2,ZIMA,16.883835765026408,51.51609828376883,11879.320814836998,1871.7947372680017
2022-02-14,2022,2,ZIMA,16.94671783491477,51.51609828376883,15302.66637249264,1870.3477058154676
2022-02-14,2022,2,ZIMA,17.00959990480314,51.51609828376883,19112.015949548942,1859.353863844301
2022-02-14,2022,2,ZIMA,17.072481974691506,51.51609828376883,23117.327117444216,1857.4756761938302
2022-02-14,2022,2,ZIMA,16.44366127580784,51.57898035365719,22067.09312874936,1873.577976573208
2022-02-14,2022,2,ZIMA,16.50654334569621,51.57898035365719,17718.327792455035,1872.6782130249471
2022-02-14,2022,2,ZIMA,16.569425415584575,51.57898035365719,13375.848816009768,1882.7100194592754
2022-02-14,2022,2,ZIMA,16.63230748547294,51.57898035365719,9048.716728001045,1881.4399061333277
2022-02-14,2022,2,ZIMA,16.695189555361306,51.57898035365719,4778.811626111381,1879.214538064478
2022-02-14,2022,2,ZIMA,16.758071625249674,51.57898035365719,1336.6685605293208,1877.9562665318629
2022-02-14,2022,2,ZIMA,16.82095369513804,51.57898035365719,4327.607486410343,1879.3096352769185
2022-02-14,2022,2,ZIMA,16.883835765026408,51.57898035365719,8582.63182821231,1876.6342185643407
2022-02-14,2022,2,ZIMA,16.94671783491477,51.57898035365719,12906.850162773397,1876.2149667999909
2022-02-14,2022,2,ZIMA,17.00959990480314,51.57898035365719,17248.297114973437,1878.6633820739576
2022-02-14,2022,2,ZIMA,17.072481974691506,51.57898035365719,21596.582807123174,1876.1680926128827
2022-02-14,2022,2,ZIMA,16.44366127580784,51.64186242354555,22733.774236944053,1882.2111049692635
2022-02-14,2022,2,ZIMA,16.50654334569621,51.64186242354555,18548.47434255549,1890.9810757928494
2022-02-14,2022,2,ZIMA,16.569425415584575,51.64186242354555,14463.97307729854,1894.2245016434797
2022-02-14,2022,2,ZIMA,16.63230748547294,51.64186242354555,10597.473779019278,1878.2150614067218
2022-02-14,2022,2,ZIMA,16.695189555361306,51.64186242354555,7303.820656026393,1878.495295868387
2022-02-14,2022,2,ZIMA,16.758071625249674,51.64186242354555,5685.470440609392,1875.2533093906404
2022-02-14,2022,2,ZIMA,16.82095369513804,51.64186242354555,7017.3089844368305,1875.2779126322107
2022-02-14,2022,2,ZIMA,16.883835765026408,51.64186242354555,10202.945413633863,1878.3412555830787
2022-02-14,2022,2,ZIMA,16.94671783491477,51.64186242354555,14031.998661490588,1878.1955562648106
2022-02-14,2022,2,ZIMA,17.00959990480314,51.64186242354555,18100.64101576137,1879.1604108645197
2022-02-14,2022,2,ZIMA,17.072481974691506,51.64186242354555,22277.9856371743,1877.2391752803785
2022-02-14,2022,2,ZIMA,16.50654334569621,51.70474449343391,21726.73189986778,1894.7660550459032
2022-02-14,2022,2,ZIMA,16.569425415584575,51.70474449343391,18368.400870511905,1886.8509173733858
2022-02-14,2022,2,ZIMA,16.63230748547294,51.70474449343391,15512.327393546435,1875.060026527527
2022-02-14,2022,2,ZIMA,16.695189555361306,51.70474449343391,13481.59372237837,1882.9648019574431
2022-02-14,2022,2,ZIMA,16.758071625249674,51.70474449343391,12679.166548422323,1886.3461873647375
2022-02-14,2022,2,ZIMA,16.82095369513804,51.70474449343391,13328.76158161471,1872.670306604871
2022-02-14,2022,2,ZIMA,16.883835765026408,51.70474449343391,15245.895114827508,1874.9625479679682
2022-02-14,2022,2,ZIMA,16.94671783491477,51.70474449343391,18030.686749865705,1876.4478613273468
2022-02-14,2022,2,ZIMA,17.00959990480314,51.70474449343391,21346.215108421282,1878.1390517188067
2022-02-14,2022,2,ZIMA,16.569425415584575,51.767626563322295,23737.980709715666,1862.2357821736773
2022-02-14,2022,2,ZIMA,16.63230748547294,51.767626563322295,21606.947002294517,1862.1082763672555
2022-02-14,2022,2,ZIMA,16.695189555361306,51.767626563322295,20200.56706752922,1885.6800593482171
2022-02-14,2022,2,ZIMA,16.758071625249674,51.767626563322295,19674.85473951676,1884.9600342637416
2022-02-14,2022,2,ZIMA,16.82095369513804,51.767626563322295,20099.032512508216,1877.3145621275964
2022-02-14,2022,2,ZIMA,16.883835765026408,51.767626563322295,21416.735201237527,1874.4977879855703
2022-02-14,2022,2,ZIMA,16.94671783491477,51.767626563322295,23477.99608168023,1874.4661865234737
2022-02-15,2022,2,ZIMA,16.63230748547294,51.39033414399208,24040.75037827768,1883.2563503331792
2022-02-15,2022,2,ZIMA,16.50654334569621,51.45321621388044,23396.738235416302,1881.501553863864
2022-02-15,2022,2,ZIMA,16.569425415584575,51.45321621388044,20298.01174458644,1879.0147495383608
2022-02-15,2022,2,ZIMA,16.63230748547294,51.45321621388044,17740.006059764815,1878.5779696571963
2022-02-15,2022,2,ZIMA,16.44366127580784,51.51609828376883,23558.084958616277,1872.5536903282798
2022-02-15,2022,2,ZIMA,16.50654334569621,51.51609828376883,19537.84054011882,1880.308055347513
2022-02-15,2022,2,ZIMA,16.569425415584575,51.51609828376883,15700.8009096385,1874.6534621951325
2022-02-15,2022,2,ZIMA,16.63230748547294,51.51609828376883,12220.773060573265,1865.4953677255862
2022-02-15,2022,2,ZIMA,16.695189555361306,51.51609828376883,9498.617637244897,1865.4953470088913
2022-02-15,2022,2,ZIMA,16.82095369513804,51.51609828376883,9279.50594577174,1882.6431928472207
2022-02-15,2022,2,ZIMA,16.883835765026408,51.51609828376883,11879.320814836998,1882.6432014669986
2022-02-15,2022,2,ZIMA,16.94671783491477,51.51609828376883,15302.66637249264,1882.6432028398312
2022-02-15,2022,2,ZIMA,16.44366127580784,51.57898035365719,22067.09312874936,1858.8275146485055
2022-02-15,2022,2,ZIMA,16.50654334569621,51.57898035365719,17718.327792455035,1860.033070860651
2022-02-15,2022,2,ZIMA,16.883835765026408,51.57898035365719,8582.63182821231,1882.6431910904969
2022-02-15,2022,2,ZIMA,16.695189555361306,51.70474449343391,13481.59372237837,1857.4997748088072
2022-02-15,2022,2,ZIMA,16.758071625249674,51.70474449343391,12679.166548422323,1857.4997547539974
2022-02-15,2022,2,ZIMA,16.82095369513804,51.70474449343391,13328.76158161471,1858.432205449372
2022-02-15,2022,2,ZIMA,16.695189555361306,51.767626563322295,20200.56706752922,1871.392456985798
2022-02-15,2022,2,ZIMA,16.758071625249674,51.767626563322295,19674.85473951676,1871.3924510311688
2022-02-15,2022,2,ZIMA,16.82095369513804,51.767626563322295,20099.032512508216,1857.7449927195275
2022-02-15,2022,2,ZIMA,16.883835765026408,51.767626563322295,21416.735201237527,1863.9289452708592
2022-02-15,2022,2,ZIMA,16.94671783491477,51.767626563322295,23477.99608168023,1879.9418442978633
2022-03-02,2022,3,ZIMA,16.62880570997349,51.39033414399208,24132.56253846387,1879.9995977157846
2022-03-02,2022,3,ZIMA,16.69168777986186,51.39033414399208,22824.767038267706,1881.7197076219227
2022-03-02,2022,3,ZIMA,16.75456984975022,51.39033414399208,22309.375774318905,1866.1904733628878
2022-03-02,2022,3,ZIMA,16.817451919638586,51.39033414399208,22640.567670053617,1871.762367095754
2022-03-02,2022,3,ZIMA,16.880333989526953,51.39033414399208,23783.002108405184,1879.1428571709346
2022-03-02,2022,3,ZIMA,16.503041570196757,51.45321621388044,23581.077953511707,1879.8514765701384
2022-03-02,2022,3,ZIMA,16.565923640085124,51.45321621388044,20458.436816040445,1880.5506082330087
2022-03-02,2022,3,ZIMA,16.62880570997349,51.45321621388044,17864.060187992847,1880.504929413891
2022-03-02,2022,3,ZIMA,16.69168777986186,51.45321621388044,16056.097989486343,1867.6624406307483
2022-03-02,2022,3,ZIMA,16.75456984975022,51.45321621388044,15315.627883456851,1865.3417658913002
2022-03-02,2022,3,ZIMA,16.817451919638586,51.45321621388044,15793.514056679513,1886.590274286905
2022-03-02,2022,3,ZIMA,16.880333989526953,51.45321621388044,17389.60114242064,1888.754273126994
2022-03-02,2022,3,ZIMA,16.44015950030839,51.51609828376883,23785.498505187956,1876.5456645631696
2022-03-02,2022,3,ZIMA,16.503041570196757,51.51609828376883,19757.914628789506,1876.7389464558835
2022-03-02,2022,3,ZIMA,16.565923640085124,51.51609828376883,15907.373286362195,1887.1818923820915
2022-03-02,2022,3,ZIMA,16.62880570997349,51.51609828376883,12399.921850519919,1885.8786701396093
2022-03-02,2022,3,ZIMA,16.69168777986186,51.51609828376883,9618.51826801077,1867.9987177497153
2022-03-02,2022,3,ZIMA,16.75456984975022,51.51609828376883,8325.742428621463,1868.8155502050333
2022-03-02,2022,3,ZIMA,16.817451919638586,51.51609828376883,9174.104004011042,1875.5981445312457
2022-03-02,2022,3,ZIMA,16.880333989526953,51.51609828376883,11707.032333134212,1879.5405352952228
2022-03-02,2022,3,ZIMA,16.44015950030839,51.57898035365719,22309.377798593767,1872.0264169663799
2022-03-02,2022,3,ZIMA,16.503041570196757,51.57898035365719,17960.37871340833,1871.691646388102
2022-03-02,2022,3,ZIMA,16.565923640085124,51.57898035365719,13617.404822140948,1881.9004186615687
2022-03-02,2022,3,ZIMA,16.62880570997349,51.57898035365719,9288.916562767508,1879.8076314920688
2022-03-02,2022,3,ZIMA,16.69168777986186,51.57898035365719,5012.588919209262,1875.403500483987
2022-03-02,2022,3,ZIMA,16.75456984975022,51.57898035365719,1399.9993034286374,1871.8655701372868
2022-03-02,2022,3,ZIMA,16.817451919638586,51.57898035365719,4097.049152339476,1873.4892024700205
2022-03-02,2022,3,ZIMA,16.880333989526953,51.57898035365719,8342.87147823116,1878.9278775528846
2022-03-02,2022,3,ZIMA,16.94321605941532,51.57898035365719,12665.426555374055,1880.8589142693763
2022-03-02,2022,3,ZIMA,17.068980199192055,51.57898035365719,21354.326951061896,1879.786255066916
2022-03-02,2022,3,ZIMA,16.44015950030839,51.64186242354555,22968.704488944466,1884.2419641230895
2022-03-02,2022,3,ZIMA,16.503041570196757,51.64186242354555,18779.51120392489,1888.835450045966
2022-03-02,2022,3,ZIMA,16.565923640085124,51.64186242354555,14687.337978946705,1886.923929343911
2022-03-02,2022,3,ZIMA,16.62880570997349,51.64186242354555,10803.011787778565,1882.3834942412075
2022-03-02,2022,3,ZIMA,16.69168777986186,51.64186242354555,7458.6619369363725,1880.338034903695
2022-03-02,2022,3,ZIMA,16.75456984975022,51.64186242354555,5700.671005645907,1876.7806640663084
2022-03-02,2022,3,ZIMA,16.817451919638586,51.64186242354555,6877.713124472197,1876.807452022008
2022-03-02,2022,3,ZIMA,16.880333989526953,51.64186242354555,10002.381498184013,1878.681125265186
2022-03-02,2022,3,ZIMA,16.94321605941532,51.64186242354555,13810.566952387238,1882.7491774132623
2022-03-02,2022,3,ZIMA,17.006098129303687,51.64186242354555,17870.512483347866,1881.5259290681947
2022-03-02,2022,3,ZIMA,17.068980199192055,51.64186242354555,22043.545537886053,1881.8194328834386
2022-03-02,2022,3,ZIMA,16.503041570196757,51.70474449343391,21924.029828531227,1889.0175190798088
2022-03-02,2022,3,ZIMA,16.565923640085124,51.70474449343391,18544.554847416206,1885.520133933326
2022-03-02,2022,3,ZIMA,16.62880570997349,51.70474449343391,15653.26864662927,1883.829952422799
2022-03-02,2022,3,ZIMA,16.69168777986186,51.70474449343391,13565.988451621677,1888.993025883297
2022-03-02,2022,3,ZIMA,16.75456984975022,51.70474449343391,12685.980479552787,1889.887875495958
2022-03-02,2022,3,ZIMA,16.817451919638586,51.70474449343391,13255.900035496014,1878.1098122580627
2022-03-02,2022,3,ZIMA,16.880333989526953,51.70474449343391,15112.59324189347,1880.7434158396713
2022-03-02,2022,3,ZIMA,16.94321605941532,51.70474449343391,17859.14262116209,1882.3718942884038
2022-03-02,2022,3,ZIMA,17.006098129303687,51.70474449343391,21151.69893885063,1878.2643898701078
2022-03-02,2022,3,ZIMA,17.068980199192055,51.70474449343391,24773.504994530504,1877.2919595327003
2022-03-02,2022,3,ZIMA,16.62880570997349,51.767626563322295,21708.214615169894,1897.5631070311529
2022-03-02,2022,3,ZIMA,16.69168777986186,51.767626563322295,20256.910366016018,1895.8929154034154
2022-03-02,2022,3,ZIMA,16.75456984975022,51.767626563322295,19679.240479065716,1890.7085873771348
2022-03-02,2022,3,ZIMA,16.817451919638586,51.767626563322295,20050.855201186074,1884.678375040957
2022-03-02,2022,3,ZIMA,16.880333989526953,51.767626563322295,21322.179027900544,1874.684056668868
2022-03-02,2022,3,ZIMA,16.94321605941532,51.767626563322295,23346.69471159949,1874.1413009412192
2022-03-03,2022,3,ZIMA,16.63230748547294,51.39033414399208,24040.75037827768,1873.874026125234
2022-03-03,2022,3,ZIMA,16.695189555361306,51.39033414399208,22774.361202252046,1861.6109970563316
2022-03-03,2022,3,ZIMA,16.758071625249674,51.39033414399208,22305.47501033657,1862.9892738292156
2022-03-03,2022,3,ZIMA,16.82095369513804,51.39033414399208,22683.599851816612,1870.0424589172262
2022-03-03,2022,3,ZIMA,16.883835765026408,51.39033414399208,23868.515249312062,1889.5838827502832
2022-03-03,2022,3,ZIMA,16.50654334569621,51.45321621388044,23396.738235416302,1887.0772142340854
2022-03-03,2022,3,ZIMA,16.569425415584575,51.45321621388044,20298.01174458644,1879.361941932826
2022-03-03,2022,3,ZIMA,16.63230748547294,51.45321621388044,17740.006059764815,1863.6450528497412
2022-03-03,2022,3,ZIMA,16.695189555361306,51.45321621388044,15984.460380881492,1864.7666880006802
2022-03-03,2022,3,ZIMA,16.758071625249674,51.45321621388044,15309.953112466403,1873.2089637752767
2022-03-03,2022,3,ZIMA,16.82095369513804,51.45321621388044,15855.056231952789,1875.7109520484632
2022-03-03,2022,3,ZIMA,16.883835765026408,51.45321621388044,17506.212359873636,1892.6656625123192
2022-03-03,2022,3,ZIMA,16.94671783491477,51.45321621388044,19991.21689898653,1894.4535392703206
2022-03-03,2022,3,ZIMA,16.44366127580784,51.51609828376883,23558.084958616277,1885.348008784156
2022-03-03,2022,3,ZIMA,16.50654334569621,51.51609828376883,19537.84054011882,1887.8758866341598
2022-03-03,2022,3,ZIMA,16.569425415584575,51.51609828376883,15700.8009096385,1864.5622010388865
2022-03-03,2022,3,ZIMA,16.63230748547294,51.51609828376883,12220.773060573265,1861.9305186900192
2022-03-03,2022,3,ZIMA,16.695189555361306,51.51609828376883,9498.617637244897,1866.775632315409
2022-03-03,2022,3,ZIMA,16.758071625249674,51.51609828376883,8315.313151789731,1867.8158985398002
2022-03-03,2022,3,ZIMA,16.82095369513804,51.51609828376883,9279.50594577174,1879.1105606967576
2022-03-03,2022,3,ZIMA,16.883835765026408,51.51609828376883,11879.320814836998,1888.2360664045473
2022-03-03,2022,3,ZIMA,16.94671783491477,51.51609828376883,15302.66637249264,1888.6744205413333
2022-03-03,2022,3,ZIMA,16.44366127580784,51.57898035365719,22067.09312874936,1878.5496729711083
2022-03-03,2022,3,ZIMA,16.50654334569621,51.57898035365719,17718.327792455035,1875.9482904553377
2022-03-03,2022,3,ZIMA,16.569425415584575,51.57898035365719,13375.848816009768,1854.1358185025688
2022-03-03,2022,3,ZIMA,16.63230748547294,51.57898035365719,9048.716728001045,1855.1151031353224
2022-03-03,2022,3,ZIMA,16.695189555361306,51.57898035365719,4778.811626111381,1868.1189739233803
2022-03-03,2022,3,ZIMA,16.758071625249674,51.57898035365719,1336.6685605293208,1866.8895242551034
2022-03-03,2022,3,ZIMA,16.82095369513804,51.57898035365719,4327.607486410343,1880.4027099609086
2022-03-03,2022,3,ZIMA,16.883835765026408,51.57898035365719,8582.63182821231,1874.2704872970485
2022-03-03,2022,3,ZIMA,16.94671783491477,51.57898035365719,12906.850162773397,1871.8558056279546
2022-03-03,2022,3,ZIMA,17.00959990480314,51.57898035365719,17248.297114973437,1879.8766674831018
2022-03-03,2022,3,ZIMA,17.072481974691506,51.57898035365719,21596.582807123174,1884.0422373339889
2022-03-03,2022,3,ZIMA,16.44366127580784,51.64186242354555,22733.774236944053,1879.9036620884988
2022-03-03,2022,3,ZIMA,16.50654334569621,51.64186242354555,18548.47434255549,1864.704947155836
2022-03-03,2022,3,ZIMA,16.569425415584575,51.64186242354555,14463.97307729854,1858.9980899361044
2022-03-03,2022,3,ZIMA,16.63230748547294,51.64186242354555,10597.473779019278,1865.5932895486792
2022-03-03,2022,3,ZIMA,16.695189555361306,51.64186242354555,7303.820656026393,1867.5814033657439
2022-03-03,2022,3,ZIMA,16.758071625249674,51.64186242354555,5685.470440609392,1877.3221754074311
2022-03-03,2022,3,ZIMA,16.82095369513804,51.64186242354555,7017.3089844368305,1876.0142688587966
2022-03-03,2022,3,ZIMA,16.883835765026408,51.64186242354555,10202.945413633863,1879.4500201510061
2022-03-03,2022,3,ZIMA,16.94671783491477,51.64186242354555,14031.998661490588,1879.470940784719
2022-03-03,2022,3,ZIMA,17.00959990480314,51.64186242354555,18100.64101576137,1891.0472808520524
2022-03-03,2022,3,ZIMA,17.072481974691506,51.64186242354555,22277.9856371743,1892.0063691994412
2022-03-03,2022,3,ZIMA,16.50654334569621,51.70474449343391,21726.73189986778,1862.511880098822
2022-03-03,2022,3,ZIMA,16.569425415584575,51.70474449343391,18368.400870511905,1864.6673445932079
2022-03-03,2022,3,ZIMA,16.63230748547294,51.70474449343391,15512.327393546435,1865.5953323359245
2022-03-03,2022,3,ZIMA,16.695189555361306,51.70474449343391,13481.59372237837,1873.6093529209154
2022-03-03,2022,3,ZIMA,16.758071625249674,51.70474449343391,12679.166548422323,1880.0503441003227
2022-03-03,2022,3,ZIMA,16.82095369513804,51.70474449343391,13328.76158161471,1874.515582564267
2022-03-03,2022,3,ZIMA,16.883835765026408,51.70474449343391,15245.895114827508,1869.5492781290186
2022-03-03,2022,3,ZIMA,16.94671783491477,51.70474449343391,18030.686749865705,1878.4947041023827
2022-03-03,2022,3,ZIMA,17.00959990480314,51.70474449343391,21346.215108421282,1889.0355345928826
2022-03-03,2022,3,ZIMA,16.569425415584575,51.767626563322295,23737.980709715666,1845.5071733164991
2022-03-03,2022,3,ZIMA,16.63230748547294,51.767626563322295,21606.947002294517,1850.5657951941366
2022-03-03,2022,3,ZIMA,16.695189555361306,51.767626563322295,20200.56706752922,1886.3370791203333
2022-03-03,2022,3,ZIMA,16.758071625249674,51.767626563322295,19674.85473951676,1887.4623628513004
2022-03-03,2022,3,ZIMA,16.82095369513804,51.767626563322295,20099.032512508216,1869.2467139263852
2022-03-03,2022,3,ZIMA,16.883835765026408,51.767626563322295,21416.735201237527,1876.362089298314
2022-03-03,2022,3,ZIMA,16.94671783491477,51.767626563322295,23477.99608168023,1882.1711909977325
2022-03-07,2022,3,ZIMA,17.006098129303687,51.51609828376883,18893.604339632097,1869.528219278737
2022-03-07,2022,3,ZIMA,17.068980199192055,51.51609828376883,22890.85730996228,1869.5282073799199
2022-03-07,2022,3,ZIMA,16.880333989526953,51.57898035365719,8342.87147823116,1902.2620619861573
2022-03-07,2022,3,ZIMA,17.006098129303687,51.57898035365719,17006.302359631587,1891.6359712715964
2022-03-07,2022,3,ZIMA,17.068980199192055,51.57898035365719,21354.326951061896,1887.8005052706121
2022-03-07,2022,3,ZIMA,16.75456984975022,51.64186242354555,5700.671005645907,1888.9153822174471
2022-03-07,2022,3,ZIMA,16.817451919638586,51.64186242354555,6877.713124472197,1888.9154028164817
2022-03-07,2022,3,ZIMA,16.880333989526953,51.64186242354555,10002.381498184013,1903.2811238582142
2022-03-07,2022,3,ZIMA,16.94321605941532,51.64186242354555,13810.566952387238,1903.093921598312
2022-03-07,2022,3,ZIMA,17.006098129303687,51.64186242354555,17870.512483347866,1905.6891700985955
2022-03-07,2022,3,ZIMA,17.068980199192055,51.64186242354555,22043.545537886053,1906.804098640503
2022-03-07,2022,3,ZIMA,16.75456984975022,51.70474449343391,12685.980479552787,1895.9090260522214
2022-03-07,2022,3,ZIMA,16.817451919638586,51.70474449343391,13255.900035496014,1894.1201380883426
2022-03-07,2022,3,ZIMA,16.880333989526953,51.70474449343391,15112.59324189347,1899.773201602517
2022-03-07,2022,3,ZIMA,16.94321605941532,51.70474449343391,17859.14262116209,1901.0855253868938
2022-03-07,2022,3,ZIMA,17.006098129303687,51.70474449343391,21151.69893885063,1900.2530735889954
2022-03-07,2022,3,ZIMA,17.068980199192055,51.70474449343391,24773.504994530504,1899.6592182576205
2022-03-07,2022,3,ZIMA,16.565923640085124,51.767626563322295,23874.360079904105,1885.1568403280262
2022-03-07,2022,3,ZIMA,16.62880570997349,51.767626563322295,21708.214615169894,1885.1568537497888
2022-03-07,2022,3,ZIMA,16.69168777986186,51.767626563322295,20256.910366016018,1892.3537956548853
2022-03-07,2022,3,ZIMA,16.75456984975022,51.767626563322295,19679.240479065716,1898.1420033745255
2022-03-07,2022,3,ZIMA,16.817451919638586,51.767626563322295,20050.855201186074,1897.978665780359
2022-03-07,2022,3,ZIMA,16.880333989526953,51.767626563322295,21322.179027900544,1895.4216308594075
2022-03-07,2022,3,ZIMA,16.94321605941532,51.767626563322295,23346.69471159949,1904.060001855331
2022-03-08,2022,3,ZIMA,16.62880570997349,51.39033414399208,24132.56253846387,1894.3724969372263
2022-03-08,2022,3,ZIMA,16.69168777986186,51.39033414399208,22824.767038267706,1892.0091349173356
2022-03-08,2022,3,ZIMA,16.75456984975022,51.39033414399208,22309.375774318905,1891.6829774738612
2022-03-08,2022,3,ZIMA,16.503041570196757,51.45321621388044,23581.077953511707,1902.3711149933868
2022-03-08,2022,3,ZIMA,16.565923640085124,51.45321621388044,20458.436816040445,1901.2436334596498
2022-03-08,2022,3,ZIMA,16.62880570997349,51.45321621388044,17864.060187992847,1903.3652326054114
2022-03-08,2022,3,ZIMA,16.69168777986186,51.45321621388044,16056.097989486343,1900.0849372243056
2022-03-08,2022,3,ZIMA,16.75456984975022,51.45321621388044,15315.627883456851,1898.3418067986058
2022-03-08,2022,3,ZIMA,16.817451919638586,51.45321621388044,15793.514056679513,1895.0172562245054
2022-03-08,2022,3,ZIMA,16.880333989526953,51.45321621388044,17389.60114242064,1896.6896934725055
2022-03-08,2022,3,ZIMA,16.94321605941532,51.45321621388044,19835.775380789644,1891.247427325593
2022-03-08,2022,3,ZIMA,17.006098129303687,51.45321621388044,22860.76036364694,1891.24745320608
2022-03-08,2022,3,ZIMA,16.44015950030839,51.51609828376883,23785.498505187956,1900.7675233504283
2022-03-08,2022,3,ZIMA,16.503041570196757,51.51609828376883,19757.914628789506,1901.7711467512618
2022-03-08,2022,3,ZIMA,16.565923640085124,51.51609828376883,15907.373286362195,1896.5481434822855
2022-03-08,2022,3,ZIMA,16.62880570997349,51.51609828376883,12399.921850519919,1896.6190310139996
2022-03-08,2022,3,ZIMA,16.69168777986186,51.51609828376883,9618.51826801077,1899.70783243176
2022-03-08,2022,3,ZIMA,16.75456984975022,51.51609828376883,8325.742428621463,1899.6302484781718
2022-03-08,2022,3,ZIMA,16.817451919638586,51.51609828376883,9174.104004011042,1890.9466373400744
2022-03-08,2022,3,ZIMA,16.880333989526953,51.51609828376883,11707.032333134212,1892.088799488757
2022-03-08,2022,3,ZIMA,16.44015950030839,51.57898035365719,22309.377798593767,1902.8510206312483
2022-03-08,2022,3,ZIMA,16.503041570196757,51.57898035365719,17960.37871340833,1879.5742469024688
2022-03-08,2022,3,ZIMA,16.565923640085124,51.57898035365719,13617.404822140948,1877.688853241641
2022-03-08,2022,3,ZIMA,16.62880570997349,51.57898035365719,9288.916562767508,1898.864974133549
2022-03-08,2022,3,ZIMA,16.69168777986186,51.57898035365719,5012.588919209262,1902.5327597007372
2022-03-08,2022,3,ZIMA,16.75456984975022,51.57898035365719,1399.9993034286374,1890.6857080995715
2022-03-08,2022,3,ZIMA,16.817451919638586,51.57898035365719,4097.049152339476,1888.0068168011865
2022-03-08,2022,3,ZIMA,16.880333989526953,51.57898035365719,8342.87147823116,1893.0599356639323
2022-03-08,2022,3,ZIMA,16.94321605941532,51.57898035365719,12665.426555374055,1893.0599916719202
2022-03-08,2022,3,ZIMA,16.44015950030839,51.64186242354555,22968.704488944466,1904.486893154264
2022-03-08,2022,3,ZIMA,16.503041570196757,51.64186242354555,18779.51120392489,1905.1496520090684
2022-03-08,2022,3,ZIMA,16.565923640085124,51.64186242354555,14687.337978946705,1902.6989534047732
2022-03-08,2022,3,ZIMA,16.62880570997349,51.64186242354555,10803.011787778565,1902.3362815863954
2022-03-08,2022,3,ZIMA,16.69168777986186,51.64186242354555,7458.6619369363725,1897.076271873974
2022-03-08,2022,3,ZIMA,16.75456984975022,51.64186242354555,5700.671005645907,1894.2009386108691
2022-03-08,2022,3,ZIMA,16.817451919638586,51.64186242354555,6877.713124472197,1885.959946821287
2022-03-08,2022,3,ZIMA,16.880333989526953,51.64186242354555,10002.381498184013,1891.3843793429407
2022-03-08,2022,3,ZIMA,16.94321605941532,51.64186242354555,13810.566952387238,1899.328906697923
2022-03-08,2022,3,ZIMA,17.006098129303687,51.64186242354555,17870.512483347866,1898.88055108398
2022-03-08,2022,3,ZIMA,16.503041570196757,51.70474449343391,21924.029828531227,1904.700942571161
2022-03-08,2022,3,ZIMA,16.565923640085124,51.70474449343391,18544.554847416206,1898.9118025187445
2022-03-08,2022,3,ZIMA,16.62880570997349,51.70474449343391,15653.26864662927,1899.6862257714963
2022-03-08,2022,3,ZIMA,16.69168777986186,51.70474449343391,13565.988451621677,1900.2395331422133
2022-03-08,2022,3,ZIMA,16.75456984975022,51.70474449343391,12685.980479552787,1900.542556034376
2022-03-08,2022,3,ZIMA,16.817451919638586,51.70474449343391,13255.900035496014,1890.6013554021358
2022-03-08,2022,3,ZIMA,16.880333989526953,51.70474449343391,15112.59324189347,1896.024086627049
2022-03-08,2022,3,ZIMA,16.94321605941532,51.70474449343391,17859.14262116209,1898.8345394693088
2022-03-08,2022,3,ZIMA,17.006098129303687,51.70474449343391,21151.69893885063,1899.7269171885237
2022-03-08,2022,3,ZIMA,16.565923640085124,51.767626563322295,23874.360079904105,1894.239764542632
2022-03-08,2022,3,ZIMA,16.62880570997349,51.767626563322295,21708.214615169894,1895.819362103376
2022-03-08,2022,3,ZIMA,16.69168777986186,51.767626563322295,20256.910366016018,1896.3996737804782
2022-03-08,2022,3,ZIMA,16.75456984975022,51.767626563322295,19679.240479065716,1893.8763266458102
2022-03-08,2022,3,ZIMA,16.817451919638586,51.767626563322295,20050.855201186074,1891.0231240695691
2022-03-08,2022,3,ZIMA,16.880333989526953,51.767626563322295,21322.179027900544,1887.7548828125325
2022-03-08,2022,3,ZIMA,16.94321605941532,51.767626563322295,23346.69471159949,1890.133979881894
2022-03-09,2022,3,ZIMA,16.63230748547294,51.39033414399208,24040.75037827768,1882.6596241060479
2022-03-09,2022,3,ZIMA,16.695189555361306,51.39033414399208,22774.361202252046,1882.6519841590575
2022-03-09,2022,3,ZIMA,16.758071625249674,51.39033414399208,22305.47501033657,1879.344980381784
2022-03-09,2022,3,ZIMA,16.82095369513804,51.39033414399208,22683.599851816612,1874.3313816280622
2022-03-09,2022,3,ZIMA,16.883835765026408,51.39033414399208,23868.515249312062,1897.7166746490645
2022-03-09,2022,3,ZIMA,16.50654334569621,51.45321621388044,23396.738235416302,1891.5186015928361
2022-03-09,2022,3,ZIMA,16.569425415584575,51.45321621388044,20298.01174458644,1894.6514179267797
2022-03-09,2022,3,ZIMA,16.63230748547294,51.45321621388044,17740.006059764815,1892.5882658355401
2022-03-09,2022,3,ZIMA,16.695189555361306,51.45321621388044,15984.460380881492,1883.9849547744982
2022-03-09,2022,3,ZIMA,16.758071625249674,51.45321621388044,15309.953112466403,1883.6850277818253
2022-03-09,2022,3,ZIMA,16.82095369513804,51.45321621388044,15855.056231952789,1886.6443930908329
2022-03-09,2022,3,ZIMA,16.883835765026408,51.45321621388044,17506.212359873636,1906.7271639909418
2022-03-09,2022,3,ZIMA,16.94671783491477,51.45321621388044,19991.21689898653,1906.310083026803
2022-03-09,2022,3,ZIMA,17.00959990480314,51.45321621388044,23041.845730008954,1890.6006425625837
2022-03-09,2022,3,ZIMA,16.44366127580784,51.51609828376883,23558.084958616277,1889.2748280099765
2022-03-09,2022,3,ZIMA,16.50654334569621,51.51609828376883,19537.84054011882,1891.5562335557959
2022-03-09,2022,3,ZIMA,16.569425415584575,51.51609828376883,15700.8009096385,1894.3948560067283
2022-03-09,2022,3,ZIMA,16.63230748547294,51.51609828376883,12220.773060573265,1895.43604159747
2022-03-09,2022,3,ZIMA,16.695189555361306,51.51609828376883,9498.617637244897,1881.203609446081
2022-03-09,2022,3,ZIMA,16.758071625249674,51.51609828376883,8315.313151789731,1882.1821214939575
2022-03-09,2022,3,ZIMA,16.82095369513804,51.51609828376883,9279.50594577174,1894.8577338607688
2022-03-09,2022,3,ZIMA,16.883835765026408,51.51609828376883,11879.320814836998,1901.9463017185649
2022-03-09,2022,3,ZIMA,16.94671783491477,51.51609828376883,15302.66637249264,1904.2851726734118
2022-03-09,2022,3,ZIMA,17.00959990480314,51.51609828376883,19112.015949548942,1877.292796353264
2022-03-09,2022,3,ZIMA,17.072481974691506,51.51609828376883,23117.327117444216,1881.0569790855684
2022-03-09,2022,3,ZIMA,16.44366127580784,51.57898035365719,22067.09312874936,1890.502981197936
2022-03-09,2022,3,ZIMA,16.50654334569621,51.57898035365719,17718.327792455035,1886.4983569914205
2022-03-09,2022,3,ZIMA,16.569425415584575,51.57898035365719,13375.848816009768,1884.374814425501
2022-03-09,2022,3,ZIMA,16.63230748547294,51.57898035365719,9048.716728001045,1883.1499771311387
2022-03-09,2022,3,ZIMA,16.695189555361306,51.57898035365719,4778.811626111381,1884.619627011221
2022-03-09,2022,3,ZIMA,16.758071625249674,51.57898035365719,1336.6685605293208,1886.372473558708
2022-03-09,2022,3,ZIMA,16.82095369513804,51.57898035365719,4327.607486410343,1899.73717676559
2022-03-09,2022,3,ZIMA,16.883835765026408,51.57898035365719,8582.63182821231,1898.5675650428027
2022-03-09,2022,3,ZIMA,16.94671783491477,51.57898035365719,12906.850162773397,1895.9374773111717
2022-03-09,2022,3,ZIMA,17.00959990480314,51.57898035365719,17248.297114973437,1891.6816970167836
2022-03-09,2022,3,ZIMA,17.072481974691506,51.57898035365719,21596.582807123174,1889.5202887650821
2022-03-09,2022,3,ZIMA,16.44366127580784,51.64186242354555,22733.774236944053,1895.2414782597252
2022-03-09,2022,3,ZIMA,16.50654334569621,51.64186242354555,18548.47434255549,1895.1642480016058
2022-03-09,2022,3,ZIMA,16.569425415584575,51.64186242354555,14463.97307729854,1887.7102897946622
2022-03-09,2022,3,ZIMA,16.63230748547294,51.64186242354555,10597.473779019278,1887.3288574219441
2022-03-09,2022,3,ZIMA,16.695189555361306,51.64186242354555,7303.820656026393,1891.5544707289248
2022-03-09,2022,3,ZIMA,16.758071625249674,51.64186242354555,5685.470440609392,1902.7038331962583
2022-03-09,2022,3,ZIMA,16.82095369513804,51.64186242354555,7017.3089844368305,1901.458519075
2022-03-09,2022,3,ZIMA,16.883835765026408,51.64186242354555,10202.945413633863,1904.5572799769031
2022-03-09,2022,3,ZIMA,16.94671783491477,51.64186242354555,14031.998661490588,1904.3678278050331
2022-03-09,2022,3,ZIMA,17.00959990480314,51.64186242354555,18100.64101576137,1901.5354183693785
2022-03-09,2022,3,ZIMA,17.072481974691506,51.64186242354555,22277.9856371743,1900.3382470147758
2022-03-09,2022,3,ZIMA,16.50654334569621,51.70474449343391,21726.73189986778,1895.3479522918367
2022-03-09,2022,3,ZIMA,16.569425415584575,51.70474449343391,18368.400870511905,1890.2414839908292
2022-03-09,2022,3,ZIMA,16.63230748547294,51.70474449343391,15512.327393546435,1889.658522235983
2022-03-09,2022,3,ZIMA,16.695189555361306,51.70474449343391,13481.59372237837,1905.2086142335336
2022-03-09,2022,3,ZIMA,16.758071625249674,51.70474449343391,12679.166548422323,1906.7458496093084
2022-03-09,2022,3,ZIMA,16.82095369513804,51.70474449343391,13328.76158161471,1903.3596786927806
2022-03-09,2022,3,ZIMA,16.883835765026408,51.70474449343391,15245.895114827508,1904.8699892440409
2022-03-09,2022,3,ZIMA,16.94671783491477,51.70474449343391,18030.686749865705,1904.959441786065
2022-03-09,2022,3,ZIMA,17.00959990480314,51.70474449343391,21346.215108421282,1899.9247791767498
2022-03-09,2022,3,ZIMA,16.569425415584575,51.767626563322295,23737.980709715666,1885.437322171709
2022-03-09,2022,3,ZIMA,16.63230748547294,51.767626563322295,21606.947002294517,1893.3641677335497
2022-03-09,2022,3,ZIMA,16.695189555361306,51.767626563322295,20200.56706752922,1905.937556616301
2022-03-09,2022,3,ZIMA,16.758071625249674,51.767626563322295,19674.85473951676,1906.5254837895534
2022-03-09,2022,3,ZIMA,16.82095369513804,51.767626563322295,20099.032512508216,1898.8561732827493
2022-03-09,2022,3,ZIMA,16.883835765026408,51.767626563322295,21416.735201237527,1897.4683337960041
2022-03-09,2022,3,ZIMA,16.94671783491477,51.767626563322295,23477.99608168023,1896.8830101017318
2022-03-10,2022,3,ZIMA,16.63230748547294,51.39033414399208,24040.75037827768,1894.0522558028533
2022-03-10,2022,3,ZIMA,16.695189555361306,51.39033414399208,22774.361202252046,1892.3209774835948
2022-03-10,2022,3,ZIMA,16.758071625249674,51.39033414399208,22305.47501033657,1896.0699248333299
2022-03-10,2022,3,ZIMA,16.82095369513804,51.39033414399208,22683.599851816612,1902.8048424517922
2022-03-10,2022,3,ZIMA,16.883835765026408,51.39033414399208,23868.515249312062,1903.8114113337253
2022-03-10,2022,3,ZIMA,16.50654334569621,51.45321621388044,23396.738235416302,1904.5010210736875
2022-03-10,2022,3,ZIMA,16.569425415584575,51.45321621388044,20298.01174458644,1906.6573929665817
2022-03-10,2022,3,ZIMA,16.63230748547294,51.45321621388044,17740.006059764815,1906.6367797359944
2022-03-10,2022,3,ZIMA,16.695189555361306,51.45321621388044,15984.460380881492,1903.5240017861186
2022-03-10,2022,3,ZIMA,16.758071625249674,51.45321621388044,15309.953112466403,1902.1947308014944
2022-03-10,2022,3,ZIMA,16.82095369513804,51.45321621388044,15855.056231952789,1903.0653352333102
2022-03-10,2022,3,ZIMA,16.883835765026408,51.45321621388044,17506.212359873636,1903.0530897304761
2022-03-10,2022,3,ZIMA,16.94671783491477,51.45321621388044,19991.21689898653,1901.6137871071198
2022-03-10,2022,3,ZIMA,17.00959990480314,51.45321621388044,23041.845730008954,1904.8371787351807
2022-03-10,2022,3,ZIMA,16.44366127580784,51.51609828376883,23558.084958616277,1899.0769678197846
2022-03-10,2022,3,ZIMA,16.50654334569621,51.51609828376883,19537.84054011882,1901.3681081793154
2022-03-10,2022,3,ZIMA,16.569425415584575,51.51609828376883,15700.8009096385,1903.7181757780838
2022-03-10,2022,3,ZIMA,16.63230748547294,51.51609828376883,12220.773060573265,1905.887494948241
2022-03-10,2022,3,ZIMA,16.695189555361306,51.51609828376883,9498.617637244897,1899.2802861558914
2022-03-10,2022,3,ZIMA,16.758071625249674,51.51609828376883,8315.313151789731,1900.7268690244548
2022-03-10,2022,3,ZIMA,16.82095369513804,51.51609828376883,9279.50594577174,1902.098096010437
2022-03-10,2022,3,ZIMA,16.883835765026408,51.51609828376883,11879.320814836998,1900.9869222160808
2022-03-10,2022,3,ZIMA,16.94671783491477,51.51609828376883,15302.66637249264,1892.4807169348132
2022-03-10,2022,3,ZIMA,17.00959990480314,51.51609828376883,19112.015949548942,1898.9077389867775
2022-03-10,2022,3,ZIMA,17.072481974691506,51.51609828376883,23117.327117444216,1903.7899409131976
2022-03-10,2022,3,ZIMA,16.44366127580784,51.57898035365719,22067.09312874936,1900.751523694014
2022-03-10,2022,3,ZIMA,16.50654334569621,51.57898035365719,17718.327792455035,1897.336966460857
2022-03-10,2022,3,ZIMA,16.569425415584575,51.57898035365719,13375.848816009768,1894.7786377062075
2022-03-10,2022,3,ZIMA,16.63230748547294,51.57898035365719,9048.716728001045,1899.3507156510636
2022-03-10,2022,3,ZIMA,16.695189555361306,51.57898035365719,4778.811626111381,1902.2241085283715
2022-03-10,2022,3,ZIMA,16.758071625249674,51.57898035365719,1336.6685605293208,1901.7613972504582
2022-03-10,2022,3,ZIMA,16.82095369513804,51.57898035365719,4327.607486410343,1899.0578960289588
2022-03-10,2022,3,ZIMA,16.883835765026408,51.57898035365719,8582.63182821231,1906.6894304211141
2022-03-10,2022,3,ZIMA,16.94671783491477,51.57898035365719,12906.850162773397,1904.538162383505
2022-03-10,2022,3,ZIMA,17.00959990480314,51.57898035365719,17248.297114973437,1902.275163311909
2022-03-10,2022,3,ZIMA,17.072481974691506,51.57898035365719,21596.582807123174,1898.2710029042207
2022-03-10,2022,3,ZIMA,16.44366127580784,51.64186242354555,22733.774236944053,1905.1287860442922
2022-03-10,2022,3,ZIMA,16.50654334569621,51.64186242354555,18548.47434255549,1904.7478716025296
2022-03-10,2022,3,ZIMA,16.569425415584575,51.64186242354555,14463.97307729854,1907.0445481997735
2022-03-10,2022,3,ZIMA,16.63230748547294,51.64186242354555,10597.473779019278,1907.223658266182
2022-03-10,2022,3,ZIMA,16.695189555361306,51.64186242354555,7303.820656026393,1900.5992653216051
2022-03-10,2022,3,ZIMA,16.758071625249674,51.64186242354555,5685.470440609392,1897.9986321934641
2022-03-10,2022,3,ZIMA,16.82095369513804,51.64186242354555,7017.3089844368305,1904.865367146552
2022-03-10,2022,3,ZIMA,16.883835765026408,51.64186242354555,10202.945413633863,1904.4656982649633
2022-03-10,2022,3,ZIMA,16.94671783491477,51.64186242354555,14031.998661490588,1905.2320689045084
2022-03-10,2022,3,ZIMA,17.00959990480314,51.64186242354555,18100.64101576137,1908.8573028713865
2022-03-10,2022,3,ZIMA,17.072481974691506,51.64186242354555,22277.9856371743,1911.3566538403852
2022-03-10,2022,3,ZIMA,16.50654334569621,51.70474449343391,21726.73189986778,1905.0628037869533
2022-03-10,2022,3,ZIMA,16.569425415584575,51.70474449343391,18368.400870511905,1903.756130764091
2022-03-10,2022,3,ZIMA,16.63230748547294,51.70474449343391,15512.327393546435,1905.0444408323294
2022-03-10,2022,3,ZIMA,16.695189555361306,51.70474449343391,13481.59372237837,1907.3043212891323
2022-03-10,2022,3,ZIMA,16.758071625249674,51.70474449343391,12679.166548422323,1906.317004725148
2022-03-10,2022,3,ZIMA,16.82095369513804,51.70474449343391,13328.76158161471,1905.5175005056115
2022-03-10,2022,3,ZIMA,16.883835765026408,51.70474449343391,15245.895114827508,1904.9982760919738
2022-03-10,2022,3,ZIMA,16.94671783491477,51.70474449343391,18030.686749865705,1904.6842486927262
2022-03-10,2022,3,ZIMA,17.00959990480314,51.70474449343391,21346.215108421282,1908.9909976971837
2022-03-10,2022,3,ZIMA,16.569425415584575,51.767626563322295,23737.980709715666,1900.8190613275185
2022-03-10,2022,3,ZIMA,16.63230748547294,51.767626563322295,21606.947002294517,1901.117840438627
2022-03-10,2022,3,ZIMA,16.695189555361306,51.767626563322295,20200.56706752922,1908.5003541578797
2022-03-10,2022,3,ZIMA,16.758071625249674,51.767626563322295,19674.85473951676,1909.3387348519434
2022-03-10,2022,3,ZIMA,16.82095369513804,51.767626563322295,20099.032512508216,1909.432109433614
2022-03-10,2022,3,ZIMA,16.883835765026408,51.767626563322295,21416.735201237527,1909.557339707709
2022-03-10,2022,3,ZIMA,16.94671783491477,51.767626563322295,23477.99608168023,1911.0077855823174
2022-03-10,2022,3,ZIMA,16.62880570997349,51.397337694990995,23414.016585733578,1876.0434096976735
2022-03-10,2022,3,ZIMA,16.69168777986186,51.397337694990995,22063.88379565311,1876.6326733469268
2022-03-10,2022,3,ZIMA,16.75456984975022,51.397337694990995,21530.368772371374,1876.910175570342
2022-03-10,2022,3,ZIMA,16.817451919638586,51.397337694990995,21873.307059292492,1880.0001630961485
2022-03-10,2022,3,ZIMA,16.880333989526953,51.397337694990995,23053.618918125285,1880.4646967210747
2022-03-10,2022,3,ZIMA,16.94321605941532,51.397337694990995,24952.75932919812,1880.2667705065612
2022-03-10,2022,3,ZIMA,16.503041570196757,51.460219764879355,23081.788443822483,1899.929001016422
2022-03-10,2022,3,ZIMA,16.565923640085124,51.460219764879355,19881.408182050945,1898.767621899109
2022-03-10,2022,3,ZIMA,16.62880570997349,51.460219764879355,17200.65707870494,1899.253346716413
2022-03-10,2022,3,ZIMA,16.69168777986186,51.460219764879355,15314.88229812874,1899.9289550781943
2022-03-10,2022,3,ZIMA,16.75456984975022,51.460219764879355,14536.827372313592,1899.9289550780588
2022-03-10,2022,3,ZIMA,16.817451919638586,51.460219764879355,15039.405013666608,1881.1743164062211
2022-03-10,2022,3,ZIMA,16.880333989526953,51.460219764879355,16707.445741562333,1881.1743164062823
2022-03-10,2022,3,ZIMA,16.94321605941532,51.460219764879355,19240.181289840893,1881.092138606256
2022-03-10,2022,3,ZIMA,17.006098129303687,51.460219764879355,22345.496237203883,1879.8237417955818
2022-03-10,2022,3,ZIMA,16.503041570196757,51.523101834767715,19441.697397995245,1887.2330351555079
2022-03-10,2022,3,ZIMA,16.565923640085124,51.523101834767715,15513.54212454046,1887.2467126015401
2022-03-10,2022,3,ZIMA,16.62880570997349,51.523101834767715,11891.12021307515,1887.2117137421776
2022-03-10,2022,3,ZIMA,16.69168777986186,51.523101834767715,8953.543779319723,1887.1396956163385
2022-03-10,2022,3,ZIMA,16.75456984975022,51.523101834767715,7547.952860866032,1887.1036840030915
2022-03-10,2022,3,ZIMA,16.817451919638586,51.523101834767715,8474.403525390493,1869.8540500694328
2022-03-10,2022,3,ZIMA,16.880333989526953,51.523101834767715,11166.818784465544,1870.6864263077457
2022-03-10,2022,3,ZIMA,16.94321605941532,51.523101834767715,14683.958496616548,1871.1046632773207
2022-03-10,2022,3,ZIMA,17.006098129303687,51.523101834767715,18562.80731142627,1871.9593438132392
2022-03-10,2022,3,ZIMA,17.068980199192055,51.523101834767715,22618.029587010187,1872.2829382261923
2022-03-10,2022,3,ZIMA,16.44015950030839,51.58598390465609,22275.29596925275,1881.2086218995084
2022-03-10,2022,3,ZIMA,16.503041570196757,51.58598390465609,17918.777804094727,1885.9019534296203
2022-03-10,2022,3,ZIMA,16.565923640085124,51.58598390465609,13563.266202874287,1886.3705219108456
2022-03-10,2022,3,ZIMA,16.62880570997349,51.58598390465609,9210.19479805672,1886.3396368364397
2022-03-10,2022,3,ZIMA,16.69168777986186,51.58598390465609,4866.124299903999,1886.277845238517
2022-03-10,2022,3,ZIMA,16.75456984975022,51.58598390465609,718.7967638404122,1886.2469529106452
2022-03-10,2022,3,ZIMA,16.817451919638586,51.58598390465609,3916.658201947574,1877.651590470086
2022-03-10,2022,3,ZIMA,16.880333989526953,51.58598390465609,8255.288359509394,1878.1813677447255
2022-03-10,2022,3,ZIMA,16.94321605941532,51.58598390465609,12607.353093584305,1878.4562423551633
2022-03-10,2022,3,ZIMA,17.006098129303687,51.58598390465609,16962.512864738612,1879.0058955101586
2022-03-10,2022,3,ZIMA,17.068980199192055,51.58598390465609,21318.868699757328,1879.1822359075104
2022-03-10,2022,3,ZIMA,16.44015950030839,51.64886597454445,23172.077289885405,1892.9412687839504
2022-03-10,2022,3,ZIMA,16.503041570196757,51.64886597454445,19028.419867757362,1896.4341274124386
2022-03-10,2022,3,ZIMA,16.565923640085124,51.64886597454445,15004.989823223026,1896.6572265624338
2022-03-10,2022,3,ZIMA,16.62880570997349,51.64886597454445,11231.747416381291,1896.6572265625691
2022-03-10,2022,3,ZIMA,16.69168777986186,51.64886597454445,8067.722857320884,1896.6572265625691
2022-03-10,2022,3,ZIMA,16.75456984975022,51.64886597454445,6477.479199931528,1896.6542564368958
2022-03-10,2022,3,ZIMA,16.503041570196757,51.711748044432824,22382.527517314295,1894.1545797406238
2022-03-10,2022,3,ZIMA,16.565923640085124,51.711748044432824,19084.970432514514,1893.964956872952
2022-03-10,2022,3,ZIMA,16.62880570997349,51.711748044432824,16290.35549268716,1893.8701225406724
2022-03-10,2022,3,ZIMA,16.69168777986186,51.711748044432824,14296.724468087103,1893.6804365814846
2022-03-10,2022,3,ZIMA,16.75456984975022,51.711748044432824,13464.692933223812,1893.5932014400107
2022-03-11,2022,3,ZIMA,16.63230748547294,51.40083947049044,22960.126954864292,1873.3244436789498
2022-03-11,2022,3,ZIMA,16.695189555361306,51.40083947049044,21630.877526090502,1872.8225466217646
2022-03-11,2022,3,ZIMA,16.758071625249674,51.40083947049044,21136.75458536362,1872.9544225828145
2022-03-11,2022,3,ZIMA,16.883835765026408,51.40083947049044,22779.76429883193,1899.1983761347133
2022-03-11,2022,3,ZIMA,16.94671783491477,51.40083947049044,24742.786875447207,1899.1983649951771
2022-03-11,2022,3,ZIMA,16.50654334569621,51.4637215403788,22647.677207307275,1889.2711064835048
2022-03-11,2022,3,ZIMA,16.569425415584575,51.4637215403788,19430.65279204185,1889.5190087237759
2022-03-11,2022,3,ZIMA,16.63230748547294,51.4637215403788,16741.299838130057,1887.9300416871672
2022-03-11,2022,3,ZIMA,16.695189555361306,51.4637215403788,14868.754552299932,1874.2223573527485
2022-03-11,2022,3,ZIMA,17.00959990480314,51.4637215403788,22280.941613895615,1899.1983672735053
2022-03-11,2022,3,ZIMA,16.569425415584575,51.52660361026717,15113.246403111087,1889.226068205363
2022-03-11,2022,3,ZIMA,16.63230748547294,51.52660361026717,11457.080573087394,1886.2114825736217
2022-03-11,2022,3,ZIMA,16.695189555361306,51.52660361026717,8494.393021157723,1881.9820928619692
2022-03-11,2022,3,ZIMA,16.758071625249674,51.52660361026717,7147.044934713422,1882.1036909252434
2022-03-11,2022,3,ZIMA,16.82095369513804,51.52660361026717,8248.706015929743,1882.106216977453
2022-03-11,2022,3,ZIMA,16.569425415584575,51.58948568015553,13310.256590039357,1886.477017254826
2022-03-11,2022,3,ZIMA,16.63230748547294,51.58948568015553,8952.722932547227,1885.2470639355745
2022-03-11,2022,3,ZIMA,16.695189555361306,51.58948568015553,4595.935998082942,1881.734375000069
2022-03-11,2022,3,ZIMA,16.758071625249674,51.58948568015553,277.69329068147516,1881.7989633078087
2022-03-11,2022,3,ZIMA,16.82095369513804,51.58948568015553,4124.890416239718,1882.1037766857298
2022-03-11,2022,3,ZIMA,16.883835765026408,51.58948568015553,8481.476135674528,1882.1061919288127
2022-03-11,2022,3,ZIMA,16.94671783491477,51.58948568015553,12838.97279331703,1882.1061832550952
2022-03-11,2022,3,ZIMA,16.50654334569621,51.65236775004391,18937.248299133444,1896.1305013970198
2022-03-11,2022,3,ZIMA,16.569425415584575,51.65236775004391,14960.319349349504,1894.3762550139518
2022-03-11,2022,3,ZIMA,16.63230748547294,51.65236775004391,11266.476722222027,1894.1182578455894
2022-03-11,2022,3,ZIMA,16.695189555361306,51.65236775004391,8245.392510962301,1887.6103604083214
2022-03-11,2022,3,ZIMA,16.758071625249674,51.65236775004391,6853.476800724564,1886.4676330473578
2022-03-11,2022,3,ZIMA,16.82095369513804,51.65236775004391,7992.764094764516,1882.833046212667
2022-03-11,2022,3,ZIMA,16.883835765026408,51.65236775004391,10896.285673413891,1885.2055409376514
2022-03-11,2022,3,ZIMA,16.94671783491477,51.65236775004391,14543.193254773298,1896.6791029503402
2022-03-11,2022,3,ZIMA,17.00959990480314,51.65236775004391,18498.931613833585,1896.7166711011635
2022-03-11,2022,3,ZIMA,17.072481974691506,51.65236775004391,22601.923186798995,1896.7166847970427
2022-03-11,2022,3,ZIMA,16.50654334569621,51.71524981993227,22427.21492914899,1894.7496741435434
2022-03-11,2022,3,ZIMA,16.569425415584575,51.71524981993227,19192.666442319347,1896.0440410141405
2022-03-11,2022,3,ZIMA,16.63230748547294,51.71524981993227,16480.747203902352,1895.2438865326988
2022-03-11,2022,3,ZIMA,16.695189555361306,51.71524981993227,14585.943386997042,1894.1148348486527
2022-03-11,2022,3,ZIMA,16.758071625249674,51.71524981993227,13847.833818649817,1891.3743365424302
2022-03-11,2022,3,ZIMA,16.82095369513804,51.71524981993227,14444.83332546964,1886.467379964988
2022-03-11,2022,3,ZIMA,16.883835765026408,51.71524981993227,16230.278648697753,1896.4188531911027
2022-03-11,2022,3,ZIMA,16.94671783491477,51.71524981993227,18869.785601048578,1898.8930664062864
2022-03-11,2022,3,ZIMA,17.00959990480314,51.71524981993227,22058.870945944283,1897.4653754840747
2022-03-11,2022,3,ZIMA,16.569425415584575,51.77813188982064,24714.534512347887,1892.971343346735
2022-03-11,2022,3,ZIMA,16.63230748547294,51.77813188982064,22675.958212645324,1893.31518589875
2022-03-11,2022,3,ZIMA,16.695189555361306,51.77813188982064,21340.465733542747,1896.0272112417797
2022-03-11,2022,3,ZIMA,16.758071625249674,51.77813188982064,20843.64027861737,1896.0405097676125
2022-03-11,2022,3,ZIMA,16.82095369513804,51.77813188982064,21244.402207891635,1896.9326912099748
2022-03-11,2022,3,ZIMA,16.883835765026408,51.77813188982064,22494.82981456476,1896.406670733207
2022-03-11,2022,3,ZIMA,16.94671783491477,51.77813188982064,24464.98800502619,1895.1253595917383
2022-03-11,2022,3,ZIMA,16.62880570997349,51.397337694990995,23414.016585733578,1867.611978992054
2022-03-11,2022,3,ZIMA,16.69168777986186,51.397337694990995,22063.88379565311,1868.8455740121199
2022-03-11,2022,3,ZIMA,16.75456984975022,51.397337694990995,21530.368772371374,1868.5013181431978
2022-03-11,2022,3,ZIMA,16.817451919638586,51.397337694990995,21873.307059292492,1875.8805231295157
2022-03-11,2022,3,ZIMA,16.880333989526953,51.397337694990995,23053.618918125285,1876.425341646313
2022-03-11,2022,3,ZIMA,16.94321605941532,51.397337694990995,24952.75932919812,1876.4978368812913
2022-03-11,2022,3,ZIMA,16.503041570196757,51.460219764879355,23081.788443822483,1867.5200080951815
2022-03-11,2022,3,ZIMA,16.565923640085124,51.460219764879355,19881.408182050945,1867.4514038703442
2022-03-11,2022,3,ZIMA,16.62880570997349,51.460219764879355,17200.65707870494,1876.4603630573474
2022-03-11,2022,3,ZIMA,16.69168777986186,51.460219764879355,15314.88229812874,1878.111206054756
2022-03-11,2022,3,ZIMA,16.75456984975022,51.460219764879355,14536.827372313592,1878.111206054622
2022-03-11,2022,3,ZIMA,16.817451919638586,51.460219764879355,15039.405013666608,1876.8568115234086
2022-03-11,2022,3,ZIMA,16.880333989526953,51.460219764879355,16707.445741562333,1876.8568115234698
2022-03-11,2022,3,ZIMA,16.94321605941532,51.460219764879355,19240.181289840893,1872.2026807631169
2022-03-11,2022,3,ZIMA,17.006098129303687,51.460219764879355,22345.496237203883,1853.5199708768607
2022-03-11,2022,3,ZIMA,16.44015950030839,51.523101834767715,23522.913253362145,1861.8943928671301
2022-03-11,2022,3,ZIMA,16.503041570196757,51.523101834767715,19441.697397995245,1862.134790291236
2022-03-11,2022,3,ZIMA,16.565923640085124,51.523101834767715,15513.54212454046,1866.3345103152349
2022-03-11,2022,3,ZIMA,16.62880570997349,51.523101834767715,11891.12021307515,1871.5481429061529
2022-03-11,2022,3,ZIMA,16.69168777986186,51.523101834767715,8953.543779319723,1871.7369805016308
2022-03-11,2022,3,ZIMA,16.75456984975022,51.523101834767715,7547.952860866032,1871.6749148290003
2022-03-11,2022,3,ZIMA,16.817451919638586,51.523101834767715,8474.403525390493,1868.0356969876539
2022-03-11,2022,3,ZIMA,16.880333989526953,51.523101834767715,11166.818784465544,1867.7315638867353
2022-03-11,2022,3,ZIMA,16.94321605941532,51.523101834767715,14683.958496616548,1865.6115834381892
2022-03-11,2022,3,ZIMA,17.006098129303687,51.523101834767715,18562.80731142627,1865.1720310131998
2022-03-11,2022,3,ZIMA,17.068980199192055,51.523101834767715,22618.029587010187,1865.183572273098
2022-03-11,2022,3,ZIMA,16.44015950030839,51.58598390465609,22275.29596925275,1858.6282096978712
2022-03-11,2022,3,ZIMA,16.503041570196757,51.58598390465609,17918.777804094727,1858.7622314922246
2022-03-11,2022,3,ZIMA,16.565923640085124,51.58598390465609,13563.266202874287,1867.7475691117045
2022-03-11,2022,3,ZIMA,16.62880570997349,51.58598390465609,9210.19479805672,1871.3403386200112
2022-03-11,2022,3,ZIMA,16.69168777986186,51.58598390465609,4866.124299903999,1871.2909165475494
2022-03-11,2022,3,ZIMA,16.75456984975022,51.58598390465609,718.7967638404122,1871.500167328492
2022-03-11,2022,3,ZIMA,16.817451919638586,51.58598390465609,3916.658201947574,1871.430267807491
2022-03-11,2022,3,ZIMA,16.880333989526953,51.58598390465609,8255.288359509394,1871.1746373503945
2022-03-11,2022,3,ZIMA,16.94321605941532,51.58598390465609,12607.353093584305,1865.135145148472
2022-03-11,2022,3,ZIMA,17.006098129303687,51.58598390465609,16962.512864738612,1864.9414094724013
2022-03-11,2022,3,ZIMA,17.068980199192055,51.58598390465609,21318.868699757328,1864.9414090274602
2022-03-11,2022,3,ZIMA,16.44015950030839,51.64886597454445,23172.077289885405,1874.7944013303709
2022-03-11,2022,3,ZIMA,16.503041570196757,51.64886597454445,19028.419867757362,1875.0187690933442
2022-03-11,2022,3,ZIMA,16.565923640085124,51.64886597454445,15004.989823223026,1877.3463302793373
2022-03-11,2022,3,ZIMA,16.62880570997349,51.64886597454445,11231.747416381291,1877.5149816670728
2022-03-11,2022,3,ZIMA,16.69168777986186,51.64886597454445,8067.722857320884,1877.8035996894992
2022-03-11,2022,3,ZIMA,16.75456984975022,51.64886597454445,6477.479199931528,1872.8399967270877
2022-03-11,2022,3,ZIMA,16.817451919638586,51.64886597454445,7533.972328492395,1872.4483642577839
2022-03-11,2022,3,ZIMA,16.880333989526953,51.64886597454445,10464.095361558122,1872.448368307087
2022-03-11,2022,3,ZIMA,16.503041570196757,51.711748044432824,22382.527517314295,1869.7172851561888
2022-03-11,2022,3,ZIMA,16.565923640085124,51.711748044432824,19084.970432514514,1872.6826171874347
2022-03-11,2022,3,ZIMA,16.62880570997349,51.711748044432824,16290.35549268716,1872.6826171875684
2022-03-11,2022,3,ZIMA,16.69168777986186,51.711748044432824,14296.724468087103,1872.6826232952455
2022-03-11,2022,3,ZIMA,16.75456984975022,51.711748044432824,13464.692933223812,1872.448298432791
2022-03-11,2022,3,ZIMA,16.817451919638586,51.711748044432824,14002.873213482273,1872.4483736157958
2022-03-11,2022,3,ZIMA,16.880333989526953,51.711748044432824,15771.617173893384,1872.4483408153228
2022-03-11,2022,3,ZIMA,16.565923640085124,51.774630114321184,24519.885198382693,1869.1134255456504
2022-03-11,2022,3,ZIMA,16.62880570997349,51.774630114321184,22416.546678578627,1869.5177378649066
2022-03-11,2022,3,ZIMA,16.69168777986186,51.774630114321184,21014.443227294196,1872.7036272516348
2022-03-12,2022,3,ZIMA,16.62880570997349,51.393835919491536,23772.81206691847,1874.8913414559627
2022-03-12,2022,3,ZIMA,16.69168777986186,51.393835919491536,22444.168487932602,1871.477905273506
2022-03-12,2022,3,ZIMA,16.75456984975022,51.393835919491536,21919.87074092618,1870.9750555974915
2022-03-12,2022,3,ZIMA,16.817451919638586,51.393835919491536,22256.833847700203,1870.879291102789
2022-03-12,2022,3,ZIMA,16.880333989526953,51.393835919491536,23417.90953829656,1873.7925512002503
2022-03-12,2022,3,ZIMA,16.503041570196757,51.4567179893799,23329.51591282778,1875.8101487582587
2022-03-12,2022,3,ZIMA,16.565923640085124,51.4567179893799,20168.223249741728,1876.4315519352058
2022-03-12,2022,3,ZIMA,16.62880570997349,51.4567179893799,17531.16767551657,1876.0135236637234
2022-03-12,2022,3,ZIMA,16.69168777986186,51.4567179893799,15685.030002146781,1872.019921371519
2022-03-12,2022,3,ZIMA,16.75456984975022,51.4567179893799,14926.22251926557,1871.9428123037599
2022-03-12,2022,3,ZIMA,16.817451919638586,51.4567179893799,15416.14769180589,1876.8672858450132
2022-03-12,2022,3,ZIMA,16.44015950030839,51.51960005926827,23651.36158110853,1865.6959449320195
2022-03-12,2022,3,ZIMA,16.503041570196757,51.51960005926827,19596.571250763798,1873.1371752155255
2022-03-12,2022,3,ZIMA,16.565923640085124,51.51960005926827,15706.860517589022,1876.8146453788042
2022-03-12,2022,3,ZIMA,16.62880570997349,51.51960005926827,12141.936040708946,1875.7082082144766
2022-03-12,2022,3,ZIMA,16.69168777986186,51.51960005926827,9283.810093933142,1875.0843230328148
2022-03-12,2022,3,ZIMA,16.75456984975022,51.51960005926827,7936.812944901496,1871.8216393630896
2022-03-12,2022,3,ZIMA,16.817451919638586,51.51960005926827,8822.588036499608,1871.1094970703084
2022-03-12,2022,3,ZIMA,16.44015950030839,51.58248212915663,22288.938532566015,1873.1231040550647
2022-03-12,2022,3,ZIMA,16.503041570196757,51.58248212915663,17935.359135039304,1875.8596127446815
2022-03-12,2022,3,ZIMA,16.565923640085124,51.58248212915663,13584.776716836925,1876.7760626194176
2022-03-12,2022,3,ZIMA,16.62880570997349,51.58248212915663,9241.430395874877,1877.8080526384924
2022-03-12,2022,3,ZIMA,16.69168777986186,51.58248212915663,4924.511413417972,1871.128621827207
2022-03-12,2022,3,ZIMA,16.75456984975022,51.58248212915663,1042.37154958468,1862.6866440229455
2022-03-12,2022,3,ZIMA,16.817451919638586,51.58248212915663,3988.8867466583183,1868.8707968792107
2022-03-12,2022,3,ZIMA,16.880333989526953,51.58248212915663,8290.045317264246,1877.748902340214
2022-03-12,2022,3,ZIMA,16.94321605941532,51.58248212915663,12630.415561177939,1876.7815286061666
2022-03-12,2022,3,ZIMA,17.006098129303687,51.58248212915663,16979.95252686969,1875.8597199157036
2022-03-12,2022,3,ZIMA,17.068980199192055,51.58248212915663,21333.047785088165,1883.2213816882263
2022-03-12,2022,3,ZIMA,16.44015950030839,51.645364199045005,23067.324886287264,1885.9408021343504
2022-03-12,2022,3,ZIMA,16.503041570196757,51.645364199045005,18900.359863722257,1885.9356135900487
2022-03-12,2022,3,ZIMA,16.565923640085124,51.645364199045005,14841.900449359338,1876.0540025314274
2022-03-12,2022,3,ZIMA,16.62880570997349,51.645364199045005,11012.57495279697,1876.3631334077722
2022-03-12,2022,3,ZIMA,16.69168777986186,51.645364199045005,7759.3875429624095,1865.8322751411617
2022-03-12,2022,3,ZIMA,16.75456984975022,51.645364199045005,6088.997749080117,1864.235392241589
2022-03-12,2022,3,ZIMA,16.817451919638586,51.645364199045005,7202.7799171278375,1878.3415617216615
2022-03-12,2022,3,ZIMA,16.880333989526953,51.645364199045005,10228.424308357662,1877.9170734092443
2022-03-12,2022,3,ZIMA,16.94321605941532,51.645364199045005,13974.898813415424,1873.7943486597005
2022-03-12,2022,3,ZIMA,17.006098129303687,51.645364199045005,17997.537178952163,1874.0318227626724
2022-03-12,2022,3,ZIMA,17.068980199192055,51.645364199045005,22146.358588384242,1875.8139254589028
2022-03-12,2022,3,ZIMA,16.503041570196757,51.708246268933365,22151.03849863459,1887.3190844917244
2022-03-12,2022,3,ZIMA,16.565923640085124,51.708246268933365,18812.668624379385,1872.6389552092585
2022-03-12,2022,3,ZIMA,16.62880570997349,51.708246268933365,15970.236252677701,1873.2258409476506
2022-03-12,2022,3,ZIMA,16.69168777986186,51.708246268933365,13930.699262098557,1871.8034789423396
2022-03-12,2022,3,ZIMA,16.75456984975022,51.708246268933365,13075.328814315202,1872.7007867760938
2022-03-12,2022,3,ZIMA,16.817451919638586,51.708246268933365,13628.934930458796,1876.1081542968461
2022-03-12,2022,3,ZIMA,16.880333989526953,51.708246268933365,15440.70551062199,1876.2090305351362
2022-03-12,2022,3,ZIMA,16.94321605941532,51.708246268933365,18137.44439719187,1875.8914756900658
2022-03-12,2022,3,ZIMA,17.006098129303687,51.708246268933365,21386.967058014467,1875.2714889679019
2022-03-12,2022,3,ZIMA,16.565923640085124,51.77112833882174,24196.138332333372,1860.7260729511456
2022-03-12,2022,3,ZIMA,16.62880570997349,51.77112833882174,22061.782880775623,1864.9747821046587
2022-03-12,2022,3,ZIMA,16.69168777986186,51.77112833882174,20635.474584856467,1872.1530266394138
2022-03-12,2022,3,ZIMA,16.75456984975022,51.77112833882174,20068.74892879994,1871.5238722048923
2022-03-12,2022,3,ZIMA,16.817451919638586,51.77112833882174,20433.25305464189,1873.0017128999734
2022-03-12,2022,3,ZIMA,16.880333989526953,51.77112833882174,21682.07291472792,1870.414555743372
2022-03-12,2022,3,ZIMA,16.94321605941532,51.77112833882174,23675.686332167108,1870.4145514824386
2022-03-13,2022,3,ZIMA,16.63230748547294,51.39033414399208,24040.75037827768,1882.1535378774518
2022-03-13,2022,3,ZIMA,16.695189555361306,51.39033414399208,22774.361202252046,1868.9276921547544
2022-03-13,2022,3,ZIMA,16.758071625249674,51.39033414399208,22305.47501033657,1865.1268002929548
2022-03-13,2022,3,ZIMA,16.82095369513804,51.39033414399208,22683.599851816612,1890.707556377706
2022-03-13,2022,3,ZIMA,16.883835765026408,51.39033414399208,23868.515249312062,1893.7132838906846
2022-03-13,2022,3,ZIMA,16.50654334569621,51.45321621388044,23396.738235416302,1871.1596679686886
2022-03-13,2022,3,ZIMA,16.569425415584575,51.45321621388044,20298.01174458644,1883.1459728026707
2022-03-13,2022,3,ZIMA,16.63230748547294,51.45321621388044,17740.006059764815,1881.4909739980155
2022-03-13,2022,3,ZIMA,16.695189555361306,51.45321621388044,15984.460380881492,1875.0495674700855
2022-03-13,2022,3,ZIMA,16.758071625249674,51.45321621388044,15309.953112466403,1879.173279452627
2022-03-13,2022,3,ZIMA,16.82095369513804,51.45321621388044,15855.056231952789,1896.9236385471434
2022-03-13,2022,3,ZIMA,16.883835765026408,51.45321621388044,17506.212359873636,1891.6470645302454
2022-03-13,2022,3,ZIMA,16.94671783491477,51.45321621388044,19991.21689898653,1894.1292064098166
2022-03-13,2022,3,ZIMA,17.00959990480314,51.45321621388044,23041.845730008954,1879.0258129438616
2022-03-13,2022,3,ZIMA,16.44366127580784,51.51609828376883,23558.084958616277,1867.4535069517797
2022-03-13,2022,3,ZIMA,16.50654334569621,51.51609828376883,19537.84054011882,1869.4265473663868
2022-03-13,2022,3,ZIMA,16.569425415584575,51.51609828376883,15700.8009096385,1881.0410590375295
2022-03-13,2022,3,ZIMA,16.63230748547294,51.51609828376883,12220.773060573265,1880.2195293957825
2022-03-13,2022,3,ZIMA,16.695189555361306,51.51609828376883,9498.617637244897,1878.2976074219357
2022-03-13,2022,3,ZIMA,16.758071625249674,51.51609828376883,8315.313151789731,1883.906174876297
2022-03-13,2022,3,ZIMA,16.82095369513804,51.51609828376883,9279.50594577174,1890.4613702036975
2022-03-13,2022,3,ZIMA,16.883835765026408,51.51609828376883,11879.320814836998,1885.1009629505368
2022-03-13,2022,3,ZIMA,16.94671783491477,51.51609828376883,15302.66637249264,1877.4029189894409
2022-03-13,2022,3,ZIMA,17.00959990480314,51.51609828376883,19112.015949548942,1857.609513562125
2022-03-13,2022,3,ZIMA,17.072481974691506,51.51609828376883,23117.327117444216,1859.6677002342656
2022-03-13,2022,3,ZIMA,16.44366127580784,51.57898035365719,22067.09312874936,1870.9340271756073
2022-03-13,2022,3,ZIMA,16.50654334569621,51.57898035365719,17718.327792455035,1865.8530174035916
2022-03-13,2022,3,ZIMA,16.569425415584575,51.57898035365719,13375.848816009768,1864.9768994856306
2022-03-13,2022,3,ZIMA,16.63230748547294,51.57898035365719,9048.716728001045,1871.1609639993258
2022-03-13,2022,3,ZIMA,16.695189555361306,51.57898035365719,4778.811626111381,1882.712917119232
2022-03-13,2022,3,ZIMA,16.758071625249674,51.57898035365719,1336.6685605293208,1888.2564896979488
2022-03-13,2022,3,ZIMA,16.82095369513804,51.57898035365719,4327.607486410343,1883.4423705989382
2022-03-13,2022,3,ZIMA,16.883835765026408,51.57898035365719,8582.63182821231,1882.732387413274
2022-03-13,2022,3,ZIMA,16.94671783491477,51.57898035365719,12906.850162773397,1879.1599498498283
2022-03-13,2022,3,ZIMA,17.00959990480314,51.57898035365719,17248.297114973437,1874.1902351794383
2022-03-13,2022,3,ZIMA,17.072481974691506,51.57898035365719,21596.582807123174,1870.8410013168743
2022-03-13,2022,3,ZIMA,16.44366127580784,51.64186242354555,22733.774236944053,1897.6095110868648
2022-03-13,2022,3,ZIMA,16.50654334569621,51.64186242354555,18548.47434255549,1896.6041096559013
2022-03-13,2022,3,ZIMA,16.569425415584575,51.64186242354555,14463.97307729854,1874.6926277685334
2022-03-13,2022,3,ZIMA,16.63230748547294,51.64186242354555,10597.473779019278,1875.41865512424
2022-03-13,2022,3,ZIMA,16.695189555361306,51.64186242354555,7303.820656026393,1893.5365374525582
2022-03-13,2022,3,ZIMA,16.758071625249674,51.64186242354555,5685.470440609392,1893.1723290981122
2022-03-13,2022,3,ZIMA,16.82095369513804,51.64186242354555,7017.3089844368305,1885.8418784020532
2022-03-13,2022,3,ZIMA,16.883835765026408,51.64186242354555,10202.945413633863,1890.919598337516
2022-03-13,2022,3,ZIMA,16.94671783491477,51.64186242354555,14031.998661490588,1890.263345136639
2022-03-13,2022,3,ZIMA,17.00959990480314,51.64186242354555,18100.64101576137,1883.6100776233682
2022-03-13,2022,3,ZIMA,17.072481974691506,51.64186242354555,22277.9856371743,1883.3509989943132
2022-03-13,2022,3,ZIMA,16.50654334569621,51.70474449343391,21726.73189986778,1897.5642275459604
2022-03-13,2022,3,ZIMA,16.569425415584575,51.70474449343391,18368.400870511905,1873.0617540315766
2022-03-13,2022,3,ZIMA,16.63230748547294,51.70474449343391,15512.327393546435,1875.863869812565
2022-03-13,2022,3,ZIMA,16.695189555361306,51.70474449343391,13481.59372237837,1889.1037097623089
2022-03-13,2022,3,ZIMA,16.758071625249674,51.70474449343391,12679.166548422323,1892.78456926258
2022-03-13,2022,3,ZIMA,16.82095369513804,51.70474449343391,13328.76158161471,1890.435963698472
2022-03-13,2022,3,ZIMA,16.883835765026408,51.70474449343391,15245.895114827508,1893.5664207585114
2022-03-13,2022,3,ZIMA,16.94671783491477,51.70474449343391,18030.686749865705,1892.7197482133759
2022-03-13,2022,3,ZIMA,17.00959990480314,51.70474449343391,21346.215108421282,1881.5639146302647
2022-03-13,2022,3,ZIMA,16.569425415584575,51.767626563322295,23737.980709715666,1872.015072294304
2022-03-13,2022,3,ZIMA,16.63230748547294,51.767626563322295,21606.947002294517,1892.4990433912494
2022-03-13,2022,3,ZIMA,16.695189555361306,51.767626563322295,20200.56706752922,1895.1128977972046
2022-03-13,2022,3,ZIMA,16.758071625249674,51.767626563322295,19674.85473951676,1887.6921553162633
2022-03-13,2022,3,ZIMA,16.82095369513804,51.767626563322295,20099.032512508216,1881.2202761760946
2022-03-13,2022,3,ZIMA,16.883835765026408,51.767626563322295,21416.735201237527,1880.396399838258
2022-03-13,2022,3,ZIMA,16.94671783491477,51.767626563322295,23477.99608168023,1885.2984283918324
2022-03-14,2022,3,ZIMA,16.63230748547294,51.39033414399208,24040.75037827768,1879.5193186836043
2022-03-14,2022,3,ZIMA,16.695189555361306,51.39033414399208,22774.361202252046,1871.6490713132002
2022-03-14,2022,3,ZIMA,16.758071625249674,51.39033414399208,22305.47501033657,1868.2569390227918
2022-03-14,2022,3,ZIMA,16.82095369513804,51.39033414399208,22683.599851816612,1887.1584299693936
2022-03-14,2022,3,ZIMA,16.883835765026408,51.39033414399208,23868.515249312062,1887.0774554963086
2022-03-14,2022,3,ZIMA,16.50654334569621,51.45321621388044,23396.738235416302,1891.352672876549
2022-03-14,2022,3,ZIMA,16.569425415584575,51.45321621388044,20298.01174458644,1886.0719025661701
2022-03-14,2022,3,ZIMA,16.63230748547294,51.45321621388044,17740.006059764815,1881.5723121192837
2022-03-14,2022,3,ZIMA,16.695189555361306,51.45321621388044,15984.460380881492,1881.863141172172
2022-03-14,2022,3,ZIMA,16.758071625249674,51.45321621388044,15309.953112466403,1889.5680117965562
2022-03-14,2022,3,ZIMA,16.82095369513804,51.45321621388044,15855.056231952789,1888.9159003455914
2022-03-14,2022,3,ZIMA,16.44366127580784,51.51609828376883,23558.084958616277,1889.9020996094362
2022-03-14,2022,3,ZIMA,16.50654334569621,51.51609828376883,19537.84054011882,1890.0671489251533
2022-03-14,2022,3,ZIMA,16.569425415584575,51.51609828376883,15700.8009096385,1880.133211951017
2022-03-14,2022,3,ZIMA,16.63230748547294,51.51609828376883,12220.773060573265,1881.5024846221277
2022-03-14,2022,3,ZIMA,16.695189555361306,51.51609828376883,9498.617637244897,1882.8700843583092
2022-03-14,2022,3,ZIMA,16.758071625249674,51.51609828376883,8315.313151789731,1886.9167624549816
2022-03-14,2022,3,ZIMA,16.82095369513804,51.51609828376883,9279.50594577174,1891.1728355242071
2022-03-14,2022,3,ZIMA,16.44366127580784,51.57898035365719,22067.09312874936,1887.6358226443617
2022-03-14,2022,3,ZIMA,16.50654334569621,51.57898035365719,17718.327792455035,1880.4064912418228
2022-03-14,2022,3,ZIMA,16.569425415584575,51.57898035365719,13375.848816009768,1859.9589968434977
2022-03-14,2022,3,ZIMA,16.63230748547294,51.57898035365719,9048.716728001045,1864.7053930105158
2022-03-14,2022,3,ZIMA,16.695189555361306,51.57898035365719,4778.811626111381,1891.3976727875356
2022-03-14,2022,3,ZIMA,16.758071625249674,51.57898035365719,1336.6685605293208,1891.500321077037
2022-03-14,2022,3,ZIMA,16.82095369513804,51.57898035365719,4327.607486410343,1870.5426790386646
2022-03-14,2022,3,ZIMA,16.883835765026408,51.57898035365719,8582.63182821231,1869.9736388488122
2022-03-14,2022,3,ZIMA,16.94671783491477,51.57898035365719,12906.850162773397,1879.2317785979699
2022-03-14,2022,3,ZIMA,17.00959990480314,51.57898035365719,17248.297114973437,1881.1237828273922
2022-03-14,2022,3,ZIMA,17.072481974691506,51.57898035365719,21596.582807123174,1881.123781427477
2022-03-14,2022,3,ZIMA,16.44366127580784,51.64186242354555,22733.774236944053,1883.9432662414258
2022-03-14,2022,3,ZIMA,16.50654334569621,51.64186242354555,18548.47434255549,1880.7806541664277
2022-03-14,2022,3,ZIMA,16.569425415584575,51.64186242354555,14463.97307729854,1881.5737511574468
2022-03-14,2022,3,ZIMA,16.63230748547294,51.64186242354555,10597.473779019278,1892.7205845472477
2022-03-14,2022,3,ZIMA,16.695189555361306,51.64186242354555,7303.820656026393,1890.932741464955
2022-03-14,2022,3,ZIMA,16.758071625249674,51.64186242354555,5685.470440609392,1880.4958831580163
2022-03-14,2022,3,ZIMA,16.82095369513804,51.64186242354555,7017.3089844368305,1871.2907727552943
2022-03-14,2022,3,ZIMA,16.883835765026408,51.64186242354555,10202.945413633863,1886.4950657429208
2022-03-14,2022,3,ZIMA,16.94671783491477,51.64186242354555,14031.998661490588,1885.7962921089882
2022-03-14,2022,3,ZIMA,17.00959990480314,51.64186242354555,18100.64101576137,1884.793001783239
2022-03-14,2022,3,ZIMA,16.50654334569621,51.70474449343391,21726.73189986778,1882.064353733281
2022-03-14,2022,3,ZIMA,16.569425415584575,51.70474449343391,18368.400870511905,1885.9017518044523
2022-03-14,2022,3,ZIMA,16.63230748547294,51.70474449343391,15512.327393546435,1890.287028601174
2022-03-14,2022,3,ZIMA,16.695189555361306,51.70474449343391,13481.59372237837,1890.5543255948294
2022-03-14,2022,3,ZIMA,16.758071625249674,51.70474449343391,12679.166548422323,1876.1492221759363
2022-03-14,2022,3,ZIMA,16.82095369513804,51.70474449343391,13328.76158161471,1874.3553257952365
2022-03-14,2022,3,ZIMA,16.883835765026408,51.70474449343391,15245.895114827508,1888.3239454739626
2022-03-14,2022,3,ZIMA,16.94671783491477,51.70474449343391,18030.686749865705,1889.3037109375366
2022-03-14,2022,3,ZIMA,17.00959990480314,51.70474449343391,21346.215108421282,1884.798512115319
2022-03-14,2022,3,ZIMA,16.569425415584575,51.767626563322295,23737.980709715666,1884.919108441991
2022-03-14,2022,3,ZIMA,16.63230748547294,51.767626563322295,21606.947002294517,1885.6960300919143
2022-03-14,2022,3,ZIMA,16.695189555361306,51.767626563322295,20200.56706752922,1877.1706630818094
2022-03-14,2022,3,ZIMA,16.758071625249674,51.767626563322295,19674.85473951676,1877.1522137580316
2022-03-14,2022,3,ZIMA,16.82095369513804,51.767626563322295,20099.032512508216,1880.3007096417614
2022-03-14,2022,3,ZIMA,16.883835765026408,51.767626563322295,21416.735201237527,1880.9195792719947
2022-03-14,2022,3,ZIMA,16.94671783491477,51.767626563322295,23477.99608168023,1882.0456584022934
2022-03-19,2022,3,ZIMA,16.62880570997349,51.40083947049044,23056.220690939088,1879.2206615952248
2022-03-19,2022,3,ZIMA,16.69168777986186,51.40083947049044,21683.92948703801,1874.9712918599798
2022-03-19,2022,3,ZIMA,16.75456984975022,51.40083947049044,21140.870050979564,1880.370605056426
2022-03-19,2022,3,ZIMA,16.817451919638586,51.40083947049044,21489.998402212368,1882.6528498426064
2022-03-19,2022,3,ZIMA,16.880333989526953,51.40083947049044,22690.168885981333,1900.4759271707305
2022-03-19,2022,3,ZIMA,16.94321605941532,51.40083947049044,24617.22273192442,1899.071611644718
2022-03-19,2022,3,ZIMA,16.503041570196757,51.4637215403788,22838.02034094282,1896.2574961842774
2022-03-19,2022,3,ZIMA,16.565923640085124,51.4637215403788,19598.140836770493,1889.6042686788119
2022-03-19,2022,3,ZIMA,16.62880570997349,51.4637215403788,16872.668389408525,1878.738756933921
2022-03-19,2022,3,ZIMA,16.69168777986186,51.4637215403788,14945.723271580522,1878.348792122081
2022-03-19,2022,3,ZIMA,16.75456984975022,51.4637215403788,14147.443305566685,1883.2696866697042
2022-03-19,2022,3,ZIMA,16.817451919638586,51.4637215403788,14663.334113893168,1884.9170320550238
2022-03-19,2022,3,ZIMA,16.880333989526953,51.4637215403788,16369.616877081926,1898.4818535076288
2022-03-19,2022,3,ZIMA,16.94321605941532,51.4637215403788,18947.38049089992,1898.9168214252095
2022-03-19,2022,3,ZIMA,17.006098129303687,51.4637215403788,22093.663713270176,1888.169522073373
2022-03-19,2022,3,ZIMA,16.44015950030839,51.52660361026717,23400.247209339654,1892.4477539063191
2022-03-19,2022,3,ZIMA,16.503041570196757,51.52660361026717,19293.4488808283,1892.7301608244297
2022-03-19,2022,3,ZIMA,16.565923640085124,51.52660361026717,15327.69033881663,1874.2511914177603
2022-03-19,2022,3,ZIMA,16.62880570997349,51.52660361026717,11647.937574094403,1875.2815113708537
2022-03-19,2022,3,ZIMA,16.69168777986186,51.52660361026717,8628.229441332622,1884.6446878951556
2022-03-19,2022,3,ZIMA,16.75456984975022,51.52660361026717,7159.17352325599,1884.612206698343
2022-03-19,2022,3,ZIMA,16.817451919638586,51.52660361026717,8129.978548191266,1893.1801935946626
2022-03-19,2022,3,ZIMA,16.880333989526953,51.52660361026717,10907.558414003444,1891.5735152327989
2022-03-19,2022,3,ZIMA,16.94321605941532,51.52660361026717,14487.53462483826,1883.4380518327007
2022-03-19,2022,3,ZIMA,17.006098129303687,51.52660361026717,18407.551415541693,1879.1306700201274
2022-03-19,2022,3,ZIMA,17.068980199192055,51.52660361026717,22490.499923623123,1883.8179008957416
2022-03-19,2022,3,ZIMA,16.44015950030839,51.58948568015553,22268.462612418443,1899.5185702822266
2022-03-19,2022,3,ZIMA,16.503041570196757,51.58948568015553,17910.658171126266,1893.045264692617
2022-03-19,2022,3,ZIMA,16.565923640085124,51.58948568015553,13552.926234957195,1871.7927641408878
2022-03-19,2022,3,ZIMA,16.62880570997349,51.58948568015553,9195.375399940905,1872.7935101468622
2022-03-19,2022,3,ZIMA,16.69168777986186,51.58948568015553,4838.50256607151,1885.0424446935679
2022-03-19,2022,3,ZIMA,16.75456984975022,51.58948568015553,500.3896192145473,1884.9243883001373
2022-03-19,2022,3,ZIMA,16.817451919638586,51.58948568015553,3882.3696250263633,1893.1542968749704
2022-03-19,2022,3,ZIMA,16.880333989526953,51.58948568015553,8238.829319715816,1889.3148169703124
2022-03-19,2022,3,ZIMA,16.94321605941532,51.58948568015553,12596.30480210623,1887.3336471770779
2022-03-19,2022,3,ZIMA,17.006098129303687,51.58948568015553,16954.010884878295,1893.2348381020556
2022-03-19,2022,3,ZIMA,17.068980199192055,51.58948568015553,21311.803878927396,1895.308958874764
2022-03-19,2022,3,ZIMA,16.44015950030839,51.65236775004391,23282.87894751626,1894.0896965240818
2022-03-19,2022,3,ZIMA,16.503041570196757,51.65236775004391,19163.546664519265,1882.4956344012105
2022-03-19,2022,3,ZIMA,16.565923640085124,51.65236775004391,15176.331226935159,1878.2687593070877
2022-03-19,2022,3,ZIMA,16.62880570997349,51.65236775004391,11459.977884659824,1887.100839907803
2022-03-19,2022,3,ZIMA,16.69168777986186,51.65236775004391,8382.828256794792,1890.801044309885
2022-03-19,2022,3,ZIMA,16.75456984975022,51.65236775004391,6866.089138037622,1897.6576265151643
2022-03-19,2022,3,ZIMA,16.817451919638586,51.65236775004391,7870.517128233128,1892.2355976554036
2022-03-19,2022,3,ZIMA,16.880333989526953,51.65236775004391,10708.759029475352,1893.6629009285275
2022-03-19,2022,3,ZIMA,16.94321605941532,51.65236775004391,14329.71278581188,1893.7366268382991
2022-03-19,2022,3,ZIMA,17.006098129303687,51.65236775004391,18273.87192583936,1904.2881157697632
2022-03-19,2022,3,ZIMA,17.068980199192055,51.65236775004391,22370.931776815367,1905.6842489566845
2022-03-19,2022,3,ZIMA,16.503041570196757,51.71524981993227,22618.3593344738,1885.3920671842827
2022-03-19,2022,3,ZIMA,16.565923640085124,51.71524981993227,19361.283582260214,1883.8384916576554
2022-03-19,2022,3,ZIMA,16.62880570997349,51.71524981993227,16613.444199969872,1883.8495414462539
2022-03-19,2022,3,ZIMA,16.69168777986186,51.71524981993227,14663.965662930412,1895.492763451711
2022-03-19,2022,3,ZIMA,16.75456984975022,51.71524981993227,13854.071525111938,1901.7330201833188
2022-03-19,2022,3,ZIMA,16.817451919638586,51.71524981993227,14377.644416762798,1895.7934415207574
2022-03-19,2022,3,ZIMA,16.880333989526953,51.71524981993227,16105.155692015149,1892.891662766535
2022-03-19,2022,3,ZIMA,16.94321605941532,51.71524981993227,18705.976217625364,1897.3589036907156
2022-03-19,2022,3,ZIMA,17.006098129303687,51.71524981993227,21870.73778715821,1901.80333854543
2022-03-19,2022,3,ZIMA,16.565923640085124,51.77813188982064,24845.523733476217,1876.397720913055
2022-03-19,2022,3,ZIMA,16.62880570997349,51.77813188982064,22772.45014613956,1878.7701351146795
2022-03-19,2022,3,ZIMA,16.69168777986186,51.77813188982064,21393.794814216257,1898.9013809059356
2022-03-19,2022,3,ZIMA,16.75456984975022,51.77813188982064,20847.77918248956,1898.2598669401982
2022-03-19,2022,3,ZIMA,16.817451919638586,51.77813188982064,21198.838654571926,1888.194886493075
2022-03-19,2022,3,ZIMA,16.880333989526953,51.77813188982064,22404.8449723514,1895.5944536496509
2022-03-19,2022,3,ZIMA,16.94321605941532,51.77813188982064,24339.04105519068,1900.5751924904105
2022-03-20,2022,3,ZIMA,16.63230748547294,51.40083947049044,22960.126954864292,1888.7880718949145
2022-03-20,2022,3,ZIMA,16.695189555361306,51.40083947049044,21630.877526090502,1882.9099121094437
2022-03-20,2022,3,ZIMA,16.758071625249674,51.40083947049044,21136.75458536362,1885.6718572268073
2022-03-20,2022,3,ZIMA,16.82095369513804,51.40083947049044,21535.319411315104,1894.0419381113838
2022-03-20,2022,3,ZIMA,16.883835765026408,51.40083947049044,22779.76429883193,1893.8668920748494
2022-03-20,2022,3,ZIMA,16.94671783491477,51.40083947049044,24742.786875447207,1893.5186381017975
2022-03-20,2022,3,ZIMA,16.50654334569621,51.4637215403788,22647.677207307275,1890.43416898873
2022-03-20,2022,3,ZIMA,16.569425415584575,51.4637215403788,19430.65279204185,1892.6830549571603
2022-03-20,2022,3,ZIMA,16.63230748547294,51.4637215403788,16741.299838130057,1894.0085755862874
2022-03-20,2022,3,ZIMA,16.695189555361306,51.4637215403788,14868.754552299932,1891.876860032259
2022-03-20,2022,3,ZIMA,16.758071625249674,51.4637215403788,14141.30117215584,1892.5296119338107
2022-03-20,2022,3,ZIMA,16.82095369513804,51.4637215403788,14729.58390777345,1894.4686474082416
2022-03-20,2022,3,ZIMA,16.883835765026408,51.4637215403788,16493.412824227664,1894.1672242089394
2022-03-20,2022,3,ZIMA,16.94671783491477,51.4637215403788,19110.01244296825,1893.965935582955
2022-03-20,2022,3,ZIMA,16.44366127580784,51.52660361026717,23169.106036063244,1885.4400952098772
2022-03-20,2022,3,ZIMA,16.50654334569621,51.52660361026717,19068.06706619102,1882.870509439065
2022-03-20,2022,3,ZIMA,16.569425415584575,51.52660361026717,15113.246403111087,1885.8371720095902
2022-03-20,2022,3,ZIMA,16.63230748547294,51.52660361026717,11457.080573087394,1887.469372240867
2022-03-20,2022,3,ZIMA,16.695189555361306,51.52660361026717,8494.393021157723,1887.838861886251
2022-03-20,2022,3,ZIMA,16.758071625249674,51.52660361026717,7147.044934713422,1888.1727394306304
2022-03-20,2022,3,ZIMA,16.82095369513804,51.52660361026717,8248.706015929743,1892.4672468717592
2022-03-20,2022,3,ZIMA,16.883835765026408,51.52660361026717,11092.229452792053,1894.6115732215796
2022-03-20,2022,3,ZIMA,16.94671783491477,51.52660361026717,14699.302837250076,1894.6115770123686
2022-03-20,2022,3,ZIMA,17.00959990480314,51.52660361026717,18631.610460263633,1894.6116472513725
2022-03-20,2022,3,ZIMA,16.44366127580784,51.58948568015553,22025.784156618203,1877.0953022889169
2022-03-20,2022,3,ZIMA,16.50654334569621,51.58948568015553,17667.982445882684,1873.7915039061886
2022-03-20,2022,3,ZIMA,16.569425415584575,51.58948568015553,13310.256590039357,1879.422996303802
2022-03-20,2022,3,ZIMA,16.63230748547294,51.58948568015553,8952.722932547227,1883.966932615603
2022-03-20,2022,3,ZIMA,16.695189555361306,51.58948568015553,4595.935998082942,1888.8834507562979
2022-03-20,2022,3,ZIMA,16.758071625249674,51.58948568015553,277.69329068147516,1888.4478540918224
2022-03-20,2022,3,ZIMA,16.82095369513804,51.58948568015553,4124.890416239718,1889.796762745788
2022-03-20,2022,3,ZIMA,16.883835765026408,51.58948568015553,8481.476135674528,1893.9442445411105
2022-03-20,2022,3,ZIMA,16.94671783491477,51.58948568015553,12838.97279331703,1894.3896539691857
2022-03-20,2022,3,ZIMA,17.00959990480314,51.58948568015553,17196.685933022323,1891.3855754037718
2022-03-20,2022,3,ZIMA,17.072481974691506,51.58948568015553,21554.48200986264,1890.7629381655124
2022-03-20,2022,3,ZIMA,16.44366127580784,51.65236775004391,23051.204701326566,1891.4258552050662
2022-03-20,2022,3,ZIMA,16.50654334569621,51.65236775004391,18937.248299133444,1890.9020137401626
2022-03-20,2022,3,ZIMA,16.569425415584575,51.65236775004391,14960.319349349504,1890.685369015742
2022-03-20,2022,3,ZIMA,16.63230748547294,51.65236775004391,11266.476722222027,1892.323101616409
2022-03-20,2022,3,ZIMA,16.695189555361306,51.65236775004391,8245.392510962301,1892.6699145998448
2022-03-20,2022,3,ZIMA,16.758071625249674,51.65236775004391,6853.476800724564,1892.6237827630475
2022-03-20,2022,3,ZIMA,16.82095369513804,51.65236775004391,7992.764094764516,1890.7948237648573
2022-03-20,2022,3,ZIMA,16.883835765026408,51.65236775004391,10896.285673413891,1890.5162068157015
2022-03-20,2022,3,ZIMA,16.94671783491477,51.65236775004391,14543.193254773298,1892.1913584671183
2022-03-20,2022,3,ZIMA,17.00959990480314,51.65236775004391,18498.931613833585,1897.1873276619874
2022-03-20,2022,3,ZIMA,17.072481974691506,51.65236775004391,22601.923186798995,1897.3307940911839
2022-03-20,2022,3,ZIMA,16.50654334569621,51.71524981993227,22427.21492914899,1891.8523307400628
2022-03-20,2022,3,ZIMA,16.569425415584575,51.71524981993227,19192.666442319347,1894.1462312791894
2022-03-20,2022,3,ZIMA,16.63230748547294,51.71524981993227,16480.747203902352,1893.0847863355361
2022-03-20,2022,3,ZIMA,16.695189555361306,51.71524981993227,14585.943386997042,1892.2250614512236
2022-03-20,2022,3,ZIMA,16.758071625249674,51.71524981993227,13847.833818649817,1892.3939142936667
2022-03-20,2022,3,ZIMA,16.82095369513804,51.71524981993227,14444.83332546964,1891.3722416822632
2022-03-20,2022,3,ZIMA,16.883835765026408,51.71524981993227,16230.278648697753,1891.0352334591562
2022-03-20,2022,3,ZIMA,16.94671783491477,51.71524981993227,18869.785601048578,1892.8651030211106
2022-03-20,2022,3,ZIMA,17.00959990480314,51.71524981993227,22058.870945944283,1894.265996030016
2022-03-20,2022,3,ZIMA,16.569425415584575,51.77813188982064,24714.534512347887,1882.9304034551333
2022-03-20,2022,3,ZIMA,16.63230748547294,51.77813188982064,22675.958212645324,1885.4354814441492
2022-03-20,2022,3,ZIMA,16.695189555361306,51.77813188982064,21340.465733542747,1893.0531177706414
2022-03-20,2022,3,ZIMA,16.758071625249674,51.77813188982064,20843.64027861737,1891.6639501042312
2022-03-20,2022,3,ZIMA,16.82095369513804,51.77813188982064,21244.402207891635,1892.2568871122019
2022-03-20,2022,3,ZIMA,16.883835765026408,51.77813188982064,22494.82981456476,1891.3388072532227
2022-03-20,2022,3,ZIMA,16.94671783491477,51.77813188982064,24464.98800502619,1891.3151743115843
2022-03-20,2022,3,ZIMA,16.43665772480894,51.64886597454445,23405.085847506445,1895.4012477312335
2022-03-20,2022,3,ZIMA,16.499539794697306,51.64886597454445,19256.718613346664,1895.401251932703
2022-03-20,2022,3,ZIMA,16.499539794697306,51.711748044432824,22576.666875060946,1892.1426811305012
2022-03-21,2022,3,ZIMA,16.63230748547294,51.40083947049044,22960.126954864292,1890.7611815217138
2022-03-21,2022,3,ZIMA,16.695189555361306,51.40083947049044,21630.877526090502,1887.9431151591832
2022-03-21,2022,3,ZIMA,16.50654334569621,51.4637215403788,22647.677207307275,1900.0853696242934
2022-03-21,2022,3,ZIMA,16.569425415584575,51.4637215403788,19430.65279204185,1897.2155853581999
2022-03-21,2022,3,ZIMA,16.63230748547294,51.4637215403788,16741.299838130057,1893.0337303661984
2022-03-21,2022,3,ZIMA,16.44366127580784,51.52660361026717,23169.106036063244,1899.4085875484298
2022-03-21,2022,3,ZIMA,16.50654334569621,51.52660361026717,19068.06706619102,1899.408589215935
2022-03-21,2022,3,ZIMA,16.569425415584575,51.52660361026717,15113.246403111087,1895.874065643435
2022-03-21,2022,3,ZIMA,16.63230748547294,51.52660361026717,11457.080573087394,1892.411019927835
2022-03-21,2022,3,ZIMA,16.695189555361306,51.52660361026717,8494.393021157723,1888.9542236328816
2022-03-21,2022,3,ZIMA,16.758071625249674,51.52660361026717,7147.044934713422,1888.9542300353116
2022-03-21,2022,3,ZIMA,16.82095369513804,51.52660361026717,8248.706015929743,1888.9541988876904
2022-03-21,2022,3,ZIMA,16.569425415584575,51.58948568015553,13310.256590039357,1896.5365314900382
2022-03-21,2022,3,ZIMA,16.63230748547294,51.58948568015553,8952.722932547227,1894.7419952329021
2022-03-21,2022,3,ZIMA,16.695189555361306,51.58948568015553,4595.935998082942,1892.9515076772384
2022-03-21,2022,3,ZIMA,16.758071625249674,51.58948568015553,277.69329068147516,1890.597150043377
2022-03-21,2022,3,ZIMA,16.82095369513804,51.58948568015553,4124.890416239718,1888.8555544131984
2022-03-21,2022,3,ZIMA,16.883835765026408,51.58948568015553,8481.476135674528,1888.4377341098016
2022-03-21,2022,3,ZIMA,16.44366127580784,51.65236775004391,23051.204701326566,1899.1275578419397
2022-03-21,2022,3,ZIMA,16.50654334569621,51.65236775004391,18937.248299133444,1897.4761929022716
2022-03-21,2022,3,ZIMA,16.569425415584575,51.65236775004391,14960.319349349504,1896.491643508315
2022-03-21,2022,3,ZIMA,16.63230748547294,51.65236775004391,11266.476722222027,1897.2110329215232
2022-03-21,2022,3,ZIMA,16.695189555361306,51.65236775004391,8245.392510962301,1898.3140803187785
2022-03-21,2022,3,ZIMA,16.758071625249674,51.65236775004391,6853.476800724564,1897.0957566403347
2022-03-21,2022,3,ZIMA,16.82095369513804,51.65236775004391,7992.764094764516,1888.0480499387386
2022-03-21,2022,3,ZIMA,16.883835765026408,51.65236775004391,10896.285673413891,1888.240391465795
2022-03-21,2022,3,ZIMA,16.94671783491477,51.65236775004391,14543.193254773298,1888.3978876510803
2022-03-21,2022,3,ZIMA,17.00959990480314,51.65236775004391,18498.931613833585,1888.445890752885
2022-03-21,2022,3,ZIMA,17.072481974691506,51.65236775004391,22601.923186798995,1892.695247182245
2022-03-21,2022,3,ZIMA,16.50654334569621,51.71524981993227,22427.21492914899,1899.139151488669
2022-03-21,2022,3,ZIMA,16.569425415584575,51.71524981993227,19192.666442319347,1897.7580298750556
2022-03-21,2022,3,ZIMA,16.63230748547294,51.71524981993227,16480.747203902352,1896.6237468183267
2022-03-21,2022,3,ZIMA,16.695189555361306,51.71524981993227,14585.943386997042,1897.0129171557157
2022-03-21,2022,3,ZIMA,16.758071625249674,51.71524981993227,13847.833818649817,1891.012042292354
2022-03-21,2022,3,ZIMA,16.82095369513804,51.71524981993227,14444.83332546964,1886.7808112601213
2022-03-21,2022,3,ZIMA,16.883835765026408,51.71524981993227,16230.278648697753,1887.9877293506777
2022-03-21,2022,3,ZIMA,16.94671783491477,51.71524981993227,18869.785601048578,1888.0733559646264
2022-03-21,2022,3,ZIMA,17.00959990480314,51.71524981993227,22058.870945944283,1890.8176897260885
2022-03-21,2022,3,ZIMA,16.569425415584575,51.77813188982064,24714.534512347887,1892.459340073094
2022-03-21,2022,3,ZIMA,16.63230748547294,51.77813188982064,22675.958212645324,1895.5280504920859
2022-03-21,2022,3,ZIMA,16.695189555361306,51.77813188982064,21340.465733542747,1896.7719569861622
2022-03-21,2022,3,ZIMA,16.758071625249674,51.77813188982064,20843.64027861737,1893.6640819175361
2022-03-21,2022,3,ZIMA,16.82095369513804,51.77813188982064,21244.402207891635,1886.3868268985993
2022-03-21,2022,3,ZIMA,16.883835765026408,51.77813188982064,22494.82981456476,1886.4909538505583
2022-03-21,2022,3,ZIMA,16.94671783491477,51.77813188982064,24464.98800502619,1887.9381931672078
2022-03-21,2022,3,ZIMA,16.62530393447404,51.397337694990995,23510.777967606296,1885.947332949023
2022-03-21,2022,3,ZIMA,16.6881860043624,51.397337694990995,22118.575144716113,1889.5451996395873
2022-03-21,2022,3,ZIMA,16.751068074250767,51.397337694990995,21537.155614870117,1889.5453652612005
2022-03-21,2022,3,ZIMA,16.813950144139135,51.397337694990995,21831.393658931185,1889.5457250060992
2022-03-21,2022,3,ZIMA,16.876832214027502,51.397337694990995,22967.660395888146,1888.862914244766
2022-03-21,2022,3,ZIMA,16.93971428391587,51.397337694990995,24830.62957484175,1888.7359039753155
2022-03-21,2022,3,ZIMA,16.499539794697306,51.460219764879355,23271.13309125346,1891.4953833622972
2022-03-21,2022,3,ZIMA,16.562421864585673,51.460219764879355,20048.089008143317,1891.8270275026998
2022-03-21,2022,3,ZIMA,16.62530393447404,51.460219764879355,17331.96138108104,1895.5467089142765
2022-03-21,2022,3,ZIMA,16.6881860043624,51.460219764879355,15393.462984354066,1895.7217905078928
2022-03-21,2022,3,ZIMA,16.751068074250767,51.460219764879355,14546.86362501982,1895.8056611599675
2022-03-21,2022,3,ZIMA,16.813950144139135,51.460219764879355,14978.464685752782,1895.9611055716111
2022-03-21,2022,3,ZIMA,16.876832214027502,51.460219764879355,16588.79885742579,1894.835464228015
2022-03-21,2022,3,ZIMA,16.93971428391587,51.460219764879355,19081.742057233423,1894.8354743193765
2022-03-21,2022,3,ZIMA,16.43665772480894,51.523101834767715,23753.112019223394,1880.711321302214
2022-03-21,2022,3,ZIMA,16.499539794697306,51.523101834767715,19665.81326380877,1880.7386789816153
2022-03-21,2022,3,ZIMA,16.562421864585673,51.523101834767715,15726.294119979328,1885.9560243032608
2022-03-21,2022,3,ZIMA,16.62530393447404,51.523101834767715,12080.016356964572,1891.1937457919248
2022-03-21,2022,3,ZIMA,16.6881860043624,51.523101834767715,9087.118086201648,1891.4838994889494
2022-03-21,2022,3,ZIMA,16.751068074250767,51.523101834767715,7567.237422419734,1891.6289552670505
2022-03-21,2022,3,ZIMA,16.813950144139135,51.523101834767715,8365.926694370606,1891.190363680952
2022-03-21,2022,3,ZIMA,16.43665772480894,51.58598390465609,22517.91943501052,1881.903442703722
2022-03-21,2022,3,ZIMA,16.499539794697306,51.58598390465609,18161.36376886949,1881.9365255341463
2022-03-21,2022,3,ZIMA,16.562421864585673,51.58598390465609,13805.773080802703,1891.0576897921012
2022-03-21,2022,3,ZIMA,16.62530393447404,51.58598390465609,9452.486862939144,1895.3709052853826
2022-03-21,2022,3,ZIMA,16.6881860043624,51.58598390465609,5107.408485680946,1895.1409687908822
2022-03-21,2022,3,ZIMA,16.751068074250767,51.58598390465609,898.7538168865356,1895.0195299023405
2022-03-21,2022,3,ZIMA,16.813950144139135,51.58598390465609,3676.4025307023344,1895.8079542561513
2022-03-21,2022,3,ZIMA,16.43665772480894,51.64886597454445,23405.085847506445,1899.9251172453207
2022-03-21,2022,3,ZIMA,16.499539794697306,51.64886597454445,19256.718613346664,1900.2515903243689
2022-03-21,2022,3,ZIMA,16.562421864585673,51.64886597454445,15224.248201841792,1894.3889999239398
2022-03-21,2022,3,ZIMA,16.62530393447404,51.64886597454445,11430.998314790266,1894.3925781250693
2022-03-21,2022,3,ZIMA,16.6881860043624,51.64886597454445,8215.307570873483,1894.3925781250691
2022-03-21,2022,3,ZIMA,16.751068074250767,51.64886597454445,6499.878687492661,1894.3925781249338
2022-03-21,2022,3,ZIMA,16.813950144139135,51.64886597454445,7412.083985460876,1892.2302246093454
2022-03-21,2022,3,ZIMA,16.876832214027502,51.64886597454445,10274.390265808308,1892.2302246093454
2022-03-21,2022,3,ZIMA,16.93971428391587,51.64886597454445,13932.723845868713,1892.2302246094114
2022-03-21,2022,3,ZIMA,17.002596353804236,51.64886597454445,17905.641409437612,1890.8355941066404
2022-03-21,2022,3,ZIMA,17.065478423692603,51.64886597454445,22023.54621682249,1882.65319824222
2022-03-21,2022,3,ZIMA,16.499539794697306,51.711748044432824,22576.666875060946,1894.232512719186
2022-03-21,2022,3,ZIMA,16.562421864585673,51.711748044432824,19257.59409717721,1894.3716068545855
2022-03-21,2022,3,ZIMA,16.62530393447404,51.711748044432824,16428.17689997969,1894.3712774217306
2022-03-21,2022,3,ZIMA,16.6881860043624,51.711748044432824,14380.407711033136,1894.370618684105
2022-03-21,2022,3,ZIMA,16.751068074250767,51.711748044432824,13475.468071296067,1894.3702822539105
2022-03-21,2022,3,ZIMA,16.813950144139135,51.711748044432824,13937.762818177604,1891.7442085495986
2022-03-21,2022,3,ZIMA,16.876832214027502,51.711748044432824,15646.570401136041,1891.7355229324642
2022-03-21,2022,3,ZIMA,16.93971428391587,51.711748044432824,18255.140359495166,1891.7181626285665
2022-03-21,2022,3,ZIMA,17.002596353804236,51.711748044432824,21437.494743159918,1889.7341213048635
2022-03-21,2022,3,ZIMA,16.562421864585673,51.774630114321184,24654.298163888743,1895.3716866062637
2022-03-21,2022,3,ZIMA,16.62530393447404,51.774630114321184,22516.763111141812,1895.2829505529642
2022-03-21,2022,3,ZIMA,16.6881860043624,51.774630114321184,21071.38559416809,1895.1054365732723
2022-03-21,2022,3,ZIMA,16.751068074250767,51.774630114321184,20465.345389593902,1895.0166586439084
2022-03-21,2022,3,ZIMA,16.813950144139135,51.774630114321184,20772.235859582714,1890.502418421336
2022-03-21,2022,3,ZIMA,16.876832214027502,51.774630114321184,21953.80562033466,1890.6197694916357
2022-03-21,2022,3,ZIMA,16.93971428391587,51.774630114321184,23880.574303442,1890.8544338706104
2022-03-22,2022,3,ZIMA,16.62880570997349,51.397337694990995,23414.016585733578,1886.126274810938
2022-03-22,2022,3,ZIMA,16.69168777986186,51.397337694990995,22063.88379565311,1897.4225512813832
2022-03-22,2022,3,ZIMA,16.75456984975022,51.397337694990995,21530.368772371374,1896.8585262125441
2022-03-22,2022,3,ZIMA,16.817451919638586,51.397337694990995,21873.307059292492,1899.4192756338389
2022-03-22,2022,3,ZIMA,16.880333989526953,51.397337694990995,23053.618918125285,1898.4653695530928
2022-03-22,2022,3,ZIMA,16.94321605941532,51.397337694990995,24952.75932919812,1898.2236364138828
2022-03-22,2022,3,ZIMA,16.503041570196757,51.460219764879355,23081.788443822483,1892.512034826459
2022-03-22,2022,3,ZIMA,16.565923640085124,51.460219764879355,19881.408182050945,1890.931716326052
2022-03-22,2022,3,ZIMA,16.62880570997349,51.460219764879355,17200.65707870494,1895.5416216694744
2022-03-22,2022,3,ZIMA,16.69168777986186,51.460219764879355,15314.88229812874,1896.3525420301785
2022-03-22,2022,3,ZIMA,16.75456984975022,51.460219764879355,14536.827372313592,1896.4959784064285
2022-03-22,2022,3,ZIMA,16.817451919638586,51.460219764879355,15039.405013666608,1903.5695162240856
2022-03-22,2022,3,ZIMA,16.880333989526953,51.460219764879355,16707.445741562333,1904.3601197968426
2022-03-22,2022,3,ZIMA,16.44015950030839,51.523101834767715,23522.913253362145,1882.113200651733
2022-03-22,2022,3,ZIMA,16.503041570196757,51.523101834767715,19441.697397995245,1882.6401323151783
2022-03-22,2022,3,ZIMA,16.565923640085124,51.523101834767715,15513.54212454046,1890.109900530096
2022-03-22,2022,3,ZIMA,16.62880570997349,51.523101834767715,11891.12021307515,1897.379987705701
2022-03-22,2022,3,ZIMA,16.69168777986186,51.523101834767715,8953.543779319723,1897.3745117188193
2022-03-22,2022,3,ZIMA,16.75456984975022,51.523101834767715,7547.952860866032,1894.2029215772154
2022-03-22,2022,3,ZIMA,16.817451919638586,51.523101834767715,8474.403525390493,1893.2807415065226
2022-03-22,2022,3,ZIMA,16.880333989526953,51.523101834767715,11166.818784465544,1894.0700569981593
2022-03-22,2022,3,ZIMA,16.44015950030839,51.58598390465609,22275.29596925275,1875.2303161063178
2022-03-22,2022,3,ZIMA,16.503041570196757,51.58598390465609,17918.777804094727,1875.2114257811884
2022-03-22,2022,3,ZIMA,16.565923640085124,51.58598390465609,13563.266202874287,1893.7951429749285
2022-03-22,2022,3,ZIMA,16.62880570997349,51.58598390465609,9210.19479805672,1898.9531688157551
2022-03-22,2022,3,ZIMA,16.69168777986186,51.58598390465609,4866.124299903999,1898.7280946754086
2022-03-22,2022,3,ZIMA,16.75456984975022,51.58598390465609,718.7967638404122,1897.3627812882935
2022-03-22,2022,3,ZIMA,16.817451919638586,51.58598390465609,3916.658201947574,1896.7576678586108
2022-03-22,2022,3,ZIMA,16.880333989526953,51.58598390465609,8255.288359509394,1892.7205690870053
2022-03-22,2022,3,ZIMA,16.94321605941532,51.58598390465609,12607.353093584305,1892.7205865519265
2022-03-22,2022,3,ZIMA,17.006098129303687,51.58598390465609,16962.512864738612,1891.3163177777146
2022-03-22,2022,3,ZIMA,17.068980199192055,51.58598390465609,21318.868699757328,1889.9842765036778
2022-03-22,2022,3,ZIMA,16.44015950030839,51.64886597454445,23172.077289885405,1900.7537534143553
2022-03-22,2022,3,ZIMA,16.503041570196757,51.64886597454445,19028.419867757362,1900.3504131866014
2022-03-22,2022,3,ZIMA,16.565923640085124,51.64886597454445,15004.989823223026,1904.1044143787312
2022-03-22,2022,3,ZIMA,16.62880570997349,51.64886597454445,11231.747416381291,1904.2192064369185
2022-03-22,2022,3,ZIMA,16.69168777986186,51.64886597454445,8067.722857320884,1900.9524546047119
2022-03-22,2022,3,ZIMA,16.75456984975022,51.64886597454445,6477.479199931528,1898.3701910087811
2022-03-22,2022,3,ZIMA,16.817451919638586,51.64886597454445,7533.972328492395,1897.52458516525
2022-03-22,2022,3,ZIMA,16.880333989526953,51.64886597454445,10464.095361558122,1900.4490426845296
2022-03-22,2022,3,ZIMA,16.94321605941532,51.64886597454445,14148.05403405027,1900.5270676395037
2022-03-22,2022,3,ZIMA,17.006098129303687,51.64886597454445,18132.04540415361,1900.2789205470203
2022-03-22,2022,3,ZIMA,17.068980199192055,51.64886597454445,22255.51829866007,1900.274047851595
2022-03-22,2022,3,ZIMA,16.503041570196757,51.711748044432824,22382.527517314295,1900.0944345963208
2022-03-22,2022,3,ZIMA,16.565923640085124,51.711748044432824,19084.970432514514,1903.3991304456165
2022-03-22,2022,3,ZIMA,16.62880570997349,51.711748044432824,16290.35549268716,1903.367137968406
2022-03-22,2022,3,ZIMA,16.69168777986186,51.711748044432824,14296.724468087103,1903.8126137734487
2022-03-22,2022,3,ZIMA,16.75456984975022,51.711748044432824,13464.692933223812,1903.7129399460932
2022-03-22,2022,3,ZIMA,16.817451919638586,51.711748044432824,14002.873213482273,1902.6586559013967
2022-03-22,2022,3,ZIMA,16.880333989526953,51.711748044432824,15771.617173893384,1899.1445312500325
2022-03-22,2022,3,ZIMA,16.94321605941532,51.711748044432824,18419.783190320224,1899.1445312500364
2022-03-22,2022,3,ZIMA,17.006098129303687,51.711748044432824,21626.695560558524,1893.5769109544071
2022-03-22,2022,3,ZIMA,16.565923640085124,51.774630114321184,24519.885198382693,1893.9433593749338
2022-03-22,2022,3,ZIMA,16.62880570997349,51.774630114321184,22416.546678578627,1893.9433592469281
2022-03-22,2022,3,ZIMA,16.69168777986186,51.774630114321184,21014.443227294196,1899.9400927656814
2022-03-22,2022,3,ZIMA,16.75456984975022,51.774630114321184,20458.261910258458,1900.2717779915702
2022-03-22,2022,3,ZIMA,16.817451919638586,51.774630114321184,20815.919041644414,1898.641229123814
2022-03-22,2022,3,ZIMA,16.880333989526953,51.774630114321184,22042.977845090223,1897.5057175071097
2022-03-22,2022,3,ZIMA,16.94321605941532,51.774630114321184,24006.493113978482,1897.3138459779807
2022-03-23,2022,3,ZIMA,16.62880570997349,51.40083947049044,23056.220690939088,1876.439959898779
2022-03-23,2022,3,ZIMA,16.69168777986186,51.40083947049044,21683.92948703801,1871.5602840216357
2022-03-23,2022,3,ZIMA,16.75456984975022,51.40083947049044,21140.870050979564,1873.6252812673545
2022-03-23,2022,3,ZIMA,16.817451919638586,51.40083947049044,21489.998402212368,1874.9744074554494
2022-03-23,2022,3,ZIMA,16.880333989526953,51.40083947049044,22690.168885981333,1889.394459491462
2022-03-23,2022,3,ZIMA,16.94321605941532,51.40083947049044,24617.22273192442,1889.3746161818087
2022-03-23,2022,3,ZIMA,16.503041570196757,51.4637215403788,22838.02034094282,1875.3457997676085
2022-03-23,2022,3,ZIMA,16.565923640085124,51.4637215403788,19598.140836770493,1879.817458499418
2022-03-23,2022,3,ZIMA,16.62880570997349,51.4637215403788,16872.668389408525,1878.1506418024871
2022-03-23,2022,3,ZIMA,16.69168777986186,51.4637215403788,14945.723271580522,1874.5034590331409
2022-03-23,2022,3,ZIMA,16.75456984975022,51.4637215403788,14147.443305566685,1875.4919934174347
2022-03-23,2022,3,ZIMA,16.817451919638586,51.4637215403788,14663.334113893168,1878.2662658092383
2022-03-23,2022,3,ZIMA,16.880333989526953,51.4637215403788,16369.616877081926,1891.0868292832135
2022-03-23,2022,3,ZIMA,16.94321605941532,51.4637215403788,18947.38049089992,1890.9474586371136
2022-03-23,2022,3,ZIMA,17.006098129303687,51.4637215403788,22093.663713270176,1896.276230356302
2022-03-23,2022,3,ZIMA,16.44015950030839,51.52660361026717,23400.247209339654,1878.958367069283
2022-03-23,2022,3,ZIMA,16.503041570196757,51.52660361026717,19293.4488808283,1873.9101563538836
2022-03-23,2022,3,ZIMA,16.565923640085124,51.52660361026717,15327.69033881663,1877.1531224415912
2022-03-23,2022,3,ZIMA,16.62880570997349,51.52660361026717,11647.937574094403,1877.2465508628634
2022-03-23,2022,3,ZIMA,16.69168777986186,51.52660361026717,8628.229441332622,1874.7444611354622
2022-03-23,2022,3,ZIMA,16.75456984975022,51.52660361026717,7159.17352325599,1873.7456706134858
2022-03-23,2022,3,ZIMA,16.817451919638586,51.52660361026717,8129.978548191266,1883.0163068757408
2022-03-23,2022,3,ZIMA,16.880333989526953,51.52660361026717,10907.558414003444,1885.2036720986619
2022-03-23,2022,3,ZIMA,16.94321605941532,51.52660361026717,14487.53462483826,1887.3325945628592
2022-03-23,2022,3,ZIMA,17.006098129303687,51.52660361026717,18407.551415541693,1886.8618544294077
2022-03-23,2022,3,ZIMA,16.44015950030839,51.58948568015553,22268.462612418443,1878.962426783978
2022-03-23,2022,3,ZIMA,16.503041570196757,51.58948568015553,17910.658171126266,1873.6907631278077
2022-03-23,2022,3,ZIMA,16.565923640085124,51.58948568015553,13552.926234957195,1880.180494488878
2022-03-23,2022,3,ZIMA,16.62880570997349,51.58948568015553,9195.375399940905,1881.8265380860064
2022-03-23,2022,3,ZIMA,16.69168777986186,51.58948568015553,4838.50256607151,1870.5684441188173
2022-03-23,2022,3,ZIMA,16.75456984975022,51.58948568015553,500.3896192145473,1870.9477204044404
2022-03-23,2022,3,ZIMA,16.817451919638586,51.58948568015553,3882.3696250263633,1884.79467141504
2022-03-23,2022,3,ZIMA,16.880333989526953,51.58948568015553,8238.829319715816,1886.309055595872
2022-03-23,2022,3,ZIMA,16.94321605941532,51.58948568015553,12596.30480210623,1887.8840735403753
2022-03-23,2022,3,ZIMA,17.006098129303687,51.58948568015553,16954.010884878295,1883.8705332566335
2022-03-23,2022,3,ZIMA,17.068980199192055,51.58948568015553,21311.803878927396,1881.8192259360667
2022-03-23,2022,3,ZIMA,16.44015950030839,51.65236775004391,23282.87894751626,1901.7252197266323
2022-03-23,2022,3,ZIMA,16.503041570196757,51.65236775004391,19163.546664519265,1901.1669170263624
2022-03-23,2022,3,ZIMA,16.565923640085124,51.65236775004391,15176.331226935159,1881.3001577252876
2022-03-23,2022,3,ZIMA,16.62880570997349,51.65236775004391,11459.977884659824,1882.2875735076423
2022-03-23,2022,3,ZIMA,16.69168777986186,51.65236775004391,8382.828256794792,1879.1753105498876
2022-03-23,2022,3,ZIMA,16.75456984975022,51.65236775004391,6866.089138037622,1881.0589724692684
2022-03-23,2022,3,ZIMA,16.817451919638586,51.65236775004391,7870.517128233128,1886.8177490234082
2022-03-23,2022,3,ZIMA,16.880333989526953,51.65236775004391,10708.759029475352,1893.134813186751
2022-03-23,2022,3,ZIMA,16.94321605941532,51.65236775004391,14329.71278581188,1892.8530999626478
2022-03-23,2022,3,ZIMA,17.006098129303687,51.65236775004391,18273.87192583936,1887.1620790755958
2022-03-23,2022,3,ZIMA,17.068980199192055,51.65236775004391,22370.931776815367,1887.354603010356
2022-03-23,2022,3,ZIMA,16.503041570196757,51.71524981993227,22618.3593344738,1895.7123813361875
2022-03-23,2022,3,ZIMA,16.565923640085124,51.71524981993227,19361.283582260214,1880.5382556705138
2022-03-23,2022,3,ZIMA,16.62880570997349,51.71524981993227,16613.444199969872,1878.563431173071
2022-03-23,2022,3,ZIMA,16.69168777986186,51.71524981993227,14663.965662930412,1874.3945616803965
2022-03-23,2022,3,ZIMA,16.75456984975022,51.71524981993227,13854.071525111938,1881.8625987122607
2022-03-23,2022,3,ZIMA,16.817451919638586,51.71524981993227,14377.644416762798,1888.1045703825866
2022-03-23,2022,3,ZIMA,16.880333989526953,51.71524981993227,16105.155692015149,1890.992766753366
2022-03-23,2022,3,ZIMA,16.94321605941532,51.71524981993227,18705.976217625364,1891.4719440544918
2022-03-23,2022,3,ZIMA,17.006098129303687,51.71524981993227,21870.73778715821,1886.0120766578243
2022-03-23,2022,3,ZIMA,16.565923640085124,51.77813188982064,24845.523733476217,1869.1017999327414
2022-03-23,2022,3,ZIMA,16.62880570997349,51.77813188982064,22772.45014613956,1875.647702524737
2022-03-23,2022,3,ZIMA,16.69168777986186,51.77813188982064,21393.794814216257,1881.3479131686745
2022-03-23,2022,3,ZIMA,16.75456984975022,51.77813188982064,20847.77918248956,1888.9580448724594
2022-03-23,2022,3,ZIMA,16.817451919638586,51.77813188982064,21198.838654571926,1891.043655182761
2022-03-23,2022,3,ZIMA,16.880333989526953,51.77813188982064,22404.8449723514,1888.666217336838
2022-03-23,2022,3,ZIMA,16.94321605941532,51.77813188982064,24339.04105519068,1889.0799537985458
2022-03-24,2022,3,ZIMA,16.62880570997349,51.40083947049044,23056.220690939088,1883.8946962296006
2022-03-24,2022,3,ZIMA,16.69168777986186,51.40083947049044,21683.92948703801,1883.8713774155995
2022-03-24,2022,3,ZIMA,16.75456984975022,51.40083947049044,21140.870050979564,1885.5971779353808
2022-03-24,2022,3,ZIMA,16.817451919638586,51.40083947049044,21489.998402212368,1887.6562511896782
2022-03-24,2022,3,ZIMA,16.880333989526953,51.40083947049044,22690.168885981333,1887.0543985892105
2022-03-24,2022,3,ZIMA,16.94321605941532,51.40083947049044,24617.22273192442,1878.8116923652037
2022-03-24,2022,3,ZIMA,16.503041570196757,51.4637215403788,22838.02034094282,1890.6237074343
2022-03-24,2022,3,ZIMA,16.565923640085124,51.4637215403788,19598.140836770493,1886.6205572288188
2022-03-24,2022,3,ZIMA,16.62880570997349,51.4637215403788,16872.668389408525,1886.3149773560608
2022-03-24,2022,3,ZIMA,16.69168777986186,51.4637215403788,14945.723271580522,1890.2442074118117
2022-03-24,2022,3,ZIMA,16.75456984975022,51.4637215403788,14147.443305566685,1887.423398532879
2022-03-24,2022,3,ZIMA,16.817451919638586,51.4637215403788,14663.334113893168,1888.7967529296582
2022-03-24,2022,3,ZIMA,16.880333989526953,51.4637215403788,16369.616877081926,1881.6278139014648
2022-03-24,2022,3,ZIMA,16.94321605941532,51.4637215403788,18947.38049089992,1875.7278654137954
2022-03-24,2022,3,ZIMA,17.006098129303687,51.4637215403788,22093.663713270176,1878.04918229902
2022-03-24,2022,3,ZIMA,16.44015950030839,51.52660361026717,23400.247209339654,1882.972412109444
2022-03-24,2022,3,ZIMA,16.503041570196757,51.52660361026717,19293.4488808283,1882.5087922467185
2022-03-24,2022,3,ZIMA,16.565923640085124,51.52660361026717,15327.69033881663,1882.7823739867326
2022-03-24,2022,3,ZIMA,16.62880570997349,51.52660361026717,11647.937574094403,1888.047243663161
2022-03-24,2022,3,ZIMA,16.69168777986186,51.52660361026717,8628.229441332622,1892.0743408203816
2022-03-24,2022,3,ZIMA,16.75456984975022,51.52660361026717,7159.17352325599,1889.500160998172
2022-03-24,2022,3,ZIMA,16.817451919638586,51.52660361026717,8129.978548191266,1880.3957047941178
2022-03-24,2022,3,ZIMA,16.880333989526953,51.52660361026717,10907.558414003444,1872.6548699063942
2022-03-24,2022,3,ZIMA,16.94321605941532,51.52660361026717,14487.53462483826,1872.53781396657
2022-03-24,2022,3,ZIMA,16.44015950030839,51.58948568015553,22268.462612418443,1886.4596829673344
2022-03-24,2022,3,ZIMA,16.503041570196757,51.58948568015553,17910.658171126266,1878.2150741552068
2022-03-24,2022,3,ZIMA,16.565923640085124,51.58948568015553,13552.926234957195,1875.7155603624217
2022-03-24,2022,3,ZIMA,16.62880570997349,51.58948568015553,9195.375399940905,1891.3676504614064
2022-03-24,2022,3,ZIMA,16.69168777986186,51.58948568015553,4838.50256607151,1894.853485533389
2022-03-24,2022,3,ZIMA,16.75456984975022,51.58948568015553,500.3896192145473,1883.699308762792
2022-03-24,2022,3,ZIMA,16.817451919638586,51.58948568015553,3882.3696250263633,1883.9573130971926
2022-03-24,2022,3,ZIMA,16.880333989526953,51.58948568015553,8238.829319715816,1878.0843523730098
2022-03-24,2022,3,ZIMA,16.94321605941532,51.58948568015553,12596.30480210623,1877.2733803690096
2022-03-24,2022,3,ZIMA,17.006098129303687,51.58948568015553,16954.010884878295,1879.9409183831922
2022-03-24,2022,3,ZIMA,17.068980199192055,51.58948568015553,21311.803878927396,1884.5993764581656
2022-03-24,2022,3,ZIMA,16.44015950030839,51.65236775004391,23282.87894751626,1893.3448576305505
2022-03-24,2022,3,ZIMA,16.503041570196757,51.65236775004391,19163.546664519265,1895.114339662075
2022-03-24,2022,3,ZIMA,16.565923640085124,51.65236775004391,15176.331226935159,1890.3387856572967
2022-03-24,2022,3,ZIMA,16.62880570997349,51.65236775004391,11459.977884659824,1891.7371603841843
2022-03-24,2022,3,ZIMA,16.69168777986186,51.65236775004391,8382.828256794792,1886.0708949947245
2022-03-24,2022,3,ZIMA,16.75456984975022,51.65236775004391,6866.089138037622,1885.1339111327468
2022-03-24,2022,3,ZIMA,16.817451919638586,51.65236775004391,7870.517128233128,1879.9914960392914
2022-03-24,2022,3,ZIMA,16.880333989526953,51.65236775004391,10708.759029475352,1880.2044035749223
2022-03-24,2022,3,ZIMA,16.94321605941532,51.65236775004391,14329.71278581188,1886.1329855388906
2022-03-24,2022,3,ZIMA,17.006098129303687,51.65236775004391,18273.87192583936,1886.7298146043559
2022-03-24,2022,3,ZIMA,17.068980199192055,51.65236775004391,22370.931776815367,1887.6050772126796
2022-03-24,2022,3,ZIMA,16.503041570196757,51.71524981993227,22618.3593344738,1892.5806057676043
2022-03-24,2022,3,ZIMA,16.565923640085124,51.71524981993227,19361.283582260214,1889.1846582828507
2022-03-24,2022,3,ZIMA,16.62880570997349,51.71524981993227,16613.444199969872,1889.448168514455
2022-03-24,2022,3,ZIMA,16.69168777986186,51.71524981993227,14663.965662930412,1886.706454927576
2022-03-24,2022,3,ZIMA,16.75456984975022,51.71524981993227,13854.071525111938,1886.5145837476118
2022-03-24,2022,3,ZIMA,16.817451919638586,51.71524981993227,14377.644416762798,1881.3948906575101
2022-03-24,2022,3,ZIMA,16.880333989526953,51.71524981993227,16105.155692015149,1883.5604153179183
2022-03-24,2022,3,ZIMA,16.94321605941532,51.71524981993227,18705.976217625364,1884.3008203149777
2022-03-24,2022,3,ZIMA,17.006098129303687,51.71524981993227,21870.73778715821,1886.7976426275156
2022-03-24,2022,3,ZIMA,16.565923640085124,51.77813188982064,24845.523733476217,1879.8505859374345
2022-03-24,2022,3,ZIMA,16.62880570997349,51.77813188982064,22772.45014613956,1884.7830398073406
2022-03-24,2022,3,ZIMA,16.69168777986186,51.77813188982064,21393.794814216257,1889.1454805657966
2022-03-24,2022,3,ZIMA,16.75456984975022,51.77813188982064,20847.77918248956,1879.9919980677969
2022-03-24,2022,3,ZIMA,16.817451919638586,51.77813188982064,21198.838654571926,1872.6989758570994
2022-03-24,2022,3,ZIMA,16.880333989526953,51.77813188982064,22404.8449723514,1883.6738462150563
2022-03-24,2022,3,ZIMA,16.94321605941532,51.77813188982064,24339.04105519068,1883.300949728302
2022-03-25,2022,3,ZIMA,16.63230748547294,51.40083947049044,22960.126954864292,1878.4265256772292
2022-03-25,2022,3,ZIMA,16.695189555361306,51.40083947049044,21630.877526090502,1878.0244744419363
2022-03-25,2022,3,ZIMA,16.758071625249674,51.40083947049044,21136.75458536362,1882.2068756120339
2022-03-25,2022,3,ZIMA,16.82095369513804,51.40083947049044,21535.319411315104,1884.4088105121393
2022-03-25,2022,3,ZIMA,16.883835765026408,51.40083947049044,22779.76429883193,1903.8423841151193
2022-03-25,2022,3,ZIMA,16.94671783491477,51.40083947049044,24742.786875447207,1903.8424169073087
2022-03-25,2022,3,ZIMA,16.50654334569621,51.4637215403788,22647.677207307275,1882.4676308757973
2022-03-25,2022,3,ZIMA,16.569425415584575,51.4637215403788,19430.65279204185,1880.1401490902686
2022-03-25,2022,3,ZIMA,16.63230748547294,51.4637215403788,16741.299838130057,1880.0199304747428
2022-03-25,2022,3,ZIMA,16.695189555361306,51.4637215403788,14868.754552299932,1878.839677239414
2022-03-25,2022,3,ZIMA,16.758071625249674,51.4637215403788,14141.30117215584,1880.0581479458797
2022-03-25,2022,3,ZIMA,16.82095369513804,51.4637215403788,14729.58390777345,1880.9182066172548
2022-03-25,2022,3,ZIMA,17.00959990480314,51.4637215403788,22280.941613895615,1894.3198571954101
2022-03-25,2022,3,ZIMA,16.44366127580784,51.52660361026717,23169.106036063244,1879.183071292144
2022-03-25,2022,3,ZIMA,16.50654334569621,51.52660361026717,19068.06706619102,1874.9058809173357
2022-03-25,2022,3,ZIMA,16.569425415584575,51.52660361026717,15113.246403111087,1877.375626670533
2022-03-25,2022,3,ZIMA,16.63230748547294,51.52660361026717,11457.080573087394,1877.6046019029775
2022-03-25,2022,3,ZIMA,16.695189555361306,51.52660361026717,8494.393021157723,1872.2459107307818
2022-03-25,2022,3,ZIMA,16.758071625249674,51.52660361026717,7147.044934713422,1873.5753917561995
2022-03-25,2022,3,ZIMA,16.82095369513804,51.52660361026717,8248.706015929743,1897.3894041576234
2022-03-25,2022,3,ZIMA,16.44366127580784,51.58948568015553,22025.784156618203,1874.8396771296877
2022-03-25,2022,3,ZIMA,16.50654334569621,51.58948568015553,17667.982445882684,1874.944897496274
2022-03-25,2022,3,ZIMA,16.569425415584575,51.58948568015553,13310.256590039357,1874.8423315531704
2022-03-25,2022,3,ZIMA,16.63230748547294,51.58948568015553,8952.722932547227,1872.2275532242554
2022-03-25,2022,3,ZIMA,16.695189555361306,51.58948568015553,4595.935998082942,1871.977057003461
2022-03-25,2022,3,ZIMA,16.758071625249674,51.58948568015553,277.69329068147516,1873.4642547255132
2022-03-25,2022,3,ZIMA,16.82095369513804,51.58948568015553,4124.890416239718,1897.389401984777
2022-03-25,2022,3,ZIMA,16.883835765026408,51.58948568015553,8481.476135674528,1897.1722607089848
2022-03-25,2022,3,ZIMA,16.94671783491477,51.58948568015553,12838.97279331703,1896.3585083508958
2022-03-25,2022,3,ZIMA,17.072481974691506,51.58948568015553,21554.48200986264,1886.0097819976988
2022-03-25,2022,3,ZIMA,16.44366127580784,51.65236775004391,23051.204701326566,1887.0624416903725
2022-03-25,2022,3,ZIMA,16.50654334569621,51.65236775004391,18937.248299133444,1885.0865586564016
2022-03-25,2022,3,ZIMA,16.569425415584575,51.65236775004391,14960.319349349504,1876.9594565040506
2022-03-25,2022,3,ZIMA,16.63230748547294,51.65236775004391,11266.476722222027,1877.110707231884
2022-03-25,2022,3,ZIMA,16.695189555361306,51.65236775004391,8245.392510962301,1884.8148447975575
2022-03-25,2022,3,ZIMA,16.758071625249674,51.65236775004391,6853.476800724564,1902.0474045874278
2022-03-25,2022,3,ZIMA,16.82095369513804,51.65236775004391,7992.764094764516,1892.011238871966
2022-03-25,2022,3,ZIMA,16.883835765026408,51.65236775004391,10896.285673413891,1892.824007585879
2022-03-25,2022,3,ZIMA,16.94671783491477,51.65236775004391,14543.193254773298,1893.8792516070828
2022-03-25,2022,3,ZIMA,17.00959990480314,51.65236775004391,18498.931613833585,1894.1085059626262
2022-03-25,2022,3,ZIMA,17.072481974691506,51.65236775004391,22601.923186798995,1892.2559543995224
2022-03-25,2022,3,ZIMA,16.50654334569621,51.71524981993227,22427.21492914899,1890.6899201481713
2022-03-25,2022,3,ZIMA,16.569425415584575,51.71524981993227,19192.666442319347,1879.1228720015927
2022-03-25,2022,3,ZIMA,16.63230748547294,51.71524981993227,16480.747203902352,1877.2199910960785
2022-03-25,2022,3,ZIMA,16.695189555361306,51.71524981993227,14585.943386997042,1899.4798508944702
2022-03-25,2022,3,ZIMA,16.758071625249674,51.71524981993227,13847.833818649817,1903.1087210596024
2022-03-25,2022,3,ZIMA,16.82095369513804,51.71524981993227,14444.83332546964,1902.7649619982715
2022-03-25,2022,3,ZIMA,16.883835765026408,51.71524981993227,16230.278648697753,1891.2600650563156
2022-03-25,2022,3,ZIMA,16.94671783491477,51.71524981993227,18869.785601048578,1892.0503364331923
2022-03-25,2022,3,ZIMA,17.00959990480314,51.71524981993227,22058.870945944283,1886.5558671746314
2022-03-25,2022,3,ZIMA,16.569425415584575,51.77813188982064,24714.534512347887,1878.228161304332
2022-03-25,2022,3,ZIMA,16.63230748547294,51.77813188982064,22675.958212645324,1885.9225281720621
2022-03-25,2022,3,ZIMA,16.695189555361306,51.77813188982064,21340.465733542747,1902.0449817887236
2022-03-25,2022,3,ZIMA,16.758071625249674,51.77813188982064,20843.64027861737,1902.0200349085944
2022-03-25,2022,3,ZIMA,16.82095369513804,51.77813188982064,21244.402207891635,1898.6482969443116
2022-03-25,2022,3,ZIMA,16.883835765026408,51.77813188982064,22494.82981456476,1894.924559833916
2022-03-25,2022,3,ZIMA,16.94671783491477,51.77813188982064,24464.98800502619,1891.8265128623154
2022-03-27,2022,3,ZIMA,16.63230748547294,51.40083947049044,22960.126954864292,1838.4551900419426
2022-03-27,2022,3,ZIMA,16.695189555361306,51.40083947049044,21630.877526090502,1837.354042930292
2022-03-27,2022,3,ZIMA,16.758071625249674,51.40083947049044,21136.75458536362,1837.2083758414128
2022-03-27,2022,3,ZIMA,16.50654334569621,51.4637215403788,22647.677207307275,1840.4752017512455
2022-03-27,2022,3,ZIMA,16.569425415584575,51.4637215403788,19430.65279204185,1842.6083815229974
2022-03-27,2022,3,ZIMA,16.63230748547294,51.4637215403788,16741.299838130057,1840.6113709273366
2022-03-27,2022,3,ZIMA,16.695189555361306,51.4637215403788,14868.754552299932,1838.4302695356002
2022-03-27,2022,3,ZIMA,16.758071625249674,51.4637215403788,14141.30117215584,1837.2236641597092
2022-03-27,2022,3,ZIMA,16.50654334569621,51.52660361026717,19068.06706619102,1836.7192516744667
2022-03-27,2022,3,ZIMA,16.569425415584575,51.52660361026717,15113.246403111087,1836.7192355624532
2022-03-27,2022,3,ZIMA,16.63230748547294,51.52660361026717,11457.080573087394,1841.6989669953198
2022-03-27,2022,3,ZIMA,16.695189555361306,51.52660361026717,8494.393021157723,1854.7896992319388
2022-03-27,2022,3,ZIMA,16.758071625249674,51.52660361026717,7147.044934713422,1854.8504707554994
2022-03-27,2022,3,ZIMA,16.82095369513804,51.52660361026717,8248.706015929743,1854.8504805880102
2022-03-27,2022,3,ZIMA,16.569425415584575,51.58948568015553,13310.256590039357,1849.4495644538558
2022-03-27,2022,3,ZIMA,16.63230748547294,51.58948568015553,8952.722932547227,1853.4193163756904
2022-03-27,2022,3,ZIMA,16.695189555361306,51.58948568015553,4595.935998082942,1851.1352782732201
2022-03-27,2022,3,ZIMA,16.758071625249674,51.58948568015553,277.69329068147516,1853.2510268914664
2022-03-27,2022,3,ZIMA,16.82095369513804,51.58948568015553,4124.890416239718,1854.8504556381656
2022-03-27,2022,3,ZIMA,16.883835765026408,51.58948568015553,8481.476135674528,1854.8504726465326
2022-03-27,2022,3,ZIMA,16.569425415584575,51.65236775004391,14960.319349349504,1863.1133070586325
2022-03-27,2022,3,ZIMA,16.63230748547294,51.65236775004391,11266.476722222027,1863.1132938771898
2022-03-27,2022,3,ZIMA,16.695189555361306,51.65236775004391,8245.392510962301,1863.113281250068
2022-03-27,2022,3,ZIMA,16.758071625249674,51.65236775004391,6853.476800724564,1860.1958416760858
2022-03-27,2022,3,ZIMA,16.82095369513804,51.65236775004391,7992.764094764516,1850.5074819334566
2022-03-27,2022,3,ZIMA,16.883835765026408,51.65236775004391,10896.285673413891,1854.2593600964196
2022-03-27,2022,3,ZIMA,16.94671783491477,51.65236775004391,14543.193254773298,1858.58085392146
2022-03-27,2022,3,ZIMA,17.00959990480314,51.65236775004391,18498.931613833585,1858.9641133776274
2022-03-27,2022,3,ZIMA,17.072481974691506,51.65236775004391,22601.923186798995,1858.964072206872
2022-03-27,2022,3,ZIMA,16.695189555361306,51.71524981993227,14585.943386997042,1863.1132675050264
2022-03-27,2022,3,ZIMA,16.758071625249674,51.71524981993227,13847.833818649817,1863.1132894734926
2022-03-27,2022,3,ZIMA,16.82095369513804,51.71524981993227,14444.83332546964,1860.174009512613
2022-03-27,2022,3,ZIMA,16.883835765026408,51.71524981993227,16230.278648697753,1859.3793758035602
2022-03-27,2022,3,ZIMA,16.94671783491477,51.71524981993227,18869.785601048578,1860.6218116532664
2022-03-27,2022,3,ZIMA,17.00959990480314,51.71524981993227,22058.870945944283,1858.995374044907
2022-03-27,2022,3,ZIMA,16.62530393447404,51.397337694990995,23510.777967606296,1841.1207019456278
2022-03-27,2022,3,ZIMA,16.6881860043624,51.397337694990995,22118.575144716113,1842.0078125000673
2022-03-27,2022,3,ZIMA,16.751068074250767,51.397337694990995,21537.155614870117,1842.0078124999357
2022-03-27,2022,3,ZIMA,16.813950144139135,51.397337694990995,21831.393658931185,1838.5187913087113
2022-03-27,2022,3,ZIMA,16.876832214027502,51.397337694990995,22967.660395888146,1838.2720903866418
2022-03-27,2022,3,ZIMA,16.93971428391587,51.397337694990995,24830.62957484175,1838.272101964956
2022-03-27,2022,3,ZIMA,16.499539794697306,51.460219764879355,23271.13309125346,1842.1707106158158
2022-03-27,2022,3,ZIMA,16.562421864585673,51.460219764879355,20048.089008143317,1842.1053271404808
2022-03-27,2022,3,ZIMA,16.62530393447404,51.460219764879355,17331.96138108104,1842.9860720725305
2022-03-27,2022,3,ZIMA,16.6881860043624,51.460219764879355,15393.462984354066,1842.59602452444
2022-03-27,2022,3,ZIMA,16.751068074250767,51.460219764879355,14546.86362501982,1842.3796248674553
2022-03-27,2022,3,ZIMA,16.43665772480894,51.523101834767715,23753.112019223394,1832.7792677891546
2022-03-27,2022,3,ZIMA,16.499539794697306,51.523101834767715,19665.81326380877,1832.779293563797
2022-03-27,2022,3,ZIMA,16.562421864585673,51.523101834767715,15726.294119979328,1831.1252192178536
2022-03-27,2022,3,ZIMA,16.62530393447404,51.523101834767715,12080.016356964572,1827.874023761599
2022-03-27,2022,3,ZIMA,16.6881860043624,51.523101834767715,9087.118086201648,1827.874026239702
2022-03-27,2022,3,ZIMA,16.751068074250767,51.523101834767715,7567.237422419734,1827.87401829706
2022-06-03,2022,6,LATO,16.614798607975686,51.65236775004391,12251.439160938848,1858.1730341703546
2022-06-03,2022,6,LATO,16.677680677864046,51.65236775004391,8977.156866042955,1859.078976766129
2022-06-03,2022,6,LATO,16.74056274775242,51.65236775004391,7000.8287602165365,1859.0789788594032
2022-06-03,2022,6,LATO,16.80344481764078,51.65236775004391,7440.7240432757335,1875.6052292720954
2022-06-03,2022,6,LATO,16.866326887529155,51.65236775004391,9982.370540258755,1875.6052318510024
2022-06-03,2022,6,LATO,16.929208957417515,51.65236775004391,13485.612600907245,1875.6051864394321
2022-06-03,2022,6,LATO,16.551916538087312,51.71524981993227,20050.86996583991,1850.173416512489
2022-06-03,2022,6,LATO,16.614798607975686,51.71524981993227,17168.20275811432,1844.2134426381936
2022-06-03,2022,6,LATO,16.677680677864046,51.71524981993227,15011.166602358962,1849.427222534924
2022-06-03,2022,6,LATO,16.74056274775242,51.71524981993227,13921.247619234951,1859.3728379595734
2022-06-03,2022,6,LATO,16.80344481764078,51.71524981993227,14147.265106642424,1869.9314641889266
2022-06-03,2022,6,LATO,16.866326887529155,51.71524981993227,15632.244799391508,1874.0634549275417
2022-06-03,2022,6,LATO,16.929208957417515,51.71524981993227,18068.40211024761,1875.6052244978896
2022-06-03,2022,6,LATO,16.992091027305875,51.71524981993227,21129.253707015116,1875.6052441969657
2022-06-03,2022,6,LATO,16.614798607975686,51.77813188982064,23179.713805871586,1858.4020573568596
2022-06-03,2022,6,LATO,16.677680677864046,51.77813188982064,21632.923911312602,1859.0134469419936
2022-06-03,2022,6,LATO,16.74056274775242,51.77813188982064,20892.418416735138,1862.521018218278
2022-06-03,2022,6,LATO,16.80344481764078,51.77813188982064,21043.486525155,1857.9400777045112
2022-06-03,2022,6,LATO,16.866326887529155,51.77813188982064,22067.825998990276,1860.1931421304162
2022-06-03,2022,6,LATO,16.929208957417515,51.77813188982064,23853.198376497356,1867.9771773281602
2022-06-10,2022,6,LATO,17.11785516708261,51.58598390465609,24705.257869537152,1867.7771192079188
2022-06-15,2022,6,LATO,16.426152398310577,51.52660361026717,24327.093489808864,1835.347173045305
2022-06-15,2022,6,LATO,16.426152398310577,51.58948568015553,23239.17742155401,1835.37619354405
2022-06-15,2022,6,LATO,16.489034468198952,51.58948568015553,18881.363095119337,1835.3471707707777
2022-06-15,2022,6,LATO,16.551916538087312,51.58948568015553,14523.609586482577,1835.347177426167
2022-06-15,2022,6,LATO,16.426152398310577,51.65236775004391,24211.69931278745,1837.7708298070856
2022-06-15,2022,6,LATO,16.489034468198952,51.65236775004391,20072.528275770994,1838.5040186107012
2022-06-15,2022,6,LATO,16.551916538087312,51.65236775004391,16047.953486807288,1836.5508680035116
2022-06-15,2022,6,LATO,16.614798607975686,51.65236775004391,12251.439160938848,1835.3471660122427
2022-06-15,2022,6,LATO,16.677680677864046,51.65236775004391,8977.156866042955,1835.347153911709
2022-06-15,2022,6,LATO,16.489034468198952,51.71524981993227,23392.42763750961,1837.8693378539608
2022-06-15,2022,6,LATO,16.551916538087312,51.71524981993227,20050.86996583991,1839.22912597663
2022-06-15,2022,6,LATO,16.614798607975686,51.71524981993227,17168.20275811432,1836.4881835718654
2022-06-15,2022,6,LATO,16.677680677864046,51.71524981993227,15011.166602358962,1835.352772278106
2022-06-15,2022,6,LATO,16.614798607975686,51.77813188982064,23179.713805871586,1835.0862599617894
2022-06-15,2022,6,LATO,16.677680677864046,51.77813188982064,21632.923911312602,1839.229055824558
2022-06-18,2022,6,LATO,16.614798607975686,51.40083947049044,23461.876059032897,1856.6669707922613
2022-06-18,2022,6,LATO,16.677680677864046,51.40083947049044,21921.845774254853,1856.4034411631374
2022-06-18,2022,6,LATO,16.74056274775242,51.40083947049044,21185.257504931837,1864.0837622508009
2022-06-18,2022,6,LATO,16.80344481764078,51.40083947049044,21335.48709556919,1860.1327413906165
2022-06-18,2022,6,LATO,16.866326887529155,51.40083947049044,22354.663010638676,1850.8893949297126
2022-06-18,2022,6,LATO,16.929208957417515,51.40083947049044,24132.945339994152,1850.1252230617924
2022-06-18,2022,6,LATO,16.489034468198952,51.4637215403788,23609.063782898636,1857.6219769767813
2022-06-18,2022,6,LATO,16.551916538087312,51.4637215403788,20283.385118362596,1858.2398002784882
2022-06-18,2022,6,LATO,16.614798607975686,51.4637215403788,17422.15185627962,1857.870676633935
2022-06-18,2022,6,LATO,16.677680677864046,51.4637215403788,15288.392116050694,1862.5674827957814
2022-06-18,2022,6,LATO,16.74056274775242,51.4637215403788,14213.596375328967,1868.8298339843097
2022-06-18,2022,6,LATO,16.80344481764078,51.4637215403788,14436.253925872035,1851.675249378523
2022-06-18,2022,6,LATO,16.866326887529155,51.4637215403788,15901.958375980237,1849.7964902268143
2022-06-18,2022,6,LATO,16.929208957417515,51.4637215403788,18314.666201500986,1858.882460078539
2022-06-18,2022,6,LATO,16.992091027305875,51.4637215403788,21355.786210260703,1875.033083497656
2022-06-18,2022,6,LATO,17.05497309719425,51.4637215403788,24795.16124864444,1874.3016732903739
2022-06-18,2022,6,LATO,16.426152398310577,51.52660361026717,24327.093489808864,1846.178643333622
2022-06-18,2022,6,LATO,16.489034468198952,51.52660361026717,20199.02608241299,1852.3847960286137
2022-06-18,2022,6,LATO,16.551916538087312,51.52660361026717,16193.490189315507,1854.1636194818202
2022-06-18,2022,6,LATO,16.614798607975686,51.52660361026717,12429.521594084661,1863.3359540256347
2022-06-18,2022,6,LATO,16.677680677864046,51.52660361026717,9208.279193544944,1867.828648660405
2022-06-18,2022,6,LATO,16.74056274775242,51.52660361026717,7288.851416249433,1869.9145316830472
2022-06-18,2022,6,LATO,16.80344481764078,51.52660361026717,7713.474629872748,1848.390502929659
2022-06-18,2022,6,LATO,16.866326887529155,51.52660361026717,10193.305457067432,1848.2832177779446
2022-06-18,2022,6,LATO,16.929208957417515,51.52660361026717,13650.817531679393,1868.590408866206
2022-06-18,2022,6,LATO,16.992091027305875,51.52660361026717,17516.325131595124,1865.950881235254
2022-06-18,2022,6,LATO,17.05497309719425,51.52660361026717,21571.598166640877,1850.3886170638486
2022-06-18,2022,6,LATO,16.426152398310577,51.58948568015553,23239.17742155401,1849.229744072741
2022-06-18,2022,6,LATO,16.489034468198952,51.58948568015553,18881.363095119337,1851.2244203068306
2022-06-18,2022,6,LATO,16.551916538087312,51.58948568015553,14523.609586482577,1851.5654831075567
2022-06-18,2022,6,LATO,16.614798607975686,51.58948568015553,10166.000401523504,1870.1141147097157
2022-06-18,2022,6,LATO,16.677680677864046,51.58948568015553,5808.867198410206,1869.4784135928198
2022-06-18,2022,6,LATO,16.74056274775242,51.58948568015553,1456.5056795966475,1856.2603297755907
2022-06-18,2022,6,LATO,16.80344481764078,51.58948568015553,2912.5589340426127,1850.792809425439
2022-06-18,2022,6,LATO,16.866326887529155,51.58948568015553,7268.267033888717,1854.0558371969746
2022-06-18,2022,6,LATO,16.929208957417515,51.58948568015553,11625.639526185509,1874.9826877400708
2022-06-18,2022,6,LATO,16.992091027305875,51.58948568015553,15983.313323809196,1874.7864804903977
2022-06-18,2022,6,LATO,17.05497309719425,51.58948568015553,20341.092594536985,1854.6146704704372
2022-06-18,2022,6,LATO,17.11785516708261,51.58948568015553,24698.91914071422,1852.2146685746636
2022-06-18,2022,6,LATO,16.426152398310577,51.65236775004391,24211.69931278745,1858.4146718579323
2022-06-18,2022,6,LATO,16.489034468198952,51.65236775004391,20072.528275770994,1858.8560433831299
2022-06-18,2022,6,LATO,16.551916538087312,51.65236775004391,16047.953486807288,1863.091018817417
2022-06-18,2022,6,LATO,16.614798607975686,51.65236775004391,12251.439160938848,1869.8428888640556
2022-06-18,2022,6,LATO,16.677680677864046,51.65236775004391,8977.156866042955,1868.9784552413134
2022-06-18,2022,6,LATO,16.74056274775242,51.65236775004391,7000.8287602165365,1847.9643635648993
2022-06-18,2022,6,LATO,16.80344481764078,51.65236775004391,7440.7240432757335,1853.1869524658102
2022-06-18,2022,6,LATO,16.866326887529155,51.65236775004391,9982.370540258755,1874.3359225080308
2022-06-18,2022,6,LATO,16.929208957417515,51.65236775004391,13485.612600907245,1873.3303214706527
2022-06-18,2022,6,LATO,16.992091027305875,51.65236775004391,17378.330580821977,1857.034229840204
2022-06-18,2022,6,LATO,17.05497309719425,51.65236775004391,21449.51032645465,1853.2796291073353
2022-06-18,2022,6,LATO,16.489034468198952,51.71524981993227,23392.42763750961,1859.6145751825877
2022-06-18,2022,6,LATO,16.551916538087312,51.71524981993227,20050.86996583991,1870.796125353911
2022-06-18,2022,6,LATO,16.614798607975686,51.71524981993227,17168.20275811432,1871.5219697893092
2022-06-18,2022,6,LATO,16.677680677864046,51.71524981993227,15011.166602358962,1861.192592330083
2022-06-18,2022,6,LATO,16.74056274775242,51.71524981993227,13921.247619234951,1852.7719397077205
2022-06-18,2022,6,LATO,16.80344481764078,51.71524981993227,14147.265106642424,1871.7647576078957
2022-06-18,2022,6,LATO,16.866326887529155,51.71524981993227,15632.244799391508,1873.5377822353396
2022-06-18,2022,6,LATO,16.929208957417515,51.71524981993227,18068.40211024761,1865.7610535855367
2022-06-18,2022,6,LATO,16.992091027305875,51.71524981993227,21129.253707015116,1858.5654310154612
2022-06-18,2022,6,LATO,17.05497309719425,51.71524981993227,24582.54703872513,1856.8468785028845
2022-06-18,2022,6,LATO,16.614798607975686,51.77813188982064,23179.713805871586,1857.594378913071
2022-06-18,2022,6,LATO,16.677680677864046,51.77813188982064,21632.923911312602,1856.4554864687036
2022-06-18,2022,6,LATO,16.74056274775242,51.77813188982064,20892.418416735138,1859.3823671592063
2022-06-18,2022,6,LATO,16.80344481764078,51.77813188982064,21043.486525155,1874.9077971975469
2022-06-18,2022,6,LATO,16.866326887529155,51.77813188982064,22067.825998990276,1876.495591012121
2022-06-18,2022,6,LATO,16.929208957417515,51.77813188982064,23853.198376497356,1858.1400450841525
2022-06-19,2022,6,LATO,16.611296832476228,51.397337694990995,23918.645184141587,1846.1803783936332
2022-06-19,2022,6,LATO,16.674178902364588,51.397337694990995,22362.464810076908,1853.6420279420543
2022-06-19,2022,6,LATO,16.737060972252976,51.397337694990995,21591.690832879205,1854.0363726179717
2022-06-19,2022,6,LATO,16.799943042141336,51.397337694990995,21690.2137014598,1854.2337635529032
2022-06-19,2022,6,LATO,16.862825112029697,51.397337694990995,22646.69100688218,1854.6224976376234
2022-06-19,2022,6,LATO,16.925707181918057,51.397337694990995,24360.27315534031,1849.491874242328
2022-06-19,2022,6,LATO,16.799943042141336,51.460219764879355,14772.21913775697,1857.4903183296008
2022-06-19,2022,6,LATO,16.862825112029697,51.460219764879355,16142.103890424161,1857.4903378639299
2022-06-19,2022,6,LATO,16.925707181918057,51.460219764879355,18466.384295238193,1844.979009802341
2022-06-19,2022,6,LATO,16.988589251806417,51.460219764879355,21436.837090162604,1843.8144294107926
2022-06-19,2022,6,LATO,17.051471321694805,51.460219764879355,24822.557353302105,1843.8542672013662
2022-06-19,2022,6,LATO,16.611296832476228,51.523101834767715,12853.740550323688,1861.7575356317034
2022-06-19,2022,6,LATO,16.674178902364588,51.523101834767715,9664.078931179667,1862.0761605622288
2022-06-19,2022,6,LATO,16.737060972252976,51.523101834767715,7720.664784772775,1862.7308973902777
2022-06-19,2022,6,LATO,16.799943042141336,51.523101834767715,7991.321238525667,1863.0516439585592
2022-06-19,2022,6,LATO,16.862825112029697,51.523101834767715,10303.014807201598,1863.7131695226456
2022-06-19,2022,6,LATO,16.925707181918057,51.523101834767715,13655.822493822387,1855.2901648235863
2022-06-19,2022,6,LATO,16.988589251806417,51.523101834767715,17459.933369514594,1854.7849121093464
2022-06-19,2022,6,LATO,17.051471321694805,51.523101834767715,21476.85639948017,1854.7849121094068
2022-06-19,2022,6,LATO,16.42265062281112,51.58598390465609,23488.42755758784,1858.447628434341
2022-06-19,2022,6,LATO,16.485532692699508,51.58598390465609,19131.734753019387,1858.447627698556
2022-06-19,2022,6,LATO,16.548414762587868,51.58598390465609,14775.861788027069,1858.4476460306498
2022-06-19,2022,6,LATO,16.611296832476228,51.58598390465609,10421.8419252194,1865.349578501967
2022-06-19,2022,6,LATO,16.674178902364588,51.58598390465609,6073.6684473133355,1865.44759297049
2022-06-19,2022,6,LATO,16.737060972252976,51.58598390465609,1774.8584868213236,1865.6385771066487
2022-06-19,2022,6,LATO,16.799943042141336,51.58598390465609,2719.712553001884,1865.7365945685199
2022-06-19,2022,6,LATO,16.862825112029697,51.58598390465609,7044.82694867206,1865.9326575038424
2022-06-19,2022,6,LATO,16.925707181918057,51.58598390465609,11395.10169031357,1851.4953292541281
2022-06-19,2022,6,LATO,16.988589251806417,51.58598390465609,15749.699818762218,1851.2801185080727
2022-06-19,2022,6,LATO,17.051471321694805,51.58598390465609,20105.810226435016,1850.849573141062
2022-06-19,2022,6,LATO,17.114353391583165,51.58598390465609,24462.62268161473,1850.6343568088892
2022-06-19,2022,6,LATO,16.42265062281112,51.64886597454445,24338.97944000566,1857.0535813140275
2022-06-19,2022,6,LATO,16.485532692699508,51.64886597454445,20173.23421265138,1857.0167236327516
2022-06-19,2022,6,LATO,16.548414762587868,51.64886597454445,16107.953383748198,1857.0167236328805
2022-06-19,2022,6,LATO,16.611296832476228,51.64886597454445,12243.626482151323,1867.2794236456298
2022-06-19,2022,6,LATO,16.674178902364588,51.64886597454445,8847.607758318938,1867.1293043139417
2022-06-19,2022,6,LATO,16.737060972252976,51.64886597454445,6677.390119064138,1866.6824371035655
2022-06-19,2022,6,LATO,16.799943042141336,51.64886597454445,6987.72966599558,1866.458989476739
2022-06-19,2022,6,LATO,16.862825112029697,51.64886597454445,9539.532909913665,1866.0219397052203
2022-06-19,2022,6,LATO,16.925707181918057,51.64886597454445,13080.925520782024,1856.049051172583
2022-06-19,2022,6,LATO,16.988589251806417,51.64886597454445,17004.47180573391,1856.2191151091213
2022-06-19,2022,6,LATO,17.051471321694805,51.64886597454445,21098.031402754626,1856.552936174458
2022-06-19,2022,6,LATO,16.485532692699508,51.711748044432824,23362.235077791953,1858.9402388839762
2022-06-19,2022,6,LATO,16.548414762587868,51.711748044432824,19962.59036828338,1859.0388700829185
2022-06-19,2022,6,LATO,16.611296832476228,51.711748044432824,17002.85277253168,1862.6115368423089
2022-06-19,2022,6,LATO,16.674178902364588,51.711748044432824,14750.256086804378,1862.5471191405638
2022-06-19,2022,6,LATO,16.737060972252976,51.711748044432824,13561.862643551867,1862.5471191405597
2022-06-19,2022,6,LATO,16.799943042141336,51.711748044432824,13717.108798846582,1862.5471191406607
2022-06-19,2022,6,LATO,16.862825112029697,51.711748044432824,15174.812763731501,1862.6827180280568
2022-06-19,2022,6,LATO,16.925707181918057,51.711748044432824,17614.53506315774,1857.7808803173011
2022-06-19,2022,6,LATO,16.988589251806417,51.711748044432824,20691.781140070114,1857.651483822444
2022-06-19,2022,6,LATO,17.051471321694805,51.711748044432824,24164.20381730272,1857.398946297769
2022-06-19,2022,6,LATO,16.611296832476228,51.774630114321184,22938.830904271606,1862.4005568063399
2022-06-19,2022,6,LATO,16.674178902364588,51.774630114321184,21325.155889422454,1862.2036640064282
2022-06-19,2022,6,LATO,16.737060972252976,51.774630114321184,20522.256263071482,1861.809885409088
2022-06-19,2022,6,LATO,16.799943042141336,51.774630114321184,20625.035412925725,1861.6203570656794
2022-06-19,2022,6,LATO,16.862825112029697,51.774630114321184,21620.581268314785,1861.22916420909
2022-06-19,2022,6,LATO,16.925707181918057,51.774630114321184,23395.200733003247,1857.9056643255994
2022-06-22,2022,6,LATO,16.925707181918057,51.397337694990995,24360.27315534031,1863.6981178211036
2022-06-22,2022,6,LATO,16.611296832476228,51.64886597454445,12243.626482151323,1868.0328515305514
2022-06-22,2022,6,LATO,16.674178902364588,51.64886597454445,8847.607758318938,1868.0328667167278
2022-06-22,2022,6,LATO,16.737060972252976,51.64886597454445,6677.390119064138,1875.0220893128799
2022-06-22,2022,6,LATO,16.799943042141336,51.64886597454445,6987.72966599558,1875.0221002877283
2022-06-22,2022,6,LATO,16.862825112029697,51.64886597454445,9539.532909913665,1872.8437540005095
2022-06-22,2022,6,LATO,16.925707181918057,51.64886597454445,13080.925520782024,1884.4102808394184
2022-06-22,2022,6,LATO,16.988589251806417,51.64886597454445,17004.47180573391,1884.4102783202836
2022-06-22,2022,6,LATO,17.051471321694805,51.64886597454445,21098.031402754626,1877.5382122082106
2022-06-22,2022,6,LATO,16.548414762587868,51.711748044432824,19962.59036828338,1868.032860765596
2022-06-22,2022,6,LATO,16.611296832476228,51.711748044432824,17002.85277253168,1868.032836914131
2022-06-22,2022,6,LATO,16.674178902364588,51.711748044432824,14750.256086804378,1869.9960320738498
2022-06-22,2022,6,LATO,16.737060972252976,51.711748044432824,13561.862643551867,1877.6969448052416
2022-06-22,2022,6,LATO,16.799943042141336,51.711748044432824,13717.108798846582,1876.4474946490552
2022-06-22,2022,6,LATO,16.925707181918057,51.711748044432824,17614.53506315774,1884.410226953061
2022-06-22,2022,6,LATO,16.988589251806417,51.711748044432824,20691.781140070114,1881.6700861902493
2022-06-22,2022,6,LATO,17.051471321694805,51.711748044432824,24164.20381730272,1878.303531576541
2022-06-22,2022,6,LATO,16.737060972252976,51.774630114321184,20522.256263071482,1853.0669051817433
2022-06-22,2022,6,LATO,16.799943042141336,51.774630114321184,20625.035412925725,1852.9910888672232
2022-06-22,2022,6,LATO,16.862825112029697,51.774630114321184,21620.581268314785,1871.9433304247993
2022-06-22,2022,6,LATO,16.925707181918057,51.774630114321184,23395.200733003247,1881.8754176281325
2022-06-23,2022,6,LATO,16.862825112029697,51.40083947049044,22276.634683362015,1853.382818126204
2022-06-23,2022,6,LATO,16.925707181918057,51.40083947049044,24016.506739915803,1853.3828272645649
2022-06-23,2022,6,LATO,16.674178902364588,51.4637215403788,15382.467166770828,1880.8915647171464
2022-06-23,2022,6,LATO,16.737060972252976,51.4637215403788,14240.458336897054,1880.8913597378846
2022-06-23,2022,6,LATO,16.799943042141336,51.4637215403788,14389.188027241109,1878.5108883920407
2022-06-23,2022,6,LATO,16.862825112029697,51.4637215403788,15792.230740384704,1853.571790426182
2022-06-23,2022,6,LATO,16.925707181918057,51.4637215403788,18161.17373754169,1853.3828123476649
2022-06-23,2022,6,LATO,16.611296832476228,51.52660361026717,12629.0352429668,1879.595670322247
2022-06-23,2022,6,LATO,16.674178902364588,51.52660361026717,9363.429205266817,1880.3197788208884
2022-06-23,2022,6,LATO,16.737060972252976,51.52660361026717,7341.0241543719685,1881.7784022493418
2022-06-23,2022,6,LATO,16.799943042141336,51.52660361026717,7625.146569278136,1882.0810039813823
2022-06-23,2022,6,LATO,16.862825112029697,51.52660361026717,10021.503014456443,1856.5673606984271
2022-06-23,2022,6,LATO,16.611296832476228,51.58948568015553,10408.659903176536,1879.3781767317105
2022-06-23,2022,6,LATO,16.674178902364588,51.58948568015553,6051.477029551073,1879.378176777362
2022-06-23,2022,6,LATO,16.737060972252976,51.58948568015553,1698.1289912312805,1879.3781831873612
2022-06-23,2022,6,LATO,16.548414762587868,51.71524981993227,20226.852739333324,1883.460254201334
2022-06-23,2022,6,LATO,16.611296832476228,51.77813188982064,23286.714035984503,1883.5410025802332
2022-06-24,2022,6,LATO,16.614798607975686,51.40083947049044,23461.876059032897,1873.8556495556982
2022-06-24,2022,6,LATO,16.677680677864046,51.40083947049044,21921.845774254853,1871.9304846583161
2022-06-24,2022,6,LATO,16.74056274775242,51.40083947049044,21185.257504931837,1869.6794223404029
2022-06-24,2022,6,LATO,16.80344481764078,51.40083947049044,21335.48709556919,1859.8481989618847
2022-06-24,2022,6,LATO,16.866326887529155,51.40083947049044,22354.663010638676,1860.3159354790507
2022-06-24,2022,6,LATO,16.929208957417515,51.40083947049044,24132.945339994152,1859.568044238057
2022-06-24,2022,6,LATO,16.489034468198952,51.4637215403788,23609.063782898636,1868.0904482492826
2022-06-24,2022,6,LATO,16.551916538087312,51.4637215403788,20283.385118362596,1868.1829465427702
2022-06-24,2022,6,LATO,16.614798607975686,51.4637215403788,17422.15185627962,1874.5478075463527
2022-06-24,2022,6,LATO,16.677680677864046,51.4637215403788,15288.392116050694,1875.541277710742
2022-06-24,2022,6,LATO,16.74056274775242,51.4637215403788,14213.596375328967,1871.090754054795
2022-06-24,2022,6,LATO,16.80344481764078,51.4637215403788,14436.253925872035,1858.9604520306716
2022-06-24,2022,6,LATO,16.866326887529155,51.4637215403788,15901.958375980237,1858.98234900963
2022-06-24,2022,6,LATO,16.929208957417515,51.4637215403788,18314.666201500986,1857.0073463292217
2022-06-24,2022,6,LATO,16.992091027305875,51.4637215403788,21355.786210260703,1854.7389208665843
2022-06-24,2022,6,LATO,17.05497309719425,51.4637215403788,24795.16124864444,1856.6261051266508
2022-06-24,2022,6,LATO,16.426152398310577,51.52660361026717,24327.093489808864,1859.4954833983727
2022-06-24,2022,6,LATO,16.489034468198952,51.52660361026717,20199.02608241299,1859.875351930322
2022-06-24,2022,6,LATO,16.551916538087312,51.52660361026717,16193.490189315507,1865.5713166477394
2022-06-24,2022,6,LATO,16.614798607975686,51.52660361026717,12429.521594084661,1868.028653032117
2022-06-24,2022,6,LATO,16.677680677864046,51.52660361026717,9208.279193544944,1869.776665953967
2022-06-24,2022,6,LATO,16.74056274775242,51.52660361026717,7288.851416249433,1864.3255615233725
2022-06-24,2022,6,LATO,16.80344481764078,51.52660361026717,7713.474629872748,1863.454154844626
2022-06-24,2022,6,LATO,16.866326887529155,51.52660361026717,10193.305457067432,1863.0435029176954
2022-06-24,2022,6,LATO,16.929208957417515,51.52660361026717,13650.817531679393,1863.6424028749875
2022-06-24,2022,6,LATO,16.992091027305875,51.52660361026717,17516.325131595124,1859.20881377337
2022-06-24,2022,6,LATO,17.05497309719425,51.52660361026717,21571.598166640877,1856.0459285948884
2022-06-24,2022,6,LATO,16.426152398310577,51.58948568015553,23239.17742155401,1864.2539324034626
2022-06-24,2022,6,LATO,16.489034468198952,51.58948568015553,18881.363095119337,1855.0029328379555
2022-06-24,2022,6,LATO,16.551916538087312,51.58948568015553,14523.609586482577,1853.595794634989
2022-06-24,2022,6,LATO,16.614798607975686,51.58948568015553,10166.000401523504,1862.060610369829
2022-06-24,2022,6,LATO,16.677680677864046,51.58948568015553,5808.867198410206,1865.9352523949747
2022-06-24,2022,6,LATO,16.74056274775242,51.58948568015553,1456.5056795966475,1864.6962170115464
2022-06-24,2022,6,LATO,16.80344481764078,51.58948568015553,2912.5589340426127,1864.3498422560895
2022-06-24,2022,6,LATO,16.866326887529155,51.58948568015553,7268.267033888717,1865.7205187440911
2022-06-24,2022,6,LATO,16.929208957417515,51.58948568015553,11625.639526185509,1866.1211669540287
2022-06-24,2022,6,LATO,16.992091027305875,51.58948568015553,15983.313323809196,1865.8692513871915
2022-06-24,2022,6,LATO,17.05497309719425,51.58948568015553,20341.092594536985,1867.764496641164
2022-06-24,2022,6,LATO,17.11785516708261,51.58948568015553,24698.91914071422,1864.4194188162287
2022-06-24,2022,6,LATO,16.426152398310577,51.65236775004391,24211.69931278745,1862.0452169476844
2022-06-24,2022,6,LATO,16.489034468198952,51.65236775004391,20072.528275770994,1868.5381952032294
2022-06-24,2022,6,LATO,16.551916538087312,51.65236775004391,16047.953486807288,1869.0011850450712
2022-06-24,2022,6,LATO,16.614798607975686,51.65236775004391,12251.439160938848,1865.1723298030738
2022-06-24,2022,6,LATO,16.677680677864046,51.65236775004391,8977.156866042955,1862.3922617054295
2022-06-24,2022,6,LATO,16.74056274775242,51.65236775004391,7000.8287602165365,1860.3444765301047
2022-06-24,2022,6,LATO,16.80344481764078,51.65236775004391,7440.7240432757335,1861.4129058924636
2022-06-24,2022,6,LATO,16.866326887529155,51.65236775004391,9982.370540258755,1863.352808975703
2022-06-24,2022,6,LATO,16.929208957417515,51.65236775004391,13485.612600907245,1864.6135310646357
2022-06-24,2022,6,LATO,16.992091027305875,51.65236775004391,17378.330580821977,1867.0723473151077
2022-06-24,2022,6,LATO,17.05497309719425,51.65236775004391,21449.51032645465,1870.466088764165
2022-06-24,2022,6,LATO,16.489034468198952,51.71524981993227,23392.42763750961,1867.8839453957362
2022-06-24,2022,6,LATO,16.551916538087312,51.71524981993227,20050.86996583991,1867.994750976631
2022-06-24,2022,6,LATO,16.614798607975686,51.71524981993227,17168.20275811432,1863.885912009148
2022-06-24,2022,6,LATO,16.677680677864046,51.71524981993227,15011.166602358962,1863.9976357751493
2022-06-24,2022,6,LATO,16.74056274775242,51.71524981993227,13921.247619234951,1863.3974988925863
2022-06-24,2022,6,LATO,16.80344481764078,51.71524981993227,14147.265106642424,1859.7971366113804
2022-06-24,2022,6,LATO,16.866326887529155,51.71524981993227,15632.244799391508,1858.8985595702839
2022-06-24,2022,6,LATO,16.929208957417515,51.71524981993227,18068.40211024761,1863.4548136292112
2022-06-24,2022,6,LATO,16.992091027305875,51.71524981993227,21129.253707015116,1868.5987030811184
2022-06-24,2022,6,LATO,17.05497309719425,51.71524981993227,24582.54703872513,1868.7106664887228
2022-06-24,2022,6,LATO,16.614798607975686,51.77813188982064,23179.713805871586,1861.5914501081722
2022-06-24,2022,6,LATO,16.677680677864046,51.77813188982064,21632.923911312602,1862.2859142333352
2022-06-24,2022,6,LATO,16.74056274775242,51.77813188982064,20892.418416735138,1863.3136959388592
2022-06-24,2022,6,LATO,16.80344481764078,51.77813188982064,21043.486525155,1864.5642965387513
2022-06-24,2022,6,LATO,16.866326887529155,51.77813188982064,22067.825998990276,1865.9513331662745
2022-06-24,2022,6,LATO,16.929208957417515,51.77813188982064,23853.198376497356,1871.6118937981507
2022-06-26,2022,6,LATO,16.862825112029697,51.460219764879355,16142.103890424161,1859.1561346566145
2022-06-26,2022,6,LATO,16.799943042141336,51.523101834767715,7991.321238525667,1863.6914229207812
2022-06-26,2022,6,LATO,16.862825112029697,51.523101834767715,10303.014807201598,1862.9475393233104
2022-06-26,2022,6,LATO,16.925707181918057,51.523101834767715,13655.822493822387,1861.8105239441052
2022-06-26,2022,6,LATO,16.799943042141336,51.58598390465609,2719.712553001884,1864.0019622029213
2022-06-26,2022,6,LATO,16.862825112029697,51.58598390465609,7044.82694867206,1864.0019429780853
2022-06-26,2022,6,LATO,16.925707181918057,51.58598390465609,11395.10169031357,1864.001941870637
2022-06-27,2022,6,LATO,16.611296832476228,51.397337694990995,23918.645184141587,1874.2123701474534
2022-06-27,2022,6,LATO,16.674178902364588,51.397337694990995,22362.464810076908,1871.4947471508165
2022-06-27,2022,6,LATO,16.737060972252976,51.397337694990995,21591.690832879205,1871.6807425776874
2022-06-27,2022,6,LATO,16.925707181918057,51.397337694990995,24360.27315534031,1883.9178473081774
2022-06-27,2022,6,LATO,16.611296832476228,51.460219764879355,17880.583453753687,1870.957935600812
2022-06-27,2022,6,LATO,16.674178902364588,51.460219764879355,15741.419416381,1869.7042449622268
2022-06-27,2022,6,LATO,16.737060972252976,51.460219764879355,14627.373441799897,1882.0850257184406
2022-06-27,2022,6,LATO,16.799943042141336,51.460219764879355,14772.21913775697,1881.369288194293
2022-06-27,2022,6,LATO,16.862825112029697,51.460219764879355,16142.103890424161,1889.2689614776712
2022-06-27,2022,6,LATO,16.925707181918057,51.460219764879355,18466.384295238193,1876.1838300272484
2022-06-27,2022,6,LATO,16.988589251806417,51.460219764879355,21436.837090162604,1871.9936983548412
2022-06-27,2022,6,LATO,17.051471321694805,51.460219764879355,24822.557353302105,1862.9494377565836
2022-06-27,2022,6,LATO,16.548414762587868,51.523101834767715,16585.57516115953,1878.4176510406746
2022-06-27,2022,6,LATO,16.611296832476228,51.523101834767715,12853.740550323688,1878.985402268185
2022-06-27,2022,6,LATO,16.674178902364588,51.523101834767715,9664.078931179667,1879.6887250171292
2022-06-27,2022,6,LATO,16.737060972252976,51.523101834767715,7720.664784772775,1885.5919189452468
2022-06-27,2022,6,LATO,16.799943042141336,51.523101834767715,7991.321238525667,1884.411566904834
2022-06-27,2022,6,LATO,16.862825112029697,51.523101834767715,10303.014807201598,1881.2454210044057
2022-06-27,2022,6,LATO,16.548414762587868,51.58598390465609,14775.861788027069,1876.2689989447954
2022-06-27,2022,6,LATO,16.611296832476228,51.58598390465609,10421.8419252194,1878.282432675877
2022-06-27,2022,6,LATO,16.674178902364588,51.58598390465609,6073.6684473133355,1879.5779840122627
2022-06-27,2022,6,LATO,16.737060972252976,51.58598390465609,1774.8584868213236,1881.3079070558738
2022-06-27,2022,6,LATO,16.799943042141336,51.58598390465609,2719.712553001884,1884.2960352287705
2022-06-27,2022,6,LATO,16.862825112029697,51.58598390465609,7044.82694867206,1883.6690591576028
2022-06-27,2022,6,LATO,17.114353391583165,51.58598390465609,24462.62268161473,1895.763067898801
2022-06-27,2022,6,LATO,16.42265062281112,51.64886597454445,24338.97944000566,1880.6459113614426
2022-06-27,2022,6,LATO,16.485532692699508,51.64886597454445,20173.23421265138,1881.7804987706547
2022-06-27,2022,6,LATO,16.548414762587868,51.64886597454445,16107.953383748198,1872.9492256894762
2022-06-27,2022,6,LATO,16.611296832476228,51.64886597454445,12243.626482151323,1875.3386766270557
2022-06-27,2022,6,LATO,16.674178902364588,51.64886597454445,8847.607758318938,1879.4566076776778
2022-06-27,2022,6,LATO,16.737060972252976,51.64886597454445,6677.390119064138,1874.7959050767008
2022-06-27,2022,6,LATO,16.799943042141336,51.64886597454445,6987.72966599558,1868.0352684355807
2022-06-27,2022,6,LATO,16.862825112029697,51.64886597454445,9539.532909913665,1877.512731904053
2022-06-27,2022,6,LATO,16.925707181918057,51.64886597454445,13080.925520782024,1880.9907343957086
2022-06-27,2022,6,LATO,16.988589251806417,51.64886597454445,17004.47180573391,1889.506873979869
2022-06-27,2022,6,LATO,17.051471321694805,51.64886597454445,21098.031402754626,1892.1570389657345
2022-06-27,2022,6,LATO,16.485532692699508,51.711748044432824,23362.235077791953,1874.5765598274968
2022-06-27,2022,6,LATO,16.548414762587868,51.711748044432824,19962.59036828338,1871.5216750606264
2022-06-27,2022,6,LATO,16.611296832476228,51.711748044432824,17002.85277253168,1874.4092895097522
2022-06-27,2022,6,LATO,16.674178902364588,51.711748044432824,14750.256086804378,1876.60322122706
2022-06-27,2022,6,LATO,16.737060972252976,51.711748044432824,13561.862643551867,1883.4113225592776
2022-06-27,2022,6,LATO,16.799943042141336,51.711748044432824,13717.108798846582,1883.5551757812864
2022-06-27,2022,6,LATO,16.862825112029697,51.711748044432824,15174.812763731501,1878.8865730660764
2022-06-27,2022,6,LATO,16.925707181918057,51.711748044432824,17614.53506315774,1884.1421861792169
2022-06-27,2022,6,LATO,16.988589251806417,51.711748044432824,20691.781140070114,1890.2021508406199
2022-06-27,2022,6,LATO,17.051471321694805,51.711748044432824,24164.20381730272,1893.2129474797514
2022-06-27,2022,6,LATO,16.611296832476228,51.774630114321184,22938.830904271606,1875.159790039131
2022-06-27,2022,6,LATO,16.674178902364588,51.774630114321184,21325.155889422454,1875.2046838951758
2022-06-27,2022,6,LATO,16.737060972252976,51.774630114321184,20522.256263071482,1885.3608557681125
2022-06-27,2022,6,LATO,16.799943042141336,51.774630114321184,20625.035412925725,1884.8086930447323
2022-06-27,2022,6,LATO,16.862825112029697,51.774630114321184,21620.581268314785,1877.7874367662212
2022-06-27,2022,6,LATO,16.925707181918057,51.774630114321184,23395.200733003247,1893.5408686932478
2022-07-04,2022,7,LATO,16.929208957417515,51.65236775004391,13485.612600907245,1872.8101747419496
2022-07-04,2022,7,LATO,16.992091027305875,51.65236775004391,17378.330580821977,1872.885006785983
2022-07-04,2022,7,LATO,17.05497309719425,51.65236775004391,21449.51032645465,1872.8850229737443
2022-07-04,2022,7,LATO,16.929208957417515,51.71524981993227,18068.40211024761,1871.3103189975366
2022-07-04,2022,7,LATO,16.992091027305875,51.71524981993227,21129.253707015116,1871.7350504064123
2022-07-04,2022,7,LATO,17.05497309719425,51.71524981993227,24582.54703872513,1872.6100869116096
2022-07-04,2022,7,LATO,16.866326887529155,51.77813188982064,22067.825998990276,1878.4313295145078
2022-07-04,2022,7,LATO,16.929208957417515,51.77813188982064,23853.198376497356,1874.6158026067915
2022-07-18,2022,7,LATO,16.74056274775242,51.397337694990995,21573.95819268799,1856.6965267031476
2022-07-18,2022,7,LATO,16.80344481764078,51.397337694990995,21721.510866786535,1859.1573387658352
2022-07-18,2022,7,LATO,16.866326887529155,51.397337694990995,22723.454514856738,1870.3757309758585
2022-07-18,2022,7,LATO,16.929208957417515,51.397337694990995,24475.085109585685,1869.4442369597289
2022-07-18,2022,7,LATO,16.74056274775242,51.460219764879355,14601.221303591914,1877.6507645427646
2022-07-18,2022,7,LATO,16.80344481764078,51.460219764879355,14818.071988076592,1877.957269749722
2022-07-18,2022,7,LATO,16.866326887529155,51.460219764879355,16249.477297498555,1877.9971923827832
2022-07-18,2022,7,LATO,16.929208957417515,51.460219764879355,18617.372092933372,1855.1828825613968
2022-07-18,2022,7,LATO,16.992091027305875,51.460219764879355,21616.16010682343,1854.8947885683758
2022-07-18,2022,7,LATO,16.80344481764078,51.523101834767715,8075.651649937705,1843.0005587279609
2022-07-18,2022,7,LATO,16.866326887529155,51.523101834767715,10470.211718879696,1844.8695705305227
2022-07-18,2022,7,LATO,16.929208957417515,51.523101834767715,13859.040087329411,1843.459310850143
2022-07-18,2022,7,LATO,16.992091027305875,51.523101834767715,17679.33982619234,1842.3108825259178
2022-07-18,2022,7,LATO,17.05497309719425,51.523101834767715,21704.456153907067,1835.229136968729
2022-07-18,2022,7,LATO,16.74056274775242,51.58598390465609,1545.2607631434475,1837.7147276014957
2022-07-18,2022,7,LATO,16.80344481764078,51.58598390465609,2958.024763175277,1837.7147272349825
2022-07-18,2022,7,LATO,16.866326887529155,51.58598390465609,7286.839225247103,1838.8725686339933
2022-07-18,2022,7,LATO,16.929208957417515,51.58598390465609,11637.531703255183,1849.6365905574792
2022-07-18,2022,7,LATO,16.992091027305875,51.58598390465609,15992.254510128687,1850.1377254790698
2022-07-18,2022,7,LATO,17.05497309719425,51.58598390465609,20348.4180571115,1848.4971096975478
2022-07-18,2022,7,LATO,17.11785516708261,51.58598390465609,24705.257869537152,1846.8989472818173
2022-07-18,2022,7,LATO,16.866326887529155,51.64886597454445,9719.379257419387,1841.9894844604703
2022-07-18,2022,7,LATO,16.929208957417515,51.64886597454445,13292.35500008308,1841.9894980116837
2022-07-18,2022,7,LATO,16.992091027305875,51.64886597454445,17229.062329563643,1841.9894981215925
2022-07-18,2022,7,LATO,16.677680677864046,51.774630114321184,21257.858795324755,1871.7806276297342
2022-07-18,2022,7,LATO,16.74056274775242,51.774630114321184,20503.75270406401,1871.7806549084096
2022-07-19,2022,7,LATO,16.614798607975686,51.397337694990995,23813.608073704934,1873.6718724624486
2022-07-19,2022,7,LATO,16.677680677864046,51.397337694990995,22297.764124350146,1854.4857735778546
2022-07-19,2022,7,LATO,16.74056274775242,51.397337694990995,21573.95819268799,1852.0634117405025
2022-07-19,2022,7,LATO,16.80344481764078,51.397337694990995,21721.510866786535,1857.9159080420743
2022-07-19,2022,7,LATO,16.866326887529155,51.397337694990995,22723.454514856738,1859.512718504721
2022-07-19,2022,7,LATO,16.929208957417515,51.397337694990995,24475.085109585685,1861.0319788536776
2022-07-19,2022,7,LATO,16.489034468198952,51.460219764879355,23845.008232145603,1878.4556211376685
2022-07-19,2022,7,LATO,16.551916538087312,51.460219764879355,20557.26317336872,1877.6847497260544
2022-07-19,2022,7,LATO,16.614798607975686,51.460219764879355,17740.02485160034,1867.2961418712448
2022-07-19,2022,7,LATO,16.677680677864046,51.460219764879355,15649.495259100015,1868.1537730524349
2022-07-19,2022,7,LATO,16.74056274775242,51.460219764879355,14601.221303591914,1871.914534516039
2022-07-19,2022,7,LATO,16.80344481764078,51.460219764879355,14818.071988076592,1866.1309194063138
2022-07-19,2022,7,LATO,16.866326887529155,51.460219764879355,16249.477297498555,1864.6611020340006
2022-07-19,2022,7,LATO,16.929208957417515,51.460219764879355,18617.372092933372,1877.0805599926223
2022-07-19,2022,7,LATO,16.992091027305875,51.460219764879355,21616.16010682343,1881.0888671874711
2022-07-19,2022,7,LATO,16.426152398310577,51.523101834767715,24445.17845883048,1866.1456630480207
2022-07-19,2022,7,LATO,16.489034468198952,51.523101834767715,20340.743005335,1867.9105691918119
2022-07-19,2022,7,LATO,16.551916538087312,51.523101834767715,16369.578958925387,1868.604759332513
2022-07-19,2022,7,LATO,16.614798607975686,51.523101834767715,12657.754103499872,1856.9788417553243
2022-07-19,2022,7,LATO,16.677680677864046,51.523101834767715,9513.821540943849,1861.746455374683
2022-07-19,2022,7,LATO,16.74056274775242,51.523101834767715,7671.070689869811,1868.9829161543496
2022-07-19,2022,7,LATO,16.80344481764078,51.523101834767715,8075.651649937705,1859.5006395525572
2022-07-19,2022,7,LATO,16.866326887529155,51.523101834767715,10470.211718879696,1859.7084672574304
2022-07-19,2022,7,LATO,16.929208957417515,51.523101834767715,13859.040087329411,1874.5340142150587
2022-07-19,2022,7,LATO,16.992091027305875,51.523101834767715,17679.33982619234,1870.0465972539307
2022-07-19,2022,7,LATO,17.05497309719425,51.523101834767715,21704.456153907067,1858.5800448095888
2022-07-19,2022,7,LATO,16.426152398310577,51.58598390465609,23245.79847840675,1866.2865931802128
2022-07-19,2022,7,LATO,16.489034468198952,51.58598390465609,18889.13814833376,1863.032739402213
2022-07-19,2022,7,LATO,16.551916538087312,51.58598390465609,14533.331045684508,1858.650851267817
2022-07-19,2022,7,LATO,16.614798607975686,51.58598390465609,10179.47780848882,1855.7092187903247
2022-07-19,2022,7,LATO,16.677680677864046,51.58598390465609,5831.962883563788,1869.2456416780115
2022-07-19,2022,7,LATO,16.74056274775242,51.58598390465609,1545.2607631434475,1869.0269664966092
2022-07-19,2022,7,LATO,16.80344481764078,51.58598390465609,2958.024763175277,1857.910427312207
2022-07-19,2022,7,LATO,16.866326887529155,51.58598390465609,7286.839225247103,1867.3888839272347
2022-07-19,2022,7,LATO,16.929208957417515,51.58598390465609,11637.531703255183,1882.2372200034508
2022-07-19,2022,7,LATO,16.992091027305875,51.58598390465609,15992.254510128687,1877.1119872052675
2022-07-19,2022,7,LATO,17.05497309719425,51.58598390465609,20348.4180571115,1872.1463815012462
2022-07-19,2022,7,LATO,17.11785516708261,51.58598390465609,24705.257869537152,1879.044694459348
2022-07-19,2022,7,LATO,16.426152398310577,51.64886597454445,24105.23793976072,1880.2231445311845
2022-07-19,2022,7,LATO,16.489034468198952,51.64886597454445,19943.63009478907,1867.223919391331
2022-07-19,2022,7,LATO,16.551916538087312,51.64886597454445,15886.081924716762,1857.0705964063768
2022-07-19,2022,7,LATO,16.614798607975686,51.64886597454445,12038.283355681328,1869.3360941138958
2022-07-19,2022,7,LATO,16.677680677864046,51.64886597454445,8683.69074994786,1873.6928710936886
2022-07-19,2022,7,LATO,16.74056274775242,51.64886597454445,6620.143809888704,1864.5116526452125
2022-07-19,2022,7,LATO,16.80344481764078,51.64886597454445,7083.753610177349,1865.921406996698
2022-07-19,2022,7,LATO,16.866326887529155,51.64886597454445,9719.379257419387,1886.806266554471
2022-07-19,2022,7,LATO,16.929208957417515,51.64886597454445,13292.35500008308,1885.51694516089
2022-07-19,2022,7,LATO,16.992091027305875,51.64886597454445,17229.062329563643,1883.8863641033583
2022-07-19,2022,7,LATO,17.05497309719425,51.64886597454445,21329.038621440097,1880.5131503903608
2022-07-19,2022,7,LATO,16.489034468198952,51.711748044432824,23164.537143974856,1862.586456038028
2022-07-19,2022,7,LATO,16.551916538087312,51.711748044432824,19784.24325381317,1860.4464383532716
2022-07-19,2022,7,LATO,16.614798607975686,51.711748044432824,16855.793913467194,1866.759241801514
2022-07-19,2022,7,LATO,16.677680677864046,51.711748044432824,14652.657108918882,1867.6638274762556
2022-07-19,2022,7,LATO,16.74056274775242,51.711748044432824,13533.807197637847,1868.4770780752724
2022-07-19,2022,7,LATO,16.80344481764078,51.711748044432824,13766.20506055445,1878.5739542027657
2022-07-19,2022,7,LATO,16.866326887529155,51.711748044432824,15288.354581972251,1881.2811279296586
2022-07-19,2022,7,LATO,16.929208957417515,51.711748044432824,17771.89379757152,1885.192093279755
2022-07-19,2022,7,LATO,16.992091027305875,51.711748044432824,20876.486494360677,1884.8288423881286
2022-07-19,2022,7,LATO,17.05497309719425,51.711748044432824,24365.88064045875,1877.7493605034092
2022-07-19,2022,7,LATO,16.614798607975686,51.774630114321184,22830.191850846997,1859.8996459705463
2022-07-19,2022,7,LATO,16.677680677864046,51.774630114321184,21257.858795324755,1865.6377221391656
2022-07-19,2022,7,LATO,16.74056274775242,51.774630114321184,20503.75270406401,1868.8274558125036
2022-07-19,2022,7,LATO,16.80344481764078,51.774630114321184,20657.67515407771,1876.7253136788713
2022-07-19,2022,7,LATO,16.866326887529155,51.774630114321184,21700.312866428067,1878.328919339346
2022-07-19,2022,7,LATO,16.929208957417515,51.774630114321184,23513.741779763972,1882.5447640203
2022-07-20,2022,7,LATO,16.62180215897459,51.40083947049044,23254.847095681358,1854.389454343008
2022-07-20,2022,7,LATO,16.68468422886295,51.40083947049044,21797.786666906275,1871.0251622421972
2022-07-20,2022,7,LATO,16.747566298751323,51.40083947049044,21157.48578886168,1871.9738997166965
2022-07-20,2022,7,LATO,16.810448368639683,51.40083947049044,21407.357711274257,1855.4738769530964
2022-07-20,2022,7,LATO,16.873330438528058,51.40083947049044,22517.788621954765,1855.5191494725734
2022-07-20,2022,7,LATO,16.936212508416418,51.40083947049044,24371.434013873666,1873.9304523790177
2022-07-20,2022,7,LATO,16.62180215897459,51.4637215403788,17142.72219448327,1860.7301058444511
2022-07-20,2022,7,LATO,16.68468422886295,51.4637215403788,15110.213652159038,1870.156863903862
2022-07-20,2022,7,LATO,16.747566298751323,51.4637215403788,14172.226558074315,1867.9644049556953
2022-07-20,2022,7,LATO,16.810448368639683,51.4637215403788,14542.116957387956,1850.499879100828
2022-07-20,2022,7,LATO,16.873330438528058,51.4637215403788,16130.160751311088,1852.337131475633
2022-07-20,2022,7,LATO,16.936212508416418,51.4637215403788,18627.36911498288,1879.5761408919382
2022-07-20,2022,7,LATO,16.999094578304778,51.4637215403788,21722.42063875436,1879.504703618068
2022-07-20,2022,7,LATO,16.68468422886295,51.52660361026717,8909.73997268753,1852.5230178959262
2022-07-20,2022,7,LATO,16.747566298751323,51.52660361026717,7207.957664413257,1852.3506380925896
2022-07-20,2022,7,LATO,16.810448368639683,51.52660361026717,7909.564677749198,1852.1528565532374
2022-07-20,2022,7,LATO,16.873330438528058,51.52660361026717,10545.29493488944,1869.0653452920353
2022-07-20,2022,7,LATO,16.936212508416418,51.52660361026717,14067.012187618657,1869.1231793902211
2022-07-20,2022,7,LATO,16.999094578304778,51.52660361026717,17960.898941674182,1860.3224425220826
2022-07-20,2022,7,LATO,17.061976648193152,51.52660361026717,22030.48594812989,1845.739771443009
2022-07-20,2022,7,LATO,16.68468422886295,51.58948568015553,5323.667900434454,1853.474676542401
2022-07-20,2022,7,LATO,16.747566298751323,51.58948568015553,974.8417627006842,1852.9285965854103
2022-07-20,2022,7,LATO,16.810448368639683,51.58948568015553,3397.398115693825,1861.4211494785832
2022-07-20,2022,7,LATO,16.873330438528058,51.58948568015553,7753.542711059396,1874.77981009427
2022-07-20,2022,7,LATO,16.936212508416418,51.58948568015553,12110.970744816213,1873.364970470403
2022-07-20,2022,7,LATO,16.999094578304778,51.58948568015553,16468.661553650425,1857.9572509021436
2022-07-20,2022,7,LATO,17.061976648193152,51.58948568015553,20826.447979074637,1852.2093554870887
2022-07-20,2022,7,LATO,16.43315594930948,51.65236775004391,23746.876904474848,1866.323500982929
2022-07-20,2022,7,LATO,16.62180215897459,51.65236775004391,11852.39089704791,1858.4337780185494
2022-07-20,2022,7,LATO,16.68468422886295,51.65236775004391,8671.52350166808,1860.4522104912608
2022-07-20,2022,7,LATO,16.747566298751323,51.65236775004391,6916.800965883156,1859.386585308841
2022-07-20,2022,7,LATO,16.810448368639683,51.65236775004391,7643.261730039364,1876.6239924951417
2022-07-20,2022,7,LATO,16.873330438528058,51.65236775004391,10340.568804494884,1876.9070560239743
2022-07-20,2022,7,LATO,16.936212508416418,51.65236775004391,13905.608612355578,1861.5867069931096
2022-07-20,2022,7,LATO,16.999094578304778,51.65236775004391,17825.126315195066,1861.6757250063513
2022-07-20,2022,7,LATO,17.061976648193152,51.65236775004391,21909.69614978755,1865.3030455528371
2022-07-20,2022,7,LATO,16.496038019197854,51.71524981993227,23003.54307865302,1880.2178484953445
2022-07-20,2022,7,LATO,16.558920089086214,51.71524981993227,19703.132054140966,1880.2181417030756
2022-07-20,2022,7,LATO,16.62180215897459,51.71524981993227,16886.14595867417,1856.1312313932042
2022-07-20,2022,7,LATO,16.68468422886295,51.71524981993227,14830.66332409721,1857.2321549398746
2022-07-20,2022,7,LATO,16.747566298751323,51.71524981993227,13879.239392912077,1863.0862889810817
2022-07-20,2022,7,LATO,16.810448368639683,51.71524981993227,14254.681815939919,1875.6403808593461
2022-07-20,2022,7,LATO,16.873330438528058,51.71524981993227,15863.05856535995,1875.6775785363088
2022-07-20,2022,7,LATO,16.936212508416418,51.71524981993227,18383.56382484432,1860.5642633363468
2022-07-20,2022,7,LATO,16.999094578304778,51.71524981993227,21497.728617851728,1860.911181320785
2022-07-20,2022,7,LATO,16.62180215897459,51.77813188982064,22971.878534836967,1857.4250483963012
2022-07-20,2022,7,LATO,16.68468422886295,51.77813188982064,21508.238461283257,1867.3817664101464
2022-07-20,2022,7,LATO,16.747566298751323,51.77813188982064,20864.489387353173,1875.2548364151628
2022-07-20,2022,7,LATO,16.810448368639683,51.77813188982064,21115.750942875457,1875.2732881494414
2022-07-20,2022,7,LATO,16.873330438528058,51.77813188982064,22231.698224910313,1858.9517934843502
2022-07-20,2022,7,LATO,16.936212508416418,51.77813188982064,24092.475808748924,1856.5518804585436
2022-07-21,2022,7,LATO,17.058474872693694,51.52660361026717,21800.896834026396,1843.7603246111294
2022-07-21,2022,7,LATO,17.058474872693694,51.58948568015553,20583.770219831662,1848.5168420483071
2022-07-21,2022,7,LATO,16.93271073291696,51.65236775004391,13695.073376721579,1854.4682765212444
2022-07-21,2022,7,LATO,16.995592802805334,51.65236775004391,17601.475417570262,1859.3175043800638
2022-07-21,2022,7,LATO,17.058474872693694,51.65236775004391,21679.46783056369,1860.068273825792
2022-07-21,2022,7,LATO,16.93271073291696,51.71524981993227,18225.052920267543,1854.7124170718478
2022-07-21,2022,7,LATO,16.995592802805334,51.71524981993227,21312.909613572112,1854.4682617187216
2022-07-21,2022,7,LATO,17.058474872693694,51.71524981993227,24783.174159753296,1858.034496403247
2022-07-21,2022,7,LATO,16.8698286630286,51.77813188982064,22148.589657581215,1858.7543148429422
2022-07-21,2022,7,LATO,16.93271073291696,51.77813188982064,23971.91232059278,1857.7504609433247
2022-07-21,2022,7,LATO,16.929208957417515,51.397337694990995,24475.085109585685,1845.226414409045
2022-07-21,2022,7,LATO,16.929208957417515,51.460219764879355,18617.372092933372,1843.0926340888027
2022-07-21,2022,7,LATO,16.992091027305875,51.460219764879355,21616.16010682343,1842.850416399876
2022-07-21,2022,7,LATO,16.866326887529155,51.523101834767715,10470.211718879696,1847.628957947965
2022-07-21,2022,7,LATO,16.929208957417515,51.523101834767715,13859.040087329411,1847.9019218573446
2022-07-21,2022,7,LATO,16.992091027305875,51.523101834767715,17679.33982619234,1848.514941391755
2022-07-21,2022,7,LATO,17.05497309719425,51.523101834767715,21704.456153907067,1849.7409735011067
2022-07-21,2022,7,LATO,16.866326887529155,51.58598390465609,7286.839225247103,1853.4559882853337
2022-07-21,2022,7,LATO,16.929208957417515,51.58598390465609,11637.531703255183,1853.9859701195858
2022-07-21,2022,7,LATO,16.992091027305875,51.58598390465609,15992.254510128687,1854.2997633788334
2022-07-21,2022,7,LATO,17.05497309719425,51.58598390465609,20348.4180571115,1854.9192769457982
2022-07-21,2022,7,LATO,17.11785516708261,51.58598390465609,24705.257869537152,1855.2260581407281
2022-07-21,2022,7,LATO,16.866326887529155,51.64886597454445,9719.379257419387,1861.244036933685
2022-07-21,2022,7,LATO,16.929208957417515,51.64886597454445,13292.35500008308,1861.2819193518496
2022-07-21,2022,7,LATO,16.992091027305875,51.64886597454445,17229.062329563643,1861.3023598883603
2022-07-21,2022,7,LATO,17.05497309719425,51.64886597454445,21329.038621440097,1861.343159521478
2022-07-21,2022,7,LATO,16.866326887529155,51.711748044432824,15288.354581972251,1861.613165302739
2022-07-21,2022,7,LATO,16.929208957417515,51.711748044432824,17771.89379757152,1861.6131605209914
2022-07-21,2022,7,LATO,16.992091027305875,51.711748044432824,20876.486494360677,1861.6131647973912
2022-07-21,2022,7,LATO,17.05497309719425,51.711748044432824,24365.88064045875,1861.613166358602
2022-07-24,2022,7,LATO,16.61830038347513,51.397337694990995,23710.60014086185,1878.2183950811543
2022-07-24,2022,7,LATO,16.681182453363505,51.397337694990995,22235.53518171416,1867.9097661862893
2022-07-24,2022,7,LATO,16.744064523251865,51.397337694990995,21558.95448040664,1868.0618896483722
2022-07-24,2022,7,LATO,16.80694659314024,51.397337694990995,21755.481732549466,1880.8928675670952
2022-07-24,2022,7,LATO,16.8698286630286,51.397337694990995,22802.55345364161,1879.7644314019544
2022-07-24,2022,7,LATO,16.93271073291696,51.397337694990995,24591.76613367937,1868.0729588425968
2022-07-24,2022,7,LATO,16.492536243698396,51.460219764879355,23652.766546153474,1885.3839016376955
2022-07-24,2022,7,LATO,16.55541831358677,51.460219764879355,20386.054346837347,1870.7308473397854
2022-07-24,2022,7,LATO,16.61830038347513,51.460219764879355,17601.69946938607,1870.8703951264974
2022-07-24,2022,7,LATO,16.681182453363505,51.460219764879355,15560.824003109132,1871.6516686344241
2022-07-24,2022,7,LATO,16.744064523251865,51.460219764879355,14579.07397840399,1874.1748305366632
2022-07-24,2022,7,LATO,16.80694659314024,51.460219764879355,14867.7564382196,1880.926324047289
2022-07-24,2022,7,LATO,16.8698286630286,51.460219764879355,16359.75648238907,1852.22243899453
2022-07-24,2022,7,LATO,16.93271073291696,51.460219764879355,18770.29205208698,1846.8525513679508
2022-07-24,2022,7,LATO,16.995592802805334,51.460219764879355,21796.717556000734,1850.4265086727592
2022-07-24,2022,7,LATO,16.429654173810036,51.523101834767715,24214.251621788142,1882.288203694977
2022-07-24,2022,7,LATO,16.492536243698396,51.523101834767715,20115.35049398837,1868.6305104155354
2022-07-24,2022,7,LATO,16.55541831358677,51.523101834767715,16154.345848364019,1867.93838118345
2022-07-24,2022,7,LATO,16.61830038347513,51.523101834767715,12463.418259525828,1875.3428855117768
2022-07-24,2022,7,LATO,16.681182453363505,51.523101834767715,9367.451208803312,1877.5349169502556
2022-07-24,2022,7,LATO,16.744064523251865,51.523101834767715,7628.889089657703,1878.9196777343093
2022-07-24,2022,7,LATO,16.80694659314024,51.523101834767715,8166.336187910408,1864.831072224372
2022-07-24,2022,7,LATO,16.8698286630286,51.523101834767715,10640.324988993543,1857.0426977671848
2022-07-24,2022,7,LATO,16.93271073291696,51.523101834767715,14063.515177747026,1855.3277057467712
2022-07-24,2022,7,LATO,16.995592802805334,51.523101834767715,17899.3520168415,1846.5889855136384
2022-07-24,2022,7,LATO,17.058474872693694,51.523101834767715,21932.383253692507,1841.647583007844
2022-07-24,2022,7,LATO,16.429654173810036,51.58598390465609,23003.170735735486,1890.5513749927215
2022-07-24,2022,7,LATO,16.492536243698396,51.58598390465609,18646.544048773227,1847.8126801825672
2022-07-24,2022,7,LATO,16.55541831358677,51.58598390465609,14290.805819510657,1852.7066582317668
2022-07-24,2022,7,LATO,16.61830038347513,51.58598390465609,9937.129767820397,1872.2351617500576
2022-07-24,2022,7,LATO,16.681182453363505,51.58598390465609,5590.342935110827,1876.354038836347
2022-07-24,2022,7,LATO,16.744064523251865,51.58598390465609,1320.3558216061588,1876.8701101374206
2022-07-24,2022,7,LATO,16.80694659314024,51.58598390465609,3196.9962586666425,1872.735152791899
2022-07-24,2022,7,LATO,16.8698286630286,51.58598390465609,7528.895363735473,1869.895025617324
2022-07-24,2022,7,LATO,16.93271073291696,51.58598390465609,11879.972471040981,1889.015364086854
2022-07-24,2022,7,LATO,16.995592802805334,51.58598390465609,16234.81333841376,1888.5668247537947
2022-07-24,2022,7,LATO,17.058474872693694,51.58598390465609,20591.027888628974,1873.435435072485
2022-07-24,2022,7,LATO,16.61830038347513,51.64886597454445,11834.347491627235,1866.387286315481
2022-07-24,2022,7,LATO,16.681182453363505,51.64886597454445,8523.52303610304,1885.7389712868357
2022-07-24,2022,7,LATO,16.744064523251865,51.64886597454445,6571.355000743566,1884.8603182814786
2022-07-24,2022,7,LATO,16.80694659314024,51.64886597454445,7186.682275987507,1878.670359537487
2022-07-24,2022,7,LATO,16.8698286630286,51.64886597454445,9901.89961710556,1884.2533203482017
2022-07-24,2022,7,LATO,16.93271073291696,51.64886597454445,13504.829802579732,1892.504197229084
2022-07-24,2022,7,LATO,16.995592802805334,51.64886597454445,17454.132845040418,1891.454947603295
2022-07-24,2022,7,LATO,17.058474872693694,51.64886597454445,21560.29881117445,1887.0548092444405
2022-07-24,2022,7,LATO,16.61830038347513,51.711748044432824,16710.955970386967,1888.6469219193073
2022-07-24,2022,7,LATO,16.681182453363505,51.711748044432824,14558.438818350498,1885.6955957337652
2022-07-24,2022,7,LATO,16.744064523251865,51.711748044432824,13510.041838141251,1880.0336135336738
2022-07-24,2022,7,LATO,16.80694659314024,51.711748044432824,13819.377850362955,1877.3674121547085
2022-07-24,2022,7,LATO,16.8698286630286,51.711748044432824,15404.872738907154,1884.585172834608
2022-07-24,2022,7,LATO,16.93271073291696,51.711748044432824,17931.147417861754,1888.0075638060148
2022-07-24,2022,7,LATO,16.995592802805334,51.711748044432824,21062.360850154735,1890.3005442641388
2022-07-24,2022,7,LATO,17.058474872693694,51.711748044432824,24568.292713676423,1884.0472009735593
2022-07-24,2022,7,LATO,16.55541831358677,51.774630114321184,24928.00932820743,1877.4473055529654
2022-07-24,2022,7,LATO,16.61830038347513,51.774630114321184,22723.614775663435,1891.8273925781941
2022-07-24,2022,7,LATO,16.681182453363505,51.774630114321184,21193.115840949748,1884.5895765879816
2022-07-24,2022,7,LATO,16.744064523251865,51.774630114321184,20488.095548188106,1878.2716725732246
2022-07-24,2022,7,LATO,16.80694659314024,51.774630114321184,20693.098154451836,1882.1087883462344
2022-07-24,2022,7,LATO,16.8698286630286,51.774630114321184,21782.445554587666,1881.7837901364048
2022-07-24,2022,7,LATO,16.93271073291696,51.774630114321184,23634.170167123582,1885.2423554584682
2022-07-25,2022,7,LATO,16.61830038347513,51.40083947049044,23357.325009271568,1882.2513133700431
2022-07-25,2022,7,LATO,16.681182453363505,51.40083947049044,21858.551501215836,1893.5137939453814
2022-07-25,2022,7,LATO,16.744064523251865,51.40083947049044,21169.97948026083,1893.5387672959
2022-07-25,2022,7,LATO,16.80694659314024,51.40083947049044,21370.06897100889,1874.7557269845756
2022-07-25,2022,7,LATO,16.8698286630286,51.40083947049044,22435.0560994152,1874.2221659487557
2022-07-25,2022,7,LATO,16.93271073291696,51.40083947049044,24251.263556444006,1885.4821486893845
2022-07-25,2022,7,LATO,16.492536243698396,51.4637215403788,23414.899936381134,1888.7795375368294
2022-07-25,2022,7,LATO,16.55541831358677,51.4637215403788,20109.85804646847,1874.3518745497695
2022-07-25,2022,7,LATO,16.61830038347513,51.4637215403788,17281.293111147876,1883.6837597335923
2022-07-25,2022,7,LATO,16.681182453363505,51.4637215403788,15197.621096555067,1906.0235757752855
2022-07-25,2022,7,LATO,16.744064523251865,51.4637215403788,14190.84584916038,1897.035241029413
2022-07-25,2022,7,LATO,16.80694659314024,51.4637215403788,14487.243995223931,1876.1154021182329
2022-07-25,2022,7,LATO,16.8698286630286,51.4637215403788,16014.622221210599,1876.601499584849
2022-07-25,2022,7,LATO,16.93271073291696,51.4637215403788,18470.080696861653,1884.2184444995685
2022-07-25,2022,7,LATO,16.995592802805334,51.4637215403788,21538.512564881104,1884.6682278942033
2022-07-25,2022,7,LATO,16.429654173810036,51.52660361026717,24095.052840796863,1900.520014198699
2022-07-25,2022,7,LATO,16.492536243698396,51.52660361026717,19972.051812045833,1869.808573066405
2022-07-25,2022,7,LATO,16.55541831358677,51.52660361026717,15975.901719855694,1869.888498808466
2022-07-25,2022,7,LATO,16.61830038347513,51.52660361026717,12231.57540312029,1894.213975331108
2022-07-25,2022,7,LATO,16.681182453363505,51.52660361026717,9056.98399072358,1887.3792757768745
2022-07-25,2022,7,LATO,16.744064523251865,51.52660361026717,7244.448058339897,1865.7730016248086
2022-07-25,2022,7,LATO,16.80694659314024,51.52660361026717,7808.35931830702,1872.1172902649303
2022-07-25,2022,7,LATO,16.8698286630286,51.52660361026717,10367.949829927013,1878.0945101964571
2022-07-25,2022,7,LATO,16.93271073291696,51.52660361026717,13858.349421879799,1877.418987248135
2022-07-25,2022,7,LATO,16.995592802805334,51.52660361026717,17738.342418009554,1891.257127206592
2022-07-25,2022,7,LATO,17.058474872693694,51.52660361026717,21800.896834026396,1880.4136603125646
2022-07-25,2022,7,LATO,16.429654173810036,51.58948568015553,22996.49857871793,1870.008719733723
2022-07-25,2022,7,LATO,16.492536243698396,51.58948568015553,18638.68657756391,1868.0660661485406
2022-07-25,2022,7,LATO,16.55541831358677,51.58948568015553,14280.938082559509,1870.5657529823195
2022-07-25,2022,7,LATO,16.61830038347513,51.58948568015553,9923.342104413665,1893.6290650805836
2022-07-25,2022,7,LATO,16.681182453363505,51.58948568015553,5566.263859325466,1886.284094570153
2022-07-25,2022,7,LATO,16.744064523251865,51.58948568015553,1215.305280410641,1865.7680797874295
2022-07-25,2022,7,LATO,16.80694659314024,51.58948568015553,3154.958170320423,1880.5792367039955
2022-07-25,2022,7,LATO,16.8698286630286,51.58948568015553,7510.903373324361,1883.4340420695448
2022-07-25,2022,7,LATO,16.93271073291696,51.58948568015553,11868.30475862019,1891.2808281920056
2022-07-25,2022,7,LATO,16.995592802805334,51.58948568015553,16225.987294598535,1896.3597263037757
2022-07-25,2022,7,LATO,17.058474872693694,51.58948568015553,20583.770219831662,1893.1676475851948
2022-07-25,2022,7,LATO,16.429654173810036,51.65236775004391,23979.18804702071,1886.031330053329
2022-07-25,2022,7,LATO,16.492536243698396,51.65236775004391,19844.740657150767,1884.5298622225741
2022-07-25,2022,7,LATO,16.55541831358677,51.65236775004391,15828.974167484621,1896.1393075401581
2022-07-25,2022,7,LATO,16.61830038347513,51.65236775004391,12051.126562228537,1896.2064960954149
2022-07-25,2022,7,LATO,16.744064523251865,51.65236775004391,6954.71461830716,1881.9042020229303
2022-07-25,2022,7,LATO,16.80694659314024,51.65236775004391,7538.772964134258,1883.3669864630688
2022-07-25,2022,7,LATO,16.8698286630286,51.65236775004391,10160.153935915157,1886.0798692127385
2022-07-25,2022,7,LATO,16.93271073291696,51.65236775004391,13695.073376721579,1899.5408511486864
2022-07-25,2022,7,LATO,16.995592802805334,51.65236775004391,17601.475417570262,1899.5722656249704
2022-07-25,2022,7,LATO,17.058474872693694,51.65236775004391,21679.46783056369,1886.122867324747
2022-07-25,2022,7,LATO,16.492536243698396,51.71524981993227,23197.534347607052,1894.645641745801
2022-07-25,2022,7,LATO,16.55541831358677,51.71524981993227,19876.284026855068,1897.0647862625945
2022-07-25,2022,7,LATO,16.61830038347513,51.71524981993227,17026.03367518323,1890.3466153914064
2022-07-25,2022,7,LATO,16.681182453363505,51.71524981993227,14919.219680604592,1881.6331830055128
2022-07-25,2022,7,LATO,16.744064523251865,51.71524981993227,13898.146570305822,1889.4413232908705
2022-07-25,2022,7,LATO,16.80694659314024,51.71524981993227,14199.00697744009,1885.6808843563465
2022-07-25,2022,7,LATO,16.8698286630286,51.71524981993227,15746.209682334471,1888.2154386221662
2022-07-25,2022,7,LATO,16.93271073291696,51.71524981993227,18225.052920267543,1899.1336987852515
2022-07-25,2022,7,LATO,16.995592802805334,51.71524981993227,21312.909613572112,1895.1107701349304
2022-07-25,2022,7,LATO,17.058474872693694,51.71524981993227,24783.174159753296,1885.0084224646407
2022-07-25,2022,7,LATO,16.61830038347513,51.77813188982064,23074.759292339393,1865.3839779863165
2022-07-25,2022,7,LATO,16.681182453363505,51.77813188982064,21569.31171970264,1882.8628006097247
2022-07-25,2022,7,LATO,16.744064523251865,51.77813188982064,20877.053939108304,1884.5951059798763
2022-07-25,2022,7,LATO,16.80694659314024,51.77813188982064,21078.258474183043,1889.298316030143
2022-07-25,2022,7,LATO,16.8698286630286,51.77813188982064,22148.589657581215,1897.3264478989488
2022-07-25,2022,7,LATO,16.93271073291696,51.77813188982064,23971.91232059278,1891.9464159755973
2023-02-09,2023,2,ZIMA,16.63230748547294,51.39033414399208,24040.75037827768,1915.2388820171823
2023-02-09,2023,2,ZIMA,16.695189555361306,51.39033414399208,22774.361202252046,1912.0015178024692
2023-02-09,2023,2,ZIMA,16.758071625249674,51.39033414399208,22305.47501033657,1911.9750213768102
2023-02-09,2023,2,ZIMA,16.883835765026408,51.39033414399208,23868.515249312062,1918.0539401990989
2023-02-09,2023,2,ZIMA,16.50654334569621,51.45321621388044,23396.738235416302,1916.4965751974503
2023-02-09,2023,2,ZIMA,16.569425415584575,51.45321621388044,20298.01174458644,1917.9652648321476
2023-02-09,2023,2,ZIMA,16.63230748547294,51.45321621388044,17740.006059764815,1918.430004291028
2023-02-09,2023,2,ZIMA,16.695189555361306,51.45321621388044,15984.460380881492,1916.9829511459825
2023-02-09,2023,2,ZIMA,16.758071625249674,51.45321621388044,15309.953112466403,1915.9189480912314
2023-02-09,2023,2,ZIMA,16.44366127580784,51.51609828376883,23558.084958616277,1915.1768948853396
2023-02-09,2023,2,ZIMA,16.50654334569621,51.51609828376883,19537.84054011882,1915.6716139313698
2023-02-09,2023,2,ZIMA,16.569425415584575,51.51609828376883,15700.8009096385,1916.460571289021
2023-02-09,2023,2,ZIMA,16.63230748547294,51.51609828376883,12220.773060573265,1916.8336391256848
2023-02-09,2023,2,ZIMA,16.695189555361306,51.51609828376883,9498.617637244897,1917.8078212726277
2023-02-09,2023,2,ZIMA,16.44366127580784,51.57898035365719,22067.09312874936,1908.044718398026
2023-02-09,2023,2,ZIMA,16.50654334569621,51.57898035365719,17718.327792455035,1907.7778742668083
2023-02-09,2023,2,ZIMA,16.569425415584575,51.57898035365719,13375.848816009768,1913.5179865712917
2023-02-09,2023,2,ZIMA,16.63230748547294,51.57898035365719,9048.716728001045,1913.3999399888821
2023-02-09,2023,2,ZIMA,16.695189555361306,51.57898035365719,4778.811626111381,1914.027162912614
2023-02-09,2023,2,ZIMA,16.758071625249674,51.57898035365719,1336.6685605293208,1915.9028426383443
2023-02-09,2023,2,ZIMA,16.82095369513804,51.57898035365719,4327.607486410343,1916.2477942474445
2023-02-09,2023,2,ZIMA,16.883835765026408,51.57898035365719,8582.63182821231,1923.954231591834
2023-02-09,2023,2,ZIMA,16.44366127580784,51.64186242354555,22733.774236944053,1920.467492012896
2023-02-09,2023,2,ZIMA,16.50654334569621,51.64186242354555,18548.47434255549,1919.8411089560548
2023-02-09,2023,2,ZIMA,16.569425415584575,51.64186242354555,14463.97307729854,1914.5095415259957
2023-02-09,2023,2,ZIMA,16.63230748547294,51.64186242354555,10597.473779019278,1912.8935782255098
2023-02-09,2023,2,ZIMA,16.695189555361306,51.64186242354555,7303.820656026393,1911.7869551238405
2023-02-09,2023,2,ZIMA,16.758071625249674,51.64186242354555,5685.470440609392,1911.6021908680154
2023-02-09,2023,2,ZIMA,16.82095369513804,51.64186242354555,7017.3089844368305,1924.8735059274711
2023-02-09,2023,2,ZIMA,16.883835765026408,51.64186242354555,10202.945413633863,1925.886892152274
2023-02-09,2023,2,ZIMA,16.94671783491477,51.64186242354555,14031.998661490588,1924.0973883435001
2023-02-09,2023,2,ZIMA,17.00959990480314,51.64186242354555,18100.64101576137,1923.9586810185917
2023-02-09,2023,2,ZIMA,17.072481974691506,51.64186242354555,22277.9856371743,1928.7827951372644
2023-02-09,2023,2,ZIMA,16.50654334569621,51.70474449343391,21726.73189986778,1920.9851635330385
2023-02-09,2023,2,ZIMA,16.569425415584575,51.70474449343391,18368.400870511905,1914.574431383197
2023-02-09,2023,2,ZIMA,16.63230748547294,51.70474449343391,15512.327393546435,1915.72851562507
2023-02-09,2023,2,ZIMA,16.695189555361306,51.70474449343391,13481.59372237837,1913.5091634060175
2023-02-09,2023,2,ZIMA,16.758071625249674,51.70474449343391,12679.166548422323,1912.052409969432
2023-02-09,2023,2,ZIMA,16.82095369513804,51.70474449343391,13328.76158161471,1923.2625461738241
2023-02-09,2023,2,ZIMA,16.883835765026408,51.70474449343391,15245.895114827508,1929.3253402083853
2023-02-09,2023,2,ZIMA,16.94671783491477,51.70474449343391,18030.686749865705,1928.8971842889216
2023-02-09,2023,2,ZIMA,17.00959990480314,51.70474449343391,21346.215108421282,1924.8744844632597
2023-02-09,2023,2,ZIMA,16.569425415584575,51.767626563322295,23737.980709715666,1903.874595652411
2023-02-09,2023,2,ZIMA,16.63230748547294,51.767626563322295,21606.947002294517,1907.3795700823637
2023-02-09,2023,2,ZIMA,16.695189555361306,51.767626563322295,20200.56706752922,1912.8267488709812
2023-02-09,2023,2,ZIMA,16.758071625249674,51.767626563322295,19674.85473951676,1925.7911355972112
2023-02-09,2023,2,ZIMA,16.82095369513804,51.767626563322295,20099.032512508216,1926.178570770875
2023-02-09,2023,2,ZIMA,16.883835765026408,51.767626563322295,21416.735201237527,1922.4047191037482
2023-02-09,2023,2,ZIMA,16.94671783491477,51.767626563322295,23477.99608168023,1921.1153770222777
2023-02-09,2023,2,ZIMA,16.62880570997349,51.39033414399208,24132.56253846387,1900.9411053986262
2023-02-09,2023,2,ZIMA,16.69168777986186,51.39033414399208,22824.767038267706,1901.39163483956
2023-02-09,2023,2,ZIMA,16.75456984975022,51.39033414399208,22309.375774318905,1901.6169444429383
2023-02-09,2023,2,ZIMA,16.817451919638586,51.39033414399208,22640.567670053617,1901.2418325264487
2023-02-09,2023,2,ZIMA,16.880333989526953,51.39033414399208,23783.002108405184,1897.475346256382
2023-02-09,2023,2,ZIMA,16.565923640085124,51.45321621388044,20458.436816040445,1902.3789098464963
2023-02-09,2023,2,ZIMA,16.62880570997349,51.45321621388044,17864.060187992847,1902.6461368840073
2023-02-09,2023,2,ZIMA,16.69168777986186,51.45321621388044,16056.097989486343,1903.1805838094106
2023-02-09,2023,2,ZIMA,16.75456984975022,51.45321621388044,15315.627883456851,1903.4477965166093
2023-02-09,2023,2,ZIMA,16.817451919638586,51.45321621388044,15793.514056679513,1902.9557720018447
2023-02-09,2023,2,ZIMA,16.565923640085124,51.51609828376883,15907.373286362195,1906.713117123254
2023-02-09,2023,2,ZIMA,16.62880570997349,51.51609828376883,12399.921850519919,1906.4054910577488
2023-02-09,2023,2,ZIMA,16.69168777986186,51.51609828376883,9618.51826801077,1905.7902619037184
2023-02-09,2023,2,ZIMA,16.75456984975022,51.51609828376883,8325.742428621463,1905.502728050781
2023-02-09,2023,2,ZIMA,16.817451919638586,51.51609828376883,9174.104004011042,1905.1178153229928
2023-02-09,2023,2,ZIMA,16.44015950030839,51.57898035365719,22309.377798593767,1895.64306567124
2023-02-09,2023,2,ZIMA,16.503041570196757,51.57898035365719,17960.37871340833,1895.6461506299706
2023-02-09,2023,2,ZIMA,16.565923640085124,51.57898035365719,13617.404822140948,1898.9528437897611
2023-02-09,2023,2,ZIMA,16.62880570997349,51.57898035365719,9288.916562767508,1898.9865896203007
2023-02-09,2023,2,ZIMA,16.69168777986186,51.57898035365719,5012.588919209262,1899.0316162110066
2023-02-09,2023,2,ZIMA,16.75456984975022,51.57898035365719,1399.9993034286374,1899.0316162108713
2023-02-09,2023,2,ZIMA,16.817451919638586,51.57898035365719,4097.049152339476,1899.0315900144435
2023-02-09,2023,2,ZIMA,16.44015950030839,51.64186242354555,22968.704488944466,1901.3585120718633
2023-02-09,2023,2,ZIMA,16.503041570196757,51.64186242354555,18779.51120392489,1903.3704307338455
2023-02-09,2023,2,ZIMA,16.565923640085124,51.64186242354555,14687.337978946705,1908.2566992729733
2023-02-09,2023,2,ZIMA,16.62880570997349,51.64186242354555,10803.011787778565,1908.4014591041234
2023-02-09,2023,2,ZIMA,16.69168777986186,51.64186242354555,7458.6619369363725,1908.6969189456447
2023-02-09,2023,2,ZIMA,16.75456984975022,51.64186242354555,5700.671005645907,1908.8446456456397
2023-02-09,2023,2,ZIMA,16.817451919638586,51.64186242354555,6877.713124472197,1894.2536641331913
2023-02-09,2023,2,ZIMA,16.880333989526953,51.64186242354555,10002.381498184013,1894.253658792905
2023-02-09,2023,2,ZIMA,16.94321605941532,51.64186242354555,13810.566952387238,1894.2536707991194
2023-02-09,2023,2,ZIMA,17.006098129303687,51.64186242354555,17870.512483347866,1894.253662499611
2023-02-09,2023,2,ZIMA,17.068980199192055,51.64186242354555,22043.545537886053,1891.980562851429
2023-02-09,2023,2,ZIMA,16.503041570196757,51.70474449343391,21924.029828531227,1905.8682502590993
2023-02-09,2023,2,ZIMA,16.565923640085124,51.70474449343391,18544.554847416206,1910.5233172686683
2023-02-09,2023,2,ZIMA,16.62880570997349,51.70474449343391,15653.26864662927,1910.5080940010237
2023-02-09,2023,2,ZIMA,16.69168777986186,51.70474449343391,13565.988451621677,1910.4776186490146
2023-02-09,2023,2,ZIMA,16.75456984975022,51.70474449343391,12685.980479552787,1910.462388120761
2023-02-09,2023,2,ZIMA,16.817451919638586,51.70474449343391,13255.900035496014,1893.1130898958131
2023-02-09,2023,2,ZIMA,16.880333989526953,51.70474449343391,15112.59324189347,1892.960530350948
2023-02-09,2023,2,ZIMA,16.94321605941532,51.70474449343391,17859.14262116209,1892.88139296331
2023-02-09,2023,2,ZIMA,17.006098129303687,51.70474449343391,21151.69893885063,1892.7231542192267
2023-02-09,2023,2,ZIMA,17.068980199192055,51.70474449343391,24773.504994530504,1892.607914437812
2023-02-09,2023,2,ZIMA,16.565923640085124,51.767626563322295,23874.360079904105,1903.0849609374334
2023-02-09,2023,2,ZIMA,16.62880570997349,51.767626563322295,21708.214615169894,1903.0849609375693
2023-02-09,2023,2,ZIMA,16.69168777986186,51.767626563322295,20256.910366016018,1903.0849609375693
2023-02-09,2023,2,ZIMA,16.75456984975022,51.767626563322295,19679.240479065716,1903.0886701429147
2023-02-09,2023,2,ZIMA,16.817451919638586,51.767626563322295,20050.855201186074,1896.013621769442
2023-02-09,2023,2,ZIMA,16.880333989526953,51.767626563322295,21322.179027900544,1896.081406737232
2023-02-09,2023,2,ZIMA,16.94321605941532,51.767626563322295,23346.69471159949,1896.1152955647028
2023-02-15,2023,2,ZIMA,16.62880570997349,51.39033414399208,24132.56253846387,1879.4662664391954
2023-02-15,2023,2,ZIMA,16.69168777986186,51.39033414399208,22824.767038267706,1879.4768986059032
2023-02-15,2023,2,ZIMA,16.75456984975022,51.39033414399208,22309.375774318905,1882.2397113689085
2023-02-15,2023,2,ZIMA,16.817451919638586,51.39033414399208,22640.567670053617,1890.3575693716405
2023-02-15,2023,2,ZIMA,16.880333989526953,51.39033414399208,23783.002108405184,1890.248268771851
2023-02-15,2023,2,ZIMA,16.503041570196757,51.45321621388044,23581.077953511707,1875.5352841133472
2023-02-15,2023,2,ZIMA,16.565923640085124,51.45321621388044,20458.436816040445,1887.096464616204
2023-02-15,2023,2,ZIMA,16.62880570997349,51.45321621388044,17864.060187992847,1887.0493269275598
2023-02-15,2023,2,ZIMA,16.69168777986186,51.45321621388044,16056.097989486343,1886.9550515501417
2023-02-15,2023,2,ZIMA,16.75456984975022,51.45321621388044,15315.627883456851,1885.8406261521911
2023-02-15,2023,2,ZIMA,16.817451919638586,51.45321621388044,15793.514056679513,1885.74104949504
2023-02-15,2023,2,ZIMA,16.880333989526953,51.45321621388044,17389.60114242064,1885.778065222159
2023-02-15,2023,2,ZIMA,16.94321605941532,51.45321621388044,19835.775380789644,1877.4289533481408
2023-02-15,2023,2,ZIMA,17.006098129303687,51.45321621388044,22860.76036364694,1873.4584670021218
2023-02-15,2023,2,ZIMA,16.44015950030839,51.51609828376883,23785.498505187956,1875.6516173830644
2023-02-15,2023,2,ZIMA,16.503041570196757,51.51609828376883,19757.914628789506,1875.7566350226161
2023-02-15,2023,2,ZIMA,16.565923640085124,51.51609828376883,15907.373286362195,1888.7372705748421
2023-02-15,2023,2,ZIMA,16.62880570997349,51.51609828376883,12399.921850519919,1888.7762020834325
2023-02-15,2023,2,ZIMA,16.69168777986186,51.51609828376883,9618.51826801077,1888.806698569551
2023-02-15,2023,2,ZIMA,16.75456984975022,51.51609828376883,8325.742428621463,1884.6463858002924
2023-02-15,2023,2,ZIMA,16.817451919638586,51.51609828376883,9174.104004011042,1884.4122235444488
2023-02-15,2023,2,ZIMA,16.880333989526953,51.51609828376883,11707.032333134212,1884.370114140021
2023-02-15,2023,2,ZIMA,16.94321605941532,51.51609828376883,15099.315623834133,1874.767080399975
2023-02-15,2023,2,ZIMA,17.006098129303687,51.51609828376883,18893.604339632097,1873.865196497175
2023-02-15,2023,2,ZIMA,17.068980199192055,51.51609828376883,22890.85730996228,1873.84840542722
2023-02-15,2023,2,ZIMA,16.44015950030839,51.57898035365719,22309.377798593767,1874.390747070381
2023-02-15,2023,2,ZIMA,16.503041570196757,51.57898035365719,17960.37871340833,1876.030751876211
2023-02-15,2023,2,ZIMA,16.565923640085124,51.57898035365719,13617.404822140948,1878.2764346850756
2023-02-15,2023,2,ZIMA,16.62880570997349,51.57898035365719,9288.916562767508,1878.360117061771
2023-02-15,2023,2,ZIMA,16.69168777986186,51.57898035365719,5012.588919209262,1881.6725740791035
2023-02-15,2023,2,ZIMA,16.75456984975022,51.57898035365719,1399.9993034286374,1885.2356025989955
2023-02-15,2023,2,ZIMA,16.817451919638586,51.57898035365719,4097.049152339476,1885.2281269221396
2023-02-15,2023,2,ZIMA,16.880333989526953,51.57898035365719,8342.87147823116,1883.9788582150054
2023-02-15,2023,2,ZIMA,16.94321605941532,51.57898035365719,12665.426555374055,1882.0033521130108
2023-02-15,2023,2,ZIMA,17.006098129303687,51.57898035365719,17006.302359631587,1881.9402533922291
2023-02-15,2023,2,ZIMA,17.068980199192055,51.57898035365719,21354.326951061896,1881.9086898667451
2023-02-15,2023,2,ZIMA,16.44015950030839,51.64186242354555,22968.704488944466,1878.5999951642405
2023-02-15,2023,2,ZIMA,16.503041570196757,51.64186242354555,18779.51120392489,1881.5826422939942
2023-02-15,2023,2,ZIMA,16.565923640085124,51.64186242354555,14687.337978946705,1882.312158897375
2023-02-15,2023,2,ZIMA,16.62880570997349,51.64186242354555,10803.011787778565,1882.355667194236
2023-02-15,2023,2,ZIMA,16.69168777986186,51.64186242354555,7458.6619369363725,1884.508557847959
2023-02-15,2023,2,ZIMA,16.75456984975022,51.64186242354555,5700.671005645907,1884.3345909227876
2023-02-15,2023,2,ZIMA,16.817451919638586,51.64186242354555,6877.713124472197,1884.2564574124503
2023-02-15,2023,2,ZIMA,16.880333989526953,51.64186242354555,10002.381498184013,1884.3089458612967
2023-02-15,2023,2,ZIMA,16.94321605941532,51.64186242354555,13810.566952387238,1884.5093599268364
2023-02-15,2023,2,ZIMA,17.006098129303687,51.64186242354555,17870.512483347866,1884.506527883006
2023-02-15,2023,2,ZIMA,17.068980199192055,51.64186242354555,22043.545537886053,1884.5051118611395
2023-02-15,2023,2,ZIMA,16.503041570196757,51.70474449343391,21924.029828531227,1881.3328335168114
2023-02-15,2023,2,ZIMA,16.565923640085124,51.70474449343391,18544.554847416206,1881.2792155219097
2023-02-15,2023,2,ZIMA,16.62880570997349,51.70474449343391,15653.26864662927,1881.252434827337
2023-02-15,2023,2,ZIMA,16.69168777986186,51.70474449343391,13565.988451621677,1886.8913647654817
2023-02-15,2023,2,ZIMA,16.75456984975022,51.70474449343391,12685.980479552787,1886.899011936788
2023-02-15,2023,2,ZIMA,16.817451919638586,51.70474449343391,13255.900035496014,1886.9142991817544
2023-02-15,2023,2,ZIMA,16.880333989526953,51.70474449343391,15112.59324189347,1884.9513677036573
2023-02-15,2023,2,ZIMA,16.94321605941532,51.70474449343391,17859.14262116209,1884.94668334414
2023-02-15,2023,2,ZIMA,17.006098129303687,51.70474449343391,21151.69893885063,1884.9355103560706
2023-02-15,2023,2,ZIMA,17.068980199192055,51.70474449343391,24773.504994530504,1884.9835636958219
2023-02-15,2023,2,ZIMA,16.565923640085124,51.767626563322295,23874.360079904105,1880.3845214843095
2023-02-15,2023,2,ZIMA,16.62880570997349,51.767626563322295,21708.214615169894,1880.3845214844437
2023-02-15,2023,2,ZIMA,16.69168777986186,51.767626563322295,20256.910366016018,1890.3250732422566
2023-02-15,2023,2,ZIMA,16.75456984975022,51.767626563322295,19679.240479065716,1890.3250732421216
2023-02-15,2023,2,ZIMA,16.817451919638586,51.767626563322295,20050.855201186074,1890.3250732421582
2023-02-15,2023,2,ZIMA,16.880333989526953,51.767626563322295,21322.179027900544,1883.7275390625325
2023-02-15,2023,2,ZIMA,16.94321605941532,51.767626563322295,23346.69471159949,1883.7275390625364
2023-02-28,2023,2,ZIMA,16.94321605941532,51.767626563322295,23346.69471159949,1898.4410415496263
2023-03-01,2023,3,ZIMA,16.63230748547294,51.39033414399208,24040.75037827768,1877.7128407067648
2023-03-01,2023,3,ZIMA,16.695189555361306,51.39033414399208,22774.361202252046,1880.1861387970764
2023-03-01,2023,3,ZIMA,16.758071625249674,51.39033414399208,22305.47501033657,1878.2119573354503
2023-03-01,2023,3,ZIMA,16.82095369513804,51.39033414399208,22683.599851816612,1863.3985314695667
2023-03-01,2023,3,ZIMA,16.883835765026408,51.39033414399208,23868.515249312062,1866.121904359259
2023-03-01,2023,3,ZIMA,16.50654334569621,51.45321621388044,23396.738235416302,1867.6483087587303
2023-03-01,2023,3,ZIMA,16.569425415584575,51.45321621388044,20298.01174458644,1874.0495420102309
2023-03-01,2023,3,ZIMA,16.63230748547294,51.45321621388044,17740.006059764815,1878.9799937442024
2023-03-01,2023,3,ZIMA,16.695189555361306,51.45321621388044,15984.460380881492,1872.208581179506
2023-03-01,2023,3,ZIMA,16.758071625249674,51.45321621388044,15309.953112466403,1846.1431425798874
2023-03-01,2023,3,ZIMA,16.82095369513804,51.45321621388044,15855.056231952789,1846.06931798501
2023-03-01,2023,3,ZIMA,16.44366127580784,51.51609828376883,23558.084958616277,1865.06066768035
2023-03-01,2023,3,ZIMA,16.50654334569621,51.51609828376883,19537.84054011882,1865.8189113131236
2023-03-01,2023,3,ZIMA,16.569425415584575,51.51609828376883,15700.8009096385,1865.713300632538
2023-03-01,2023,3,ZIMA,16.63230748547294,51.51609828376883,12220.773060573265,1866.3490663898071
2023-03-01,2023,3,ZIMA,16.695189555361306,51.51609828376883,9498.617637244897,1853.6226379825832
2023-03-01,2023,3,ZIMA,16.758071625249674,51.51609828376883,8315.313151789731,1845.861323071997
2023-03-01,2023,3,ZIMA,16.82095369513804,51.51609828376883,9279.50594577174,1845.8903758303836
2023-03-01,2023,3,ZIMA,16.44366127580784,51.57898035365719,22067.09312874936,1850.6600375294192
2023-03-01,2023,3,ZIMA,16.50654334569621,51.57898035365719,17718.327792455035,1842.779017384059
2023-03-01,2023,3,ZIMA,16.569425415584575,51.57898035365719,13375.848816009768,1839.5409688974214
2023-03-01,2023,3,ZIMA,16.63230748547294,51.57898035365719,9048.716728001045,1840.8129658801874
2023-03-01,2023,3,ZIMA,16.695189555361306,51.57898035365719,4778.811626111381,1843.2286428292323
2023-03-01,2023,3,ZIMA,16.758071625249674,51.57898035365719,1336.6685605293208,1843.2286260054855
2023-03-01,2023,3,ZIMA,16.44366127580784,51.64186242354555,22733.774236944053,1849.4676382945327
2023-03-01,2023,3,ZIMA,16.50654334569621,51.64186242354555,18548.47434255549,1849.4676554693865
2023-03-01,2023,3,ZIMA,16.569425415584575,51.64186242354555,14463.97307729854,1849.4252868816236
2023-03-01,2023,3,ZIMA,16.883835765026408,51.64186242354555,10202.945413633863,1846.9716972211838
2023-03-01,2023,3,ZIMA,17.00959990480314,51.64186242354555,18100.64101576137,1850.9306686286272
2023-03-01,2023,3,ZIMA,17.072481974691506,51.64186242354555,22277.9856371743,1850.930662660742
2023-03-01,2023,3,ZIMA,16.50654334569621,51.70474449343391,21726.73189986778,1839.203325115697
2023-03-01,2023,3,ZIMA,16.569425415584575,51.70474449343391,18368.400870511905,1849.4675863487307
2023-03-01,2023,3,ZIMA,16.82095369513804,51.70474449343391,13328.76158161471,1851.244863505717
2023-03-01,2023,3,ZIMA,16.883835765026408,51.70474449343391,15245.895114827508,1846.971677812124
2023-03-01,2023,3,ZIMA,16.94671783491477,51.70474449343391,18030.686749865705,1846.9716803687484
2023-03-01,2023,3,ZIMA,17.00959990480314,51.70474449343391,21346.215108421282,1850.5419499910672
2023-03-01,2023,3,ZIMA,16.569425415584575,51.767626563322295,23737.980709715666,1845.5558321428987
2023-03-01,2023,3,ZIMA,16.63230748547294,51.767626563322295,21606.947002294517,1845.524049303035
2023-03-01,2023,3,ZIMA,16.695189555361306,51.767626563322295,20200.56706752922,1869.4979015771999
2023-03-01,2023,3,ZIMA,16.758071625249674,51.767626563322295,19674.85473951676,1868.097977095312
2023-03-01,2023,3,ZIMA,16.82095369513804,51.767626563322295,20099.032512508216,1856.3947103377295
2023-03-01,2023,3,ZIMA,16.883835765026408,51.767626563322295,21416.735201237527,1854.836222825741
2023-03-01,2023,3,ZIMA,16.94671783491477,51.767626563322295,23477.99608168023,1848.2092034780787
2023-03-02,2023,3,ZIMA,16.63230748547294,51.39033414399208,24040.75037827768,1857.5990161754514
2023-03-02,2023,3,ZIMA,16.695189555361306,51.39033414399208,22774.361202252046,1864.852091945833
2023-03-02,2023,3,ZIMA,16.758071625249674,51.39033414399208,22305.47501033657,1865.8746069034332
2023-03-02,2023,3,ZIMA,16.82095369513804,51.39033414399208,22683.599851816612,1865.734376607273
2023-03-02,2023,3,ZIMA,16.883835765026408,51.39033414399208,23868.515249312062,1865.94578209627
2023-03-02,2023,3,ZIMA,16.50654334569621,51.45321621388044,23396.738235416302,1870.6885953923413
2023-03-02,2023,3,ZIMA,16.569425415584575,51.45321621388044,20298.01174458644,1870.526312318904
2023-03-02,2023,3,ZIMA,16.63230748547294,51.45321621388044,17740.006059764815,1870.2579535211964
2023-03-02,2023,3,ZIMA,16.695189555361306,51.45321621388044,15984.460380881492,1869.338800189859
2023-03-02,2023,3,ZIMA,16.758071625249674,51.45321621388044,15309.953112466403,1868.4459483025166
2023-03-02,2023,3,ZIMA,16.82095369513804,51.45321621388044,15855.056231952789,1866.0946491028694
2023-03-02,2023,3,ZIMA,16.883835765026408,51.45321621388044,17506.212359873636,1872.4268748720274
2023-03-02,2023,3,ZIMA,16.94671783491477,51.45321621388044,19991.21689898653,1872.4268822444708
2023-03-02,2023,3,ZIMA,17.00959990480314,51.45321621388044,23041.845730008954,1872.5519872157715
2023-03-02,2023,3,ZIMA,16.44366127580784,51.51609828376883,23558.084958616277,1870.2940524091987
2023-03-02,2023,3,ZIMA,16.50654334569621,51.51609828376883,19537.84054011882,1871.2113517169194
2023-03-02,2023,3,ZIMA,16.569425415584575,51.51609828376883,15700.8009096385,1870.8098853727786
2023-03-02,2023,3,ZIMA,16.63230748547294,51.51609828376883,12220.773060573265,1869.2228604141656
2023-03-02,2023,3,ZIMA,16.695189555361306,51.51609828376883,9498.617637244897,1868.7542007573923
2023-03-02,2023,3,ZIMA,16.758071625249674,51.51609828376883,8315.313151789731,1869.1315126606369
2023-03-02,2023,3,ZIMA,16.82095369513804,51.51609828376883,9279.50594577174,1869.0521062953483
2023-03-02,2023,3,ZIMA,17.00959990480314,51.51609828376883,19112.015949548942,1872.3918953139967
2023-03-02,2023,3,ZIMA,17.072481974691506,51.51609828376883,23117.327117444216,1868.7978384575579
2023-03-02,2023,3,ZIMA,16.44366127580784,51.57898035365719,22067.09312874936,1859.9061539291724
2023-03-02,2023,3,ZIMA,16.50654334569621,51.57898035365719,17718.327792455035,1859.9061172218535
2023-03-02,2023,3,ZIMA,16.569425415584575,51.57898035365719,13375.848816009768,1860.1509423151283
2023-03-02,2023,3,ZIMA,16.695189555361306,51.57898035365719,4778.811626111381,1868.4088221332402
2023-03-02,2023,3,ZIMA,16.758071625249674,51.57898035365719,1336.6685605293208,1868.4088264988723
2023-03-02,2023,3,ZIMA,16.62880570997349,51.39033414399208,24132.56253846387,1889.7180882653104
2023-03-02,2023,3,ZIMA,16.69168777986186,51.39033414399208,22824.767038267706,1890.209940131226
2023-03-02,2023,3,ZIMA,16.75456984975022,51.39033414399208,22309.375774318905,1890.4533782746578
2023-03-02,2023,3,ZIMA,16.817451919638586,51.39033414399208,22640.567670053617,1890.9350708397858
2023-03-02,2023,3,ZIMA,16.880333989526953,51.39033414399208,23783.002108405184,1885.4332368720213
2023-03-02,2023,3,ZIMA,16.565923640085124,51.45321621388044,20458.436816040445,1901.5323486327459
2023-03-02,2023,3,ZIMA,16.62880570997349,51.45321621388044,17864.060187992847,1901.5323486328818
2023-03-02,2023,3,ZIMA,16.69168777986186,51.45321621388044,16056.097989486343,1901.5379868022778
2023-03-02,2023,3,ZIMA,16.75456984975022,51.45321621388044,15315.627883456851,1901.5486711195908
2023-03-02,2023,3,ZIMA,16.817451919638586,51.45321621388044,15793.514056679513,1901.5700356592624
2023-03-02,2023,3,ZIMA,16.880333989526953,51.45321621388044,17389.60114242064,1882.4330864852152
2023-03-02,2023,3,ZIMA,16.94321605941532,51.45321621388044,19835.775380789644,1882.2232547098954
2023-03-02,2023,3,ZIMA,17.006098129303687,51.45321621388044,22860.76036364694,1881.7976876788011
2023-03-02,2023,3,ZIMA,16.503041570196757,51.51609828376883,19757.914628789506,1901.761900807875
2023-03-02,2023,3,ZIMA,16.565923640085124,51.51609828376883,15907.373286362195,1901.735984922238
2023-03-02,2023,3,ZIMA,16.62880570997349,51.51609828376883,12399.921850519919,1901.7466689449109
2023-03-02,2023,3,ZIMA,16.69168777986186,51.51609828376883,9618.51826801077,1901.7618408203741
2023-03-02,2023,3,ZIMA,16.75456984975022,51.51609828376883,8325.742428621463,1901.761840820271
2023-03-02,2023,3,ZIMA,16.817451919638586,51.51609828376883,9174.104004011042,1901.7104710027265
2023-03-02,2023,3,ZIMA,16.880333989526953,51.51609828376883,11707.032333134212,1879.287113235672
2023-03-02,2023,3,ZIMA,16.94321605941532,51.51609828376883,15099.315623834133,1879.2871074552766
2023-03-02,2023,3,ZIMA,17.006098129303687,51.51609828376883,18893.604339632097,1879.2871156872998
2023-03-02,2023,3,ZIMA,17.068980199192055,51.51609828376883,22890.85730996228,1879.2871087053472
2023-06-01,2023,6,LATO,16.614798607975686,51.40083947049044,23461.876059032897,1859.2084148904758
2023-06-01,2023,6,LATO,16.677680677864046,51.40083947049044,21921.845774254853,1860.0084205637909
2023-06-01,2023,6,LATO,16.74056274775242,51.40083947049044,21185.257504931837,1870.8362086458721
2023-06-01,2023,6,LATO,16.80344481764078,51.40083947049044,21335.48709556919,1879.385940120791
2023-06-01,2023,6,LATO,16.866326887529155,51.40083947049044,22354.663010638676,1879.9337691338458
2023-06-01,2023,6,LATO,16.929208957417515,51.40083947049044,24132.945339994152,1880.2808798929866
2023-06-01,2023,6,LATO,16.489034468198952,51.4637215403788,23609.063782898636,1865.301190183329
2023-06-01,2023,6,LATO,16.551916538087312,51.4637215403788,20283.385118362596,1864.6521521479046
2023-06-01,2023,6,LATO,16.614798607975686,51.4637215403788,17422.15185627962,1860.1457544331904
2023-06-01,2023,6,LATO,16.677680677864046,51.4637215403788,15288.392116050694,1866.5831647636758
2023-06-01,2023,6,LATO,16.74056274775242,51.4637215403788,14213.596375328967,1868.73736019521
2023-06-01,2023,6,LATO,16.80344481764078,51.4637215403788,14436.253925872035,1869.4892956927415
2023-06-01,2023,6,LATO,16.866326887529155,51.4637215403788,15901.958375980237,1873.687232238571
2023-06-01,2023,6,LATO,16.929208957417515,51.4637215403788,18314.666201500986,1882.1068115234739
2023-06-01,2023,6,LATO,16.992091027305875,51.4637215403788,21355.786210260703,1881.386211037499
2023-06-01,2023,6,LATO,17.05497309719425,51.4637215403788,24795.16124864444,1878.501880964683
2023-06-01,2023,6,LATO,16.426152398310577,51.52660361026717,24327.093489808864,1852.1937263706752
2023-06-01,2023,6,LATO,16.489034468198952,51.52660361026717,20199.02608241299,1861.8604566665178
2023-06-01,2023,6,LATO,16.551916538087312,51.52660361026717,16193.490189315507,1865.999178583496
2023-06-01,2023,6,LATO,16.614798607975686,51.52660361026717,12429.521594084661,1875.3646907612099
2023-06-01,2023,6,LATO,16.677680677864046,51.52660361026717,9208.279193544944,1872.4066392965556
2023-06-01,2023,6,LATO,16.74056274775242,51.52660361026717,7288.851416249433,1870.8727383037099
2023-06-01,2023,6,LATO,16.80344481764078,51.52660361026717,7713.474629872748,1872.363425200912
2023-06-01,2023,6,LATO,16.866326887529155,51.52660361026717,10193.305457067432,1889.1340284325781
2023-06-01,2023,6,LATO,16.929208957417515,51.52660361026717,13650.817531679393,1881.2233561434252
2023-06-01,2023,6,LATO,16.992091027305875,51.52660361026717,17516.325131595124,1878.6346271713953
2023-06-01,2023,6,LATO,17.05497309719425,51.52660361026717,21571.598166640877,1881.8416282985538
2023-06-01,2023,6,LATO,16.426152398310577,51.58948568015553,23239.17742155401,1858.9797138201307
2023-06-01,2023,6,LATO,16.489034468198952,51.58948568015553,18881.363095119337,1852.13950846927
2023-06-01,2023,6,LATO,16.551916538087312,51.58948568015553,14523.609586482577,1859.1833764208504
2023-06-01,2023,6,LATO,16.614798607975686,51.58948568015553,10166.000401523504,1878.9619439451164
2023-06-01,2023,6,LATO,16.677680677864046,51.58948568015553,5808.867198410206,1878.566029533065
2023-06-01,2023,6,LATO,16.74056274775242,51.58948568015553,1456.5056795966475,1873.5144265263364
2023-06-01,2023,6,LATO,16.80344481764078,51.58948568015553,2912.5589340426127,1887.456346751334
2023-06-01,2023,6,LATO,16.866326887529155,51.58948568015553,7268.267033888717,1890.5185056715063
2023-06-01,2023,6,LATO,16.929208957417515,51.58948568015553,11625.639526185509,1890.5139160156614
2023-06-01,2023,6,LATO,16.992091027305875,51.58948568015553,15983.313323809196,1888.1768184941548
2023-06-01,2023,6,LATO,17.05497309719425,51.58948568015553,20341.092594536985,1889.9411285238075
2023-06-01,2023,6,LATO,17.11785516708261,51.58948568015553,24698.91914071422,1892.5590299116373
2023-06-01,2023,6,LATO,16.426152398310577,51.65236775004391,24211.69931278745,1862.9549469465521
2023-06-01,2023,6,LATO,16.489034468198952,51.65236775004391,20072.528275770994,1874.9849683347788
2023-06-01,2023,6,LATO,16.551916538087312,51.65236775004391,16047.953486807288,1880.6442058628447
2023-06-01,2023,6,LATO,16.614798607975686,51.65236775004391,12251.439160938848,1881.8408465065736
2023-06-01,2023,6,LATO,16.677680677864046,51.65236775004391,8977.156866042955,1882.884768269773
2023-06-01,2023,6,LATO,16.74056274775242,51.65236775004391,7000.8287602165365,1885.2381641581358
2023-06-01,2023,6,LATO,16.80344481764078,51.65236775004391,7440.7240432757335,1885.850118866167
2023-06-01,2023,6,LATO,16.866326887529155,51.65236775004391,9982.370540258755,1885.8776603775266
2023-06-01,2023,6,LATO,16.929208957417515,51.65236775004391,13485.612600907245,1889.511274831052
2023-06-01,2023,6,LATO,16.992091027305875,51.65236775004391,17378.330580821977,1891.6096149604793
2023-06-01,2023,6,LATO,17.05497309719425,51.65236775004391,21449.51032645465,1896.4545960368123
2023-06-01,2023,6,LATO,16.489034468198952,51.71524981993227,23392.42763750961,1880.7800292968134
2023-06-01,2023,6,LATO,16.551916538087312,51.71524981993227,20050.86996583991,1880.7602026555976
2023-06-01,2023,6,LATO,16.614798607975686,51.71524981993227,17168.20275811432,1880.652130532597
2023-06-01,2023,6,LATO,16.677680677864046,51.71524981993227,15011.166602358962,1880.671988628646
2023-06-01,2023,6,LATO,16.74056274775242,51.71524981993227,13921.247619234951,1889.848955705356
2023-06-01,2023,6,LATO,16.80344481764078,51.71524981993227,14147.265106642424,1889.7639689948098
2023-06-01,2023,6,LATO,16.866326887529155,51.71524981993227,15632.244799391508,1888.0747269242042
2023-06-01,2023,6,LATO,16.929208957417515,51.71524981993227,18068.40211024761,1887.658063588027
2023-06-01,2023,6,LATO,16.992091027305875,51.71524981993227,21129.253707015116,1896.5350654600174
2023-06-01,2023,6,LATO,17.05497309719425,51.71524981993227,24582.54703872513,1893.8664088490384
2023-06-01,2023,6,LATO,16.614798607975686,51.77813188982064,23179.713805871586,1876.0568256138122
2023-06-01,2023,6,LATO,16.677680677864046,51.77813188982064,21632.923911312602,1887.4045302620186
2023-06-01,2023,6,LATO,16.74056274775242,51.77813188982064,20892.418416735138,1890.00158361856
2023-06-01,2023,6,LATO,16.80344481764078,51.77813188982064,21043.486525155,1889.6670694903369
2023-06-01,2023,6,LATO,16.866326887529155,51.77813188982064,22067.825998990276,1889.6727160478079
2023-06-01,2023,6,LATO,16.929208957417515,51.77813188982064,23853.198376497356,1892.7141544584786
2023-06-01,2023,6,LATO,16.737060972252976,51.397337694990995,21591.690832879205,1875.4217519770461
2023-06-01,2023,6,LATO,16.799943042141336,51.397337694990995,21690.2137014598,1875.4217529297237
2023-06-01,2023,6,LATO,16.862825112029697,51.397337694990995,22646.69100688218,1875.4225093214961
2023-06-01,2023,6,LATO,16.925707181918057,51.397337694990995,24360.27315534031,1875.467450015417
2023-06-01,2023,6,LATO,16.485532692699508,51.460219764879355,24038.169538358412,1884.7047073565352
2023-06-01,2023,6,LATO,16.548414762587868,51.460219764879355,20729.90718145822,1884.7047027087792
2023-06-01,2023,6,LATO,16.611296832476228,51.460219764879355,17880.583453753687,1884.7047084874982
2023-06-01,2023,6,LATO,16.674178902364588,51.460219764879355,15741.419416381,1884.7047078109185
2023-06-01,2023,6,LATO,16.737060972252976,51.460219764879355,14627.373441799897,1875.7955107177684
2023-06-01,2023,6,LATO,16.799943042141336,51.460219764879355,14772.21913775697,1872.0822335042649
2023-06-01,2023,6,LATO,16.862825112029697,51.460219764879355,16142.103890424161,1871.7044067168188
2023-06-01,2023,6,LATO,16.925707181918057,51.460219764879355,18466.384295238193,1871.312294223715
2023-06-01,2023,6,LATO,16.988589251806417,51.460219764879355,21436.837090162604,1871.1162268621974
2023-06-01,2023,6,LATO,17.051471321694805,51.460219764879355,24822.557353302105,1852.231857135534
2023-06-01,2023,6,LATO,16.485532692699508,51.523101834767715,20566.533222157905,1876.5839842320404
2023-06-01,2023,6,LATO,16.548414762587868,51.523101834767715,16585.57516115953,1876.5227676445486
2023-06-01,2023,6,LATO,16.611296832476228,51.523101834767715,12853.740550323688,1876.4003066661166
2023-06-01,2023,6,LATO,16.674178902364588,51.523101834767715,9664.078931179667,1876.339076382843
2023-06-01,2023,6,LATO,16.737060972252976,51.523101834767715,7720.664784772775,1860.7344914199832
2023-06-01,2023,6,LATO,16.799943042141336,51.523101834767715,7991.321238525667,1860.3050232535493
2023-06-01,2023,6,LATO,16.862825112029697,51.523101834767715,10303.014807201598,1861.1774570138198
2023-06-01,2023,6,LATO,16.925707181918057,51.523101834767715,13655.822493822387,1862.0497200094205
2023-06-01,2023,6,LATO,16.988589251806417,51.523101834767715,17459.933369514594,1862.4857796216445
2023-06-01,2023,6,LATO,17.051471321694805,51.523101834767715,21476.85639948017,1870.004314234207
2023-06-01,2023,6,LATO,16.42265062281112,51.58598390465609,23488.42755758784,1874.7591252277261
2023-06-01,2023,6,LATO,16.485532692699508,51.58598390465609,19131.734753019387,1874.7591552733759
2023-06-01,2023,6,LATO,16.548414762587868,51.58598390465609,14775.861788027069,1874.759155273506
2023-06-01,2023,6,LATO,16.611296832476228,51.58598390465609,10421.8419252194,1874.759155273506
2023-06-01,2023,6,LATO,16.674178902364588,51.58598390465609,6073.6684473133355,1874.7593930869652
2023-06-01,2023,6,LATO,16.737060972252976,51.58598390465609,1774.8584868213236,1869.4604448050375
2023-06-01,2023,6,LATO,16.799943042141336,51.58598390465609,2719.712553001884,1869.5751278265186
2023-06-01,2023,6,LATO,16.862825112029697,51.58598390465609,7044.82694867206,1869.8044637605988
2023-06-01,2023,6,LATO,16.925707181918057,51.58598390465609,11395.10169031357,1870.0337501810318
2023-06-01,2023,6,LATO,16.988589251806417,51.58598390465609,15749.699818762218,1870.4347438824427
2023-06-01,2023,6,LATO,17.051471321694805,51.58598390465609,20105.810226435016,1873.985532625088
2023-06-01,2023,6,LATO,17.114353391583165,51.58598390465609,24462.62268161473,1874.4948359416105
2023-06-01,2023,6,LATO,16.42265062281112,51.64886597454445,24338.97944000566,1876.3994226400298
2023-06-01,2023,6,LATO,16.485532692699508,51.64886597454445,20173.23421265138,1881.56249327731
2023-06-01,2023,6,LATO,16.548414762587868,51.64886597454445,16107.953383748198,1881.556936974691
2023-06-01,2023,6,LATO,16.611296832476228,51.64886597454445,12243.626482151323,1881.5459797446565
2023-06-01,2023,6,LATO,16.674178902364588,51.64886597454445,8847.607758318938,1881.5406888513976
2023-06-01,2023,6,LATO,16.737060972252976,51.64886597454445,6677.390119064138,1877.6969243696562
2023-06-01,2023,6,LATO,16.799943042141336,51.64886597454445,6987.72966599558,1877.9030306627078
2023-06-01,2023,6,LATO,16.862825112029697,51.64886597454445,9539.532909913665,1878.3152805745585
2023-06-01,2023,6,LATO,16.925707181918057,51.64886597454445,13080.925520782024,1878.6544356804354
2023-06-01,2023,6,LATO,16.988589251806417,51.64886597454445,17004.47180573391,1879.0998579481095
2023-06-01,2023,6,LATO,17.051471321694805,51.64886597454445,21098.031402754626,1879.862915039095
2023-06-01,2023,6,LATO,16.485532692699508,51.711748044432824,23362.235077791953,1881.5691626579783
2023-06-01,2023,6,LATO,16.548414762587868,51.711748044432824,19962.59036828338,1881.573972799471
2023-06-01,2023,6,LATO,16.611296832476228,51.711748044432824,17002.85277253168,1881.5832341240023
2023-06-01,2023,6,LATO,16.674178902364588,51.711748044432824,14750.256086804378,1881.5880507772665
2023-06-01,2023,6,LATO,16.737060972252976,51.711748044432824,13561.862643551867,1874.715062983276
2023-06-01,2023,6,LATO,16.799943042141336,51.711748044432824,13717.108798846582,1874.5008349868579
2023-06-01,2023,6,LATO,16.862825112029697,51.711748044432824,15174.812763731501,1874.0725628542218
2023-06-01,2023,6,LATO,16.925707181918057,51.711748044432824,17614.53506315774,1873.6591816638013
2023-06-01,2023,6,LATO,16.988589251806417,51.711748044432824,20691.781140070114,1877.044476661092
2023-06-01,2023,6,LATO,17.051471321694805,51.711748044432824,24164.20381730272,1880.0508535562508
2023-06-01,2023,6,LATO,16.611296832476228,51.774630114321184,22938.830904271606,1866.9059592716492
2023-06-01,2023,6,LATO,16.674178902364588,51.774630114321184,21325.155889422454,1867.1602046415364
2023-06-01,2023,6,LATO,16.737060972252976,51.774630114321184,20522.256263071482,1873.2799603130527
2023-06-01,2023,6,LATO,16.799943042141336,51.774630114321184,20625.035412925725,1873.1746301533083
2023-06-01,2023,6,LATO,16.862825112029697,51.774630114321184,21620.581268314785,1872.9629621411482
2023-06-01,2023,6,LATO,16.925707181918057,51.774630114321184,23395.200733003247,1872.7465063635593
2023-06-03,2023,6,LATO,16.614798607975686,51.397337694990995,23813.608073704934,1889.2808269927268
2023-06-03,2023,6,LATO,16.489034468198952,51.460219764879355,23845.008232145603,1893.572491322406
2023-06-03,2023,6,LATO,16.551916538087312,51.460219764879355,20557.26317336872,1893.5725196800333
2023-06-03,2023,6,LATO,17.05497309719425,51.58598390465609,20348.4180571115,1913.5874080097499
2023-06-03,2023,6,LATO,17.11785516708261,51.58598390465609,24705.257869537152,1913.5873910649811
2023-06-03,2023,6,LATO,16.992091027305875,51.64886597454445,17229.062329563643,1913.9882722809589
2023-06-03,2023,6,LATO,17.05497309719425,51.64886597454445,21329.038621440097,1914.64060535671
2023-06-03,2023,6,LATO,16.992091027305875,51.711748044432824,20876.486494360677,1911.9147937668954
2023-06-03,2023,6,LATO,17.05497309719425,51.711748044432824,24365.88064045875,1911.9246962757904
2023-06-04,2023,6,LATO,16.614798607975686,51.40083947049044,23461.876059032897,1871.8171918986282
2023-06-04,2023,6,LATO,16.677680677864046,51.40083947049044,21921.845774254853,1873.7932171529928
2023-06-04,2023,6,LATO,16.74056274775242,51.40083947049044,21185.257504931837,1887.0374623789505
2023-06-04,2023,6,LATO,16.80344481764078,51.40083947049044,21335.48709556919,1889.501719997128
2023-06-04,2023,6,LATO,16.866326887529155,51.40083947049044,22354.663010638676,1888.693378403055
2023-06-04,2023,6,LATO,16.929208957417515,51.40083947049044,24132.945339994152,1893.8725516361942
2023-06-04,2023,6,LATO,16.489034468198952,51.4637215403788,23609.063782898636,1863.523902856157
2023-06-04,2023,6,LATO,16.551916538087312,51.4637215403788,20283.385118362596,1863.7246140142215
2023-06-04,2023,6,LATO,16.614798607975686,51.4637215403788,17422.15185627962,1875.8729960866772
2023-06-04,2023,6,LATO,16.677680677864046,51.4637215403788,15288.392116050694,1875.4662360056375
2023-06-04,2023,6,LATO,16.74056274775242,51.4637215403788,14213.596375328967,1884.232322851893
2023-06-04,2023,6,LATO,16.80344481764078,51.4637215403788,14436.253925872035,1889.7557974325066
2023-06-04,2023,6,LATO,16.866326887529155,51.4637215403788,15901.958375980237,1891.2640504552598
2023-06-04,2023,6,LATO,16.929208957417515,51.4637215403788,18314.666201500986,1889.3924066965135
2023-06-04,2023,6,LATO,16.992091027305875,51.4637215403788,21355.786210260703,1892.384054347208
2023-06-04,2023,6,LATO,17.05497309719425,51.4637215403788,24795.16124864444,1858.3984076923905
2023-06-04,2023,6,LATO,16.426152398310577,51.52660361026717,24327.093489808864,1859.4241919540718
2023-06-04,2023,6,LATO,16.677680677864046,51.52660361026717,9208.279193544944,1889.5134682132768
2023-06-04,2023,6,LATO,16.74056274775242,51.52660361026717,7288.851416249433,1889.170637654969
2023-06-04,2023,6,LATO,16.80344481764078,51.52660361026717,7713.474629872748,1885.702098315346
2023-06-04,2023,6,LATO,16.866326887529155,51.52660361026717,10193.305457067432,1885.9746941963685
2023-06-04,2023,6,LATO,16.929208957417515,51.52660361026717,13650.817531679393,1878.5046961894789
2023-06-04,2023,6,LATO,16.992091027305875,51.52660361026717,17516.325131595124,1874.109071934751
2023-06-04,2023,6,LATO,17.05497309719425,51.52660361026717,21571.598166640877,1858.3200048780927
2023-06-04,2023,6,LATO,16.426152398310577,51.58948568015553,23239.17742155401,1866.10362160423
2023-06-04,2023,6,LATO,16.614798607975686,51.58948568015553,10166.000401523504,1890.7984479097015
2023-06-04,2023,6,LATO,16.677680677864046,51.58948568015553,5808.867198410206,1890.7939168205141
2023-06-04,2023,6,LATO,16.74056274775242,51.58948568015553,1456.5056795966475,1889.0401981556588
2023-06-04,2023,6,LATO,16.80344481764078,51.58948568015553,2912.5589340426127,1885.1632174352003
2023-06-04,2023,6,LATO,16.866326887529155,51.58948568015553,7268.267033888717,1887.7872662454583
2023-06-04,2023,6,LATO,16.929208957417515,51.58948568015553,11625.639526185509,1889.8035592621818
2023-06-04,2023,6,LATO,16.992091027305875,51.58948568015553,15983.313323809196,1881.1038892119411
2023-06-04,2023,6,LATO,17.05497309719425,51.58948568015553,20341.092594536985,1872.9857155834663
2023-06-04,2023,6,LATO,17.11785516708261,51.58948568015553,24698.91914071422,1889.3403723346157
2023-06-04,2023,6,LATO,16.426152398310577,51.65236775004391,24211.69931278745,1884.4163594994432
2023-06-04,2023,6,LATO,16.489034468198952,51.65236775004391,20072.528275770994,1885.2682709008418
2023-06-04,2023,6,LATO,16.551916538087312,51.65236775004391,16047.953486807288,1883.674921392632
2023-06-04,2023,6,LATO,16.614798607975686,51.65236775004391,12251.439160938848,1892.746101379045
2023-06-04,2023,6,LATO,16.677680677864046,51.65236775004391,8977.156866042955,1893.308260949911
2023-06-04,2023,6,LATO,16.74056274775242,51.65236775004391,7000.8287602165365,1887.005319632338
2023-06-04,2023,6,LATO,16.80344481764078,51.65236775004391,7440.7240432757335,1890.4579972876704
2023-06-04,2023,6,LATO,16.866326887529155,51.65236775004391,9982.370540258755,1894.1218901638556
2023-06-04,2023,6,LATO,16.929208957417515,51.65236775004391,13485.612600907245,1885.5528874368097
2023-06-04,2023,6,LATO,16.992091027305875,51.65236775004391,17378.330580821977,1882.607440131573
2023-06-04,2023,6,LATO,17.05497309719425,51.65236775004391,21449.51032645465,1885.5962496693078
2023-06-04,2023,6,LATO,16.489034468198952,51.71524981993227,23392.42763750961,1878.761057405681
2023-06-04,2023,6,LATO,16.551916538087312,51.71524981993227,20050.86996583991,1879.874060064151
2023-06-04,2023,6,LATO,16.614798607975686,51.71524981993227,17168.20275811432,1892.0849286899015
2023-06-04,2023,6,LATO,16.677680677864046,51.71524981993227,15011.166602358962,1892.4661014155224
2023-06-04,2023,6,LATO,16.74056274775242,51.71524981993227,13921.247619234951,1891.8396143231225
2023-06-04,2023,6,LATO,16.80344481764078,51.71524981993227,14147.265106642424,1890.2036639284743
2023-06-04,2023,6,LATO,16.866326887529155,51.71524981993227,15632.244799391508,1891.922321728796
2023-06-04,2023,6,LATO,16.929208957417515,51.71524981993227,18068.40211024761,1884.840478360798
2023-06-04,2023,6,LATO,16.992091027305875,51.71524981993227,21129.253707015116,1885.0446777343461
2023-06-04,2023,6,LATO,17.05497309719425,51.71524981993227,24582.54703872513,1884.7006804329192
2023-06-04,2023,6,LATO,16.614798607975686,51.77813188982064,23179.713805871586,1878.8164722649578
2023-06-04,2023,6,LATO,16.677680677864046,51.77813188982064,21632.923911312602,1895.3429970510938
2023-06-04,2023,6,LATO,16.74056274775242,51.77813188982064,20892.418416735138,1897.2296215459655
2023-06-04,2023,6,LATO,16.80344481764078,51.77813188982064,21043.486525155,1894.3411520732823
2023-06-04,2023,6,LATO,16.866326887529155,51.77813188982064,22067.825998990276,1892.1200643099512
2023-06-04,2023,6,LATO,16.929208957417515,51.77813188982064,23853.198376497356,1883.456741900485
2023-06-05,2023,6,LATO,16.929208957417515,51.4637215403788,18314.666201500986,1850.843257541776
2023-06-05,2023,6,LATO,16.992091027305875,51.4637215403788,21355.786210260703,1850.8432589966694
2023-06-05,2023,6,LATO,17.05497309719425,51.4637215403788,24795.16124864444,1850.8432632234944
2023-06-05,2023,6,LATO,16.426152398310577,51.52660361026717,24327.093489808864,1877.6648649913714
2023-06-05,2023,6,LATO,16.489034468198952,51.52660361026717,20199.02608241299,1876.4132900128566
2023-06-05,2023,6,LATO,16.426152398310577,51.58948568015553,23239.17742155401,1877.9416799232897
2023-06-05,2023,6,LATO,16.489034468198952,51.58948568015553,18881.363095119337,1878.3304708858195
2023-06-05,2023,6,LATO,16.866326887529155,51.58948568015553,7268.267033888717,1885.2252945432715
2023-06-05,2023,6,LATO,16.426152398310577,51.65236775004391,24211.69931278745,1886.1700546702236
2023-06-05,2023,6,LATO,16.489034468198952,51.65236775004391,20072.528275770994,1885.3202291642858
2023-06-05,2023,6,LATO,16.551916538087312,51.65236775004391,16047.953486807288,1883.813251332029
2023-06-05,2023,6,LATO,16.614798607975686,51.65236775004391,12251.439160938848,1898.7011720037947
2023-06-05,2023,6,LATO,16.677680677864046,51.65236775004391,8977.156866042955,1898.7011663450105
2023-06-05,2023,6,LATO,16.74056274775242,51.65236775004391,7000.8287602165365,1880.9011178097985
2023-06-05,2023,6,LATO,16.80344481764078,51.65236775004391,7440.7240432757335,1888.789659495953
2023-06-05,2023,6,LATO,16.866326887529155,51.65236775004391,9982.370540258755,1887.8503359393608
2023-06-05,2023,6,LATO,16.929208957417515,51.65236775004391,13485.612600907245,1885.5207597354386
2023-06-05,2023,6,LATO,16.992091027305875,51.65236775004391,17378.330580821977,1872.3272270865261
2023-06-05,2023,6,LATO,17.05497309719425,51.65236775004391,21449.51032645465,1869.5683559549093
2023-06-05,2023,6,LATO,16.489034468198952,51.71524981993227,23392.42763750961,1887.2330657304205
2023-06-05,2023,6,LATO,16.551916538087312,51.71524981993227,20050.86996583991,1891.56229214221
2023-06-05,2023,6,LATO,16.614798607975686,51.71524981993227,17168.20275811432,1894.0388017291139
2023-06-05,2023,6,LATO,16.677680677864046,51.71524981993227,15011.166602358962,1891.0365028806268
2023-06-05,2023,6,LATO,16.74056274775242,51.71524981993227,13921.247619234951,1880.9011230468095
2023-06-05,2023,6,LATO,16.80344481764078,51.71524981993227,14147.265106642424,1880.4222014162287
2023-06-05,2023,6,LATO,16.866326887529155,51.71524981993227,15632.244799391508,1884.3348646001932
2023-06-05,2023,6,LATO,16.929208957417515,51.71524981993227,18068.40211024761,1883.919198137586
2023-06-05,2023,6,LATO,16.992091027305875,51.71524981993227,21129.253707015116,1876.6763759001462
2023-06-05,2023,6,LATO,17.05497309719425,51.71524981993227,24582.54703872513,1873.8562338975826
2023-06-05,2023,6,LATO,16.614798607975686,51.77813188982064,23179.713805871586,1884.499050300078
2023-06-05,2023,6,LATO,16.677680677864046,51.77813188982064,21632.923911312602,1882.0959873428035
2023-06-05,2023,6,LATO,16.74056274775242,51.77813188982064,20892.418416735138,1877.7793900718916
2023-06-05,2023,6,LATO,16.80344481764078,51.77813188982064,21043.486525155,1877.4584944720682
2023-06-05,2023,6,LATO,16.866326887529155,51.77813188982064,22067.825998990276,1877.3598691782533
2023-06-05,2023,6,LATO,16.929208957417515,51.77813188982064,23853.198376497356,1874.6258941467672
2023-06-12,2023,6,LATO,17.051471321694805,51.460219764879355,24822.557353302105,1858.8705894488526
2023-06-25,2023,6,LATO,16.42265062281112,51.523101834767715,24676.334411369953,1855.9039666822675
2023-07-09,2023,7,LATO,16.61830038347513,51.40083947049044,23357.325009271568,1866.2692820174689
2023-07-09,2023,7,LATO,16.681182453363505,51.40083947049044,21858.551501215836,1884.12685588841
2023-07-09,2023,7,LATO,16.744064523251865,51.40083947049044,21169.97948026083,1885.9084304584676
2023-07-09,2023,7,LATO,16.80694659314024,51.40083947049044,21370.06897100889,1894.0879449812076
2023-07-09,2023,7,LATO,16.8698286630286,51.40083947049044,22435.0560994152,1894.3402446720388
2023-07-09,2023,7,LATO,16.93271073291696,51.40083947049044,24251.263556444006,1895.6006324947266
2023-07-09,2023,7,LATO,16.492536243698396,51.4637215403788,23414.899936381134,1871.9159753221093
2023-07-09,2023,7,LATO,16.55541831358677,51.4637215403788,20109.85804646847,1872.1908438878388
2023-07-09,2023,7,LATO,16.61830038347513,51.4637215403788,17281.293111147876,1873.196183195849
2023-07-09,2023,7,LATO,16.681182453363505,51.4637215403788,15197.621096555067,1884.6008982919784
2023-07-09,2023,7,LATO,16.744064523251865,51.4637215403788,14190.84584916038,1884.304561213867
2023-07-09,2023,7,LATO,16.80694659314024,51.4637215403788,14487.243995223931,1885.4991183656448
2023-07-09,2023,7,LATO,16.8698286630286,51.4637215403788,16014.622221210599,1890.1473484936841
2023-07-09,2023,7,LATO,16.93271073291696,51.4637215403788,18470.080696861653,1894.1837244208705
2023-07-09,2023,7,LATO,16.995592802805334,51.4637215403788,21538.512564881104,1885.3083632827233
2023-07-09,2023,7,LATO,16.492536243698396,51.52660361026717,19972.051812045833,1865.200448982375
2023-07-09,2023,7,LATO,16.55541831358677,51.52660361026717,15975.901719855694,1867.3684104720367
2023-07-09,2023,7,LATO,16.61830038347513,51.52660361026717,12231.57540312029,1885.33593676494
2023-07-09,2023,7,LATO,16.681182453363505,51.52660361026717,9056.98399072358,1884.7034172205656
2023-07-09,2023,7,LATO,16.744064523251865,51.52660361026717,7244.448058339897,1884.7220194102613
2023-07-09,2023,7,LATO,16.80694659314024,51.52660361026717,7808.35931830702,1884.7648925780961
2023-07-09,2023,7,LATO,16.8698286630286,51.52660361026717,10367.949829927013,1884.6599113455388
2023-07-09,2023,7,LATO,16.93271073291696,51.52660361026717,13858.349421879799,1897.2947482618924
2023-07-09,2023,7,LATO,16.995592802805334,51.52660361026717,17738.342418009554,1896.0236194370573
2023-07-09,2023,7,LATO,17.058474872693694,51.52660361026717,21800.896834026396,1879.4605818410273
2023-07-09,2023,7,LATO,16.492536243698396,51.58948568015553,18638.68657756391,1888.2185993702078
2023-07-09,2023,7,LATO,16.55541831358677,51.58948568015553,14280.938082559509,1887.5022249295114
2023-07-09,2023,7,LATO,16.61830038347513,51.58948568015553,9923.342104413665,1885.9715696105802
2023-07-09,2023,7,LATO,16.681182453363505,51.58948568015553,5566.263859325466,1885.3930184374115
2023-07-09,2023,7,LATO,16.744064523251865,51.58948568015553,1215.305280410641,1884.862299264557
2023-07-09,2023,7,LATO,16.80694659314024,51.58948568015553,3154.958170320423,1884.7189148461632
2023-07-09,2023,7,LATO,16.8698286630286,51.58948568015553,7510.903373324361,1888.1069708772916
2023-07-09,2023,7,LATO,16.93271073291696,51.58948568015553,11868.30475862019,1896.978556314526
2023-07-09,2023,7,LATO,16.995592802805334,51.58948568015553,16225.987294598535,1897.148816807861
2023-07-09,2023,7,LATO,17.058474872693694,51.58948568015553,20583.770219831662,1896.5826071457343
2023-07-09,2023,7,LATO,16.429654173810036,51.65236775004391,23979.18804702071,1882.3743321178274
2023-07-09,2023,7,LATO,16.492536243698396,51.65236775004391,19844.740657150767,1885.342253288438
2023-07-09,2023,7,LATO,16.55541831358677,51.65236775004391,15828.974167484621,1886.4254418839134
2023-07-09,2023,7,LATO,16.61830038347513,51.65236775004391,12051.126562228537,1887.4797611168303
2023-07-09,2023,7,LATO,16.681182453363505,51.65236775004391,8822.33065588357,1888.1134212634445
2023-07-09,2023,7,LATO,16.744064523251865,51.65236775004391,6954.71461830716,1887.1690676476721
2023-07-09,2023,7,LATO,16.80694659314024,51.65236775004391,7538.772964134258,1890.519094207369
2023-07-09,2023,7,LATO,16.8698286630286,51.65236775004391,10160.153935915157,1892.952912961116
2023-07-09,2023,7,LATO,16.93271073291696,51.65236775004391,13695.073376721579,1897.3322786403605
2023-07-09,2023,7,LATO,16.995592802805334,51.65236775004391,17601.475417570262,1897.2726859596387
2023-07-09,2023,7,LATO,17.058474872693694,51.65236775004391,21679.46783056369,1896.9422336156983
2023-07-09,2023,7,LATO,16.492536243698396,51.71524981993227,23197.534347607052,1882.3743896483757
2023-07-09,2023,7,LATO,16.55541831358677,51.71524981993227,19876.284026855068,1883.2186868901947
2023-07-09,2023,7,LATO,16.61830038347513,51.71524981993227,17026.03367518323,1886.4028427450814
2023-07-09,2023,7,LATO,16.681182453363505,51.71524981993227,14919.219680604592,1887.391486483819
2023-07-09,2023,7,LATO,16.744064523251865,51.71524981993227,13898.146570305822,1888.0198364756873
2023-07-09,2023,7,LATO,16.80694659314024,51.71524981993227,14199.00697744009,1887.9262663194093
2023-07-09,2023,7,LATO,16.8698286630286,51.71524981993227,15746.209682334471,1890.3358633349444
2023-07-09,2023,7,LATO,16.93271073291696,51.71524981993227,18225.052920267543,1892.5737561111732
2023-07-09,2023,7,LATO,16.995592802805334,51.71524981993227,21312.909613572112,1895.4893205647725
2023-07-09,2023,7,LATO,17.058474872693694,51.71524981993227,24783.174159753296,1897.2905520937554
2023-07-09,2023,7,LATO,16.61830038347513,51.77813188982064,23074.759292339393,1881.190598195501
2023-07-09,2023,7,LATO,16.681182453363505,51.77813188982064,21569.31171970264,1887.7143809689392
2023-07-09,2023,7,LATO,16.744064523251865,51.77813188982064,20877.053939108304,1889.610761306274
2023-07-09,2023,7,LATO,16.80694659314024,51.77813188982064,21078.258474183043,1888.164948805058
2023-07-09,2023,7,LATO,16.8698286630286,51.77813188982064,22148.589657581215,1887.2543786739268
2023-07-09,2023,7,LATO,16.93271073291696,51.77813188982064,23971.91232059278,1885.8967511518229
2023-07-09,2023,7,LATO,16.611296832476228,51.397337694990995,23918.645184141587,1879.5455024521075
2023-07-09,2023,7,LATO,16.674178902364588,51.397337694990995,22362.464810076908,1879.4825734743579
2023-07-09,2023,7,LATO,16.737060972252976,51.397337694990995,21591.690832879205,1890.4047279913289
2023-07-09,2023,7,LATO,16.799943042141336,51.397337694990995,21690.2137014598,1890.3814660167714
2023-07-09,2023,7,LATO,16.862825112029697,51.397337694990995,22646.69100688218,1890.3349385453514
2023-07-09,2023,7,LATO,16.925707181918057,51.397337694990995,24360.27315534031,1872.7378635569721
2023-07-09,2023,7,LATO,16.485532692699508,51.460219764879355,24038.169538358412,1888.4019985562295
2023-07-09,2023,7,LATO,16.548414762587868,51.460219764879355,20729.90718145822,1888.3938558141856
2023-07-09,2023,7,LATO,16.611296832476228,51.460219764879355,17880.583453753687,1888.3808338896824
2023-07-09,2023,7,LATO,16.674178902364588,51.460219764879355,15741.419416381,1888.3743285169967
2023-07-09,2023,7,LATO,16.737060972252976,51.460219764879355,14627.373441799897,1885.4586905199212
2023-07-09,2023,7,LATO,16.799943042141336,51.460219764879355,14772.21913775697,1885.4818366192787
2023-07-09,2023,7,LATO,16.862825112029697,51.460219764879355,16142.103890424161,1885.5281182031426
2023-07-09,2023,7,LATO,16.925707181918057,51.460219764879355,18466.384295238193,1861.3514675474626
2023-07-09,2023,7,LATO,16.988589251806417,51.460219764879355,21436.837090162604,1861.3754159561845
2023-07-09,2023,7,LATO,17.051471321694805,51.460219764879355,24822.557353302105,1861.42334075745
2023-07-09,2023,7,LATO,16.485532692699508,51.523101834767715,20566.533222157905,1883.5753608759164
2023-07-09,2023,7,LATO,16.548414762587868,51.523101834767715,16585.57516115953,1883.6318392049072
2023-07-09,2023,7,LATO,16.611296832476228,51.523101834767715,12853.740550323688,1883.7447976843118
2023-07-09,2023,7,LATO,16.674178902364588,51.523101834767715,9664.078931179667,1884.601463161613
2023-07-09,2023,7,LATO,16.737060972252976,51.523101834767715,7720.664784772775,1885.7589149317835
2023-07-09,2023,7,LATO,16.799943042141336,51.523101834767715,7991.321238525667,1885.7334508536612
2023-07-09,2023,7,LATO,16.862825112029697,51.523101834767715,10303.014807201598,1883.1079335710517
2023-07-09,2023,7,LATO,16.925707181918057,51.523101834767715,13655.822493822387,1875.996757054923
2023-07-09,2023,7,LATO,16.988589251806417,51.523101834767715,17459.933369514594,1875.895884357024
2023-07-09,2023,7,LATO,17.051471321694805,51.523101834767715,21476.85639948017,1876.7254115730875
2023-07-09,2023,7,LATO,16.485532692699508,51.58598390465609,19131.734753019387,1883.2580509893432
2023-07-09,2023,7,LATO,16.548414762587868,51.58598390465609,14775.861788027069,1883.258061265816
2023-07-09,2023,7,LATO,16.611296832476228,51.58598390465609,10421.8419252194,1883.2580581904429
2023-07-09,2023,7,LATO,16.674178902364588,51.58598390465609,6073.6684473133355,1884.775928258072
2023-07-09,2023,7,LATO,16.737060972252976,51.58598390465609,1774.8584868213236,1886.1506383388687
2023-07-09,2023,7,LATO,16.799943042141336,51.58598390465609,2719.712553001884,1886.1506228489739
2023-07-09,2023,7,LATO,16.862825112029697,51.58598390465609,7044.82694867206,1887.5772749946211
2023-07-09,2023,7,LATO,16.925707181918057,51.58598390465609,11395.10169031357,1886.9771611544688
2023-07-09,2023,7,LATO,16.988589251806417,51.58598390465609,15749.699818762218,1886.9238133911426
2023-07-09,2023,7,LATO,17.051471321694805,51.58598390465609,20105.810226435016,1885.7283688257646
2023-07-09,2023,7,LATO,17.114353391583165,51.58598390465609,24462.62268161473,1884.8537289752246
2023-07-09,2023,7,LATO,16.42265062281112,51.64886597454445,24338.97944000566,1875.6485755919045
2023-07-09,2023,7,LATO,16.862825112029697,51.64886597454445,9539.532909913665,1894.468243206317
2023-07-09,2023,7,LATO,16.925707181918057,51.64886597454445,13080.925520782024,1894.5348764670305
2023-07-09,2023,7,LATO,16.988589251806417,51.64886597454445,17004.47180573391,1894.568187034615
2023-07-09,2023,7,LATO,17.051471321694805,51.64886597454445,21098.031402754626,1887.2247030334245
2023-07-09,2023,7,LATO,16.862825112029697,51.711748044432824,15174.812763731501,1888.3731689452836
2023-07-09,2023,7,LATO,16.925707181918057,51.711748044432824,17614.53506315774,1888.373168945349
2023-07-09,2023,7,LATO,16.988589251806417,51.711748044432824,20691.781140070114,1888.3731689452832
2023-07-09,2023,7,LATO,17.051471321694805,51.711748044432824,24164.20381730272,1888.4586838980863
2023-07-09,2023,7,LATO,16.611296832476228,51.774630114321184,22938.830904271606,1884.0807355264224
2023-07-09,2023,7,LATO,16.674178902364588,51.774630114321184,21325.155889422454,1886.8514410674163
2023-07-09,2023,7,LATO,16.737060972252976,51.774630114321184,20522.256263071482,1886.8514388758783
2023-07-09,2023,7,LATO,16.799943042141336,51.774630114321184,20625.035412925725,1886.8514472844536
2023-07-09,2023,7,LATO,16.862825112029697,51.774630114321184,21620.581268314785,1884.142436349371
2023-07-09,2023,7,LATO,16.925707181918057,51.774630114321184,23395.200733003247,1884.168973711717
2023-07-11,2023,7,LATO,16.74056274775242,51.397337694990995,21573.95819268799,1850.34154974356
2023-07-11,2023,7,LATO,16.80344481764078,51.397337694990995,21721.510866786535,1851.1595358950915
2023-07-11,2023,7,LATO,16.866326887529155,51.397337694990995,22723.454514856738,1857.1179520435146
2023-07-11,2023,7,LATO,16.929208957417515,51.397337694990995,24475.085109585685,1862.3845470166875
2023-07-11,2023,7,LATO,16.80344481764078,51.460219764879355,14818.071988076592,1875.2679654177055
2023-07-11,2023,7,LATO,16.866326887529155,51.460219764879355,16249.477297498555,1875.2679484218145
2023-07-11,2023,7,LATO,16.992091027305875,51.460219764879355,21616.16010682343,1870.5097341763626
2023-07-11,2023,7,LATO,16.426152398310577,51.523101834767715,24445.17845883048,1854.2045463016232
2023-07-11,2023,7,LATO,16.551916538087312,51.523101834767715,16369.578958925387,1880.7592795094022
2023-07-11,2023,7,LATO,16.614798607975686,51.523101834767715,12657.754103499872,1880.7592761584597
2023-07-11,2023,7,LATO,16.677680677864046,51.523101834767715,9513.821540943849,1870.025010265221
2023-07-11,2023,7,LATO,16.74056274775242,51.523101834767715,7671.070689869811,1864.1555567059102
2023-07-11,2023,7,LATO,16.426152398310577,51.58598390465609,23245.79847840675,1857.3222774341245
2023-07-11,2023,7,LATO,16.489034468198952,51.58598390465609,18889.13814833376,1862.0972957819088
2023-07-11,2023,7,LATO,16.551916538087312,51.58598390465609,14533.331045684508,1871.728199093877
2023-07-11,2023,7,LATO,16.614798607975686,51.58598390465609,10179.47780848882,1879.9252572142943
2023-07-11,2023,7,LATO,16.677680677864046,51.58598390465609,5831.962883563788,1864.6092431461827
2023-07-11,2023,7,LATO,16.74056274775242,51.58598390465609,1545.2607631434475,1864.1555186931905
2023-07-11,2023,7,LATO,16.677680677864046,51.774630114321184,21257.858795324755,1877.2596499614515
2023-07-11,2023,7,LATO,16.74056274775242,51.774630114321184,20503.75270406401,1877.259635743205
2023-07-15,2023,7,LATO,16.614798607975686,51.397337694990995,23813.608073704934,1869.627428593719
2023-07-15,2023,7,LATO,16.677680677864046,51.397337694990995,22297.764124350146,1864.3440618548236
2023-07-15,2023,7,LATO,16.74056274775242,51.397337694990995,21573.95819268799,1861.7085975672146
2023-07-15,2023,7,LATO,16.80344481764078,51.397337694990995,21721.510866786535,1861.65108238797
2023-07-15,2023,7,LATO,16.866326887529155,51.397337694990995,22723.454514856738,1861.8784707446473
2023-07-15,2023,7,LATO,16.929208957417515,51.397337694990995,24475.085109585685,1862.7482789714063
2023-07-15,2023,7,LATO,16.489034468198952,51.460219764879355,23845.008232145603,1872.6797517218502
2023-07-15,2023,7,LATO,16.551916538087312,51.460219764879355,20557.26317336872,1871.761833714758
2023-07-15,2023,7,LATO,16.614798607975686,51.460219764879355,17740.02485160034,1871.3170990286167
2023-07-15,2023,7,LATO,16.677680677864046,51.460219764879355,15649.495259100015,1867.3620732243944
2023-07-15,2023,7,LATO,16.74056274775242,51.460219764879355,14601.221303591914,1867.3460693358727
2023-07-15,2023,7,LATO,16.80344481764078,51.460219764879355,14818.071988076592,1874.0156705984896
2023-07-15,2023,7,LATO,16.866326887529155,51.460219764879355,16249.477297498555,1873.3395015881053
2023-07-15,2023,7,LATO,16.929208957417515,51.460219764879355,18617.372092933372,1860.3549999707757
2023-07-15,2023,7,LATO,16.992091027305875,51.460219764879355,21616.16010682343,1856.1111446512396
2023-07-15,2023,7,LATO,16.426152398310577,51.523101834767715,24445.17845883048,1869.9589843749347
2023-07-15,2023,7,LATO,16.489034468198952,51.523101834767715,20340.743005335,1869.829326577789
2023-07-15,2023,7,LATO,16.551916538087312,51.523101834767715,16369.578958925387,1869.7949103659485
2023-07-15,2023,7,LATO,16.614798607975686,51.523101834767715,12657.754103499872,1870.3956372561477
2023-07-15,2023,7,LATO,16.677680677864046,51.523101834767715,9513.821540943849,1870.538009055604
2023-07-15,2023,7,LATO,16.74056274775242,51.523101834767715,7671.070689869811,1870.0437339523976
2023-07-15,2023,7,LATO,16.80344481764078,51.523101834767715,8075.651649937705,1866.0823838209383
2023-07-15,2023,7,LATO,16.866326887529155,51.523101834767715,10470.211718879696,1866.1603461144957
2023-07-15,2023,7,LATO,16.929208957417515,51.523101834767715,13859.040087329411,1857.2953543215797
2023-07-15,2023,7,LATO,16.992091027305875,51.523101834767715,17679.33982619234,1856.3950388878334
2023-07-15,2023,7,LATO,17.05497309719425,51.523101834767715,21704.456153907067,1863.653602382806
2023-07-15,2023,7,LATO,16.426152398310577,51.58598390465609,23245.79847840675,1871.117464715224
2023-07-15,2023,7,LATO,16.489034468198952,51.58598390465609,18889.13814833376,1861.411600116814
2023-07-15,2023,7,LATO,16.551916538087312,51.58598390465609,14533.331045684508,1862.0644800627695
2023-07-15,2023,7,LATO,16.614798607975686,51.58598390465609,10179.47780848882,1868.0649912857134
2023-07-15,2023,7,LATO,16.677680677864046,51.58598390465609,5831.962883563788,1868.3183219901748
2023-07-15,2023,7,LATO,16.74056274775242,51.58598390465609,1545.2607631434475,1867.4310932399271
2023-07-15,2023,7,LATO,16.80344481764078,51.58598390465609,2958.024763175277,1865.0711084004026
2023-07-15,2023,7,LATO,16.866326887529155,51.58598390465609,7286.839225247103,1865.127023631209
2023-07-15,2023,7,LATO,16.929208957417515,51.58598390465609,11637.531703255183,1869.5949990041768
2023-07-15,2023,7,LATO,16.992091027305875,51.58598390465609,15992.254510128687,1869.0646720726056
2023-07-15,2023,7,LATO,17.05497309719425,51.58598390465609,20348.4180571115,1875.5144694553424
2023-07-15,2023,7,LATO,17.11785516708261,51.58598390465609,24705.257869537152,1877.6699218750362
2023-07-15,2023,7,LATO,16.426152398310577,51.64886597454445,24105.23793976072,1870.4967392750957
2023-07-15,2023,7,LATO,16.489034468198952,51.64886597454445,19943.63009478907,1870.6201171345438
2023-07-15,2023,7,LATO,16.551916538087312,51.64886597454445,15886.081924716762,1870.402542882858
2023-07-15,2023,7,LATO,16.614798607975686,51.64886597454445,12038.283355681328,1874.5930358929254
2023-07-15,2023,7,LATO,16.677680677864046,51.64886597454445,8683.69074994786,1874.7917729127225
2023-07-15,2023,7,LATO,16.74056274775242,51.64886597454445,6620.143809888704,1869.5554974870436
2023-07-15,2023,7,LATO,16.80344481764078,51.64886597454445,7083.753610177349,1869.3637695312214
2023-07-15,2023,7,LATO,16.866326887529155,51.64886597454445,9719.379257419387,1872.004578297364
2023-07-15,2023,7,LATO,16.929208957417515,51.64886597454445,13292.35500008308,1881.131256851166
2023-07-15,2023,7,LATO,16.992091027305875,51.64886597454445,17229.062329563643,1880.9787885715511
2023-07-15,2023,7,LATO,17.05497309719425,51.64886597454445,21329.038621440097,1873.408720211421
2023-07-15,2023,7,LATO,16.489034468198952,51.711748044432824,23164.537143974856,1873.4626457053423
2023-07-15,2023,7,LATO,16.551916538087312,51.711748044432824,19784.24325381317,1873.2783169002269
2023-07-15,2023,7,LATO,16.614798607975686,51.711748044432824,16855.793913467194,1871.377075195381
2023-07-15,2023,7,LATO,16.677680677864046,51.711748044432824,14652.657108918882,1871.377075195251
2023-07-15,2023,7,LATO,16.74056274775242,51.711748044432824,13533.807197637847,1871.4902643087096
2023-07-15,2023,7,LATO,16.80344481764078,51.711748044432824,13766.20506055445,1871.242562357594
2023-07-15,2023,7,LATO,16.866326887529155,51.711748044432824,15288.354581972251,1873.7473741644799
2023-07-15,2023,7,LATO,16.929208957417515,51.711748044432824,17771.89379757152,1877.101210126845
2023-07-15,2023,7,LATO,16.992091027305875,51.711748044432824,20876.486494360677,1877.4363851026214
2023-07-15,2023,7,LATO,17.05497309719425,51.711748044432824,24365.88064045875,1866.2375195427949
2023-07-15,2023,7,LATO,16.614798607975686,51.774630114321184,22830.191850846997,1867.639538882896
2023-07-15,2023,7,LATO,16.677680677864046,51.774630114321184,21257.858795324755,1867.9697809355227
2023-07-15,2023,7,LATO,16.74056274775242,51.774630114321184,20503.75270406401,1875.7583660063435
2023-07-15,2023,7,LATO,16.80344481764078,51.774630114321184,20657.67515407771,1873.148855989566
2023-07-15,2023,7,LATO,16.866326887529155,51.774630114321184,21700.312866428067,1861.5140755839193
2023-07-15,2023,7,LATO,16.929208957417515,51.774630114321184,23513.741779763972,1863.1202128371415
2023-07-18,2023,7,LATO,16.489034468198952,51.4637215403788,23609.063782898636,1856.514177210967
2023-07-18,2023,7,LATO,16.551916538087312,51.4637215403788,20283.385118362596,1856.5141590667458
2023-07-18,2023,7,LATO,16.426152398310577,51.52660361026717,24327.093489808864,1859.9827781785687
2023-07-18,2023,7,LATO,16.489034468198952,51.52660361026717,20199.02608241299,1859.9828174980332
2023-07-18,2023,7,LATO,16.489034468198952,51.58948568015553,18881.363095119337,1859.982817036937
2023-07-18,2023,7,LATO,16.614798607975686,51.65236775004391,12251.439160938848,1861.1218116987407
2023-07-18,2023,7,LATO,16.677680677864046,51.65236775004391,8977.156866042955,1861.1218620289021
2023-07-18,2023,7,LATO,16.929208957417515,51.65236775004391,13485.612600907245,1865.1800728729963
2023-07-18,2023,7,LATO,16.992091027305875,51.65236775004391,17378.330580821977,1868.0922703486006
2023-07-18,2023,7,LATO,17.05497309719425,51.65236775004391,21449.51032645465,1870.0451705231446
2023-07-18,2023,7,LATO,16.551916538087312,51.71524981993227,20050.86996583991,1859.4758308547214
2023-07-18,2023,7,LATO,16.614798607975686,51.71524981993227,17168.20275811432,1861.107110755524
2023-07-18,2023,7,LATO,16.677680677864046,51.71524981993227,15011.166602358962,1861.121825779799
2023-07-18,2023,7,LATO,16.74056274775242,51.71524981993227,13921.247619234951,1880.4904824747425
2023-07-18,2023,7,LATO,16.866326887529155,51.71524981993227,15632.244799391508,1868.5679974624336
2023-07-18,2023,7,LATO,16.929208957417515,51.71524981993227,18068.40211024761,1862.0312911522637
2023-07-18,2023,7,LATO,16.992091027305875,51.71524981993227,21129.253707015116,1861.0576171874714
2023-07-18,2023,7,LATO,17.05497309719425,51.71524981993227,24582.54703872513,1870.045219708128
2023-07-18,2023,7,LATO,16.614798607975686,51.77813188982064,23179.713805871586,1851.1829275177647
2023-07-18,2023,7,LATO,16.677680677864046,51.77813188982064,21632.923911312602,1863.5282102980843
2023-07-18,2023,7,LATO,16.74056274775242,51.77813188982064,20892.418416735138,1876.3706321426273
2023-07-18,2023,7,LATO,16.80344481764078,51.77813188982064,21043.486525155,1879.455932637693
2023-07-18,2023,7,LATO,16.929208957417515,51.77813188982064,23853.198376497356,1868.7950348775785
2024-02-10,2024,2,ZIMA,16.63230748547294,51.39033414399208,24040.75037827768,1781.5055789458756
2024-02-10,2024,2,ZIMA,16.695189555361306,51.39033414399208,22774.361202252046,1811.1860793004864
2024-02-10,2024,2,ZIMA,16.758071625249674,51.39033414399208,22305.47501033657,1795.4902650702593
2024-02-10,2024,2,ZIMA,16.82095369513804,51.39033414399208,22683.599851816612,1801.2367569056312
2024-02-10,2024,2,ZIMA,16.883835765026408,51.39033414399208,23868.515249312062,1800.2455620236708
2024-02-10,2024,2,ZIMA,16.50654334569621,51.45321621388044,23396.738235416302,1783.8882973087998
2024-02-10,2024,2,ZIMA,16.569425415584575,51.45321621388044,20298.01174458644,1784.8858338357904
2024-02-10,2024,2,ZIMA,16.63230748547294,51.45321621388044,17740.006059764815,1790.5486926924834
2024-02-10,2024,2,ZIMA,16.695189555361306,51.45321621388044,15984.460380881492,1833.4690990466843
2024-02-10,2024,2,ZIMA,16.758071625249674,51.45321621388044,15309.953112466403,1841.0498114003879
2024-02-10,2024,2,ZIMA,16.82095369513804,51.45321621388044,15855.056231952789,1858.5619481810045
2024-02-10,2024,2,ZIMA,17.00959990480314,51.45321621388044,23041.845730008954,1811.2135022783953
2024-02-10,2024,2,ZIMA,16.50654334569621,51.51609828376883,19537.84054011882,1783.888359462776
2024-02-10,2024,2,ZIMA,16.569425415584575,51.51609828376883,15700.8009096385,1783.8882946435065
2024-02-10,2024,2,ZIMA,16.63230748547294,51.51609828376883,12220.773060573265,1783.8883123609878
2024-02-10,2024,2,ZIMA,16.758071625249674,51.51609828376883,8315.313151789731,1860.4680182636948
2024-02-10,2024,2,ZIMA,16.82095369513804,51.51609828376883,9279.50594577174,1860.4680274373409
2024-02-10,2024,2,ZIMA,16.883835765026408,51.64186242354555,10202.945413633863,1812.9693573640764
2024-02-10,2024,2,ZIMA,16.94671783491477,51.64186242354555,14031.998661490588,1812.9693603515973
2024-02-10,2024,2,ZIMA,16.883835765026408,51.70474449343391,15245.895114827508,1812.9693722350924
2024-02-10,2024,2,ZIMA,16.94671783491477,51.70474449343391,18030.686749865705,1812.9693477015232
2024-02-16,2024,2,ZIMA,16.50654334569621,51.45321621388044,23396.738235416302,1850.0676263291878
2024-02-16,2024,2,ZIMA,16.44366127580784,51.51609828376883,23558.084958616277,1843.874139422234
2024-02-16,2024,2,ZIMA,16.50654334569621,51.51609828376883,19537.84054011882,1844.3849580124242
2024-02-16,2024,2,ZIMA,16.569425415584575,51.51609828376883,15700.8009096385,1842.43167030834
2024-02-16,2024,2,ZIMA,16.44366127580784,51.57898035365719,22067.09312874936,1827.6628107994877
2024-02-16,2024,2,ZIMA,16.50654334569621,51.57898035365719,17718.327792455035,1827.0069580077525
2024-02-16,2024,2,ZIMA,16.569425415584575,51.57898035365719,13375.848816009768,1835.0109054669647
2024-02-24,2024,2,ZIMA,16.62880570997349,51.39033414399208,24132.56253846387,1875.0940270062576
2024-02-24,2024,2,ZIMA,16.69168777986186,51.39033414399208,22824.767038267706,1874.6925368543154
2024-02-24,2024,2,ZIMA,16.75456984975022,51.39033414399208,22309.375774318905,1874.2584025470055
2024-02-24,2024,2,ZIMA,16.817451919638586,51.39033414399208,22640.567670053617,1873.8773742125784
2024-02-24,2024,2,ZIMA,16.503041570196757,51.45321621388044,23581.077953511707,1873.9207365834463
2024-02-24,2024,2,ZIMA,16.565923640085124,51.45321621388044,20458.436816040445,1875.1452579482664
2024-02-24,2024,2,ZIMA,16.62880570997349,51.45321621388044,17864.060187992847,1875.1452656946044
2024-02-24,2024,2,ZIMA,16.69168777986186,51.45321621388044,16056.097989486343,1880.5124351516854
2024-02-24,2024,2,ZIMA,16.75456984975022,51.45321621388044,15315.627883456851,1880.999382319152
2024-02-24,2024,2,ZIMA,16.817451919638586,51.45321621388044,15793.514056679513,1880.999378912471
2024-02-24,2024,2,ZIMA,16.44015950030839,51.51609828376883,23785.498505187956,1863.830224723323
2024-02-24,2024,2,ZIMA,16.503041570196757,51.51609828376883,19757.914628789506,1865.1413141571106
2024-02-24,2024,2,ZIMA,16.44015950030839,51.57898035365719,22309.377798593767,1864.362115925898
2024-02-24,2024,2,ZIMA,16.503041570196757,51.57898035365719,17960.37871340833,1864.4420406625666
2024-02-24,2024,2,ZIMA,16.817451919638586,51.57898035365719,4097.049152339476,1873.1586903403104
2024-02-24,2024,2,ZIMA,16.880333989526953,51.57898035365719,8342.87147823116,1873.158700345601
2024-02-24,2024,2,ZIMA,16.94321605941532,51.57898035365719,12665.426555374055,1873.1587107913315
2024-02-24,2024,2,ZIMA,16.44015950030839,51.64186242354555,22968.704488944466,1864.0832548672138
2024-02-24,2024,2,ZIMA,16.503041570196757,51.64186242354555,18779.51120392489,1866.6778431768673
2024-02-24,2024,2,ZIMA,16.565923640085124,51.64186242354555,14687.337978946705,1865.9982518916165
2024-02-24,2024,2,ZIMA,16.62880570997349,51.64186242354555,10803.011787778565,1866.6822836840672
2024-02-24,2024,2,ZIMA,16.69168777986186,51.64186242354555,7458.6619369363725,1867.7261980648695
2024-02-24,2024,2,ZIMA,16.75456984975022,51.64186242354555,5700.671005645907,1867.698742882806
2024-02-24,2024,2,ZIMA,16.817451919638586,51.64186242354555,6877.713124472197,1871.0689760641183
2024-02-24,2024,2,ZIMA,16.880333989526953,51.64186242354555,10002.381498184013,1872.2121221369202
2024-02-24,2024,2,ZIMA,16.94321605941532,51.64186242354555,13810.566952387238,1873.0408905079746
2024-02-24,2024,2,ZIMA,16.503041570196757,51.70474449343391,21924.029828531227,1865.5469645658231
2024-02-24,2024,2,ZIMA,16.565923640085124,51.70474449343391,18544.554847416206,1866.264918515717
2024-02-24,2024,2,ZIMA,16.62880570997349,51.70474449343391,15653.26864662927,1867.8953687943842
2024-02-24,2024,2,ZIMA,16.69168777986186,51.70474449343391,13565.988451621677,1867.9205617332061
2024-02-24,2024,2,ZIMA,16.75456984975022,51.70474449343391,12685.980479552787,1867.3821029185808
2024-02-24,2024,2,ZIMA,16.817451919638586,51.70474449343391,13255.900035496014,1864.9162248788705
2024-02-24,2024,2,ZIMA,16.880333989526953,51.70474449343391,15112.59324189347,1864.9155426692864
2024-02-24,2024,2,ZIMA,16.565923640085124,51.767626563322295,23874.360079904105,1862.1076477214096
2024-02-24,2024,2,ZIMA,16.62880570997349,51.767626563322295,21708.214615169894,1865.5749511719434
2024-02-24,2024,2,ZIMA,16.69168777986186,51.767626563322295,20256.910366016018,1865.7226777199426
2024-02-24,2024,2,ZIMA,16.75456984975022,51.767626563322295,19679.240479065716,1865.6273062406615
2024-02-24,2024,2,ZIMA,16.817451919638586,51.767626563322295,20050.855201186074,1865.4728040755328
2024-02-24,2024,2,ZIMA,16.880333989526953,51.767626563322295,21322.179027900544,1865.016948673561
2024-03-04,2024,3,ZIMA,16.63230748547294,51.39033414399208,24040.75037827768,1865.1401351419865
2024-03-04,2024,3,ZIMA,16.695189555361306,51.39033414399208,22774.361202252046,1865.140140039333
2024-03-04,2024,3,ZIMA,16.758071625249674,51.39033414399208,22305.47501033657,1865.14015787432
2024-03-04,2024,3,ZIMA,16.50654334569621,51.45321621388044,23396.738235416302,1871.33163736896
2024-03-04,2024,3,ZIMA,16.695189555361306,51.45321621388044,15984.460380881492,1865.1401968756422
2024-03-04,2024,3,ZIMA,16.758071625249674,51.45321621388044,15309.953112466403,1865.1401998107765
2024-03-08,2024,3,ZIMA,16.63230748547294,51.39033414399208,24040.75037827768,1889.792446685159
2024-03-08,2024,3,ZIMA,16.695189555361306,51.39033414399208,22774.361202252046,1892.4325914301535
2024-03-08,2024,3,ZIMA,16.758071625249674,51.39033414399208,22305.47501033657,1899.401590128947
2024-03-08,2024,3,ZIMA,16.82095369513804,51.39033414399208,22683.599851816612,1895.568211905602
2024-03-08,2024,3,ZIMA,16.883835765026408,51.39033414399208,23868.515249312062,1885.0452853763927
2024-03-08,2024,3,ZIMA,16.50654334569621,51.45321621388044,23396.738235416302,1902.2115193510685
2024-03-08,2024,3,ZIMA,16.569425415584575,51.45321621388044,20298.01174458644,1886.6663786751583
2024-03-08,2024,3,ZIMA,16.63230748547294,51.45321621388044,17740.006059764815,1886.8958740235066
2024-03-08,2024,3,ZIMA,16.695189555361306,51.45321621388044,15984.460380881492,1896.1384431200704
2024-03-08,2024,3,ZIMA,16.758071625249674,51.45321621388044,15309.953112466403,1894.6095071577151
2024-03-08,2024,3,ZIMA,16.82095369513804,51.45321621388044,15855.056231952789,1883.5666078752472
2024-03-08,2024,3,ZIMA,16.883835765026408,51.45321621388044,17506.212359873636,1882.6604810903934
2024-03-08,2024,3,ZIMA,16.94671783491477,51.45321621388044,19991.21689898653,1880.8525927606295
2024-03-08,2024,3,ZIMA,17.00959990480314,51.45321621388044,23041.845730008954,1883.5507477238195
2024-03-08,2024,3,ZIMA,16.44366127580784,51.51609828376883,23558.084958616277,1899.7900811649863
2024-03-08,2024,3,ZIMA,16.50654334569621,51.51609828376883,19537.84054011882,1896.350074744719
2024-03-08,2024,3,ZIMA,16.569425415584575,51.51609828376883,15700.8009096385,1883.338596855037
2024-03-08,2024,3,ZIMA,16.63230748547294,51.51609828376883,12220.773060573265,1884.5599800229304
2024-03-08,2024,3,ZIMA,16.695189555361306,51.51609828376883,9498.617637244897,1896.4045481273438
2024-03-08,2024,3,ZIMA,16.758071625249674,51.51609828376883,8315.313151789731,1897.825015944903
2024-03-08,2024,3,ZIMA,16.82095369513804,51.51609828376883,9279.50594577174,1875.4648842512945
2024-03-08,2024,3,ZIMA,16.883835765026408,51.51609828376883,11879.320814836998,1876.5576300204234
2024-03-08,2024,3,ZIMA,16.94671783491477,51.51609828376883,15302.66637249264,1874.6128416588351
2024-03-08,2024,3,ZIMA,17.00959990480314,51.51609828376883,19112.015949548942,1877.1499752825523
2024-03-08,2024,3,ZIMA,17.072481974691506,51.51609828376883,23117.327117444216,1877.096698944577
2024-03-08,2024,3,ZIMA,16.44366127580784,51.57898035365719,22067.09312874936,1892.8803016720756
2024-03-08,2024,3,ZIMA,16.50654334569621,51.57898035365719,17718.327792455035,1878.3879712760531
2024-03-08,2024,3,ZIMA,16.569425415584575,51.57898035365719,13375.848816009768,1883.5327640222495
2024-03-08,2024,3,ZIMA,16.63230748547294,51.57898035365719,9048.716728001045,1893.8364224090674
2024-03-08,2024,3,ZIMA,16.695189555361306,51.57898035365719,4778.811626111381,1891.4950767027224
2024-03-08,2024,3,ZIMA,16.758071625249674,51.57898035365719,1336.6685605293208,1873.4235691026827
2024-03-08,2024,3,ZIMA,16.82095369513804,51.57898035365719,4327.607486410343,1874.289917671091
2024-03-08,2024,3,ZIMA,16.883835765026408,51.57898035365719,8582.63182821231,1880.2105673230785
2024-03-08,2024,3,ZIMA,16.94671783491477,51.57898035365719,12906.850162773397,1878.370974147414
2024-03-08,2024,3,ZIMA,17.00959990480314,51.57898035365719,17248.297114973437,1888.5165775611372
2024-03-08,2024,3,ZIMA,17.072481974691506,51.57898035365719,21596.582807123174,1887.023071289095
2024-03-08,2024,3,ZIMA,16.44366127580784,51.64186242354555,22733.774236944053,1894.866336095671
2024-03-08,2024,3,ZIMA,16.50654334569621,51.64186242354555,18548.47434255549,1894.8757162446354
2024-03-08,2024,3,ZIMA,16.569425415584575,51.64186242354555,14463.97307729854,1901.828661576913
2024-03-08,2024,3,ZIMA,16.63230748547294,51.64186242354555,10597.473779019278,1901.882797292137
2024-03-08,2024,3,ZIMA,16.695189555361306,51.64186242354555,7303.820656026393,1886.0313518408102
2024-03-08,2024,3,ZIMA,16.758071625249674,51.64186242354555,5685.470440609392,1885.6024169921216
2024-03-08,2024,3,ZIMA,16.82095369513804,51.64186242354555,7017.3089844368305,1881.4293172414866
2024-03-08,2024,3,ZIMA,16.883835765026408,51.64186242354555,10202.945413633863,1885.6265177324733
2024-03-08,2024,3,ZIMA,16.94671783491477,51.64186242354555,14031.998661490588,1899.9293993211552
2024-03-08,2024,3,ZIMA,17.00959990480314,51.64186242354555,18100.64101576137,1901.6894795272817
2024-03-08,2024,3,ZIMA,17.072481974691506,51.64186242354555,22277.9856371743,1893.6718146618073
2024-03-08,2024,3,ZIMA,16.50654334569621,51.70474449343391,21726.73189986778,1894.8881412836674
2024-03-08,2024,3,ZIMA,16.569425415584575,51.70474449343391,18368.400870511905,1898.763393855362
2024-03-08,2024,3,ZIMA,16.63230748547294,51.70474449343391,15512.327393546435,1900.2382857845967
2024-03-08,2024,3,ZIMA,16.695189555361306,51.70474449343391,13481.59372237837,1886.8888754342136
2024-03-08,2024,3,ZIMA,16.758071625249674,51.70474449343391,12679.166548422323,1886.7013836997387
2024-03-08,2024,3,ZIMA,16.82095369513804,51.70474449343391,13328.76158161471,1882.4711203225033
2024-03-08,2024,3,ZIMA,16.883835765026408,51.70474449343391,15245.895114827508,1891.622018577172
2024-03-08,2024,3,ZIMA,16.94671783491477,51.70474449343391,18030.686749865705,1903.9174496589842
2024-03-08,2024,3,ZIMA,17.00959990480314,51.70474449343391,21346.215108421282,1898.5773267973077
2024-03-08,2024,3,ZIMA,16.569425415584575,51.767626563322295,23737.980709715666,1894.6866489687475
2024-03-08,2024,3,ZIMA,16.63230748547294,51.767626563322295,21606.947002294517,1883.537111732002
2024-03-08,2024,3,ZIMA,16.695189555361306,51.767626563322295,20200.56706752922,1885.4894582873471
2024-03-08,2024,3,ZIMA,16.758071625249674,51.767626563322295,19674.85473951676,1881.1171873284572
2024-03-08,2024,3,ZIMA,16.82095369513804,51.767626563322295,20099.032512508216,1877.634093411681
2024-03-08,2024,3,ZIMA,16.883835765026408,51.767626563322295,21416.735201237527,1903.3753435939832
2024-03-08,2024,3,ZIMA,16.94671783491477,51.767626563322295,23477.99608168023,1902.0637331591226
2024-03-09,2024,3,ZIMA,16.82095369513804,51.57898035365719,4327.607486410343,1884.087576722292
2024-03-09,2024,3,ZIMA,16.883835765026408,51.57898035365719,8582.63182821231,1884.0876134946752
2024-03-09,2024,3,ZIMA,17.00959990480314,51.57898035365719,17248.297114973437,1899.447125465015
2024-03-09,2024,3,ZIMA,17.072481974691506,51.57898035365719,21596.582807123174,1899.447099119828
2024-03-09,2024,3,ZIMA,16.82095369513804,51.64186242354555,7017.3089844368305,1872.0252664027919
2024-03-09,2024,3,ZIMA,16.883835765026408,51.64186242354555,10202.945413633863,1877.625528442212
2024-03-09,2024,3,ZIMA,16.94671783491477,51.64186242354555,14031.998661490588,1882.0628566886319
2024-03-09,2024,3,ZIMA,17.00959990480314,51.64186242354555,18100.64101576137,1894.9646679285725
2024-03-09,2024,3,ZIMA,17.072481974691506,51.64186242354555,22277.9856371743,1896.6990384552657
2024-03-09,2024,3,ZIMA,16.82095369513804,51.70474449343391,13328.76158161471,1872.0252694900294
2024-03-09,2024,3,ZIMA,16.883835765026408,51.70474449343391,15245.895114827508,1872.0252739370405
2024-03-09,2024,3,ZIMA,16.94671783491477,51.70474449343391,18030.686749865705,1882.2550705051083
2024-03-09,2024,3,ZIMA,17.00959990480314,51.70474449343391,21346.215108421282,1894.700532378083
2024-03-09,2024,3,ZIMA,16.883835765026408,51.767626563322295,21416.735201237527,1894.0506270213239
2024-03-09,2024,3,ZIMA,16.94671783491477,51.767626563322295,23477.99608168023,1893.8044196215485
2024-03-26,2024,3,ZIMA,16.82095369513804,51.71524981993227,14444.83332546964,1863.5660049205976
2024-03-26,2024,3,ZIMA,16.883835765026408,51.71524981993227,16230.278648697753,1863.5660417584252
2024-03-26,2024,3,ZIMA,16.94671783491477,51.71524981993227,18869.785601048578,1863.5660300737059
2024-03-26,2024,3,ZIMA,16.569425415584575,51.77813188982064,24714.534512347887,1856.120848783509
2024-03-26,2024,3,ZIMA,16.63230748547294,51.77813188982064,22675.958212645324,1856.120856466575
2024-03-26,2024,3,ZIMA,16.695189555361306,51.77813188982064,21340.465733542747,1856.1209209603915
2024-03-26,2024,3,ZIMA,16.82095369513804,51.77813188982064,21244.402207891635,1861.378739841307
2024-03-26,2024,3,ZIMA,16.883835765026408,51.77813188982064,22494.82981456476,1863.391879915112
2024-03-26,2024,3,ZIMA,16.94671783491477,51.77813188982064,24464.98800502619,1863.4848151761162
2024-03-26,2024,3,ZIMA,16.62530393447404,51.397337694990995,23510.777967606296,1914.423949353633
2024-03-26,2024,3,ZIMA,16.6881860043624,51.397337694990995,22118.575144716113,1914.3099887346766
2024-03-26,2024,3,ZIMA,16.751068074250767,51.397337694990995,21537.155614870117,1913.113154516696
2024-03-26,2024,3,ZIMA,16.813950144139135,51.397337694990995,21831.393658931185,1912.2448701476878
2024-03-26,2024,3,ZIMA,16.876832214027502,51.397337694990995,22967.660395888146,1912.2448824028868
2024-03-26,2024,3,ZIMA,16.93971428391587,51.397337694990995,24830.62957484175,1912.2448680758343
2024-03-26,2024,3,ZIMA,16.499539794697306,51.460219764879355,23271.13309125346,1913.749172568552
2024-03-26,2024,3,ZIMA,16.562421864585673,51.460219764879355,20048.089008143317,1913.7578000856222
2024-03-26,2024,3,ZIMA,16.62530393447404,51.460219764879355,17331.96138108104,1913.8009008823087
2024-03-26,2024,3,ZIMA,16.6881860043624,51.460219764879355,15393.462984354066,1913.8870782894812
2024-03-26,2024,3,ZIMA,16.751068074250767,51.460219764879355,14546.86362501982,1913.7530273384662
2024-03-26,2024,3,ZIMA,16.499539794697306,51.523101834767715,19665.81326380877,1896.5040308570426
2024-03-26,2024,3,ZIMA,16.562421864585673,51.523101834767715,15726.294119979328,1896.4490017559076
2024-03-26,2024,3,ZIMA,16.62530393447404,51.523101834767715,12080.016356964572,1896.417371837171
2024-03-26,2024,3,ZIMA,16.6881860043624,51.523101834767715,9087.118086201648,1896.3707413325524
2024-03-26,2024,3,ZIMA,16.43665772480894,51.58598390465609,22517.91943501052,1878.804201284298
2024-03-26,2024,3,ZIMA,16.499539794697306,51.58598390465609,18161.36376886949,1897.8527833546116
2024-03-26,2024,3,ZIMA,16.562421864585673,51.58598390465609,13805.773080802703,1898.0626795939695
2024-03-26,2024,3,ZIMA,16.62530393447404,51.58598390465609,9452.486862939144,1898.1676032426005
2024-03-26,2024,3,ZIMA,16.6881860043624,51.58598390465609,5107.408485680946,1898.2432192374977
2024-03-26,2024,3,ZIMA,16.43665772480894,51.64886597454445,23405.085847506445,1886.7827148436843
2024-03-26,2024,3,ZIMA,16.499539794697306,51.64886597454445,19256.718613346664,1918.628417968687
2024-03-26,2024,3,ZIMA,16.562421864585673,51.64886597454445,15224.248201841792,1918.628417968683
2024-03-26,2024,3,ZIMA,16.62530393447404,51.64886597454445,11430.998314790266,1918.62841796882
2024-03-26,2024,3,ZIMA,16.6881860043624,51.64886597454445,8215.307570873483,1918.6284678484387
2024-03-26,2024,3,ZIMA,16.499539794697306,51.711748044432824,22576.666875060946,1912.6805615844726
2024-03-26,2024,3,ZIMA,16.562421864585673,51.711748044432824,19257.59409717721,1912.544240983006
2024-03-26,2024,3,ZIMA,16.62530393447404,51.711748044432824,16428.17689997969,1912.4760670009452
2024-03-26,2024,3,ZIMA,16.562421864585673,51.774630114321184,24654.298163888743,1907.9197503219834
2024-03-26,2024,3,ZIMA,16.62530393447404,51.774630114321184,22516.763111141812,1907.8245046933762
2024-06-26,2024,6,LATO,16.485532692699508,51.460219764879355,24038.169538358412,1910.9888892221156
2024-06-26,2024,6,LATO,16.548414762587868,51.460219764879355,20729.90718145822,1906.2220662318462
2024-06-26,2024,6,LATO,16.611296832476228,51.460219764879355,17880.583453753687,1906.2220595975114
2024-06-26,2024,6,LATO,16.42265062281112,51.523101834767715,24676.334411369953,1904.2225192988985
2024-06-26,2024,6,LATO,16.485532692699508,51.523101834767715,20566.533222157905,1909.2121483745104
2024-06-26,2024,6,LATO,16.548414762587868,51.523101834767715,16585.57516115953,1909.8873044416184
2024-06-26,2024,6,LATO,16.611296832476228,51.523101834767715,12853.740550323688,1898.167141738663
2024-06-26,2024,6,LATO,16.674178902364588,51.523101834767715,9664.078931179667,1891.6700400096022
2024-06-26,2024,6,LATO,16.737060972252976,51.523101834767715,7720.664784772775,1891.6700278552355
2024-06-26,2024,6,LATO,16.42265062281112,51.58598390465609,23488.42755758784,1903.3791771098229
2024-06-26,2024,6,LATO,16.485532692699508,51.58598390465609,19131.734753019387,1900.0630894444412
2024-06-26,2024,6,LATO,16.548414762587868,51.58598390465609,14775.861788027069,1901.090144485523
2024-06-26,2024,6,LATO,16.611296832476228,51.58598390465609,10421.8419252194,1894.6331281058558
2024-06-26,2024,6,LATO,16.674178902364588,51.58598390465609,6073.6684473133355,1893.4559466356768
2024-06-26,2024,6,LATO,16.737060972252976,51.58598390465609,1774.8584868213236,1890.210676401163
2024-06-26,2024,6,LATO,16.799943042141336,51.58598390465609,2719.712553001884,1888.325678730446
2024-06-26,2024,6,LATO,16.862825112029697,51.58598390465609,7044.82694867206,1895.7546574628889
2024-06-26,2024,6,LATO,16.988589251806417,51.58598390465609,15749.699818762218,1884.4092780240746
2024-06-26,2024,6,LATO,17.051471321694805,51.58598390465609,20105.810226435016,1884.4092964532936
2024-06-26,2024,6,LATO,17.114353391583165,51.58598390465609,24462.62268161473,1884.4093024972597
2024-06-26,2024,6,LATO,16.42265062281112,51.64886597454445,24338.97944000566,1904.1889451170948
2024-06-26,2024,6,LATO,16.485532692699508,51.64886597454445,20173.23421265138,1906.162491564722
2024-06-26,2024,6,LATO,16.548414762587868,51.64886597454445,16107.953383748198,1906.299038889862
2024-06-26,2024,6,LATO,16.611296832476228,51.64886597454445,12243.626482151323,1890.2574505992513
2024-06-26,2024,6,LATO,16.674178902364588,51.64886597454445,8847.607758318938,1890.297527283114
2024-06-26,2024,6,LATO,16.737060972252976,51.64886597454445,6677.390119064138,1870.8465576171222
2024-06-26,2024,6,LATO,16.799943042141336,51.64886597454445,6987.72966599558,1871.2163526298552
2024-06-26,2024,6,LATO,16.862825112029697,51.64886597454445,9539.532909913665,1895.7691623394362
2024-06-26,2024,6,LATO,16.925707181918057,51.64886597454445,13080.925520782024,1897.0043651757453
2024-06-26,2024,6,LATO,16.988589251806417,51.64886597454445,17004.47180573391,1889.2227660324515
2024-06-26,2024,6,LATO,17.051471321694805,51.64886597454445,21098.031402754626,1887.4982900261198
2024-06-26,2024,6,LATO,16.485532692699508,51.711748044432824,23362.235077791953,1904.9763700040126
2024-06-26,2024,6,LATO,16.548414762587868,51.711748044432824,19962.59036828338,1903.9429019613856
2024-06-26,2024,6,LATO,16.611296832476228,51.711748044432824,17002.85277253168,1889.6164550781941
2024-06-26,2024,6,LATO,16.674178902364588,51.711748044432824,14750.256086804378,1889.633183011328
2024-06-26,2024,6,LATO,16.737060972252976,51.711748044432824,13561.862643551867,1878.2916960972507
2024-06-26,2024,6,LATO,16.799943042141336,51.711748044432824,13717.108798846582,1877.5479119346385
2024-06-26,2024,6,LATO,16.862825112029697,51.711748044432824,15174.812763731501,1895.3597456465639
2024-06-26,2024,6,LATO,16.925707181918057,51.711748044432824,17614.53506315774,1894.0890463469452
2024-06-26,2024,6,LATO,16.988589251806417,51.711748044432824,20691.781140070114,1884.6339908367427
2024-06-26,2024,6,LATO,17.051471321694805,51.711748044432824,24164.20381730272,1884.1253572509654
2024-06-26,2024,6,LATO,16.611296832476228,51.774630114321184,22938.830904271606,1894.1010790646778
2024-06-26,2024,6,LATO,16.674178902364588,51.774630114321184,21325.155889422454,1892.8395924911486
2024-06-26,2024,6,LATO,16.737060972252976,51.774630114321184,20522.256263071482,1891.761889969606
2024-06-26,2024,6,LATO,16.799943042141336,51.774630114321184,20625.035412925725,1891.8912445893573
2024-06-26,2024,6,LATO,16.862825112029697,51.774630114321184,21620.581268314785,1891.2308580589902
2024-06-26,2024,6,LATO,16.925707181918057,51.774630114321184,23395.200733003247,1880.4188224032443
2024-07-06,2024,7,LATO,16.614798607975686,51.397337694990995,23813.608073704934,1858.6379619731815
2024-07-06,2024,7,LATO,16.677680677864046,51.397337694990995,22297.764124350146,1858.7169497297368
2024-07-06,2024,7,LATO,16.74056274775242,51.397337694990995,21573.95819268799,1873.2246399612097
2024-07-06,2024,7,LATO,16.80344481764078,51.397337694990995,21721.510866786535,1872.8496139129006
2024-07-06,2024,7,LATO,16.866326887529155,51.397337694990995,22723.454514856738,1872.5018339203632
2024-07-06,2024,7,LATO,16.929208957417515,51.397337694990995,24475.085109585685,1872.0708321250468
2024-07-06,2024,7,LATO,16.489034468198952,51.460219764879355,23845.008232145603,1864.4786286931894
2024-07-06,2024,7,LATO,16.551916538087312,51.460219764879355,20557.26317336872,1863.2783801377557
2024-07-06,2024,7,LATO,16.614798607975686,51.460219764879355,17740.02485160034,1862.5476501176681
2024-07-06,2024,7,LATO,16.677680677864046,51.460219764879355,15649.495259100015,1862.1823739680397
2024-07-06,2024,7,LATO,16.74056274775242,51.460219764879355,14601.221303591914,1873.160531077536
2024-07-06,2024,7,LATO,16.80344481764078,51.460219764879355,14818.071988076592,1873.1605289022539
2024-07-06,2024,7,LATO,16.866326887529155,51.460219764879355,16249.477297498555,1873.1605489546105
2024-07-06,2024,7,LATO,16.426152398310577,51.523101834767715,24445.17845883048,1867.8536519360036
2024-07-06,2024,7,LATO,16.489034468198952,51.523101834767715,20340.743005335,1865.5523311589345
2024-07-06,2024,7,LATO,16.551916538087312,51.523101834767715,16369.578958925387,1865.5962243743652
2024-07-06,2024,7,LATO,16.614798607975686,51.523101834767715,12657.754103499872,1866.064448874711
2024-07-06,2024,7,LATO,16.677680677864046,51.523101834767715,9513.821540943849,1866.3727592405805
2024-07-06,2024,7,LATO,16.426152398310577,51.58598390465609,23245.79847840675,1867.4896739452097
2024-07-06,2024,7,LATO,16.489034468198952,51.58598390465609,18889.13814833376,1860.2257573869092
2024-07-06,2024,7,LATO,16.551916538087312,51.58598390465609,14533.331045684508,1859.7928466797555
2024-07-06,2024,7,LATO,16.614798607975686,51.58598390465609,10179.47780848882,1859.7928466797555
2024-07-06,2024,7,LATO,16.677680677864046,51.58598390465609,5831.962883563788,1859.7928477961805
2024-07-06,2024,7,LATO,16.426152398310577,51.64886597454445,24105.23793976072,1868.6090310457605
2024-07-06,2024,7,LATO,16.489034468198952,51.64886597454445,19943.63009478907,1863.1539919327
2024-07-06,2024,7,LATO,16.551916538087312,51.64886597454445,15886.081924716762,1863.0388380729614
2024-07-06,2024,7,LATO,16.614798607975686,51.64886597454445,12038.283355681328,1866.3480857500697
2024-07-06,2024,7,LATO,16.677680677864046,51.64886597454445,8683.69074994786,1873.965420858563
2024-07-06,2024,7,LATO,16.74056274775242,51.64886597454445,6620.143809888704,1873.3087602723165
2024-07-06,2024,7,LATO,16.80344481764078,51.64886597454445,7083.753610177349,1882.2616314288623
2024-07-06,2024,7,LATO,16.866326887529155,51.64886597454445,9719.379257419387,1883.094937881455
2024-07-06,2024,7,LATO,16.929208957417515,51.64886597454445,13292.35500008308,1883.2236685608211
2024-07-06,2024,7,LATO,16.992091027305875,51.64886597454445,17229.062329563643,1883.376620749255
2024-07-06,2024,7,LATO,16.489034468198952,51.711748044432824,23164.537143974856,1864.5613304808694
2024-07-06,2024,7,LATO,16.551916538087312,51.711748044432824,19784.24325381317,1864.5290432217557
2024-07-06,2024,7,LATO,16.614798607975686,51.711748044432824,16855.793913467194,1872.849473737163
2024-07-06,2024,7,LATO,16.677680677864046,51.711748044432824,14652.657108918882,1879.035431435536
2024-07-06,2024,7,LATO,16.74056274775242,51.711748044432824,13533.807197637847,1878.8958043130338
2024-07-06,2024,7,LATO,16.80344481764078,51.711748044432824,13766.20506055445,1880.8414072876428
2024-07-06,2024,7,LATO,16.866326887529155,51.711748044432824,15288.354581972251,1880.9618205435934
2024-07-06,2024,7,LATO,16.929208957417515,51.711748044432824,17771.89379757152,1881.204192451477
2024-07-06,2024,7,LATO,16.992091027305875,51.711748044432824,20876.486494360677,1881.5933751123268
2024-07-06,2024,7,LATO,16.614798607975686,51.774630114321184,22830.191850846997,1876.9077986027132
2024-07-06,2024,7,LATO,16.677680677864046,51.774630114321184,21257.858795324755,1876.9100341796259
2024-07-06,2024,7,LATO,16.74056274775242,51.774630114321184,20503.75270406401,1876.910034179622
2024-07-06,2024,7,LATO,16.80344481764078,51.774630114321184,20657.67515407771,1874.4484085989639
2024-07-06,2024,7,LATO,16.866326887529155,51.774630114321184,21700.312866428067,1874.5070952774963
2024-07-06,2024,7,LATO,16.929208957417515,51.774630114321184,23513.741779763972,1874.2929456744812
2024-07-15,2024,7,LATO,16.61830038347513,51.40083947049044,23357.325009271568,1878.4453875013162
2024-07-15,2024,7,LATO,16.681182453363505,51.40083947049044,21858.551501215836,1878.5324692131355
2024-07-15,2024,7,LATO,16.744064523251865,51.40083947049044,21169.97948026083,1876.9530029099176
2024-07-15,2024,7,LATO,16.80694659314024,51.40083947049044,21370.06897100889,1879.2025415418066
2024-07-15,2024,7,LATO,16.8698286630286,51.40083947049044,22435.0560994152,1882.3527646001294
2024-07-15,2024,7,LATO,16.93271073291696,51.40083947049044,24251.263556444006,1884.683151053267
2024-07-15,2024,7,LATO,16.492536243698396,51.4637215403788,23414.899936381134,1871.084421940463
2024-07-15,2024,7,LATO,16.55541831358677,51.4637215403788,20109.85804646847,1880.0120932000739
2024-07-15,2024,7,LATO,16.61830038347513,51.4637215403788,17281.293111147876,1876.0643396643302
2024-07-15,2024,7,LATO,16.681182453363505,51.4637215403788,15197.621096555067,1878.9548322218704
2024-07-15,2024,7,LATO,16.744064523251865,51.4637215403788,14190.84584916038,1880.0626193068235
2024-07-15,2024,7,LATO,16.80694659314024,51.4637215403788,14487.243995223931,1882.916474322784
2024-07-15,2024,7,LATO,16.8698286630286,51.4637215403788,16014.622221210599,1881.696027426075
2024-07-15,2024,7,LATO,16.93271073291696,51.4637215403788,18470.080696861653,1881.433566405164
2024-07-15,2024,7,LATO,16.995592802805334,51.4637215403788,21538.512564881104,1885.853647474098
2024-07-15,2024,7,LATO,16.429654173810036,51.52660361026717,24095.052840796863,1875.0074813502595
2024-07-15,2024,7,LATO,16.492536243698396,51.52660361026717,19972.051812045833,1872.3923557712303
2024-07-15,2024,7,LATO,16.55541831358677,51.52660361026717,15975.901719855694,1869.6798436392035
2024-07-15,2024,7,LATO,16.61830038347513,51.52660361026717,12231.57540312029,1873.849804518811
2024-07-15,2024,7,LATO,16.681182453363505,51.52660361026717,9056.98399072358,1874.13359480593
2024-07-15,2024,7,LATO,16.744064523251865,51.52660361026717,7244.448058339897,1882.0766271264442
2024-07-15,2024,7,LATO,16.80694659314024,51.52660361026717,7808.35931830702,1885.331243105087
2024-07-15,2024,7,LATO,16.8698286630286,51.52660361026717,10367.949829927013,1885.1049581632171
2024-07-15,2024,7,LATO,16.93271073291696,51.52660361026717,13858.349421879799,1885.9050337979093
2024-07-15,2024,7,LATO,16.995592802805334,51.52660361026717,17738.342418009554,1885.083932527702
2024-07-15,2024,7,LATO,17.058474872693694,51.52660361026717,21800.896834026396,1886.2804460102957
2024-07-15,2024,7,LATO,16.429654173810036,51.58948568015553,22996.49857871793,1879.0260588209605
2024-07-15,2024,7,LATO,16.492536243698396,51.58948568015553,18638.68657756391,1875.770706662216
2024-07-15,2024,7,LATO,16.55541831358677,51.58948568015553,14280.938082559509,1870.7183981797516
2024-07-15,2024,7,LATO,16.61830038347513,51.58948568015553,9923.342104413665,1870.9251072592479
2024-07-15,2024,7,LATO,16.681182453363505,51.58948568015553,5566.263859325466,1877.5524342708468
2024-07-15,2024,7,LATO,16.744064523251865,51.58948568015553,1215.305280410641,1885.3751533533666
2024-07-15,2024,7,LATO,16.80694659314024,51.58948568015553,3154.958170320423,1885.4014201819691
2024-07-15,2024,7,LATO,16.8698286630286,51.58948568015553,7510.903373324361,1885.8562294816502
2024-07-15,2024,7,LATO,16.93271073291696,51.58948568015553,11868.30475862019,1898.9392291140182
2024-07-15,2024,7,LATO,16.995592802805334,51.58948568015553,16225.987294598535,1894.6705561394322
2024-07-15,2024,7,LATO,17.058474872693694,51.58948568015553,20583.770219831662,1881.6097597565972
2024-07-15,2024,7,LATO,16.429654173810036,51.65236775004391,23979.18804702071,1884.30429296961
2024-07-15,2024,7,LATO,16.492536243698396,51.65236775004391,19844.740657150767,1882.3261718749384
2024-07-15,2024,7,LATO,16.55541831358677,51.65236775004391,15828.974167484621,1880.3591474986224
2024-07-15,2024,7,LATO,16.61830038347513,51.65236775004391,12051.126562228537,1871.823413946259
2024-07-15,2024,7,LATO,16.681182453363505,51.65236775004391,8822.33065588357,1889.4590784692375
2024-07-15,2024,7,LATO,16.744064523251865,51.65236775004391,6954.71461830716,1886.1455166858511
2024-07-15,2024,7,LATO,16.80694659314024,51.65236775004391,7538.772964134258,1886.1950384771956
2024-07-15,2024,7,LATO,16.8698286630286,51.65236775004391,10160.153935915157,1902.2923823156002
2024-07-15,2024,7,LATO,16.93271073291696,51.65236775004391,13695.073376721579,1907.9152217969302
2024-07-15,2024,7,LATO,16.995592802805334,51.65236775004391,17601.475417570262,1908.908383368988
2024-07-15,2024,7,LATO,17.058474872693694,51.65236775004391,21679.46783056369,1895.043763451641
2024-07-15,2024,7,LATO,16.492536243698396,51.71524981993227,23197.534347607052,1882.3261743012315
2024-07-15,2024,7,LATO,16.55541831358677,51.71524981993227,19876.284026855068,1882.3261776151567
2024-07-15,2024,7,LATO,16.61830038347513,51.71524981993227,17026.03367518323,1881.2323218363692
2024-07-15,2024,7,LATO,16.681182453363505,51.71524981993227,14919.219680604592,1886.6657105171603
2024-07-15,2024,7,LATO,16.744064523251865,51.71524981993227,13898.146570305822,1890.2841531566216
2024-07-15,2024,7,LATO,16.80694659314024,51.71524981993227,14199.00697744009,1897.4483342073524
2024-07-15,2024,7,LATO,16.8698286630286,51.71524981993227,15746.209682334471,1900.172058657165
2024-07-15,2024,7,LATO,16.93271073291696,51.71524981993227,18225.052920267543,1901.4042117414988
2024-07-15,2024,7,LATO,16.995592802805334,51.71524981993227,21312.909613572112,1898.9776769672926
2024-07-15,2024,7,LATO,17.058474872693694,51.71524981993227,24783.174159753296,1895.8457558025616
2024-07-15,2024,7,LATO,16.681182453363505,51.77813188982064,21569.31171970264,1879.9246898857898
2024-07-15,2024,7,LATO,16.744064523251865,51.77813188982064,20877.053939108304,1879.924693664765
2024-07-15,2024,7,LATO,16.8698286630286,51.77813188982064,22148.589657581215,1898.3559761061567
2024-07-15,2024,7,LATO,16.93271073291696,51.77813188982064,23971.91232059278,1867.3915535752285
2024-07-19,2024,7,LATO,16.61830038347513,51.397337694990995,23710.60014086185,1890.3973256603063
2024-07-19,2024,7,LATO,16.681182453363505,51.397337694990995,22235.53518171416,1899.0303888593974
2024-07-19,2024,7,LATO,16.492536243698396,51.460219764879355,23652.766546153474,1888.9194226038032
2024-07-19,2024,7,LATO,16.55541831358677,51.460219764879355,20386.054346837347,1890.1557589339766
2024-07-19,2024,7,LATO,16.61830038347513,51.460219764879355,17601.69946938607,1901.0781092587888
2024-07-19,2024,7,LATO,16.681182453363505,51.460219764879355,15560.824003109132,1901.7035838450163
2024-07-19,2024,7,LATO,16.744064523251865,51.460219764879355,14579.07397840399,1888.540969266683
2024-07-19,2024,7,LATO,16.80694659314024,51.460219764879355,14867.7564382196,1892.7453718061038
2024-07-19,2024,7,LATO,16.8698286630286,51.460219764879355,16359.75648238907,1892.7778914154535
2024-07-19,2024,7,LATO,16.744064523251865,51.523101834767715,7628.889089657703,1879.353691429594
2024-07-19,2024,7,LATO,16.80694659314024,51.523101834767715,8166.336187910408,1879.3537052617135
2024-07-21,2024,7,LATO,16.55541831358677,51.71524981993227,19876.284026855068,1897.0668970919542
2024-07-21,2024,7,LATO,16.61830038347513,51.71524981993227,17026.03367518323,1897.066891951824
2024-07-21,2024,7,LATO,16.61830038347513,51.77813188982064,23074.759292339393,1894.7016257348766
2024-07-21,2024,7,LATO,16.681182453363505,51.77813188982064,21569.31171970264,1897.0668938363012
2024-07-21,2024,7,LATO,16.744064523251865,51.77813188982064,20877.053939108304,1906.0481678515762
2024-07-21,2024,7,LATO,16.80694659314024,51.77813188982064,21078.258474183043,1911.7841674280082
2024-07-21,2024,7,LATO,16.8698286630286,51.77813188982064,22148.589657581215,1911.7501251189954
2024-07-21,2024,7,LATO,16.93271073291696,51.77813188982064,23971.91232059278,1911.7500923557243
2024-07-21,2024,7,LATO,16.558920089086214,51.774630114321184,24790.348476733936,1886.4381362944573
2024-07-21,2024,7,LATO,16.62180215897459,51.774630114321184,22619.128825561096,1886.4380669127377
2024-07-21,2024,7,LATO,16.68468422886295,51.774630114321184,21130.950502793665,1886.438113591385
2024-07-21,2024,7,LATO,16.747566298751323,51.774630114321184,20475.29132511945,1886.438096703657
2024-07-21,2024,7,LATO,16.810448368639683,51.774630114321184,20731.290147281023,1889.3126340201686
2024-07-21,2024,7,LATO,16.873330438528058,51.774630114321184,21866.952277487973,1889.3126288943454
2024-07-21,2024,7,LATO,16.936212508416418,51.774630114321184,23756.45719267844,1889.3126178287976
2024-07-23,2024,7,LATO,16.744064523251865,51.523101834767715,7628.889089657703,1887.069163253283
2024-07-23,2024,7,LATO,16.80694659314024,51.523101834767715,8166.336187910408,1887.0692178876739
2024-07-23,2024,7,LATO,16.8698286630286,51.523101834767715,10640.324988993543,1887.118132532868
2024-07-23,2024,7,LATO,16.93271073291696,51.523101834767715,14063.515177747026,1874.0352605103772
2024-07-23,2024,7,LATO,16.995592802805334,51.523101834767715,17899.3520168415,1870.9272752922614
2024-07-23,2024,7,LATO,17.058474872693694,51.523101834767715,21932.383253692507,1862.9722900390946
2024-07-23,2024,7,LATO,16.61830038347513,51.58598390465609,9937.129767820397,1875.4800879475117
2024-07-23,2024,7,LATO,16.681182453363505,51.58598390465609,5590.342935110827,1875.4800994337263
2024-07-23,2024,7,LATO,16.744064523251865,51.58598390465609,1320.3558216061588,1879.0290451501628
2024-07-23,2024,7,LATO,16.80694659314024,51.58598390465609,3196.9962586666425,1886.1245554746822
2024-07-23,2024,7,LATO,16.8698286630286,51.58598390465609,7528.895363735473,1889.1145338052752
2024-07-23,2024,7,LATO,16.93271073291696,51.58598390465609,11879.972471040981,1896.265699784414
2024-07-23,2024,7,LATO,16.995592802805334,51.58598390465609,16234.81333841376,1895.1541590745653
2024-07-23,2024,7,LATO,17.058474872693694,51.58598390465609,20591.027888628974,1888.73706018405
2024-07-23,2024,7,LATO,16.61830038347513,51.64886597454445,11834.347491627235,1880.134055516235
2024-07-23,2024,7,LATO,16.681182453363505,51.64886597454445,8523.52303610304,1881.7174226116965
2024-07-23,2024,7,LATO,16.744064523251865,51.64886597454445,6571.355000743566,1877.2110031958405
2024-07-23,2024,7,LATO,16.80694659314024,51.64886597454445,7186.682275987507,1876.9995252890703
2024-07-23,2024,7,LATO,16.8698286630286,51.64886597454445,9901.89961710556,1891.8034372198524
2024-07-23,2024,7,LATO,16.93271073291696,51.64886597454445,13504.829802579732,1900.4841345691254
2024-07-23,2024,7,LATO,16.995592802805334,51.64886597454445,17454.132845040418,1901.4428227903545
2024-07-23,2024,7,LATO,17.058474872693694,51.64886597454445,21560.29881117445,1901.586290960987
2024-07-23,2024,7,LATO,16.61830038347513,51.711748044432824,16710.955970386967,1874.667969643638
2024-07-23,2024,7,LATO,16.681182453363505,51.711748044432824,14558.438818350498,1874.4876699540343
2024-07-23,2024,7,LATO,16.744064523251865,51.711748044432824,13510.041838141251,1876.9732489440878
2024-07-23,2024,7,LATO,16.80694659314024,51.711748044432824,13819.377850362955,1876.9732352378078
2024-07-23,2024,7,LATO,16.55541831358677,51.774630114321184,24928.00932820743,1870.9815737089414
2024-07-23,2024,7,LATO,16.61830038347513,51.774630114321184,22723.614775663435,1872.749608833121
2024-07-23,2024,7,LATO,16.681182453363505,51.774630114321184,21193.115840949748,1878.7797941932151
2024-07-26,2024,7,LATO,16.61830038347513,51.40083947049044,23357.325009271568,1877.0572923644174
2024-07-26,2024,7,LATO,16.681182453363505,51.40083947049044,21858.551501215836,1873.6566797998992
2024-07-26,2024,7,LATO,16.744064523251865,51.40083947049044,21169.97948026083,1872.8408203124347
2024-07-26,2024,7,LATO,16.80694659314024,51.40083947049044,21370.06897100889,1884.134999522223
2024-07-26,2024,7,LATO,16.8698286630286,51.40083947049044,22435.0560994152,1888.7833972141723
2024-07-26,2024,7,LATO,16.93271073291696,51.40083947049044,24251.263556444006,1888.2627570431741
2024-07-26,2024,7,LATO,16.492536243698396,51.4637215403788,23414.899936381134,1880.9699986039643
2024-07-26,2024,7,LATO,16.55541831358677,51.4637215403788,20109.85804646847,1878.9023799243862
2024-07-26,2024,7,LATO,16.61830038347513,51.4637215403788,17281.293111147876,1874.6921331802114
2024-07-26,2024,7,LATO,16.681182453363505,51.4637215403788,15197.621096555067,1877.3608098783493
2024-07-26,2024,7,LATO,16.744064523251865,51.4637215403788,14190.84584916038,1876.3942759150666
2024-07-26,2024,7,LATO,16.80694659314024,51.4637215403788,14487.243995223931,1885.0798094135864
2024-07-26,2024,7,LATO,16.8698286630286,51.4637215403788,16014.622221210599,1885.3653217458327
2024-07-26,2024,7,LATO,16.93271073291696,51.4637215403788,18470.080696861653,1887.9913830672924
2024-07-26,2024,7,LATO,16.995592802805334,51.4637215403788,21538.512564881104,1881.8756632018478
2024-07-26,2024,7,LATO,16.429654173810036,51.52660361026717,24095.052840796863,1880.800687875715
2024-07-26,2024,7,LATO,16.492536243698396,51.52660361026717,19972.051812045833,1880.290199342634
2024-07-26,2024,7,LATO,16.55541831358677,51.52660361026717,15975.901719855694,1869.8673126233527
2024-07-26,2024,7,LATO,16.61830038347513,51.52660361026717,12231.57540312029,1869.9608458732268
2024-07-26,2024,7,LATO,16.681182453363505,51.52660361026717,9056.98399072358,1872.4267660329033
2024-07-26,2024,7,LATO,16.744064523251865,51.52660361026717,7244.448058339897,1877.901626840488
2024-07-26,2024,7,LATO,16.80694659314024,51.52660361026717,7808.35931830702,1879.4293182805832
2024-07-26,2024,7,LATO,16.8698286630286,51.52660361026717,10367.949829927013,1880.3250165022307
2024-07-26,2024,7,LATO,16.93271073291696,51.52660361026717,13858.349421879799,1879.5615326443215
2024-07-26,2024,7,LATO,16.995592802805334,51.52660361026717,17738.342418009554,1873.6720574172055
2024-07-26,2024,7,LATO,17.058474872693694,51.52660361026717,21800.896834026396,1867.7348623074074
2024-07-26,2024,7,LATO,16.429654173810036,51.58948568015553,22996.49857871793,1884.325874264492
2024-07-26,2024,7,LATO,16.492536243698396,51.58948568015553,18638.68657756391,1869.251354718466
2024-07-26,2024,7,LATO,16.55541831358677,51.58948568015553,14280.938082559509,1867.3606082043502
2024-07-26,2024,7,LATO,16.61830038347513,51.58948568015553,9923.342104413665,1869.8673062598336
2024-07-26,2024,7,LATO,16.681182453363505,51.58948568015553,5566.263859325466,1879.215134062
2024-07-26,2024,7,LATO,16.744064523251865,51.58948568015553,1215.305280410641,1881.3025693832071
2024-07-26,2024,7,LATO,16.80694659314024,51.58948568015553,3154.958170320423,1878.585402431707
2024-07-26,2024,7,LATO,16.8698286630286,51.58948568015553,7510.903373324361,1878.3321866334695
2024-07-26,2024,7,LATO,16.93271073291696,51.58948568015553,11868.30475862019,1884.7736333431073
2024-07-26,2024,7,LATO,16.995592802805334,51.58948568015553,16225.987294598535,1881.4804695037442
2024-07-26,2024,7,LATO,17.058474872693694,51.58948568015553,20583.770219831662,1876.7099989099252
2024-07-26,2024,7,LATO,16.429654173810036,51.65236775004391,23979.18804702071,1878.5354866591297
2024-07-26,2024,7,LATO,16.492536243698396,51.65236775004391,19844.740657150767,1875.5155521425777
2024-07-26,2024,7,LATO,16.55541831358677,51.65236775004391,15828.974167484621,1871.1732380354927
2024-07-26,2024,7,LATO,16.61830038347513,51.65236775004391,12051.126562228537,1871.8635193626944
2024-07-26,2024,7,LATO,16.681182453363505,51.65236775004391,8822.33065588357,1883.6144044487523
2024-07-26,2024,7,LATO,16.744064523251865,51.65236775004391,6954.71461830716,1883.6143844487406
2024-07-26,2024,7,LATO,16.80694659314024,51.65236775004391,7538.772964134258,1881.9357920373834
2024-07-26,2024,7,LATO,16.8698286630286,51.65236775004391,10160.153935915157,1881.9357912872597
2024-07-26,2024,7,LATO,16.93271073291696,51.65236775004391,13695.073376721579,1891.4014684162603
2024-07-26,2024,7,LATO,16.995592802805334,51.65236775004391,17601.475417570262,1891.401491779419
2024-07-26,2024,7,LATO,17.058474872693694,51.65236775004391,21679.46783056369,1890.788813357409
2024-07-26,2024,7,LATO,16.492536243698396,51.71524981993227,23197.534347607052,1878.8625855371347
2024-07-26,2024,7,LATO,16.55541831358677,51.71524981993227,19876.284026855068,1878.3780540073842
2024-07-26,2024,7,LATO,16.61830038347513,51.71524981993227,17026.03367518323,1882.6653116785424
2024-07-26,2024,7,LATO,16.681182453363505,51.71524981993227,14919.219680604592,1883.6143798828814
2024-07-26,2024,7,LATO,16.744064523251865,51.71524981993227,13898.146570305822,1883.6143885761226
2024-07-26,2024,7,LATO,16.80694659314024,51.71524981993227,14199.00697744009,1883.6143453296868
2024-07-26,2024,7,LATO,17.058474872693694,51.71524981993227,24783.174159753296,1887.35364062097
2024-07-26,2024,7,LATO,16.61830038347513,51.77813188982064,23074.759292339393,1879.1294806206852
2024-07-26,2024,7,LATO,16.681182453363505,51.77813188982064,21569.31171970264,1882.6671913927707
2024-07-26,2024,7,LATO,16.744064523251865,51.77813188982064,20877.053939108304,1884.129365461292
2024-08-01,2024,8,LATO,16.68468422886295,51.77813188982064,21508.238461283257,1880.4612143901131
2024-08-01,2024,8,LATO,16.747566298751323,51.77813188982064,20864.489387353173,1880.4611445918524
2024-08-07,2024,8,LATO,16.62180215897459,51.40083947049044,23254.847095681358,1881.9000368270588
2024-08-07,2024,8,LATO,16.68468422886295,51.40083947049044,21797.786666906275,1873.4938249260865
2024-08-07,2024,8,LATO,16.747566298751323,51.40083947049044,21157.48578886168,1875.2520628179213
2024-08-07,2024,8,LATO,16.810448368639683,51.40083947049044,21407.357711274257,1882.5296470061414
2024-08-07,2024,8,LATO,16.873330438528058,51.40083947049044,22517.788621954765,1884.2760396073445
2024-08-07,2024,8,LATO,16.936212508416418,51.40083947049044,24371.434013873666,1889.273559570349
2024-08-07,2024,8,LATO,16.496038019197854,51.4637215403788,23221.655866634956,1886.04846146296
2024-08-07,2024,8,LATO,16.558920089086214,51.4637215403788,19937.782866578178,1886.2118677716926
2024-08-07,2024,8,LATO,16.62180215897459,51.4637215403788,17142.72219448327,1888.1629142995548
2024-08-07,2024,8,LATO,16.68468422886295,51.4637215403788,15110.213652159038,1881.6934372764067
2024-08-07,2024,8,LATO,16.747566298751323,51.4637215403788,14172.226558074315,1874.7364820783046
2024-08-07,2024,8,LATO,16.810448368639683,51.4637215403788,14542.116957387956,1882.5293047062964
2024-08-07,2024,8,LATO,16.873330438528058,51.4637215403788,16130.160751311088,1882.529291827506
2024-08-07,2024,8,LATO,16.936212508416418,51.4637215403788,18627.36911498288,1884.280412237958
2024-08-07,2024,8,LATO,16.999094578304778,51.4637215403788,21722.42063875436,1887.654226911941
2024-08-07,2024,8,LATO,16.62180215897459,51.52660361026717,12035.274011756592,1886.0484605035808
2024-08-07,2024,8,LATO,16.68468422886295,51.52660361026717,8909.73997268753,1886.0484507688202
2024-08-07,2024,8,LATO,16.936212508416418,51.52660361026717,14067.012187618657,1882.5293256035345
2024-08-07,2024,8,LATO,16.999094578304778,51.52660361026717,17960.898941674182,1882.529316559978
2024-08-07,2024,8,LATO,17.061976648193152,51.52660361026717,22030.48594812989,1882.529899791659
2024-08-07,2024,8,LATO,17.061976648193152,51.58948568015553,20826.447979074637,1882.5293938750592
2024-08-07,2024,8,LATO,16.62180215897459,51.397337694990995,23609.647945145083,1869.8294532965872
2024-08-07,2024,8,LATO,16.68468422886295,51.397337694990995,22175.798790218883,1897.8245168693577
2024-08-07,2024,8,LATO,16.747566298751323,51.397337694990995,21546.68539666157,1897.859004748777
2024-08-07,2024,8,LATO,16.810448368639683,51.397337694990995,21792.113795210218,1897.7632514673005
2024-08-07,2024,8,LATO,16.873330438528058,51.397337694990995,22883.963606117784,1899.7614515126158
2024-08-07,2024,8,LATO,16.936212508416418,51.397337694990995,24710.28975063893,1900.226196289099
2024-08-07,2024,8,LATO,16.496038019197854,51.460219764879355,23461.46708681408,1882.2559749131474
2024-08-07,2024,8,LATO,16.558920089086214,51.460219764879355,20216.31716527286,1882.2560154275081
2024-08-07,2024,8,LATO,16.62180215897459,51.460219764879355,17465.660367453034,1882.3322031117514
2024-08-07,2024,8,LATO,16.68468422886295,51.460219764879355,15475.461563149323,1901.8166167352992
2024-08-07,2024,8,LATO,16.747566298751323,51.460219764879355,14560.94973988091,1901.7248582470459
2024-08-07,2024,8,LATO,16.810448368639683,51.460219764879355,14921.234213841115,1901.659655874171
2024-08-07,2024,8,LATO,16.873330438528058,51.460219764879355,16472.883086708727,1902.914547536433
2024-08-07,2024,8,LATO,16.936212508416418,51.460219764879355,18925.097335390772,1902.9145587819899
2024-08-07,2024,8,LATO,16.999094578304778,51.460219764879355,21978.479013967186,1902.9145167408838
2024-08-07,2024,8,LATO,16.496038019197854,51.523101834767715,19890.369208771106,1882.2154539066896
2024-08-07,2024,8,LATO,16.558920089086214,51.523101834767715,15939.906741697989,1882.3804532970978
2024-08-07,2024,8,LATO,16.62180215897459,51.523101834767715,12270.811442326005,1885.8145038138705
2024-08-07,2024,8,LATO,16.68468422886295,51.523101834767715,9225.152957382299,1894.9904170610469
2024-08-07,2024,8,LATO,16.747566298751323,51.523101834767715,7594.243498496155,1894.7956737172542
2024-08-07,2024,8,LATO,16.810448368639683,51.523101834767715,8263.16565722542,1894.2552447533908
2024-08-07,2024,8,LATO,16.43315594930948,51.58598390465609,22760.544372881523,1888.1810455450998
2024-08-07,2024,8,LATO,16.496038019197854,51.58598390465609,18403.9525539687,1877.5503027954098
2024-08-07,2024,8,LATO,16.558920089086214,51.58598390465609,14048.286395765059,1877.8068683887493
2024-08-07,2024,8,LATO,16.62180215897459,51.58598390465609,9694.799009384697,1888.7440211045848
2024-08-07,2024,8,LATO,16.68468422886295,51.58598390465609,5348.820204951136,1898.7884560626278
2024-08-07,2024,8,LATO,16.747566298751323,51.58598390465609,1103.0179874295377,1898.752499382816
2024-08-07,2024,8,LATO,16.43315594930948,51.64886597454445,23638.28584691703,1887.5022323115716
2024-08-07,2024,8,LATO,16.496038019197854,51.64886597454445,19485.361118377947,1886.213134765563
2024-08-07,2024,8,LATO,16.558920089086214,51.64886597454445,15444.202292430888,1886.213134765694
2024-08-07,2024,8,LATO,16.62180215897459,51.64886597454445,11631.892909325215,1903.2725076972401
2024-08-07,2024,8,LATO,16.68468422886295,51.64886597454445,8367.319927124407,1903.3199254808856
2024-08-07,2024,8,LATO,16.747566298751323,51.64886597454445,6531.213225113952,1903.2016885090354
2024-08-07,2024,8,LATO,16.496038019197854,51.711748044432824,22771.73051723622,1888.4050787220992
2024-08-07,2024,8,LATO,16.558920089086214,51.711748044432824,19431.707058542906,1888.321207064914
2024-08-07,2024,8,LATO,16.62180215897459,51.711748044432824,16568.39718798141,1899.5028479438627
2024-08-07,2024,8,LATO,16.68468422886295,51.711748044432824,14467.66726292311,1899.80687419681
2024-08-07,2024,8,LATO,16.747566298751323,51.711748044432824,13490.589237125841,1899.966124693275
2024-08-09,2024,8,LATO,16.681182453363505,51.397337694990995,22235.53518171416,1880.6409596065544
2024-08-09,2024,8,LATO,16.744064523251865,51.397337694990995,21558.95448040664,1881.5265488233724
2024-08-09,2024,8,LATO,16.80694659314024,51.397337694990995,21755.481732549466,1879.6458206305142
2024-08-09,2024,8,LATO,16.8698286630286,51.397337694990995,22802.55345364161,1908.391708021584
2024-08-09,2024,8,LATO,16.93271073291696,51.397337694990995,24591.76613367937,1907.272458631516
2024-08-09,2024,8,LATO,16.80694659314024,51.460219764879355,14867.7564382196,1909.4141884471826
2024-08-09,2024,8,LATO,16.8698286630286,51.460219764879355,16359.75648238907,1909.672881056844
2024-08-09,2024,8,LATO,16.93271073291696,51.460219764879355,18770.29205208698,1898.2144479840458
2024-08-09,2024,8,LATO,16.995592802805334,51.460219764879355,21796.717556000734,1904.4039088368197
2024-08-09,2024,8,LATO,16.995592802805334,51.523101834767715,17899.3520168415,1881.3669452407726
2024-08-09,2024,8,LATO,17.058474872693694,51.711748044432824,24568.292713676423,1898.2040911224065
2024-08-12,2024,8,LATO,16.999094578304778,51.4637215403788,21722.42063875436,1886.8212384001376
2024-08-12,2024,8,LATO,16.62180215897459,51.52660361026717,12035.274011756592,1896.294583557513
2024-08-12,2024,8,LATO,16.68468422886295,51.52660361026717,8909.73997268753,1894.5800705165918
2024-08-12,2024,8,LATO,16.747566298751323,51.52660361026717,7207.957664413257,1894.5800893425696
2024-08-12,2024,8,LATO,16.936212508416418,51.52660361026717,14067.012187618657,1926.0695778361273
2024-08-12,2024,8,LATO,16.999094578304778,51.52660361026717,17960.898941674182,1919.7733072175465
2024-08-12,2024,8,LATO,17.061976648193152,51.52660361026717,22030.48594812989,1908.832275390658
2024-08-12,2024,8,LATO,16.558920089086214,51.58948568015553,14038.267006941034,1907.893198986573
2024-08-12,2024,8,LATO,16.62180215897459,51.58948568015553,9680.685103001815,1902.3482047158097
2024-08-12,2024,8,LATO,16.68468422886295,51.58948568015553,5323.667900434454,1896.5421225681046
2024-08-12,2024,8,LATO,16.747566298751323,51.58948568015553,974.8417627006842,1894.5814277182833
2024-08-12,2024,8,LATO,16.810448368639683,51.58948568015553,3397.398115693825,1894.5800524195504
2024-08-12,2024,8,LATO,16.873330438528058,51.58948568015553,7753.542711059396,1894.5800688561887
2024-08-12,2024,8,LATO,16.936212508416418,51.58948568015553,12110.970744816213,1927.8411362682477
2024-08-12,2024,8,LATO,16.999094578304778,51.58948568015553,16468.661553650425,1926.3941838891576
2024-08-12,2024,8,LATO,17.061976648193152,51.58948568015553,20826.447979074637,1920.772546988045
2024-08-12,2024,8,LATO,16.496038019197854,51.65236775004391,19617.30613738718,1904.4127108035839
2024-08-12,2024,8,LATO,16.558920089086214,51.65236775004391,15610.6906832576,1904.8945959159907
2024-08-12,2024,8,LATO,16.62180215897459,51.65236775004391,11852.39089704791,1907.5947568113545
2024-08-12,2024,8,LATO,16.68468422886295,51.65236775004391,8671.52350166808,1906.1323678974766
2024-08-12,2024,8,LATO,16.747566298751323,51.65236775004391,6916.800965883156,1903.5033139447382
2024-08-12,2024,8,LATO,16.810448368639683,51.65236775004391,7643.261730039364,1901.9929852063428
2024-08-12,2024,8,LATO,16.873330438528058,51.65236775004391,10340.568804494884,1916.1398891911338
2024-08-12,2024,8,LATO,16.936212508416418,51.65236775004391,13905.608612355578,1922.1518132032547
2024-08-12,2024,8,LATO,16.999094578304778,51.65236775004391,17825.126315195066,1925.4288948990431
2024-08-12,2024,8,LATO,17.061976648193152,51.65236775004391,21909.69614978755,1929.3157937812184
2024-08-12,2024,8,LATO,16.496038019197854,51.71524981993227,23003.54307865302,1897.6361753463425
2024-08-12,2024,8,LATO,16.558920089086214,51.71524981993227,19703.132054140966,1901.2070669483805
2024-08-12,2024,8,LATO,16.62180215897459,51.71524981993227,16886.14595867417,1904.8299641508777
2024-08-12,2024,8,LATO,16.68468422886295,51.71524981993227,14830.66332409721,1907.4909782984334
2024-08-12,2024,8,LATO,16.747566298751323,51.71524981993227,13879.239392912077,1907.887880229251
2024-08-12,2024,8,LATO,16.810448368639683,51.71524981993227,14254.681815939919,1912.582736187288
2024-08-12,2024,8,LATO,16.873330438528058,51.71524981993227,15863.05856535995,1918.253981398393
2024-08-12,2024,8,LATO,16.936212508416418,51.71524981993227,18383.56382484432,1920.224546750948
2024-08-12,2024,8,LATO,16.999094578304778,51.71524981993227,21497.728617851728,1921.4894137484484
2024-08-12,2024,8,LATO,16.62180215897459,51.77813188982064,22971.878534836967,1896.4941767064477
2024-08-12,2024,8,LATO,16.68468422886295,51.77813188982064,21508.238461283257,1900.4429579447042
2024-08-12,2024,8,LATO,16.747566298751323,51.77813188982064,20864.489387353173,1913.727050207333
2024-08-12,2024,8,LATO,16.810448368639683,51.77813188982064,21115.750942875457,1919.1654243547866
2024-08-12,2024,8,LATO,16.873330438528058,51.77813188982064,22231.698224910313,1913.518052434219
2024-08-12,2024,8,LATO,16.936212508416418,51.77813188982064,24092.475808748924,1912.067419049697
2024-08-12,2024,8,LATO,16.62180215897459,51.397337694990995,23609.647945145083,1898.0755591021064
2024-08-12,2024,8,LATO,16.68468422886295,51.397337694990995,22175.798790218883,1897.9806112045328
2024-08-12,2024,8,LATO,16.747566298751323,51.397337694990995,21546.68539666157,1899.6442983245172
2024-08-12,2024,8,LATO,16.810448368639683,51.397337694990995,21792.113795210218,1909.5388750265881
2024-08-12,2024,8,LATO,16.873330438528058,51.397337694990995,22883.963606117784,1909.5798346329973
2024-08-12,2024,8,LATO,16.936212508416418,51.397337694990995,24710.28975063893,1908.5967409571297
2024-08-12,2024,8,LATO,16.496038019197854,51.460219764879355,23461.46708681408,1873.5036621093136
2024-08-12,2024,8,LATO,16.558920089086214,51.460219764879355,20216.31716527286,1892.3103782131257
2024-08-12,2024,8,LATO,16.62180215897459,51.460219764879355,17465.660367453034,1904.389038086007
2024-08-12,2024,8,LATO,16.68468422886295,51.460219764879355,15475.461563149323,1904.3890380860073
2024-08-12,2024,8,LATO,16.747566298751323,51.460219764879355,14560.94973988091,1909.928878439976
2024-08-12,2024,8,LATO,16.810448368639683,51.460219764879355,14921.234213841115,1912.7778320312202
2024-08-12,2024,8,LATO,16.873330438528058,51.460219764879355,16472.883086708727,1912.7778320312202
2024-08-12,2024,8,LATO,16.936212508416418,51.460219764879355,18925.097335390772,1898.8507229356055
2024-08-12,2024,8,LATO,16.999094578304778,51.460219764879355,21978.479013967186,1890.0697021484082
2024-08-12,2024,8,LATO,16.43315594930948,51.523101834767715,23983.560518942995,1875.2007160143676
2024-08-12,2024,8,LATO,16.496038019197854,51.523101834767715,19890.369208771106,1878.4209060135183
2024-08-12,2024,8,LATO,16.558920089086214,51.523101834767715,15939.906741697989,1910.4996472812763
2024-08-12,2024,8,LATO,16.62180215897459,51.523101834767715,12270.811442326005,1910.4955549669237
2024-08-12,2024,8,LATO,16.68468422886295,51.523101834767715,9225.152957382299,1910.0489358118054
2024-08-12,2024,8,LATO,16.747566298751323,51.523101834767715,7594.243498496155,1906.9065685821226
2024-08-12,2024,8,LATO,16.810448368639683,51.523101834767715,8263.16565722542,1906.8251819509564
2024-08-12,2024,8,LATO,16.873330438528058,51.523101834767715,10813.21697783749,1906.7844850511044
2024-08-12,2024,8,LATO,16.936212508416418,51.523101834767715,14269.193705405069,1907.1421565764192
2024-08-12,2024,8,LATO,16.999094578304778,51.523101834767715,18119.94787646938,1907.0316537966792
2024-08-12,2024,8,LATO,17.061976648193152,51.523101834767715,22160.627597835635,1906.838171138719
2024-08-12,2024,8,LATO,16.43315594930948,51.58598390465609,22760.544372881523,1879.4739942411977
2024-08-12,2024,8,LATO,16.496038019197854,51.58598390465609,18403.9525539687,1889.537626292363
2024-08-12,2024,8,LATO,16.558920089086214,51.58598390465609,14048.286395765059,1909.0105993550442
2024-08-12,2024,8,LATO,16.62180215897459,51.58598390465609,9694.799009384697,1909.112573956061
2024-08-12,2024,8,LATO,16.68468422886295,51.58598390465609,5348.820204951136,1909.295357038312
2024-08-12,2024,8,LATO,16.747566298751323,51.58598390465609,1103.0179874295377,1909.0686322423965
2024-08-12,2024,8,LATO,16.810448368639683,51.58598390465609,3436.4895026791482,1909.0687858932606
2024-08-12,2024,8,LATO,16.873330438528058,51.58598390465609,7770.991264888386,1909.0688663099886
2024-08-12,2024,8,LATO,16.936212508416418,51.58598390465609,12122.423347861903,1916.3428441614958
2024-08-12,2024,8,LATO,16.999094578304778,51.58598390465609,16477.376120376837,1916.3383956186547
2024-08-12,2024,8,LATO,17.061976648193152,51.58598390465609,20833.639650540794,1916.329486112717
2024-08-12,2024,8,LATO,16.43315594930948,51.64886597454445,23638.28584691703,1893.4575639156142
2024-08-12,2024,8,LATO,16.496038019197854,51.64886597454445,19485.361118377947,1910.39486837244
2024-08-12,2024,8,LATO,16.558920089086214,51.64886597454445,15444.202292430888,1913.47070312507
2024-08-12,2024,8,LATO,16.62180215897459,51.64886597454445,11631.892909325215,1913.47070312507
2024-08-12,2024,8,LATO,16.68468422886295,51.64886597454445,8367.319927124407,1910.9022998962712
2024-08-12,2024,8,LATO,16.747566298751323,51.64886597454445,6531.213225113952,1910.5372314452459
2024-08-12,2024,8,LATO,16.810448368639683,51.64886597454445,7296.2234559199205,1910.5372314452827
2024-08-12,2024,8,LATO,16.873330438528058,51.64886597454445,10086.948833017237,1910.5372314452827
2024-08-12,2024,8,LATO,16.936212508416418,51.64886597454445,13718.301356514203,1925.0574951172246
2024-08-12,2024,8,LATO,16.999094578304778,51.64886597454445,17679.665020055214,1925.0574951171577
2024-08-12,2024,8,LATO,17.061976648193152,51.64886597454445,21791.803917641442,1925.0574951172205
2024-08-12,2024,8,LATO,16.496038019197854,51.711748044432824,22771.73051723622,1904.9229276399374
2024-08-12,2024,8,LATO,16.558920089086214,51.711748044432824,19431.707058542906,1905.0347259475143
2024-08-12,2024,8,LATO,16.62180215897459,51.711748044432824,16568.39718798141,1905.2092881971885
2024-08-12,2024,8,LATO,16.68468422886295,51.711748044432824,14467.66726292311,1916.8787680035964
2024-08-12,2024,8,LATO,16.747566298751323,51.711748044432824,13490.589237125841,1916.828835510323
2024-08-12,2024,8,LATO,16.810448368639683,51.711748044432824,13876.580307518117,1916.7290580623455
2024-08-12,2024,8,LATO,16.873330438528058,51.711748044432824,15524.300218115417,1916.6200191726764
2024-08-12,2024,8,LATO,16.936212508416418,51.711748044432824,18092.245885703323,1917.1015240369393
2024-08-12,2024,8,LATO,16.999094578304778,51.711748044432824,21249.373530223802,1917.1425111473047
2024-08-12,2024,8,LATO,17.061976648193152,51.711748044432824,24771.422012835017,1917.224474841589
2024-08-12,2024,8,LATO,16.558920089086214,51.774630114321184,24790.348476733936,1903.9633421663118
2024-08-12,2024,8,LATO,16.62180215897459,51.774630114321184,22619.128825561096,1904.250553495482
2024-08-12,2024,8,LATO,16.68468422886295,51.774630114321184,21130.950502793665,1918.6268538276995
2024-08-12,2024,8,LATO,16.747566298751323,51.774630114321184,20475.29132511945,1918.6168539197706
2024-08-12,2024,8,LATO,16.810448368639683,51.774630114321184,20731.290147281023,1918.5958121638046
2024-08-12,2024,8,LATO,16.873330438528058,51.774630114321184,21866.952277487973,1916.6121681046789
2024-08-12,2024,8,LATO,16.936212508416418,51.774630114321184,23756.45719267844,1915.0365459928632
2024-08-13,2024,8,LATO,16.62180215897459,51.397337694990995,23609.647945145083,1897.0582859513747
2024-08-13,2024,8,LATO,16.68468422886295,51.397337694990995,22175.798790218883,1899.7816162110068
2024-08-13,2024,8,LATO,16.747566298751323,51.397337694990995,21546.68539666157,1900.544240652312
2024-08-13,2024,8,LATO,16.810448368639683,51.397337694990995,21792.113795210218,1900.8520519316
2024-08-13,2024,8,LATO,16.873330438528058,51.397337694990995,22883.963606117784,1899.9588142125458
2024-08-13,2024,8,LATO,16.936212508416418,51.397337694990995,24710.28975063893,1907.7361393106498
2024-08-13,2024,8,LATO,16.496038019197854,51.460219764879355,23461.46708681408,1902.740414283379
2024-08-13,2024,8,LATO,16.558920089086214,51.460219764879355,20216.31716527286,1902.9978682728415
2024-08-13,2024,8,LATO,16.62180215897459,51.460219764879355,17465.660367453034,1913.0383597122986
2024-08-13,2024,8,LATO,16.68468422886295,51.460219764879355,15475.461563149323,1910.3172137974045
2024-08-13,2024,8,LATO,16.747566298751323,51.460219764879355,14560.94973988091,1910.8494827903862
2024-08-13,2024,8,LATO,16.810448368639683,51.460219764879355,14921.234213841115,1910.1330666801423
2024-08-13,2024,8,LATO,16.873330438528058,51.460219764879355,16472.883086708727,1911.0436859692127
2024-08-13,2024,8,LATO,16.936212508416418,51.460219764879355,18925.097335390772,1914.8079244975713
2024-08-13,2024,8,LATO,16.999094578304778,51.460219764879355,21978.479013967186,1901.5156279158564
2024-08-13,2024,8,LATO,16.43315594930948,51.523101834767715,23983.560518942995,1913.3932251003955
2024-08-13,2024,8,LATO,16.496038019197854,51.523101834767715,19890.369208771106,1904.0223370794906
2024-08-13,2024,8,LATO,16.558920089086214,51.523101834767715,15939.906741697989,1904.5453265032831
2024-08-13,2024,8,LATO,16.62180215897459,51.523101834767715,12270.811442326005,1911.6975171435888
2024-08-13,2024,8,LATO,16.68468422886295,51.523101834767715,9225.152957382299,1902.180737949248
2024-08-13,2024,8,LATO,16.747566298751323,51.523101834767715,7594.243498496155,1897.1138830151385
2024-08-13,2024,8,LATO,16.810448368639683,51.523101834767715,8263.16565722542,1901.9487316341963
2024-08-13,2024,8,LATO,16.873330438528058,51.523101834767715,10813.21697783749,1910.2000028199175
2024-08-13,2024,8,LATO,16.936212508416418,51.523101834767715,14269.193705405069,1907.9261152549632
2024-08-13,2024,8,LATO,16.999094578304778,51.523101834767715,18119.94787646938,1887.2483586961991
2024-08-13,2024,8,LATO,17.061976648193152,51.523101834767715,22160.627597835635,1883.3531231486397
2024-08-13,2024,8,LATO,16.43315594930948,51.58598390465609,22760.544372881523,1905.7330187393786
2024-08-13,2024,8,LATO,16.496038019197854,51.58598390465609,18403.9525539687,1901.4343336277543
2024-08-13,2024,8,LATO,16.558920089086214,51.58598390465609,14048.286395765059,1904.7325079589236
2024-08-13,2024,8,LATO,16.62180215897459,51.58598390465609,9694.799009384697,1910.4081315736976
2024-08-13,2024,8,LATO,16.68468422886295,51.58598390465609,5348.820204951136,1901.3277676576245
2024-08-13,2024,8,LATO,16.747566298751323,51.58598390465609,1103.0179874295377,1901.029183031358
2024-08-13,2024,8,LATO,16.810448368639683,51.58598390465609,3436.4895026791482,1911.4073052214533
2024-08-13,2024,8,LATO,16.873330438528058,51.58598390465609,7770.991264888386,1915.1150548091628
2024-08-13,2024,8,LATO,16.936212508416418,51.58598390465609,12122.423347861903,1908.1323390871144
2024-08-13,2024,8,LATO,16.999094578304778,51.58598390465609,16477.376120376837,1897.042279417191
2024-08-13,2024,8,LATO,17.061976648193152,51.58598390465609,20833.639650540794,1895.5073458409934
2024-08-13,2024,8,LATO,16.43315594930948,51.64886597454445,23638.28584691703,1920.819091796808
2024-08-13,2024,8,LATO,16.496038019197854,51.64886597454445,19485.361118377947,1920.3545511379152
2024-08-13,2024,8,LATO,16.558920089086214,51.64886597454445,15444.202292430888,1913.8568928442003
2024-08-13,2024,8,LATO,16.62180215897459,51.64886597454445,11631.892909325215,1914.05029989374
2024-08-13,2024,8,LATO,16.68468422886295,51.64886597454445,8367.319927124407,1909.4904806999812
2024-08-13,2024,8,LATO,16.747566298751323,51.64886597454445,6531.213225113952,1908.4426204957156
2024-08-13,2024,8,LATO,16.810448368639683,51.64886597454445,7296.2234559199205,1918.994979284361
2024-08-13,2024,8,LATO,16.873330438528058,51.64886597454445,10086.948833017237,1919.709642595965
2024-08-13,2024,8,LATO,16.936212508416418,51.64886597454445,13718.301356514203,1909.4584405352166
2024-08-13,2024,8,LATO,16.999094578304778,51.64886597454445,17679.665020055214,1909.5742399325502
2024-08-13,2024,8,LATO,17.061976648193152,51.64886597454445,21791.803917641442,1914.924566579874
2024-08-13,2024,8,LATO,16.496038019197854,51.711748044432824,22771.73051723622,1921.1372713624778
2024-08-13,2024,8,LATO,16.558920089086214,51.711748044432824,19431.707058542906,1910.8621645394937
2024-08-13,2024,8,LATO,16.62180215897459,51.711748044432824,16568.39718798141,1911.7539058689754
2024-08-13,2024,8,LATO,16.68468422886295,51.711748044432824,14467.66726292311,1913.7909116105843
2024-08-13,2024,8,LATO,16.747566298751323,51.711748044432824,13490.589237125841,1914.0087730451692
2024-08-13,2024,8,LATO,16.810448368639683,51.711748044432824,13876.580307518117,1912.9116200589008
2024-08-13,2024,8,LATO,16.873330438528058,51.711748044432824,15524.300218115417,1913.1170979530505
2024-08-13,2024,8,LATO,16.936212508416418,51.711748044432824,18092.245885703323,1905.7810058594116
2024-08-13,2024,8,LATO,16.999094578304778,51.711748044432824,21249.373530223802,1905.781276981276
2024-08-13,2024,8,LATO,17.061976648193152,51.711748044432824,24771.422012835017,1910.9382589949744
2024-08-13,2024,8,LATO,16.558920089086214,51.774630114321184,24790.348476733936,1905.1504086892203
2024-08-13,2024,8,LATO,16.62180215897459,51.774630114321184,22619.128825561096,1906.2771438671741
2024-08-13,2024,8,LATO,16.68468422886295,51.774630114321184,21130.950502793665,1906.6926269531948
2024-08-13,2024,8,LATO,16.747566298751323,51.774630114321184,20475.29132511945,1907.9838155239775
2024-08-13,2024,8,LATO,16.810448368639683,51.774630114321184,20731.290147281023,1909.63160825392
2024-08-13,2024,8,LATO,16.873330438528058,51.774630114321184,21866.952277487973,1908.5192230222635
2024-08-13,2024,8,LATO,16.936212508416418,51.774630114321184,23756.45719267844,1901.3753809285627
2024-08-14,2024,8,LATO,16.62180215897459,51.397337694990995,23609.647945145083,1902.4419357938875
2024-08-14,2024,8,LATO,16.68468422886295,51.397337694990995,22175.798790218883,1901.0623446097743
2024-08-14,2024,8,LATO,16.747566298751323,51.397337694990995,21546.68539666157,1900.3496228206977
2024-08-14,2024,8,LATO,16.810448368639683,51.397337694990995,21792.113795210218,1896.529344919024
2024-08-14,2024,8,LATO,16.873330438528058,51.397337694990995,22883.963606117784,1893.7185410856448
2024-08-14,2024,8,LATO,16.936212508416418,51.397337694990995,24710.28975063893,1897.6681616686496
2024-08-14,2024,8,LATO,16.496038019197854,51.460219764879355,23461.46708681408,1897.8786257444744
2024-08-14,2024,8,LATO,16.558920089086214,51.460219764879355,20216.31716527286,1894.6182261731833
2024-08-14,2024,8,LATO,16.62180215897459,51.460219764879355,17465.660367453034,1898.146063422671
2024-08-14,2024,8,LATO,16.68468422886295,51.460219764879355,15475.461563149323,1920.538648879444
2024-08-14,2024,8,LATO,16.747566298751323,51.460219764879355,14560.94973988091,1906.531237760291
2024-08-14,2024,8,LATO,16.810448368639683,51.460219764879355,14921.234213841115,1897.8231941205536
2024-08-14,2024,8,LATO,16.873330438528058,51.460219764879355,16472.883086708727,1908.194948553609
2024-08-14,2024,8,LATO,16.936212508416418,51.460219764879355,18925.097335390772,1907.114387735915
2024-08-14,2024,8,LATO,16.999094578304778,51.460219764879355,21978.479013967186,1885.0822381204123
2024-08-14,2024,8,LATO,16.43315594930948,51.523101834767715,23983.560518942995,1894.4785377610337
2024-08-14,2024,8,LATO,16.496038019197854,51.523101834767715,19890.369208771106,1901.8840511236476
2024-08-14,2024,8,LATO,16.558920089086214,51.523101834767715,15939.906741697989,1903.7745222212204
2024-08-14,2024,8,LATO,16.62180215897459,51.523101834767715,12270.811442326005,1915.2377891866472
2024-08-14,2024,8,LATO,16.68468422886295,51.523101834767715,9225.152957382299,1904.7128173700935
2024-08-14,2024,8,LATO,16.747566298751323,51.523101834767715,7594.243498496155,1890.6317284717256
2024-08-14,2024,8,LATO,16.810448368639683,51.523101834767715,8263.16565722542,1898.9918216113879
2024-08-14,2024,8,LATO,16.873330438528058,51.523101834767715,10813.21697783749,1902.3874272535086
2024-08-14,2024,8,LATO,16.936212508416418,51.523101834767715,14269.193705405069,1893.2623269661308
2024-08-14,2024,8,LATO,16.999094578304778,51.523101834767715,18119.94787646938,1887.4095604526365
2024-08-14,2024,8,LATO,17.061976648193152,51.523101834767715,22160.627597835635,1872.7019484103191
2024-08-14,2024,8,LATO,16.43315594930948,51.58598390465609,22760.544372881523,1904.8566095860926
2024-08-14,2024,8,LATO,16.496038019197854,51.58598390465609,18403.9525539687,1877.6196536586579
2024-08-14,2024,8,LATO,16.558920089086214,51.58598390465609,14048.286395765059,1882.833821123908
2024-08-14,2024,8,LATO,16.62180215897459,51.58598390465609,9694.799009384697,1914.971550059403
2024-08-14,2024,8,LATO,16.68468422886295,51.58598390465609,5348.820204951136,1901.114032495872
2024-08-14,2024,8,LATO,16.747566298751323,51.58598390465609,1103.0179874295377,1899.3991699218088
2024-08-14,2024,8,LATO,16.810448368639683,51.58598390465609,3436.4895026791482,1905.8825345696082
2024-08-14,2024,8,LATO,16.873330438528058,51.58598390465609,7770.991264888386,1905.078230643307
2024-08-14,2024,8,LATO,16.936212508416418,51.58598390465609,12122.423347861903,1902.7228007487993
2024-08-14,2024,8,LATO,16.999094578304778,51.58598390465609,16477.376120376837,1903.539357170425
2024-08-14,2024,8,LATO,17.061976648193152,51.58598390465609,20833.639650540794,1888.407348632845
2024-08-14,2024,8,LATO,16.43315594930948,51.64886597454445,23638.28584691703,1900.6707174238516
2024-08-14,2024,8,LATO,16.496038019197854,51.64886597454445,19485.361118377947,1916.082135578136
2024-08-14,2024,8,LATO,16.558920089086214,51.64886597454445,15444.202292430888,1917.9404014280515
2024-08-14,2024,8,LATO,16.62180215897459,51.64886597454445,11631.892909325215,1922.2931719298324
2024-08-14,2024,8,LATO,16.68468422886295,51.64886597454445,8367.319927124407,1905.7783001144207
2024-08-14,2024,8,LATO,16.747566298751323,51.64886597454445,6531.213225113952,1904.5932622788177
2024-08-14,2024,8,LATO,16.810448368639683,51.64886597454445,7296.2234559199205,1904.5476034527915
2024-08-14,2024,8,LATO,16.873330438528058,51.64886597454445,10086.948833017237,1901.928580484798
2024-08-14,2024,8,LATO,16.936212508416418,51.64886597454445,13718.301356514203,1899.8625033118092
2024-08-14,2024,8,LATO,16.999094578304778,51.64886597454445,17679.665020055214,1900.4153700572035
2024-08-14,2024,8,LATO,17.061976648193152,51.64886597454445,21791.803917641442,1900.1976976590593
2024-08-14,2024,8,LATO,16.496038019197854,51.711748044432824,22771.73051723622,1921.5303688412282
2024-08-14,2024,8,LATO,16.558920089086214,51.711748044432824,19431.707058542906,1907.4567095809011
2024-08-14,2024,8,LATO,16.62180215897459,51.711748044432824,16568.39718798141,1907.799349324778
2024-08-14,2024,8,LATO,16.68468422886295,51.711748044432824,14467.66726292311,1904.2880187478563
2024-08-14,2024,8,LATO,16.747566298751323,51.711748044432824,13490.589237125841,1909.4728681861395
2024-08-14,2024,8,LATO,16.810448368639683,51.711748044432824,13876.580307518117,1910.3738327616652
2024-08-14,2024,8,LATO,16.873330438528058,51.711748044432824,15524.300218115417,1901.3512554484173
2024-08-14,2024,8,LATO,16.936212508416418,51.711748044432824,18092.245885703323,1899.174286498812
2024-08-14,2024,8,LATO,16.999094578304778,51.711748044432824,21249.373530223802,1897.8057522738482
2024-08-14,2024,8,LATO,17.061976648193152,51.711748044432824,24771.422012835017,1900.3972601542462
2024-08-14,2024,8,LATO,16.558920089086214,51.774630114321184,24790.348476733936,1909.5485360315238
2024-08-14,2024,8,LATO,16.62180215897459,51.774630114321184,22619.128825561096,1895.1090287538955
2024-08-14,2024,8,LATO,16.68468422886295,51.774630114321184,21130.950502793665,1899.6658311320086
2024-08-14,2024,8,LATO,16.747566298751323,51.774630114321184,20475.29132511945,1902.682015195965
2024-08-14,2024,8,LATO,16.810448368639683,51.774630114321184,20731.290147281023,1899.728986897288
2024-08-14,2024,8,LATO,16.873330438528058,51.774630114321184,21866.952277487973,1891.53728465446
2024-08-14,2024,8,LATO,16.936212508416418,51.774630114321184,23756.45719267844,1895.5560143795062
2024-08-24,2024,8,LATO,16.62180215897459,51.397337694990995,23609.647945145083,1896.9763726543022
2024-08-24,2024,8,LATO,16.68468422886295,51.397337694990995,22175.798790218883,1903.4755455979166
2024-08-24,2024,8,LATO,16.747566298751323,51.397337694990995,21546.68539666157,1902.887203421801
2024-08-24,2024,8,LATO,16.810448368639683,51.397337694990995,21792.113795210218,1900.035766601533
2024-08-24,2024,8,LATO,16.873330438528058,51.397337694990995,22883.963606117784,1900.1272752496322
2024-08-24,2024,8,LATO,16.936212508416418,51.397337694990995,24710.28975063893,1910.509971332207
2024-08-24,2024,8,LATO,16.496038019197854,51.460219764879355,23461.46708681408,1899.0488066854123
2024-08-24,2024,8,LATO,16.558920089086214,51.460219764879355,20216.31716527286,1899.4170900084346
2024-08-24,2024,8,LATO,16.62180215897459,51.460219764879355,17465.660367453034,1910.2578701371556
2024-08-24,2024,8,LATO,16.68468422886295,51.460219764879355,15475.461563149323,1913.8928096925033
2024-08-24,2024,8,LATO,16.747566298751323,51.460219764879355,14560.94973988091,1912.2718558799388
2024-08-24,2024,8,LATO,16.810448368639683,51.460219764879355,14921.234213841115,1910.690086982813
2024-08-24,2024,8,LATO,16.873330438528058,51.460219764879355,16472.883086708727,1908.5131703705256
2024-08-24,2024,8,LATO,16.936212508416418,51.460219764879355,18925.097335390772,1909.3383489203945
2024-08-24,2024,8,LATO,16.999094578304778,51.460219764879355,21978.479013967186,1897.6774009692638
2024-08-24,2024,8,LATO,16.43315594930948,51.523101834767715,23983.560518942995,1891.6260986327463
2024-08-24,2024,8,LATO,16.496038019197854,51.523101834767715,19890.369208771106,1898.154136029913
2024-08-24,2024,8,LATO,16.558920089086214,51.523101834767715,15939.906741697989,1899.069235529048
2024-08-24,2024,8,LATO,16.62180215897459,51.523101834767715,12270.811442326005,1912.6143244956625
2024-08-24,2024,8,LATO,16.68468422886295,51.523101834767715,9225.152957382299,1905.527893816703
2024-08-24,2024,8,LATO,16.747566298751323,51.523101834767715,7594.243498496155,1898.4676546627127
2024-08-24,2024,8,LATO,16.810448368639683,51.523101834767715,8263.16565722542,1898.5252856280763
2024-08-24,2024,8,LATO,16.873330438528058,51.523101834767715,10813.21697783749,1899.4525146484082
2024-08-24,2024,8,LATO,16.936212508416418,51.523101834767715,14269.193705405069,1905.755046141948
2024-08-24,2024,8,LATO,16.999094578304778,51.523101834767715,18119.94787646938,1906.9042953518497
2024-08-24,2024,8,LATO,17.061976648193152,51.523101834767715,22160.627597835635,1901.4986433863644
2024-08-24,2024,8,LATO,16.43315594930948,51.58598390465609,22760.544372881523,1894.1453401084675
2024-08-24,2024,8,LATO,16.496038019197854,51.58598390465609,18403.9525539687,1887.8486634675037
2024-08-24,2024,8,LATO,16.558920089086214,51.58598390465609,14048.286395765059,1889.8016319464728
2024-08-24,2024,8,LATO,16.62180215897459,51.58598390465609,9694.799009384697,1914.5354584404256
2024-08-24,2024,8,LATO,16.68468422886295,51.58598390465609,5348.820204951136,1903.4301391729045
2024-08-24,2024,8,LATO,16.747566298751323,51.58598390465609,1103.0179874295377,1902.6153548527764
2024-08-24,2024,8,LATO,16.810448368639683,51.58598390465609,3436.4895026791482,1903.4493159860035
2024-08-24,2024,8,LATO,16.873330438528058,51.58598390465609,7770.991264888386,1903.1259250262913
2024-08-24,2024,8,LATO,16.936212508416418,51.58598390465609,12122.423347861903,1913.7179081727463
2024-08-24,2024,8,LATO,16.999094578304778,51.58598390465609,16477.376120376837,1914.718497185383
2024-08-24,2024,8,LATO,17.061976648193152,51.58598390465609,20833.639650540794,1909.5792983514687
2024-08-24,2024,8,LATO,16.43315594930948,51.64886597454445,23638.28584691703,1906.4567398119887
2024-08-24,2024,8,LATO,16.496038019197854,51.64886597454445,19485.361118377947,1914.2589300491422
2024-08-24,2024,8,LATO,16.558920089086214,51.64886597454445,15444.202292430888,1912.6469660806388
2024-08-24,2024,8,LATO,16.62180215897459,51.64886597454445,11631.892909325215,1912.3510305026875
2024-08-24,2024,8,LATO,16.68468422886295,51.64886597454445,8367.319927124407,1902.2541440294694
2024-08-24,2024,8,LATO,16.747566298751323,51.64886597454445,6531.213225113952,1901.493925268816
2024-08-24,2024,8,LATO,16.810448368639683,51.64886597454445,7296.2234559199205,1908.1193247162928
2024-08-24,2024,8,LATO,16.873330438528058,51.64886597454445,10086.948833017237,1909.5038567424501
2024-08-24,2024,8,LATO,16.936212508416418,51.64886597454445,13718.301356514203,1913.2794368972484
2024-08-24,2024,8,LATO,16.999094578304778,51.64886597454445,17679.665020055214,1912.6335349913252
2024-08-24,2024,8,LATO,17.061976648193152,51.64886597454445,21791.803917641442,1916.8648681640955
2024-08-24,2024,8,LATO,16.496038019197854,51.711748044432824,22771.73051723622,1924.159519961315
2024-08-24,2024,8,LATO,16.558920089086214,51.711748044432824,19431.707058542906,1907.136505275552
2024-08-24,2024,8,LATO,16.62180215897459,51.711748044432824,16568.39718798141,1907.680663609002
2024-08-24,2024,8,LATO,16.68468422886295,51.711748044432824,14467.66726292311,1903.880100209448
2024-08-24,2024,8,LATO,16.747566298751323,51.711748044432824,13490.589237125841,1903.6298615514158
2024-08-24,2024,8,LATO,16.810448368639683,51.711748044432824,13876.580307518117,1901.4053295886224
2024-08-24,2024,8,LATO,16.873330438528058,51.711748044432824,15524.300218115417,1902.7649817611682
2024-08-24,2024,8,LATO,16.936212508416418,51.711748044432824,18092.245885703323,1918.6463623047243
2024-08-24,2024,8,LATO,16.999094578304778,51.711748044432824,21249.373530223802,1917.9063858963755
2024-08-24,2024,8,LATO,17.061976648193152,51.711748044432824,24771.422012835017,1909.6024933790022
2024-08-24,2024,8,LATO,16.558920089086214,51.774630114321184,24790.348476733936,1900.5221751137942
2024-08-24,2024,8,LATO,16.62180215897459,51.774630114321184,22619.128825561096,1907.9496682513043
2024-08-24,2024,8,LATO,16.68468422886295,51.774630114321184,21130.950502793665,1908.875276986523
2024-08-24,2024,8,LATO,16.747566298751323,51.774630114321184,20475.29132511945,1898.1172499477714
2024-08-24,2024,8,LATO,16.810448368639683,51.774630114321184,20731.290147281023,1896.6394481187274
2024-08-24,2024,8,LATO,16.873330438528058,51.774630114321184,21866.952277487973,1910.6202210681754
2024-08-24,2024,8,LATO,16.936212508416418,51.774630114321184,23756.45719267844,1912.0374670575977
2024-08-27,2024,8,LATO,16.562421864585673,51.77813188982064,24978.174188169676,1871.7483044661167
2024-08-27,2024,8,LATO,16.62530393447404,51.77813188982064,22871.099518275634,1871.7482624235556
2024-08-27,2024,8,LATO,16.68468422886295,51.523101834767715,9225.152957382299,1915.8940302572528
2024-08-27,2024,8,LATO,16.747566298751323,51.523101834767715,7594.243498496155,1915.8940468736444
2024-08-27,2024,8,LATO,16.810448368639683,51.523101834767715,8263.16565722542,1915.8940192058176
2024-08-27,2024,8,LATO,16.496038019197854,51.58598390465609,18403.9525539687,1915.8940443772603
2024-08-27,2024,8,LATO,16.558920089086214,51.58598390465609,14048.286395765059,1915.8940333880396
2024-08-27,2024,8,LATO,16.62180215897459,51.58598390465609,9694.799009384697,1915.8940289874652
2024-08-27,2024,8,LATO,16.68468422886295,51.58598390465609,5348.820204951136,1915.8940431631609
2024-08-27,2024,8,LATO,16.747566298751323,51.58598390465609,1103.0179874295377,1915.8940429686832
2024-08-27,2024,8,LATO,16.810448368639683,51.58598390465609,3436.4895026791482,1915.894051957463
2024-08-27,2024,8,LATO,16.43315594930948,51.64886597454445,23638.28584691703,1917.2455405889018
2024-08-27,2024,8,LATO,16.496038019197854,51.64886597454445,19485.361118377947,1921.746037181085
2024-08-27,2024,8,LATO,16.558920089086214,51.64886597454445,15444.202292430888,1921.7714360265645
2024-08-27,2024,8,LATO,16.62180215897459,51.64886597454445,11631.892909325215,1921.8066127852562
2024-08-27,2024,8,LATO,16.68468422886295,51.64886597454445,8367.319927124407,1921.8414801119923
2024-08-27,2024,8,LATO,16.747566298751323,51.64886597454445,6531.213225113952,1921.8592150885067
2024-08-27,2024,8,LATO,16.810448368639683,51.64886597454445,7296.2234559199205,1921.746582892974
2024-08-27,2024,8,LATO,16.496038019197854,51.711748044432824,22771.73051723622,1922.3130378272467
2024-08-27,2024,8,LATO,16.558920089086214,51.711748044432824,19431.707058542906,1922.4165751993717
2024-08-27,2024,8,LATO,16.62180215897459,51.711748044432824,16568.39718798141,1922.6182771718356
2024-08-27,2024,8,LATO,16.68468422886295,51.711748044432824,14467.66726292311,1922.8253141643133
2024-08-27,2024,8,LATO,16.747566298751323,51.711748044432824,13490.589237125841,1922.9288218762638
2024-08-27,2024,8,LATO,16.558920089086214,51.774630114321184,24790.348476733936,1908.0572669487542
2024-08-27,2024,8,LATO,16.62180215897459,51.774630114321184,22619.128825561096,1907.8120117188198
2024-08-27,2024,8,LATO,16.68468422886295,51.774630114321184,21130.950502793665,1907.8120117188198
2024-08-27,2024,8,LATO,16.747566298751323,51.774630114321184,20475.29132511945,1908.0345211672875
2024-08-27,2024,8,LATO,16.810448368639683,51.774630114321184,20731.290147281023,1903.3289811077211
2024-08-27,2024,8,LATO,16.873330438528058,51.774630114321184,21866.952277487973,1903.599184639153
2024-08-27,2024,8,LATO,16.936212508416418,51.774630114321184,23756.45719267844,1904.1295366933175
2024-08-28,2024,8,LATO,16.62180215897459,51.397337694990995,23609.647945145083,1904.46986789689
2024-08-28,2024,8,LATO,16.68468422886295,51.397337694990995,22175.798790218883,1904.4698486328823
2024-08-28,2024,8,LATO,16.747566298751323,51.397337694990995,21546.68539666157,1904.469848632746
2024-08-28,2024,8,LATO,16.810448368639683,51.397337694990995,21792.113795210218,1910.1501338902726
2024-08-28,2024,8,LATO,16.873330438528058,51.397337694990995,22883.963606117784,1914.952067281956
2024-08-28,2024,8,LATO,16.936212508416418,51.397337694990995,24710.28975063893,1915.0497598744757
2024-08-28,2024,8,LATO,16.496038019197854,51.460219764879355,23461.46708681408,1896.8534327670288
2024-08-28,2024,8,LATO,16.558920089086214,51.460219764879355,20216.31716527286,1896.758623067153
2024-08-28,2024,8,LATO,16.62180215897459,51.460219764879355,17465.660367453034,1920.672967547832
2024-08-28,2024,8,LATO,16.68468422886295,51.460219764879355,15475.461563149323,1921.459538768985
2024-08-28,2024,8,LATO,16.747566298751323,51.460219764879355,14560.94973988091,1921.3598727850915
2024-08-28,2024,8,LATO,16.810448368639683,51.460219764879355,14921.234213841115,1918.932180547485
2024-08-28,2024,8,LATO,16.873330438528058,51.460219764879355,16472.883086708727,1918.9784985842814
2024-08-28,2024,8,LATO,16.936212508416418,51.460219764879355,18925.097335390772,1918.9749538345654
2024-08-28,2024,8,LATO,16.999094578304778,51.460219764879355,21978.479013967186,1918.9731682507509
2024-08-28,2024,8,LATO,16.43315594930948,51.523101834767715,23983.560518942995,1898.160430927008
2024-08-28,2024,8,LATO,16.496038019197854,51.523101834767715,19890.369208771106,1898.323063684926
2024-08-28,2024,8,LATO,16.558920089086214,51.523101834767715,15939.906741697989,1898.4043763725747
2024-08-28,2024,8,LATO,16.62180215897459,51.523101834767715,12270.811442326005,1916.09326405076
2024-08-28,2024,8,LATO,16.68468422886295,51.523101834767715,9225.152957382299,1916.0932597150927
2024-08-28,2024,8,LATO,16.747566298751323,51.523101834767715,7594.243498496155,1916.0932649873416
2024-08-28,2024,8,LATO,16.810448368639683,51.523101834767715,8263.16565722542,1920.6911608464866
2024-08-28,2024,8,LATO,16.873330438528058,51.523101834767715,10813.21697783749,1920.6911611933938
2024-08-28,2024,8,LATO,16.936212508416418,51.523101834767715,14269.193705405069,1920.6911617955586
2024-08-28,2024,8,LATO,16.999094578304778,51.523101834767715,18119.94787646938,1920.357505890566
2024-08-28,2024,8,LATO,17.061976648193152,51.523101834767715,22160.627597835635,1918.6484321189992
2024-08-28,2024,8,LATO,16.43315594930948,51.58598390465609,22760.544372881523,1893.2164306639963
2024-08-28,2024,8,LATO,16.496038019197854,51.58598390465609,18403.9525539687,1893.2164306640002
2024-08-28,2024,8,LATO,16.558920089086214,51.58598390465609,14048.286395765059,1893.2164306641316
2024-08-28,2024,8,LATO,16.999094578304778,51.58598390465609,16477.376120376837,1918.6484469014745
2024-08-28,2024,8,LATO,17.061976648193152,51.58598390465609,20833.639650540794,1918.648437500033
2024-08-28,2024,8,LATO,16.43315594930948,51.64886597454445,23638.28584691703,1900.8495951611562
2024-08-28,2024,8,LATO,16.496038019197854,51.64886597454445,19485.361118377947,1900.8496066783491
2024-08-28,2024,8,LATO,16.558920089086214,51.64886597454445,15444.202292430888,1900.8496018813685
2024-08-28,2024,8,LATO,16.936212508416418,51.64886597454445,13718.301356514203,1934.0931511596389
2024-08-28,2024,8,LATO,16.999094578304778,51.64886597454445,17679.665020055214,1933.361855624486
2024-08-28,2024,8,LATO,17.061976648193152,51.64886597454445,21791.803917641442,1933.2817025143022
2024-08-28,2024,8,LATO,16.936212508416418,51.711748044432824,18092.245885703323,1936.539537600796
2024-08-28,2024,8,LATO,16.999094578304778,51.711748044432824,21249.373530223802,1936.5395598394127
2024-08-28,2024,8,LATO,17.061976648193152,51.711748044432824,24771.422012835017,1936.5395497854367
2024-08-29,2024,8,LATO,16.62180215897459,51.397337694990995,23609.647945145083,1900.3431313092262
2024-08-29,2024,8,LATO,16.68468422886295,51.397337694990995,22175.798790218883,1892.983507832721
2024-08-29,2024,8,LATO,16.747566298751323,51.397337694990995,21546.68539666157,1891.3296816246993
2024-08-29,2024,8,LATO,16.810448368639683,51.397337694990995,21792.113795210218,1897.3817988170406
2024-08-29,2024,8,LATO,16.873330438528058,51.397337694990995,22883.963606117784,1903.1822703848559
2024-08-29,2024,8,LATO,16.936212508416418,51.397337694990995,24710.28975063893,1903.1872486611253
2024-08-29,2024,8,LATO,16.496038019197854,51.460219764879355,23461.46708681408,1904.7023389464364
2024-08-29,2024,8,LATO,16.558920089086214,51.460219764879355,20216.31716527286,1903.8489089067994
2024-08-29,2024,8,LATO,16.62180215897459,51.460219764879355,17465.660367453034,1902.9804928424965
2024-08-29,2024,8,LATO,16.68468422886295,51.460219764879355,15475.461563149323,1906.9255371094448
2024-08-29,2024,8,LATO,16.747566298751323,51.460219764879355,14560.94973988091,1906.6695670053402
2024-08-29,2024,8,LATO,16.810448368639683,51.460219764879355,14921.234213841115,1906.7189922924827
2024-08-29,2024,8,LATO,16.873330438528058,51.460219764879355,16472.883086708727,1906.095620372403
2024-08-29,2024,8,LATO,16.936212508416418,51.460219764879355,18925.097335390772,1903.7367684362962
2024-08-29,2024,8,LATO,16.43315594930948,51.523101834767715,23983.560518942995,1895.972045898371
2024-08-29,2024,8,LATO,16.496038019197854,51.523101834767715,19890.369208771106,1900.6148764376967
2024-08-29,2024,8,LATO,16.558920089086214,51.523101834767715,15939.906741697989,1905.5400821729033
2024-08-29,2024,8,LATO,16.62180215897459,51.523101834767715,12270.811442326005,1903.803482267683
2024-08-29,2024,8,LATO,16.68468422886295,51.523101834767715,9225.152957382299,1898.3853886507068
2024-08-29,2024,8,LATO,16.747566298751323,51.523101834767715,7594.243498496155,1898.497632623906
2024-08-29,2024,8,LATO,16.810448368639683,51.523101834767715,8263.16565722542,1895.8214177323118
2024-08-29,2024,8,LATO,16.873330438528058,51.523101834767715,10813.21697783749,1895.8145327209395
2024-08-29,2024,8,LATO,16.936212508416418,51.523101834767715,14269.193705405069,1913.3325199949745
2024-08-29,2024,8,LATO,16.999094578304778,51.523101834767715,18119.94787646938,1913.3325032038902
2024-08-29,2024,8,LATO,16.43315594930948,51.58598390465609,22760.544372881523,1903.163355449878
2024-08-29,2024,8,LATO,16.496038019197854,51.58598390465609,18403.9525539687,1895.6817721568962
2024-08-29,2024,8,LATO,16.558920089086214,51.58598390465609,14048.286395765059,1896.4628308472656
2024-08-29,2024,8,LATO,16.62180215897459,51.58598390465609,9694.799009384697,1900.7571021874107
2024-08-29,2024,8,LATO,16.68468422886295,51.58598390465609,5348.820204951136,1899.6247774066665
2024-08-29,2024,8,LATO,16.747566298751323,51.58598390465609,1103.0179874295377,1897.4897263593396
2024-08-29,2024,8,LATO,16.810448368639683,51.58598390465609,3436.4895026791482,1895.6519403834736
2024-08-29,2024,8,LATO,16.873330438528058,51.58598390465609,7770.991264888386,1896.701854655531
2024-08-29,2024,8,LATO,16.936212508416418,51.58598390465609,12122.423347861903,1913.332519531287
2024-08-29,2024,8,LATO,16.999094578304778,51.58598390465609,16477.376120376837,1913.3325161883047
2024-08-29,2024,8,LATO,16.43315594930948,51.64886597454445,23638.28584691703,1905.8397926958594
2024-08-29,2024,8,LATO,16.496038019197854,51.64886597454445,19485.361118377947,1900.5807736803956
2024-08-29,2024,8,LATO,16.558920089086214,51.64886597454445,15444.202292430888,1899.5332520732588
2024-08-29,2024,8,LATO,16.62180215897459,51.64886597454445,11631.892909325215,1910.3261711320777
2024-08-29,2024,8,LATO,16.68468422886295,51.64886597454445,8367.319927124407,1909.5661866806026
2024-08-29,2024,8,LATO,16.747566298751323,51.64886597454445,6531.213225113952,1896.2208993995378
2024-08-29,2024,8,LATO,16.810448368639683,51.64886597454445,7296.2234559199205,1894.897715208985
2024-08-29,2024,8,LATO,16.873330438528058,51.64886597454445,10086.948833017237,1906.227101407026
2024-08-29,2024,8,LATO,16.936212508416418,51.64886597454445,13718.301356514203,1911.9777135603374
2024-08-29,2024,8,LATO,16.999094578304778,51.64886597454445,17679.665020055214,1909.9611834864934
2024-08-29,2024,8,LATO,17.061976648193152,51.64886597454445,21791.803917641442,1904.8249213385468
2024-08-29,2024,8,LATO,16.496038019197854,51.711748044432824,22771.73051723622,1909.9884136331893
2024-08-29,2024,8,LATO,16.558920089086214,51.711748044432824,19431.707058542906,1909.9881591797573
2024-08-29,2024,8,LATO,16.62180215897459,51.711748044432824,16568.39718798141,1899.1436106842066
2024-08-29,2024,8,LATO,16.68468422886295,51.711748044432824,14467.66726292311,1903.1570707165545
2024-08-29,2024,8,LATO,16.747566298751323,51.711748044432824,13490.589237125841,1904.323055166098
2024-08-29,2024,8,LATO,16.810448368639683,51.711748044432824,13876.580307518117,1902.592004824866
2024-08-29,2024,8,LATO,16.873330438528058,51.711748044432824,15524.300218115417,1910.243452615373
2024-08-29,2024,8,LATO,16.936212508416418,51.711748044432824,18092.245885703323,1910.5681570984634
2024-08-29,2024,8,LATO,16.999094578304778,51.711748044432824,21249.373530223802,1905.37636054804
2024-08-29,2024,8,LATO,17.061976648193152,51.711748044432824,24771.422012835017,1905.9256705430646
2024-08-29,2024,8,LATO,16.558920089086214,51.774630114321184,24790.348476733936,1898.114867491983
2024-08-29,2024,8,LATO,16.62180215897459,51.774630114321184,22619.128825561096,1894.3188697446337
2024-08-29,2024,8,LATO,16.68468422886295,51.774630114321184,21130.950502793665,1908.5298299797691
2024-08-29,2024,8,LATO,16.747566298751323,51.774630114321184,20475.29132511945,1907.9455678348363
2024-08-29,2024,8,LATO,16.810448368639683,51.774630114321184,20731.290147281023,1907.6899552608218
2024-08-29,2024,8,LATO,16.873330438528058,51.774630114321184,21866.952277487973,1907.5886230468454
2024-08-29,2024,8,LATO,16.936212508416418,51.774630114321184,23756.45719267844,1905.194785853043
2024-08-30,2024,8,LATO,16.62530393447404,51.397337694990995,23510.777967606296,1892.6370882642175
2024-08-30,2024,8,LATO,16.6881860043624,51.397337694990995,22118.575144716113,1890.1138621901032
2024-08-30,2024,8,LATO,16.751068074250767,51.397337694990995,21537.155614870117,1903.9900873165236
2024-08-30,2024,8,LATO,16.813950144139135,51.397337694990995,21831.393658931185,1914.8991805963233
2024-08-30,2024,8,LATO,16.876832214027502,51.397337694990995,22967.660395888146,1911.3835223170063
2024-08-30,2024,8,LATO,16.93971428391587,51.397337694990995,24830.62957484175,1912.7516902706066
2024-08-30,2024,8,LATO,16.499539794697306,51.460219764879355,23271.13309125346,1889.1803336188436
2024-08-30,2024,8,LATO,16.562421864585673,51.460219764879355,20048.089008143317,1896.9260146117167
2024-08-30,2024,8,LATO,16.62530393447404,51.460219764879355,17331.96138108104,1912.6138850165246
2024-08-30,2024,8,LATO,16.6881860043624,51.460219764879355,15393.462984354066,1912.3842472075096
2024-08-30,2024,8,LATO,16.751068074250767,51.460219764879355,14546.86362501982,1916.7921120411481
2024-08-30,2024,8,LATO,16.813950144139135,51.460219764879355,14978.464685752782,1918.9487948079957
2024-08-30,2024,8,LATO,16.876832214027502,51.460219764879355,16588.79885742579,1918.1862592885932
2024-08-30,2024,8,LATO,16.93971428391587,51.460219764879355,19081.742057233423,1911.9046109775734
2024-08-30,2024,8,LATO,17.002596353804236,51.460219764879355,22161.41485550589,1901.6719167865515
2024-08-30,2024,8,LATO,16.43665772480894,51.523101834767715,23753.112019223394,1891.1340787658262
2024-08-30,2024,8,LATO,16.499539794697306,51.523101834767715,19665.81326380877,1871.1846963770993
2024-08-30,2024,8,LATO,16.562421864585673,51.523101834767715,15726.294119979328,1916.8523771363773
2024-08-30,2024,8,LATO,16.62530393447404,51.523101834767715,12080.016356964572,1918.3308117967554
2024-08-30,2024,8,LATO,16.6881860043624,51.523101834767715,9087.118086201648,1905.5053722043988
2024-08-30,2024,8,LATO,16.751068074250767,51.523101834767715,7567.237422419734,1907.7056262743606
2024-08-30,2024,8,LATO,16.813950144139135,51.523101834767715,8365.926694370606,1900.2562326802831
2024-08-30,2024,8,LATO,16.876832214027502,51.523101834767715,10988.756528580716,1903.5570057131415
2024-08-30,2024,8,LATO,16.93971428391587,51.523101834767715,14476.024373666962,1907.426150338881
2024-08-30,2024,8,LATO,17.002596353804236,51.523101834767715,18341.10634446546,1889.1981917413145
2024-08-30,2024,8,LATO,17.065478423692603,51.523101834767715,22389.17948344812,1884.2700763136697
2024-08-30,2024,8,LATO,16.43665772480894,51.58598390465609,22517.91943501052,1888.9731313100267
2024-08-30,2024,8,LATO,16.62530393447404,51.58598390465609,9452.486862939144,1917.349203663932
2024-08-30,2024,8,LATO,16.6881860043624,51.58598390465609,5107.408485680946,1911.937642579195
2024-08-30,2024,8,LATO,16.751068074250767,51.58598390465609,898.7538168865356,1905.5804847295008
2024-08-30,2024,8,LATO,16.813950144139135,51.58598390465609,3676.4025307023344,1890.5366605315162
2024-08-30,2024,8,LATO,16.876832214027502,51.58598390465609,8013.123324194391,1906.0046682499974
2024-08-30,2024,8,LATO,16.93971428391587,51.58598390465609,12364.883738523133,1923.0348931709975
2024-08-30,2024,8,LATO,17.002596353804236,51.58598390465609,16719.942683403864,1905.5589587853235
2024-08-30,2024,8,LATO,17.065478423692603,51.58598390465609,21076.2532756357,1901.6112674034546
2024-08-30,2024,8,LATO,16.43665772480894,51.64886597454445,23405.085847506445,1901.7771601661682
2024-08-30,2024,8,LATO,16.499539794697306,51.64886597454445,19256.718613346664,1896.1747375005496
2024-08-30,2024,8,LATO,16.562421864585673,51.64886597454445,15224.248201841792,1889.5771532359745
2024-08-30,2024,8,LATO,16.62530393447404,51.64886597454445,11430.998314790266,1924.315293821684
2024-08-30,2024,8,LATO,16.6881860043624,51.64886597454445,8215.307570873483,1927.3617297386563
2024-08-30,2024,8,LATO,16.751068074250767,51.64886597454445,6499.878687492661,1886.2776764021194
2024-08-30,2024,8,LATO,16.813950144139135,51.64886597454445,7412.083985460876,1896.6438931960056
2024-08-30,2024,8,LATO,16.876832214027502,51.64886597454445,10274.390265808308,1923.9233310841846
2024-08-30,2024,8,LATO,16.93971428391587,51.64886597454445,13932.723845868713,1919.6505418977338
2024-08-30,2024,8,LATO,17.002596353804236,51.64886597454445,17905.641409437612,1919.0475950145133
2024-08-30,2024,8,LATO,17.065478423692603,51.64886597454445,22023.54621682249,1917.5517255481575
2024-08-30,2024,8,LATO,16.499539794697306,51.711748044432824,22576.666875060946,1887.404773297016
2024-08-30,2024,8,LATO,16.562421864585673,51.711748044432824,19257.59409717721,1894.8873254965006
2024-08-30,2024,8,LATO,16.62530393447404,51.711748044432824,16428.17689997969,1918.7552160488365
2024-08-30,2024,8,LATO,16.6881860043624,51.711748044432824,14380.407711033136,1912.1256092850228
2024-08-30,2024,8,LATO,16.751068074250767,51.711748044432824,13475.468071296067,1903.4917243610737
2024-08-30,2024,8,LATO,16.813950144139135,51.711748044432824,13937.762818177604,1910.5728354928822
2024-08-30,2024,8,LATO,16.876832214027502,51.711748044432824,15646.570401136041,1917.4655717267638
2024-08-30,2024,8,LATO,16.93971428391587,51.711748044432824,18255.140359495166,1909.4776514616767
2024-08-30,2024,8,LATO,17.002596353804236,51.711748044432824,21437.494743159918,1908.551046647735
2024-08-30,2024,8,LATO,16.562421864585673,51.774630114321184,24654.298163888743,1885.368538815913
2024-08-30,2024,8,LATO,16.62530393447404,51.774630114321184,22516.763111141812,1890.909464621663
2024-08-30,2024,8,LATO,16.6881860043624,51.774630114321184,21071.38559416809,1905.9712747612523
2024-08-30,2024,8,LATO,16.751068074250767,51.774630114321184,20465.345389593902,1905.9128981954568
2024-08-30,2024,8,LATO,16.813950144139135,51.774630114321184,20772.235859582714,1901.8295800410492
2024-08-30,2024,8,LATO,16.876832214027502,51.774630114321184,21953.80562033466,1902.203126651382
2024-08-30,2024,8,LATO,16.93971428391587,51.774630114321184,23880.574303442,1910.716803208559
2025-02-03,2025,2,ZIMA,16.63230748547294,51.39033414399208,24040.75037827768,1879.783823799777
2025-02-03,2025,2,ZIMA,16.695189555361306,51.39033414399208,22774.361202252046,1879.783819483998
2025-02-03,2025,2,ZIMA,16.50654334569621,51.45321621388044,23396.738235416302,1889.270218687843
2025-02-03,2025,2,ZIMA,16.569425415584575,51.45321621388044,20298.01174458644,1889.270268221222
2025-02-03,2025,2,ZIMA,16.63230748547294,51.45321621388044,17740.006059764815,1889.2702675576322
2025-02-03,2025,2,ZIMA,16.695189555361306,51.45321621388044,15984.460380881492,1884.6223887712063
2025-02-03,2025,2,ZIMA,16.63230748547294,51.51609828376883,12220.773060573265,1889.2702760701623
2025-02-03,2025,2,ZIMA,16.695189555361306,51.51609828376883,9498.617637244897,1885.8076280554442
2025-02-03,2025,2,ZIMA,16.695189555361306,51.57898035365719,4778.811626111381,1884.4182050123914
2025-02-03,2025,2,ZIMA,16.758071625249674,51.57898035365719,1336.6685605293208,1884.4182153854438
2025-02-03,2025,2,ZIMA,16.82095369513804,51.57898035365719,4327.607486410343,1884.4182120656058
2025-02-04,2025,2,ZIMA,16.695189555361306,51.39033414399208,22774.361202252046,1930.0245164097582
2025-02-04,2025,2,ZIMA,16.758071625249674,51.39033414399208,22305.47501033657,1930.0245305911492
2025-02-04,2025,2,ZIMA,16.82095369513804,51.39033414399208,22683.599851816612,1930.423894605514
2025-02-04,2025,2,ZIMA,16.883835765026408,51.39033414399208,23868.515249312062,1936.8174945408596
2025-02-04,2025,2,ZIMA,16.883835765026408,51.45321621388044,17506.212359873636,1930.080046291496
2025-02-04,2025,2,ZIMA,16.94671783491477,51.45321621388044,19991.21689898653,1937.250040144311
2025-02-04,2025,2,ZIMA,17.00959990480314,51.45321621388044,23041.845730008954,1938.4874113641597
2025-02-04,2025,2,ZIMA,16.883835765026408,51.51609828376883,11879.320814836998,1930.691531437161
2025-02-04,2025,2,ZIMA,16.94671783491477,51.51609828376883,15302.66637249264,1931.310308232289
2025-02-04,2025,2,ZIMA,17.00959990480314,51.51609828376883,19112.015949548942,1941.8331602539254
2025-02-04,2025,2,ZIMA,17.072481974691506,51.51609828376883,23117.327117444216,1943.067061713153
2025-02-04,2025,2,ZIMA,17.00959990480314,51.57898035365719,17248.297114973437,1930.6915432782691
2025-02-04,2025,2,ZIMA,17.072481974691506,51.57898035365719,21596.582807123174,1930.6915295245858
2025-02-09,2025,2,ZIMA,16.62880570997349,51.39033414399208,24132.56253846387,1891.9537089791781
2025-02-09,2025,2,ZIMA,16.503041570196757,51.45321621388044,23581.077953511707,1897.8392185232296
2025-02-09,2025,2,ZIMA,16.565923640085124,51.45321621388044,20458.436816040445,1897.8392461809356
2025-02-09,2025,2,ZIMA,16.62880570997349,51.45321621388044,17864.060187992847,1897.8392384751778
2025-02-09,2025,2,ZIMA,16.44015950030839,51.64186242354555,22968.704488944466,1910.4967041016325
2025-02-09,2025,2,ZIMA,16.503041570196757,51.64186242354555,18779.51120392489,1910.4967041014995
2025-02-09,2025,2,ZIMA,16.565923640085124,51.64186242354555,14687.337978946705,1910.4967415177655
2025-02-09,2025,2,ZIMA,16.503041570196757,51.70474449343391,21924.029828531227,1906.4466355173827
2025-02-10,2025,2,ZIMA,16.63230748547294,51.39033414399208,24040.75037827768,1890.4621227937114
2025-02-10,2025,2,ZIMA,16.695189555361306,51.39033414399208,22774.361202252046,1897.649542886194
2025-02-10,2025,2,ZIMA,16.758071625249674,51.39033414399208,22305.47501033657,1897.1165647368882
2025-02-10,2025,2,ZIMA,16.82095369513804,51.39033414399208,22683.599851816612,1901.568496127033
2025-02-10,2025,2,ZIMA,16.883835765026408,51.39033414399208,23868.515249312062,1900.9991423750976
2025-02-10,2025,2,ZIMA,16.50654334569621,51.45321621388044,23396.738235416302,1898.0794696243295
2025-02-10,2025,2,ZIMA,16.569425415584575,51.45321621388044,20298.01174458644,1897.3934300396618
2025-02-10,2025,2,ZIMA,16.63230748547294,51.45321621388044,17740.006059764815,1900.6292324435992
2025-02-10,2025,2,ZIMA,16.695189555361306,51.45321621388044,15984.460380881492,1902.4334175845606
2025-02-10,2025,2,ZIMA,16.758071625249674,51.45321621388044,15309.953112466403,1902.3032258449418
2025-02-10,2025,2,ZIMA,16.82095369513804,51.45321621388044,15855.056231952789,1900.1797124893233
2025-02-10,2025,2,ZIMA,16.883835765026408,51.45321621388044,17506.212359873636,1900.6005339569176
2025-02-10,2025,2,ZIMA,16.44366127580784,51.51609828376883,23558.084958616277,1895.8102016117562
2025-02-10,2025,2,ZIMA,16.50654334569621,51.51609828376883,19537.84054011882,1897.3220324877132
2025-02-10,2025,2,ZIMA,16.569425415584575,51.51609828376883,15700.8009096385,1898.9410456974756
2025-02-10,2025,2,ZIMA,16.63230748547294,51.51609828376883,12220.773060573265,1902.5981851002323
2025-02-10,2025,2,ZIMA,16.695189555361306,51.51609828376883,9498.617637244897,1902.4668728083755
2025-02-10,2025,2,ZIMA,16.758071625249674,51.51609828376883,8315.313151789731,1900.6907454732234
2025-02-10,2025,2,ZIMA,16.82095369513804,51.51609828376883,9279.50594577174,1896.4100341796832
2025-02-10,2025,2,ZIMA,16.883835765026408,51.51609828376883,11879.320814836998,1896.4234308371426
2025-02-10,2025,2,ZIMA,16.44366127580784,51.57898035365719,22067.09312874936,1879.3005371094437
2025-02-10,2025,2,ZIMA,16.50654334569621,51.57898035365719,17718.327792455035,1879.3005371093134
2025-02-10,2025,2,ZIMA,16.569425415584575,51.57898035365719,13375.848816009768,1891.9645203217767
2025-02-10,2025,2,ZIMA,16.63230748547294,51.57898035365719,9048.716728001045,1898.9268191128897
2025-02-10,2025,2,ZIMA,16.695189555361306,51.57898035365719,4778.811626111381,1899.5926927575288
2025-02-10,2025,2,ZIMA,16.758071625249674,51.57898035365719,1336.6685605293208,1900.7242625888957
2025-02-10,2025,2,ZIMA,16.82095369513804,51.57898035365719,4327.607486410343,1900.794802731269
2025-02-10,2025,2,ZIMA,16.883835765026408,51.57898035365719,8582.63182821231,1899.3708439860584
2025-02-10,2025,2,ZIMA,16.94671783491477,51.57898035365719,12906.850162773397,1899.198867513101
2025-02-10,2025,2,ZIMA,17.00959990480314,51.57898035365719,17248.297114973437,1897.8794327438595
2025-02-10,2025,2,ZIMA,17.072481974691506,51.57898035365719,21596.582807123174,1895.7646424668421
2025-02-10,2025,2,ZIMA,16.44366127580784,51.64186242354555,22733.774236944053,1896.9662789913475
2025-02-10,2025,2,ZIMA,16.50654334569621,51.64186242354555,18548.47434255549,1896.3703478254563
2025-02-10,2025,2,ZIMA,16.569425415584575,51.64186242354555,14463.97307729854,1902.7819921029306
2025-02-10,2025,2,ZIMA,16.63230748547294,51.64186242354555,10597.473779019278,1902.990049244051
2025-02-10,2025,2,ZIMA,16.695189555361306,51.64186242354555,7303.820656026393,1899.5281268041545
2025-02-10,2025,2,ZIMA,16.758071625249674,51.64186242354555,5685.470440609392,1895.2534791073329
2025-02-10,2025,2,ZIMA,16.82095369513804,51.64186242354555,7017.3089844368305,1894.3839430108517
2025-02-10,2025,2,ZIMA,16.883835765026408,51.64186242354555,10202.945413633863,1895.3745898757895
2025-02-10,2025,2,ZIMA,16.94671783491477,51.64186242354555,14031.998661490588,1895.1284351134493
2025-02-10,2025,2,ZIMA,17.00959990480314,51.64186242354555,18100.64101576137,1903.7035323703767
2025-02-10,2025,2,ZIMA,17.072481974691506,51.64186242354555,22277.9856371743,1904.5935058594075
2025-02-10,2025,2,ZIMA,16.50654334569621,51.70474449343391,21726.73189986778,1897.9764268754743
2025-02-10,2025,2,ZIMA,16.569425415584575,51.70474449343391,18368.400870511905,1901.328429978562
2025-02-10,2025,2,ZIMA,16.63230748547294,51.70474449343391,15512.327393546435,1901.2179011907983
2025-02-10,2025,2,ZIMA,16.695189555361306,51.70474449343391,13481.59372237837,1901.3855772409943
2025-02-10,2025,2,ZIMA,16.758071625249674,51.70474449343391,12679.166548422323,1901.3191956713915
2025-02-10,2025,2,ZIMA,16.82095369513804,51.70474449343391,13328.76158161471,1901.325149744846
2025-02-10,2025,2,ZIMA,16.883835765026408,51.70474449343391,15245.895114827508,1901.792114257845
2025-02-10,2025,2,ZIMA,16.94671783491477,51.70474449343391,18030.686749865705,1901.7028381380728
2025-02-10,2025,2,ZIMA,17.00959990480314,51.70474449343391,21346.215108421282,1899.197474377309
2025-02-10,2025,2,ZIMA,16.569425415584575,51.767626563322295,23737.980709715666,1890.7461647501316
2025-02-10,2025,2,ZIMA,16.63230748547294,51.767626563322295,21606.947002294517,1891.3826618112525
2025-02-10,2025,2,ZIMA,16.695189555361306,51.767626563322295,20200.56706752922,1900.8198058255418
2025-02-10,2025,2,ZIMA,16.758071625249674,51.767626563322295,19674.85473951676,1901.0085265073396
2025-02-10,2025,2,ZIMA,16.82095369513804,51.767626563322295,20099.032512508216,1897.8669730924692
2025-02-10,2025,2,ZIMA,16.883835765026408,51.767626563322295,21416.735201237527,1896.2146726369326
2025-02-10,2025,2,ZIMA,16.94671783491477,51.767626563322295,23477.99608168023,1896.2458848672616
2025-02-11,2025,2,ZIMA,16.63230748547294,51.39033414399208,24040.75037827768,1903.2379926189508
2025-02-11,2025,2,ZIMA,16.695189555361306,51.39033414399208,22774.361202252046,1891.837053454429
2025-02-11,2025,2,ZIMA,16.758071625249674,51.39033414399208,22305.47501033657,1890.501987598557
2025-02-11,2025,2,ZIMA,16.82095369513804,51.39033414399208,22683.599851816612,1896.0314702273251
2025-02-11,2025,2,ZIMA,16.883835765026408,51.39033414399208,23868.515249312062,1899.8945627820517
2025-02-11,2025,2,ZIMA,16.50654334569621,51.45321621388044,23396.738235416302,1899.7519884950127
2025-02-11,2025,2,ZIMA,16.569425415584575,51.45321621388044,20298.01174458644,1894.1832523706219
2025-02-11,2025,2,ZIMA,16.63230748547294,51.45321621388044,17740.006059764815,1894.6720007831486
2025-02-11,2025,2,ZIMA,16.695189555361306,51.45321621388044,15984.460380881492,1897.5582608153868
2025-02-11,2025,2,ZIMA,16.758071625249674,51.45321621388044,15309.953112466403,1895.7407889285964
2025-02-11,2025,2,ZIMA,16.82095369513804,51.45321621388044,15855.056231952789,1894.5171263268724
2025-02-11,2025,2,ZIMA,16.883835765026408,51.45321621388044,17506.212359873636,1899.4509318177415
2025-02-11,2025,2,ZIMA,16.94671783491477,51.45321621388044,19991.21689898653,1898.756276530189
2025-02-11,2025,2,ZIMA,17.00959990480314,51.45321621388044,23041.845730008954,1893.3721178796063
2025-02-11,2025,2,ZIMA,16.44366127580784,51.51609828376883,23558.084958616277,1897.1660274390144
2025-02-11,2025,2,ZIMA,16.50654334569621,51.51609828376883,19537.84054011882,1892.8229417338516
2025-02-11,2025,2,ZIMA,16.569425415584575,51.51609828376883,15700.8009096385,1891.2371121487108
2025-02-11,2025,2,ZIMA,16.63230748547294,51.51609828376883,12220.773060573265,1895.8101745517254
2025-02-11,2025,2,ZIMA,16.695189555361306,51.51609828376883,9498.617637244897,1895.5819953920484
2025-02-11,2025,2,ZIMA,16.758071625249674,51.51609828376883,8315.313151789731,1893.2270096735836
2025-02-11,2025,2,ZIMA,16.82095369513804,51.51609828376883,9279.50594577174,1894.5515658123468
2025-02-11,2025,2,ZIMA,16.883835765026408,51.51609828376883,11879.320814836998,1899.0882092991292
2025-02-11,2025,2,ZIMA,16.94671783491477,51.51609828376883,15302.66637249264,1894.6776499984026
2025-02-11,2025,2,ZIMA,17.00959990480314,51.51609828376883,19112.015949548942,1889.7948719324515
2025-02-11,2025,2,ZIMA,17.072481974691506,51.51609828376883,23117.327117444216,1887.6775113067283
2025-02-11,2025,2,ZIMA,16.44366127580784,51.57898035365719,22067.09312874936,1887.9960724319815
2025-02-11,2025,2,ZIMA,16.50654334569621,51.57898035365719,17718.327792455035,1875.7585477424475
2025-02-11,2025,2,ZIMA,16.569425415584575,51.57898035365719,13375.848816009768,1893.764015180489
2025-02-11,2025,2,ZIMA,16.63230748547294,51.57898035365719,9048.716728001045,1904.8463134766323
2025-02-11,2025,2,ZIMA,16.695189555361306,51.57898035365719,4778.811626111381,1886.3178976904564
2025-02-11,2025,2,ZIMA,16.758071625249674,51.57898035365719,1336.6685605293208,1886.4282762901241
2025-02-11,2025,2,ZIMA,16.82095369513804,51.57898035365719,4327.607486410343,1908.6612064163219
2025-02-11,2025,2,ZIMA,16.883835765026408,51.57898035365719,8582.63182821231,1908.270566466085
2025-02-11,2025,2,ZIMA,16.94671783491477,51.57898035365719,12906.850162773397,1906.2084532672043
2025-02-11,2025,2,ZIMA,17.00959990480314,51.57898035365719,17248.297114973437,1902.618218791446
2025-02-11,2025,2,ZIMA,17.072481974691506,51.57898035365719,21596.582807123174,1897.6002041196487
2025-02-11,2025,2,ZIMA,16.44366127580784,51.64186242354555,22733.774236944053,1904.7807617188198
2025-02-11,2025,2,ZIMA,16.50654334569621,51.64186242354555,18548.47434255549,1903.8936782716655
2025-02-11,2025,2,ZIMA,16.569425415584575,51.64186242354555,14463.97307729854,1900.4410484614507
2025-02-11,2025,2,ZIMA,16.63230748547294,51.64186242354555,10597.473779019278,1902.8291220741644
2025-02-11,2025,2,ZIMA,16.695189555361306,51.64186242354555,7303.820656026393,1897.4196716688975
2025-02-11,2025,2,ZIMA,16.758071625249674,51.64186242354555,5685.470440609392,1897.1167832679416
2025-02-11,2025,2,ZIMA,16.82095369513804,51.64186242354555,7017.3089844368305,1903.6022949218457
2025-02-11,2025,2,ZIMA,16.883835765026408,51.64186242354555,10202.945413633863,1901.6010982486287
2025-02-11,2025,2,ZIMA,16.94671783491477,51.64186242354555,14031.998661490588,1902.222532975988
2025-02-11,2025,2,ZIMA,17.00959990480314,51.64186242354555,18100.64101576137,1903.67046398858
2025-02-11,2025,2,ZIMA,17.072481974691506,51.64186242354555,22277.9856371743,1904.2537133625094
2025-02-11,2025,2,ZIMA,16.50654334569621,51.70474449343391,21726.73189986778,1902.9796178161282
2025-02-11,2025,2,ZIMA,16.569425415584575,51.70474449343391,18368.400870511905,1895.4803138909515
2025-02-11,2025,2,ZIMA,16.63230748547294,51.70474449343391,15512.327393546435,1896.089455571831
2025-02-11,2025,2,ZIMA,16.695189555361306,51.70474449343391,13481.59372237837,1899.5062421085527
2025-02-11,2025,2,ZIMA,16.758071625249674,51.70474449343391,12679.166548422323,1898.3605766541882
2025-02-11,2025,2,ZIMA,16.82095369513804,51.70474449343391,13328.76158161471,1897.4311943482662
2025-02-11,2025,2,ZIMA,16.883835765026408,51.70474449343391,15245.895114827508,1900.0143063390942
2025-02-11,2025,2,ZIMA,16.94671783491477,51.70474449343391,18030.686749865705,1900.1990096269526
2025-02-11,2025,2,ZIMA,17.00959990480314,51.70474449343391,21346.215108421282,1901.300926552184
2025-02-11,2025,2,ZIMA,16.569425415584575,51.767626563322295,23737.980709715666,1897.493610144967
2025-02-11,2025,2,ZIMA,16.63230748547294,51.767626563322295,21606.947002294517,1898.7631663042814
2025-02-11,2025,2,ZIMA,16.695189555361306,51.767626563322295,20200.56706752922,1899.5956679433186
2025-02-11,2025,2,ZIMA,16.758071625249674,51.767626563322295,19674.85473951676,1897.0679240123172
2025-02-11,2025,2,ZIMA,16.82095369513804,51.767626563322295,20099.032512508216,1898.0742251737254
2025-02-11,2025,2,ZIMA,16.883835765026408,51.767626563322295,21416.735201237527,1897.198368684737
2025-02-11,2025,2,ZIMA,16.94671783491477,51.767626563322295,23477.99608168023,1900.8972232121814
2025-02-14,2025,2,ZIMA,16.565923640085124,51.767626563322295,23874.360079904105,1913.3423005169766
2025-02-14,2025,2,ZIMA,16.62880570997349,51.767626563322295,21708.214615169894,1913.0958771965632
2025-02-14,2025,2,ZIMA,16.69168777986186,51.767626563322295,20256.910366016018,1912.6030593806363
2025-02-14,2025,2,ZIMA,16.75456984975022,51.767626563322295,19679.240479065716,1912.3566509390175
2025-02-17,2025,2,ZIMA,16.44366127580784,51.64186242354555,22733.774236944053,1915.4865419682415
2025-02-17,2025,2,ZIMA,16.50654334569621,51.64186242354555,18548.47434255549,1924.4881601056788
2025-02-17,2025,2,ZIMA,16.569425415584575,51.64186242354555,14463.97307729854,1927.2194369400268
2025-02-17,2025,2,ZIMA,16.63230748547294,51.64186242354555,10597.473779019278,1931.7449844680716
2025-02-17,2025,2,ZIMA,16.695189555361306,51.64186242354555,7303.820656026393,1935.895118171465
2025-02-17,2025,2,ZIMA,16.758071625249674,51.64186242354555,5685.470440609392,1936.6569145000396
2025-02-17,2025,2,ZIMA,16.883835765026408,51.64186242354555,10202.945413633863,1943.8652500131363
2025-02-17,2025,2,ZIMA,16.94671783491477,51.64186242354555,14031.998661490588,1946.2725271346158
2025-02-17,2025,2,ZIMA,17.00959990480314,51.64186242354555,18100.64101576137,1944.0343199697497
2025-02-17,2025,2,ZIMA,17.072481974691506,51.64186242354555,22277.9856371743,1939.5363789903502
2025-02-17,2025,2,ZIMA,16.50654334569621,51.70474449343391,21726.73189986778,1930.6429603037845
2025-02-17,2025,2,ZIMA,16.569425415584575,51.70474449343391,18368.400870511905,1933.474885095668
2025-02-17,2025,2,ZIMA,16.63230748547294,51.70474449343391,15512.327393546435,1933.1487478066797
2025-02-17,2025,2,ZIMA,16.695189555361306,51.70474449343391,13481.59372237837,1936.6125176454996
2025-02-17,2025,2,ZIMA,16.758071625249674,51.70474449343391,12679.166548422323,1936.6568668305881
2025-02-17,2025,2,ZIMA,16.82095369513804,51.70474449343391,13328.76158161471,1926.638924086784
2025-02-17,2025,2,ZIMA,16.883835765026408,51.70474449343391,15245.895114827508,1939.8249125969098
2025-02-17,2025,2,ZIMA,16.94671783491477,51.70474449343391,18030.686749865705,1940.8890054146254
2025-02-17,2025,2,ZIMA,17.00959990480314,51.70474449343391,21346.215108421282,1932.9056531513593
2025-02-17,2025,2,ZIMA,16.569425415584575,51.767626563322295,23737.980709715666,1929.6140136718075
2025-02-17,2025,2,ZIMA,16.63230748547294,51.767626563322295,21606.947002294517,1932.2816455292464
2025-02-17,2025,2,ZIMA,16.695189555361306,51.767626563322295,20200.56706752922,1941.0214803570652
2025-02-17,2025,2,ZIMA,16.758071625249674,51.767626563322295,19674.85473951676,1935.646608191426
2025-02-17,2025,2,ZIMA,16.82095369513804,51.767626563322295,20099.032512508216,1924.1551311517444
2025-02-17,2025,2,ZIMA,16.883835765026408,51.767626563322295,21416.735201237527,1940.6566820350622
2025-02-17,2025,2,ZIMA,16.94671783491477,51.767626563322295,23477.99608168023,1939.4244150580078
2025-02-18,2025,2,ZIMA,16.569425415584575,51.45321621388044,20298.01174458644,1892.4186870315489
2025-02-18,2025,2,ZIMA,16.63230748547294,51.45321621388044,17740.006059764815,1892.418697372389
2025-02-19,2025,2,ZIMA,17.00959990480314,51.45321621388044,23041.845730008954,1875.8484964118745
2025-02-19,2025,2,ZIMA,16.94671783491477,51.51609828376883,15302.66637249264,1876.7657757365598
2025-02-19,2025,2,ZIMA,17.00959990480314,51.51609828376883,19112.015949548942,1878.482230220866
2025-02-19,2025,2,ZIMA,17.072481974691506,51.51609828376883,23117.327117444216,1878.3578451574112
2025-02-19,2025,2,ZIMA,17.00959990480314,51.57898035365719,17248.297114973437,1876.7657336459006
2025-02-19,2025,2,ZIMA,17.072481974691506,51.57898035365719,21596.582807123174,1876.7657509997186
2025-02-19,2025,2,ZIMA,16.44366127580784,51.64186242354555,22733.774236944053,1879.7607370029205
2025-02-19,2025,2,ZIMA,16.50654334569621,51.64186242354555,18548.47434255549,1879.7607587711968
2025-02-19,2025,2,ZIMA,16.63230748547294,51.64186242354555,10597.473779019278,1885.035774275661
2025-02-19,2025,2,ZIMA,16.50654334569621,51.70474449343391,21726.73189986778,1879.7607433306605
2025-02-19,2025,2,ZIMA,16.569425415584575,51.70474449343391,18368.400870511905,1881.1272638772957
2025-02-19,2025,2,ZIMA,16.63230748547294,51.70474449343391,15512.327393546435,1885.1785858476817
2025-02-19,2025,2,ZIMA,16.695189555361306,51.70474449343391,13481.59372237837,1885.03575989011
2025-02-19,2025,2,ZIMA,16.758071625249674,51.70474449343391,12679.166548422323,1885.0357798133787
2025-02-19,2025,2,ZIMA,16.569425415584575,51.767626563322295,23737.980709715666,1879.2620389469566
2025-02-19,2025,2,ZIMA,16.63230748547294,51.767626563322295,21606.947002294517,1883.594023184071
2025-02-19,2025,2,ZIMA,16.695189555361306,51.767626563322295,20200.56706752922,1889.058044404106
2025-02-19,2025,2,ZIMA,16.758071625249674,51.767626563322295,19674.85473951676,1887.0784448525549
2025-02-19,2025,2,ZIMA,16.82095369513804,51.767626563322295,20099.032512508216,1878.0032925967232
2025-02-19,2025,2,ZIMA,16.883835765026408,51.767626563322295,21416.735201237527,1877.8900196840457
2025-02-19,2025,2,ZIMA,16.94671783491477,51.767626563322295,23477.99608168023,1877.8899836622243
2025-02-19,2025,2,ZIMA,16.62880570997349,51.39033414399208,24132.56253846387,1886.7731822718538
2025-02-19,2025,2,ZIMA,16.69168777986186,51.39033414399208,22824.767038267706,1887.1089161756731
2025-02-19,2025,2,ZIMA,16.75456984975022,51.39033414399208,22309.375774318905,1887.2718673227207
2025-02-19,2025,2,ZIMA,16.817451919638586,51.39033414399208,22640.567670053617,1898.5467788011465
2025-02-19,2025,2,ZIMA,16.880333989526953,51.39033414399208,23783.002108405184,1898.6538922631387
2025-02-19,2025,2,ZIMA,16.503041570196757,51.45321621388044,23581.077953511707,1883.8524169921257
2025-02-19,2025,2,ZIMA,16.565923640085124,51.45321621388044,20458.436816040445,1883.8524169921218
2025-02-19,2025,2,ZIMA,16.62880570997349,51.45321621388044,17864.060187992847,1883.855344353998
2025-02-19,2025,2,ZIMA,16.69168777986186,51.45321621388044,16056.097989486343,1884.2927326828994
2025-02-19,2025,2,ZIMA,16.75456984975022,51.45321621388044,15315.627883456851,1884.5598407319962
2025-02-19,2025,2,ZIMA,16.44015950030839,51.51609828376883,23785.498505187956,1888.9995406759735
2025-02-19,2025,2,ZIMA,16.503041570196757,51.51609828376883,19757.914628789506,1888.683097484993
2025-02-19,2025,2,ZIMA,16.565923640085124,51.51609828376883,15907.373286362195,1889.2173277747904
2025-02-19,2025,2,ZIMA,16.62880570997349,51.51609828376883,12399.921850519919,1889.4791256072272
2025-02-19,2025,2,ZIMA,16.69168777986186,51.51609828376883,9618.51826801077,1889.5646972656862
2025-02-19,2025,2,ZIMA,16.75456984975022,51.51609828376883,8325.742428621463,1889.5646972655838
2025-02-19,2025,2,ZIMA,16.44015950030839,51.57898035365719,22309.377798593767,1883.8371742919996
2025-02-19,2025,2,ZIMA,16.503041570196757,51.57898035365719,17960.37871340833,1883.6927767320026
2025-02-19,2025,2,ZIMA,16.565923640085124,51.57898035365719,13617.404822140948,1883.4113323478084
2025-02-19,2025,2,ZIMA,16.62880570997349,51.57898035365719,9288.916562767508,1883.2669560535785
2025-02-19,2025,2,ZIMA,16.69168777986186,51.57898035365719,5012.588919209262,1882.978160933632
2025-02-19,2025,2,ZIMA,16.75456984975022,51.57898035365719,1399.9993034286374,1883.7310053905946
2025-02-19,2025,2,ZIMA,16.817451919638586,51.57898035365719,4097.049152339476,1887.5514075947442
2025-02-19,2025,2,ZIMA,16.880333989526953,51.57898035365719,8342.87147823116,1887.5514019697325
2025-02-19,2025,2,ZIMA,16.94321605941532,51.57898035365719,12665.426555374055,1887.5513903737244
2025-02-19,2025,2,ZIMA,17.006098129303687,51.57898035365719,17006.302359631587,1887.5513916015332
2025-02-19,2025,2,ZIMA,17.068980199192055,51.57898035365719,21354.326951061896,1887.551391601595
2025-02-19,2025,2,ZIMA,16.44015950030839,51.64186242354555,22968.704488944466,1884.9056396485066
2025-02-19,2025,2,ZIMA,16.503041570196757,51.64186242354555,18779.51120392489,1884.8078477860333
2025-02-19,2025,2,ZIMA,16.565923640085124,51.64186242354555,14687.337978946705,1884.3656837438605
2025-02-19,2025,2,ZIMA,16.62880570997349,51.64186242354555,10803.011787778565,1884.1443834766308
2025-02-19,2025,2,ZIMA,16.69168777986186,51.64186242354555,7458.6619369363725,1883.7084183945228
2025-02-19,2025,2,ZIMA,16.75456984975022,51.64186242354555,5700.671005645907,1885.5564097174602
2025-02-19,2025,2,ZIMA,16.817451919638586,51.64186242354555,6877.713124472197,1887.3467442825404
2025-02-19,2025,2,ZIMA,16.880333989526953,51.64186242354555,10002.381498184013,1886.8724113682465
2025-02-19,2025,2,ZIMA,16.94321605941532,51.64186242354555,13810.566952387238,1886.6380400342273
2025-02-19,2025,2,ZIMA,17.006098129303687,51.64186242354555,17870.512483347866,1886.1579725454371
2025-02-19,2025,2,ZIMA,17.068980199192055,51.64186242354555,22043.545537886053,1886.4102688109995
2025-02-19,2025,2,ZIMA,16.503041570196757,51.70474449343391,21924.029828531227,1880.1879993845919
2025-02-19,2025,2,ZIMA,16.565923640085124,51.70474449343391,18544.554847416206,1880.1879882811845
2025-02-19,2025,2,ZIMA,16.62880570997349,51.70474449343391,15653.26864662927,1880.1879882813187
2025-02-19,2025,2,ZIMA,16.69168777986186,51.70474449343391,13565.988451621677,1879.8597846409068
2025-02-19,2025,2,ZIMA,16.75456984975022,51.70474449343391,12685.980479552787,1882.2114933693651
2025-02-19,2025,2,ZIMA,16.817451919638586,51.70474449343391,13255.900035496014,1883.2528517445585
2025-02-19,2025,2,ZIMA,16.880333989526953,51.70474449343391,15112.59324189347,1882.6293022437499
2025-02-19,2025,2,ZIMA,16.94321605941532,51.70474449343391,17859.14262116209,1882.309634291661
2025-02-19,2025,2,ZIMA,17.006098129303687,51.70474449343391,21151.69893885063,1881.670340867268
2025-02-19,2025,2,ZIMA,17.068980199192055,51.70474449343391,24773.504994530504,1883.3836530101999
2025-02-19,2025,2,ZIMA,16.565923640085124,51.767626563322295,23874.360079904105,1876.6264915538543
2025-02-19,2025,2,ZIMA,16.62880570997349,51.767626563322295,21708.214615169894,1876.849114725221
2025-02-19,2025,2,ZIMA,16.69168777986186,51.767626563322295,20256.910366016018,1877.2988445031438
2025-02-19,2025,2,ZIMA,16.75456984975022,51.767626563322295,19679.240479065716,1875.314821471215
2025-02-19,2025,2,ZIMA,16.817451919638586,51.767626563322295,20050.855201186074,1874.8001418438434
2025-02-19,2025,2,ZIMA,16.880333989526953,51.767626563322295,21322.179027900544,1874.7581787109696
2025-02-19,2025,2,ZIMA,16.94321605941532,51.767626563322295,23346.69471159949,1874.7581787109737
2025-02-20,2025,2,ZIMA,16.63230748547294,51.39033414399208,24040.75037827768,1926.0948941154218
2025-02-20,2025,2,ZIMA,16.695189555361306,51.39033414399208,22774.361202252046,1926.7763305543506
2025-02-20,2025,2,ZIMA,16.758071625249674,51.39033414399208,22305.47501033657,1932.2228765856148
2025-02-20,2025,2,ZIMA,16.50654334569621,51.45321621388044,23396.738235416302,1932.8738506728967
2025-02-20,2025,2,ZIMA,16.569425415584575,51.45321621388044,20298.01174458644,1931.3683512548866
2025-02-20,2025,2,ZIMA,16.63230748547294,51.45321621388044,17740.006059764815,1926.5967411832971
2025-02-20,2025,2,ZIMA,16.695189555361306,51.45321621388044,15984.460380881492,1944.9846979349084
2025-02-20,2025,2,ZIMA,16.758071625249674,51.45321621388044,15309.953112466403,1946.8333180691056
2025-02-20,2025,2,ZIMA,16.82095369513804,51.45321621388044,15855.056231952789,1948.969968277012
2025-02-20,2025,2,ZIMA,16.883835765026408,51.45321621388044,17506.212359873636,1948.969972679483
2025-02-20,2025,2,ZIMA,16.94671783491477,51.45321621388044,19991.21689898653,1948.969933453764
2025-02-20,2025,2,ZIMA,16.44366127580784,51.51609828376883,23558.084958616277,1932.288063253437
2025-02-20,2025,2,ZIMA,16.50654334569621,51.51609828376883,19537.84054011882,1934.0541454207962
2025-02-20,2025,2,ZIMA,16.569425415584575,51.51609828376883,15700.8009096385,1932.9396513402983
2025-02-20,2025,2,ZIMA,16.63230748547294,51.51609828376883,12220.773060573265,1935.6376802632126
2025-02-20,2025,2,ZIMA,16.695189555361306,51.51609828376883,9498.617637244897,1949.7302880939224
2025-02-20,2025,2,ZIMA,16.758071625249674,51.51609828376883,8315.313151789731,1946.2286271485912
2025-02-20,2025,2,ZIMA,16.82095369513804,51.51609828376883,9279.50594577174,1946.670303577679
2025-02-20,2025,2,ZIMA,16.883835765026408,51.51609828376883,11879.320814836998,1948.96997070315
2025-02-20,2025,2,ZIMA,16.94671783491477,51.51609828376883,15302.66637249264,1948.9699676309253
2025-02-20,2025,2,ZIMA,17.00959990480314,51.51609828376883,19112.015949548942,1951.0399643465903
2025-02-20,2025,2,ZIMA,16.44366127580784,51.57898035365719,22067.09312874936,1934.4361988961014
2025-02-20,2025,2,ZIMA,16.50654334569621,51.57898035365719,17718.327792455035,1929.4772639435091
2025-02-20,2025,2,ZIMA,16.569425415584575,51.57898035365719,13375.848816009768,1942.553592569544
2025-02-20,2025,2,ZIMA,16.63230748547294,51.57898035365719,9048.716728001045,1951.3638018873307
2025-02-20,2025,2,ZIMA,16.695189555361306,51.57898035365719,4778.811626111381,1954.960613545507
2025-02-20,2025,2,ZIMA,16.758071625249674,51.57898035365719,1336.6685605293208,1954.263848619987
2025-02-20,2025,2,ZIMA,16.82095369513804,51.57898035365719,4327.607486410343,1953.3328113722848
2025-02-20,2025,2,ZIMA,16.883835765026408,51.57898035365719,8582.63182821231,1948.5328367586467
2025-02-20,2025,2,ZIMA,16.94671783491477,51.57898035365719,12906.850162773397,1952.5132461983867
2025-02-20,2025,2,ZIMA,17.00959990480314,51.57898035365719,17248.297114973437,1951.5352483770414
2025-02-20,2025,2,ZIMA,17.072481974691506,51.57898035365719,21596.582807123174,1951.0468161979627
2025-02-20,2025,2,ZIMA,16.44366127580784,51.64186242354555,22733.774236944053,1935.9396558244403
2025-02-20,2025,2,ZIMA,16.50654334569621,51.64186242354555,18548.47434255549,1944.7564339555452
2025-02-20,2025,2,ZIMA,16.569425415584575,51.64186242354555,14463.97307729854,1955.279785156182
2025-02-20,2025,2,ZIMA,16.63230748547294,51.64186242354555,10597.473779019278,1952.714028498725
2025-02-20,2025,2,ZIMA,16.695189555361306,51.64186242354555,7303.820656026393,1944.1834520450382
2025-02-20,2025,2,ZIMA,16.758071625249674,51.64186242354555,5685.470440609392,1945.376981036956
2025-02-20,2025,2,ZIMA,16.82095369513804,51.64186242354555,7017.3089844368305,1953.9758799351823
2025-02-20,2025,2,ZIMA,16.883835765026408,51.64186242354555,10202.945413633863,1952.8704746709398
2025-02-20,2025,2,ZIMA,16.94671783491477,51.64186242354555,14031.998661490588,1959.022196788012
2025-02-20,2025,2,ZIMA,17.00959990480314,51.64186242354555,18100.64101576137,1958.5874450115516
2025-02-20,2025,2,ZIMA,17.072481974691506,51.64186242354555,22277.9856371743,1954.8045870516771
2025-02-20,2025,2,ZIMA,16.50654334569621,51.70474449343391,21726.73189986778,1948.044086398826
2025-02-20,2025,2,ZIMA,16.569425415584575,51.70474449343391,18368.400870511905,1950.5752468510193
2025-02-20,2025,2,ZIMA,16.63230748547294,51.70474449343391,15512.327393546435,1953.8943149370152
2025-02-20,2025,2,ZIMA,16.695189555361306,51.70474449343391,13481.59372237837,1953.2011409340846
2025-02-20,2025,2,ZIMA,16.758071625249674,51.70474449343391,12679.166548422323,1947.9289596479944
2025-02-20,2025,2,ZIMA,16.82095369513804,51.70474449343391,13328.76158161471,1941.6904528967586
2025-02-20,2025,2,ZIMA,16.883835765026408,51.70474449343391,15245.895114827508,1946.7320681057047
2025-02-20,2025,2,ZIMA,16.94671783491477,51.70474449343391,18030.686749865705,1947.4208276627226
2025-02-20,2025,2,ZIMA,17.00959990480314,51.70474449343391,21346.215108421282,1958.3949299127073
2025-02-20,2025,2,ZIMA,16.569425415584575,51.767626563322295,23737.980709715666,1945.5519964075863
2025-02-20,2025,2,ZIMA,16.63230748547294,51.767626563322295,21606.947002294517,1946.5511052181228
2025-02-20,2025,2,ZIMA,16.695189555361306,51.767626563322295,20200.56706752922,1948.2932128906964
2025-02-20,2025,2,ZIMA,16.758071625249674,51.767626563322295,19674.85473951676,1950.9750014842714
2025-02-20,2025,2,ZIMA,16.82095369513804,51.767626563322295,20099.032512508216,1949.1418696915268
2025-02-20,2025,2,ZIMA,16.883835765026408,51.767626563322295,21416.735201237527,1944.2399696529176
2025-02-20,2025,2,ZIMA,16.94671783491477,51.767626563322295,23477.99608168023,1940.6810913669433
2025-02-20,2025,2,ZIMA,16.62880570997349,51.39033414399208,24132.56253846387,1908.6108012595816
2025-02-20,2025,2,ZIMA,16.69168777986186,51.39033414399208,22824.767038267706,1908.6000373252411
2025-02-20,2025,2,ZIMA,16.75456984975022,51.39033414399208,22309.375774318905,1910.156655867487
2025-02-20,2025,2,ZIMA,16.817451919638586,51.39033414399208,22640.567670053617,1944.4080391616135
2025-02-20,2025,2,ZIMA,16.880333989526953,51.39033414399208,23783.002108405184,1944.4451360366297
2025-02-20,2025,2,ZIMA,16.503041570196757,51.45321621388044,23581.077953511707,1912.5791878112295
2025-02-20,2025,2,ZIMA,16.565923640085124,51.45321621388044,20458.436816040445,1918.3825750229723
2025-02-20,2025,2,ZIMA,16.62880570997349,51.45321621388044,17864.060187992847,1918.48746816917
2025-02-20,2025,2,ZIMA,16.69168777986186,51.45321621388044,16056.097989486343,1918.7155589683737
2025-02-20,2025,2,ZIMA,16.75456984975022,51.45321621388044,15315.627883456851,1931.2717295924854
2025-02-20,2025,2,ZIMA,16.817451919638586,51.45321621388044,15793.514056679513,1943.2841214092234
2025-02-20,2025,2,ZIMA,16.880333989526953,51.45321621388044,17389.60114242064,1943.4507187867102
2025-02-20,2025,2,ZIMA,16.94321605941532,51.45321621388044,19835.775380789644,1929.1247377469613
2025-02-20,2025,2,ZIMA,17.006098129303687,51.45321621388044,22860.76036364694,1912.1855825773698
2025-02-20,2025,2,ZIMA,16.44015950030839,51.51609828376883,23785.498505187956,1908.4970107299853
2025-02-20,2025,2,ZIMA,16.503041570196757,51.51609828376883,19757.914628789506,1908.6633694001684
2025-02-20,2025,2,ZIMA,16.565923640085124,51.51609828376883,15907.373286362195,1910.4276021341386
2025-02-20,2025,2,ZIMA,16.62880570997349,51.51609828376883,12399.921850519919,1910.3292149711474
2025-02-20,2025,2,ZIMA,16.69168777986186,51.51609828376883,9618.51826801077,1910.1327470725837
2025-02-20,2025,2,ZIMA,16.75456984975022,51.51609828376883,8325.742428621463,1928.90606421333
2025-02-20,2025,2,ZIMA,16.817451919638586,51.51609828376883,9174.104004011042,1934.947998046871
2025-02-20,2025,2,ZIMA,16.880333989526953,51.51609828376883,11707.032333134212,1934.9479980469
2025-02-20,2025,2,ZIMA,16.94321605941532,51.51609828376883,15099.315623834133,1917.6831414176786
2025-02-20,2025,2,ZIMA,17.006098129303687,51.51609828376883,18893.604339632097,1910.4394531249957
2025-02-20,2025,2,ZIMA,17.068980199192055,51.51609828376883,22890.85730996228,1910.4394531250246
2025-02-20,2025,2,ZIMA,16.44015950030839,51.57898035365719,22309.377798593767,1894.7694040470496
2025-02-20,2025,2,ZIMA,16.503041570196757,51.57898035365719,17960.37871340833,1899.7990408017117
2025-02-20,2025,2,ZIMA,16.565923640085124,51.57898035365719,13617.404822140948,1918.5369533330836
2025-02-20,2025,2,ZIMA,16.62880570997349,51.57898035365719,9288.916562767508,1918.546805076244
2025-02-20,2025,2,ZIMA,16.69168777986186,51.57898035365719,5012.588919209262,1925.664270966952
2025-02-20,2025,2,ZIMA,16.75456984975022,51.57898035365719,1399.9993034286374,1946.1267990202227
2025-02-20,2025,2,ZIMA,16.817451919638586,51.57898035365719,4097.049152339476,1945.932400587898
2025-02-20,2025,2,ZIMA,16.880333989526953,51.57898035365719,8342.87147823116,1939.575858503359
2025-02-20,2025,2,ZIMA,16.94321605941532,51.57898035365719,12665.426555374055,1913.1683764387374
2025-02-20,2025,2,ZIMA,17.006098129303687,51.57898035365719,17006.302359631587,1913.1077059465244
2025-02-20,2025,2,ZIMA,17.068980199192055,51.57898035365719,21354.326951061896,1913.077360302161
2025-02-20,2025,2,ZIMA,16.44015950030839,51.64186242354555,22968.704488944466,1894.6788830048697
2025-02-20,2025,2,ZIMA,16.503041570196757,51.64186242354555,18779.51120392489,1902.1092559382018
2025-02-20,2025,2,ZIMA,16.565923640085124,51.64186242354555,14687.337978946705,1905.045726542531
2025-02-20,2025,2,ZIMA,16.62880570997349,51.64186242354555,10803.011787778565,1905.049067417501
2025-02-20,2025,2,ZIMA,16.69168777986186,51.64186242354555,7458.6619369363725,1923.572557569606
2025-02-20,2025,2,ZIMA,16.75456984975022,51.64186242354555,5700.671005645907,1930.5131350223792
2025-02-20,2025,2,ZIMA,16.817451919638586,51.64186242354555,6877.713124472197,1930.6181462840746
2025-02-20,2025,2,ZIMA,16.880333989526953,51.64186242354555,10002.381498184013,1920.764373792517
2025-02-20,2025,2,ZIMA,16.94321605941532,51.64186242354555,13810.566952387238,1915.0804836861853
2025-02-20,2025,2,ZIMA,17.006098129303687,51.64186242354555,17870.512483347866,1914.9769629143307
2025-02-20,2025,2,ZIMA,17.068980199192055,51.64186242354555,22043.545537886053,1914.9252097250194
2025-02-20,2025,2,ZIMA,16.503041570196757,51.70474449343391,21924.029828531227,1904.06304166133
2025-02-20,2025,2,ZIMA,16.565923640085124,51.70474449343391,18544.554847416206,1904.7701948764359
2025-02-20,2025,2,ZIMA,16.62880570997349,51.70474449343391,15653.26864662927,1904.775792374806
2025-02-20,2025,2,ZIMA,16.69168777986186,51.70474449343391,13565.988451621677,1925.1074744933112
2025-02-20,2025,2,ZIMA,16.75456984975022,51.70474449343391,12685.980479552787,1925.9784935714179
2025-02-20,2025,2,ZIMA,16.817451919638586,51.70474449343391,13255.900035496014,1925.9872354664683
2025-02-20,2025,2,ZIMA,16.880333989526953,51.70474449343391,15112.59324189347,1920.5919941064894
2025-02-20,2025,2,ZIMA,16.94321605941532,51.70474449343391,17859.14262116209,1920.3643113058295
2025-02-20,2025,2,ZIMA,17.006098129303687,51.70474449343391,21151.69893885063,1920.6302463599868
2025-02-20,2025,2,ZIMA,17.068980199192055,51.70474449343391,24773.504994530504,1920.763203075684
2025-02-20,2025,2,ZIMA,16.565923640085124,51.767626563322295,23874.360079904105,1904.5253176930858
2025-02-20,2025,2,ZIMA,16.62880570997349,51.767626563322295,21708.214615169894,1904.5229598698568
2025-02-20,2025,2,ZIMA,16.69168777986186,51.767626563322295,20256.910366016018,1926.1678466100457
2025-02-20,2025,2,ZIMA,16.75456984975022,51.767626563322295,19679.240479065716,1926.1618265521133
2025-02-20,2025,2,ZIMA,16.817451919638586,51.767626563322295,20050.855201186074,1926.1497864366943
2025-02-20,2025,2,ZIMA,16.880333989526953,51.767626563322295,21322.179027900544,1906.6864714610635
2025-02-20,2025,2,ZIMA,16.94321605941532,51.767626563322295,23346.69471159949,1906.6238132472986
2025-02-22,2025,2,ZIMA,16.63230748547294,51.39033414399208,24040.75037827768,1912.4973144531948
2025-02-22,2025,2,ZIMA,16.695189555361306,51.39033414399208,22774.361202252046,1919.2168021221062
2025-02-22,2025,2,ZIMA,16.758071625249674,51.39033414399208,22305.47501033657,1917.9417234855255
2025-02-22,2025,2,ZIMA,16.82095369513804,51.39033414399208,22683.599851816612,1906.5672789627322
2025-02-22,2025,2,ZIMA,16.883835765026408,51.39033414399208,23868.515249312062,1919.6440645338726
2025-02-22,2025,2,ZIMA,16.50654334569621,51.45321621388044,23396.738235416302,1909.8339497953928
2025-02-22,2025,2,ZIMA,16.569425415584575,51.45321621388044,20298.01174458644,1915.8048032799247
2025-02-22,2025,2,ZIMA,16.63230748547294,51.45321621388044,17740.006059764815,1917.147062515084
2025-02-22,2025,2,ZIMA,16.695189555361306,51.45321621388044,15984.460380881492,1919.1867665442421
2025-02-22,2025,2,ZIMA,16.758071625249674,51.45321621388044,15309.953112466403,1910.351468319887
2025-02-22,2025,2,ZIMA,16.82095369513804,51.45321621388044,15855.056231952789,1889.576037227596
2025-02-22,2025,2,ZIMA,16.44366127580784,51.51609828376883,23558.084958616277,1908.6081568979375
2025-02-22,2025,2,ZIMA,16.50654334569621,51.51609828376883,19537.84054011882,1908.7610431160542
2025-02-22,2025,2,ZIMA,16.569425415584575,51.51609828376883,15700.8009096385,1911.6798141447944
2025-02-22,2025,2,ZIMA,16.63230748547294,51.51609828376883,12220.773060573265,1917.3371838666676
2025-02-22,2025,2,ZIMA,16.695189555361306,51.51609828376883,9498.617637244897,1923.8076171875623
2025-02-22,2025,2,ZIMA,16.758071625249674,51.51609828376883,8315.313151789731,1904.0454583862138
2025-02-22,2025,2,ZIMA,16.82095369513804,51.51609828376883,9279.50594577174,1894.1956950292492
2025-02-22,2025,2,ZIMA,16.44366127580784,51.57898035365719,22067.09312874936,1905.6704202928902
2025-02-22,2025,2,ZIMA,16.50654334569621,51.57898035365719,17718.327792455035,1892.026139447243
2025-02-22,2025,2,ZIMA,16.569425415584575,51.57898035365719,13375.848816009768,1901.1489395526235
2025-02-22,2025,2,ZIMA,16.63230748547294,51.57898035365719,9048.716728001045,1922.6083706100887
2025-02-22,2025,2,ZIMA,16.695189555361306,51.57898035365719,4778.811626111381,1904.305324185687
2025-02-22,2025,2,ZIMA,16.758071625249674,51.57898035365719,1336.6685605293208,1898.1241337663403
2025-02-22,2025,2,ZIMA,16.82095369513804,51.57898035365719,4327.607486410343,1912.8012343280802
2025-02-22,2025,2,ZIMA,16.883835765026408,51.57898035365719,8582.63182821231,1912.0790029446478
2025-02-22,2025,2,ZIMA,16.94671783491477,51.57898035365719,12906.850162773397,1907.044181616484
2025-02-22,2025,2,ZIMA,17.00959990480314,51.57898035365719,17248.297114973437,1904.9106220497679
2025-02-22,2025,2,ZIMA,17.072481974691506,51.57898035365719,21596.582807123174,1903.286128070352
2025-02-22,2025,2,ZIMA,16.44366127580784,51.64186242354555,22733.774236944053,1912.9150747893086
2025-02-22,2025,2,ZIMA,16.50654334569621,51.64186242354555,18548.47434255549,1912.9016003353536
2025-02-22,2025,2,ZIMA,16.569425415584575,51.64186242354555,14463.97307729854,1918.0927561784738
2025-02-22,2025,2,ZIMA,16.63230748547294,51.64186242354555,10597.473779019278,1918.159061465823
2025-02-22,2025,2,ZIMA,16.695189555361306,51.64186242354555,7303.820656026393,1895.3305478057655
2025-02-22,2025,2,ZIMA,16.758071625249674,51.64186242354555,5685.470440609392,1895.4452243539938
2025-02-22,2025,2,ZIMA,16.82095369513804,51.64186242354555,7017.3089844368305,1906.1948280435754
2025-02-22,2025,2,ZIMA,16.883835765026408,51.64186242354555,10202.945413633863,1905.2075375188795
2025-02-22,2025,2,ZIMA,16.94671783491477,51.64186242354555,14031.998661490588,1905.2309717286123
2025-02-22,2025,2,ZIMA,17.00959990480314,51.64186242354555,18100.64101576137,1903.0672607421577
2025-02-22,2025,2,ZIMA,17.072481974691506,51.64186242354555,22277.9856371743,1903.0683509412622
2025-02-22,2025,2,ZIMA,16.50654334569621,51.70474449343391,21726.73189986778,1905.0608978791622
2025-02-22,2025,2,ZIMA,16.569425415584575,51.70474449343391,18368.400870511905,1917.693806510408
2025-02-22,2025,2,ZIMA,16.63230748547294,51.70474449343391,15512.327393546435,1915.6369683594928
2025-02-22,2025,2,ZIMA,16.695189555361306,51.70474449343391,13481.59372237837,1890.0828540828404
2025-02-22,2025,2,ZIMA,16.758071625249674,51.70474449343391,12679.166548422323,1896.7231798200462
2025-02-22,2025,2,ZIMA,16.82095369513804,51.70474449343391,13328.76158161471,1906.0740129699934
2025-02-22,2025,2,ZIMA,16.883835765026408,51.70474449343391,15245.895114827508,1904.3831678200934
2025-02-22,2025,2,ZIMA,16.94671783491477,51.70474449343391,18030.686749865705,1904.8075691869428
2025-02-22,2025,2,ZIMA,17.00959990480314,51.70474449343391,21346.215108421282,1897.7873342708065
2025-02-22,2025,2,ZIMA,16.569425415584575,51.767626563322295,23737.980709715666,1910.4456369887534
2025-02-22,2025,2,ZIMA,16.63230748547294,51.767626563322295,21606.947002294517,1895.167886085365
2025-02-22,2025,2,ZIMA,16.695189555361306,51.767626563322295,20200.56706752922,1893.868826384634
2025-02-22,2025,2,ZIMA,16.758071625249674,51.767626563322295,19674.85473951676,1901.8536691335662
2025-02-22,2025,2,ZIMA,16.82095369513804,51.767626563322295,20099.032512508216,1900.4418658334114
2025-02-22,2025,2,ZIMA,16.883835765026408,51.767626563322295,21416.735201237527,1897.9459696627505
2025-02-22,2025,2,ZIMA,16.94671783491477,51.767626563322295,23477.99608168023,1899.2744424403338
2025-02-24,2025,2,ZIMA,16.63230748547294,51.39033414399208,24040.75037827768,1895.1317678140576
2025-02-24,2025,2,ZIMA,16.695189555361306,51.39033414399208,22774.361202252046,1893.3845842098951
2025-02-24,2025,2,ZIMA,16.50654334569621,51.45321621388044,23396.738235416302,1897.7008268497866
2025-02-24,2025,2,ZIMA,16.569425415584575,51.45321621388044,20298.01174458644,1896.0749235022881
2025-02-24,2025,2,ZIMA,16.63230748547294,51.45321621388044,17740.006059764815,1897.1694260525212
2025-02-24,2025,2,ZIMA,16.695189555361306,51.45321621388044,15984.460380881492,1898.4657673450795
2025-02-24,2025,2,ZIMA,16.758071625249674,51.45321621388044,15309.953112466403,1898.392851105892
2025-02-24,2025,2,ZIMA,16.82095369513804,51.45321621388044,15855.056231952789,1898.3923653124498
2025-02-24,2025,2,ZIMA,16.44366127580784,51.51609828376883,23558.084958616277,1896.7268316178897
2025-02-24,2025,2,ZIMA,16.50654334569621,51.51609828376883,19537.84054011882,1898.2112600412788
2025-02-24,2025,2,ZIMA,16.569425415584575,51.51609828376883,15700.8009096385,1897.4039291439547
2025-02-24,2025,2,ZIMA,16.63230748547294,51.51609828376883,12220.773060573265,1894.884260454358
2025-02-24,2025,2,ZIMA,16.695189555361306,51.51609828376883,9498.617637244897,1898.7304687500614
2025-02-24,2025,2,ZIMA,16.758071625249674,51.51609828376883,8315.313151789731,1898.6800734851417
2025-02-24,2025,2,ZIMA,16.44366127580784,51.57898035365719,22067.09312874936,1895.5705880136054
2025-02-24,2025,2,ZIMA,16.50654334569621,51.57898035365719,17718.327792455035,1895.3234092997857
2025-02-24,2025,2,ZIMA,16.569425415584575,51.57898035365719,13375.848816009768,1891.0037881525304
2025-02-24,2025,2,ZIMA,16.63230748547294,51.57898035365719,9048.716728001045,1891.009361037187
2025-02-24,2025,2,ZIMA,16.695189555361306,51.57898035365719,4778.811626111381,1891.1459484339769
2025-02-24,2025,2,ZIMA,16.758071625249674,51.57898035365719,1336.6685605293208,1891.2091229537978
2025-02-24,2025,2,ZIMA,16.44366127580784,51.64186242354555,22733.774236944053,1899.2181234957202
2025-02-24,2025,2,ZIMA,16.50654334569621,51.64186242354555,18548.47434255549,1900.198103545878
2025-02-24,2025,2,ZIMA,16.695189555361306,51.64186242354555,7303.820656026393,1891.0038276435735
2025-02-24,2025,2,ZIMA,16.62880570997349,51.39033414399208,24132.56253846387,1897.5256194547171
2025-02-24,2025,2,ZIMA,16.44015950030839,51.64186242354555,22968.704488944466,1905.757155501133
2025-02-24,2025,2,ZIMA,16.503041570196757,51.64186242354555,18779.51120392489,1905.3964840137016
2025-02-24,2025,2,ZIMA,16.565923640085124,51.64186242354555,14687.337978946705,1904.6945331938648
2025-02-24,2025,2,ZIMA,16.503041570196757,51.70474449343391,21924.029828531227,1900.29992675775
2025-02-24,2025,2,ZIMA,16.565923640085124,51.70474449343391,18544.554847416206,1900.2999209900538
2025-03-05,2025,3,ZIMA,16.63230748547294,51.39033414399208,24040.75037827768,1880.0064596704146
2025-03-05,2025,3,ZIMA,16.695189555361306,51.39033414399208,22774.361202252046,1871.580465210215
2025-03-05,2025,3,ZIMA,16.758071625249674,51.39033414399208,22305.47501033657,1879.0344760660685
2025-03-05,2025,3,ZIMA,16.82095369513804,51.39033414399208,22683.599851816612,1873.8892460475179
2025-03-05,2025,3,ZIMA,16.883835765026408,51.39033414399208,23868.515249312062,1885.4689832659947
2025-03-05,2025,3,ZIMA,16.50654334569621,51.45321621388044,23396.738235416302,1880.0298618992624
2025-03-05,2025,3,ZIMA,16.569425415584575,51.45321621388044,20298.01174458644,1877.4755911240145
2025-03-05,2025,3,ZIMA,16.63230748547294,51.45321621388044,17740.006059764815,1874.8971363999028
2025-03-05,2025,3,ZIMA,16.695189555361306,51.45321621388044,15984.460380881492,1881.0647395312135
2025-03-05,2025,3,ZIMA,16.758071625249674,51.45321621388044,15309.953112466403,1882.7223340365028
2025-03-05,2025,3,ZIMA,16.82095369513804,51.45321621388044,15855.056231952789,1886.0727091603364
2025-03-05,2025,3,ZIMA,16.883835765026408,51.45321621388044,17506.212359873636,1885.8646702324781
2025-03-05,2025,3,ZIMA,16.44366127580784,51.51609828376883,23558.084958616277,1873.026795017075
2025-03-05,2025,3,ZIMA,16.50654334569621,51.51609828376883,19537.84054011882,1869.5425611948508
2025-03-05,2025,3,ZIMA,16.569425415584575,51.51609828376883,15700.8009096385,1866.0352047710364
2025-03-05,2025,3,ZIMA,16.63230748547294,51.51609828376883,12220.773060573265,1868.638658542938
2025-03-05,2025,3,ZIMA,16.695189555361306,51.51609828376883,9498.617637244897,1881.3266921901593
2025-03-05,2025,3,ZIMA,16.758071625249674,51.51609828376883,8315.313151789731,1881.452880859334
2025-03-05,2025,3,ZIMA,16.82095369513804,51.51609828376883,9279.50594577174,1879.4534299858271
2025-03-05,2025,3,ZIMA,16.883835765026408,51.51609828376883,11879.320814836998,1883.928079398059
2025-03-05,2025,3,ZIMA,16.44366127580784,51.57898035365719,22067.09312874936,1881.6742386752233
2025-03-05,2025,3,ZIMA,16.50654334569621,51.57898035365719,17718.327792455035,1882.863716797963
2025-03-05,2025,3,ZIMA,16.569425415584575,51.57898035365719,13375.848816009768,1867.8655863169283
2025-03-05,2025,3,ZIMA,16.63230748547294,51.57898035365719,9048.716728001045,1873.1131058527042
2025-03-05,2025,3,ZIMA,16.695189555361306,51.57898035365719,4778.811626111381,1882.614844936565
2025-03-05,2025,3,ZIMA,16.758071625249674,51.57898035365719,1336.6685605293208,1875.7427130138765
2025-03-05,2025,3,ZIMA,16.82095369513804,51.57898035365719,4327.607486410343,1873.9885990896025
2025-03-05,2025,3,ZIMA,16.883835765026408,51.57898035365719,8582.63182821231,1883.081179578596
2025-03-05,2025,3,ZIMA,16.94671783491477,51.57898035365719,12906.850162773397,1882.537506843143
2025-03-05,2025,3,ZIMA,17.00959990480314,51.57898035365719,17248.297114973437,1879.4014993148303
2025-03-05,2025,3,ZIMA,17.072481974691506,51.57898035365719,21596.582807123174,1882.6996474665573
2025-03-05,2025,3,ZIMA,16.44366127580784,51.64186242354555,22733.774236944053,1877.8071349919298
2025-03-05,2025,3,ZIMA,16.50654334569621,51.64186242354555,18548.47434255549,1868.77856305083
2025-03-05,2025,3,ZIMA,16.569425415584575,51.64186242354555,14463.97307729854,1875.0988505701307
2025-03-05,2025,3,ZIMA,16.63230748547294,51.64186242354555,10597.473779019278,1887.0376063229933
2025-03-05,2025,3,ZIMA,16.695189555361306,51.64186242354555,7303.820656026393,1886.1767755551905
2025-03-05,2025,3,ZIMA,16.758071625249674,51.64186242354555,5685.470440609392,1882.7287597655595
2025-03-05,2025,3,ZIMA,16.82095369513804,51.64186242354555,7017.3089844368305,1888.8468034082946
2025-03-05,2025,3,ZIMA,16.883835765026408,51.64186242354555,10202.945413633863,1890.0622439854458
2025-03-05,2025,3,ZIMA,16.94671783491477,51.64186242354555,14031.998661490588,1883.7960402429417
2025-03-05,2025,3,ZIMA,17.00959990480314,51.64186242354555,18100.64101576137,1883.2435578648924
2025-03-05,2025,3,ZIMA,17.072481974691506,51.64186242354555,22277.9856371743,1884.3543648659984
2025-03-05,2025,3,ZIMA,16.50654334569621,51.70474449343391,21726.73189986778,1866.5883703019017
2025-03-05,2025,3,ZIMA,16.569425415584575,51.70474449343391,18368.400870511905,1879.8991011112173
2025-03-05,2025,3,ZIMA,16.63230748547294,51.70474449343391,15512.327393546435,1882.4333984364275
2025-03-05,2025,3,ZIMA,16.695189555361306,51.70474449343391,13481.59372237837,1891.1302283223313
2025-03-05,2025,3,ZIMA,16.758071625249674,51.70474449343391,12679.166548422323,1890.029995912719
2025-03-05,2025,3,ZIMA,16.82095369513804,51.70474449343391,13328.76158161471,1894.3276266141597
2025-03-05,2025,3,ZIMA,16.883835765026408,51.70474449343391,15245.895114827508,1890.1238604253883
2025-03-05,2025,3,ZIMA,16.94671783491477,51.70474449343391,18030.686749865705,1889.0327148437866
2025-03-05,2025,3,ZIMA,17.00959990480314,51.70474449343391,21346.215108421282,1889.859047889048
2025-03-05,2025,3,ZIMA,16.569425415584575,51.767626563322295,23737.980709715666,1861.5607020000439
2025-03-05,2025,3,ZIMA,16.63230748547294,51.767626563322295,21606.947002294517,1865.56371767299
2025-03-05,2025,3,ZIMA,16.695189555361306,51.767626563322295,20200.56706752922,1890.5830185739928
2025-03-05,2025,3,ZIMA,16.758071625249674,51.767626563322295,19674.85473951676,1891.7668167131098
2025-03-05,2025,3,ZIMA,16.82095369513804,51.767626563322295,20099.032512508216,1896.5167236327832
2025-03-05,2025,3,ZIMA,16.883835765026408,51.767626563322295,21416.735201237527,1894.8889589188896
2025-03-05,2025,3,ZIMA,16.94671783491477,51.767626563322295,23477.99608168023,1894.521308491141
2025-03-06,2025,3,ZIMA,16.63230748547294,51.39033414399208,24040.75037827768,1882.425488561207
2025-03-06,2025,3,ZIMA,16.695189555361306,51.39033414399208,22774.361202252046,1910.1827844825436
2025-03-06,2025,3,ZIMA,16.758071625249674,51.39033414399208,22305.47501033657,1909.4810654377504
2025-03-06,2025,3,ZIMA,16.82095369513804,51.39033414399208,22683.599851816612,1897.5352161526268
2025-03-06,2025,3,ZIMA,16.883835765026408,51.39033414399208,23868.515249312062,1896.9187159809794
2025-03-06,2025,3,ZIMA,16.50654334569621,51.45321621388044,23396.738235416302,1888.9880749849394
2025-03-06,2025,3,ZIMA,16.569425415584575,51.45321621388044,20298.01174458644,1890.2926509896897
2025-03-06,2025,3,ZIMA,16.63230748547294,51.45321621388044,17740.006059764815,1910.406920633936
2025-03-06,2025,3,ZIMA,16.695189555361306,51.45321621388044,15984.460380881492,1909.47873641991
2025-03-06,2025,3,ZIMA,16.758071625249674,51.45321621388044,15309.953112466403,1903.8895546683468
2025-03-06,2025,3,ZIMA,16.82095369513804,51.45321621388044,15855.056231952789,1895.9465657875821
2025-03-06,2025,3,ZIMA,16.883835765026408,51.45321621388044,17506.212359873636,1896.97302319654
2025-03-06,2025,3,ZIMA,16.94671783491477,51.45321621388044,19991.21689898653,1909.11505147285
2025-03-06,2025,3,ZIMA,17.00959990480314,51.45321621388044,23041.845730008954,1909.1151159517751
2025-03-06,2025,3,ZIMA,16.44366127580784,51.51609828376883,23558.084958616277,1885.5340859223438
2025-03-06,2025,3,ZIMA,16.50654334569621,51.51609828376883,19537.84054011882,1885.4319410688322
2025-03-06,2025,3,ZIMA,16.569425415584575,51.51609828376883,15700.8009096385,1902.4487167628242
2025-03-06,2025,3,ZIMA,16.63230748547294,51.51609828376883,12220.773060573265,1916.148931586595
2025-03-06,2025,3,ZIMA,16.695189555361306,51.51609828376883,9498.617637244897,1914.5785093325565
2025-03-06,2025,3,ZIMA,16.758071625249674,51.51609828376883,8315.313151789731,1896.4305247440477
2025-03-06,2025,3,ZIMA,16.82095369513804,51.51609828376883,9279.50594577174,1894.9214087601122
2025-03-06,2025,3,ZIMA,16.44366127580784,51.57898035365719,22067.09312874936,1886.3808368907921
2025-03-06,2025,3,ZIMA,16.50654334569621,51.57898035365719,17718.327792455035,1887.7489937143146
2025-03-06,2025,3,ZIMA,16.569425415584575,51.57898035365719,13375.848816009768,1900.8560858761634
2025-03-06,2025,3,ZIMA,16.63230748547294,51.57898035365719,9048.716728001045,1903.510280063469
2025-03-06,2025,3,ZIMA,16.695189555361306,51.57898035365719,4778.811626111381,1895.5404481663527
2025-03-06,2025,3,ZIMA,16.758071625249674,51.57898035365719,1336.6685605293208,1895.0279373822264
2025-03-06,2025,3,ZIMA,16.82095369513804,51.57898035365719,4327.607486410343,1905.5638886762254
2025-03-06,2025,3,ZIMA,16.883835765026408,51.57898035365719,8582.63182821231,1911.6962628038098
2025-03-06,2025,3,ZIMA,17.072481974691506,51.57898035365719,21596.582807123174,1902.385842700233
2025-03-06,2025,3,ZIMA,16.44366127580784,51.64186242354555,22733.774236944053,1890.7514458007083
2025-03-06,2025,3,ZIMA,16.50654334569621,51.64186242354555,18548.47434255549,1907.9903260778824
2025-03-06,2025,3,ZIMA,16.569425415584575,51.64186242354555,14463.97307729854,1906.4455527303758
2025-03-06,2025,3,ZIMA,16.63230748547294,51.64186242354555,10597.473779019278,1902.2981772536687
2025-03-06,2025,3,ZIMA,16.695189555361306,51.64186242354555,7303.820656026393,1898.6835640206627
2025-03-06,2025,3,ZIMA,16.758071625249674,51.64186242354555,5685.470440609392,1898.8060593986957
2025-03-06,2025,3,ZIMA,16.82095369513804,51.64186242354555,7017.3089844368305,1908.5986597607
2025-03-06,2025,3,ZIMA,16.883835765026408,51.64186242354555,10202.945413633863,1904.0949616432067
2025-03-06,2025,3,ZIMA,16.94671783491477,51.64186242354555,14031.998661490588,1899.3042495056932
2025-03-06,2025,3,ZIMA,17.00959990480314,51.64186242354555,18100.64101576137,1901.551901405175
2025-03-06,2025,3,ZIMA,17.072481974691506,51.64186242354555,22277.9856371743,1906.8717273522416
2025-03-06,2025,3,ZIMA,16.50654334569621,51.70474449343391,21726.73189986778,1912.5943928097256
2025-03-06,2025,3,ZIMA,16.569425415584575,51.70474449343391,18368.400870511905,1908.2043747111704
2025-03-06,2025,3,ZIMA,16.63230748547294,51.70474449343391,15512.327393546435,1895.6219852621768
2025-03-06,2025,3,ZIMA,16.695189555361306,51.70474449343391,13481.59372237837,1897.3137906289926
2025-03-06,2025,3,ZIMA,16.758071625249674,51.70474449343391,12679.166548422323,1906.8317136184526
2025-03-06,2025,3,ZIMA,16.82095369513804,51.70474449343391,13328.76158161471,1913.6887645666054
2025-03-06,2025,3,ZIMA,16.883835765026408,51.70474449343391,15245.895114827508,1898.394170917318
2025-03-06,2025,3,ZIMA,16.94671783491477,51.70474449343391,18030.686749865705,1897.224486494393
2025-03-06,2025,3,ZIMA,17.00959990480314,51.70474449343391,21346.215108421282,1902.9558769039681
2025-03-06,2025,3,ZIMA,16.569425415584575,51.767626563322295,23737.980709715666,1894.5513762119244
2025-03-06,2025,3,ZIMA,16.63230748547294,51.767626563322295,21606.947002294517,1895.5402332624662
2025-03-06,2025,3,ZIMA,16.695189555361306,51.767626563322295,20200.56706752922,1904.661333726324
2025-03-06,2025,3,ZIMA,16.758071625249674,51.767626563322295,19674.85473951676,1906.860370777568
2025-03-06,2025,3,ZIMA,16.82095369513804,51.767626563322295,20099.032512508216,1903.4273848596076
2025-03-06,2025,3,ZIMA,16.883835765026408,51.767626563322295,21416.735201237527,1896.5821954304392
2025-03-06,2025,3,ZIMA,16.94671783491477,51.767626563322295,23477.99608168023,1897.766403787946
2025-03-07,2025,3,ZIMA,16.63230748547294,51.39033414399208,24040.75037827768,1899.3099486193105
2025-03-07,2025,3,ZIMA,16.695189555361306,51.39033414399208,22774.361202252046,1899.630507101699
2025-03-07,2025,3,ZIMA,16.758071625249674,51.39033414399208,22305.47501033657,1901.978343345768
2025-03-07,2025,3,ZIMA,16.82095369513804,51.39033414399208,22683.599851816612,1902.9981763006006
2025-03-07,2025,3,ZIMA,16.883835765026408,51.39033414399208,23868.515249312062,1902.424353354902
2025-03-07,2025,3,ZIMA,16.50654334569621,51.45321621388044,23396.738235416302,1902.2780235778157
2025-03-07,2025,3,ZIMA,16.569425415584575,51.45321621388044,20298.01174458644,1907.9895582036404
2025-03-07,2025,3,ZIMA,16.63230748547294,51.45321621388044,17740.006059764815,1909.3493652344448
2025-03-07,2025,3,ZIMA,16.695189555361306,51.45321621388044,15984.460380881492,1905.1943855320972
2025-03-07,2025,3,ZIMA,16.758071625249674,51.45321621388044,15309.953112466403,1905.3813792027918
2025-03-07,2025,3,ZIMA,16.82095369513804,51.45321621388044,15855.056231952789,1905.0587349055854
2025-03-07,2025,3,ZIMA,16.883835765026408,51.45321621388044,17506.212359873636,1904.3169124009717
2025-03-07,2025,3,ZIMA,16.44366127580784,51.51609828376883,23558.084958616277,1906.5227969930177
2025-03-07,2025,3,ZIMA,16.50654334569621,51.51609828376883,19537.84054011882,1904.448941212497
2025-03-07,2025,3,ZIMA,16.569425415584575,51.51609828376883,15700.8009096385,1901.8228178674362
2025-03-07,2025,3,ZIMA,16.63230748547294,51.51609828376883,12220.773060573265,1903.46615399119
2025-03-07,2025,3,ZIMA,16.695189555361306,51.51609828376883,9498.617637244897,1906.0061613303067
2025-03-07,2025,3,ZIMA,16.758071625249674,51.51609828376883,8315.313151789731,1906.1884014161053
2025-03-07,2025,3,ZIMA,16.82095369513804,51.51609828376883,9279.50594577174,1905.5549977588207
2025-03-07,2025,3,ZIMA,16.883835765026408,51.51609828376883,11879.320814836998,1905.2955606490393
2025-03-07,2025,3,ZIMA,16.44366127580784,51.57898035365719,22067.09312874936,1900.8989103597462
2025-03-07,2025,3,ZIMA,16.50654334569621,51.57898035365719,17718.327792455035,1901.1157213936242
2025-03-07,2025,3,ZIMA,16.569425415584575,51.57898035365719,13375.848816009768,1905.755414104372
2025-03-07,2025,3,ZIMA,16.63230748547294,51.57898035365719,9048.716728001045,1903.1302844023762
2025-03-07,2025,3,ZIMA,16.695189555361306,51.57898035365719,4778.811626111381,1902.3242556616415
2025-03-07,2025,3,ZIMA,16.758071625249674,51.57898035365719,1336.6685605293208,1901.7594488671177
2025-03-07,2025,3,ZIMA,16.82095369513804,51.57898035365719,4327.607486410343,1906.8189388808944
2025-03-07,2025,3,ZIMA,16.883835765026408,51.57898035365719,8582.63182821231,1908.3983044398692
2025-03-07,2025,3,ZIMA,16.44366127580784,51.64186242354555,22733.774236944053,1905.2918548757611
2025-03-07,2025,3,ZIMA,16.50654334569621,51.64186242354555,18548.47434255549,1905.6305219145277
2025-03-07,2025,3,ZIMA,16.569425415584575,51.64186242354555,14463.97307729854,1911.4259794019913
2025-03-07,2025,3,ZIMA,16.63230748547294,51.64186242354555,10597.473779019278,1911.6898381997987
2025-03-07,2025,3,ZIMA,16.695189555361306,51.64186242354555,7303.820656026393,1911.5590205460894
2025-03-07,2025,3,ZIMA,16.758071625249674,51.64186242354555,5685.470440609392,1908.6946135732674
2025-03-07,2025,3,ZIMA,16.82095369513804,51.64186242354555,7017.3089844368305,1905.391013393783
2025-03-07,2025,3,ZIMA,16.883835765026408,51.64186242354555,10202.945413633863,1906.7680799656252
2025-03-07,2025,3,ZIMA,16.94671783491477,51.64186242354555,14031.998661490588,1908.5529957863305
2025-03-07,2025,3,ZIMA,17.00959990480314,51.64186242354555,18100.64101576137,1919.1295095192017
2025-03-07,2025,3,ZIMA,17.072481974691506,51.64186242354555,22277.9856371743,1919.1295129071736
2025-03-07,2025,3,ZIMA,16.50654334569621,51.70474449343391,21726.73189986778,1908.4179517434904
2025-03-07,2025,3,ZIMA,16.569425415584575,51.70474449343391,18368.400870511905,1911.6910590391542
2025-03-07,2025,3,ZIMA,16.63230748547294,51.70474449343391,15512.327393546435,1911.2435996737747
2025-03-07,2025,3,ZIMA,16.695189555361306,51.70474449343391,13481.59372237837,1911.4327025072607
2025-03-07,2025,3,ZIMA,16.758071625249674,51.70474449343391,12679.166548422323,1911.5767025377627
2025-03-07,2025,3,ZIMA,16.82095369513804,51.70474449343391,13328.76158161471,1910.8404427295702
2025-03-07,2025,3,ZIMA,16.883835765026408,51.70474449343391,15245.895114827508,1905.9241943589311
2025-03-07,2025,3,ZIMA,16.94671783491477,51.70474449343391,18030.686749865705,1912.9335621984271
2025-03-07,2025,3,ZIMA,17.00959990480314,51.70474449343391,21346.215108421282,1918.290535431007
2025-03-07,2025,3,ZIMA,16.569425415584575,51.767626563322295,23737.980709715666,1906.6413679424136
2025-03-07,2025,3,ZIMA,16.63230748547294,51.767626563322295,21606.947002294517,1910.0557695132543
2025-03-07,2025,3,ZIMA,16.695189555361306,51.767626563322295,20200.56706752922,1909.7950326431524
2025-03-07,2025,3,ZIMA,16.758071625249674,51.767626563322295,19674.85473951676,1909.7950573749433
2025-03-07,2025,3,ZIMA,16.82095369513804,51.767626563322295,20099.032512508216,1909.7950441676783
2025-03-07,2025,3,ZIMA,16.883835765026408,51.767626563322295,21416.735201237527,1918.645266689728
2025-03-07,2025,3,ZIMA,16.94671783491477,51.767626563322295,23477.99608168023,1919.8991969455612
2025-03-07,2025,3,ZIMA,16.62880570997349,51.39033414399208,24132.56253846387,1910.2730764878554
2025-03-07,2025,3,ZIMA,16.69168777986186,51.39033414399208,22824.767038267706,1910.2730644205792
2025-03-07,2025,3,ZIMA,16.75456984975022,51.39033414399208,22309.375774318905,1910.273059652473
2025-03-07,2025,3,ZIMA,16.817451919638586,51.39033414399208,22640.567670053617,1910.2730621146998
2025-03-07,2025,3,ZIMA,16.880333989526953,51.39033414399208,23783.002108405184,1906.141567644866
2025-03-07,2025,3,ZIMA,16.44015950030839,51.57898035365719,22309.377798593767,1922.3470910951341
2025-03-07,2025,3,ZIMA,16.503041570196757,51.57898035365719,17960.37871340833,1922.3470475590887
2025-03-07,2025,3,ZIMA,16.44015950030839,51.64186242354555,22968.704488944466,1932.0140605931922
2025-03-07,2025,3,ZIMA,16.503041570196757,51.64186242354555,18779.51120392489,1932.2036132811868
2025-03-07,2025,3,ZIMA,16.565923640085124,51.64186242354555,14687.337978946705,1916.512451171808
2025-03-07,2025,3,ZIMA,16.62880570997349,51.64186242354555,10803.011787778565,1916.512451171945
2025-03-07,2025,3,ZIMA,16.69168777986186,51.64186242354555,7458.6619369363725,1916.5599390652565
2025-03-07,2025,3,ZIMA,16.75456984975022,51.64186242354555,5700.671005645907,1916.6100334903
2025-03-07,2025,3,ZIMA,16.817451919638586,51.64186242354555,6877.713124472197,1916.7102082530134
2025-03-07,2025,3,ZIMA,16.880333989526953,51.64186242354555,10002.381498184013,1918.2874991254223
2025-03-07,2025,3,ZIMA,16.94321605941532,51.64186242354555,13810.566952387238,1918.2874817702989
2025-03-07,2025,3,ZIMA,17.006098129303687,51.64186242354555,17870.512483347866,1918.2874732393818
2025-03-07,2025,3,ZIMA,17.068980199192055,51.64186242354555,22043.545537886053,1918.2874734282425
2025-03-07,2025,3,ZIMA,16.503041570196757,51.70474449343391,21924.029828531227,1922.2181443975076
2025-03-07,2025,3,ZIMA,16.565923640085124,51.70474449343391,18544.554847416206,1917.4804678433075
2025-03-07,2025,3,ZIMA,16.62880570997349,51.70474449343391,15653.26864662927,1917.5305550250453
2025-03-07,2025,3,ZIMA,16.69168777986186,51.70474449343391,13565.988451621677,1917.5806884766328
2025-03-07,2025,3,ZIMA,16.75456984975022,51.70474449343391,12685.980479552787,1917.5806884764957
2025-03-07,2025,3,ZIMA,16.817451919638586,51.70474449343391,13255.900035496014,1917.580704661449
2025-03-07,2025,3,ZIMA,16.880333989526953,51.70474449343391,15112.59324189347,1918.0197542650667
2025-03-07,2025,3,ZIMA,16.94321605941532,51.70474449343391,17859.14262116209,1917.8401775021
2025-03-07,2025,3,ZIMA,17.006098129303687,51.70474449343391,21151.69893885063,1917.4811356612227
2025-03-07,2025,3,ZIMA,17.068980199192055,51.70474449343391,24773.504994530504,1917.3102936406972
2025-03-07,2025,3,ZIMA,16.565923640085124,51.767626563322295,23874.360079904105,1919.489558123855
2025-03-07,2025,3,ZIMA,16.62880570997349,51.767626563322295,21708.214615169894,1919.067930065678
2025-03-07,2025,3,ZIMA,16.69168777986186,51.767626563322295,20256.910366016018,1918.196258101137
2025-03-07,2025,3,ZIMA,16.75456984975022,51.767626563322295,19679.240479065716,1917.7604343814587
2025-03-07,2025,3,ZIMA,16.817451919638586,51.767626563322295,20050.855201186074,1916.915438822438
2025-03-07,2025,3,ZIMA,16.880333989526953,51.767626563322295,21322.179027900544,1917.3883194640339
2025-03-07,2025,3,ZIMA,16.94321605941532,51.767626563322295,23346.69471159949,1917.5425724314716
2025-03-08,2025,3,ZIMA,16.63230748547294,51.39033414399208,24040.75037827768,1897.7661132813193
2025-03-08,2025,3,ZIMA,16.695189555361306,51.39033414399208,22774.361202252046,1901.2234673475255
2025-03-08,2025,3,ZIMA,16.758071625249674,51.39033414399208,22305.47501033657,1902.7656508345017
2025-03-08,2025,3,ZIMA,16.82095369513804,51.39033414399208,22683.599851816612,1895.82566050253
2025-03-08,2025,3,ZIMA,16.50654334569621,51.45321621388044,23396.738235416302,1902.1013124205547
2025-03-08,2025,3,ZIMA,16.569425415584575,51.45321621388044,20298.01174458644,1902.2933135807477
2025-03-08,2025,3,ZIMA,16.63230748547294,51.45321621388044,17740.006059764815,1902.3935499852655
2025-03-08,2025,3,ZIMA,16.695189555361306,51.45321621388044,15984.460380881492,1901.1954274385212
2025-03-08,2025,3,ZIMA,16.758071625249674,51.45321621388044,15309.953112466403,1898.9506792272753
2025-03-08,2025,3,ZIMA,16.82095369513804,51.45321621388044,15855.056231952789,1897.766057059124
2025-03-08,2025,3,ZIMA,16.44366127580784,51.51609828376883,23558.084958616277,1900.2990048624713
2025-03-08,2025,3,ZIMA,16.50654334569621,51.51609828376883,19537.84054011882,1900.4680249307207
2025-03-08,2025,3,ZIMA,16.569425415584575,51.51609828376883,15700.8009096385,1902.0666122731543
2025-03-08,2025,3,ZIMA,16.63230748547294,51.51609828376883,12220.773060573265,1902.212178154518
2025-03-08,2025,3,ZIMA,16.695189555361306,51.51609828376883,9498.617637244897,1902.3874697020185
2025-03-08,2025,3,ZIMA,16.758071625249674,51.51609828376883,8315.313151789731,1902.423214290842
2025-03-08,2025,3,ZIMA,16.44366127580784,51.57898035365719,22067.09312874936,1899.1471256733425
2025-03-08,2025,3,ZIMA,16.50654334569621,51.57898035365719,17718.327792455035,1897.817185997715
2025-03-08,2025,3,ZIMA,16.569425415584575,51.57898035365719,13375.848816009768,1899.1891821895608
2025-03-08,2025,3,ZIMA,16.63230748547294,51.57898035365719,9048.716728001045,1900.232464920135
2025-03-08,2025,3,ZIMA,16.695189555361306,51.57898035365719,4778.811626111381,1910.390077837063
2025-03-08,2025,3,ZIMA,16.758071625249674,51.57898035365719,1336.6685605293208,1913.1519068783414
2025-03-08,2025,3,ZIMA,16.82095369513804,51.57898035365719,4327.607486410343,1913.3293567330693
2025-03-08,2025,3,ZIMA,16.883835765026408,51.57898035365719,8582.63182821231,1913.3292932462539
2025-03-08,2025,3,ZIMA,16.44366127580784,51.64186242354555,22733.774236944053,1903.9764968671543
2025-03-08,2025,3,ZIMA,16.50654334569621,51.64186242354555,18548.47434255549,1902.6834931681583
2025-03-08,2025,3,ZIMA,16.569425415584575,51.64186242354555,14463.97307729854,1901.4303043970574
2025-03-08,2025,3,ZIMA,16.63230748547294,51.64186242354555,10597.473779019278,1912.32370654444
2025-03-08,2025,3,ZIMA,16.695189555361306,51.64186242354555,7303.820656026393,1923.538604254413
2025-03-08,2025,3,ZIMA,16.758071625249674,51.64186242354555,5685.470440609392,1918.5047486694561
2025-03-08,2025,3,ZIMA,16.82095369513804,51.64186242354555,7017.3089844368305,1911.9325304219756
2025-03-08,2025,3,ZIMA,16.883835765026408,51.64186242354555,10202.945413633863,1913.0429922739306
2025-03-08,2025,3,ZIMA,16.94671783491477,51.64186242354555,14031.998661490588,1914.2280764860047
2025-03-08,2025,3,ZIMA,17.00959990480314,51.64186242354555,18100.64101576137,1922.4570310217741
2025-03-08,2025,3,ZIMA,17.072481974691506,51.64186242354555,22277.9856371743,1922.4570537758493
2025-03-08,2025,3,ZIMA,16.50654334569621,51.70474449343391,21726.73189986778,1904.6579589843125
2025-03-08,2025,3,ZIMA,16.569425415584575,51.70474449343391,18368.400870511905,1908.8872654612771
2025-03-08,2025,3,ZIMA,16.63230748547294,51.70474449343391,15512.327393546435,1916.9434655544394
2025-03-08,2025,3,ZIMA,16.695189555361306,51.70474449343391,13481.59372237837,1920.9971990990537
2025-03-08,2025,3,ZIMA,16.758071625249674,51.70474449343391,12679.166548422323,1923.8778073580297
2025-03-08,2025,3,ZIMA,16.82095369513804,51.70474449343391,13328.76158161471,1919.0755380952105
2025-03-08,2025,3,ZIMA,16.883835765026408,51.70474449343391,15245.895114827508,1912.5406270675503
2025-03-08,2025,3,ZIMA,16.94671783491477,51.70474449343391,18030.686749865705,1922.0901115139518
2025-03-08,2025,3,ZIMA,17.00959990480314,51.70474449343391,21346.215108421282,1922.457985032825
2025-03-08,2025,3,ZIMA,16.569425415584575,51.767626563322295,23737.980709715666,1905.905092252113
2025-03-08,2025,3,ZIMA,16.63230748547294,51.767626563322295,21606.947002294517,1910.153555074131
2025-03-08,2025,3,ZIMA,16.695189555361306,51.767626563322295,20200.56706752922,1913.0215894596304
2025-03-08,2025,3,ZIMA,16.758071625249674,51.767626563322295,19674.85473951676,1915.1605954052259
2025-03-08,2025,3,ZIMA,16.82095369513804,51.767626563322295,20099.032512508216,1917.353401814739
2025-03-08,2025,3,ZIMA,16.883835765026408,51.767626563322295,21416.735201237527,1923.8362857013503
2025-03-08,2025,3,ZIMA,16.94671783491477,51.767626563322295,23477.99608168023,1923.9549090603043
2025-03-08,2025,3,ZIMA,16.62880570997349,51.39033414399208,24132.56253846387,1893.6396484375693
2025-03-08,2025,3,ZIMA,16.69168777986186,51.39033414399208,22824.767038267706,1912.3361383531396
2025-03-08,2025,3,ZIMA,16.75456984975022,51.39033414399208,22309.375774318905,1913.1650893839628
2025-03-08,2025,3,ZIMA,16.817451919638586,51.39033414399208,22640.567670053617,1913.1154230011596
2025-03-08,2025,3,ZIMA,16.880333989526953,51.39033414399208,23783.002108405184,1915.8957892907392
2025-03-08,2025,3,ZIMA,16.503041570196757,51.45321621388044,23581.077953511707,1898.9013192849063
2025-03-08,2025,3,ZIMA,16.565923640085124,51.45321621388044,20458.436816040445,1898.706374164099
2025-03-08,2025,3,ZIMA,16.62880570997349,51.45321621388044,17864.060187992847,1898.6089248832452
2025-03-08,2025,3,ZIMA,16.69168777986186,51.45321621388044,16056.097989486343,1909.0350886260323
2025-03-08,2025,3,ZIMA,16.75456984975022,51.45321621388044,15315.627883456851,1909.0312350684183
2025-03-08,2025,3,ZIMA,16.817451919638586,51.45321621388044,15793.514056679513,1909.0235351426352
2025-03-08,2025,3,ZIMA,16.44015950030839,51.51609828376883,23785.498505187956,1901.9987741287503
2025-03-08,2025,3,ZIMA,16.503041570196757,51.51609828376883,19757.914628789506,1901.9870801268323
2025-03-08,2025,3,ZIMA,16.565923640085124,51.51609828376883,15907.373286362195,1901.9686250546927
2025-03-08,2025,3,ZIMA,16.62880570997349,51.51609828376883,12399.921850519919,1901.9593903619673
2025-03-08,2025,3,ZIMA,16.69168777986186,51.51609828376883,9618.51826801077,1909.0422593573949
2025-03-08,2025,3,ZIMA,16.75456984975022,51.51609828376883,8325.742428621463,1909.0474643530056
2025-03-08,2025,3,ZIMA,16.817451919638586,51.51609828376883,9174.104004011042,1909.0578815284762
2025-03-08,2025,3,ZIMA,16.44015950030839,51.57898035365719,22309.377798593767,1895.5526110705707
2025-03-08,2025,3,ZIMA,16.503041570196757,51.57898035365719,17960.37871340833,1895.5526123046252
2025-03-08,2025,3,ZIMA,16.565923640085124,51.57898035365719,13617.404822140948,1895.552612304621
2025-03-08,2025,3,ZIMA,16.62880570997349,51.57898035365719,9288.916562767508,1900.0795888576852
2025-03-08,2025,3,ZIMA,16.69168777986186,51.57898035365719,5012.588919209262,1915.9561767578825
2025-03-08,2025,3,ZIMA,16.75456984975022,51.57898035365719,1399.9993034286374,1915.9561767577457
2025-03-08,2025,3,ZIMA,16.817451919638586,51.57898035365719,4097.049152339476,1915.9561833686462
2025-03-08,2025,3,ZIMA,16.44015950030839,51.64186242354555,22968.704488944466,1904.3607384825434
2025-03-08,2025,3,ZIMA,16.503041570196757,51.64186242354555,18779.51120392489,1904.3288788446741
2025-03-08,2025,3,ZIMA,16.565923640085124,51.64186242354555,14687.337978946705,1904.2651595693176
2025-03-08,2025,3,ZIMA,16.62880570997349,51.64186242354555,10803.011787778565,1911.023539180504
2025-03-08,2025,3,ZIMA,16.69168777986186,51.64186242354555,7458.6619369363725,1913.5657340465334
2025-03-08,2025,3,ZIMA,16.75456984975022,51.64186242354555,5700.671005645907,1913.5326977089921
2025-03-08,2025,3,ZIMA,16.817451919638586,51.64186242354555,6877.713124472197,1917.3251321714386
2025-03-08,2025,3,ZIMA,16.880333989526953,51.64186242354555,10002.381498184013,1919.1139618408056
2025-03-08,2025,3,ZIMA,16.94321605941532,51.64186242354555,13810.566952387238,1919.170335937172
2025-03-08,2025,3,ZIMA,17.006098129303687,51.64186242354555,17870.512483347866,1920.1686931990635
2025-03-08,2025,3,ZIMA,17.068980199192055,51.64186242354555,22043.545537886053,1920.1488131410638
2025-03-08,2025,3,ZIMA,16.503041570196757,51.70474449343391,21924.029828531227,1903.801547769969
2025-03-08,2025,3,ZIMA,16.565923640085124,51.70474449343391,18544.554847416206,1904.1483170053507
2025-03-08,2025,3,ZIMA,16.62880570997349,51.70474449343391,15653.26864662927,1915.6433581397625
2025-03-08,2025,3,ZIMA,16.69168777986186,51.70474449343391,13565.988451621677,1916.0371504207512
2025-03-08,2025,3,ZIMA,16.75456984975022,51.70474449343391,12685.980479552787,1916.0026378876219
2025-03-08,2025,3,ZIMA,16.817451919638586,51.70474449343391,13255.900035496014,1915.9307230412899
2025-03-08,2025,3,ZIMA,16.880333989526953,51.70474449343391,15112.59324189347,1915.998514019337
2025-03-08,2025,3,ZIMA,16.94321605941532,51.70474449343391,17859.14262116209,1916.0047516320888
2025-03-08,2025,3,ZIMA,17.006098129303687,51.70474449343391,21151.69893885063,1917.8843479933091
2025-03-08,2025,3,ZIMA,17.068980199192055,51.70474449343391,24773.504994530504,1918.2123464609122
2025-03-08,2025,3,ZIMA,16.565923640085124,51.767626563322295,23874.360079904105,1906.9435887468833
2025-03-08,2025,3,ZIMA,16.62880570997349,51.767626563322295,21708.214615169894,1916.060022029992
2025-03-08,2025,3,ZIMA,16.69168777986186,51.767626563322295,20256.910366016018,1916.0638427735075
2025-03-08,2025,3,ZIMA,16.75456984975022,51.767626563322295,19679.240479065716,1916.0638427733707
2025-03-08,2025,3,ZIMA,16.817451919638586,51.767626563322295,20050.855201186074,1918.1921386718452
2025-03-08,2025,3,ZIMA,16.880333989526953,51.767626563322295,21322.179027900544,1918.192138671908
2025-03-08,2025,3,ZIMA,16.94321605941532,51.767626563322295,23346.69471159949,1918.1921386719118
2025-03-09,2025,3,ZIMA,16.62880570997349,51.39033414399208,24132.56253846387,1900.9300274267755
2025-03-09,2025,3,ZIMA,16.69168777986186,51.39033414399208,22824.767038267706,1904.9572983932114
2025-03-09,2025,3,ZIMA,16.75456984975022,51.39033414399208,22309.375774318905,1904.6703088268096
2025-03-09,2025,3,ZIMA,16.817451919638586,51.39033414399208,22640.567670053617,1903.2373046874702
2025-03-09,2025,3,ZIMA,16.880333989526953,51.39033414399208,23783.002108405184,1903.2373203909326
2025-03-09,2025,3,ZIMA,16.503041570196757,51.45321621388044,23581.077953511707,1902.5785662666128
2025-03-09,2025,3,ZIMA,16.565923640085124,51.45321621388044,20458.436816040445,1905.4142944693888
2025-03-09,2025,3,ZIMA,16.62880570997349,51.45321621388044,17864.060187992847,1912.6307373047575
2025-03-09,2025,3,ZIMA,16.69168777986186,51.45321621388044,16056.097989486343,1911.5848589441894
2025-03-09,2025,3,ZIMA,16.75456984975022,51.45321621388044,15315.627883456851,1905.6919957257696
2025-03-09,2025,3,ZIMA,16.817451919638586,51.45321621388044,15793.514056679513,1906.460443149927
2025-03-09,2025,3,ZIMA,16.44015950030839,51.51609828376883,23785.498505187956,1898.2414687667758
2025-03-09,2025,3,ZIMA,16.503041570196757,51.51609828376883,19757.914628789506,1897.2637939452422
2025-03-09,2025,3,ZIMA,16.565923640085124,51.51609828376883,15907.373286362195,1901.6399196064658
2025-03-09,2025,3,ZIMA,16.62880570997349,51.51609828376883,12399.921850519919,1905.12648996963
2025-03-09,2025,3,ZIMA,16.69168777986186,51.51609828376883,9618.51826801077,1905.851126898499
2025-03-09,2025,3,ZIMA,16.75456984975022,51.51609828376883,8325.742428621463,1903.8057632859052
2025-03-09,2025,3,ZIMA,16.817451919638586,51.51609828376883,9174.104004011042,1904.0905785852726
2025-03-09,2025,3,ZIMA,16.44015950030839,51.57898035365719,22309.377798593767,1891.5568239061809
2025-03-09,2025,3,ZIMA,16.503041570196757,51.57898035365719,17960.37871340833,1891.6457968556724
2025-03-09,2025,3,ZIMA,16.565923640085124,51.57898035365719,13617.404822140948,1909.763424367224
2025-03-09,2025,3,ZIMA,16.62880570997349,51.57898035365719,9288.916562767508,1909.5733138068529
2025-03-09,2025,3,ZIMA,16.69168777986186,51.57898035365719,5012.588919209262,1902.4095059078243
2025-03-09,2025,3,ZIMA,16.75456984975022,51.57898035365719,1399.9993034286374,1902.1153581968308
2025-03-09,2025,3,ZIMA,16.817451919638586,51.57898035365719,4097.049152339476,1901.9937643707888
2025-03-09,2025,3,ZIMA,16.44015950030839,51.64186242354555,22968.704488944466,1906.8796129728585
2025-03-09,2025,3,ZIMA,16.503041570196757,51.64186242354555,18779.51120392489,1907.44617493138
2025-03-09,2025,3,ZIMA,16.565923640085124,51.64186242354555,14687.337978946705,1908.552612304621
2025-03-09,2025,3,ZIMA,16.62880570997349,51.64186242354555,10803.011787778565,1908.5526123047573
2025-03-09,2025,3,ZIMA,16.69168777986186,51.64186242354555,7458.6619369363725,1907.6635605118745
2025-03-09,2025,3,ZIMA,16.75456984975022,51.64186242354555,5700.671005645907,1907.2996917802548
2025-03-09,2025,3,ZIMA,16.503041570196757,51.70474449343391,21924.029828531227,1900.484742468707
2025-03-09,2025,3,ZIMA,16.565923640085124,51.70474449343391,18544.554847416206,1899.497548853594
2025-03-09,2025,3,ZIMA,16.62880570997349,51.70474449343391,15653.26864662927,1902.1890303734674
2025-03-09,2025,3,ZIMA,16.69168777986186,51.70474449343391,13565.988451621677,1910.9625382660158
2025-03-09,2025,3,ZIMA,16.75456984975022,51.70474449343391,12685.980479552787,1910.580966670829
2025-03-09,2025,3,ZIMA,16.565923640085124,51.767626563322295,23874.360079904105,1903.4842526431628
2025-03-09,2025,3,ZIMA,16.62880570997349,51.767626563322295,21708.214615169894,1914.30413078911
2025-03-09,2025,3,ZIMA,16.69168777986186,51.767626563322295,20256.910366016018,1916.9184022430525
2025-03-09,2025,3,ZIMA,16.75456984975022,51.767626563322295,19679.240479065716,1917.3254868914403
2025-03-10,2025,3,ZIMA,16.44015950030839,51.645364199045005,23067.324886287264,1919.3913784760687
2025-03-10,2025,3,ZIMA,16.503041570196757,51.645364199045005,18900.359863722257,1919.3913610616764
2025-03-10,2025,3,ZIMA,16.503041570196757,51.708246268933365,22151.03849863459,1919.391355384034
2025-03-10,2025,3,ZIMA,16.565923640085124,51.708246268933365,18812.668624379385,1915.6167006019537
2025-03-10,2025,3,ZIMA,16.62880570997349,51.708246268933365,15970.236252677701,1915.6167057433504
2025-03-10,2025,3,ZIMA,16.69168777986186,51.708246268933365,13930.699262098557,1931.6391526082718
2025-03-10,2025,3,ZIMA,16.75456984975022,51.708246268933365,13075.328814315202,1931.6391494620718
2025-03-10,2025,3,ZIMA,16.565923640085124,51.77112833882174,24196.138332333372,1903.7000617304748
2025-03-10,2025,3,ZIMA,16.62880570997349,51.77112833882174,22061.782880775623,1915.344549173775
2025-03-10,2025,3,ZIMA,16.69168777986186,51.77112833882174,20635.474584856467,1924.3282924950552
2025-03-10,2025,3,ZIMA,16.75456984975022,51.77112833882174,20068.74892879994,1911.3617426973206
2025-03-10,2025,3,ZIMA,16.817451919638586,51.77112833882174,20433.25305464189,1914.4303193415876
2025-03-10,2025,3,ZIMA,16.880333989526953,51.77112833882174,21682.07291472792,1921.1321351268264
2025-03-10,2025,3,ZIMA,16.94321605941532,51.77112833882174,23675.686332167108,1921.5017138931437
2025-03-16,2025,3,ZIMA,16.63230748547294,51.40083947049044,22960.126954864292,1888.4105302720359
2025-03-16,2025,3,ZIMA,16.695189555361306,51.40083947049044,21630.877526090502,1897.2000498150899
2025-03-16,2025,3,ZIMA,16.758071625249674,51.40083947049044,21136.75458536362,1896.8131954824423
2025-03-16,2025,3,ZIMA,16.82095369513804,51.40083947049044,21535.319411315104,1905.2840929257309
2025-03-16,2025,3,ZIMA,16.883835765026408,51.40083947049044,22779.76429883193,1904.638271633648
2025-03-16,2025,3,ZIMA,16.94671783491477,51.40083947049044,24742.786875447207,1896.4151604698693
2025-03-16,2025,3,ZIMA,16.50654334569621,51.4637215403788,22647.677207307275,1894.5091317550218
2025-03-16,2025,3,ZIMA,16.569425415584575,51.4637215403788,19430.65279204185,1889.2799997214743
2025-03-16,2025,3,ZIMA,16.63230748547294,51.4637215403788,16741.299838130057,1889.4340214644224
2025-03-16,2025,3,ZIMA,16.695189555361306,51.4637215403788,14868.754552299932,1896.9670808905578
2025-03-16,2025,3,ZIMA,16.758071625249674,51.4637215403788,14141.30117215584,1897.3546266323074
2025-03-16,2025,3,ZIMA,16.82095369513804,51.4637215403788,14729.58390777345,1904.4356689452832
2025-03-16,2025,3,ZIMA,16.883835765026408,51.4637215403788,16493.412824227664,1904.9131939865174
2025-03-16,2025,3,ZIMA,16.44366127580784,51.52660361026717,23169.106036063244,1889.0191509936783
2025-03-16,2025,3,ZIMA,16.50654334569621,51.52660361026717,19068.06706619102,1883.3669921363316
2025-03-16,2025,3,ZIMA,16.569425415584575,51.52660361026717,15113.246403111087,1885.0001099026395
2025-03-16,2025,3,ZIMA,16.63230748547294,51.52660361026717,11457.080573087394,1897.7643258627008
2025-03-16,2025,3,ZIMA,16.695189555361306,51.52660361026717,8494.393021157723,1898.259588897494
2025-03-16,2025,3,ZIMA,16.758071625249674,51.52660361026717,7147.044934713422,1900.3523827615372
2025-03-16,2025,3,ZIMA,16.82095369513804,51.52660361026717,8248.706015929743,1898.8425647444913
2025-03-16,2025,3,ZIMA,16.883835765026408,51.52660361026717,11092.229452792053,1899.0248841366017
2025-03-16,2025,3,ZIMA,16.44366127580784,51.58948568015553,22025.784156618203,1884.8719448022287
2025-03-16,2025,3,ZIMA,16.50654334569621,51.58948568015553,17667.982445882684,1875.5140984916459
2025-03-16,2025,3,ZIMA,16.569425415584575,51.58948568015553,13310.256590039357,1890.4877130471828
2025-03-16,2025,3,ZIMA,16.63230748547294,51.58948568015553,8952.722932547227,1900.371294203906
2025-03-16,2025,3,ZIMA,16.695189555361306,51.58948568015553,4595.935998082942,1902.057573386005
2025-03-16,2025,3,ZIMA,16.758071625249674,51.58948568015553,277.69329068147516,1902.558277114824
2025-03-16,2025,3,ZIMA,16.82095369513804,51.58948568015553,4124.890416239718,1899.5822257861357
2025-03-16,2025,3,ZIMA,16.883835765026408,51.58948568015553,8481.476135674528,1898.9696659322185
2025-03-16,2025,3,ZIMA,16.94671783491477,51.58948568015553,12838.97279331703,1896.5241801870188
2025-03-16,2025,3,ZIMA,17.00959990480314,51.58948568015553,17196.685933022323,1895.9017870509408
2025-03-16,2025,3,ZIMA,17.072481974691506,51.58948568015553,21554.48200986264,1894.3199356492323
2025-03-16,2025,3,ZIMA,16.44366127580784,51.65236775004391,23051.204701326566,1890.818078446832
2025-03-16,2025,3,ZIMA,16.50654334569621,51.65236775004391,18937.248299133444,1893.154638144345
2025-03-16,2025,3,ZIMA,16.569425415584575,51.65236775004391,14960.319349349504,1897.759467662583
2025-03-16,2025,3,ZIMA,16.63230748547294,51.65236775004391,11266.476722222027,1898.100255454017
2025-03-16,2025,3,ZIMA,16.695189555361306,51.65236775004391,8245.392510962301,1903.4737888124164
2025-03-16,2025,3,ZIMA,16.758071625249674,51.65236775004391,6853.476800724564,1904.50510822053
2025-03-16,2025,3,ZIMA,16.82095369513804,51.65236775004391,7992.764094764516,1890.4015522192954
2025-03-16,2025,3,ZIMA,16.883835765026408,51.65236775004391,10896.285673413891,1893.3143333241537
2025-03-16,2025,3,ZIMA,16.94671783491477,51.65236775004391,14543.193254773298,1892.8146992476252
2025-03-16,2025,3,ZIMA,17.00959990480314,51.65236775004391,18498.931613833585,1894.6527271426532
2025-03-16,2025,3,ZIMA,17.072481974691506,51.65236775004391,22601.923186798995,1894.620794748098
2025-03-16,2025,3,ZIMA,16.50654334569621,51.71524981993227,22427.21492914899,1885.1443599429929
2025-03-16,2025,3,ZIMA,16.569425415584575,51.71524981993227,19192.666442319347,1897.549969110627
2025-03-16,2025,3,ZIMA,16.63230748547294,51.71524981993227,16480.747203902352,1898.0097992406147
2025-03-16,2025,3,ZIMA,16.695189555361306,51.71524981993227,14585.943386997042,1897.1860351563196
2025-03-16,2025,3,ZIMA,16.758071625249674,51.71524981993227,13847.833818649817,1897.6029991996086
2025-03-16,2025,3,ZIMA,16.82095369513804,51.71524981993227,14444.83332546964,1892.3806990815485
2025-03-16,2025,3,ZIMA,16.883835765026408,51.71524981993227,16230.278648697753,1892.084882945691
2025-03-16,2025,3,ZIMA,16.94671783491477,51.71524981993227,18869.785601048578,1892.172309945657
2025-03-16,2025,3,ZIMA,17.00959990480314,51.71524981993227,22058.870945944283,1895.402664682712
2025-03-16,2025,3,ZIMA,16.569425415584575,51.77813188982064,24714.534512347887,1901.428320332851
2025-03-16,2025,3,ZIMA,16.63230748547294,51.77813188982064,22675.958212645324,1901.1923289992678
2025-03-16,2025,3,ZIMA,16.695189555361306,51.77813188982064,21340.465733542747,1898.911645802993
2025-03-16,2025,3,ZIMA,16.758071625249674,51.77813188982064,20843.64027861737,1892.6859638105877
2025-03-16,2025,3,ZIMA,16.82095369513804,51.77813188982064,21244.402207891635,1887.9219903663027
2025-03-16,2025,3,ZIMA,16.883835765026408,51.77813188982064,22494.82981456476,1886.2980670219233
2025-03-16,2025,3,ZIMA,16.94671783491477,51.77813188982064,24464.98800502619,1892.0133749229092
2025-03-18,2025,3,ZIMA,16.63230748547294,51.40083947049044,22960.126954864292,1887.2912411592029
2025-03-18,2025,3,ZIMA,16.695189555361306,51.40083947049044,21630.877526090502,1889.6250209703753
2025-03-18,2025,3,ZIMA,16.758071625249674,51.40083947049044,21136.75458536362,1889.8904545473
2025-03-18,2025,3,ZIMA,16.82095369513804,51.40083947049044,21535.319411315104,1895.0561092713351
2025-03-18,2025,3,ZIMA,16.883835765026408,51.40083947049044,22779.76429883193,1895.3412509378672
2025-03-18,2025,3,ZIMA,16.94671783491477,51.40083947049044,24742.786875447207,1892.3148540198215
2025-03-18,2025,3,ZIMA,16.50654334569621,51.4637215403788,22647.677207307275,1892.5822380587435
2025-03-18,2025,3,ZIMA,16.569425415584575,51.4637215403788,19430.65279204185,1891.2464447632915
2025-03-18,2025,3,ZIMA,16.63230748547294,51.4637215403788,16741.299838130057,1889.7631904062102
2025-03-18,2025,3,ZIMA,16.695189555361306,51.4637215403788,14868.754552299932,1893.2045686606295
2025-03-18,2025,3,ZIMA,16.758071625249674,51.4637215403788,14141.30117215584,1891.5447254866622
2025-03-18,2025,3,ZIMA,16.82095369513804,51.4637215403788,14729.58390777345,1889.5772469699368
2025-03-18,2025,3,ZIMA,16.883835765026408,51.4637215403788,16493.412824227664,1894.368306626185
2025-03-18,2025,3,ZIMA,16.44366127580784,51.52660361026717,23169.106036063244,1887.2468181327004
2025-03-18,2025,3,ZIMA,16.50654334569621,51.52660361026717,19068.06706619102,1887.2468140292106
2025-03-18,2025,3,ZIMA,16.569425415584575,51.52660361026717,15113.246403111087,1887.6536774782005
2025-03-18,2025,3,ZIMA,16.63230748547294,51.52660361026717,11457.080573087394,1889.30451384173
2025-03-18,2025,3,ZIMA,16.695189555361306,51.52660361026717,8494.393021157723,1893.5035008979162
2025-03-18,2025,3,ZIMA,16.758071625249674,51.52660361026717,7147.044934713422,1893.5743816520544
2025-03-18,2025,3,ZIMA,16.82095369513804,51.52660361026717,8248.706015929743,1894.1707419518398
2025-03-18,2025,3,ZIMA,16.569425415584575,51.58948568015553,13310.256590039357,1885.3425754460675
2025-03-18,2025,3,ZIMA,16.63230748547294,51.58948568015553,8952.722932547227,1886.947630300617
2025-03-18,2025,3,ZIMA,16.695189555361306,51.58948568015553,4595.935998082942,1888.5066758428454
2025-03-18,2025,3,ZIMA,16.758071625249674,51.58948568015553,277.69329068147516,1890.8993050803006
2025-03-18,2025,3,ZIMA,16.82095369513804,51.58948568015553,4124.890416239718,1896.7990422033342
2025-03-18,2025,3,ZIMA,16.883835765026408,51.58948568015553,8481.476135674528,1896.9592184456744
2025-03-18,2025,3,ZIMA,16.94671783491477,51.58948568015553,12838.97279331703,1896.9592072916873
2025-03-18,2025,3,ZIMA,16.44366127580784,51.65236775004391,23051.204701326566,1892.489006008304
2025-03-18,2025,3,ZIMA,16.50654334569621,51.65236775004391,18937.248299133444,1895.8619293400914
2025-03-18,2025,3,ZIMA,16.569425415584575,51.65236775004391,14960.319349349504,1898.7682036127696
2025-03-18,2025,3,ZIMA,16.63230748547294,51.65236775004391,11266.476722222027,1894.5424932646847
2025-03-18,2025,3,ZIMA,16.695189555361306,51.65236775004391,8245.392510962301,1884.109231091253
2025-03-18,2025,3,ZIMA,16.758071625249674,51.65236775004391,6853.476800724564,1885.8099906927027
2025-03-18,2025,3,ZIMA,16.82095369513804,51.65236775004391,7992.764094764516,1888.468184666883
2025-03-18,2025,3,ZIMA,16.883835765026408,51.65236775004391,10896.285673413891,1890.604687108121
2025-03-18,2025,3,ZIMA,16.94671783491477,51.65236775004391,14543.193254773298,1894.05728502697
2025-03-18,2025,3,ZIMA,17.00959990480314,51.65236775004391,18498.931613833585,1902.2014164564605
2025-03-18,2025,3,ZIMA,17.072481974691506,51.65236775004391,22601.923186798995,1902.2014153665943
2025-03-18,2025,3,ZIMA,16.50654334569621,51.71524981993227,22427.21492914899,1892.4584387511238
2025-03-18,2025,3,ZIMA,16.569425415584575,51.71524981993227,19192.666442319347,1894.9234294544208
2025-03-18,2025,3,ZIMA,16.63230748547294,51.71524981993227,16480.747203902352,1897.637422274432
2025-03-18,2025,3,ZIMA,16.695189555361306,51.71524981993227,14585.943386997042,1893.2210940302114
2025-03-18,2025,3,ZIMA,16.758071625249674,51.71524981993227,13847.833818649817,1888.0161582265187
2025-03-18,2025,3,ZIMA,16.82095369513804,51.71524981993227,14444.83332546964,1886.3500398430604
2025-03-18,2025,3,ZIMA,16.883835765026408,51.71524981993227,16230.278648697753,1888.1135607819042
2025-03-18,2025,3,ZIMA,16.94671783491477,51.71524981993227,18869.785601048578,1892.6794171970391
2025-03-18,2025,3,ZIMA,17.00959990480314,51.71524981993227,22058.870945944283,1904.0265172559627
2025-03-18,2025,3,ZIMA,16.569425415584575,51.77813188982064,24714.534512347887,1891.5416507940643
2025-03-18,2025,3,ZIMA,16.63230748547294,51.77813188982064,22675.958212645324,1890.8664426651587
2025-03-18,2025,3,ZIMA,16.695189555361306,51.77813188982064,21340.465733542747,1888.6561602864858
2025-03-18,2025,3,ZIMA,16.758071625249674,51.77813188982064,20843.64027861737,1888.816188546716
2025-03-18,2025,3,ZIMA,16.82095369513804,51.77813188982064,21244.402207891635,1890.0540117704163
2025-03-18,2025,3,ZIMA,16.883835765026408,51.77813188982064,22494.82981456476,1897.9146977844543
2025-03-18,2025,3,ZIMA,16.94671783491477,51.77813188982064,24464.98800502619,1900.8198071987358
2025-03-18,2025,3,ZIMA,16.62880570997349,51.397337694990995,23414.016585733578,1892.8536634178367
2025-03-18,2025,3,ZIMA,16.69168777986186,51.397337694990995,22063.88379565311,1892.9658931567851
2025-03-18,2025,3,ZIMA,16.75456984975022,51.397337694990995,21530.368772371374,1900.0237109971529
2025-03-18,2025,3,ZIMA,16.817451919638586,51.397337694990995,21873.307059292492,1903.5310058593457
2025-03-18,2025,3,ZIMA,16.880333989526953,51.397337694990995,23053.618918125285,1903.5310058594077
2025-03-18,2025,3,ZIMA,16.94321605941532,51.397337694990995,24952.75932919812,1903.5310058594118
2025-03-18,2025,3,ZIMA,16.503041570196757,51.460219764879355,23081.788443822483,1892.31859504807
2025-03-18,2025,3,ZIMA,16.565923640085124,51.460219764879355,19881.408182050945,1892.2530166017941
2025-03-18,2025,3,ZIMA,16.62880570997349,51.460219764879355,17200.65707870494,1892.2204150866019
2025-03-18,2025,3,ZIMA,16.69168777986186,51.460219764879355,15314.88229812874,1892.1541981295702
2025-03-18,2025,3,ZIMA,16.75456984975022,51.460219764879355,14536.827372313592,1892.8818035923714
2025-03-18,2025,3,ZIMA,16.44015950030839,51.523101834767715,23522.913253362145,1892.874185838706
2025-03-18,2025,3,ZIMA,16.503041570196757,51.523101834767715,19441.697397995245,1892.814075950189
2025-03-18,2025,3,ZIMA,16.565923640085124,51.523101834767715,15513.54212454046,1892.6702250857984
2025-03-18,2025,3,ZIMA,16.62880570997349,51.523101834767715,11891.12021307515,1892.5982959277464
2025-03-18,2025,3,ZIMA,16.69168777986186,51.523101834767715,8953.543779319723,1892.4890763430653
2025-03-18,2025,3,ZIMA,16.44015950030839,51.58598390465609,22275.29596925275,1890.2293928522727
2025-03-18,2025,3,ZIMA,16.503041570196757,51.58598390465609,17918.777804094727,1890.2210693358754
2025-03-18,2025,3,ZIMA,16.565923640085124,51.58598390465609,13563.266202874287,1890.2210693358716
2025-03-18,2025,3,ZIMA,16.62880570997349,51.58598390465609,9210.19479805672,1890.2210693360066
2025-03-18,2025,3,ZIMA,16.69168777986186,51.58598390465609,4866.124299903999,1890.2210735011358
2025-03-18,2025,3,ZIMA,16.44015950030839,51.64886597454445,23172.077289885405,1898.4435397942177
2025-03-18,2025,3,ZIMA,16.503041570196757,51.64886597454445,19028.419867757362,1898.4346037390108
2025-03-18,2025,3,ZIMA,16.565923640085124,51.64886597454445,15004.989823223026,1898.4167244880184
2025-03-18,2025,3,ZIMA,16.62880570997349,51.64886597454445,11231.747416381291,1898.407781292468
2025-03-18,2025,3,ZIMA,16.69168777986186,51.64886597454445,8067.722857320884,1898.59599500524
2025-03-18,2025,3,ZIMA,16.75456984975022,51.64886597454445,6477.479199931528,1898.60925188081
2025-03-18,2025,3,ZIMA,16.817451919638586,51.64886597454445,7533.972328492395,1898.609246986961
2025-03-18,2025,3,ZIMA,16.880333989526953,51.64886597454445,10464.095361558122,1898.6092525458296
2025-03-18,2025,3,ZIMA,16.94321605941532,51.64886597454445,14148.05403405027,1898.6233465470305
2025-03-18,2025,3,ZIMA,17.006098129303687,51.64886597454445,18132.04540415361,1899.1342762310173
2025-03-18,2025,3,ZIMA,17.068980199192055,51.64886597454445,22255.51829866007,1899.1342766116077
2025-03-18,2025,3,ZIMA,16.503041570196757,51.711748044432824,22382.527517314295,1898.303837298765
2025-03-18,2025,3,ZIMA,16.565923640085124,51.711748044432824,19084.970432514514,1898.3038443542491
2025-03-18,2025,3,ZIMA,16.62880570997349,51.711748044432824,16290.35549268716,1898.3038342134446
2025-03-18,2025,3,ZIMA,16.69168777986186,51.711748044432824,14296.724468087103,1898.6812836934132
2025-03-18,2025,3,ZIMA,16.75456984975022,51.711748044432824,13464.692933223812,1898.6854162383825
2025-03-18,2025,3,ZIMA,16.817451919638586,51.711748044432824,14002.873213482273,1898.6936799546672
2025-03-18,2025,3,ZIMA,16.880333989526953,51.711748044432824,15771.617173893384,1898.7019561217357
2025-03-18,2025,3,ZIMA,16.94321605941532,51.711748044432824,18419.783190320224,1898.2223542483775
2025-03-18,2025,3,ZIMA,17.006098129303687,51.711748044432824,21626.695560558524,1896.2221326230176
2025-03-18,2025,3,ZIMA,16.69168777986186,51.774630114321184,21014.443227294196,1900.3891905394257
2025-03-18,2025,3,ZIMA,16.75456984975022,51.774630114321184,20458.261910258458,1900.3903731480361
2025-03-18,2025,3,ZIMA,16.817451919638586,51.774630114321184,20815.919041644414,1900.3927741151404
2025-03-18,2025,3,ZIMA,16.880333989526953,51.774630114321184,22042.977845090223,1900.3951049981856
2025-03-18,2025,3,ZIMA,16.94321605941532,51.774630114321184,24006.493113978482,1900.3028573191455
2025-03-19,2025,3,ZIMA,16.50654334569621,51.4637215403788,22647.677207307275,1903.053377085095
2025-03-19,2025,3,ZIMA,16.569425415584575,51.4637215403788,19430.65279204185,1902.1772080147123
2025-03-19,2025,3,ZIMA,16.63230748547294,51.4637215403788,16741.299838130057,1902.1772959520267
2025-03-19,2025,3,ZIMA,16.44366127580784,51.52660361026717,23169.106036063244,1897.685163646189
2025-03-19,2025,3,ZIMA,16.50654334569621,51.52660361026717,19068.06706619102,1896.4645050646814
2025-03-19,2025,3,ZIMA,16.569425415584575,51.52660361026717,15113.246403111087,1897.692551352081
2025-03-19,2025,3,ZIMA,16.63230748547294,51.52660361026717,11457.080573087394,1900.7884858787118
2025-03-19,2025,3,ZIMA,16.695189555361306,51.52660361026717,8494.393021157723,1902.177241600557
2025-03-19,2025,3,ZIMA,16.758071625249674,51.52660361026717,7147.044934713422,1902.1772457864213
2025-03-19,2025,3,ZIMA,16.44366127580784,51.58948568015553,22025.784156618203,1899.2981755277115
2025-03-19,2025,3,ZIMA,16.50654334569621,51.58948568015553,17667.982445882684,1898.5068885213038
2025-03-19,2025,3,ZIMA,16.569425415584575,51.58948568015553,13310.256590039357,1896.4325606137002
2025-03-19,2025,3,ZIMA,16.63230748547294,51.58948568015553,8952.722932547227,1896.0829943232636
2025-03-19,2025,3,ZIMA,16.695189555361306,51.58948568015553,4595.935998082942,1900.8831251541183
2025-03-19,2025,3,ZIMA,16.758071625249674,51.58948568015553,277.69329068147516,1902.1772460936834
2025-03-19,2025,3,ZIMA,16.82095369513804,51.58948568015553,4124.890416239718,1904.1884925458005
2025-03-19,2025,3,ZIMA,16.44366127580784,51.65236775004391,23051.204701326566,1904.766521591491
2025-03-19,2025,3,ZIMA,16.50654334569621,51.65236775004391,18937.248299133444,1906.9774191725883
2025-03-19,2025,3,ZIMA,16.569425415584575,51.65236775004391,14960.319349349504,1903.0195413918566
2025-03-19,2025,3,ZIMA,16.63230748547294,51.65236775004391,11266.476722222027,1899.134129729981
2025-03-19,2025,3,ZIMA,16.695189555361306,51.65236775004391,8245.392510962301,1896.814620254141
2025-03-19,2025,3,ZIMA,16.758071625249674,51.65236775004391,6853.476800724564,1895.2964399664897
2025-03-19,2025,3,ZIMA,16.82095369513804,51.65236775004391,7992.764094764516,1897.9051265260578
2025-03-19,2025,3,ZIMA,16.883835765026408,51.65236775004391,10896.285673413891,1904.1884765625325
2025-03-19,2025,3,ZIMA,16.94671783491477,51.65236775004391,14543.193254773298,1904.1884861947042
2025-03-19,2025,3,ZIMA,17.00959990480314,51.65236775004391,18498.931613833585,1904.1884134063052
2025-03-19,2025,3,ZIMA,16.50654334569621,51.71524981993227,22427.21492914899,1902.254315434695
2025-03-19,2025,3,ZIMA,16.569425415584575,51.71524981993227,19192.666442319347,1907.0099359187068
2025-03-19,2025,3,ZIMA,16.63230748547294,51.71524981993227,16480.747203902352,1906.6559404222164
2025-03-19,2025,3,ZIMA,16.695189555361306,51.71524981993227,14585.943386997042,1896.2717867474519
2025-03-19,2025,3,ZIMA,16.758071625249674,51.71524981993227,13847.833818649817,1896.0851154994846
2025-03-19,2025,3,ZIMA,16.82095369513804,51.71524981993227,14444.83332546964,1895.2888531705669
2025-03-19,2025,3,ZIMA,16.883835765026408,51.71524981993227,16230.278648697753,1897.9389309163046
2025-03-19,2025,3,ZIMA,16.94671783491477,51.71524981993227,18869.785601048578,1902.4312444850743
2025-03-19,2025,3,ZIMA,17.00959990480314,51.71524981993227,22058.870945944283,1904.1884782501447
2025-03-19,2025,3,ZIMA,16.569425415584575,51.77813188982064,24714.534512347887,1900.062630345812
2025-03-19,2025,3,ZIMA,16.63230748547294,51.77813188982064,22675.958212645324,1895.8918595205425
2025-03-19,2025,3,ZIMA,16.695189555361306,51.77813188982064,21340.465733542747,1897.0699494059352
2025-03-19,2025,3,ZIMA,16.758071625249674,51.77813188982064,20843.64027861737,1898.0152369780092
2025-03-19,2025,3,ZIMA,16.82095369513804,51.77813188982064,21244.402207891635,1897.074157941611
2025-03-19,2025,3,ZIMA,16.883835765026408,51.77813188982064,22494.82981456476,1896.0828132754573
2025-03-19,2025,3,ZIMA,16.94671783491477,51.77813188982064,24464.98800502619,1895.725463820615
2025-03-19,2025,3,ZIMA,16.62880570997349,51.397337694990995,23414.016585733578,1898.0400016495444
2025-03-19,2025,3,ZIMA,16.69168777986186,51.397337694990995,22063.88379565311,1895.300660038045
2025-03-19,2025,3,ZIMA,16.75456984975022,51.397337694990995,21530.368772371374,1895.256152399248
2025-03-19,2025,3,ZIMA,16.817451919638586,51.397337694990995,21873.307059292492,1899.8791753425667
2025-03-19,2025,3,ZIMA,16.880333989526953,51.397337694990995,23053.618918125285,1910.4575195312827
2025-03-19,2025,3,ZIMA,16.94321605941532,51.397337694990995,24952.75932919812,1910.457519531287
2025-03-19,2025,3,ZIMA,16.503041570196757,51.460219764879355,23081.788443822483,1902.80090332025
2025-03-19,2025,3,ZIMA,16.565923640085124,51.460219764879355,19881.408182050945,1902.7788357678774
2025-03-19,2025,3,ZIMA,16.62880570997349,51.460219764879355,17200.65707870494,1901.8049200091616
2025-03-19,2025,3,ZIMA,16.69168777986186,51.460219764879355,15314.88229812874,1894.23921272822
2025-03-19,2025,3,ZIMA,16.75456984975022,51.460219764879355,14536.827372313592,1894.3253694847715
2025-03-19,2025,3,ZIMA,16.817451919638586,51.460219764879355,15039.405013666608,1894.8656539174528
2025-03-19,2025,3,ZIMA,16.44015950030839,51.523101834767715,23522.913253362145,1896.5378389034202
2025-03-19,2025,3,ZIMA,16.503041570196757,51.523101834767715,19441.697397995245,1896.8466606176187
2025-03-19,2025,3,ZIMA,16.565923640085124,51.523101834767715,15513.54212454046,1897.3361562062344
2025-03-19,2025,3,ZIMA,16.62880570997349,51.523101834767715,11891.12021307515,1894.3636652254988
2025-03-19,2025,3,ZIMA,16.69168777986186,51.523101834767715,8953.543779319723,1891.7679065263446
2025-03-19,2025,3,ZIMA,16.75456984975022,51.523101834767715,7547.952860866032,1891.5652435883396
2025-03-19,2025,3,ZIMA,16.44015950030839,51.58598390465609,22275.29596925275,1896.5099956209854
2025-03-19,2025,3,ZIMA,16.503041570196757,51.58598390465609,17918.777804094727,1896.296051491831
2025-03-19,2025,3,ZIMA,16.565923640085124,51.58598390465609,13563.266202874287,1895.6991824461284
2025-03-19,2025,3,ZIMA,16.62880570997349,51.58598390465609,9210.19479805672,1893.4937288190652
2025-03-19,2025,3,ZIMA,16.69168777986186,51.58598390465609,4866.124299903999,1893.9817735727095
2025-03-19,2025,3,ZIMA,16.75456984975022,51.58598390465609,718.7967638404122,1894.2001883405637
2025-03-19,2025,3,ZIMA,16.817451919638586,51.58598390465609,3916.658201947574,1908.6838388682793
2025-03-19,2025,3,ZIMA,16.880333989526953,51.58598390465609,8255.288359509394,1908.6838245434458
2025-03-19,2025,3,ZIMA,16.94321605941532,51.58598390465609,12607.353093584305,1908.6838788669982
2025-03-19,2025,3,ZIMA,16.44015950030839,51.64886597454445,23172.077289885405,1903.9233398438198
2025-03-19,2025,3,ZIMA,16.503041570196757,51.64886597454445,19028.419867757362,1903.9233398436877
2025-03-19,2025,3,ZIMA,16.565923640085124,51.64886597454445,15004.989823223026,1899.739430692177
2025-03-19,2025,3,ZIMA,16.62880570997349,51.64886597454445,11231.747416381291,1895.9533691406941
2025-03-19,2025,3,ZIMA,16.69168777986186,51.64886597454445,8067.722857320884,1895.6383719044834
2025-03-19,2025,3,ZIMA,16.75456984975022,51.64886597454445,6477.479199931528,1897.275325855783
2025-03-19,2025,3,ZIMA,16.817451919638586,51.64886597454445,7533.972328492395,1903.003280430291
2025-03-19,2025,3,ZIMA,16.880333989526953,51.64886597454445,10464.095361558122,1903.5609820872012
2025-03-19,2025,3,ZIMA,16.94321605941532,51.64886597454445,14148.05403405027,1909.6190968227027
2025-03-19,2025,3,ZIMA,17.006098129303687,51.64886597454445,18132.04540415361,1910.0599061108348
2025-03-19,2025,3,ZIMA,17.068980199192055,51.64886597454445,22255.51829866007,1910.1434535663693
2025-03-19,2025,3,ZIMA,16.503041570196757,51.711748044432824,22382.527517314295,1897.7944203239733
2025-03-19,2025,3,ZIMA,16.565923640085124,51.711748044432824,19084.970432514514,1895.0253492489173
2025-03-19,2025,3,ZIMA,16.62880570997349,51.711748044432824,16290.35549268716,1894.2443460921263
2025-03-19,2025,3,ZIMA,16.69168777986186,51.711748044432824,14296.724468087103,1894.3883700335334
2025-03-19,2025,3,ZIMA,16.75456984975022,51.711748044432824,13464.692933223812,1899.8150764945124
2025-03-19,2025,3,ZIMA,16.817451919638586,51.711748044432824,14002.873213482273,1903.625295892597
2025-03-19,2025,3,ZIMA,16.880333989526953,51.711748044432824,15771.617173893384,1904.9783160290692
2025-03-19,2025,3,ZIMA,16.94321605941532,51.711748044432824,18419.783190320224,1909.8584770175514
2025-03-19,2025,3,ZIMA,17.006098129303687,51.711748044432824,21626.695560558524,1909.79112330313
2025-03-19,2025,3,ZIMA,16.565923640085124,51.774630114321184,24519.885198382693,1892.0645737654895
2025-03-19,2025,3,ZIMA,16.62880570997349,51.774630114321184,22416.546678578627,1892.3770811543868
2025-03-19,2025,3,ZIMA,16.69168777986186,51.774630114321184,21014.443227294196,1894.0527182982814
2025-03-19,2025,3,ZIMA,16.75456984975022,51.774630114321184,20458.261910258458,1899.2048785808058
2025-03-19,2025,3,ZIMA,16.817451919638586,51.774630114321184,20815.919041644414,1899.1034730362048
2025-03-19,2025,3,ZIMA,16.880333989526953,51.774630114321184,22042.977845090223,1909.4458263990757
2025-03-19,2025,3,ZIMA,16.94321605941532,51.774630114321184,24006.493113978482,1912.2645025887352
2025-03-20,2025,3,ZIMA,16.62880570997349,51.397337694990995,23414.016585733578,1901.8523330613423
2025-03-20,2025,3,ZIMA,16.69168777986186,51.397337694990995,22063.88379565311,1909.2156882521933
2025-03-20,2025,3,ZIMA,16.75456984975022,51.397337694990995,21530.368772371374,1913.5936649181488
2025-03-20,2025,3,ZIMA,16.817451919638586,51.397337694990995,21873.307059292492,1915.891999027727
2025-03-20,2025,3,ZIMA,16.880333989526953,51.397337694990995,23053.618918125285,1919.4305210994364
2025-03-20,2025,3,ZIMA,16.94321605941532,51.397337694990995,24952.75932919812,1920.1718178108028
2025-03-20,2025,3,ZIMA,16.503041570196757,51.460219764879355,23081.788443822483,1896.1486179901187
2025-03-20,2025,3,ZIMA,16.565923640085124,51.460219764879355,19881.408182050945,1898.904718595486
2025-03-20,2025,3,ZIMA,16.62880570997349,51.460219764879355,17200.65707870494,1920.7115422538764
2025-03-20,2025,3,ZIMA,16.69168777986186,51.460219764879355,15314.88229812874,1919.8767326971233
2025-03-20,2025,3,ZIMA,16.75456984975022,51.460219764879355,14536.827372313592,1917.3365440663258
2025-03-20,2025,3,ZIMA,16.817451919638586,51.460219764879355,15039.405013666608,1916.2373097523923
2025-03-20,2025,3,ZIMA,16.880333989526953,51.460219764879355,16707.445741562333,1913.8671281110317
2025-03-20,2025,3,ZIMA,16.94321605941532,51.460219764879355,19240.181289840893,1913.8171042408878
2025-03-20,2025,3,ZIMA,16.44015950030839,51.523101834767715,23522.913253362145,1891.9293996493168
2025-03-20,2025,3,ZIMA,16.503041570196757,51.523101834767715,19441.697397995245,1893.403873442667
2025-03-20,2025,3,ZIMA,16.565923640085124,51.523101834767715,15513.54212454046,1916.4587498392773
2025-03-20,2025,3,ZIMA,16.62880570997349,51.523101834767715,11891.12021307515,1917.5255126953825
2025-03-20,2025,3,ZIMA,16.69168777986186,51.523101834767715,8953.543779319723,1921.393388817174
2025-03-20,2025,3,ZIMA,16.75456984975022,51.523101834767715,7547.952860866032,1920.9722355746314
2025-03-20,2025,3,ZIMA,16.817451919638586,51.523101834767715,8474.403525390493,1909.0124547244209
2025-03-20,2025,3,ZIMA,16.880333989526953,51.523101834767715,11166.818784465544,1909.0224198899796
2025-03-20,2025,3,ZIMA,16.94321605941532,51.523101834767715,14683.958496616548,1909.2070016571743
2025-03-20,2025,3,ZIMA,16.44015950030839,51.58598390465609,22275.29596925275,1883.554034131838
2025-03-20,2025,3,ZIMA,16.503041570196757,51.58598390465609,17918.777804094727,1882.378401025201
2025-03-20,2025,3,ZIMA,16.565923640085124,51.58598390465609,13563.266202874287,1914.5162918069911
2025-03-20,2025,3,ZIMA,16.62880570997349,51.58598390465609,9210.19479805672,1914.853539007867
2025-03-20,2025,3,ZIMA,16.69168777986186,51.58598390465609,4866.124299903999,1917.7696594092138
2025-03-20,2025,3,ZIMA,16.75456984975022,51.58598390465609,718.7967638404122,1918.5059419042188
2025-03-20,2025,3,ZIMA,16.817451919638586,51.58598390465609,3916.658201947574,1910.1607461913256
2025-03-20,2025,3,ZIMA,16.880333989526953,51.58598390465609,8255.288359509394,1910.9776598814317
2025-03-20,2025,3,ZIMA,16.94321605941532,51.58598390465609,12607.353093584305,1920.1628925012828
2025-03-20,2025,3,ZIMA,16.44015950030839,51.64886597454445,23172.077289885405,1907.3623575397082
2025-03-20,2025,3,ZIMA,16.503041570196757,51.64886597454445,19028.419867757362,1907.94068118455
2025-03-20,2025,3,ZIMA,16.565923640085124,51.64886597454445,15004.989823223026,1918.5417744256695
2025-03-20,2025,3,ZIMA,16.62880570997349,51.64886597454445,11231.747416381291,1917.7306454433094
2025-03-20,2025,3,ZIMA,16.69168777986186,51.64886597454445,8067.722857320884,1910.633986513586
2025-03-20,2025,3,ZIMA,16.75456984975022,51.64886597454445,6477.479199931528,1909.5106019879793
2025-03-20,2025,3,ZIMA,16.817451919638586,51.64886597454445,7533.972328492395,1908.0190099389836
2025-03-20,2025,3,ZIMA,16.880333989526953,51.64886597454445,10464.095361558122,1914.6918911880225
2025-03-20,2025,3,ZIMA,16.94321605941532,51.64886597454445,14148.05403405027,1915.4261391489197
2025-03-20,2025,3,ZIMA,17.006098129303687,51.64886597454445,18132.04540415361,1928.140995967605
2025-03-20,2025,3,ZIMA,17.068980199192055,51.64886597454445,22255.51829866007,1927.886453655142
2025-03-20,2025,3,ZIMA,16.503041570196757,51.711748044432824,22382.527517314295,1914.098048775769
2025-03-20,2025,3,ZIMA,16.565923640085124,51.711748044432824,19084.970432514514,1917.6435453091822
2025-03-20,2025,3,ZIMA,16.62880570997349,51.711748044432824,16290.35549268716,1917.0177269923627
2025-03-20,2025,3,ZIMA,16.69168777986186,51.711748044432824,14296.724468087103,1916.6846923828828
2025-03-20,2025,3,ZIMA,16.75456984975022,51.711748044432824,13464.692933223812,1915.426689395704
2025-03-20,2025,3,ZIMA,16.817451919638586,51.711748044432824,14002.873213482273,1913.315290014118
2025-03-20,2025,3,ZIMA,16.880333989526953,51.711748044432824,15771.617173893384,1913.8276925521423
2025-03-20,2025,3,ZIMA,16.94321605941532,51.711748044432824,18419.783190320224,1913.7373936733356
2025-03-20,2025,3,ZIMA,17.006098129303687,51.711748044432824,21626.695560558524,1928.1837899376246
2025-03-20,2025,3,ZIMA,16.565923640085124,51.774630114321184,24519.885198382693,1910.4925605095789
2025-03-20,2025,3,ZIMA,16.62880570997349,51.774630114321184,22416.546678578627,1917.774589102401
2025-03-20,2025,3,ZIMA,16.69168777986186,51.774630114321184,21014.443227294196,1916.1117141030015
2025-03-20,2025,3,ZIMA,16.75456984975022,51.774630114321184,20458.261910258458,1913.223442612879
2025-03-20,2025,3,ZIMA,16.817451919638586,51.774630114321184,20815.919041644414,1913.912950261847
2025-03-20,2025,3,ZIMA,16.880333989526953,51.774630114321184,22042.977845090223,1909.6355036290895
2025-03-20,2025,3,ZIMA,16.94321605941532,51.774630114321184,24006.493113978482,1916.8638993881111
2025-03-21,2025,3,ZIMA,16.63230748547294,51.397337694990995,23319.3900475521,1913.536379509244
2025-03-21,2025,3,ZIMA,16.695189555361306,51.397337694990995,22011.743618297318,1894.734211893412
2025-03-21,2025,3,ZIMA,16.758071625249674,51.397337694990995,21526.327463500405,1892.2667306452522
2025-03-21,2025,3,ZIMA,16.82095369513804,51.397337694990995,21917.838888268398,1901.5323493512315
2025-03-21,2025,3,ZIMA,16.883835765026408,51.397337694990995,23141.813969987867,1898.6730654949706
2025-03-21,2025,3,ZIMA,16.50654334569621,51.460219764879355,22893.45769279786,1920.7829067376815
2025-03-21,2025,3,ZIMA,16.569425415584575,51.460219764879355,19716.31393058781,1921.4768662193455
2025-03-21,2025,3,ZIMA,16.63230748547294,51.460219764879355,17071.8027149548,1912.6500537104137
2025-03-21,2025,3,ZIMA,16.695189555361306,51.460219764879355,15239.77237467097,1903.1697226605077
2025-03-21,2025,3,ZIMA,16.758071625249674,51.460219764879355,14530.849373111263,1913.072701370508
2025-03-21,2025,3,ZIMA,16.82095369513804,51.460219764879355,15104.010293889842,1917.2751131106907
2025-03-21,2025,3,ZIMA,16.883835765026408,51.460219764879355,16828.76597452618,1912.5181980016796
2025-03-21,2025,3,ZIMA,16.94671783491477,51.460219764879355,19400.371066697204,1912.5181426684583
2025-03-21,2025,3,ZIMA,16.569425415584575,51.523101834767715,15301.68665403856,1900.3375327835877
2025-03-21,2025,3,ZIMA,16.63230748547294,51.523101834767715,11704.21495360459,1900.4878339914294
2025-03-21,2025,3,ZIMA,16.695189555361306,51.523101834767715,8824.632590220755,1912.298987449781
2025-03-21,2025,3,ZIMA,16.758071625249674,51.523101834767715,7536.449086905077,1912.8052170514916
2025-03-21,2025,3,ZIMA,16.82095369513804,51.523101834767715,8588.379572902862,1910.6316421754348
2025-03-21,2025,3,ZIMA,16.883835765026408,51.523101834767715,11347.284986303634,1910.9621233861303
2025-03-21,2025,3,ZIMA,16.569425415584575,51.58598390465609,13320.766114112523,1900.337499255612
2025-03-21,2025,3,ZIMA,16.63230748547294,51.58598390465609,8967.924442985723,1900.3375264809576
2025-03-21,2025,3,ZIMA,16.695189555361306,51.58598390465609,4624.987608416649,1918.314940832579
2025-03-21,2025,3,ZIMA,16.758071625249674,51.58598390465609,585.9861535216232,1918.3149447225628
2025-03-21,2025,3,ZIMA,16.82095369513804,51.58598390465609,4157.197109471163,1908.6199009233396
2025-03-21,2025,3,ZIMA,16.883835765026408,51.58598390465609,8497.483551007717,1918.6473752206318
2025-03-21,2025,3,ZIMA,16.94671783491477,51.58598390465609,12849.830905044275,1921.8323823051853
2025-03-21,2025,3,ZIMA,17.00959990480314,51.58598390465609,17205.08651079686,1926.6224904260825
2025-03-21,2025,3,ZIMA,16.94671783491477,51.64886597454445,14364.251099378747,1921.8324163379891
2025-03-21,2025,3,ZIMA,17.00959990480314,51.64886597454445,18358.86118379751,1926.6225686460605
2025-03-21,2025,3,ZIMA,17.072481974691506,51.64886597454445,22487.71305164599,1926.8717337477358
2025-03-21,2025,3,ZIMA,17.00959990480314,51.711748044432824,21816.94789432834,1925.4271974755964
2025-03-21,2025,3,ZIMA,16.695189555361306,51.774630114321184,20960.144775794797,1910.8019270256018
2025-03-22,2025,3,ZIMA,16.63230748547294,51.40083947049044,22960.126954864292,1893.2229443970077
2025-03-22,2025,3,ZIMA,16.695189555361306,51.40083947049044,21630.877526090502,1917.9730620261876
2025-03-22,2025,3,ZIMA,16.758071625249674,51.40083947049044,21136.75458536362,1918.3172607514944
2025-03-22,2025,3,ZIMA,16.82095369513804,51.40083947049044,21535.319411315104,1905.178880203318
2025-03-22,2025,3,ZIMA,16.883835765026408,51.40083947049044,22779.76429883193,1904.4223307699467
2025-03-22,2025,3,ZIMA,16.94671783491477,51.40083947049044,24742.786875447207,1905.5976709045872
2025-03-22,2025,3,ZIMA,16.50654334569621,51.4637215403788,22647.677207307275,1893.0236356342873
2025-03-22,2025,3,ZIMA,16.569425415584575,51.4637215403788,19430.65279204185,1894.2895738345128
2025-03-22,2025,3,ZIMA,16.63230748547294,51.4637215403788,16741.299838130057,1897.0891672957225
2025-03-22,2025,3,ZIMA,16.695189555361306,51.4637215403788,14868.754552299932,1913.5254650391919
2025-03-22,2025,3,ZIMA,16.758071625249674,51.4637215403788,14141.30117215584,1914.6610234930395
2025-03-22,2025,3,ZIMA,16.82095369513804,51.4637215403788,14729.58390777345,1903.5999096807748
2025-03-22,2025,3,ZIMA,16.883835765026408,51.4637215403788,16493.412824227664,1904.184672025077
2025-03-22,2025,3,ZIMA,16.94671783491477,51.4637215403788,19110.01244296825,1904.2883031142687
2025-03-22,2025,3,ZIMA,16.44366127580784,51.52660361026717,23169.106036063244,1886.48774198494
2025-03-22,2025,3,ZIMA,16.50654334569621,51.52660361026717,19068.06706619102,1887.290210765362
2025-03-22,2025,3,ZIMA,16.569425415584575,51.52660361026717,15113.246403111087,1897.9733132982883
2025-03-22,2025,3,ZIMA,16.63230748547294,51.52660361026717,11457.080573087394,1915.1184118523233
2025-03-22,2025,3,ZIMA,16.695189555361306,51.52660361026717,8494.393021157723,1915.9470135660413
2025-03-22,2025,3,ZIMA,16.758071625249674,51.52660361026717,7147.044934713422,1903.397194539977
2025-03-22,2025,3,ZIMA,16.82095369513804,51.52660361026717,8248.706015929743,1899.950890152966
2025-03-22,2025,3,ZIMA,16.883835765026408,51.52660361026717,11092.229452792053,1916.0516763583428
2025-03-22,2025,3,ZIMA,16.44366127580784,51.58948568015553,22025.784156618203,1888.2798106752664
2025-03-22,2025,3,ZIMA,16.50654334569621,51.58948568015553,17667.982445882684,1884.4329411675537
2025-03-22,2025,3,ZIMA,16.569425415584575,51.58948568015553,13310.256590039357,1909.7326399738868
2025-03-22,2025,3,ZIMA,16.63230748547294,51.58948568015553,8952.722932547227,1913.3969075717287
2025-03-22,2025,3,ZIMA,16.695189555361306,51.58948568015553,4595.935998082942,1909.7172408247877
2025-03-22,2025,3,ZIMA,16.758071625249674,51.58948568015553,277.69329068147516,1902.2402594186174
2025-03-22,2025,3,ZIMA,16.82095369513804,51.58948568015553,4124.890416239718,1901.294060727586
2025-03-22,2025,3,ZIMA,16.883835765026408,51.58948568015553,8481.476135674528,1919.2115467766798
2025-03-22,2025,3,ZIMA,16.94671783491477,51.58948568015553,12838.97279331703,1919.2115561356698
2025-03-22,2025,3,ZIMA,17.00959990480314,51.58948568015553,17196.685933022323,1908.619266311506
2025-03-22,2025,3,ZIMA,17.072481974691506,51.58948568015553,21554.48200986264,1908.6192736162898
2025-03-22,2025,3,ZIMA,16.44366127580784,51.65236775004391,23051.204701326566,1895.297962518276
2025-03-22,2025,3,ZIMA,16.50654334569621,51.65236775004391,18937.248299133444,1900.575798049512
2025-03-22,2025,3,ZIMA,16.569425415584575,51.65236775004391,14960.319349349504,1919.232361759424
2025-03-22,2025,3,ZIMA,16.63230748547294,51.65236775004391,11266.476722222027,1919.2867183727792
2025-03-22,2025,3,ZIMA,16.695189555361306,51.65236775004391,8245.392510962301,1900.736692475392
2025-03-22,2025,3,ZIMA,16.758071625249674,51.65236775004391,6853.476800724564,1899.2496864610036
2025-03-22,2025,3,ZIMA,16.82095369513804,51.65236775004391,7992.764094764516,1917.6033717233547
2025-03-22,2025,3,ZIMA,16.883835765026408,51.65236775004391,10896.285673413891,1916.697061368529
2025-03-22,2025,3,ZIMA,16.94671783491477,51.65236775004391,14543.193254773298,1910.7507573830821
2025-03-22,2025,3,ZIMA,17.00959990480314,51.65236775004391,18498.931613833585,1908.244685477131
2025-03-22,2025,3,ZIMA,17.072481974691506,51.65236775004391,22601.923186798995,1909.3167311645195
2025-03-22,2025,3,ZIMA,16.50654334569621,51.71524981993227,22427.21492914899,1911.4103974998159
2025-03-22,2025,3,ZIMA,16.569425415584575,51.71524981993227,19192.666442319347,1913.8708701613118
2025-03-22,2025,3,ZIMA,16.63230748547294,51.71524981993227,16480.747203902352,1913.383586439613
2025-03-22,2025,3,ZIMA,16.695189555361306,51.71524981993227,14585.943386997042,1903.7163484234893
2025-03-22,2025,3,ZIMA,16.758071625249674,51.71524981993227,13847.833818649817,1903.4543686427203
2025-03-22,2025,3,ZIMA,16.82095369513804,51.71524981993227,14444.83332546964,1919.090342621916
2025-03-22,2025,3,ZIMA,16.883835765026408,51.71524981993227,16230.278648697753,1915.313158871687
2025-03-22,2025,3,ZIMA,16.94671783491477,51.71524981993227,18869.785601048578,1907.887375784023
2025-03-22,2025,3,ZIMA,17.00959990480314,51.71524981993227,22058.870945944283,1908.1294329756593
2025-03-22,2025,3,ZIMA,16.569425415584575,51.77813188982064,24714.534512347887,1909.0544944890269
2025-03-22,2025,3,ZIMA,16.63230748547294,51.77813188982064,22675.958212645324,1900.1527298742453
2025-03-22,2025,3,ZIMA,16.695189555361306,51.77813188982064,21340.465733542747,1904.211907837703
2025-03-22,2025,3,ZIMA,16.758071625249674,51.77813188982064,20843.64027861737,1916.6345832554025
2025-03-22,2025,3,ZIMA,16.82095369513804,51.77813188982064,21244.402207891635,1914.8406982421577
2025-03-22,2025,3,ZIMA,16.883835765026408,51.77813188982064,22494.82981456476,1908.5158618849023
2025-03-22,2025,3,ZIMA,16.94671783491477,51.77813188982064,24464.98800502619,1909.2736050446194
2025-03-25,2025,3,ZIMA,16.880333989526953,51.397337694990995,23053.618918125285,1860.3937957536107
2025-03-25,2025,3,ZIMA,16.94321605941532,51.397337694990995,24952.75932919812,1860.393805940874
2025-03-25,2025,3,ZIMA,16.69168777986186,51.460219764879355,15314.88229812874,1860.6245979926462
2025-03-25,2025,3,ZIMA,16.75456984975022,51.460219764879355,14536.827372313592,1860.6246497497973
2025-03-25,2025,3,ZIMA,16.817451919638586,51.460219764879355,15039.405013666608,1860.6246281038652
2025-03-25,2025,3,ZIMA,16.69168777986186,51.523101834767715,8953.543779319723,1861.3642562213051
2025-03-25,2025,3,ZIMA,16.75456984975022,51.523101834767715,7547.952860866032,1861.3348502829995
2025-03-25,2025,3,ZIMA,16.817451919638586,51.523101834767715,8474.403525390493,1861.1705062854219
2025-03-25,2025,3,ZIMA,16.69168777986186,51.58598390465609,4866.124299903999,1856.4997233419028
2025-03-25,2025,3,ZIMA,16.75456984975022,51.58598390465609,718.7967638404122,1857.0368211526597
2025-03-25,2025,3,ZIMA,16.817451919638586,51.58598390465609,3916.658201947574,1858.8384847120801
2025-03-25,2025,3,ZIMA,16.880333989526953,51.58598390465609,8255.288359509394,1858.7110636044547
2025-03-25,2025,3,ZIMA,16.94321605941532,51.58598390465609,12607.353093584305,1860.9522103678323
2025-03-25,2025,3,ZIMA,17.006098129303687,51.58598390465609,16962.512864738612,1863.258146467929
2025-03-25,2025,3,ZIMA,17.068980199192055,51.58598390465609,21318.868699757328,1860.899149832178
2025-03-25,2025,3,ZIMA,16.69168777986186,51.64886597454445,8067.722857320884,1855.2861006015467
2025-03-25,2025,3,ZIMA,16.75456984975022,51.64886597454445,6477.479199931528,1854.6704790612134
2025-03-25,2025,3,ZIMA,16.817451919638586,51.64886597454445,7533.972328492395,1850.6221564562757
2025-03-25,2025,3,ZIMA,16.880333989526953,51.64886597454445,10464.095361558122,1852.3637775425009
2025-03-25,2025,3,ZIMA,16.94321605941532,51.64886597454445,14148.05403405027,1868.1137598905113
2025-03-25,2025,3,ZIMA,17.006098129303687,51.64886597454445,18132.04540415361,1867.674090280324
2025-03-25,2025,3,ZIMA,17.068980199192055,51.64886597454445,22255.51829866007,1858.7140232246788
2025-03-25,2025,3,ZIMA,16.62880570997349,51.711748044432824,16290.35549268716,1861.3386571626932
2025-03-25,2025,3,ZIMA,16.69168777986186,51.711748044432824,14296.724468087103,1860.6711225497727
2025-03-25,2025,3,ZIMA,16.75456984975022,51.711748044432824,13464.692933223812,1860.5765380858727
2025-03-25,2025,3,ZIMA,16.817451919638586,51.711748044432824,14002.873213482273,1851.6693989871517
2025-03-25,2025,3,ZIMA,16.880333989526953,51.711748044432824,15771.617173893384,1859.070265412853
2025-03-25,2025,3,ZIMA,16.94321605941532,51.711748044432824,18419.783190320224,1868.6818232202702
2025-03-25,2025,3,ZIMA,17.006098129303687,51.711748044432824,21626.695560558524,1867.2419868545978
2025-03-25,2025,3,ZIMA,16.62880570997349,51.774630114321184,22416.546678578627,1861.5996969057612
2025-03-25,2025,3,ZIMA,16.69168777986186,51.774630114321184,21014.443227294196,1862.003019964476
2025-03-25,2025,3,ZIMA,16.75456984975022,51.774630114321184,20458.261910258458,1857.3298670649688
2025-03-25,2025,3,ZIMA,16.817451919638586,51.774630114321184,20815.919041644414,1853.5696401382802
2025-03-25,2025,3,ZIMA,16.880333989526953,51.774630114321184,22042.977845090223,1867.9436523794493
2025-03-25,2025,3,ZIMA,16.94321605941532,51.774630114321184,24006.493113978482,1867.7142913808284
2025-03-28,2025,3,ZIMA,16.63230748547294,51.40083947049044,22960.126954864292,1889.5169949385431
2025-03-28,2025,3,ZIMA,16.695189555361306,51.40083947049044,21630.877526090502,1885.6336863228419
2025-03-28,2025,3,ZIMA,16.758071625249674,51.40083947049044,21136.75458536362,1884.863423013962
2025-03-28,2025,3,ZIMA,16.82095369513804,51.40083947049044,21535.319411315104,1881.2495646519303
2025-03-28,2025,3,ZIMA,16.883835765026408,51.40083947049044,22779.76429883193,1880.5455061712921
2025-03-28,2025,3,ZIMA,16.94671783491477,51.40083947049044,24742.786875447207,1881.803836594004
2025-03-28,2025,3,ZIMA,16.50654334569621,51.4637215403788,22647.677207307275,1884.053936786212
2025-03-28,2025,3,ZIMA,16.569425415584575,51.4637215403788,19430.65279204185,1888.5707856917975
2025-03-28,2025,3,ZIMA,16.63230748547294,51.4637215403788,16741.299838130057,1889.7303375601027
2025-03-28,2025,3,ZIMA,16.695189555361306,51.4637215403788,14868.754552299932,1890.4912736839556
2025-03-28,2025,3,ZIMA,16.758071625249674,51.4637215403788,14141.30117215584,1883.5911947616191
2025-03-28,2025,3,ZIMA,16.82095369513804,51.4637215403788,14729.58390777345,1882.3640603831338
2025-03-28,2025,3,ZIMA,16.883835765026408,51.4637215403788,16493.412824227664,1881.7091208297466
2025-03-28,2025,3,ZIMA,16.94671783491477,51.4637215403788,19110.01244296825,1880.5202679553495
2025-03-28,2025,3,ZIMA,16.44366127580784,51.52660361026717,23169.106036063244,1878.9711905432293
2025-03-28,2025,3,ZIMA,16.50654334569621,51.52660361026717,19068.06706619102,1878.1852862586843
2025-03-28,2025,3,ZIMA,16.569425415584575,51.52660361026717,15113.246403111087,1884.9538574218093
2025-03-28,2025,3,ZIMA,16.63230748547294,51.52660361026717,11457.080573087394,1885.3213792059985
2025-03-28,2025,3,ZIMA,16.695189555361306,51.52660361026717,8494.393021157723,1881.8869870253359
2025-03-28,2025,3,ZIMA,16.758071625249674,51.52660361026717,7147.044934713422,1881.555786132747
2025-03-28,2025,3,ZIMA,16.82095369513804,51.52660361026717,8248.706015929743,1881.8197235650698
2025-03-28,2025,3,ZIMA,16.44366127580784,51.58948568015553,22025.784156618203,1881.2333883560532
2025-03-28,2025,3,ZIMA,16.50654334569621,51.58948568015553,17667.982445882684,1873.9266928884401
2025-03-28,2025,3,ZIMA,16.569425415584575,51.58948568015553,13310.256590039357,1875.1700513818776
2025-03-28,2025,3,ZIMA,16.63230748547294,51.58948568015553,8952.722932547227,1880.2035956392826
2025-03-28,2025,3,ZIMA,16.695189555361306,51.58948568015553,4595.935998082942,1882.988008737112
2025-03-28,2025,3,ZIMA,16.758071625249674,51.58948568015553,277.69329068147516,1882.653957551786
2025-03-28,2025,3,ZIMA,16.82095369513804,51.58948568015553,4124.890416239718,1884.915249293674
2025-03-28,2025,3,ZIMA,16.883835765026408,51.58948568015553,8481.476135674528,1895.6060786826047
2025-03-28,2025,3,ZIMA,16.94671783491477,51.58948568015553,12838.97279331703,1895.606083450529
2025-03-28,2025,3,ZIMA,16.44366127580784,51.65236775004391,23051.204701326566,1887.4017147834757
2025-03-28,2025,3,ZIMA,16.50654334569621,51.65236775004391,18937.248299133444,1889.4654100334417
2025-03-28,2025,3,ZIMA,16.569425415584575,51.65236775004391,14960.319349349504,1891.4742285007096
2025-03-28,2025,3,ZIMA,16.63230748547294,51.65236775004391,11266.476722222027,1887.0606195006776
2025-03-28,2025,3,ZIMA,16.695189555361306,51.65236775004391,8245.392510962301,1884.9763117234643
2025-03-28,2025,3,ZIMA,16.758071625249674,51.65236775004391,6853.476800724564,1884.342693336203
2025-03-28,2025,3,ZIMA,16.82095369513804,51.65236775004391,7992.764094764516,1894.198709282648
2025-03-28,2025,3,ZIMA,16.883835765026408,51.65236775004391,10896.285673413891,1891.0746736455344
2025-03-28,2025,3,ZIMA,16.94671783491477,51.65236775004391,14543.193254773298,1892.9903732022892
2025-03-28,2025,3,ZIMA,17.00959990480314,51.65236775004391,18498.931613833585,1911.3007356132262
2025-03-28,2025,3,ZIMA,17.072481974691506,51.65236775004391,22601.923186798995,1912.9623484091787
2025-03-28,2025,3,ZIMA,16.50654334569621,51.71524981993227,22427.21492914899,1886.9962979576014
2025-03-28,2025,3,ZIMA,16.569425415584575,51.71524981993227,19192.666442319347,1887.6914724599467
2025-03-28,2025,3,ZIMA,16.63230748547294,51.71524981993227,16480.747203902352,1887.513041089111
2025-03-28,2025,3,ZIMA,16.695189555361306,51.71524981993227,14585.943386997042,1887.2496337891314
2025-03-28,2025,3,ZIMA,16.758071625249674,51.71524981993227,13847.833818649817,1889.0630937583132
2025-03-28,2025,3,ZIMA,16.82095369513804,51.71524981993227,14444.83332546964,1896.1177311529543
2025-03-28,2025,3,ZIMA,16.883835765026408,51.71524981993227,16230.278648697753,1895.7424552681177
2025-03-28,2025,3,ZIMA,16.94671783491477,51.71524981993227,18869.785601048578,1903.8394686190018
2025-03-28,2025,3,ZIMA,17.00959990480314,51.71524981993227,22058.870945944283,1905.6970214843452
2025-03-28,2025,3,ZIMA,16.569425415584575,51.77813188982064,24714.534512347887,1884.9541872822942
2025-03-28,2025,3,ZIMA,16.63230748547294,51.77813188982064,22675.958212645324,1885.2454126355221
2025-03-28,2025,3,ZIMA,16.695189555361306,51.77813188982064,21340.465733542747,1893.5192042490198
2025-03-28,2025,3,ZIMA,16.758071625249674,51.77813188982064,20843.64027861737,1895.964348200846
2025-03-28,2025,3,ZIMA,16.82095369513804,51.77813188982064,21244.402207891635,1895.3330043259432
2025-03-28,2025,3,ZIMA,16.883835765026408,51.77813188982064,22494.82981456476,1904.0232243556088
2025-03-28,2025,3,ZIMA,16.94671783491477,51.77813188982064,24464.98800502619,1904.4384713949883
2025-03-28,2025,3,ZIMA,16.62530393447404,51.397337694990995,23510.777967606296,1889.6099752618925
2025-03-28,2025,3,ZIMA,16.6881860043624,51.397337694990995,22118.575144716113,1889.6099731779648
2025-03-28,2025,3,ZIMA,16.751068074250767,51.397337694990995,21537.155614870117,1889.6099804411924
2025-03-28,2025,3,ZIMA,16.43665772480894,51.64886597454445,23405.085847506445,1907.968627929621
2025-03-28,2025,3,ZIMA,16.499539794697306,51.64886597454445,19256.718613346664,1907.5524771104394
2025-03-28,2025,3,ZIMA,16.562421864585673,51.64886597454445,15224.248201841792,1906.141105257619
2025-03-28,2025,3,ZIMA,16.62530393447404,51.64886597454445,11430.998314790266,1905.4354780720314
2025-03-28,2025,3,ZIMA,16.6881860043624,51.64886597454445,8215.307570873483,1904.272634287908
2025-03-28,2025,3,ZIMA,16.499539794697306,51.711748044432824,22576.666875060946,1896.4621582030625
2025-03-28,2025,3,ZIMA,16.562421864585673,51.711748044432824,19257.59409717721,1896.4621582030588
2025-03-28,2025,3,ZIMA,16.62530393447404,51.711748044432824,16428.17689997969,1896.5877445461604
2025-03-28,2025,3,ZIMA,16.6881860043624,51.711748044432824,14380.407711033136,1897.178171460563
2025-03-28,2025,3,ZIMA,16.562421864585673,51.774630114321184,24654.298163888743,1896.160407580096
2025-03-28,2025,3,ZIMA,16.62530393447404,51.774630114321184,22516.763111141812,1895.5539337171963
2025-03-28,2025,3,ZIMA,16.6881860043624,51.774630114321184,21071.38559416809,1894.641347308715
2025-06-12,2025,6,LATO,16.614798607975686,51.40083947049044,23461.876059032897,1865.567963305984
2025-06-12,2025,6,LATO,16.677680677864046,51.40083947049044,21921.845774254853,1867.8266601561888
2025-06-12,2025,6,LATO,16.74056274775242,51.40083947049044,21185.257504931837,1868.3286089863523
2025-06-12,2025,6,LATO,16.80344481764078,51.40083947049044,21335.48709556919,1867.1897919267412
2025-06-12,2025,6,LATO,16.866326887529155,51.40083947049044,22354.663010638676,1859.518772154029
2025-06-12,2025,6,LATO,16.929208957417515,51.40083947049044,24132.945339994152,1868.2729072140005
2025-06-12,2025,6,LATO,16.489034468198952,51.4637215403788,23609.063782898636,1860.3366583059844
2025-06-12,2025,6,LATO,16.551916538087312,51.4637215403788,20283.385118362596,1858.959346605609
2025-06-12,2025,6,LATO,16.614798607975686,51.4637215403788,17422.15185627962,1857.0268543955112
2025-06-12,2025,6,LATO,16.677680677864046,51.4637215403788,15288.392116050694,1859.9200463495276
2025-06-12,2025,6,LATO,16.74056274775242,51.4637215403788,14213.596375328967,1867.8240767461828
2025-06-12,2025,6,LATO,16.80344481764078,51.4637215403788,14436.253925872035,1868.2924466463514
2025-06-12,2025,6,LATO,16.866326887529155,51.4637215403788,15901.958375980237,1866.1190829184873
2025-06-12,2025,6,LATO,16.929208957417515,51.4637215403788,18314.666201500986,1865.1298888957406
2025-06-12,2025,6,LATO,16.992091027305875,51.4637215403788,21355.786210260703,1867.6061317599995
2025-06-12,2025,6,LATO,17.05497309719425,51.4637215403788,24795.16124864444,1870.085511085664
2025-06-12,2025,6,LATO,16.426152398310577,51.52660361026717,24327.093489808864,1855.3709534950299
2025-06-12,2025,6,LATO,16.489034468198952,51.52660361026717,20199.02608241299,1859.0331897802992
2025-06-12,2025,6,LATO,16.551916538087312,51.52660361026717,16193.490189315507,1859.2008107465176
2025-06-12,2025,6,LATO,16.614798607975686,51.52660361026717,12429.521594084661,1860.218763678116
2025-06-12,2025,6,LATO,16.677680677864046,51.52660361026717,9208.279193544944,1860.3170681051356
2025-06-12,2025,6,LATO,16.74056274775242,51.52660361026717,7288.851416249433,1857.7126698024645
2025-06-12,2025,6,LATO,16.80344481764078,51.52660361026717,7713.474629872748,1879.043223867318
2025-06-12,2025,6,LATO,16.866326887529155,51.52660361026717,10193.305457067432,1872.3585752867007
2025-06-12,2025,6,LATO,16.929208957417515,51.52660361026717,13650.817531679393,1866.0692139283535
2025-06-12,2025,6,LATO,16.992091027305875,51.52660361026717,17516.325131595124,1864.4722860971413
2025-06-12,2025,6,LATO,17.05497309719425,51.52660361026717,21571.598166640877,1862.6253127589262
2025-06-12,2025,6,LATO,16.426152398310577,51.58948568015553,23239.17742155401,1855.2622540589682
2025-06-12,2025,6,LATO,16.489034468198952,51.58948568015553,18881.363095119337,1855.7505276286718
2025-06-12,2025,6,LATO,16.551916538087312,51.58948568015553,14523.609586482577,1857.4399796946723
2025-06-12,2025,6,LATO,16.614798607975686,51.58948568015553,10166.000401523504,1859.1782749050356
2025-06-12,2025,6,LATO,16.677680677864046,51.58948568015553,5808.867198410206,1859.6297834145353
2025-06-12,2025,6,LATO,16.74056274775242,51.58948568015553,1456.5056795966475,1861.7179813813325
2025-06-12,2025,6,LATO,16.80344481764078,51.58948568015553,2912.5589340426127,1880.6802774471648
2025-06-12,2025,6,LATO,16.866326887529155,51.58948568015553,7268.267033888717,1883.27531082556
2025-06-12,2025,6,LATO,16.929208957417515,51.58948568015553,11625.639526185509,1873.3395821595573
2025-06-12,2025,6,LATO,16.992091027305875,51.58948568015553,15983.313323809196,1866.9008184962158
2025-06-12,2025,6,LATO,17.05497309719425,51.58948568015553,20341.092594536985,1864.6914953782227
2025-06-12,2025,6,LATO,17.11785516708261,51.58948568015553,24698.91914071422,1862.979324913876
2025-06-12,2025,6,LATO,16.426152398310577,51.65236775004391,24211.69931278745,1860.649412259389
2025-06-12,2025,6,LATO,16.489034468198952,51.65236775004391,20072.528275770994,1855.0951813816428
2025-06-12,2025,6,LATO,16.551916538087312,51.65236775004391,16047.953486807288,1855.129430347448
2025-06-12,2025,6,LATO,16.614798607975686,51.65236775004391,12251.439160938848,1855.3631383532902
2025-06-12,2025,6,LATO,16.677680677864046,51.65236775004391,8977.156866042955,1855.5577816887705
2025-06-12,2025,6,LATO,16.74056274775242,51.65236775004391,7000.8287602165365,1875.1828594986596
2025-06-12,2025,6,LATO,16.80344481764078,51.65236775004391,7440.7240432757335,1874.6288290371215
2025-06-12,2025,6,LATO,16.866326887529155,51.65236775004391,9982.370540258755,1873.7677964616553
2025-06-12,2025,6,LATO,16.929208957417515,51.65236775004391,13485.612600907245,1874.9311010625488
2025-06-12,2025,6,LATO,16.992091027305875,51.65236775004391,17378.330580821977,1879.5350807698685
2025-06-12,2025,6,LATO,17.05497309719425,51.65236775004391,21449.51032645465,1883.2818981670814
2025-06-12,2025,6,LATO,16.489034468198952,51.71524981993227,23392.42763750961,1860.9932430990027
2025-06-12,2025,6,LATO,16.551916538087312,51.71524981993227,20050.86996583991,1857.4025508555046
2025-06-12,2025,6,LATO,16.614798607975686,51.71524981993227,17168.20275811432,1855.120383597815
2025-06-12,2025,6,LATO,16.677680677864046,51.71524981993227,15011.166602358962,1855.2707139684294
2025-06-12,2025,6,LATO,16.74056274775242,51.71524981993227,13921.247619234951,1875.182886353462
2025-06-12,2025,6,LATO,16.80344481764078,51.71524981993227,14147.265106642424,1875.1828616140713
2025-06-12,2025,6,LATO,16.866326887529155,51.71524981993227,15632.244799391508,1875.1827260878856
2025-06-12,2025,6,LATO,16.929208957417515,51.71524981993227,18068.40211024761,1873.8732511194544
2025-06-12,2025,6,LATO,16.992091027305875,51.71524981993227,21129.253707015116,1873.3598636483832
2025-06-12,2025,6,LATO,16.614798607975686,51.77813188982064,23179.713805871586,1862.625331024074
2025-06-12,2025,6,LATO,16.929208957417515,51.77813188982064,23853.198376497356,1875.1828737531205
2025-06-12,2025,6,LATO,16.611296832476228,51.397337694990995,23918.645184141587,1902.1026766394648
2025-06-12,2025,6,LATO,16.674178902364588,51.397337694990995,22362.464810076908,1906.662963867125
2025-06-12,2025,6,LATO,16.737060972252976,51.397337694990995,21591.690832879205,1906.6629638671209
2025-06-12,2025,6,LATO,16.799943042141336,51.397337694990995,21690.2137014598,1906.662963867224
2025-06-12,2025,6,LATO,16.862825112029697,51.397337694990995,22646.69100688218,1891.5563964843452
2025-06-12,2025,6,LATO,16.925707181918057,51.397337694990995,24360.27315534031,1891.5563964844112
2025-06-12,2025,6,LATO,16.485532692699508,51.460219764879355,24038.169538358412,1897.7115409060816
2025-06-12,2025,6,LATO,16.548414762587868,51.460219764879355,20729.90718145822,1897.7120707040733
2025-06-12,2025,6,LATO,16.611296832476228,51.460219764879355,17880.583453753687,1903.0930339707413
2025-06-12,2025,6,LATO,16.674178902364588,51.460219764879355,15741.419416381,1903.0575912872046
2025-06-12,2025,6,LATO,16.737060972252976,51.460219764879355,14627.373441799897,1902.9867059203505
2025-06-12,2025,6,LATO,16.799943042141336,51.460219764879355,14772.21913775697,1900.9093659540329
2025-06-12,2025,6,LATO,16.862825112029697,51.460219764879355,16142.103890424161,1883.7461592585282
2025-06-12,2025,6,LATO,16.925707181918057,51.460219764879355,18466.384295238193,1883.7883640731807
2025-06-12,2025,6,LATO,16.988589251806417,51.460219764879355,21436.837090162604,1883.6466986408507
2025-06-12,2025,6,LATO,17.051471321694805,51.460219764879355,24822.557353302105,1864.373884866168
2025-06-12,2025,6,LATO,16.42265062281112,51.523101834767715,24676.334411369953,1896.2081480269214
2025-06-12,2025,6,LATO,16.485532692699508,51.523101834767715,20566.533222157905,1896.3059653924572
2025-06-12,2025,6,LATO,16.548414762587868,51.523101834767715,16585.57516115953,1896.3548732924357
2025-06-12,2025,6,LATO,16.611296832476228,51.523101834767715,12853.740550323688,1902.7885010164332
2025-06-12,2025,6,LATO,16.674178902364588,51.523101834767715,9664.078931179667,1902.8520609895052
2025-06-12,2025,6,LATO,16.737060972252976,51.523101834767715,7720.664784772775,1903.0265000922232
2025-06-12,2025,6,LATO,16.799943042141336,51.523101834767715,7991.321238525667,1887.3962725084891
2025-06-12,2025,6,LATO,16.862825112029697,51.523101834767715,10303.014807201598,1875.1315975435566
2025-06-12,2025,6,LATO,16.925707181918057,51.523101834767715,13655.822493822387,1875.0804723871643
2025-06-12,2025,6,LATO,16.988589251806417,51.523101834767715,17459.933369514594,1874.8618653082947
2025-06-12,2025,6,LATO,16.42265062281112,51.58598390465609,23488.42755758784,1893.4019235159183
2025-06-12,2025,6,LATO,16.485532692699508,51.58598390465609,19131.734753019387,1893.3136477074906
2025-06-12,2025,6,LATO,16.548414762587868,51.58598390465609,14775.861788027069,1893.2695098033112
2025-06-12,2025,6,LATO,16.611296832476228,51.58598390465609,10421.8419252194,1894.5070464541925
2025-06-12,2025,6,LATO,16.674178902364588,51.58598390465609,6073.6684473133355,1894.56866055359
2025-06-12,2025,6,LATO,16.737060972252976,51.58598390465609,1774.8584868213236,1894.6919028867164
2025-06-12,2025,6,LATO,16.799943042141336,51.58598390465609,2719.712553001884,1881.850490523908
2025-06-12,2025,6,LATO,16.862825112029697,51.58598390465609,7044.82694867206,1878.8902587890336
2025-06-12,2025,6,LATO,16.925707181918057,51.58598390465609,11395.10169031357,1878.8902587890987
2025-06-12,2025,6,LATO,16.988589251806417,51.58598390465609,15749.699818762218,1878.890293869701
2025-06-12,2025,6,LATO,16.42265062281112,51.64886597454445,24338.97944000566,1892.940785631654
2025-06-12,2025,6,LATO,16.485532692699508,51.64886597454445,20173.23421265138,1893.0469032217309
2025-06-12,2025,6,LATO,16.548414762587868,51.64886597454445,16107.953383748198,1887.9058030863077
2025-06-12,2025,6,LATO,16.611296832476228,51.64886597454445,12243.626482151323,1879.2676352298415
2025-06-12,2025,6,LATO,16.674178902364588,51.64886597454445,8847.607758318938,1879.3462476849038
2025-06-12,2025,6,LATO,16.737060972252976,51.64886597454445,6677.390119064138,1879.8498263581575
2025-06-12,2025,6,LATO,16.485532692699508,51.711748044432824,23362.235077791953,1892.2418260425682
2025-06-12,2025,6,LATO,16.548414762587868,51.711748044432824,19962.59036828338,1884.1648745915163
2025-06-12,2025,6,LATO,16.611296832476228,51.711748044432824,17002.85277253168,1877.4013621626743
2025-06-12,2025,6,LATO,16.674178902364588,51.711748044432824,14750.256086804378,1877.4013778161097
2025-06-12,2025,6,LATO,16.737060972252976,51.711748044432824,13561.862643551867,1877.4013696107752
2025-06-13,2025,6,LATO,16.611296832476228,51.397337694990995,23918.645184141587,1889.6557668609646
2025-06-13,2025,6,LATO,16.42265062281112,51.523101834767715,24676.334411369953,1892.5155025734514
2025-06-13,2025,6,LATO,16.42265062281112,51.58598390465609,23488.42755758784,1891.065464104011
2025-06-14,2025,6,LATO,16.614798607975686,51.397337694990995,23813.608073704934,1891.021620739432
2025-06-14,2025,6,LATO,16.677680677864046,51.397337694990995,22297.764124350146,1891.987480190353
2025-06-14,2025,6,LATO,16.74056274775242,51.397337694990995,21573.95819268799,1894.4319347559078
2025-06-14,2025,6,LATO,16.80344481764078,51.397337694990995,21721.510866786535,1894.1007151202257
2025-06-14,2025,6,LATO,16.866326887529155,51.397337694990995,22723.454514856738,1882.103335389221
2025-06-14,2025,6,LATO,16.929208957417515,51.397337694990995,24475.085109585685,1888.8286688147225
2025-06-14,2025,6,LATO,16.489034468198952,51.460219764879355,23845.008232145603,1895.6173473744248
2025-06-14,2025,6,LATO,16.551916538087312,51.460219764879355,20557.26317336872,1894.0639179362408
2025-06-14,2025,6,LATO,16.614798607975686,51.460219764879355,17740.02485160034,1897.7722332241246
2025-06-14,2025,6,LATO,16.677680677864046,51.460219764879355,15649.495259100015,1896.7328116835886
2025-06-14,2025,6,LATO,16.74056274775242,51.460219764879355,14601.221303591914,1897.5775981336647
2025-06-14,2025,6,LATO,16.80344481764078,51.460219764879355,14818.071988076592,1884.1062495078866
2025-06-14,2025,6,LATO,16.866326887529155,51.460219764879355,16249.477297498555,1882.416985484408
2025-06-14,2025,6,LATO,16.929208957417515,51.460219764879355,18617.372092933372,1896.3112077380154
2025-06-14,2025,6,LATO,16.992091027305875,51.460219764879355,21616.16010682343,1896.4409391224576
2025-06-14,2025,6,LATO,16.426152398310577,51.523101834767715,24445.17845883048,1892.3498661202884
2025-06-14,2025,6,LATO,16.489034468198952,51.523101834767715,20340.743005335,1900.06106960596
2025-06-14,2025,6,LATO,16.551916538087312,51.523101834767715,16369.578958925387,1898.2824787840511
2025-06-14,2025,6,LATO,16.614798607975686,51.523101834767715,12657.754103499872,1895.543497759969
2025-06-14,2025,6,LATO,16.677680677864046,51.523101834767715,9513.821540943849,1897.3019186703439
2025-06-14,2025,6,LATO,16.74056274775242,51.523101834767715,7671.070689869811,1896.3686249301297
2025-06-14,2025,6,LATO,16.80344481764078,51.523101834767715,8075.651649937705,1885.601126997786
2025-06-14,2025,6,LATO,16.866326887529155,51.523101834767715,10470.211718879696,1885.4597006922043
2025-06-14,2025,6,LATO,16.929208957417515,51.523101834767715,13859.040087329411,1879.7155270173953
2025-06-14,2025,6,LATO,16.992091027305875,51.523101834767715,17679.33982619234,1878.9562261439992
2025-06-14,2025,6,LATO,17.05497309719425,51.523101834767715,21704.456153907067,1877.6322472921108
2025-06-14,2025,6,LATO,16.426152398310577,51.58598390465609,23245.79847840675,1900.2127036106672
2025-06-14,2025,6,LATO,16.489034468198952,51.58598390465609,18889.13814833376,1902.1696312887957
2025-06-14,2025,6,LATO,16.551916538087312,51.58598390465609,14533.331045684508,1897.8167846896154
2025-06-14,2025,6,LATO,16.614798607975686,51.58598390465609,10179.47780848882,1894.1500593472838
2025-06-14,2025,6,LATO,16.677680677864046,51.58598390465609,5831.962883563788,1899.4159746953267
2025-06-14,2025,6,LATO,16.74056274775242,51.58598390465609,1545.2607631434475,1895.8928192996973
2025-06-14,2025,6,LATO,16.80344481764078,51.58598390465609,2958.024763175277,1887.62847187259
2025-06-14,2025,6,LATO,16.866326887529155,51.58598390465609,7286.839225247103,1887.527880333513
2025-06-14,2025,6,LATO,16.929208957417515,51.58598390465609,11637.531703255183,1886.11333109151
2025-06-14,2025,6,LATO,16.992091027305875,51.58598390465609,15992.254510128687,1886.7985468646464
2025-06-14,2025,6,LATO,17.05497309719425,51.58598390465609,20348.4180571115,1891.7914065776747
2025-06-14,2025,6,LATO,17.11785516708261,51.58598390465609,24705.257869537152,1911.924092886647
2025-06-14,2025,6,LATO,16.426152398310577,51.64886597454445,24105.23793976072,1904.380748527172
2025-06-14,2025,6,LATO,16.489034468198952,51.64886597454445,19943.63009478907,1901.537262911194
2025-06-14,2025,6,LATO,16.551916538087312,51.64886597454445,15886.081924716762,1898.4100341797568
2025-06-14,2025,6,LATO,16.614798607975686,51.64886597454445,12038.283355681328,1902.2951431831025
2025-06-14,2025,6,LATO,16.677680677864046,51.64886597454445,8683.69074994786,1902.9755851817044
2025-06-14,2025,6,LATO,16.74056274775242,51.64886597454445,6620.143809888704,1880.762457744082
2025-06-14,2025,6,LATO,16.80344481764078,51.64886597454445,7083.753610177349,1884.2806056555792
2025-06-14,2025,6,LATO,16.866326887529155,51.64886597454445,9719.379257419387,1889.3981933593457
2025-06-14,2025,6,LATO,16.929208957417515,51.64886597454445,13292.35500008308,1893.4372791933235
2025-06-14,2025,6,LATO,16.992091027305875,51.64886597454445,17229.062329563643,1894.9413329465783
2025-06-14,2025,6,LATO,17.05497309719425,51.64886597454445,21329.038621440097,1909.3742721082126
2025-06-14,2025,6,LATO,16.489034468198952,51.711748044432824,23164.537143974856,1898.2240547197152
2025-06-14,2025,6,LATO,16.551916538087312,51.711748044432824,19784.24325381317,1898.2346528130772
2025-06-14,2025,6,LATO,16.614798607975686,51.711748044432824,16855.793913467194,1901.549855125417
2025-06-14,2025,6,LATO,16.677680677864046,51.711748044432824,14652.657108918882,1901.7862352568711
2025-06-14,2025,6,LATO,16.74056274775242,51.711748044432824,13533.807197637847,1885.335819325702
2025-06-14,2025,6,LATO,16.80344481764078,51.711748044432824,13766.20506055445,1885.3195642798978
2025-06-14,2025,6,LATO,16.866326887529155,51.711748044432824,15288.354581972251,1885.8581015652617
2025-06-14,2025,6,LATO,16.929208957417515,51.711748044432824,17771.89379757152,1895.7178470744198
2025-06-14,2025,6,LATO,16.992091027305875,51.711748044432824,20876.486494360677,1895.106509862455
2025-06-14,2025,6,LATO,17.05497309719425,51.711748044432824,24365.88064045875,1908.0873884075688
2025-06-14,2025,6,LATO,16.614798607975686,51.774630114321184,22830.191850846997,1890.408964384912
2025-06-14,2025,6,LATO,16.677680677864046,51.774630114321184,21257.858795324755,1888.511753075877
2025-06-14,2025,6,LATO,16.74056274775242,51.774630114321184,20503.75270406401,1886.5856197531473
2025-06-14,2025,6,LATO,16.80344481764078,51.774630114321184,20657.67515407771,1879.7191811370576
2025-06-14,2025,6,LATO,16.866326887529155,51.774630114321184,21700.312866428067,1881.3934802143692
2025-06-14,2025,6,LATO,16.929208957417515,51.774630114321184,23513.741779763972,1889.815762444425
2025-06-15,2025,6,LATO,16.614798607975686,51.40083947049044,23461.876059032897,1889.2844877725668
2025-06-15,2025,6,LATO,16.677680677864046,51.40083947049044,21921.845774254853,1891.9442313860677
2025-06-15,2025,6,LATO,16.74056274775242,51.40083947049044,21185.257504931837,1891.8737950790007
2025-06-15,2025,6,LATO,16.80344481764078,51.40083947049044,21335.48709556919,1909.8510452736866
2025-06-15,2025,6,LATO,16.866326887529155,51.40083947049044,22354.663010638676,1909.5213165869413
2025-06-15,2025,6,LATO,16.929208957417515,51.40083947049044,24132.945339994152,1895.1567518364686
2025-06-15,2025,6,LATO,16.489034468198952,51.4637215403788,23609.063782898636,1893.5054775217113
2025-06-15,2025,6,LATO,16.551916538087312,51.4637215403788,20283.385118362596,1884.4879954826445
2025-06-15,2025,6,LATO,16.614798607975686,51.4637215403788,17422.15185627962,1895.2157017659456
2025-06-15,2025,6,LATO,16.677680677864046,51.4637215403788,15288.392116050694,1901.753266650209
2025-06-15,2025,6,LATO,16.74056274775242,51.4637215403788,14213.596375328967,1902.8136380681042
2025-06-15,2025,6,LATO,16.80344481764078,51.4637215403788,14436.253925872035,1910.5472412109077
2025-06-15,2025,6,LATO,16.866326887529155,51.4637215403788,15901.958375980237,1902.8474457657137
2025-06-15,2025,6,LATO,16.929208957417515,51.4637215403788,18314.666201500986,1895.2562552316667
2025-06-15,2025,6,LATO,16.992091027305875,51.4637215403788,21355.786210260703,1896.1128251299358
2025-06-15,2025,6,LATO,17.05497309719425,51.4637215403788,24795.16124864444,1897.9723807932294
2025-06-15,2025,6,LATO,16.426152398310577,51.52660361026717,24327.093489808864,1905.358549501989
2025-06-15,2025,6,LATO,16.489034468198952,51.52660361026717,20199.02608241299,1887.6037597655632
2025-06-15,2025,6,LATO,16.551916538087312,51.52660361026717,16193.490189315507,1887.4648496230664
2025-06-15,2025,6,LATO,16.614798607975686,51.52660361026717,12429.521594084661,1892.0458827523794
2025-06-15,2025,6,LATO,16.677680677864046,51.52660361026717,9208.279193544944,1892.5702901534366
2025-06-15,2025,6,LATO,16.74056274775242,51.52660361026717,7288.851416249433,1902.6404405400083
2025-06-15,2025,6,LATO,16.80344481764078,51.52660361026717,7713.474629872748,1895.6724025662318
2025-06-15,2025,6,LATO,16.866326887529155,51.52660361026717,10193.305457067432,1884.376631925952
2025-06-15,2025,6,LATO,16.929208957417515,51.52660361026717,13650.817531679393,1888.436617984367
2025-06-15,2025,6,LATO,16.992091027305875,51.52660361026717,17516.325131595124,1890.1114566575375
2025-06-15,2025,6,LATO,17.05497309719425,51.52660361026717,21571.598166640877,1886.1695094469553
2025-06-15,2025,6,LATO,16.426152398310577,51.58948568015553,23239.17742155401,1893.8589320953572
2025-06-15,2025,6,LATO,16.489034468198952,51.58948568015553,18881.363095119337,1882.82636555923
2025-06-15,2025,6,LATO,16.551916538087312,51.58948568015553,14523.609586482577,1887.2621944849543
2025-06-15,2025,6,LATO,16.614798607975686,51.58948568015553,10166.000401523504,1891.0205274464308
2025-06-15,2025,6,LATO,16.677680677864046,51.58948568015553,5808.867198410206,1894.3812271982804
2025-06-15,2025,6,LATO,16.74056274775242,51.58948568015553,1456.5056795966475,1905.6769732927792
2025-06-15,2025,6,LATO,16.80344481764078,51.58948568015553,2912.5589340426127,1887.1398888384142
2025-06-15,2025,6,LATO,16.866326887529155,51.58948568015553,7268.267033888717,1887.2679443359086
2025-06-15,2025,6,LATO,16.929208957417515,51.58948568015553,11625.639526185509,1892.2935240721038
2025-06-15,2025,6,LATO,16.992091027305875,51.58948568015553,15983.313323809196,1893.7775981259163
2025-06-15,2025,6,LATO,17.05497309719425,51.58948568015553,20341.092594536985,1899.9365692513122
2025-06-15,2025,6,LATO,17.11785516708261,51.58948568015553,24698.91914071422,1899.9199276943793
2025-06-15,2025,6,LATO,16.426152398310577,51.65236775004391,24211.69931278745,1882.6023152722241
2025-06-15,2025,6,LATO,16.489034468198952,51.65236775004391,20072.528275770994,1891.4125132059978
2025-06-15,2025,6,LATO,16.551916538087312,51.65236775004391,16047.953486807288,1896.7722167969441
2025-06-15,2025,6,LATO,16.614798607975686,51.65236775004391,12251.439160938848,1898.5544736539
2025-06-15,2025,6,LATO,16.677680677864046,51.65236775004391,8977.156866042955,1903.6343311637697
2025-06-15,2025,6,LATO,16.74056274775242,51.65236775004391,7000.8287602165365,1897.8449954258356
2025-06-15,2025,6,LATO,16.80344481764078,51.65236775004391,7440.7240432757335,1882.1227287774188
2025-06-15,2025,6,LATO,16.866326887529155,51.65236775004391,9982.370540258755,1881.8198741797462
2025-06-15,2025,6,LATO,16.489034468198952,51.71524981993227,23392.42763750961,1893.5471611321113
2025-06-15,2025,6,LATO,16.551916538087312,51.71524981993227,20050.86996583991,1894.779664951296
2025-06-15,2025,6,LATO,16.614798607975686,51.71524981993227,17168.20275811432,1905.9539463844608
2025-06-15,2025,6,LATO,16.677680677864046,51.71524981993227,15011.166602358962,1904.757535401329
2025-06-15,2025,6,LATO,16.74056274775242,51.71524981993227,13921.247619234951,1892.5668741556835
2025-06-15,2025,6,LATO,16.80344481764078,51.71524981993227,14147.265106642424,1885.452577869281
2025-06-15,2025,6,LATO,16.866326887529155,51.71524981993227,15632.244799391508,1890.2946395871465
2025-06-15,2025,6,LATO,16.614798607975686,51.77813188982064,23179.713805871586,1898.8253372304666
2025-06-15,2025,6,LATO,16.677680677864046,51.77813188982064,21632.923911312602,1902.409028954495
2025-06-15,2025,6,LATO,16.74056274775242,51.77813188982064,20892.418416735138,1894.8214210502292
2025-06-15,2025,6,LATO,16.80344481764078,51.77813188982064,21043.486525155,1900.4615616455324
2025-06-15,2025,6,LATO,16.866326887529155,51.77813188982064,22067.825998990276,1901.6130165195225
2025-06-15,2025,6,LATO,16.929208957417515,51.77813188982064,23853.198376497356,1902.4859729233428
2025-06-21,2025,6,LATO,16.80344481764078,51.40083947049044,21335.48709556919,1867.848818145488
2025-06-21,2025,6,LATO,16.866326887529155,51.40083947049044,22354.663010638676,1867.8488772146316
2025-06-21,2025,6,LATO,16.929208957417515,51.40083947049044,24132.945339994152,1875.62999540643
2025-06-21,2025,6,LATO,16.866326887529155,51.4637215403788,15901.958375980237,1865.3549154162451
2025-06-21,2025,6,LATO,16.929208957417515,51.4637215403788,18314.666201500986,1874.6886790663318
2025-06-21,2025,6,LATO,16.992091027305875,51.4637215403788,21355.786210260703,1874.915071329783
2025-06-21,2025,6,LATO,17.05497309719425,51.4637215403788,24795.16124864444,1868.9497158826914
2025-06-21,2025,6,LATO,16.80344481764078,51.52660361026717,7713.474629872748,1865.8521788232679
2025-06-21,2025,6,LATO,16.866326887529155,51.52660361026717,10193.305457067432,1865.8067490791861
2025-06-21,2025,6,LATO,16.929208957417515,51.52660361026717,13650.817531679393,1865.3797528458663
2025-06-21,2025,6,LATO,16.992091027305875,51.52660361026717,17516.325131595124,1864.794033946834
2025-06-21,2025,6,LATO,17.05497309719425,51.52660361026717,21571.598166640877,1864.343030495133
2025-06-21,2025,6,LATO,16.80344481764078,51.58948568015553,2912.5589340426127,1877.9508877224946
2025-06-21,2025,6,LATO,16.866326887529155,51.58948568015553,7268.267033888717,1873.258121243061
2025-06-21,2025,6,LATO,16.929208957417515,51.58948568015553,11625.639526185509,1866.1214580560668
2025-06-21,2025,6,LATO,16.992091027305875,51.58948568015553,15983.313323809196,1869.987784306609
2025-06-21,2025,6,LATO,17.05497309719425,51.58948568015553,20341.092594536985,1866.1557468133021
2025-06-21,2025,6,LATO,17.11785516708261,51.58948568015553,24698.91914071422,1864.0950658067934
2025-06-21,2025,6,LATO,16.74056274775242,51.65236775004391,7000.8287602165365,1875.068848309373
2025-06-21,2025,6,LATO,16.80344481764078,51.65236775004391,7440.7240432757335,1872.3112595986408
2025-06-21,2025,6,LATO,16.866326887529155,51.65236775004391,9982.370540258755,1872.140879577168
2025-06-21,2025,6,LATO,16.929208957417515,51.65236775004391,13485.612600907245,1883.2414405465695
2025-06-21,2025,6,LATO,16.992091027305875,51.65236775004391,17378.330580821977,1883.9928444823865
2025-06-21,2025,6,LATO,17.05497309719425,51.65236775004391,21449.51032645465,1884.5671402860658
2025-06-21,2025,6,LATO,16.74056274775242,51.71524981993227,13921.247619234951,1876.4194997702143
2025-06-21,2025,6,LATO,16.80344481764078,51.71524981993227,14147.265106642424,1875.5395608225474
2025-06-21,2025,6,LATO,16.866326887529155,51.71524981993227,15632.244799391508,1874.7147875103774
2025-06-21,2025,6,LATO,16.929208957417515,51.71524981993227,18068.40211024761,1882.0781580644023
2025-06-21,2025,6,LATO,16.992091027305875,51.71524981993227,21129.253707015116,1882.1445498779367
2025-06-21,2025,6,LATO,17.05497309719425,51.71524981993227,24582.54703872513,1887.875310475768
2025-06-21,2025,6,LATO,16.614798607975686,51.77813188982064,23179.713805871586,1895.4353066568583
2025-06-21,2025,6,LATO,16.677680677864046,51.77813188982064,21632.923911312602,1876.2518402172038
2025-06-21,2025,6,LATO,16.74056274775242,51.77813188982064,20892.418416735138,1865.4151990818768
2025-06-21,2025,6,LATO,16.80344481764078,51.77813188982064,21043.486525155,1875.8529604684861
2025-06-21,2025,6,LATO,16.866326887529155,51.77813188982064,22067.825998990276,1882.9286771719321
2025-06-21,2025,6,LATO,16.929208957417515,51.77813188982064,23853.198376497356,1882.405947154985
2025-06-30,2025,6,LATO,16.614798607975686,51.397337694990995,23813.608073704934,1887.1340590073924
2025-06-30,2025,6,LATO,16.677680677864046,51.397337694990995,22297.764124350146,1887.5398263252582
2025-06-30,2025,6,LATO,16.74056274775242,51.397337694990995,21573.95819268799,1892.5753173827463
2025-06-30,2025,6,LATO,16.80344481764078,51.397337694990995,21721.510866786535,1879.124784344494
2025-06-30,2025,6,LATO,16.866326887529155,51.397337694990995,22723.454514856738,1873.5366977926744
2025-06-30,2025,6,LATO,16.929208957417515,51.397337694990995,24475.085109585685,1884.1257360167092
2025-06-30,2025,6,LATO,16.489034468198952,51.460219764879355,23845.008232145603,1897.3125709376584
2025-06-30,2025,6,LATO,16.551916538087312,51.460219764879355,20557.26317336872,1897.2186301105
2025-06-30,2025,6,LATO,16.614798607975686,51.460219764879355,17740.02485160034,1887.3009625465893
2025-06-30,2025,6,LATO,16.677680677864046,51.460219764879355,15649.495259100015,1888.075360011056
2025-06-30,2025,6,LATO,16.74056274775242,51.460219764879355,14601.221303591914,1889.5083474083567
2025-06-30,2025,6,LATO,16.80344481764078,51.460219764879355,14818.071988076592,1876.333922497897
2025-06-30,2025,6,LATO,16.866326887529155,51.460219764879355,16249.477297498555,1876.2820488506197
2025-06-30,2025,6,LATO,16.929208957417515,51.460219764879355,18617.372092933372,1883.532742458072
2025-06-30,2025,6,LATO,16.992091027305875,51.460219764879355,21616.16010682343,1879.9917914646924
2025-06-30,2025,6,LATO,16.426152398310577,51.523101834767715,24445.17845883048,1894.9325406046225
2025-06-30,2025,6,LATO,16.489034468198952,51.523101834767715,20340.743005335,1896.4001969817368
2025-06-30,2025,6,LATO,16.551916538087312,51.523101834767715,16369.578958925387,1884.113277449839
2025-06-30,2025,6,LATO,16.614798607975686,51.523101834767715,12657.754103499872,1887.7486301052288
2025-06-30,2025,6,LATO,16.677680677864046,51.523101834767715,9513.821540943849,1893.7419644293407
2025-06-30,2025,6,LATO,16.74056274775242,51.523101834767715,7671.070689869811,1884.3986498959064
2025-06-30,2025,6,LATO,16.80344481764078,51.523101834767715,8075.651649937705,1876.335261649447
2025-06-30,2025,6,LATO,16.866326887529155,51.523101834767715,10470.211718879696,1880.456771540825
2025-06-30,2025,6,LATO,16.929208957417515,51.523101834767715,13859.040087329411,1880.4876457728578
2025-06-30,2025,6,LATO,16.992091027305875,51.523101834767715,17679.33982619234,1868.6228943436636
2025-06-30,2025,6,LATO,17.05497309719425,51.523101834767715,21704.456153907067,1875.2987757743515
2025-06-30,2025,6,LATO,16.426152398310577,51.58598390465609,23245.79847840675,1902.7557833261885
2025-06-30,2025,6,LATO,16.489034468198952,51.58598390465609,18889.13814833376,1891.5060352524854
2025-06-30,2025,6,LATO,16.551916538087312,51.58598390465609,14533.331045684508,1877.4186109793911
2025-06-30,2025,6,LATO,16.614798607975686,51.58598390465609,10179.47780848882,1891.8078817868907
2025-06-30,2025,6,LATO,16.677680677864046,51.58598390465609,5831.962883563788,1897.9787176377197
2025-06-30,2025,6,LATO,16.74056274775242,51.58598390465609,1545.2607631434475,1875.4197966423762
2025-06-30,2025,6,LATO,16.80344481764078,51.58598390465609,2958.024763175277,1877.5840070914805
2025-06-30,2025,6,LATO,16.866326887529155,51.58598390465609,7286.839225247103,1884.4210368910094
2025-06-30,2025,6,LATO,16.929208957417515,51.58598390465609,11637.531703255183,1880.3624817978057
2025-06-30,2025,6,LATO,16.992091027305875,51.58598390465609,15992.254510128687,1878.5318603515336
2025-06-30,2025,6,LATO,17.05497309719425,51.58598390465609,20348.4180571115,1895.500571806088
2025-06-30,2025,6,LATO,17.11785516708261,51.58598390465609,24705.257869537152,1898.2650033466243
2025-06-30,2025,6,LATO,16.426152398310577,51.64886597454445,24105.23793976072,1903.507319339947
2025-06-30,2025,6,LATO,16.489034468198952,51.64886597454445,19943.63009478907,1888.8390623657847
2025-06-30,2025,6,LATO,16.551916538087312,51.64886597454445,15886.081924716762,1888.8724365235066
2025-06-30,2025,6,LATO,16.614798607975686,51.64886597454445,12038.283355681328,1891.9243683996176
2025-06-30,2025,6,LATO,16.677680677864046,51.64886597454445,8683.69074994786,1893.0336877719585
2025-06-30,2025,6,LATO,16.74056274775242,51.64886597454445,6620.143809888704,1874.389645786468
2025-06-30,2025,6,LATO,16.80344481764078,51.64886597454445,7083.753610177349,1884.9207505686816
2025-06-30,2025,6,LATO,16.866326887529155,51.64886597454445,9719.379257419387,1885.0268554687211
2025-06-30,2025,6,LATO,16.929208957417515,51.64886597454445,13292.35500008308,1885.7329741813855
2025-06-30,2025,6,LATO,16.992091027305875,51.64886597454445,17229.062329563643,1885.086782228875
2025-06-30,2025,6,LATO,17.05497309719425,51.64886597454445,21329.038621440097,1902.3801778026404
2025-06-30,2025,6,LATO,16.489034468198952,51.711748044432824,23164.537143974856,1887.6947472437257
2025-06-30,2025,6,LATO,16.551916538087312,51.711748044432824,19784.24325381317,1888.1288825182085
2025-06-30,2025,6,LATO,16.614798607975686,51.711748044432824,16855.793913467194,1890.7969140674322
2025-06-30,2025,6,LATO,16.677680677864046,51.711748044432824,14652.657108918882,1887.2197558896323
2025-06-30,2025,6,LATO,16.74056274775242,51.711748044432824,13533.807197637847,1880.4016207900859
2025-06-30,2025,6,LATO,16.80344481764078,51.711748044432824,13766.20506055445,1881.4656007466315
2025-06-30,2025,6,LATO,16.866326887529155,51.711748044432824,15288.354581972251,1882.1351221333439
2025-06-30,2025,6,LATO,16.929208957417515,51.711748044432824,17771.89379757152,1886.6451331256178
2025-06-30,2025,6,LATO,16.992091027305875,51.711748044432824,20876.486494360677,1888.152114674102
2025-06-30,2025,6,LATO,17.05497309719425,51.711748044432824,24365.88064045875,1895.8486355321666
2025-06-30,2025,6,LATO,16.614798607975686,51.774630114321184,22830.191850846997,1887.9620857675645
2025-06-30,2025,6,LATO,16.677680677864046,51.774630114321184,21257.858795324755,1881.9767836475287
2025-06-30,2025,6,LATO,16.74056274775242,51.774630114321184,20503.75270406401,1880.1331196538029
2025-06-30,2025,6,LATO,16.80344481764078,51.774630114321184,20657.67515407771,1882.252448633462
2025-06-30,2025,6,LATO,16.866326887529155,51.774630114321184,21700.312866428067,1885.0527859930069
2025-06-30,2025,6,LATO,16.929208957417515,51.774630114321184,23513.741779763972,1886.5362584230652
2025-07-01,2025,7,LATO,16.614798607975686,51.40083947049044,23461.876059032897,1873.6624319551427
2025-07-01,2025,7,LATO,16.677680677864046,51.40083947049044,21921.845774254853,1875.6911231019183
2025-07-01,2025,7,LATO,16.74056274775242,51.40083947049044,21185.257504931837,1883.2102335396885
2025-07-01,2025,7,LATO,16.80344481764078,51.40083947049044,21335.48709556919,1892.2748581936792
2025-07-01,2025,7,LATO,16.866326887529155,51.40083947049044,22354.663010638676,1886.5740332409246
2025-07-01,2025,7,LATO,16.929208957417515,51.40083947049044,24132.945339994152,1878.9638671875362
2025-07-01,2025,7,LATO,16.489034468198952,51.4637215403788,23609.063782898636,1871.2321737777936
2025-07-01,2025,7,LATO,16.551916538087312,51.4637215403788,20283.385118362596,1870.7650233632894
2025-07-01,2025,7,LATO,16.614798607975686,51.4637215403788,17422.15185627962,1884.7933789793822
2025-07-01,2025,7,LATO,16.677680677864046,51.4637215403788,15288.392116050694,1885.2220616767095
2025-07-01,2025,7,LATO,16.74056274775242,51.4637215403788,14213.596375328967,1896.9476201868524
2025-07-01,2025,7,LATO,16.80344481764078,51.4637215403788,14436.253925872035,1894.4042316271448
2025-07-01,2025,7,LATO,16.866326887529155,51.4637215403788,15901.958375980237,1885.577795503369
2025-07-01,2025,7,LATO,16.929208957417515,51.4637215403788,18314.666201500986,1883.7560223096814
2025-07-01,2025,7,LATO,16.992091027305875,51.4637215403788,21355.786210260703,1886.7536770461516
2025-07-01,2025,7,LATO,17.05497309719425,51.4637215403788,24795.16124864444,1895.9203333097453
2025-07-01,2025,7,LATO,16.426152398310577,51.52660361026717,24327.093489808864,1879.225390209767
2025-07-01,2025,7,LATO,16.489034468198952,51.52660361026717,20199.02608241299,1868.8216769092314
2025-07-01,2025,7,LATO,16.551916538087312,51.52660361026717,16193.490189315507,1870.6354060973529
2025-07-01,2025,7,LATO,16.614798607975686,51.52660361026717,12429.521594084661,1876.0103477614207
2025-07-01,2025,7,LATO,16.677680677864046,51.52660361026717,9208.279193544944,1883.1544765563292
2025-07-01,2025,7,LATO,16.74056274775242,51.52660361026717,7288.851416249433,1898.9440161895607
2025-07-01,2025,7,LATO,16.80344481764078,51.52660361026717,7713.474629872748,1875.35892596745
2025-07-01,2025,7,LATO,16.866326887529155,51.52660361026717,10193.305457067432,1875.475435326896
2025-07-01,2025,7,LATO,16.929208957417515,51.52660361026717,13650.817531679393,1883.6519593864218
2025-07-01,2025,7,LATO,16.992091027305875,51.52660361026717,17516.325131595124,1882.6391601562211
2025-07-01,2025,7,LATO,17.05497309719425,51.52660361026717,21571.598166640877,1881.4615657542306
2025-07-01,2025,7,LATO,16.426152398310577,51.58948568015553,23239.17742155401,1871.35365184538
2025-07-01,2025,7,LATO,16.489034468198952,51.58948568015553,18881.363095119337,1868.5009412156041
2025-07-01,2025,7,LATO,16.551916538087312,51.58948568015553,14523.609586482577,1868.3715939936917
2025-07-01,2025,7,LATO,16.614798607975686,51.58948568015553,10166.000401523504,1871.5927714667455
2025-07-01,2025,7,LATO,16.677680677864046,51.58948568015553,5808.867198410206,1891.5191603522796
2025-07-01,2025,7,LATO,16.74056274775242,51.58948568015553,1456.5056795966475,1897.0810367703716
2025-07-01,2025,7,LATO,16.80344481764078,51.58948568015553,2912.5589340426127,1879.6009770752855
2025-07-01,2025,7,LATO,16.866326887529155,51.58948568015553,7268.267033888717,1877.0344963622758
2025-07-01,2025,7,LATO,16.929208957417515,51.58948568015553,11625.639526185509,1895.6809147636081
2025-07-01,2025,7,LATO,16.992091027305875,51.58948568015553,15983.313323809196,1893.5276282801078
2025-07-01,2025,7,LATO,17.05497309719425,51.58948568015553,20341.092594536985,1885.7868282830416
2025-07-01,2025,7,LATO,17.11785516708261,51.58948568015553,24698.91914071422,1884.4858515348626
2025-07-01,2025,7,LATO,16.426152398310577,51.65236775004391,24211.69931278745,1874.682459429988
2025-07-01,2025,7,LATO,16.489034468198952,51.65236775004391,20072.528275770994,1881.383178299318
2025-07-01,2025,7,LATO,16.551916538087312,51.65236775004391,16047.953486807288,1881.1129736686032
2025-07-01,2025,7,LATO,16.614798607975686,51.65236775004391,12251.439160938848,1898.6767191008125
2025-07-01,2025,7,LATO,16.677680677864046,51.65236775004391,8977.156866042955,1899.7937822934646
2025-07-01,2025,7,LATO,16.74056274775242,51.65236775004391,7000.8287602165365,1877.7022644853068
2025-07-01,2025,7,LATO,16.80344481764078,51.65236775004391,7440.7240432757335,1871.1517626232267
2025-07-01,2025,7,LATO,16.866326887529155,51.65236775004391,9982.370540258755,1890.704134784057
2025-07-01,2025,7,LATO,16.929208957417515,51.65236775004391,13485.612600907245,1899.0065376283683
2025-07-01,2025,7,LATO,16.992091027305875,51.65236775004391,17378.330580821977,1895.4806800224014
2025-07-01,2025,7,LATO,17.05497309719425,51.65236775004391,21449.51032645465,1893.194979401938
2025-07-01,2025,7,LATO,16.489034468198952,51.71524981993227,23392.42763750961,1883.1902862515944
2025-07-01,2025,7,LATO,16.551916538087312,51.71524981993227,20050.86996583991,1883.002534996159
2025-07-01,2025,7,LATO,16.614798607975686,51.71524981993227,17168.20275811432,1897.7703399348122
2025-07-01,2025,7,LATO,16.677680677864046,51.71524981993227,15011.166602358962,1898.923748698652
2025-07-01,2025,7,LATO,16.74056274775242,51.71524981993227,13921.247619234951,1879.9632020982679
2025-07-01,2025,7,LATO,16.80344481764078,51.71524981993227,14147.265106642424,1883.3732258058756
2025-07-01,2025,7,LATO,16.866326887529155,51.71524981993227,15632.244799391508,1894.6690570576554
2025-07-01,2025,7,LATO,16.929208957417515,51.71524981993227,18068.40211024761,1894.9143790994815
2025-07-01,2025,7,LATO,16.992091027305875,51.71524981993227,21129.253707015116,1894.054892126806
2025-07-01,2025,7,LATO,17.05497309719425,51.71524981993227,24582.54703872513,1891.2289194386299
2025-07-01,2025,7,LATO,16.614798607975686,51.77813188982064,23179.713805871586,1894.3672973297732
2025-07-01,2025,7,LATO,16.677680677864046,51.77813188982064,21632.923911312602,1888.4834620976105
2025-07-01,2025,7,LATO,16.74056274775242,51.77813188982064,20892.418416735138,1882.1717831514402
2025-07-01,2025,7,LATO,16.80344481764078,51.77813188982064,21043.486525155,1894.4582106852274
2025-07-01,2025,7,LATO,16.866326887529155,51.77813188982064,22067.825998990276,1894.8605957030957
2025-07-01,2025,7,LATO,16.929208957417515,51.77813188982064,23853.198376497356,1894.713609342126
2025-07-02,2025,7,LATO,16.614798607975686,51.40083947049044,23461.876059032897,1877.1046726032132
2025-07-02,2025,7,LATO,16.677680677864046,51.40083947049044,21921.845774254853,1888.2138315604827
2025-07-02,2025,7,LATO,16.74056274775242,51.40083947049044,21185.257504931837,1890.2414806054776
2025-07-02,2025,7,LATO,16.80344481764078,51.40083947049044,21335.48709556919,1892.9663847613106
2025-07-02,2025,7,LATO,16.866326887529155,51.40083947049044,22354.663010638676,1898.8158880463386
2025-07-02,2025,7,LATO,16.929208957417515,51.40083947049044,24132.945339994152,1899.5073228597562
2025-07-02,2025,7,LATO,16.489034468198952,51.4637215403788,23609.063782898636,1881.221840389698
2025-07-02,2025,7,LATO,16.551916538087312,51.4637215403788,20283.385118362596,1881.3885498047562
2025-07-02,2025,7,LATO,16.614798607975686,51.4637215403788,17422.15185627962,1885.433698365492
2025-07-02,2025,7,LATO,16.677680677864046,51.4637215403788,15288.392116050694,1887.6093257909088
2025-07-02,2025,7,LATO,16.74056274775242,51.4637215403788,14213.596375328967,1888.1139119128673
2025-07-02,2025,7,LATO,16.80344481764078,51.4637215403788,14436.253925872035,1895.3636908110993
2025-07-02,2025,7,LATO,16.866326887529155,51.4637215403788,15901.958375980237,1895.6881103515327
2025-07-02,2025,7,LATO,16.929208957417515,51.4637215403788,18314.666201500986,1897.398467483483
2025-07-02,2025,7,LATO,16.992091027305875,51.4637215403788,21355.786210260703,1883.6900488278786
2025-07-02,2025,7,LATO,17.05497309719425,51.4637215403788,24795.16124864444,1881.3034251043998
2025-07-02,2025,7,LATO,16.426152398310577,51.52660361026717,24327.093489808864,1872.3987506120072
2025-07-02,2025,7,LATO,16.489034468198952,51.52660361026717,20199.02608241299,1874.923574871199
2025-07-02,2025,7,LATO,16.551916538087312,51.52660361026717,16193.490189315507,1879.281878116439
2025-07-02,2025,7,LATO,16.614798607975686,51.52660361026717,12429.521594084661,1888.0607246815462
2025-07-02,2025,7,LATO,16.677680677864046,51.52660361026717,9208.279193544944,1887.7360636401568
2025-07-02,2025,7,LATO,16.74056274775242,51.52660361026717,7288.851416249433,1895.636638189414
2025-07-02,2025,7,LATO,16.80344481764078,51.52660361026717,7713.474629872748,1897.5773749517252
2025-07-02,2025,7,LATO,16.866326887529155,51.52660361026717,10193.305457067432,1895.1048244302135
2025-07-02,2025,7,LATO,16.929208957417515,51.52660361026717,13650.817531679393,1885.7440418254494
2025-07-02,2025,7,LATO,16.992091027305875,51.52660361026717,17516.325131595124,1883.5349467223118
2025-07-02,2025,7,LATO,17.05497309719425,51.52660361026717,21571.598166640877,1878.8278588063963
2025-07-02,2025,7,LATO,16.426152398310577,51.58948568015553,23239.17742155401,1879.5096207022593
2025-07-02,2025,7,LATO,16.489034468198952,51.58948568015553,18881.363095119337,1874.1293288704985
2025-07-02,2025,7,LATO,16.551916538087312,51.58948568015553,14523.609586482577,1875.9583271100962
2025-07-02,2025,7,LATO,16.614798607975686,51.58948568015553,10166.000401523504,1881.556413088609
2025-07-02,2025,7,LATO,16.677680677864046,51.58948568015553,5808.867198410206,1885.7530233006526
2025-07-02,2025,7,LATO,16.74056274775242,51.58948568015553,1456.5056795966475,1901.2756392786216
2025-07-02,2025,7,LATO,16.80344481764078,51.58948568015553,2912.5589340426127,1900.2319296766889
2025-07-02,2025,7,LATO,16.866326887529155,51.58948568015553,7268.267033888717,1899.7168460712642
2025-07-02,2025,7,LATO,16.929208957417515,51.58948568015553,11625.639526185509,1890.5750802780888
2025-07-02,2025,7,LATO,16.992091027305875,51.58948568015553,15983.313323809196,1887.7197347026815
2025-07-02,2025,7,LATO,17.05497309719425,51.58948568015553,20341.092594536985,1882.6328241129584
2025-07-02,2025,7,LATO,17.11785516708261,51.58948568015553,24698.91914071422,1877.0856872375555
2025-07-02,2025,7,LATO,16.426152398310577,51.65236775004391,24211.69931278745,1877.4709596778723
2025-07-02,2025,7,LATO,16.489034468198952,51.65236775004391,20072.528275770994,1888.6732764940969
2025-07-02,2025,7,LATO,16.551916538087312,51.65236775004391,16047.953486807288,1888.6153327437673
2025-07-02,2025,7,LATO,16.614798607975686,51.65236775004391,12251.439160938848,1888.554018733786
2025-07-02,2025,7,LATO,16.677680677864046,51.65236775004391,8977.156866042955,1897.644005881006
2025-07-02,2025,7,LATO,16.74056274775242,51.65236775004391,7000.8287602165365,1901.1091816573933
2025-07-02,2025,7,LATO,16.80344481764078,51.65236775004391,7440.7240432757335,1898.332461953076
2025-07-02,2025,7,LATO,16.866326887529155,51.65236775004391,9982.370540258755,1894.1299299819282
2025-07-02,2025,7,LATO,16.929208957417515,51.65236775004391,13485.612600907245,1897.4070720908383
2025-07-02,2025,7,LATO,16.992091027305875,51.65236775004391,17378.330580821977,1896.3840956805034
2025-07-02,2025,7,LATO,17.05497309719425,51.65236775004391,21449.51032645465,1878.8829808662224
2025-07-02,2025,7,LATO,16.489034468198952,51.71524981993227,23392.42763750961,1889.2444790518086
2025-07-02,2025,7,LATO,16.551916538087312,51.71524981993227,20050.86996583991,1888.7564007062406
2025-07-02,2025,7,LATO,16.614798607975686,51.71524981993227,17168.20275811432,1894.0902476642561
2025-07-02,2025,7,LATO,16.677680677864046,51.71524981993227,15011.166602358962,1902.0379383040888
2025-07-02,2025,7,LATO,16.74056274775242,51.71524981993227,13921.247619234951,1902.5995228425381
2025-07-02,2025,7,LATO,16.80344481764078,51.71524981993227,14147.265106642424,1891.693496134756
2025-07-02,2025,7,LATO,16.866326887529155,51.71524981993227,15632.244799391508,1889.451747054089
2025-07-02,2025,7,LATO,16.929208957417515,51.71524981993227,18068.40211024761,1891.760227126779
2025-07-02,2025,7,LATO,16.992091027305875,51.71524981993227,21129.253707015116,1888.8598507342535
2025-07-02,2025,7,LATO,17.05497309719425,51.71524981993227,24582.54703872513,1882.0367805721694
2025-07-02,2025,7,LATO,16.614798607975686,51.77813188982064,23179.713805871586,1898.0938720703818
2025-07-02,2025,7,LATO,16.677680677864046,51.77813188982064,21632.923911312602,1898.46779601513
2025-07-02,2025,7,LATO,16.74056274775242,51.77813188982064,20892.418416735138,1896.517145762048
2025-07-02,2025,7,LATO,16.80344481764078,51.77813188982064,21043.486525155,1889.6105618669685
2025-07-02,2025,7,LATO,16.866326887529155,51.77813188982064,22067.825998990276,1890.6379038757138
2025-07-02,2025,7,LATO,16.929208957417515,51.77813188982064,23853.198376497356,1882.9537199351234
2025-07-05,2025,7,LATO,16.429654173810036,51.58598390465609,23003.170735735486,1895.963064832279
2025-07-05,2025,7,LATO,16.492536243698396,51.58598390465609,18646.544048773227,1895.9631348669282
2025-07-05,2025,7,LATO,16.55541831358677,51.58598390465609,14290.805819510657,1898.9503365499613
2025-07-05,2025,7,LATO,16.61830038347513,51.58598390465609,9937.129767820397,1910.4040189238308
2025-07-05,2025,7,LATO,16.55541831358677,51.64886597454445,15664.822788384177,1910.4039572093593
2025-07-05,2025,7,LATO,16.61830038347513,51.64886597454445,11834.347491627235,1910.4040513455354
2025-07-05,2025,7,LATO,16.744064523251865,51.64886597454445,6571.355000743566,1902.383314366815
2025-07-05,2025,7,LATO,16.80694659314024,51.64886597454445,7186.682275987507,1902.3832762111172
2025-07-05,2025,7,LATO,16.744064523251865,51.711748044432824,13510.041838141251,1902.3832968481468
2025-07-05,2025,7,LATO,16.80694659314024,51.711748044432824,13819.377850362955,1902.3833028006143
2025-07-05,2025,7,LATO,16.8698286630286,51.711748044432824,15404.872738907154,1902.3833110187986
2025-07-05,2025,7,LATO,16.55541831358677,51.774630114321184,24928.00932820743,1888.6625893001342
2025-08-10,2025,8,LATO,16.492536243698396,51.460219764879355,23652.766546153474,1909.053054441447
2025-08-10,2025,8,LATO,16.429654173810036,51.523101834767715,24214.251621788142,1907.1627017906906
2025-08-10,2025,8,LATO,16.492536243698396,51.523101834767715,20115.35049398837,1910.2204541143628
2025-08-10,2025,8,LATO,16.55541831358677,51.523101834767715,16154.345848364019,1910.2204607880933
2025-08-10,2025,8,LATO,16.61830038347513,51.523101834767715,12463.418259525828,1911.8536096761152
2025-08-10,2025,8,LATO,16.681182453363505,51.523101834767715,9367.451208803312,1914.3647370428955
2025-08-10,2025,8,LATO,16.744064523251865,51.523101834767715,7628.889089657703,1914.3647437535947
2025-08-10,2025,8,LATO,16.429654173810036,51.58598390465609,23003.170735735486,1905.6454442976628
2025-08-10,2025,8,LATO,16.492536243698396,51.58598390465609,18646.544048773227,1908.4212665121122
2025-08-10,2025,8,LATO,16.55541831358677,51.58598390465609,14290.805819510657,1908.5683369604728
2025-08-10,2025,8,LATO,16.61830038347513,51.58598390465609,9937.129767820397,1911.4681137437815
2025-08-10,2025,8,LATO,16.681182453363505,51.58598390465609,5590.342935110827,1913.2624165050293
2025-08-10,2025,8,LATO,16.744064523251865,51.58598390465609,1320.3558216061588,1913.3964442813226
2025-08-10,2025,8,LATO,16.429654173810036,51.64886597454445,23871.671677051665,1912.0850650611744
2025-08-10,2025,8,LATO,16.492536243698396,51.64886597454445,19714.33542177372,1916.6815185546245
2025-08-10,2025,8,LATO,16.55541831358677,51.64886597454445,15664.822788384177,1916.6815185547578
2025-08-10,2025,8,LATO,16.61830038347513,51.64886597454445,11834.347491627235,1919.6383056641328
2025-08-10,2025,8,LATO,16.681182453363505,51.64886597454445,8523.52303610304,1919.635518271769
2025-08-10,2025,8,LATO,16.744064523251865,51.64886597454445,6571.355000743566,1919.452483946275
2025-08-10,2025,8,LATO,16.492536243698396,51.711748044432824,22967.6948936224,1920.6680894381554
2025-08-10,2025,8,LATO,16.55541831358677,51.711748044432824,19607.26964128438,1920.5306637996207
2025-08-10,2025,8,LATO,16.61830038347513,51.711748044432824,16710.955970386967,1913.9807543564652
2025-08-10,2025,8,LATO,16.681182453363505,51.711748044432824,14558.438818350498,1914.3797554728733
2025-08-10,2025,8,LATO,16.744064523251865,51.711748044432824,13510.041838141251,1914.309966082406
2025-08-10,2025,8,LATO,16.80694659314024,51.711748044432824,13819.377850362955,1909.7781960660834
2025-08-10,2025,8,LATO,16.8698286630286,51.711748044432824,15404.872738907154,1909.7782061768376
2025-08-10,2025,8,LATO,16.93271073291696,51.711748044432824,17931.147417861754,1909.7781861954304
2025-08-10,2025,8,LATO,16.55541831358677,51.774630114321184,24928.00932820743,1915.177994372881
2025-08-10,2025,8,LATO,16.61830038347513,51.774630114321184,22723.614775663435,1916.827288396571
2025-08-10,2025,8,LATO,16.681182453363505,51.774630114321184,21193.115840949748,1916.9658668495802
2025-08-10,2025,8,LATO,16.744064523251865,51.774630114321184,20488.095548188106,1913.7093651377454
2025-08-10,2025,8,LATO,16.80694659314024,51.774630114321184,20693.098154451836,1910.8289879322951
2025-08-10,2025,8,LATO,16.8698286630286,51.774630114321184,21782.445554587666,1910.5904927549632
2025-08-10,2025,8,LATO,16.93271073291696,51.774630114321184,23634.170167123582,1919.5357848881151
2025-08-11,2025,8,LATO,16.61830038347513,51.397337694990995,23710.60014086185,1905.053883938815
2025-08-11,2025,8,LATO,16.681182453363505,51.397337694990995,22235.53518171416,1905.0861802572654
2025-08-11,2025,8,LATO,16.744064523251865,51.397337694990995,21558.95448040664,1903.6113764771255
2025-08-11,2025,8,LATO,16.80694659314024,51.397337694990995,21755.481732549466,1908.2504478020692
2025-08-11,2025,8,LATO,16.8698286630286,51.397337694990995,22802.55345364161,1906.9700520112885
2025-08-11,2025,8,LATO,16.93271073291696,51.397337694990995,24591.76613367937,1913.4063599604785
2025-08-11,2025,8,LATO,16.492536243698396,51.460219764879355,23652.766546153474,1921.374361816135
2025-08-11,2025,8,LATO,16.744064523251865,51.460219764879355,14579.07397840399,1914.113786845743
2025-08-11,2025,8,LATO,16.80694659314024,51.460219764879355,14867.7564382196,1915.1578402300186
2025-08-11,2025,8,LATO,16.8698286630286,51.460219764879355,16359.75648238907,1918.1964741010313
2025-08-11,2025,8,LATO,16.93271073291696,51.460219764879355,18770.29205208698,1920.296882115765
2025-08-11,2025,8,LATO,16.995592802805334,51.460219764879355,21796.717556000734,1919.0375393715199
2025-08-11,2025,8,LATO,16.429654173810036,51.523101834767715,24214.251621788142,1918.3526029025325
2025-08-11,2025,8,LATO,16.681182453363505,51.523101834767715,9367.451208803312,1909.237468999927
2025-08-11,2025,8,LATO,16.744064523251865,51.523101834767715,7628.889089657703,1909.2563539943449
2025-08-11,2025,8,LATO,16.80694659314024,51.523101834767715,8166.336187910408,1911.4330012923788
2025-08-11,2025,8,LATO,16.8698286630286,51.523101834767715,10640.324988993543,1916.01517368904
2025-08-11,2025,8,LATO,16.93271073291696,51.523101834767715,14063.515177747026,1914.24414623283
2025-08-11,2025,8,LATO,16.995592802805334,51.523101834767715,17899.3520168415,1916.3773230509332
2025-08-11,2025,8,LATO,17.058474872693694,51.523101834767715,21932.383253692507,1916.3773252161434
2025-08-11,2025,8,LATO,16.429654173810036,51.58598390465609,23003.170735735486,1918.0211584906767
2025-08-11,2025,8,LATO,16.681182453363505,51.58598390465609,5590.342935110827,1909.2337738077442
2025-08-11,2025,8,LATO,16.744064523251865,51.58598390465609,1320.3558216061588,1909.2337710745803
2025-08-11,2025,8,LATO,16.80694659314024,51.58598390465609,3196.9962586666425,1915.1670600245209
2025-08-11,2025,8,LATO,16.8698286630286,51.58598390465609,7528.895363735473,1919.7352387528135
2025-08-11,2025,8,LATO,16.93271073291696,51.58598390465609,11879.972471040981,1919.7352277652399
2025-08-11,2025,8,LATO,16.429654173810036,51.64886597454445,23871.671677051665,1916.2066313618259
2025-08-12,2025,8,LATO,16.62180215897459,51.397337694990995,23609.647945145083,1897.8459472656943
2025-08-12,2025,8,LATO,16.68468422886295,51.397337694990995,22175.798790218883,1898.911044608831
2025-08-12,2025,8,LATO,16.747566298751323,51.397337694990995,21546.68539666157,1896.5519074327365
2025-08-12,2025,8,LATO,16.810448368639683,51.397337694990995,21792.113795210218,1896.4535706737943
2025-08-12,2025,8,LATO,16.873330438528058,51.397337694990995,22883.963606117784,1895.9751618301295
2025-08-12,2025,8,LATO,16.936212508416418,51.397337694990995,24710.28975063893,1911.081614416976
2025-08-12,2025,8,LATO,16.496038019197854,51.460219764879355,23461.46708681408,1908.6151619415846
2025-08-12,2025,8,LATO,16.558920089086214,51.460219764879355,20216.31716527286,1897.6498338151493
2025-08-12,2025,8,LATO,16.62180215897459,51.460219764879355,17465.660367453034,1902.6064569561956
2025-08-12,2025,8,LATO,16.68468422886295,51.460219764879355,15475.461563149323,1909.3630665612739
2025-08-12,2025,8,LATO,16.747566298751323,51.460219764879355,14560.94973988091,1903.9847443232316
2025-08-12,2025,8,LATO,16.810448368639683,51.460219764879355,14921.234213841115,1902.9338132342557
2025-08-12,2025,8,LATO,16.873330438528058,51.460219764879355,16472.883086708727,1912.1525650031697
2025-08-12,2025,8,LATO,16.936212508416418,51.460219764879355,18925.097335390772,1906.502445559876
2025-08-12,2025,8,LATO,16.999094578304778,51.460219764879355,21978.479013967186,1892.7319326085824
2025-08-12,2025,8,LATO,16.43315594930948,51.523101834767715,23983.560518942995,1906.0914921869091
2025-08-12,2025,8,LATO,16.496038019197854,51.523101834767715,19890.369208771106,1884.1439169219827
2025-08-12,2025,8,LATO,16.558920089086214,51.523101834767715,15939.906741697989,1887.322134060865
2025-08-12,2025,8,LATO,16.62180215897459,51.523101834767715,12270.811442326005,1909.5947265625698
2025-08-12,2025,8,LATO,16.68468422886295,51.523101834767715,9225.152957382299,1905.3867445496596
2025-08-12,2025,8,LATO,16.747566298751323,51.523101834767715,7594.243498496155,1901.630439371749
2025-08-12,2025,8,LATO,16.810448368639683,51.523101834767715,8263.16565722542,1907.7182532303054
2025-08-12,2025,8,LATO,16.873330438528058,51.523101834767715,10813.21697783749,1909.5984836174293
2025-08-12,2025,8,LATO,16.936212508416418,51.523101834767715,14269.193705405069,1898.669599075716
2025-08-12,2025,8,LATO,16.999094578304778,51.523101834767715,18119.94787646938,1894.2321940250322
2025-08-12,2025,8,LATO,17.061976648193152,51.523101834767715,22160.627597835635,1883.6102162098862
2025-08-12,2025,8,LATO,16.43315594930948,51.58598390465609,22760.544372881523,1908.0024732275376
2025-08-12,2025,8,LATO,16.496038019197854,51.58598390465609,18403.9525539687,1876.5375881103676
2025-08-12,2025,8,LATO,16.558920089086214,51.58598390465609,14048.286395765059,1875.2150676814047
2025-08-12,2025,8,LATO,16.62180215897459,51.58598390465609,9694.799009384697,1906.2037448059466
2025-08-12,2025,8,LATO,16.68468422886295,51.58598390465609,5348.820204951136,1904.268739788395
2025-08-12,2025,8,LATO,16.747566298751323,51.58598390465609,1103.0179874295377,1904.1410059802718
2025-08-12,2025,8,LATO,16.810448368639683,51.58598390465609,3436.4895026791482,1904.0803222655957
2025-08-12,2025,8,LATO,16.873330438528058,51.58598390465609,7770.991264888386,1904.298442034395
2025-08-12,2025,8,LATO,16.936212508416418,51.58598390465609,12122.423347861903,1899.3194332827493
2025-08-12,2025,8,LATO,16.999094578304778,51.58598390465609,16477.376120376837,1900.0349169910144
2025-08-12,2025,8,LATO,17.061976648193152,51.58598390465609,20833.639650540794,1896.747788301091
2025-08-12,2025,8,LATO,16.43315594930948,51.64886597454445,23638.28584691703,1901.3322329910065
2025-08-12,2025,8,LATO,16.496038019197854,51.64886597454445,19485.361118377947,1901.9958262628272
2025-08-12,2025,8,LATO,16.558920089086214,51.64886597454445,15444.202292430888,1909.6899026015647
2025-08-12,2025,8,LATO,16.62180215897459,51.64886597454445,11631.892909325215,1913.2842260203188
2025-08-12,2025,8,LATO,16.68468422886295,51.64886597454445,8367.319927124407,1914.5343017578825
2025-08-12,2025,8,LATO,16.747566298751323,51.64886597454445,6531.213225113952,1910.7738619412357
2025-08-12,2025,8,LATO,16.810448368639683,51.64886597454445,7296.2234559199205,1907.2388222059587
2025-08-12,2025,8,LATO,16.873330438528058,51.64886597454445,10086.948833017237,1905.9209952565118
2025-08-12,2025,8,LATO,16.936212508416418,51.64886597454445,13718.301356514203,1908.0753108921926
2025-08-12,2025,8,LATO,16.999094578304778,51.64886597454445,17679.665020055214,1911.1545879794883
2025-08-12,2025,8,LATO,17.061976648193152,51.64886597454445,21791.803917641442,1911.1743023441534
2025-08-12,2025,8,LATO,16.496038019197854,51.711748044432824,22771.73051723622,1908.4164306933794
2025-08-12,2025,8,LATO,16.558920089086214,51.711748044432824,19431.707058542906,1910.0583052702918
2025-08-12,2025,8,LATO,16.62180215897459,51.711748044432824,16568.39718798141,1907.656232177132
2025-08-12,2025,8,LATO,16.68468422886295,51.711748044432824,14467.66726292311,1907.8913582490227
2025-08-12,2025,8,LATO,16.747566298751323,51.711748044432824,13490.589237125841,1914.7953302374844
2025-08-12,2025,8,LATO,16.810448368639683,51.711748044432824,13876.580307518117,1907.0134146525884
2025-08-12,2025,8,LATO,16.873330438528058,51.711748044432824,15524.300218115417,1900.7374555824697
2025-08-12,2025,8,LATO,16.936212508416418,51.711748044432824,18092.245885703323,1902.2287666892796
2025-08-12,2025,8,LATO,16.999094578304778,51.711748044432824,21249.373530223802,1904.7614893823877
2025-08-12,2025,8,LATO,17.061976648193152,51.711748044432824,24771.422012835017,1914.5237558899087
2025-08-12,2025,8,LATO,16.558920089086214,51.774630114321184,24790.348476733936,1908.7549939154908
2025-08-12,2025,8,LATO,16.62180215897459,51.774630114321184,22619.128825561096,1903.1544570702608
2025-08-12,2025,8,LATO,16.68468422886295,51.774630114321184,21130.950502793665,1912.6796823042296
2025-08-12,2025,8,LATO,16.747566298751323,51.774630114321184,20475.29132511945,1911.4406406194512
2025-08-12,2025,8,LATO,16.810448368639683,51.774630114321184,20731.290147281023,1902.18173409555
2025-08-12,2025,8,LATO,16.873330438528058,51.774630114321184,21866.952277487973,1900.2540116858602
2025-08-12,2025,8,LATO,16.936212508416418,51.774630114321184,23756.45719267844,1906.8538909432662
2025-08-13,2025,8,LATO,16.62180215897459,51.40083947049044,23254.847095681358,1897.9030742365546
2025-08-13,2025,8,LATO,16.68468422886295,51.40083947049044,21797.786666906275,1913.868642109704
2025-08-13,2025,8,LATO,16.747566298751323,51.40083947049044,21157.48578886168,1913.0080354851323
2025-08-13,2025,8,LATO,16.810448368639683,51.40083947049044,21407.357711274257,1903.0423318890755
2025-08-13,2025,8,LATO,16.873330438528058,51.40083947049044,22517.788621954765,1902.6760387083793
2025-08-13,2025,8,LATO,16.936212508416418,51.40083947049044,24371.434013873666,1904.085946401928
2025-08-13,2025,8,LATO,16.496038019197854,51.4637215403788,23221.655866634956,1895.1151696112784
2025-08-13,2025,8,LATO,16.558920089086214,51.4637215403788,19937.782866578178,1892.7746912021573
2025-08-13,2025,8,LATO,16.62180215897459,51.4637215403788,17142.72219448327,1912.4754875790104
2025-08-13,2025,8,LATO,16.68468422886295,51.4637215403788,15110.213652159038,1913.583802005281
2025-08-13,2025,8,LATO,16.747566298751323,51.4637215403788,14172.226558074315,1907.9889637234155
2025-08-13,2025,8,LATO,16.810448368639683,51.4637215403788,14542.116957387956,1904.9831542968457
2025-08-13,2025,8,LATO,16.873330438528058,51.4637215403788,16130.160751311088,1904.720787226508
2025-08-13,2025,8,LATO,16.936212508416418,51.4637215403788,18627.36911498288,1905.429158853026
2025-08-13,2025,8,LATO,16.999094578304778,51.4637215403788,21722.42063875436,1905.1875954236295
2025-08-13,2025,8,LATO,16.43315594930948,51.52660361026717,23863.227315876185,1892.8877627075192
2025-08-13,2025,8,LATO,16.496038019197854,51.52660361026717,19745.4553178684,1889.6416823318723
2025-08-13,2025,8,LATO,16.558920089086214,51.52660361026717,15759.051386492412,1897.8297776120305
2025-08-13,2025,8,LATO,16.62180215897459,51.52660361026717,12035.274011756592,1915.7192801460428
2025-08-13,2025,8,LATO,16.68468422886295,51.52660361026717,8909.73997268753,1908.2148016904587
2025-08-13,2025,8,LATO,16.747566298751323,51.52660361026717,7207.957664413257,1906.5748675546997
2025-08-13,2025,8,LATO,16.810448368639683,51.52660361026717,7909.564677749198,1903.01275456923
2025-08-13,2025,8,LATO,16.873330438528058,51.52660361026717,10545.29493488944,1896.7342405307604
2025-08-13,2025,8,LATO,16.936212508416418,51.52660361026717,14067.012187618657,1896.5371508379922
2025-08-13,2025,8,LATO,16.999094578304778,51.52660361026717,17960.898941674182,1888.4710441811471
2025-08-13,2025,8,LATO,17.061976648193152,51.52660361026717,22030.48594812989,1880.85303839694
2025-08-13,2025,8,LATO,16.43315594930948,51.58948568015553,22753.819827213272,1896.0401829808116
2025-08-13,2025,8,LATO,16.496038019197854,51.58948568015553,18396.010245633624,1895.3865672274014
2025-08-13,2025,8,LATO,16.558920089086214,51.58948568015553,14038.267006941034,1911.453412612102
2025-08-13,2025,8,LATO,16.62180215897459,51.58948568015553,9680.685103001815,1915.8016054564205
2025-08-13,2025,8,LATO,16.68468422886295,51.58948568015553,5323.667900434454,1901.02423478888
2025-08-13,2025,8,LATO,16.747566298751323,51.58948568015553,974.8417627006842,1902.9566311668423
2025-08-13,2025,8,LATO,16.810448368639683,51.58948568015553,3397.398115693825,1905.715520165214
2025-08-13,2025,8,LATO,16.873330438528058,51.58948568015553,7753.542711059396,1905.7406814939955
2025-08-13,2025,8,LATO,16.936212508416418,51.58948568015553,12110.970744816213,1893.7735457808392
2025-08-13,2025,8,LATO,16.999094578304778,51.58948568015553,16468.661553650425,1891.255610672667
2025-08-13,2025,8,LATO,17.061976648193152,51.58948568015553,20826.447979074637,1892.8240004704294
2025-08-13,2025,8,LATO,16.43315594930948,51.65236775004391,23746.876904474848,1899.4854796078766
2025-08-13,2025,8,LATO,16.496038019197854,51.65236775004391,19617.30613738718,1918.1069821417625
2025-08-13,2025,8,LATO,16.558920089086214,51.65236775004391,15610.6906832576,1917.3837424170956
2025-08-13,2025,8,LATO,16.62180215897459,51.65236775004391,11852.39089704791,1906.708230126177
2025-08-13,2025,8,LATO,16.68468422886295,51.65236775004391,8671.52350166808,1905.2386384837405
2025-08-13,2025,8,LATO,16.747566298751323,51.65236775004391,6916.800965883156,1904.1594597557003
2025-08-13,2025,8,LATO,16.810448368639683,51.65236775004391,7643.261730039364,1900.1479284122
2025-08-13,2025,8,LATO,16.873330438528058,51.65236775004391,10340.568804494884,1900.2973194763786
2025-08-13,2025,8,LATO,16.936212508416418,51.65236775004391,13905.608612355578,1892.5423241608303
2025-08-13,2025,8,LATO,16.999094578304778,51.65236775004391,17825.126315195066,1891.9584930370854
2025-08-13,2025,8,LATO,17.061976648193152,51.65236775004391,21909.69614978755,1899.5747661879473
2025-08-13,2025,8,LATO,16.496038019197854,51.71524981993227,23003.54307865302,1923.2320556639995
2025-08-13,2025,8,LATO,16.558920089086214,51.71524981993227,19703.132054140966,1922.50747183479
2025-08-13,2025,8,LATO,16.62180215897459,51.71524981993227,16886.14595867417,1899.9928721505837
2025-08-13,2025,8,LATO,16.68468422886295,51.71524981993227,14830.66332409721,1901.5828961805978
2025-08-13,2025,8,LATO,16.747566298751323,51.71524981993227,13879.239392912077,1907.5226146635384
2025-08-13,2025,8,LATO,16.810448368639683,51.71524981993227,14254.681815939919,1901.9553333845856
2025-08-13,2025,8,LATO,16.873330438528058,51.71524981993227,15863.05856535995,1896.0730217582113
2025-08-13,2025,8,LATO,16.936212508416418,51.71524981993227,18383.56382484432,1891.7926013379395
2025-08-13,2025,8,LATO,16.999094578304778,51.71524981993227,21497.728617851728,1893.2352533905769
2025-08-13,2025,8,LATO,16.62180215897459,51.77813188982064,22971.878534836967,1896.3623402940425
2025-08-13,2025,8,LATO,16.68468422886295,51.77813188982064,21508.238461283257,1900.9172048974262
2025-08-13,2025,8,LATO,16.747566298751323,51.77813188982064,20864.489387353173,1898.8420362318436
2025-08-13,2025,8,LATO,16.810448368639683,51.77813188982064,21115.750942875457,1890.5425072267576
2025-08-13,2025,8,LATO,16.873330438528058,51.77813188982064,22231.698224910313,1886.226841664123
2025-08-13,2025,8,LATO,16.936212508416418,51.77813188982064,24092.475808748924,1890.6310831547903
2025-08-14,2025,8,LATO,16.62180215897459,51.40083947049044,23254.847095681358,1895.201153119258
2025-08-14,2025,8,LATO,16.68468422886295,51.40083947049044,21797.786666906275,1893.6170212961194
2025-08-14,2025,8,LATO,16.747566298751323,51.40083947049044,21157.48578886168,1892.2215576171213
2025-08-14,2025,8,LATO,16.810448368639683,51.40083947049044,21407.357711274257,1891.5401386653164
2025-08-14,2025,8,LATO,16.873330438528058,51.40083947049044,22517.788621954765,1890.6632552131202
2025-08-14,2025,8,LATO,16.936212508416418,51.40083947049044,24371.434013873666,1891.305547530636
2025-08-14,2025,8,LATO,16.496038019197854,51.4637215403788,23221.655866634956,1897.8490149486288
2025-08-14,2025,8,LATO,16.558920089086214,51.4637215403788,19937.782866578178,1897.2855224610068
2025-08-14,2025,8,LATO,16.62180215897459,51.4637215403788,17142.72219448327,1902.239756695915
2025-08-14,2025,8,LATO,16.68468422886295,51.4637215403788,15110.213652159038,1900.8794774533253
2025-08-14,2025,8,LATO,16.747566298751323,51.4637215403788,14172.226558074315,1898.8815507510203
2025-08-14,2025,8,LATO,16.810448368639683,51.4637215403788,14542.116957387956,1890.3234348022424
2025-08-14,2025,8,LATO,16.873330438528058,51.4637215403788,16130.160751311088,1889.111710941419
2025-08-14,2025,8,LATO,16.936212508416418,51.4637215403788,18627.36911498288,1890.2499145636723
2025-08-14,2025,8,LATO,16.999094578304778,51.4637215403788,21722.42063875436,1890.7252725676142
2025-08-14,2025,8,LATO,16.43315594930948,51.52660361026717,23863.227315876185,1893.7982700130237
2025-08-14,2025,8,LATO,16.496038019197854,51.52660361026717,19745.4553178684,1895.7398915903975
2025-08-14,2025,8,LATO,16.558920089086214,51.52660361026717,15759.051386492412,1898.5340493149115
2025-08-14,2025,8,LATO,16.62180215897459,51.52660361026717,12035.274011756592,1902.135165840396
2025-08-14,2025,8,LATO,16.68468422886295,51.52660361026717,8909.73997268753,1904.745064276266
2025-08-14,2025,8,LATO,16.747566298751323,51.52660361026717,7207.957664413257,1903.7295610044662
2025-08-14,2025,8,LATO,16.810448368639683,51.52660361026717,7909.564677749198,1891.9007407844947
2025-08-14,2025,8,LATO,16.873330438528058,51.52660361026717,10545.29493488944,1890.511383939798
2025-08-14,2025,8,LATO,16.936212508416418,51.52660361026717,14067.012187618657,1890.2571071836553
2025-08-14,2025,8,LATO,16.999094578304778,51.52660361026717,17960.898941674182,1889.868218570311
2025-08-14,2025,8,LATO,17.061976648193152,51.52660361026717,22030.48594812989,1881.8710429789753
2025-08-14,2025,8,LATO,16.43315594930948,51.58948568015553,22753.819827213272,1900.971380686495
2025-08-14,2025,8,LATO,16.496038019197854,51.58948568015553,18396.010245633624,1894.6127326944445
2025-08-14,2025,8,LATO,16.558920089086214,51.58948568015553,14038.267006941034,1890.8434372379484
2025-08-14,2025,8,LATO,16.62180215897459,51.58948568015553,9680.685103001815,1896.2994886307617
2025-08-14,2025,8,LATO,16.68468422886295,51.58948568015553,5323.667900434454,1901.7392591374057
2025-08-14,2025,8,LATO,16.747566298751323,51.58948568015553,974.8417627006842,1895.9183078633107
2025-08-14,2025,8,LATO,16.810448368639683,51.58948568015553,3397.398115693825,1893.7274935010173
2025-08-14,2025,8,LATO,16.873330438528058,51.58948568015553,7753.542711059396,1893.6576456861233
2025-08-14,2025,8,LATO,16.936212508416418,51.58948568015553,12110.970744816213,1896.6201021455147
2025-08-14,2025,8,LATO,16.999094578304778,51.58948568015553,16468.661553650425,1898.5216584596753
2025-08-14,2025,8,LATO,17.061976648193152,51.58948568015553,20826.447979074637,1892.951599057689
2025-08-14,2025,8,LATO,16.43315594930948,51.65236775004391,23746.876904474848,1901.8950802701331
2025-08-14,2025,8,LATO,16.496038019197854,51.65236775004391,19617.30613738718,1905.3851356311302
2025-08-14,2025,8,LATO,16.558920089086214,51.65236775004391,15610.6906832576,1902.6014957071077
2025-08-14,2025,8,LATO,16.62180215897459,51.65236775004391,11852.39089704791,1899.9176311544572
2025-08-14,2025,8,LATO,16.68468422886295,51.65236775004391,8671.52350166808,1898.18576427729
2025-08-14,2025,8,LATO,16.747566298751323,51.65236775004391,6916.800965883156,1897.5838713583094
2025-08-14,2025,8,LATO,16.810448368639683,51.65236775004391,7643.261730039364,1896.1662752445925
2025-08-14,2025,8,LATO,16.873330438528058,51.65236775004391,10340.568804494884,1895.5582287280974
2025-08-14,2025,8,LATO,16.936212508416418,51.65236775004391,13905.608612355578,1900.5148038497098
2025-08-14,2025,8,LATO,16.999094578304778,51.65236775004391,17825.126315195066,1901.36189633711
2025-08-14,2025,8,LATO,17.061976648193152,51.65236775004391,21909.69614978755,1901.5947600935092
2025-08-14,2025,8,LATO,16.496038019197854,51.71524981993227,23003.54307865302,1907.6711021048036
2025-08-14,2025,8,LATO,16.558920089086214,51.71524981993227,19703.132054140966,1907.3929387728365
2025-08-14,2025,8,LATO,16.62180215897459,51.71524981993227,16886.14595867417,1903.0975776259063
2025-08-14,2025,8,LATO,16.68468422886295,51.71524981993227,14830.66332409721,1900.1759033203818
2025-08-14,2025,8,LATO,16.747566298751323,51.71524981993227,13879.239392912077,1899.7943103723549
2025-08-14,2025,8,LATO,16.810448368639683,51.71524981993227,14254.681815939919,1897.8018617011119
2025-08-14,2025,8,LATO,16.873330438528058,51.71524981993227,15863.05856535995,1896.5389099128513
2025-08-14,2025,8,LATO,16.936212508416418,51.71524981993227,18383.56382484432,1898.6282508744187
2025-08-14,2025,8,LATO,16.999094578304778,51.71524981993227,21497.728617851728,1899.995430514523
2025-08-14,2025,8,LATO,16.62180215897459,51.77813188982064,22971.878534836967,1897.2126270918998
2025-08-14,2025,8,LATO,16.68468422886295,51.77813188982064,21508.238461283257,1896.8449305996533
2025-08-14,2025,8,LATO,16.747566298751323,51.77813188982064,20864.489387353173,1896.6966047044625
2025-08-14,2025,8,LATO,16.810448368639683,51.77813188982064,21115.750942875457,1896.9549962942833
2025-08-14,2025,8,LATO,16.873330438528058,51.77813188982064,22231.698224910313,1897.024683870401
2025-08-14,2025,8,LATO,16.936212508416418,51.77813188982064,24092.475808748924,1897.0021223705048
2025-08-14,2025,8,LATO,16.62180215897459,51.397337694990995,23609.647945145083,1898.8301560249893
2025-08-14,2025,8,LATO,16.68468422886295,51.397337694990995,22175.798790218883,1899.1397572177636
2025-08-14,2025,8,LATO,16.747566298751323,51.397337694990995,21546.68539666157,1899.2975045647736
2025-08-14,2025,8,LATO,16.810448368639683,51.397337694990995,21792.113795210218,1899.6108303932845
2025-08-14,2025,8,LATO,16.873330438528058,51.397337694990995,22883.963606117784,1899.763032380487
2025-08-14,2025,8,LATO,16.936212508416418,51.397337694990995,24710.28975063893,1896.4218194399614
2025-08-14,2025,8,LATO,16.62180215897459,51.460219764879355,17465.660367453034,1905.1691293466731
2025-08-14,2025,8,LATO,16.68468422886295,51.460219764879355,15475.461563149323,1905.107106901235
2025-08-14,2025,8,LATO,16.747566298751323,51.460219764879355,14560.94973988091,1905.076268540967
2025-08-14,2025,8,LATO,16.810448368639683,51.460219764879355,14921.234213841115,1905.015636074223
2025-08-14,2025,8,LATO,16.873330438528058,51.460219764879355,16472.883086708727,1904.9846320187728
2025-08-14,2025,8,LATO,16.936212508416418,51.460219764879355,18925.097335390772,1885.5578382447663
2025-08-14,2025,8,LATO,16.999094578304778,51.460219764879355,21978.479013967186,1884.906123093789
2025-08-14,2025,8,LATO,16.62180215897459,51.523101834767715,12270.811442326005,1900.7358874776533
2025-08-14,2025,8,LATO,16.68468422886295,51.523101834767715,9225.152957382299,1900.2941491911251
2025-08-14,2025,8,LATO,16.747566298751323,51.523101834767715,7594.243498496155,1900.1870110274087
2025-08-14,2025,8,LATO,16.810448368639683,51.523101834767715,8263.16565722542,1900.1870117187204
2025-08-14,2025,8,LATO,16.873330438528058,51.523101834767715,10813.21697783749,1900.1870117187207
2025-08-14,2025,8,LATO,16.936212508416418,51.523101834767715,14269.193705405069,1893.4357832325345
2025-08-14,2025,8,LATO,16.999094578304778,51.523101834767715,18119.94787646938,1894.3468586828312
2025-08-14,2025,8,LATO,17.061976648193152,51.523101834767715,22160.627597835635,1896.1631373793123
2025-08-14,2025,8,LATO,16.62180215897459,51.58598390465609,9694.799009384697,1900.42633985203
2025-08-14,2025,8,LATO,16.68468422886295,51.58598390465609,5348.820204951136,1900.4612461320294
2025-08-14,2025,8,LATO,16.747566298751323,51.58598390465609,1103.0179874295377,1900.4790417309507
2025-08-14,2025,8,LATO,16.810448368639683,51.58598390465609,3436.4895026791482,1900.5147459712498
2025-08-14,2025,8,LATO,16.873330438528058,51.58598390465609,7770.991264888386,1900.532614918732
2025-08-14,2025,8,LATO,16.936212508416418,51.58598390465609,12122.423347861903,1909.2065429687868
2025-08-14,2025,8,LATO,16.999094578304778,51.58598390465609,16477.376120376837,1909.2065429687202
2025-08-14,2025,8,LATO,17.061976648193152,51.58598390465609,20833.639650540794,1909.223215574047
2025-08-14,2025,8,LATO,16.43315594930948,51.64886597454445,23638.28584691703,1918.4399656211392
2025-08-14,2025,8,LATO,16.496038019197854,51.64886597454445,19485.361118377947,1919.2696195230455
2025-08-14,2025,8,LATO,16.558920089086214,51.64886597454445,15444.202292430888,1918.8449690309753
2025-08-14,2025,8,LATO,16.62180215897459,51.64886597454445,11631.892909325215,1901.8631832452265
2025-08-14,2025,8,LATO,16.68468422886295,51.64886597454445,8367.319927124407,1902.0823501936147
2025-08-14,2025,8,LATO,16.747566298751323,51.64886597454445,6531.213225113952,1902.1927574547587
2025-08-14,2025,8,LATO,16.810448368639683,51.64886597454445,7296.2234559199205,1902.4099933745217
2025-08-14,2025,8,LATO,16.873330438528058,51.64886597454445,10086.948833017237,1902.5185777470122
2025-08-14,2025,8,LATO,16.936212508416418,51.64886597454445,13718.301356514203,1915.326167230107
2025-08-14,2025,8,LATO,16.999094578304778,51.64886597454445,17679.665020055214,1915.7690199267088
2025-08-14,2025,8,LATO,17.061976648193152,51.64886597454445,21791.803917641442,1916.6344904801329
2025-08-14,2025,8,LATO,16.496038019197854,51.711748044432824,22771.73051723622,1927.133789062437
2025-08-14,2025,8,LATO,16.558920089086214,51.711748044432824,19431.707058542906,1922.881234643458
2025-08-14,2025,8,LATO,16.62180215897459,51.711748044432824,16568.39718798141,1903.6286618180386
2025-08-14,2025,8,LATO,16.68468422886295,51.711748044432824,14467.66726292311,1903.8837259388501
2025-08-14,2025,8,LATO,16.747566298751323,51.711748044432824,13490.589237125841,1904.0112579992804
2025-08-14,2025,8,LATO,16.810448368639683,51.711748044432824,13876.580307518117,1904.260250862572
2025-08-14,2025,8,LATO,16.873330438528058,51.711748044432824,15524.300218115417,1904.3877829229152
2025-08-14,2025,8,LATO,16.936212508416418,51.711748044432824,18092.245885703323,1914.3219602385036
2025-08-14,2025,8,LATO,16.999094578304778,51.711748044432824,21249.373530223802,1913.8901200873333
2025-08-14,2025,8,LATO,17.061976648193152,51.711748044432824,24771.422012835017,1913.005283651925
2025-08-14,2025,8,LATO,16.558920089086214,51.774630114321184,24790.348476733936,1910.7095074318784
2025-08-14,2025,8,LATO,16.62180215897459,51.774630114321184,22619.128825561096,1901.844915548481
2025-08-14,2025,8,LATO,16.68468422886295,51.774630114321184,21130.950502793665,1901.348975249836
2025-08-14,2025,8,LATO,16.747566298751323,51.774630114321184,20475.29132511945,1901.130573718194
2025-08-14,2025,8,LATO,16.810448368639683,51.774630114321184,20731.290147281023,1901.0981445312202
2025-08-14,2025,8,LATO,16.873330438528058,51.774630114321184,21866.952277487973,1902.0142099273812
2025-08-14,2025,8,LATO,16.936212508416418,51.774630114321184,23756.45719267844,1909.235285120647
2025-08-16,2025,8,LATO,17.058474872693694,51.64886597454445,21560.29881117445,1905.922853993759
2025-08-16,2025,8,LATO,16.995592802805334,51.711748044432824,21062.360850154735,1900.4327638398681
2025-08-16,2025,8,LATO,17.058474872693694,51.711748044432824,24568.292713676423,1902.5560150159884
2025-08-16,2025,8,LATO,16.55541831358677,51.774630114321184,24928.00932820743,1883.4676412028662
2025-08-16,2025,8,LATO,16.61830038347513,51.774630114321184,22723.614775663435,1891.6973910067566
2025-08-16,2025,8,LATO,16.681182453363505,51.774630114321184,21193.115840949748,1890.6796724904523
2025-08-16,2025,8,LATO,16.744064523251865,51.774630114321184,20488.095548188106,1890.2599164524158
2025-08-16,2025,8,LATO,16.80694659314024,51.774630114321184,20693.098154451836,1896.6249829763124
2025-08-16,2025,8,LATO,16.8698286630286,51.774630114321184,21782.445554587666,1900.7298509851043
2025-08-16,2025,8,LATO,16.93271073291696,51.774630114321184,23634.170167123582,1899.0836035577388
2025-08-27,2025,8,LATO,16.62180215897459,51.397337694990995,23609.647945145083,1906.3389818881963
2025-08-27,2025,8,LATO,16.496038019197854,51.460219764879355,23461.46708681408,1922.9364566806014
2025-08-27,2025,8,LATO,16.558920089086214,51.460219764879355,20216.31716527286,1908.845589049873
2025-08-27,2025,8,LATO,16.62180215897459,51.460219764879355,17465.660367453034,1908.5565309013043
2025-08-27,2025,8,LATO,16.43315594930948,51.523101834767715,23983.560518942995,1909.6865904189194
2025-08-27,2025,8,LATO,16.496038019197854,51.523101834767715,19890.369208771106,1897.4351908190197
2025-08-27,2025,8,LATO,16.558920089086214,51.523101834767715,15939.906741697989,1896.6734859387716
2025-08-27,2025,8,LATO,16.62180215897459,51.523101834767715,12270.811442326005,1899.562488445445
2025-08-27,2025,8,LATO,16.68468422886295,51.523101834767715,9225.152957382299,1899.3854980469443
2025-08-27,2025,8,LATO,16.747566298751323,51.523101834767715,7594.243498496155,1899.3854796370463
2025-08-27,2025,8,LATO,16.43315594930948,51.58598390465609,22760.544372881523,1913.1274091390837
2025-08-27,2025,8,LATO,16.496038019197854,51.58598390465609,18403.9525539687,1888.6345152293943
2025-08-27,2025,8,LATO,16.558920089086214,51.58598390465609,14048.286395765059,1888.3048749018142
2025-08-27,2025,8,LATO,16.62180215897459,51.58598390465609,9694.799009384697,1888.0542296590017
2025-08-27,2025,8,LATO,16.68468422886295,51.58598390465609,5348.820204951136,1899.3854855321795
2025-08-27,2025,8,LATO,16.747566298751323,51.58598390465609,1103.0179874295377,1899.3854688132876
2025-08-27,2025,8,LATO,17.061976648193152,51.58598390465609,20833.639650540794,1909.879585600832
2025-08-27,2025,8,LATO,16.43315594930948,51.64886597454445,23638.28584691703,1906.9332259297023
2025-08-27,2025,8,LATO,16.496038019197854,51.64886597454445,19485.361118377947,1890.2798064358685
2025-08-27,2025,8,LATO,16.558920089086214,51.64886597454445,15444.202292430888,1890.279799098529
2025-08-27,2025,8,LATO,17.061976648193152,51.64886597454445,21791.803917641442,1912.2622023156289
2026-02-19,2026,2,ZIMA,16.94671783491477,51.51609828376883,15302.66637249264,1893.8800226195383
2026-02-19,2026,2,ZIMA,16.695189555361306,51.57898035365719,4778.811626111381,1890.3570657262098
2026-02-19,2026,2,ZIMA,16.758071625249674,51.57898035365719,1336.6685605293208,1891.1116338895715
2026-02-19,2026,2,ZIMA,16.82095369513804,51.57898035365719,4327.607486410343,1897.167833880722
2026-02-19,2026,2,ZIMA,16.883835765026408,51.57898035365719,8582.63182821231,1899.9260279714902
2026-02-19,2026,2,ZIMA,16.94671783491477,51.57898035365719,12906.850162773397,1891.9259334217802
2026-02-19,2026,2,ZIMA,17.00959990480314,51.57898035365719,17248.297114973437,1889.0671367313744
2026-02-19,2026,2,ZIMA,17.072481974691506,51.57898035365719,21596.582807123174,1890.5179282220747
2026-02-19,2026,2,ZIMA,16.569425415584575,51.64186242354555,14463.97307729854,1882.9570384729516
2026-02-19,2026,2,ZIMA,16.63230748547294,51.64186242354555,10597.473779019278,1882.9570283524668
2026-02-19,2026,2,ZIMA,16.695189555361306,51.64186242354555,7303.820656026393,1895.3346294673977
2026-02-19,2026,2,ZIMA,16.758071625249674,51.64186242354555,5685.470440609392,1894.6518356264082
2026-02-19,2026,2,ZIMA,16.82095369513804,51.64186242354555,7017.3089844368305,1899.2049481765519
2026-02-19,2026,2,ZIMA,16.883835765026408,51.64186242354555,10202.945413633863,1899.2049621720703
2026-02-19,2026,2,ZIMA,16.63230748547294,51.70474449343391,15512.327393546435,1882.9570148206499
2026-02-19,2026,2,ZIMA,16.695189555361306,51.70474449343391,13481.59372237837,1895.4053971042601
2026-02-19,2026,2,ZIMA,16.758071625249674,51.70474449343391,12679.166548422323,1895.4053739870606
2026-02-26,2026,2,ZIMA,16.82095369513804,51.39033414399208,22683.599851816612,1881.7634611018655
2026-02-26,2026,2,ZIMA,16.883835765026408,51.39033414399208,23868.515249312062,1882.9221564920995
2026-02-26,2026,2,ZIMA,16.82095369513804,51.45321621388044,15855.056231952789,1880.02781369968
2026-02-26,2026,2,ZIMA,16.82095369513804,51.57898035365719,4327.607486410343,1900.5209981399057
2026-02-26,2026,2,ZIMA,16.883835765026408,51.57898035365719,8582.63182821231,1900.5210044730522
2026-02-26,2026,2,ZIMA,16.758071625249674,51.64186242354555,5685.470440609392,1879.9182818303868
2026-02-26,2026,2,ZIMA,16.82095369513804,51.64186242354555,7017.3089844368305,1881.6307541094677
2026-02-26,2026,2,ZIMA,16.883835765026408,51.64186242354555,10202.945413633863,1882.4298374482323
2026-02-26,2026,2,ZIMA,16.758071625249674,51.70474449343391,12679.166548422323,1879.4842439135884
2026-02-26,2026,2,ZIMA,16.82095369513804,51.70474449343391,13328.76158161471,1879.4842512480352
2026-02-27,2026,2,ZIMA,16.82095369513804,51.64186242354555,7017.3089844368305,1877.048344422333
2026-02-27,2026,2,ZIMA,16.883835765026408,51.64186242354555,10202.945413633863,1877.0483398437823
2026-02-27,2026,2,ZIMA,16.94671783491477,51.64186242354555,14031.998661490588,1877.04834028699
2026-02-27,2026,2,ZIMA,16.883835765026408,51.70474449343391,15245.895114827508,1877.0483171987414
2026-02-27,2026,2,ZIMA,16.94671783491477,51.70474449343391,18030.686749865705,1877.0483456077652
2026-02-28,2026,2,ZIMA,16.63230748547294,51.39033414399208,24040.75037827768,1892.9951859962491
2026-02-28,2026,2,ZIMA,16.695189555361306,51.39033414399208,22774.361202252046,1894.2678246417163
2026-02-28,2026,2,ZIMA,16.758071625249674,51.39033414399208,22305.47501033657,1896.8664852812333
2026-02-28,2026,2,ZIMA,16.50654334569621,51.45321621388044,23396.738235416302,1905.1505985934605
2026-02-28,2026,2,ZIMA,16.569425415584575,51.45321621388044,20298.01174458644,1905.015896016867
2026-02-28,2026,2,ZIMA,16.63230748547294,51.45321621388044,17740.006059764815,1900.5724958095302
2026-02-28,2026,2,ZIMA,16.695189555361306,51.45321621388044,15984.460380881492,1894.8751527832976
2026-02-28,2026,2,ZIMA,16.44366127580784,51.51609828376883,23558.084958616277,1903.9948694878192
2026-02-28,2026,2,ZIMA,16.50654334569621,51.51609828376883,19537.84054011882,1903.9948724531935
2026-02-28,2026,2,ZIMA,16.569425415584575,51.51609828376883,15700.8009096385,1904.9934595625282
2026-02-28,2026,2,ZIMA,16.63230748547294,51.51609828376883,12220.773060573265,1905.8397750394768
2026-02-28,2026,2,ZIMA,16.695189555361306,51.51609828376883,9498.617637244897,1907.0902066734013
2026-02-28,2026,2,ZIMA,16.758071625249674,51.51609828376883,8315.313151789731,1907.0902248037337
2026-02-28,2026,2,ZIMA,16.569425415584575,51.57898035365719,13375.848816009768,1905.105532787324
2026-02-28,2026,2,ZIMA,16.63230748547294,51.57898035365719,9048.716728001045,1904.395672489695
2026-02-28,2026,2,ZIMA,16.695189555361306,51.57898035365719,4778.811626111381,1903.6669157771416
2026-02-28,2026,2,ZIMA,16.758071625249674,51.57898035365719,1336.6685605293208,1904.8918693671515
2026-02-28,2026,2,ZIMA,16.82095369513804,51.57898035365719,4327.607486410343,1907.0902099609082
2026-02-28,2026,2,ZIMA,16.883835765026408,51.57898035365719,8582.63182821231,1889.247056619734
2026-02-28,2026,2,ZIMA,16.94671783491477,51.57898035365719,12906.850162773397,1889.2471169633036
2026-02-28,2026,2,ZIMA,16.50654334569621,51.64186242354555,18548.47434255549,1912.632700722625
2026-02-28,2026,2,ZIMA,16.569425415584575,51.64186242354555,14463.97307729854,1914.264025937559
2026-02-28,2026,2,ZIMA,16.63230748547294,51.64186242354555,10597.473779019278,1913.1826871789874
2026-02-28,2026,2,ZIMA,16.695189555361306,51.64186242354555,7303.820656026393,1905.909823796054
2026-02-28,2026,2,ZIMA,16.758071625249674,51.64186242354555,5685.470440609392,1905.410583317761
2026-02-28,2026,2,ZIMA,16.82095369513804,51.64186242354555,7017.3089844368305,1889.1978511755203
2026-02-28,2026,2,ZIMA,16.883835765026408,51.64186242354555,10202.945413633863,1888.6921727273468
2026-02-28,2026,2,ZIMA,16.94671783491477,51.64186242354555,14031.998661490588,1888.9876668539553
2026-02-28,2026,2,ZIMA,17.00959990480314,51.64186242354555,18100.64101576137,1889.247072111611
2026-02-28,2026,2,ZIMA,17.072481974691506,51.64186242354555,22277.9856371743,1889.2406144017755
2026-02-28,2026,2,ZIMA,16.50654334569621,51.70474449343391,21726.73189986778,1911.3494933607444
2026-02-28,2026,2,ZIMA,16.569425415584575,51.70474449343391,18368.400870511905,1912.6494191152153
2026-02-28,2026,2,ZIMA,16.63230748547294,51.70474449343391,15512.327393546435,1913.559190714928
2026-02-28,2026,2,ZIMA,16.695189555361306,51.70474449343391,13481.59372237837,1913.7311953935182
2026-02-28,2026,2,ZIMA,16.758071625249674,51.70474449343391,12679.166548422323,1909.1442809582118
2026-02-28,2026,2,ZIMA,16.82095369513804,51.70474449343391,13328.76158161471,1883.3285311972052
2026-02-28,2026,2,ZIMA,16.883835765026408,51.70474449343391,15245.895114827508,1887.0249843507722
2026-02-28,2026,2,ZIMA,16.94671783491477,51.70474449343391,18030.686749865705,1888.5485007982354
2026-02-28,2026,2,ZIMA,17.00959990480314,51.70474449343391,21346.215108421282,1888.9233527966726
2026-02-28,2026,2,ZIMA,16.569425415584575,51.767626563322295,23737.980709715666,1906.7426757811834
2026-02-28,2026,2,ZIMA,16.63230748547294,51.767626563322295,21606.947002294517,1907.8140778574548
2026-02-28,2026,2,ZIMA,16.695189555361306,51.767626563322295,20200.56706752922,1902.5304084765096
2026-02-28,2026,2,ZIMA,16.758071625249674,51.767626563322295,19674.85473951676,1891.2784370899296
2026-02-28,2026,2,ZIMA,16.82095369513804,51.767626563322295,20099.032512508216,1882.0916346974163
2026-02-28,2026,2,ZIMA,16.883835765026408,51.767626563322295,21416.735201237527,1881.348057323711
2026-02-28,2026,2,ZIMA,16.94671783491477,51.767626563322295,23477.99608168023,1882.5095739054284
2026-02-28,2026,2,ZIMA,16.62880570997349,51.393835919491536,23772.81206691847,1842.7289372933842
2026-02-28,2026,2,ZIMA,16.69168777986186,51.393835919491536,22444.168487932602,1894.2600979622982
2026-02-28,2026,2,ZIMA,16.75456984975022,51.393835919491536,21919.87074092618,1894.4170664555631
2026-02-28,2026,2,ZIMA,16.817451919638586,51.393835919491536,22256.833847700203,1894.634765906966
2026-02-28,2026,2,ZIMA,16.880333989526953,51.393835919491536,23417.90953829656,1894.6347870403888
2026-02-28,2026,2,ZIMA,16.503041570196757,51.4567179893799,23329.51591282778,1857.1211976985055
2026-02-28,2026,2,ZIMA,16.565923640085124,51.4567179893799,20168.223249741728,1857.29611577968
2026-02-28,2026,2,ZIMA,16.62880570997349,51.4567179893799,17531.16767551657,1857.3983805615067
2026-02-28,2026,2,ZIMA,16.44015950030839,51.51960005926827,23651.36158110853,1864.0843157590134
2026-02-28,2026,2,ZIMA,16.503041570196757,51.51960005926827,19596.571250763798,1864.1072881045866
2026-02-28,2026,2,ZIMA,16.565923640085124,51.51960005926827,15706.860517589022,1864.1532235844436
2026-02-28,2026,2,ZIMA,16.62880570997349,51.51960005926827,12141.936040708946,1864.1665203020004
2026-02-28,2026,2,ZIMA,16.44015950030839,51.58248212915663,22288.938532566015,1866.1810302735057
2026-02-28,2026,2,ZIMA,16.503041570196757,51.58248212915663,17935.359135039304,1866.1810302733763
2026-02-28,2026,2,ZIMA,16.565923640085124,51.58248212915663,13584.776716836925,1866.1810302733722
2026-02-28,2026,2,ZIMA,16.62880570997349,51.58248212915663,9241.430395874877,1866.1810266355685
2026-02-28,2026,2,ZIMA,16.44015950030839,51.645364199045005,23067.324886287264,1887.6757309709576
2026-02-28,2026,2,ZIMA,16.503041570196757,51.645364199045005,18900.359863722257,1887.782954785411
2026-02-28,2026,2,ZIMA,16.565923640085124,51.645364199045005,14841.900449359338,1887.9088649323471
2026-02-28,2026,2,ZIMA,16.62880570997349,51.645364199045005,11012.57495279697,1888.7577701734117
2026-02-28,2026,2,ZIMA,16.69168777986186,51.645364199045005,7759.3875429624095,1888.9942826618358
2026-02-28,2026,2,ZIMA,16.75456984975022,51.645364199045005,6088.997749080117,1888.9761508740214
2026-02-28,2026,2,ZIMA,16.817451919638586,51.645364199045005,7202.7799171278375,1889.6449073427905
2026-02-28,2026,2,ZIMA,16.880333989526953,51.645364199045005,10228.424308357662,1897.392454351748
2026-02-28,2026,2,ZIMA,16.94321605941532,51.645364199045005,13974.898813415424,1897.3924637320285
2026-02-28,2026,2,ZIMA,17.006098129303687,51.645364199045005,17997.537178952163,1897.3924610299161
2026-02-28,2026,2,ZIMA,17.068980199192055,51.645364199045005,22146.358588384242,1897.1266281625494
2026-02-28,2026,2,ZIMA,16.503041570196757,51.708246268933365,22151.03849863459,1895.0190963937325
2026-02-28,2026,2,ZIMA,16.565923640085124,51.708246268933365,18812.668624379385,1892.5525599197192
2026-02-28,2026,2,ZIMA,16.62880570997349,51.708246268933365,15970.236252677701,1884.417581110739
2026-02-28,2026,2,ZIMA,16.69168777986186,51.708246268933365,13930.699262098557,1884.2076850903777
2026-02-28,2026,2,ZIMA,16.75456984975022,51.708246268933365,13075.328814315202,1884.1027370801507
2026-02-28,2026,2,ZIMA,16.817451919638586,51.708246268933365,13628.934930458796,1887.0137664396345
2026-02-28,2026,2,ZIMA,16.880333989526953,51.708246268933365,15440.70551062199,1894.2275882224264
2026-02-28,2026,2,ZIMA,16.94321605941532,51.708246268933365,18137.44439719187,1894.1407217097544
2026-02-28,2026,2,ZIMA,17.006098129303687,51.708246268933365,21386.967058014467,1893.966981317548
2026-02-28,2026,2,ZIMA,16.565923640085124,51.77112833882174,24196.138332333372,1883.459411798071
2026-02-28,2026,2,ZIMA,16.62880570997349,51.77112833882174,22061.782880775623,1879.9643953012992
2026-02-28,2026,2,ZIMA,16.69168777986186,51.77112833882174,20635.474584856467,1880.1969197488256
2026-02-28,2026,2,ZIMA,16.75456984975022,51.77112833882174,20068.74892879994,1880.3138000309698
2026-02-28,2026,2,ZIMA,16.817451919638586,51.77112833882174,20433.25305464189,1886.705047996904
2026-02-28,2026,2,ZIMA,16.880333989526953,51.77112833882174,21682.07291472792,1889.3887281756329
2026-02-28,2026,2,ZIMA,16.94321605941532,51.77112833882174,23675.686332167108,1889.3925830713888
2026-03-02,2026,3,ZIMA,16.62880570997349,51.39033414399208,24132.56253846387,1924.5001379561666
2026-03-02,2026,3,ZIMA,16.69168777986186,51.39033414399208,22824.767038267706,1922.8081257154636
2026-03-02,2026,3,ZIMA,16.75456984975022,51.39033414399208,22309.375774318905,1919.0406214811587
2026-03-02,2026,3,ZIMA,16.817451919638586,51.39033414399208,22640.567670053617,1921.0733271773738
2026-03-02,2026,3,ZIMA,16.880333989526953,51.39033414399208,23783.002108405184,1922.4967292850565
2026-03-02,2026,3,ZIMA,16.503041570196757,51.45321621388044,23581.077953511707,1922.7353720435754
2026-03-02,2026,3,ZIMA,16.565923640085124,51.45321621388044,20458.436816040445,1932.1170936780782
2026-03-02,2026,3,ZIMA,16.62880570997349,51.45321621388044,17864.060187992847,1930.9669900942047
2026-03-02,2026,3,ZIMA,16.69168777986186,51.45321621388044,16056.097989486343,1918.4294187054668
2026-03-02,2026,3,ZIMA,16.75456984975022,51.45321621388044,15315.627883456851,1917.0413913018058
2026-03-02,2026,3,ZIMA,16.817451919638586,51.45321621388044,15793.514056679513,1925.8613281249702
2026-03-02,2026,3,ZIMA,16.880333989526953,51.45321621388044,17389.60114242064,1925.9579057650724
2026-03-02,2026,3,ZIMA,16.44015950030839,51.51609828376883,23785.498505187956,1912.329584233163
2026-03-02,2026,3,ZIMA,16.503041570196757,51.51609828376883,19757.914628789506,1914.0215700103422
2026-03-02,2026,3,ZIMA,16.565923640085124,51.51609828376883,15907.373286362195,1934.5135062278646
2026-03-02,2026,3,ZIMA,16.62880570997349,51.51609828376883,12399.921850519919,1934.5993278111437
2026-03-02,2026,3,ZIMA,16.69168777986186,51.51609828376883,9618.51826801077,1925.1754076787126
2026-03-02,2026,3,ZIMA,16.75456984975022,51.51609828376883,8325.742428621463,1924.9773416345633
2026-03-02,2026,3,ZIMA,16.817451919638586,51.51609828376883,9174.104004011042,1920.796119597574
2026-03-02,2026,3,ZIMA,16.880333989526953,51.51609828376883,11707.032333134212,1925.861255352525
2026-03-02,2026,3,ZIMA,16.44015950030839,51.57898035365719,22309.377798593767,1914.0625204072055
2026-03-02,2026,3,ZIMA,16.503041570196757,51.57898035365719,17960.37871340833,1914.8906005377298
2026-03-02,2026,3,ZIMA,16.565923640085124,51.57898035365719,13617.404822140948,1914.3208007811834
2026-03-02,2026,3,ZIMA,16.62880570997349,51.57898035365719,9288.916562767508,1920.4052602758438
2026-03-02,2026,3,ZIMA,16.69168777986186,51.57898035365719,5012.588919209262,1925.5519266531908
2026-03-02,2026,3,ZIMA,16.75456984975022,51.57898035365719,1399.9993034286374,1918.5020962285507
2026-03-02,2026,3,ZIMA,16.817451919638586,51.57898035365719,4097.049152339476,1919.2428050552235
2026-03-02,2026,3,ZIMA,16.880333989526953,51.57898035365719,8342.87147823116,1920.567146395557
2026-03-02,2026,3,ZIMA,16.44015950030839,51.64186242354555,22968.704488944466,1923.344373211198
2026-03-02,2026,3,ZIMA,16.503041570196757,51.64186242354555,18779.51120392489,1931.4862479523747
2026-03-02,2026,3,ZIMA,16.565923640085124,51.64186242354555,14687.337978946705,1927.8960299741605
2026-03-02,2026,3,ZIMA,16.62880570997349,51.64186242354555,10803.011787778565,1926.572727860274
2026-03-02,2026,3,ZIMA,16.69168777986186,51.64186242354555,7458.6619369363725,1921.8382686245923
2026-03-02,2026,3,ZIMA,16.75456984975022,51.64186242354555,5700.671005645907,1916.1537391617505
2026-03-02,2026,3,ZIMA,16.817451919638586,51.64186242354555,6877.713124472197,1921.084708972457
2026-03-02,2026,3,ZIMA,16.880333989526953,51.64186242354555,10002.381498184013,1922.4375593039445
2026-03-02,2026,3,ZIMA,16.94321605941532,51.64186242354555,13810.566952387238,1933.0419642654467
2026-03-02,2026,3,ZIMA,17.006098129303687,51.64186242354555,17870.512483347866,1934.4893838948165
2026-03-02,2026,3,ZIMA,17.068980199192055,51.64186242354555,22043.545537886053,1929.6477453893785
2026-03-02,2026,3,ZIMA,16.503041570196757,51.70474449343391,21924.029828531227,1931.1680326390108
2026-03-02,2026,3,ZIMA,16.565923640085124,51.70474449343391,18544.554847416206,1924.122510457106
2026-03-02,2026,3,ZIMA,16.62880570997349,51.70474449343391,15653.26864662927,1923.4417319289298
2026-03-02,2026,3,ZIMA,16.69168777986186,51.70474449343391,13565.988451621677,1927.5753443079125
2026-03-02,2026,3,ZIMA,16.75456984975022,51.70474449343391,12685.980479552787,1927.645506907638
2026-03-02,2026,3,ZIMA,16.817451919638586,51.70474449343391,13255.900035496014,1922.404326697363
2026-03-02,2026,3,ZIMA,16.880333989526953,51.70474449343391,15112.59324189347,1926.5511074222984
2026-03-02,2026,3,ZIMA,16.94321605941532,51.70474449343391,17859.14262116209,1931.8346619178028
2026-03-02,2026,3,ZIMA,17.006098129303687,51.70474449343391,21151.69893885063,1932.0908332481804
2026-03-02,2026,3,ZIMA,17.068980199192055,51.70474449343391,24773.504994530504,1932.3375965257324
2026-03-02,2026,3,ZIMA,16.565923640085124,51.767626563322295,23874.360079904105,1908.810425217733
2026-03-02,2026,3,ZIMA,16.62880570997349,51.767626563322295,21708.214615169894,1910.3741144256223
2026-03-02,2026,3,ZIMA,16.69168777986186,51.767626563322295,20256.910366016018,1930.9444907792604
2026-03-02,2026,3,ZIMA,16.75456984975022,51.767626563322295,19679.240479065716,1929.1823620881544
2026-03-02,2026,3,ZIMA,16.817451919638586,51.767626563322295,20050.855201186074,1922.4885506210405
2026-03-02,2026,3,ZIMA,16.880333989526953,51.767626563322295,21322.179027900544,1929.7805175781582
2026-03-02,2026,3,ZIMA,16.94321605941532,51.767626563322295,23346.69471159949,1929.7805175781623
2026-03-03,2026,3,ZIMA,16.62880570997349,51.39033414399208,24132.56253846387,1894.9438031191303
2026-03-03,2026,3,ZIMA,16.69168777986186,51.39033414399208,22824.767038267706,1897.6984991820684
2026-03-03,2026,3,ZIMA,16.75456984975022,51.39033414399208,22309.375774318905,1895.8682716477608
2026-03-03,2026,3,ZIMA,16.817451919638586,51.39033414399208,22640.567670053617,1901.436404157471
2026-03-03,2026,3,ZIMA,16.880333989526953,51.39033414399208,23783.002108405184,1896.3134069840698
2026-03-03,2026,3,ZIMA,16.503041570196757,51.45321621388044,23581.077953511707,1899.9496423466358
2026-03-03,2026,3,ZIMA,16.565923640085124,51.45321621388044,20458.436816040445,1894.5580470085008
2026-03-03,2026,3,ZIMA,16.62880570997349,51.45321621388044,17864.060187992847,1904.641352944697
2026-03-03,2026,3,ZIMA,16.69168777986186,51.45321621388044,16056.097989486343,1911.3055192060208
2026-03-03,2026,3,ZIMA,16.75456984975022,51.45321621388044,15315.627883456851,1905.0866571344611
2026-03-03,2026,3,ZIMA,16.817451919638586,51.45321621388044,15793.514056679513,1903.565840110814
2026-03-03,2026,3,ZIMA,16.94321605941532,51.45321621388044,19835.775380789644,1895.3272293572684
2026-03-03,2026,3,ZIMA,16.44015950030839,51.51609828376883,23785.498505187956,1902.7137700020874
2026-03-03,2026,3,ZIMA,16.503041570196757,51.51609828376883,19757.914628789506,1897.9055203625314
2026-03-03,2026,3,ZIMA,16.565923640085124,51.51609828376883,15907.373286362195,1900.4722710558294
2026-03-03,2026,3,ZIMA,16.62880570997349,51.51609828376883,12399.921850519919,1909.2918656721451
2026-03-03,2026,3,ZIMA,16.69168777986186,51.51609828376883,9618.51826801077,1906.1409013760035
2026-03-03,2026,3,ZIMA,16.75456984975022,51.51609828376883,8325.742428621463,1900.6638481941013
2026-03-03,2026,3,ZIMA,16.817451919638586,51.51609828376883,9174.104004011042,1903.571228814594
2026-03-03,2026,3,ZIMA,16.44015950030839,51.57898035365719,22309.377798593767,1886.6319393538145
2026-03-03,2026,3,ZIMA,16.503041570196757,51.57898035365719,17960.37871340833,1885.3523862667114
2026-03-03,2026,3,ZIMA,16.565923640085124,51.57898035365719,13617.404822140948,1902.0223026097326
2026-03-03,2026,3,ZIMA,16.62880570997349,51.57898035365719,9288.916562767508,1902.0592597306363
2026-03-03,2026,3,ZIMA,16.69168777986186,51.57898035365719,5012.588919209262,1900.8602846166887
2026-03-03,2026,3,ZIMA,16.75456984975022,51.57898035365719,1399.9993034286374,1900.8981933593088
2026-03-03,2026,3,ZIMA,16.817451919638586,51.57898035365719,4097.049152339476,1902.3340552548416
2026-03-03,2026,3,ZIMA,16.880333989526953,51.57898035365719,8342.87147823116,1903.9522212466054
2026-03-03,2026,3,ZIMA,16.94321605941532,51.57898035365719,12665.426555374055,1905.5761603323626
2026-03-03,2026,3,ZIMA,16.44015950030839,51.64186242354555,22968.704488944466,1903.2354560955825
2026-03-03,2026,3,ZIMA,16.503041570196757,51.64186242354555,18779.51120392489,1901.6715810740416
2026-03-03,2026,3,ZIMA,16.565923640085124,51.64186242354555,14687.337978946705,1906.9278578338526
2026-03-03,2026,3,ZIMA,16.62880570997349,51.64186242354555,10803.011787778565,1906.5308409629545
2026-03-03,2026,3,ZIMA,16.69168777986186,51.64186242354555,7458.6619369363725,1904.383716840264
2026-03-03,2026,3,ZIMA,16.75456984975022,51.64186242354555,5700.671005645907,1903.606635638871
2026-03-03,2026,3,ZIMA,16.817451919638586,51.64186242354555,6877.713124472197,1896.3235499140885
2026-03-03,2026,3,ZIMA,16.880333989526953,51.64186242354555,10002.381498184013,1900.9345297134207
2026-03-03,2026,3,ZIMA,16.94321605941532,51.64186242354555,13810.566952387238,1902.6339971889195
2026-03-03,2026,3,ZIMA,17.006098129303687,51.64186242354555,17870.512483347866,1915.156984165943
2026-03-03,2026,3,ZIMA,17.068980199192055,51.64186242354555,22043.545537886053,1914.683947576682
2026-03-03,2026,3,ZIMA,16.503041570196757,51.70474449343391,21924.029828531227,1905.772361953746
2026-03-03,2026,3,ZIMA,16.565923640085124,51.70474449343391,18544.554847416206,1906.9278468391067
2026-03-03,2026,3,ZIMA,16.62880570997349,51.70474449343391,15653.26864662927,1906.2476191516023
2026-03-03,2026,3,ZIMA,16.69168777986186,51.70474449343391,13565.988451621677,1906.6742665177705
2026-03-03,2026,3,ZIMA,16.75456984975022,51.70474449343391,12685.980479552787,1911.0796808874923
2026-03-03,2026,3,ZIMA,16.817451919638586,51.70474449343391,13255.900035496014,1908.4323109335148
2026-03-03,2026,3,ZIMA,16.880333989526953,51.70474449343391,15112.59324189347,1901.067825979328
2026-03-03,2026,3,ZIMA,16.94321605941532,51.70474449343391,17859.14262116209,1907.4734886859228
2026-03-03,2026,3,ZIMA,17.006098129303687,51.70474449343391,21151.69893885063,1915.2683105468452
2026-03-03,2026,3,ZIMA,17.068980199192055,51.70474449343391,24773.504994530504,1911.381238343607
2026-03-03,2026,3,ZIMA,16.69168777986186,51.767626563322295,20256.910366016018,1903.802418052647
2026-03-03,2026,3,ZIMA,16.75456984975022,51.767626563322295,19679.240479065716,1904.3865259673628
2026-03-03,2026,3,ZIMA,16.817451919638586,51.767626563322295,20050.855201186074,1901.9033883371098
2026-03-03,2026,3,ZIMA,16.880333989526953,51.767626563322295,21322.179027900544,1909.5901233452666
2026-03-03,2026,3,ZIMA,16.94321605941532,51.767626563322295,23346.69471159949,1915.679833373605
2026-03-04,2026,3,ZIMA,16.63230748547294,51.39033414399208,24040.75037827768,1913.035861358574
2026-03-04,2026,3,ZIMA,16.695189555361306,51.39033414399208,22774.361202252046,1925.6391884910106
2026-03-04,2026,3,ZIMA,16.758071625249674,51.39033414399208,22305.47501033657,1924.6249746134597
2026-03-04,2026,3,ZIMA,16.82095369513804,51.39033414399208,22683.599851816612,1914.263037963384
2026-03-04,2026,3,ZIMA,16.883835765026408,51.39033414399208,23868.515249312062,1914.4613124114142
2026-03-04,2026,3,ZIMA,16.50654334569621,51.45321621388044,23396.738235416302,1915.3583199090447
2026-03-04,2026,3,ZIMA,16.569425415584575,51.45321621388044,20298.01174458644,1922.1788600719763
2026-03-04,2026,3,ZIMA,16.63230748547294,51.45321621388044,17740.006059764815,1927.584084550301
2026-03-04,2026,3,ZIMA,16.695189555361306,51.45321621388044,15984.460380881492,1922.0060972659542
2026-03-04,2026,3,ZIMA,16.758071625249674,51.45321621388044,15309.953112466403,1914.372653960488
2026-03-04,2026,3,ZIMA,16.82095369513804,51.45321621388044,15855.056231952789,1910.922361626989
2026-03-04,2026,3,ZIMA,16.883835765026408,51.45321621388044,17506.212359873636,1912.693815874448
2026-03-04,2026,3,ZIMA,16.44366127580784,51.51609828376883,23558.084958616277,1914.6726344786819
2026-03-04,2026,3,ZIMA,16.50654334569621,51.51609828376883,19537.84054011882,1915.987248122662
2026-03-04,2026,3,ZIMA,16.569425415584575,51.51609828376883,15700.8009096385,1919.611008307699
2026-03-04,2026,3,ZIMA,16.63230748547294,51.51609828376883,12220.773060573265,1922.9297688700988
2026-03-04,2026,3,ZIMA,16.695189555361306,51.51609828376883,9498.617637244897,1923.8392555837581
2026-03-04,2026,3,ZIMA,16.758071625249674,51.51609828376883,8315.313151789731,1909.2475432727354
2026-03-04,2026,3,ZIMA,16.82095369513804,51.51609828376883,9279.50594577174,1909.7926806607552
2026-03-04,2026,3,ZIMA,16.883835765026408,51.51609828376883,11879.320814836998,1910.1162347488514
2026-03-04,2026,3,ZIMA,16.44366127580784,51.57898035365719,22067.09312874936,1900.0408267561054
2026-03-04,2026,3,ZIMA,16.50654334569621,51.57898035365719,17718.327792455035,1905.002108962957
2026-03-04,2026,3,ZIMA,16.63230748547294,51.57898035365719,9048.716728001045,1918.2666648515776
2026-03-04,2026,3,ZIMA,16.695189555361306,51.57898035365719,4778.811626111381,1907.0012319114915
2026-03-04,2026,3,ZIMA,16.758071625249674,51.57898035365719,1336.6685605293208,1907.0012176328062
2026-03-04,2026,3,ZIMA,16.82095369513804,51.57898035365719,4327.607486410343,1907.3984694849664
2026-03-05,2026,3,ZIMA,16.63230748547294,51.39033414399208,24040.75037827768,1869.1927619515486
2026-03-05,2026,3,ZIMA,16.695189555361306,51.39033414399208,22774.361202252046,1869.2482968803095
2026-03-05,2026,3,ZIMA,16.758071625249674,51.39033414399208,22305.47501033657,1867.9790716943658
2026-03-05,2026,3,ZIMA,16.82095369513804,51.39033414399208,22683.599851816612,1866.28772133785
2026-03-05,2026,3,ZIMA,16.50654334569621,51.45321621388044,23396.738235416302,1875.2860420752024
2026-03-05,2026,3,ZIMA,16.569425415584575,51.45321621388044,20298.01174458644,1875.0761429223223
2026-03-05,2026,3,ZIMA,16.63230748547294,51.45321621388044,17740.006059764815,1873.5957651501003
2026-03-05,2026,3,ZIMA,16.695189555361306,51.45321621388044,15984.460380881492,1868.5709566428368
2026-03-05,2026,3,ZIMA,16.758071625249674,51.45321621388044,15309.953112466403,1868.479002355975
2026-03-05,2026,3,ZIMA,16.44366127580784,51.51609828376883,23558.084958616277,1875.7548497780924
2026-03-05,2026,3,ZIMA,16.50654334569621,51.51609828376883,19537.84054011882,1866.2173574815663
2026-03-05,2026,3,ZIMA,16.569425415584575,51.51609828376883,15700.8009096385,1869.0801661904084
2026-03-05,2026,3,ZIMA,16.63230748547294,51.51609828376883,12220.773060573265,1872.7889451856245
2026-03-05,2026,3,ZIMA,16.695189555361306,51.51609828376883,9498.617637244897,1874.4290675831762
2026-03-05,2026,3,ZIMA,16.758071625249674,51.51609828376883,8315.313151789731,1870.520348940801
2026-03-05,2026,3,ZIMA,16.44366127580784,51.57898035365719,22067.09312874936,1875.9519312785874
2026-03-05,2026,3,ZIMA,16.50654334569621,51.57898035365719,17718.327792455035,1869.8059733570865
2026-03-05,2026,3,ZIMA,16.569425415584575,51.57898035365719,13375.848816009768,1861.9973031442905
2026-03-05,2026,3,ZIMA,16.63230748547294,51.57898035365719,9048.716728001045,1863.106313285079
2026-03-05,2026,3,ZIMA,16.50654334569621,51.64186242354555,18548.47434255549,1877.3383858952645
2026-03-05,2026,3,ZIMA,16.569425415584575,51.64186242354555,14463.97307729854,1877.3383762098488
2026-03-05,2026,3,ZIMA,16.63230748547294,51.64186242354555,10597.473779019278,1877.3383558866383
2026-03-05,2026,3,ZIMA,16.62880570997349,51.393835919491536,23772.81206691847,1879.4457650125094
2026-03-05,2026,3,ZIMA,16.69168777986186,51.393835919491536,22444.168487932602,1877.6414680381133
2026-03-05,2026,3,ZIMA,16.75456984975022,51.393835919491536,21919.87074092618,1877.8080598388817
2026-03-05,2026,3,ZIMA,16.817451919638586,51.393835919491536,22256.833847700203,1878.0814304285573
2026-03-05,2026,3,ZIMA,16.880333989526953,51.393835919491536,23417.90953829656,1878.0833887110127
2026-03-05,2026,3,ZIMA,16.44015950030839,51.645364199045005,23067.324886287264,1878.3519235812762
2026-03-05,2026,3,ZIMA,16.503041570196757,51.645364199045005,18900.359863722257,1878.329481001587
2026-03-05,2026,3,ZIMA,16.565923640085124,51.645364199045005,14841.900449359338,1856.2554981957685
2026-03-05,2026,3,ZIMA,16.62880570997349,51.645364199045005,11012.57495279697,1856.2554915444116
2026-03-05,2026,3,ZIMA,16.69168777986186,51.645364199045005,7759.3875429624095,1856.2554956010276
2026-03-05,2026,3,ZIMA,16.75456984975022,51.645364199045005,6088.997749080117,1856.2554774369087
2026-03-05,2026,3,ZIMA,16.817451919638586,51.645364199045005,7202.7799171278375,1856.2554958611302
2026-03-05,2026,3,ZIMA,16.503041570196757,51.708246268933365,22151.03849863459,1878.230182897919
2026-03-05,2026,3,ZIMA,16.565923640085124,51.708246268933365,18812.668624379385,1861.9662271150305
2026-03-05,2026,3,ZIMA,16.62880570997349,51.708246268933365,15970.236252677701,1862.4361522105173
2026-03-05,2026,3,ZIMA,16.69168777986186,51.708246268933365,13930.699262098557,1863.376200758477
2026-03-05,2026,3,ZIMA,16.75456984975022,51.708246268933365,13075.328814315202,1863.846296166901
2026-03-05,2026,3,ZIMA,16.817451919638586,51.708246268933365,13628.934930458796,1864.6557152924859
2026-03-05,2026,3,ZIMA,16.565923640085124,51.77112833882174,24196.138332333372,1873.6687011718097
2026-03-05,2026,3,ZIMA,16.62880570997349,51.77112833882174,22061.782880775623,1873.6687011719434
2026-03-05,2026,3,ZIMA,16.69168777986186,51.77112833882174,20635.474584856467,1873.690257210274
2026-03-05,2026,3,ZIMA,16.75456984975022,51.77112833882174,20068.74892879994,1873.7157625620869
2026-03-05,2026,3,ZIMA,16.817451919638586,51.77112833882174,20433.25305464189,1877.6718376690947
2026-03-05,2026,3,ZIMA,16.880333989526953,51.77112833882174,21682.07291472792,1886.5601957327453
2026-03-05,2026,3,ZIMA,16.94321605941532,51.77112833882174,23675.686332167108,1886.560166996188
2026-03-06,2026,3,ZIMA,16.63230748547294,51.39033414399208,24040.75037827768,1918.1635742188203
2026-03-06,2026,3,ZIMA,16.695189555361306,51.39033414399208,22774.361202252046,1923.896670523419
2026-03-06,2026,3,ZIMA,16.758071625249674,51.39033414399208,22305.47501033657,1925.9764970388903
2026-03-06,2026,3,ZIMA,16.82095369513804,51.39033414399208,22683.599851816612,1925.9132030631345
2026-03-06,2026,3,ZIMA,16.50654334569621,51.45321621388044,23396.738235416302,1927.8631647314544
2026-03-06,2026,3,ZIMA,16.569425415584575,51.45321621388044,20298.01174458644,1926.106093686452
2026-03-06,2026,3,ZIMA,16.63230748547294,51.45321621388044,17740.006059764815,1924.107647567116
2026-03-06,2026,3,ZIMA,16.695189555361306,51.45321621388044,15984.460380881492,1921.7995566214854
2026-03-06,2026,3,ZIMA,16.758071625249674,51.45321621388044,15309.953112466403,1919.0363351289357
2026-03-06,2026,3,ZIMA,16.50654334569621,51.51609828376883,19537.84054011882,1927.8631342238475
2026-03-06,2026,3,ZIMA,16.569425415584575,51.51609828376883,15700.8009096385,1927.863166152894
2026-03-06,2026,3,ZIMA,16.63230748547294,51.51609828376883,12220.773060573265,1927.7263078156725
2026-03-06,2026,3,ZIMA,16.695189555361306,51.51609828376883,9498.617637244897,1924.0602645081792
2026-03-06,2026,3,ZIMA,16.758071625249674,51.51609828376883,8315.313151789731,1923.669796326047
2026-03-06,2026,3,ZIMA,16.63230748547294,51.57898035365719,9048.716728001045,1923.4549486172612
2026-03-06,2026,3,ZIMA,16.695189555361306,51.57898035365719,4778.811626111381,1921.5929040872675
2026-03-06,2026,3,ZIMA,16.758071625249674,51.57898035365719,1336.6685605293208,1920.1976425537957
2026-03-06,2026,3,ZIMA,16.82095369513804,51.57898035365719,4327.607486410343,1920.0640778253824
2026-03-06,2026,3,ZIMA,16.569425415584575,51.64186242354555,14463.97307729854,1928.431652812367
2026-03-06,2026,3,ZIMA,16.63230748547294,51.64186242354555,10597.473779019278,1929.8310082005016
2026-03-06,2026,3,ZIMA,16.695189555361306,51.64186242354555,7303.820656026393,1929.3579403312242
2026-03-06,2026,3,ZIMA,16.758071625249674,51.64186242354555,5685.470440609392,1925.88238013957
2026-03-06,2026,3,ZIMA,16.82095369513804,51.64186242354555,7017.3089844368305,1923.133033036683
2026-03-06,2026,3,ZIMA,16.883835765026408,51.64186242354555,10202.945413633863,1920.1824402174398
2026-03-06,2026,3,ZIMA,16.94671783491477,51.64186242354555,14031.998661490588,1920.064091160803
2026-03-06,2026,3,ZIMA,17.00959990480314,51.64186242354555,18100.64101576137,1928.5503584579426
2026-03-06,2026,3,ZIMA,16.569425415584575,51.70474449343391,18368.400870511905,1928.24046558975
2026-03-06,2026,3,ZIMA,16.63230748547294,51.70474449343391,15512.327393546435,1927.8205618893624
2026-03-06,2026,3,ZIMA,16.695189555361306,51.70474449343391,13481.59372237837,1929.8477736075624
2026-03-06,2026,3,ZIMA,16.758071625249674,51.70474449343391,12679.166548422323,1930.4982910155575
2026-03-06,2026,3,ZIMA,16.82095369513804,51.70474449343391,13328.76158161471,1925.8398488120688
2026-03-06,2026,3,ZIMA,16.883835765026408,51.70474449343391,15245.895114827508,1923.120893751816
2026-03-06,2026,3,ZIMA,16.94671783491477,51.70474449343391,18030.686749865705,1925.0704040689718
2026-03-06,2026,3,ZIMA,17.00959990480314,51.70474449343391,21346.215108421282,1928.5504079364011
2026-03-06,2026,3,ZIMA,16.569425415584575,51.767626563322295,23737.980709715666,1924.6718915238187
2026-03-06,2026,3,ZIMA,16.63230748547294,51.767626563322295,21606.947002294517,1929.557905797587
2026-03-06,2026,3,ZIMA,16.695189555361306,51.767626563322295,20200.56706752922,1929.5080175163655
2026-03-06,2026,3,ZIMA,16.758071625249674,51.767626563322295,19674.85473951676,1928.2134388573954
2026-03-06,2026,3,ZIMA,16.82095369513804,51.767626563322295,20099.032512508216,1928.5343522234405
2026-03-06,2026,3,ZIMA,16.883835765026408,51.767626563322295,21416.735201237527,1930.4983562890895
2026-03-06,2026,3,ZIMA,16.94671783491477,51.767626563322295,23477.99608168023,1930.8433593745674
2026-03-06,2026,3,ZIMA,16.62880570997349,51.39033414399208,24132.56253846387,1917.3193014564122
2026-03-06,2026,3,ZIMA,16.69168777986186,51.39033414399208,22824.767038267706,1919.9426464235773
2026-03-06,2026,3,ZIMA,16.75456984975022,51.39033414399208,22309.375774318905,1926.8233221408327
2026-03-06,2026,3,ZIMA,16.817451919638586,51.39033414399208,22640.567670053617,1926.595626952259
2026-03-06,2026,3,ZIMA,16.880333989526953,51.39033414399208,23783.002108405184,1923.7014386103365
2026-03-06,2026,3,ZIMA,16.503041570196757,51.45321621388044,23581.077953511707,1920.1082380185205
2026-03-06,2026,3,ZIMA,16.565923640085124,51.45321621388044,20458.436816040445,1915.2962126312864
2026-03-06,2026,3,ZIMA,16.62880570997349,51.45321621388044,17864.060187992847,1915.3719215968583
2026-03-06,2026,3,ZIMA,16.69168777986186,51.45321621388044,16056.097989486343,1919.4677952013128
2026-03-06,2026,3,ZIMA,16.75456984975022,51.45321621388044,15315.627883456851,1920.3499770623393
2026-03-06,2026,3,ZIMA,16.817451919638586,51.45321621388044,15793.514056679513,1920.5698717819578
2026-03-06,2026,3,ZIMA,16.44015950030839,51.51609828376883,23785.498505187956,1915.4340897193183
2026-03-06,2026,3,ZIMA,16.503041570196757,51.51609828376883,19757.914628789506,1914.8926371559269
2026-03-06,2026,3,ZIMA,16.565923640085124,51.51609828376883,15907.373286362195,1913.725534989429
2026-03-06,2026,3,ZIMA,16.62880570997349,51.51609828376883,12399.921850519919,1913.7815329649363
2026-03-06,2026,3,ZIMA,16.69168777986186,51.51609828376883,9618.51826801077,1917.7766111715475
2026-03-06,2026,3,ZIMA,16.75456984975022,51.51609828376883,8325.742428621463,1917.7712790005314
2026-03-06,2026,3,ZIMA,16.817451919638586,51.51609828376883,9174.104004011042,1917.7703857421834
2026-03-06,2026,3,ZIMA,16.44015950030839,51.57898035365719,22309.377798593767,1910.1084731526505
2026-03-06,2026,3,ZIMA,16.503041570196757,51.57898035365719,17960.37871340833,1901.9004998901685
2026-03-06,2026,3,ZIMA,16.565923640085124,51.57898035365719,13617.404822140948,1901.9999012946193
2026-03-06,2026,3,ZIMA,16.62880570997349,51.57898035365719,9288.916562767508,1902.4036886409665
2026-03-06,2026,3,ZIMA,16.69168777986186,51.57898035365719,5012.588919209262,1915.375716110951
2026-03-06,2026,3,ZIMA,16.75456984975022,51.57898035365719,1399.9993034286374,1915.4837387051004
2026-03-06,2026,3,ZIMA,16.817451919638586,51.57898035365719,4097.049152339476,1915.7849155477581
2026-03-06,2026,3,ZIMA,16.880333989526953,51.57898035365719,8342.87147823116,1915.2007013437412
2026-03-06,2026,3,ZIMA,16.94321605941532,51.57898035365719,12665.426555374055,1915.2006849468698
2026-03-06,2026,3,ZIMA,17.006098129303687,51.57898035365719,17006.302359631587,1912.2761456123328
2026-03-06,2026,3,ZIMA,17.068980199192055,51.57898035365719,21354.326951061896,1912.270744674199
2026-03-06,2026,3,ZIMA,16.44015950030839,51.64186242354555,22968.704488944466,1910.2141700519612
2026-03-06,2026,3,ZIMA,16.503041570196757,51.64186242354555,18779.51120392489,1907.910597818312
2026-03-06,2026,3,ZIMA,16.565923640085124,51.64186242354555,14687.337978946705,1908.109155154439
2026-03-06,2026,3,ZIMA,16.62880570997349,51.64186242354555,10803.011787778565,1910.3191086559177
2026-03-06,2026,3,ZIMA,16.69168777986186,51.64186242354555,7458.6619369363725,1914.5759027750141
2026-03-06,2026,3,ZIMA,16.75456984975022,51.64186242354555,5700.671005645907,1914.322958515523
2026-03-06,2026,3,ZIMA,16.817451919638586,51.64186242354555,6877.713124472197,1916.8315331488127
2026-03-06,2026,3,ZIMA,16.880333989526953,51.64186242354555,10002.381498184013,1917.3675933317104
2026-03-06,2026,3,ZIMA,16.94321605941532,51.64186242354555,13810.566952387238,1917.4343637898135
2026-03-06,2026,3,ZIMA,17.006098129303687,51.64186242354555,17870.512483347866,1919.7379579730407
2026-03-06,2026,3,ZIMA,17.068980199192055,51.64186242354555,22043.545537886053,1919.88483095167
2026-03-06,2026,3,ZIMA,16.503041570196757,51.70474449343391,21924.029828531227,1907.5188046394805
2026-03-06,2026,3,ZIMA,16.565923640085124,51.70474449343391,18544.554847416206,1907.2651173469674
2026-03-06,2026,3,ZIMA,16.62880570997349,51.70474449343391,15653.26864662927,1913.6249325002693
2026-03-06,2026,3,ZIMA,16.69168777986186,51.70474449343391,13565.988451621677,1919.431701138004
2026-03-06,2026,3,ZIMA,16.75456984975022,51.70474449343391,12685.980479552787,1919.512527561627
2026-03-06,2026,3,ZIMA,16.817451919638586,51.70474449343391,13255.900035496014,1915.5309917151073
2026-03-06,2026,3,ZIMA,16.880333989526953,51.70474449343391,15112.59324189347,1915.5541992187827
2026-03-06,2026,3,ZIMA,16.94321605941532,51.70474449343391,17859.14262116209,1915.5541992187868
2026-03-06,2026,3,ZIMA,17.006098129303687,51.70474449343391,21151.69893885063,1914.9024658202827
2026-03-06,2026,3,ZIMA,17.068980199192055,51.70474449343391,24773.504994530504,1914.9024658203455
2026-03-06,2026,3,ZIMA,16.565923640085124,51.767626563322295,23874.360079904105,1901.9948469643
2026-03-06,2026,3,ZIMA,16.62880570997349,51.767626563322295,21708.214615169894,1920.146152457655
2026-03-06,2026,3,ZIMA,16.69168777986186,51.767626563322295,20256.910366016018,1919.9623291688656
2026-03-06,2026,3,ZIMA,16.75456984975022,51.767626563322295,19679.240479065716,1919.8604662799808
2026-03-06,2026,3,ZIMA,16.817451919638586,51.767626563322295,20050.855201186074,1911.6611897928678
2026-03-06,2026,3,ZIMA,16.880333989526953,51.767626563322295,21322.179027900544,1911.8137757173204
2026-03-06,2026,3,ZIMA,16.94321605941532,51.767626563322295,23346.69471159949,1913.0656993315395
2026-03-07,2026,3,ZIMA,16.62880570997349,51.39033414399208,24132.56253846387,1899.7300840803648
2026-03-07,2026,3,ZIMA,16.69168777986186,51.39033414399208,22824.767038267706,1907.794465684529
2026-03-07,2026,3,ZIMA,16.75456984975022,51.39033414399208,22309.375774318905,1905.2179060192184
2026-03-07,2026,3,ZIMA,16.817451919638586,51.39033414399208,22640.567670053617,1898.6458380576228
2026-03-07,2026,3,ZIMA,16.880333989526953,51.39033414399208,23783.002108405184,1907.23166889787
2026-03-07,2026,3,ZIMA,16.503041570196757,51.45321621388044,23581.077953511707,1904.7988830459008
2026-03-07,2026,3,ZIMA,16.565923640085124,51.45321621388044,20458.436816040445,1904.3610545504075
2026-03-07,2026,3,ZIMA,16.62880570997349,51.45321621388044,17864.060187992847,1908.9302457490735
2026-03-07,2026,3,ZIMA,16.69168777986186,51.45321621388044,16056.097989486343,1906.0735033931646
2026-03-07,2026,3,ZIMA,16.75456984975022,51.45321621388044,15315.627883456851,1897.5240026547556
2026-03-07,2026,3,ZIMA,16.817451919638586,51.45321621388044,15793.514056679513,1897.647701701634
2026-03-07,2026,3,ZIMA,16.880333989526953,51.45321621388044,17389.60114242064,1899.3761796232639
2026-03-07,2026,3,ZIMA,16.94321605941532,51.45321621388044,19835.775380789644,1899.3762130178332
2026-03-07,2026,3,ZIMA,16.44015950030839,51.51609828376883,23785.498505187956,1900.356800842777
2026-03-07,2026,3,ZIMA,16.503041570196757,51.51609828376883,19757.914628789506,1904.6563001789732
2026-03-07,2026,3,ZIMA,16.565923640085124,51.51609828376883,15907.373286362195,1908.7662303525658
2026-03-07,2026,3,ZIMA,16.62880570997349,51.51609828376883,12399.921850519919,1913.013217923803
2026-03-07,2026,3,ZIMA,16.69168777986186,51.51609828376883,9618.51826801077,1904.4165746249041
2026-03-07,2026,3,ZIMA,16.75456984975022,51.51609828376883,8325.742428621463,1895.3298339843336
2026-03-07,2026,3,ZIMA,16.817451919638586,51.51609828376883,9174.104004011042,1895.6662355831522
2026-03-07,2026,3,ZIMA,16.44015950030839,51.57898035365719,22309.377798593767,1890.1175702878352
2026-03-07,2026,3,ZIMA,16.503041570196757,51.57898035365719,17960.37871340833,1888.4731810153426
2026-03-07,2026,3,ZIMA,16.565923640085124,51.57898035365719,13617.404822140948,1919.1236665465722
2026-03-07,2026,3,ZIMA,16.62880570997349,51.57898035365719,9288.916562767508,1918.520689571362
2026-03-07,2026,3,ZIMA,16.69168777986186,51.57898035365719,5012.588919209262,1900.6087309701995
2026-03-07,2026,3,ZIMA,16.75456984975022,51.57898035365719,1399.9993034286374,1900.5171156112124
2026-03-07,2026,3,ZIMA,16.817451919638586,51.57898035365719,4097.049152339476,1904.3968683544547
2026-03-07,2026,3,ZIMA,16.880333989526953,51.57898035365719,8342.87147823116,1909.9781377697718
2026-03-07,2026,3,ZIMA,16.94321605941532,51.57898035365719,12665.426555374055,1916.9345470132232
2026-03-07,2026,3,ZIMA,16.44015950030839,51.64186242354555,22968.704488944466,1910.9011128716706
2026-03-07,2026,3,ZIMA,16.503041570196757,51.64186242354555,18779.51120392489,1909.9923928923408
2026-03-07,2026,3,ZIMA,16.565923640085124,51.64186242354555,14687.337978946705,1909.251944798343
2026-03-07,2026,3,ZIMA,16.62880570997349,51.64186242354555,10803.011787778565,1909.274112198164
2026-03-07,2026,3,ZIMA,16.69168777986186,51.64186242354555,7458.6619369363725,1899.160063200889
2026-03-07,2026,3,ZIMA,16.75456984975022,51.64186242354555,5700.671005645907,1899.3274597741624
2026-03-07,2026,3,ZIMA,16.817451919638586,51.64186242354555,6877.713124472197,1899.3061523437204
2026-03-07,2026,3,ZIMA,16.880333989526953,51.64186242354555,10002.381498184013,1914.5334340209786
2026-03-07,2026,3,ZIMA,16.94321605941532,51.64186242354555,13810.566952387238,1915.1643634122258
2026-03-07,2026,3,ZIMA,17.006098129303687,51.64186242354555,17870.512483347866,1909.411311834951
2026-03-07,2026,3,ZIMA,17.068980199192055,51.64186242354555,22043.545537886053,1910.0258967202499
2026-03-07,2026,3,ZIMA,16.503041570196757,51.70474449343391,21924.029828531227,1910.441608327194
2026-03-07,2026,3,ZIMA,16.565923640085124,51.70474449343391,18544.554847416206,1907.242913945227
2026-03-07,2026,3,ZIMA,16.62880570997349,51.70474449343391,15653.26864662927,1902.959591414452
2026-03-07,2026,3,ZIMA,16.69168777986186,51.70474449343391,13565.988451621677,1897.7824707031943
2026-03-07,2026,3,ZIMA,16.75456984975022,51.70474449343391,12685.980479552787,1900.1793688438252
2026-03-07,2026,3,ZIMA,16.817451919638586,51.70474449343391,13255.900035496014,1902.3964301336682
2026-03-07,2026,3,ZIMA,16.880333989526953,51.70474449343391,15112.59324189347,1916.11064304548
2026-03-07,2026,3,ZIMA,16.94321605941532,51.70474449343391,17859.14262116209,1915.8235159320395
2026-03-07,2026,3,ZIMA,17.006098129303687,51.70474449343391,21151.69893885063,1905.9251865414344
2026-03-07,2026,3,ZIMA,17.068980199192055,51.70474449343391,24773.504994530504,1905.8773132817892
2026-03-07,2026,3,ZIMA,16.565923640085124,51.767626563322295,23874.360079904105,1908.4409984384902
2026-03-07,2026,3,ZIMA,16.62880570997349,51.767626563322295,21708.214615169894,1904.6180964458351
2026-03-07,2026,3,ZIMA,16.69168777986186,51.767626563322295,20256.910366016018,1904.4862754703515
2026-03-07,2026,3,ZIMA,16.75456984975022,51.767626563322295,19679.240479065716,1904.119204388149
2026-03-07,2026,3,ZIMA,16.817451919638586,51.767626563322295,20050.855201186074,1906.222639733841
2026-03-07,2026,3,ZIMA,16.880333989526953,51.767626563322295,21322.179027900544,1909.0114966108372
2026-03-07,2026,3,ZIMA,16.94321605941532,51.767626563322295,23346.69471159949,1909.8919895202487
2026-03-09,2026,3,ZIMA,16.695189555361306,51.40083947049044,21630.877526090502,1902.1961975488719
2026-03-09,2026,3,ZIMA,16.758071625249674,51.40083947049044,21136.75458536362,1901.5771743515606
2026-03-09,2026,3,ZIMA,16.82095369513804,51.40083947049044,21535.319411315104,1903.396263878063
2026-03-09,2026,3,ZIMA,16.883835765026408,51.40083947049044,22779.76429883193,1914.0860604434886
2026-03-09,2026,3,ZIMA,16.94671783491477,51.40083947049044,24742.786875447207,1913.5371369440911
2026-03-09,2026,3,ZIMA,16.695189555361306,51.4637215403788,14868.754552299932,1897.9712953193407
2026-03-09,2026,3,ZIMA,16.758071625249674,51.4637215403788,14141.30117215584,1897.9713152220802
2026-03-09,2026,3,ZIMA,16.82095369513804,51.4637215403788,14729.58390777345,1902.6523691363948
2026-03-09,2026,3,ZIMA,16.883835765026408,51.4637215403788,16493.412824227664,1913.8529912366523
2026-03-09,2026,3,ZIMA,16.94671783491477,51.4637215403788,19110.01244296825,1915.0421084894565
2026-03-09,2026,3,ZIMA,16.883835765026408,51.52660361026717,11092.229452792053,1901.99512901766
2026-03-09,2026,3,ZIMA,16.94671783491477,51.52660361026717,14699.302837250076,1901.995161770975
2026-03-09,2026,3,ZIMA,16.883835765026408,51.58948568015553,8481.476135674528,1899.3939225578406
2026-03-09,2026,3,ZIMA,16.94671783491477,51.58948568015553,12838.97279331703,1899.3939351339077
2026-03-09,2026,3,ZIMA,16.82095369513804,51.65236775004391,7992.764094764516,1894.2559257310766
2026-03-09,2026,3,ZIMA,16.883835765026408,51.65236775004391,10896.285673413891,1894.6082165000928
2026-03-09,2026,3,ZIMA,16.94671783491477,51.65236775004391,14543.193254773298,1896.1626249787646
2026-03-09,2026,3,ZIMA,17.00959990480314,51.65236775004391,18498.931613833585,1912.4960903257684
2026-03-09,2026,3,ZIMA,17.072481974691506,51.65236775004391,22601.923186798995,1912.5728780742306
2026-03-09,2026,3,ZIMA,16.82095369513804,51.71524981993227,14444.83332546964,1896.89550734467
2026-03-09,2026,3,ZIMA,16.883835765026408,51.71524981993227,16230.278648697753,1895.512861165729
2026-03-09,2026,3,ZIMA,16.94671783491477,51.71524981993227,18869.785601048578,1899.3539719183948
2026-03-09,2026,3,ZIMA,17.00959990480314,51.71524981993227,22058.870945944283,1910.9389985292507
2026-03-09,2026,3,ZIMA,16.82095369513804,51.77813188982064,21244.402207891635,1888.0996163611817
2026-03-09,2026,3,ZIMA,16.883835765026408,51.77813188982064,22494.82981456476,1899.3318761866392
2026-03-09,2026,3,ZIMA,16.94671783491477,51.77813188982064,24464.98800502619,1910.5962262376477
2026-03-11,2026,3,ZIMA,16.63230748547294,51.393835919491536,23679.612229996117,1916.970908061354
2026-03-11,2026,3,ZIMA,16.695189555361306,51.393835919491536,22392.90987137027,1918.0981417145038
2026-03-11,2026,3,ZIMA,16.758071625249674,51.393835919491536,21915.900953256696,1920.1231786673118
2026-03-11,2026,3,ZIMA,16.82095369513804,51.393835919491536,22300.603169968774,1949.6387673103293
2026-03-11,2026,3,ZIMA,16.883835765026408,51.393835919491536,23504.744348834574,1951.32515822323
2026-03-11,2026,3,ZIMA,16.569425415584575,51.4567179893799,20005.483568597647,1919.2559475616986
2026-03-11,2026,3,ZIMA,16.63230748547294,51.4567179893799,17404.750683911054,1919.2559762658377
2026-03-11,2026,3,ZIMA,16.695189555361306,51.4567179893799,15611.695384944525,1922.0946650718647
2026-03-11,2026,3,ZIMA,16.758071625249674,51.4567179893799,14920.400089840592,1938.7823951425482
2026-03-11,2026,3,ZIMA,16.82095369513804,51.4567179893799,15479.185459244602,1939.7785207783522
2026-03-11,2026,3,ZIMA,16.883835765026408,51.4567179893799,17166.410009434436,1946.846705619632
2026-03-11,2026,3,ZIMA,16.94671783491477,51.4567179893799,19694.156245479,1949.5535569726976
2026-03-11,2026,3,ZIMA,17.00959990480314,51.4567179893799,22784.372995668284,1950.6014844131641
2026-03-11,2026,3,ZIMA,16.695189555361306,51.51960005926827,9159.538668389454,1936.7938247615286
2026-03-11,2026,3,ZIMA,16.758071625249674,51.51960005926827,7925.8727506371515,1941.191242686346
2026-03-11,2026,3,ZIMA,16.82095369513804,51.51960005926827,8932.13060243855,1940.905549411213
2026-03-11,2026,3,ZIMA,16.883835765026408,51.51960005926827,11609.813937639527,1939.778320312525
2026-03-11,2026,3,ZIMA,16.94671783491477,51.51960005926827,15094.170627453454,1941.7455768110528
2026-03-11,2026,3,ZIMA,17.00959990480314,51.51960005926827,18945.22348701039,1945.4025451008467
2026-03-11,2026,3,ZIMA,17.072481974691506,51.51960005926827,22979.342505945562,1936.848071829609
2026-03-11,2026,3,ZIMA,16.569425415584575,51.58248212915663,13342.648802047652,1949.0741200913071
2026-03-11,2026,3,ZIMA,16.63230748547294,51.58248212915663,8999.982100435303,1943.9965209595932
2026-03-11,2026,3,ZIMA,16.695189555361306,51.58248212915663,4686.361212939098,1940.271932026814
2026-03-11,2026,3,ZIMA,16.758071625249674,51.58248212915663,955.6340446854265,1939.186252294803
2026-03-11,2026,3,ZIMA,16.82095369513804,51.58248212915663,4225.33348726178,1938.0996119829767
2026-03-11,2026,3,ZIMA,16.883835765026408,51.58248212915663,8531.272124971134,1940.9781157743485
2026-03-11,2026,3,ZIMA,16.94671783491477,51.58248212915663,12872.477385313714,1942.0659745613812
2026-03-11,2026,3,ZIMA,17.00959990480314,51.58248212915663,17222.299036834087,1943.8054606957837
2026-03-11,2026,3,ZIMA,17.072481974691506,51.58248212915663,21575.524037255404,1942.9666375423785
2026-03-11,2026,3,ZIMA,16.569425415584575,51.645364199045005,14620.914161634639,1947.237676134325
2026-03-11,2026,3,ZIMA,16.63230748547294,51.645364199045005,10811.03756000552,1947.6784169271564
2026-03-11,2026,3,ZIMA,16.695189555361306,51.645364199045005,7610.67867851135,1949.0707655627223
2026-03-11,2026,3,ZIMA,16.758071625249674,51.645364199045005,6074.7700478734605,1948.0453595537876
2026-03-11,2026,3,ZIMA,16.82095369513804,51.645364199045005,7336.182673046828,1940.7872610849493
2026-03-11,2026,3,ZIMA,16.883835765026408,51.645364199045005,10424.625206654277,1947.868422312294
2026-03-11,2026,3,ZIMA,16.94671783491477,51.645364199045005,14193.750338215887,1946.5810799233525
2026-03-11,2026,3,ZIMA,17.00959990480314,51.645364199045005,18226.0444316904,1945.7368674021263
2026-03-11,2026,3,ZIMA,17.072481974691506,51.645364199045005,22379.703809617007,1945.8909978096726
2026-03-11,2026,3,ZIMA,16.50654334569621,51.708246268933365,21955.79574466715,1940.6406132720135
2026-03-11,2026,3,ZIMA,16.569425415584575,51.708246268933365,18639.062186498304,1942.8547159180878
2026-03-11,2026,3,ZIMA,16.63230748547294,51.708246268933365,15832.127692455048,1945.9899557917927
2026-03-11,2026,3,ZIMA,16.695189555361306,51.708246268933365,13848.533671900286,1947.6004400104398
2026-03-11,2026,3,ZIMA,16.758071625249674,51.708246268933365,13068.718398300038,1948.474710511517
2026-03-11,2026,3,ZIMA,16.82095369513804,51.708246268933365,13699.807199733905,1948.2972915011912
2026-03-11,2026,3,ZIMA,16.883835765026408,51.708246268933365,15571.188691936857,1953.6517377897408
2026-03-11,2026,3,ZIMA,16.94671783491477,51.708246268933365,18306.36782848862,1953.746694050653
2026-03-11,2026,3,ZIMA,17.00959990480314,51.708246268933365,21579.34783450347,1946.9287859283304
2026-03-11,2026,3,ZIMA,16.569425415584575,51.77112833882174,24061.5932906067,1940.6406542986128
2026-03-11,2026,3,ZIMA,16.63230748547294,51.77112833882174,21962.153361324803,1940.6406258040342
2026-03-11,2026,3,ZIMA,16.695189555361306,51.77112833882174,20580.172008800804,1940.6409495993196
2026-03-11,2026,3,ZIMA,16.758071625249674,51.77112833882174,20064.448661743685,1942.272559448975
2026-03-11,2026,3,ZIMA,16.82095369513804,51.77112833882174,20480.52720140297,1946.6237672024765
2026-03-11,2026,3,ZIMA,16.883835765026408,51.77112833882174,21775.059159180935,1948.0071148122126
2026-03-11,2026,3,ZIMA,16.94671783491477,51.77112833882174,23805.16316977265,1948.944973332494
2026-03-13,2026,3,ZIMA,16.62880570997349,51.393835919491536,23772.81206691847,1911.5645909846698
2026-03-13,2026,3,ZIMA,16.69168777986186,51.393835919491536,22444.168487932602,1913.7799164045275
2026-03-13,2026,3,ZIMA,16.75456984975022,51.393835919491536,21919.87074092618,1906.5721230364063
2026-03-13,2026,3,ZIMA,16.817451919638586,51.393835919491536,22256.833847700203,1905.851312512078
2026-03-13,2026,3,ZIMA,16.880333989526953,51.393835919491536,23417.90953829656,1904.7554989718913
2026-03-13,2026,3,ZIMA,16.503041570196757,51.4567179893799,23329.51591282778,1905.9628568269798
2026-03-13,2026,3,ZIMA,16.565923640085124,51.4567179893799,20168.223249741728,1905.9628978437559
2026-03-13,2026,3,ZIMA,16.69168777986186,51.4567179893799,15685.030002146781,1915.3944505221973
2026-03-13,2026,3,ZIMA,16.75456984975022,51.4567179893799,14926.22251926557,1914.21646871574
2026-03-13,2026,3,ZIMA,16.817451919638586,51.4567179893799,15416.14769180589,1906.7190074603013
2026-03-13,2026,3,ZIMA,16.880333989526953,51.4567179893799,17047.483698702996,1907.5719267198044
2026-03-13,2026,3,ZIMA,16.94321605941532,51.4567179893799,19536.363413256844,1911.3901815286738
2026-03-13,2026,3,ZIMA,17.006098129303687,51.4567179893799,22601.23886665833,1884.06316665299
2026-03-13,2026,3,ZIMA,16.44015950030839,51.51960005926827,23651.36158110853,1914.0640790450807
2026-03-13,2026,3,ZIMA,16.69168777986186,51.51960005926827,9283.810093933142,1921.7546386719373
2026-03-13,2026,3,ZIMA,16.75456984975022,51.51960005926827,7936.812944901496,1921.588587156917
2026-03-13,2026,3,ZIMA,16.817451919638586,51.51960005926827,8822.588036499608,1906.7313223557849
2026-03-13,2026,3,ZIMA,16.880333989526953,51.51960005926827,11433.478638406157,1901.386272940414
2026-03-13,2026,3,ZIMA,16.94321605941532,51.51960005926827,14887.98827532592,1901.932728650327
2026-03-13,2026,3,ZIMA,17.068980199192055,51.51960005926827,22751.516793593135,1882.9990415720683
2026-03-13,2026,3,ZIMA,16.44015950030839,51.58248212915663,22288.938532566015,1906.51812242252
2026-03-13,2026,3,ZIMA,16.503041570196757,51.58248212915663,17935.359135039304,1905.9118102651387
2026-03-13,2026,3,ZIMA,16.565923640085124,51.58248212915663,13584.776716836925,1903.045532226496
2026-03-13,2026,3,ZIMA,16.62880570997349,51.58248212915663,9241.430395874877,1914.6955447200362
2026-03-13,2026,3,ZIMA,16.69168777986186,51.58248212915663,4924.511413417972,1923.5229796221176
2026-03-13,2026,3,ZIMA,16.75456984975022,51.58248212915663,1042.37154958468,1905.3939033213303
2026-03-13,2026,3,ZIMA,16.817451919638586,51.58248212915663,3988.8867466583183,1900.7579770883303
2026-03-13,2026,3,ZIMA,16.880333989526953,51.58248212915663,8290.045317264246,1899.1623967228672
2026-03-13,2026,3,ZIMA,16.94321605941532,51.58248212915663,12630.415561177939,1899.733141872042
2026-03-13,2026,3,ZIMA,17.006098129303687,51.58248212915663,16979.95252686969,1899.939325515262
2026-03-13,2026,3,ZIMA,17.068980199192055,51.58248212915663,21333.047785088165,1902.8661718361516
2026-03-13,2026,3,ZIMA,16.44015950030839,51.645364199045005,23067.324886287264,1904.0599411847197
2026-03-13,2026,3,ZIMA,16.503041570196757,51.645364199045005,18900.359863722257,1913.3354326175127
2026-03-13,2026,3,ZIMA,16.565923640085124,51.645364199045005,14841.900449359338,1917.2318199875256
2026-03-13,2026,3,ZIMA,16.62880570997349,51.645364199045005,11012.57495279697,1921.9489446281077
2026-03-13,2026,3,ZIMA,16.69168777986186,51.645364199045005,7759.3875429624095,1903.8634456641628
2026-03-13,2026,3,ZIMA,16.75456984975022,51.645364199045005,6088.997749080117,1897.6701660155588
2026-03-13,2026,3,ZIMA,16.817451919638586,51.645364199045005,7202.7799171278375,1906.22514616197
2026-03-13,2026,3,ZIMA,16.880333989526953,51.645364199045005,10228.424308357662,1907.1594746539724
2026-03-13,2026,3,ZIMA,16.94321605941532,51.645364199045005,13974.898813415424,1900.2912407234073
2026-03-13,2026,3,ZIMA,17.006098129303687,51.645364199045005,17997.537178952163,1906.7647617071834
2026-03-13,2026,3,ZIMA,17.068980199192055,51.645364199045005,22146.358588384242,1910.924459786263
2026-03-13,2026,3,ZIMA,16.503041570196757,51.708246268933365,22151.03849863459,1919.4621434963697
2026-03-13,2026,3,ZIMA,16.565923640085124,51.708246268933365,18812.668624379385,1916.3628327091808
2026-03-13,2026,3,ZIMA,16.62880570997349,51.708246268933365,15970.236252677701,1916.3521114701357
2026-03-13,2026,3,ZIMA,16.69168777986186,51.708246268933365,13930.699262098557,1907.4297952885238
2026-03-13,2026,3,ZIMA,16.75456984975022,51.708246268933365,13075.328814315202,1905.734993342133
2026-03-13,2026,3,ZIMA,16.817451919638586,51.708246268933365,13628.934930458796,1908.339757469404
2026-03-13,2026,3,ZIMA,16.880333989526953,51.708246268933365,15440.70551062199,1903.4065392887621
2026-03-13,2026,3,ZIMA,16.94321605941532,51.708246268933365,18137.44439719187,1903.088991832533
2026-03-13,2026,3,ZIMA,17.006098129303687,51.708246268933365,21386.967058014467,1906.8786539689204
2026-03-13,2026,3,ZIMA,16.565923640085124,51.77112833882174,24196.138332333372,1904.3390011711795
2026-03-13,2026,3,ZIMA,16.62880570997349,51.77112833882174,22061.782880775623,1907.1842760087948
2026-03-13,2026,3,ZIMA,16.69168777986186,51.77112833882174,20635.474584856467,1906.457446090379
2026-03-13,2026,3,ZIMA,16.75456984975022,51.77112833882174,20068.74892879994,1905.9829580576964
2026-03-13,2026,3,ZIMA,16.817451919638586,51.77112833882174,20433.25305464189,1903.7885742187207
2026-03-13,2026,3,ZIMA,16.880333989526953,51.77112833882174,21682.07291472792,1900.0297875448714
2026-03-13,2026,3,ZIMA,16.94321605941532,51.77112833882174,23675.686332167108,1900.5375137481712
2026-03-18,2026,3,ZIMA,16.62880570997349,51.397337694990995,23414.016585733578,1923.88739836147
2026-03-18,2026,3,ZIMA,16.94321605941532,51.397337694990995,24952.75932919812,1937.6395741997737
2026-03-18,2026,3,ZIMA,16.503041570196757,51.460219764879355,23081.788443822483,1926.593305246075
2026-03-18,2026,3,ZIMA,16.565923640085124,51.460219764879355,19881.408182050945,1933.5256079521437
2026-03-18,2026,3,ZIMA,16.62880570997349,51.460219764879355,17200.65707870494,1944.562555896942
2026-03-18,2026,3,ZIMA,16.69168777986186,51.460219764879355,15314.88229812874,1938.0408082648528
2026-03-18,2026,3,ZIMA,16.75456984975022,51.460219764879355,14536.827372313592,1935.00231933587
2026-03-18,2026,3,ZIMA,16.817451919638586,51.460219764879355,15039.405013666608,1940.331275166046
2026-03-18,2026,3,ZIMA,16.880333989526953,51.460219764879355,16707.445741562333,1941.0066050445016
2026-03-18,2026,3,ZIMA,16.44015950030839,51.523101834767715,23522.913253362145,1919.1864777733506
2026-03-18,2026,3,ZIMA,16.503041570196757,51.523101834767715,19441.697397995245,1920.017369660361
2026-03-18,2026,3,ZIMA,16.565923640085124,51.523101834767715,15513.54212454046,1939.1303710936825
2026-03-18,2026,3,ZIMA,16.62880570997349,51.523101834767715,11891.12021307515,1939.2169315509168
2026-03-18,2026,3,ZIMA,16.69168777986186,51.523101834767715,8953.543779319723,1939.5356920839351
2026-03-18,2026,3,ZIMA,16.75456984975022,51.523101834767715,7547.952860866032,1939.3498116607357
2026-03-18,2026,3,ZIMA,16.817451919638586,51.523101834767715,8474.403525390493,1934.5777640114677
2026-03-18,2026,3,ZIMA,16.880333989526953,51.523101834767715,11166.818784465544,1935.3335384782533
2026-03-18,2026,3,ZIMA,16.44015950030839,51.58598390465609,22275.29596925275,1914.6616626310347
2026-03-18,2026,3,ZIMA,16.503041570196757,51.58598390465609,17918.777804094727,1914.385986328062
2026-03-18,2026,3,ZIMA,16.565923640085124,51.58598390465609,13563.266202874287,1935.3784286036773
2026-03-18,2026,3,ZIMA,16.62880570997349,51.58598390465609,9210.19479805672,1936.1261359954678
2026-03-18,2026,3,ZIMA,16.69168777986186,51.58598390465609,4866.124299903999,1939.3380755752833
2026-03-18,2026,3,ZIMA,16.75456984975022,51.58598390465609,718.7967638404122,1937.9934985911657
2026-03-18,2026,3,ZIMA,16.817451919638586,51.58598390465609,3916.658201947574,1934.2633976725547
2026-03-18,2026,3,ZIMA,16.880333989526953,51.58598390465609,8255.288359509394,1936.2835707595918
2026-03-18,2026,3,ZIMA,16.94321605941532,51.58598390465609,12607.353093584305,1936.2835781624033
2026-03-18,2026,3,ZIMA,17.006098129303687,51.58598390465609,16962.512864738612,1946.5101437450699
2026-03-18,2026,3,ZIMA,17.068980199192055,51.58598390465609,21318.868699757328,1946.5101506976685
2026-03-18,2026,3,ZIMA,16.44015950030839,51.64886597454445,23172.077289885405,1928.339228371208
2026-03-18,2026,3,ZIMA,16.503041570196757,51.64886597454445,19028.419867757362,1931.6809277602117
2026-03-18,2026,3,ZIMA,16.565923640085124,51.64886597454445,15004.989823223026,1937.2607182333218
2026-03-18,2026,3,ZIMA,16.62880570997349,51.64886597454445,11231.747416381291,1938.9235007287095
2026-03-18,2026,3,ZIMA,16.69168777986186,51.64886597454445,8067.722857320884,1939.9261203659275
2026-03-18,2026,3,ZIMA,16.75456984975022,51.64886597454445,6477.479199931528,1933.8033526152701
2026-03-18,2026,3,ZIMA,16.817451919638586,51.64886597454445,7533.972328492395,1933.233463198553
2026-03-18,2026,3,ZIMA,16.880333989526953,51.64886597454445,10464.095361558122,1941.5438587221645
2026-03-18,2026,3,ZIMA,16.94321605941532,51.64886597454445,14148.05403405027,1946.121429807564
2026-03-18,2026,3,ZIMA,17.006098129303687,51.64886597454445,18132.04540415361,1953.8021477406025
2026-03-18,2026,3,ZIMA,17.068980199192055,51.64886597454445,22255.51829866007,1950.8298233803332
2026-03-18,2026,3,ZIMA,16.503041570196757,51.711748044432824,22382.527517314295,1933.0798225991834
2026-03-18,2026,3,ZIMA,16.565923640085124,51.711748044432824,19084.970432514514,1932.5729430066406
2026-03-18,2026,3,ZIMA,16.62880570997349,51.711748044432824,16290.35549268716,1932.3863525391332
2026-03-18,2026,3,ZIMA,16.69168777986186,51.711748044432824,14296.724468087103,1936.5941652405209
2026-03-18,2026,3,ZIMA,16.75456984975022,51.711748044432824,13464.692933223812,1939.1294103847667
2026-03-18,2026,3,ZIMA,16.817451919638586,51.711748044432824,14002.873213482273,1935.0881211622318
2026-03-18,2026,3,ZIMA,16.880333989526953,51.711748044432824,15771.617173893384,1938.8193981172633
2026-03-18,2026,3,ZIMA,16.94321605941532,51.711748044432824,18419.783190320224,1948.6806261939107
2026-03-18,2026,3,ZIMA,17.006098129303687,51.711748044432824,21626.695560558524,1950.0378177405612
2026-03-18,2026,3,ZIMA,16.565923640085124,51.774630114321184,24519.885198382693,1923.634474972411
2026-03-18,2026,3,ZIMA,16.62880570997349,51.774630114321184,22416.546678578627,1926.275492479744
2026-03-18,2026,3,ZIMA,16.69168777986186,51.774630114321184,21014.443227294196,1941.3938379007357
2026-03-18,2026,3,ZIMA,16.75456984975022,51.774630114321184,20458.261910258458,1941.066308291633
2026-03-18,2026,3,ZIMA,16.817451919638586,51.774630114321184,20815.919041644414,1931.1165771484077
2026-03-18,2026,3,ZIMA,16.880333989526953,51.774630114321184,22042.977845090223,1942.3478335743378
2026-03-18,2026,3,ZIMA,16.94321605941532,51.774630114321184,24006.493113978482,1948.411337590325
2026-03-27,2026,3,ZIMA,16.62880570997349,51.397337694990995,23414.016585733578,1909.9773081437027
2026-03-27,2026,3,ZIMA,16.69168777986186,51.397337694990995,22063.88379565311,1909.9773373867588
2026-03-27,2026,3,ZIMA,16.75456984975022,51.397337694990995,21530.368772371374,1909.9773095869573
2026-03-27,2026,3,ZIMA,16.503041570196757,51.460219764879355,23081.788443822483,1902.704959676345
2026-03-27,2026,3,ZIMA,16.565923640085124,51.460219764879355,19881.408182050945,1909.9773001849512
2026-03-27,2026,3,ZIMA,16.62880570997349,51.460219764879355,17200.65707870494,1909.9772746843278
2026-03-27,2026,3,ZIMA,16.69168777986186,51.460219764879355,15314.88229812874,1909.9772738819906
2026-03-27,2026,3,ZIMA,16.75456984975022,51.460219764879355,14536.827372313592,1909.9772326714844
2026-03-27,2026,3,ZIMA,16.69168777986186,51.58598390465609,4866.124299903999,1912.786126751158
2026-03-27,2026,3,ZIMA,16.75456984975022,51.58598390465609,718.7967638404122,1912.78611671427
2026-03-27,2026,3,ZIMA,16.817451919638586,51.58598390465609,3916.658201947574,1912.7861847078684
2026-03-27,2026,3,ZIMA,16.880333989526953,51.58598390465609,8255.288359509394,1912.7861923888925
2026-03-27,2026,3,ZIMA,16.44015950030839,51.64886597454445,23172.077289885405,1902.693967557149
2026-03-27,2026,3,ZIMA,16.69168777986186,51.64886597454445,8067.722857320884,1912.78612603157
2026-03-27,2026,3,ZIMA,16.75456984975022,51.64886597454445,6477.479199931528,1912.786130347052
2026-03-27,2026,3,ZIMA,16.817451919638586,51.64886597454445,7533.972328492395,1912.7861377492616
2026-03-27,2026,3,ZIMA,16.880333989526953,51.711748044432824,15771.617173893384,1912.4909654592714
2026-03-27,2026,3,ZIMA,16.94321605941532,51.711748044432824,18419.783190320224,1912.4909675265574
2026-03-27,2026,3,ZIMA,17.006098129303687,51.711748044432824,21626.695560558524,1912.4909722331095
2026-03-27,2026,3,ZIMA,16.817451919638586,51.774630114321184,20815.919041644414,1915.6032154746902
2026-03-27,2026,3,ZIMA,16.880333989526953,51.774630114321184,22042.977845090223,1916.3815334117746
2026-03-27,2026,3,ZIMA,16.94321605941532,51.774630114321184,24006.493113978482,1916.3995642516477
2026-06-01,2026,6,LATO,16.677680677864046,51.64886597454445,8683.69074994786,1863.8620212571975
2026-06-01,2026,6,LATO,16.74056274775242,51.64886597454445,6620.143809888704,1863.8620616816922
2026-06-01,2026,6,LATO,16.677680677864046,51.711748044432824,14652.657108918882,1863.8620481452815
2026-06-01,2026,6,LATO,16.74056274775242,51.711748044432824,13533.807197637847,1863.862063828018
2026-06-17,2026,6,LATO,16.737060972252976,51.460219764879355,14627.373441799897,1881.4196981210398
2026-06-17,2026,6,LATO,16.799943042141336,51.460219764879355,14772.21913775697,1881.4196845889487
2026-06-17,2026,6,LATO,16.862825112029697,51.460219764879355,16142.103890424161,1881.4196866751192
2026-06-17,2026,6,LATO,16.737060972252976,51.523101834767715,7720.664784772775,1875.0850858889423
2026-06-17,2026,6,LATO,16.799943042141336,51.523101834767715,7991.321238525667,1874.7576868200192
2026-06-17,2026,6,LATO,16.862825112029697,51.523101834767715,10303.014807201598,1873.9809115407295
2026-06-17,2026,6,LATO,16.737060972252976,51.58598390465609,1774.8584868213236,1874.292808620744
2026-06-17,2026,6,LATO,16.799943042141336,51.58598390465609,2719.712553001884,1875.182466074097
2026-06-17,2026,6,LATO,16.548414762587868,51.64886597454445,16107.953383748198,1891.7177763314428
2026-06-17,2026,6,LATO,16.611296832476228,51.64886597454445,12243.626482151323,1891.7177857199968
2026-06-17,2026,6,LATO,16.674178902364588,51.64886597454445,8847.607758318938,1881.2583763831753
2026-06-17,2026,6,LATO,16.737060972252976,51.64886597454445,6677.390119064138,1877.5186224446556
2026-06-17,2026,6,LATO,16.799943042141336,51.64886597454445,6987.72966599558,1873.6042428383755
2026-06-17,2026,6,LATO,16.862825112029697,51.64886597454445,9539.532909913665,1877.846932741312
2026-06-17,2026,6,LATO,16.485532692699508,51.711748044432824,23362.235077791953,1894.5980175312072
2026-06-17,2026,6,LATO,16.548414762587868,51.711748044432824,19962.59036828338,1892.58011023351
2026-06-17,2026,6,LATO,16.611296832476228,51.711748044432824,17002.85277253168,1891.7177734375693
2026-06-17,2026,6,LATO,16.674178902364588,51.711748044432824,14750.256086804378,1884.9750331638834
2026-06-17,2026,6,LATO,16.737060972252976,51.711748044432824,13561.862643551867,1881.0337387095944
2026-06-17,2026,6,LATO,16.799943042141336,51.711748044432824,13717.108798846582,1878.3908019635887
2026-06-17,2026,6,LATO,16.862825112029697,51.711748044432824,15174.812763731501,1871.6006653236109
2026-06-17,2026,6,LATO,16.737060972252976,51.774630114321184,20522.256263071482,1888.532003563494
2026-06-17,2026,6,LATO,16.799943042141336,51.774630114321184,20625.035412925725,1887.9663914259415
2026-06-17,2026,6,LATO,16.862825112029697,51.774630114321184,21620.581268314785,1893.7112590454724
2026-06-17,2026,6,LATO,16.925707181918057,51.774630114321184,23395.200733003247,1901.3087386983734
2026-06-20,2026,6,LATO,16.74056274775242,51.40083947049044,21185.257504931837,1852.8480360459646
2026-06-20,2026,6,LATO,16.80344481764078,51.40083947049044,21335.48709556919,1861.7471843112114
2026-06-20,2026,6,LATO,16.866326887529155,51.40083947049044,22354.663010638676,1874.061333207799
2026-06-20,2026,6,LATO,16.929208957417515,51.40083947049044,24132.945339994152,1872.0611046823865
2026-06-20,2026,6,LATO,16.80344481764078,51.4637215403788,14436.253925872035,1857.6710685112478
2026-06-20,2026,6,LATO,16.866326887529155,51.4637215403788,15901.958375980237,1862.7861740475178
2026-06-20,2026,6,LATO,16.929208957417515,51.4637215403788,18314.666201500986,1874.0589949354387
2026-06-20,2026,6,LATO,16.992091027305875,51.4637215403788,21355.786210260703,1873.672156014752
2026-06-20,2026,6,LATO,17.05497309719425,51.4637215403788,24795.16124864444,1871.8358645963574
2026-06-20,2026,6,LATO,16.866326887529155,51.52660361026717,10193.305457067432,1857.5022781090688
2026-06-20,2026,6,LATO,16.929208957417515,51.52660361026717,13650.817531679393,1857.5023133469394
2026-06-20,2026,6,LATO,16.992091027305875,51.52660361026717,17516.325131595124,1857.5023167974828
2026-06-20,2026,6,LATO,16.992091027305875,51.58948568015553,15983.313323809196,1857.5023339768695
2026-06-20,2026,6,LATO,16.614798607975686,51.77813188982064,23179.713805871586,1870.187616428553
2026-06-20,2026,6,LATO,16.677680677864046,51.77813188982064,21632.923911312602,1870.187627781171
2026-06-20,2026,6,LATO,16.80344481764078,51.77813188982064,21043.486525155,1852.7507337039162
2026-06-20,2026,6,LATO,16.42265062281112,51.64886597454445,24338.97944000566,1868.4714863103516
2026-06-20,2026,6,LATO,16.485532692699508,51.64886597454445,20173.23421265138,1868.433861216738
2026-06-20,2026,6,LATO,16.548414762587868,51.64886597454445,16107.953383748198,1868.4437856706215
2026-06-20,2026,6,LATO,16.611296832476228,51.64886597454445,12243.626482151323,1868.4615158525432
2026-06-20,2026,6,LATO,16.674178902364588,51.64886597454445,8847.607758318938,1868.8979575047267
2026-06-20,2026,6,LATO,16.737060972252976,51.64886597454445,6677.390119064138,1870.3222632574689
2026-06-20,2026,6,LATO,16.799943042141336,51.64886597454445,6987.72966599558,1870.3222591739886
2026-06-20,2026,6,LATO,16.862825112029697,51.64886597454445,9539.532909913665,1870.3222689444856
2026-06-20,2026,6,LATO,16.485532692699508,51.711748044432824,23362.235077791953,1869.6400490520482
2026-06-20,2026,6,LATO,16.548414762587868,51.711748044432824,19962.59036828338,1869.661315713981
2026-06-20,2026,6,LATO,16.611296832476228,51.711748044432824,17002.85277253168,1869.70384903749
2026-06-20,2026,6,LATO,16.674178902364588,51.711748044432824,14750.256086804378,1874.0240036744274
2026-06-20,2026,6,LATO,16.737060972252976,51.711748044432824,13561.862643551867,1878.313294060842
2026-06-20,2026,6,LATO,16.799943042141336,51.711748044432824,13717.108798846582,1878.506804254248
2026-06-20,2026,6,LATO,16.862825112029697,51.711748044432824,15174.812763731501,1878.8938180998032
2026-06-20,2026,6,LATO,16.925707181918057,51.711748044432824,17614.53506315774,1848.0932649667873
2026-06-20,2026,6,LATO,16.988589251806417,51.711748044432824,20691.781140070114,1848.0932575062886
2026-06-20,2026,6,LATO,17.051471321694805,51.711748044432824,24164.20381730272,1848.0932696091982
2026-06-20,2026,6,LATO,16.611296832476228,51.774630114321184,22938.830904271606,1871.7314373828135
2026-06-20,2026,6,LATO,16.674178902364588,51.774630114321184,21325.155889422454,1865.8034093990482
2026-06-20,2026,6,LATO,16.737060972252976,51.774630114321184,20522.256263071482,1865.1478320404813
2026-06-20,2026,6,LATO,16.799943042141336,51.774630114321184,20625.035412925725,1865.1478313097286
2026-06-20,2026,6,LATO,16.862825112029697,51.774630114321184,21620.581268314785,1865.147834697312
2026-06-20,2026,6,LATO,16.925707181918057,51.774630114321184,23395.200733003247,1858.3016302513238
2026-06-21,2026,6,LATO,16.925707181918057,51.4637215403788,18161.17373754169,1870.751835480964
2026-06-21,2026,6,LATO,16.988589251806417,51.4637215403788,21174.272168823343,1870.7518375752186
2026-06-21,2026,6,LATO,17.051471321694805,51.4637215403788,24595.91812560325,1870.7518562561156
2026-06-21,2026,6,LATO,16.925707181918057,51.52660361026717,13444.468887141891,1857.3376469177563
2026-06-21,2026,6,LATO,16.988589251806417,51.52660361026717,17294.867849877854,1857.3376464843466
2026-06-21,2026,6,LATO,17.051471321694805,51.52660361026717,21342.599307955283,1869.277699898313
2026-06-21,2026,6,LATO,16.925707181918057,51.58948568015553,11382.975096291806,1857.3377012308802
2026-06-21,2026,6,LATO,16.988589251806417,51.58948568015553,15740.639655185023,1857.3376446496013
2026-06-21,2026,6,LATO,17.051471321694805,51.58948568015553,20098.415108607987,1887.5089566626846
2026-06-21,2026,6,LATO,17.114353391583165,51.58948568015553,24456.239815372617,1890.9438219342608
2026-06-21,2026,6,LATO,17.051471321694805,51.65236775004391,21219.83244241829,1889.5208873023405
2026-06-21,2026,6,LATO,16.862825112029697,51.71524981993227,15521.227443645881,1884.0122054415447
2026-06-21,2026,6,LATO,16.925707181918057,51.71524981993227,17913.660193373602,1884.0122140360788
2026-06-21,2026,6,LATO,16.988589251806417,51.71524981993227,20946.79149187848,1884.0122069862455
2026-06-21,2026,6,LATO,16.862825112029697,51.77813188982064,21989.433086284906,1890.0073268322183
2026-06-21,2026,6,LATO,16.925707181918057,51.77813188982064,23736.361727132185,1890.0073242187864
2026-06-22,2026,6,LATO,16.614798607975686,51.397337694990995,23813.608073704934,1907.9864463770425
2026-06-22,2026,6,LATO,16.677680677864046,51.397337694990995,22297.764124350146,1908.2101628086657
2026-06-22,2026,6,LATO,16.74056274775242,51.397337694990995,21573.95819268799,1907.520694249101
2026-06-22,2026,6,LATO,16.80344481764078,51.397337694990995,21721.510866786535,1904.3351376504456
2026-06-22,2026,6,LATO,16.866326887529155,51.397337694990995,22723.454514856738,1914.7509466869333
2026-06-22,2026,6,LATO,16.929208957417515,51.397337694990995,24475.085109585685,1922.8641719572586
2026-06-22,2026,6,LATO,16.489034468198952,51.460219764879355,23845.008232145603,1903.8461045244296
2026-06-22,2026,6,LATO,16.551916538087312,51.460219764879355,20557.26317336872,1902.2593833755834
2026-06-22,2026,6,LATO,16.614798607975686,51.460219764879355,17740.02485160034,1918.6951521048827
2026-06-22,2026,6,LATO,16.677680677864046,51.460219764879355,15649.495259100015,1917.8729748296612
2026-06-22,2026,6,LATO,16.74056274775242,51.460219764879355,14601.221303591914,1898.9749819878311
2026-06-22,2026,6,LATO,16.80344481764078,51.460219764879355,14818.071988076592,1908.8026816262686
2026-06-22,2026,6,LATO,16.866326887529155,51.460219764879355,16249.477297498555,1923.3511962890327
2026-06-22,2026,6,LATO,16.929208957417515,51.460219764879355,18617.372092933372,1914.2026408295233
2026-06-22,2026,6,LATO,16.992091027305875,51.460219764879355,21616.16010682343,1911.7752209663295
2026-06-22,2026,6,LATO,16.426152398310577,51.523101834767715,24445.17845883048,1907.2401603249036
2026-06-22,2026,6,LATO,16.489034468198952,51.523101834767715,20340.743005335,1906.1946404308162
2026-06-22,2026,6,LATO,16.551916538087312,51.523101834767715,16369.578958925387,1906.1662556469769
2026-06-22,2026,6,LATO,16.614798607975686,51.523101834767715,12657.754103499872,1908.820114548739
2026-06-22,2026,6,LATO,16.677680677864046,51.523101834767715,9513.821540943849,1908.7657138801087
2026-06-22,2026,6,LATO,16.74056274775242,51.523101834767715,7671.070689869811,1911.4718163413945
2026-06-22,2026,6,LATO,16.80344481764078,51.523101834767715,8075.651649937705,1919.4310894527844
2026-06-22,2026,6,LATO,16.866326887529155,51.523101834767715,10470.211718879696,1919.3367377283157
2026-06-22,2026,6,LATO,16.929208957417515,51.523101834767715,13859.040087329411,1912.7802179060116
2026-06-22,2026,6,LATO,16.992091027305875,51.523101834767715,17679.33982619234,1910.587297030942
2026-06-22,2026,6,LATO,17.05497309719425,51.523101834767715,21704.456153907067,1895.85339355472
2026-06-22,2026,6,LATO,16.426152398310577,51.58598390465609,23245.79847840675,1910.7537758235335
2026-06-22,2026,6,LATO,16.489034468198952,51.58598390465609,18889.13814833376,1904.2661077035873
2026-06-22,2026,6,LATO,16.551916538087312,51.58598390465609,14533.331045684508,1907.6563014000317
2026-06-22,2026,6,LATO,16.614798607975686,51.58598390465609,10179.47780848882,1912.4405517578825
2026-06-22,2026,6,LATO,16.677680677864046,51.58598390465609,5831.962883563788,1910.0218422374846
2026-06-22,2026,6,LATO,16.74056274775242,51.58598390465609,1545.2607631434475,1908.872329991396
2026-06-22,2026,6,LATO,16.80344481764078,51.58598390465609,2958.024763175277,1922.3312963998476
2026-06-22,2026,6,LATO,16.866326887529155,51.58598390465609,7286.839225247103,1921.4116407072593
2026-06-22,2026,6,LATO,16.929208957417515,51.58598390465609,11637.531703255183,1924.5398484936607
2026-06-22,2026,6,LATO,16.992091027305875,51.58598390465609,15992.254510128687,1923.1793390177095
2026-06-22,2026,6,LATO,17.05497309719425,51.58598390465609,20348.4180571115,1905.9223613796678
2026-06-22,2026,6,LATO,17.11785516708261,51.58598390465609,24705.257869537152,1903.216255880986
2026-06-22,2026,6,LATO,16.426152398310577,51.64886597454445,24105.23793976072,1914.2750275496046
2026-06-22,2026,6,LATO,16.489034468198952,51.64886597454445,19943.63009478907,1913.3202068626356
2026-06-22,2026,6,LATO,16.551916538087312,51.64886597454445,15886.081924716762,1912.2207374725774
2026-06-22,2026,6,LATO,16.614798607975686,51.64886597454445,12038.283355681328,1910.2848474142265
2026-06-22,2026,6,LATO,16.677680677864046,51.64886597454445,8683.69074994786,1906.466294057401
2026-06-22,2026,6,LATO,16.74056274775242,51.64886597454445,6620.143809888704,1911.9394533396742
2026-06-22,2026,6,LATO,16.80344481764078,51.64886597454445,7083.753610177349,1915.6630859374702
2026-06-22,2026,6,LATO,16.866326887529155,51.64886597454445,9719.379257419387,1919.3437060609517
2026-06-22,2026,6,LATO,16.929208957417515,51.64886597454445,13292.35500008308,1921.4253226370934
2026-06-22,2026,6,LATO,16.992091027305875,51.64886597454445,17229.062329563643,1905.7253893277716
2026-06-22,2026,6,LATO,17.05497309719425,51.64886597454445,21329.038621440097,1905.1645523683867
2026-06-22,2026,6,LATO,16.489034468198952,51.711748044432824,23164.537143974856,1911.036901631494
2026-06-22,2026,6,LATO,16.551916538087312,51.711748044432824,19784.24325381317,1913.0869476012906
2026-06-22,2026,6,LATO,16.614798607975686,51.711748044432824,16855.793913467194,1905.7966733422286
2026-06-22,2026,6,LATO,16.677680677864046,51.711748044432824,14652.657108918882,1904.4495764122123
2026-06-22,2026,6,LATO,16.74056274775242,51.711748044432824,13533.807197637847,1916.820412622452
2026-06-22,2026,6,LATO,16.80344481764078,51.711748044432824,13766.20506055445,1918.37133428954
2026-06-22,2026,6,LATO,16.866326887529155,51.711748044432824,15288.354581972251,1923.1749886665561
2026-06-22,2026,6,LATO,16.929208957417515,51.711748044432824,17771.89379757152,1915.9045059830248
2026-06-22,2026,6,LATO,16.992091027305875,51.711748044432824,20876.486494360677,1900.9585409892256
2026-06-22,2026,6,LATO,17.05497309719425,51.711748044432824,24365.88064045875,1900.840662179807
2026-06-22,2026,6,LATO,16.614798607975686,51.774630114321184,22830.191850846997,1905.312903110403
2026-06-22,2026,6,LATO,16.677680677864046,51.774630114321184,21257.858795324755,1904.8091686489927
2026-06-22,2026,6,LATO,16.74056274775242,51.774630114321184,20503.75270406401,1917.6095693452073
2026-06-22,2026,6,LATO,16.80344481764078,51.774630114321184,20657.67515407771,1914.7148281891666
2026-06-22,2026,6,LATO,16.866326887529155,51.774630114321184,21700.312866428067,1914.7094240545005
2026-06-22,2026,6,LATO,16.929208957417515,51.774630114321184,23513.741779763972,1900.5902647690991
2026-06-24,2026,6,LATO,16.614798607975686,51.40083947049044,23461.876059032897,1880.3669438559339
2026-06-24,2026,6,LATO,16.677680677864046,51.40083947049044,21921.845774254853,1875.2754872553653
2026-06-24,2026,6,LATO,16.74056274775242,51.40083947049044,21185.257504931837,1897.6049232836165
2026-06-24,2026,6,LATO,16.80344481764078,51.40083947049044,21335.48709556919,1900.657443940024
2026-06-24,2026,6,LATO,16.866326887529155,51.40083947049044,22354.663010638676,1898.7134546249354
2026-06-24,2026,6,LATO,16.929208957417515,51.40083947049044,24132.945339994152,1883.6277514858189
2026-06-24,2026,6,LATO,16.489034468198952,51.4637215403788,23609.063782898636,1888.8915921323915
2026-06-24,2026,6,LATO,16.551916538087312,51.4637215403788,20283.385118362596,1887.888250078072
2026-06-24,2026,6,LATO,16.614798607975686,51.4637215403788,17422.15185627962,1887.0702257795222
2026-06-24,2026,6,LATO,16.677680677864046,51.4637215403788,15288.392116050694,1887.4384765624382
2026-06-24,2026,6,LATO,16.74056274775242,51.4637215403788,14213.596375328967,1904.892093202869
2026-06-24,2026,6,LATO,16.80344481764078,51.4637215403788,14436.253925872035,1903.9651168758555
2026-06-24,2026,6,LATO,16.866326887529155,51.4637215403788,15901.958375980237,1890.8226183105533
2026-06-24,2026,6,LATO,16.929208957417515,51.4637215403788,18314.666201500986,1884.3593049199335
2026-06-24,2026,6,LATO,16.992091027305875,51.4637215403788,21355.786210260703,1885.8755924697305
2026-06-24,2026,6,LATO,17.05497309719425,51.4637215403788,24795.16124864444,1884.5841261725743
2026-06-24,2026,6,LATO,16.426152398310577,51.52660361026717,24327.093489808864,1888.951411513382
2026-06-24,2026,6,LATO,16.489034468198952,51.52660361026717,20199.02608241299,1877.1080249233107
2026-06-24,2026,6,LATO,16.551916538087312,51.52660361026717,16193.490189315507,1875.9140554163034
2026-06-24,2026,6,LATO,16.614798607975686,51.52660361026717,12429.521594084661,1878.821710408503
2026-06-24,2026,6,LATO,16.677680677864046,51.52660361026717,9208.279193544944,1899.7166175911977
2026-06-24,2026,6,LATO,16.74056274775242,51.52660361026717,7288.851416249433,1903.5912930882778
2026-06-24,2026,6,LATO,16.80344481764078,51.52660361026717,7713.474629872748,1887.5702789405211
2026-06-24,2026,6,LATO,16.866326887529155,51.52660361026717,10193.305457067432,1883.2913770714304
2026-06-24,2026,6,LATO,16.929208957417515,51.52660361026717,13650.817531679393,1884.0138431684366
2026-06-24,2026,6,LATO,16.992091027305875,51.52660361026717,17516.325131595124,1892.0730990335492
2026-06-24,2026,6,LATO,17.05497309719425,51.52660361026717,21571.598166640877,1885.109213857537
2026-06-24,2026,6,LATO,16.426152398310577,51.58948568015553,23239.17742155401,1888.6336142112323
2026-06-24,2026,6,LATO,16.489034468198952,51.58948568015553,18881.363095119337,1870.8250272843209
2026-06-24,2026,6,LATO,16.551916538087312,51.58948568015553,14523.609586482577,1871.2496267286213
2026-06-24,2026,6,LATO,16.614798607975686,51.58948568015553,10166.000401523504,1888.377417948332
2026-06-24,2026,6,LATO,16.677680677864046,51.58948568015553,5808.867198410206,1906.1802080960156
2026-06-24,2026,6,LATO,16.74056274775242,51.58948568015553,1456.5056795966475,1905.4062187658
2026-06-24,2026,6,LATO,16.80344481764078,51.58948568015553,2912.5589340426127,1884.9298163069673
2026-06-24,2026,6,LATO,16.866326887529155,51.58948568015553,7268.267033888717,1885.2697093381134
2026-06-24,2026,6,LATO,16.929208957417515,51.58948568015553,11625.639526185509,1895.9746699705543
2026-06-24,2026,6,LATO,16.992091027305875,51.58948568015553,15983.313323809196,1899.3576315518633
2026-06-24,2026,6,LATO,17.05497309719425,51.58948568015553,20341.092594536985,1897.140651298112
2026-06-24,2026,6,LATO,17.11785516708261,51.58948568015553,24698.91914071422,1900.1990126441028
2026-06-24,2026,6,LATO,16.426152398310577,51.65236775004391,24211.69931278745,1886.8848520390682
2026-06-24,2026,6,LATO,16.489034468198952,51.65236775004391,20072.528275770994,1881.3824898519326
2026-06-24,2026,6,LATO,16.551916538087312,51.65236775004391,16047.953486807288,1879.7634999675406
2026-06-24,2026,6,LATO,16.614798607975686,51.65236775004391,12251.439160938848,1901.336590839859
2026-06-24,2026,6,LATO,16.677680677864046,51.65236775004391,8977.156866042955,1903.2577258130054
2026-06-24,2026,6,LATO,16.74056274775242,51.65236775004391,7000.8287602165365,1885.1235413898933
2026-06-24,2026,6,LATO,16.80344481764078,51.65236775004391,7440.7240432757335,1880.0183312947697
2026-06-24,2026,6,LATO,16.866326887529155,51.65236775004391,9982.370540258755,1881.4726575546022
2026-06-24,2026,6,LATO,16.929208957417515,51.65236775004391,13485.612600907245,1908.069442100179
2026-06-24,2026,6,LATO,16.992091027305875,51.65236775004391,17378.330580821977,1907.5680486475596
2026-06-24,2026,6,LATO,17.05497309719425,51.65236775004391,21449.51032645465,1907.4683657308017
2026-06-24,2026,6,LATO,16.489034468198952,51.71524981993227,23392.42763750961,1884.4905152802412
2026-06-24,2026,6,LATO,16.551916538087312,51.71524981993227,20050.86996583991,1893.3190347128639
2026-06-24,2026,6,LATO,16.614798607975686,51.71524981993227,17168.20275811432,1903.1650073102076
2026-06-24,2026,6,LATO,16.677680677864046,51.71524981993227,15011.166602358962,1901.1010545857926
2026-06-24,2026,6,LATO,16.74056274775242,51.71524981993227,13921.247619234951,1887.3326905653817
2026-06-24,2026,6,LATO,16.80344481764078,51.71524981993227,14147.265106642424,1881.70396626801
2026-06-24,2026,6,LATO,16.866326887529155,51.71524981993227,15632.244799391508,1892.75126503858
2026-06-24,2026,6,LATO,16.929208957417515,51.71524981993227,18068.40211024761,1903.7501842191398
2026-06-24,2026,6,LATO,16.992091027305875,51.71524981993227,21129.253707015116,1905.872762102481
2026-06-24,2026,6,LATO,17.05497309719425,51.71524981993227,24582.54703872513,1907.355135105368
2026-06-24,2026,6,LATO,16.614798607975686,51.77813188982064,23179.713805871586,1909.7761096933705
2026-06-24,2026,6,LATO,16.677680677864046,51.77813188982064,21632.923911312602,1879.5228275858176
2026-06-24,2026,6,LATO,16.74056274775242,51.77813188982064,20892.418416735138,1872.1263125612409
2026-06-24,2026,6,LATO,16.80344481764078,51.77813188982064,21043.486525155,1888.8982840121002
2026-06-24,2026,6,LATO,16.866326887529155,51.77813188982064,22067.825998990276,1892.4201016899503
2026-06-24,2026,6,LATO,16.929208957417515,51.77813188982064,23853.198376497356,1895.7333201361107
2026-06-25,2026,6,LATO,16.80344481764078,51.40083947049044,21335.48709556919,1864.005297849973
2026-06-25,2026,6,LATO,16.866326887529155,51.40083947049044,22354.663010638676,1876.5344357457266
2026-06-25,2026,6,LATO,16.929208957417515,51.40083947049044,24132.945339994152,1883.450441354318
2026-06-25,2026,6,LATO,16.80344481764078,51.4637215403788,14436.253925872035,1865.4650326844776
2026-06-25,2026,6,LATO,16.866326887529155,51.4637215403788,15901.958375980237,1861.9227290207648
2026-06-25,2026,6,LATO,16.929208957417515,51.4637215403788,18314.666201500986,1872.980449747987
2026-06-25,2026,6,LATO,16.992091027305875,51.4637215403788,21355.786210260703,1881.4653671325293
2026-06-25,2026,6,LATO,17.05497309719425,51.4637215403788,24795.16124864444,1882.0491999392455
2026-06-25,2026,6,LATO,16.74056274775242,51.52660361026717,7288.851416249433,1880.7070351445257
2026-06-25,2026,6,LATO,16.80344481764078,51.52660361026717,7713.474629872748,1879.7276026339875
2026-06-25,2026,6,LATO,16.866326887529155,51.52660361026717,10193.305457067432,1878.2276360399835
2026-06-25,2026,6,LATO,16.929208957417515,51.52660361026717,13650.817531679393,1876.1659787431045
2026-06-25,2026,6,LATO,16.992091027305875,51.52660361026717,17516.325131595124,1880.8108491284308
2026-06-25,2026,6,LATO,17.05497309719425,51.52660361026717,21571.598166640877,1888.097290039095
2026-06-25,2026,6,LATO,16.74056274775242,51.58948568015553,1456.5056795966475,1880.7070570612168
2026-06-25,2026,6,LATO,16.80344481764078,51.58948568015553,2912.5589340426127,1880.7070405157358
2026-06-25,2026,6,LATO,16.866326887529155,51.58948568015553,7268.267033888717,1880.707030527277
2026-06-25,2026,6,LATO,16.929208957417515,51.58948568015553,11625.639526185509,1883.2723949403307
2026-06-25,2026,6,LATO,16.992091027305875,51.58948568015553,15983.313323809196,1900.6460200240795
2026-06-25,2026,6,LATO,17.05497309719425,51.58948568015553,20341.092594536985,1897.8821809874582
2026-06-25,2026,6,LATO,17.11785516708261,51.58948568015553,24698.91914071422,1892.3978003261866
2026-06-25,2026,6,LATO,16.866326887529155,51.65236775004391,9982.370540258755,1898.931525686396
2026-06-25,2026,6,LATO,16.929208957417515,51.65236775004391,13485.612600907245,1899.0099563020067
2026-06-25,2026,6,LATO,16.992091027305875,51.65236775004391,17378.330580821977,1899.4533389107412
2026-06-25,2026,6,LATO,17.05497309719425,51.65236775004391,21449.51032645465,1900.11657714847
2026-06-25,2026,6,LATO,16.929208957417515,51.71524981993227,18068.40211024761,1898.931531716403
2026-06-25,2026,6,LATO,16.992091027305875,51.71524981993227,21129.253707015116,1898.9315157272724
2026-06-25,2026,6,LATO,17.05497309719425,51.71524981993227,24582.54703872513,1899.2477542183667
2026-06-26,2026,6,LATO,16.61830038347513,51.40083947049044,23357.325009271568,1869.3198395063496
2026-06-26,2026,6,LATO,16.681182453363505,51.40083947049044,21858.551501215836,1868.4697122643076
2026-06-26,2026,6,LATO,16.744064523251865,51.40083947049044,21169.97948026083,1870.84527129488
2026-06-26,2026,6,LATO,16.80694659314024,51.40083947049044,21370.06897100889,1872.8663872393138
2026-06-26,2026,6,LATO,16.8698286630286,51.40083947049044,22435.0560994152,1872.1821593610146
2026-06-26,2026,6,LATO,16.93271073291696,51.40083947049044,24251.263556444006,1871.365061326425
2026-06-26,2026,6,LATO,16.492536243698396,51.4637215403788,23414.899936381134,1879.0925373846856
2026-06-26,2026,6,LATO,16.55541831358677,51.4637215403788,20109.85804646847,1874.2828987306216
2026-06-26,2026,6,LATO,16.61830038347513,51.4637215403788,17281.293111147876,1872.610717773506
2026-06-26,2026,6,LATO,16.681182453363505,51.4637215403788,15197.621096555067,1869.4447892654484
2026-06-26,2026,6,LATO,16.744064523251865,51.4637215403788,14190.84584916038,1867.9532894218778
2026-06-26,2026,6,LATO,16.80694659314024,51.4637215403788,14487.243995223931,1870.8706629236776
2026-06-26,2026,6,LATO,16.8698286630286,51.4637215403788,16014.622221210599,1872.822368719628
2026-06-26,2026,6,LATO,16.93271073291696,51.4637215403788,18470.080696861653,1872.1583656450355
2026-06-26,2026,6,LATO,16.995592802805334,51.4637215403788,21538.512564881104,1868.9379748328183
2026-06-26,2026,6,LATO,16.429654173810036,51.52660361026717,24095.052840796863,1867.3625186791674
2026-06-26,2026,6,LATO,16.492536243698396,51.52660361026717,19972.051812045833,1865.8487764972006
2026-06-26,2026,6,LATO,16.55541831358677,51.52660361026717,15975.901719855694,1865.5422778103832
2026-06-26,2026,6,LATO,16.61830038347513,51.52660361026717,12231.57540312029,1866.1941855319685
2026-06-26,2026,6,LATO,16.681182453363505,51.52660361026717,9056.98399072358,1868.041858582473
2026-06-26,2026,6,LATO,16.744064523251865,51.52660361026717,7244.448058339897,1871.2072272714213
2026-06-26,2026,6,LATO,16.80694659314024,51.52660361026717,7808.35931830702,1871.7280089265462
2026-06-26,2026,6,LATO,16.8698286630286,51.52660361026717,10367.949829927013,1870.9366098234539
2026-06-26,2026,6,LATO,16.93271073291696,51.52660361026717,13858.349421879799,1878.4133215876122
2026-06-26,2026,6,LATO,16.995592802805334,51.52660361026717,17738.342418009554,1876.1763526076497
2026-06-26,2026,6,LATO,17.058474872693694,51.52660361026717,21800.896834026396,1873.8920582553205
2026-06-26,2026,6,LATO,16.429654173810036,51.58948568015553,22996.49857871793,1873.6081392143265
2026-06-26,2026,6,LATO,16.492536243698396,51.58948568015553,18638.68657756391,1867.460475857225
2026-06-26,2026,6,LATO,16.55541831358677,51.58948568015553,14280.938082559509,1866.6100422875948
2026-06-26,2026,6,LATO,16.61830038347513,51.58948568015553,9923.342104413665,1865.5433545494036
2026-06-26,2026,6,LATO,16.681182453363505,51.58948568015553,5566.263859325466,1866.19756986113
2026-06-26,2026,6,LATO,16.744064523251865,51.58948568015553,1215.305280410641,1866.3102201356799
2026-06-26,2026,6,LATO,16.80694659314024,51.58948568015553,3154.958170320423,1872.143973751329
2026-06-26,2026,6,LATO,16.8698286630286,51.58948568015553,7510.903373324361,1880.2071734884312
2026-06-26,2026,6,LATO,16.93271073291696,51.58948568015553,11868.30475862019,1879.6839216513692
2026-06-26,2026,6,LATO,16.995592802805334,51.58948568015553,16225.987294598535,1878.9635758097231
2026-06-26,2026,6,LATO,17.058474872693694,51.58948568015553,20583.770219831662,1876.211522696729
2026-06-26,2026,6,LATO,16.429654173810036,51.65236775004391,23979.18804702071,1872.838408558109
2026-06-26,2026,6,LATO,16.492536243698396,51.65236775004391,19844.740657150767,1876.608338871889
2026-06-26,2026,6,LATO,16.55541831358677,51.65236775004391,15828.974167484621,1875.7090285645604
2026-06-26,2026,6,LATO,16.61830038347513,51.65236775004391,12051.126562228537,1867.8304868657767
2026-06-26,2026,6,LATO,16.681182453363505,51.65236775004391,8822.33065588357,1866.585512004313
2026-06-26,2026,6,LATO,16.744064523251865,51.65236775004391,6954.71461830716,1866.2871588158673
2026-06-26,2026,6,LATO,16.80694659314024,51.65236775004391,7538.772964134258,1877.8926216589166
2026-06-26,2026,6,LATO,16.8698286630286,51.65236775004391,10160.153935915157,1874.5676858252064
2026-06-26,2026,6,LATO,16.93271073291696,51.65236775004391,13695.073376721579,1875.705127275446
2026-06-26,2026,6,LATO,16.995592802805334,51.65236775004391,17601.475417570262,1879.4936144790447
2026-06-26,2026,6,LATO,17.058474872693694,51.65236775004391,21679.46783056369,1880.840975965873
2026-06-26,2026,6,LATO,16.492536243698396,51.71524981993227,23197.534347607052,1872.8633043656637
2026-06-26,2026,6,LATO,16.55541831358677,51.71524981993227,19876.284026855068,1875.1403012391818
2026-06-26,2026,6,LATO,16.61830038347513,51.71524981993227,17026.03367518323,1875.6722477483283
2026-06-26,2026,6,LATO,16.681182453363505,51.71524981993227,14919.219680604592,1867.9376890107299
2026-06-26,2026,6,LATO,16.744064523251865,51.71524981993227,13898.146570305822,1872.6109324172464
2026-06-26,2026,6,LATO,16.80694659314024,51.71524981993227,14199.00697744009,1880.0571282347464
2026-06-26,2026,6,LATO,16.8698286630286,51.71524981993227,15746.209682334471,1880.4140372239813
2026-06-26,2026,6,LATO,16.93271073291696,51.71524981993227,18225.052920267543,1874.6027628672132
2026-06-26,2026,6,LATO,16.995592802805334,51.71524981993227,21312.909613572112,1873.6121276071208
2026-06-26,2026,6,LATO,17.058474872693694,51.71524981993227,24783.174159753296,1879.4420715798947
2026-06-26,2026,6,LATO,16.61830038347513,51.77813188982064,23074.759292339393,1872.056564509191
2026-06-26,2026,6,LATO,16.681182453363505,51.77813188982064,21569.31171970264,1877.522171097871
2026-06-26,2026,6,LATO,16.744064523251865,51.77813188982064,20877.053939108304,1876.9222778268945
2026-06-26,2026,6,LATO,16.80694659314024,51.77813188982064,21078.258474183043,1875.3990389099738
2026-06-26,2026,6,LATO,16.8698286630286,51.77813188982064,22148.589657581215,1874.3576314906377
2026-06-26,2026,6,LATO,16.93271073291696,51.77813188982064,23971.91232059278,1877.1897540786413
2026-06-26,2026,6,LATO,16.614798607975686,51.397337694990995,23813.608073704934,1896.9658368115795
2026-06-26,2026,6,LATO,16.677680677864046,51.397337694990995,22297.764124350146,1896.6563619032647
2026-06-26,2026,6,LATO,16.74056274775242,51.397337694990995,21573.95819268799,1891.5773522420077
2026-06-26,2026,6,LATO,16.80344481764078,51.397337694990995,21721.510866786535,1891.0648453321453
2026-06-26,2026,6,LATO,16.866326887529155,51.397337694990995,22723.454514856738,1887.038523469393
2026-06-26,2026,6,LATO,16.929208957417515,51.397337694990995,24475.085109585685,1885.888156278983
2026-06-26,2026,6,LATO,16.489034468198952,51.460219764879355,23845.008232145603,1895.8721693784998
2026-06-26,2026,6,LATO,16.551916538087312,51.460219764879355,20557.26317336872,1895.8590246907106
2026-06-26,2026,6,LATO,16.614798607975686,51.460219764879355,17740.02485160034,1895.8587646485068
2026-06-26,2026,6,LATO,16.677680677864046,51.460219764879355,15649.495259100015,1893.101333896018
2026-06-26,2026,6,LATO,16.74056274775242,51.460219764879355,14601.221303591914,1891.5274658202463
2026-06-26,2026,6,LATO,16.80344481764078,51.460219764879355,14818.071988076592,1889.5250922476507
2026-06-26,2026,6,LATO,16.866326887529155,51.460219764879355,16249.477297498555,1884.0891984174675
2026-06-26,2026,6,LATO,16.929208957417515,51.460219764879355,18617.372092933372,1884.1584905524292
2026-06-26,2026,6,LATO,16.992091027305875,51.460219764879355,21616.16010682343,1884.193140164715
2026-06-26,2026,6,LATO,16.489034468198952,51.523101834767715,20340.743005335,1894.5629096466812
2026-06-26,2026,6,LATO,16.551916538087312,51.523101834767715,16369.578958925387,1894.640921612907
2026-06-26,2026,6,LATO,16.614798607975686,51.523101834767715,12657.754103499872,1894.4640998449404
2026-06-26,2026,6,LATO,16.677680677864046,51.523101834767715,9513.821540943849,1892.3699668779827
2026-06-26,2026,6,LATO,16.74056274775242,51.523101834767715,7671.070689869811,1892.2351290385257
2026-06-26,2026,6,LATO,16.80344481764078,51.523101834767715,8075.651649937705,1885.9427732053744
2026-06-26,2026,6,LATO,16.866326887529155,51.523101834767715,10470.211718879696,1884.047707105804
2026-06-26,2026,6,LATO,16.929208957417515,51.523101834767715,13859.040087329411,1883.5523672401268
2026-06-26,2026,6,LATO,16.992091027305875,51.523101834767715,17679.33982619234,1886.0214277042228
2026-06-26,2026,6,LATO,17.05497309719425,51.523101834767715,21704.456153907067,1890.2314926089714
2026-06-26,2026,6,LATO,16.489034468198952,51.58598390465609,18889.13814833376,1890.6280617508394
2026-06-26,2026,6,LATO,16.551916538087312,51.58598390465609,14533.331045684508,1890.8286936604986
2026-06-26,2026,6,LATO,16.614798607975686,51.58598390465609,10179.47780848882,1891.886859004396
2026-06-26,2026,6,LATO,16.677680677864046,51.58598390465609,5831.962883563788,1892.3945605036504
2026-06-26,2026,6,LATO,16.74056274775242,51.58598390465609,1545.2607631434475,1892.4960485720658
2026-06-26,2026,6,LATO,16.80344481764078,51.58598390465609,2958.024763175277,1889.493661929157
2026-06-26,2026,6,LATO,16.866326887529155,51.58598390465609,7286.839225247103,1889.40258231512
2026-06-26,2026,6,LATO,16.929208957417515,51.58598390465609,11637.531703255183,1889.2571149459031
2026-06-26,2026,6,LATO,16.992091027305875,51.58598390465609,15992.254510128687,1893.278396605262
2026-06-26,2026,6,LATO,17.05497309719425,51.58598390465609,20348.4180571115,1895.6798543391906
2026-06-26,2026,6,LATO,17.11785516708261,51.58598390465609,24705.257869537152,1895.6906706048135
2026-06-26,2026,6,LATO,16.426152398310577,51.64886597454445,24105.23793976072,1896.677384052476
2026-06-26,2026,6,LATO,16.489034468198952,51.64886597454445,19943.63009478907,1897.3861487976706
2026-06-26,2026,6,LATO,16.551916538087312,51.64886597454445,15886.081924716762,1897.7608788930957
2026-06-26,2026,6,LATO,16.614798607975686,51.64886597454445,12038.283355681328,1892.2860653275143
2026-06-26,2026,6,LATO,16.677680677864046,51.64886597454445,8683.69074994786,1892.1467285155627
2026-06-26,2026,6,LATO,16.74056274775242,51.64886597454445,6620.143809888704,1892.1467285155588
2026-06-26,2026,6,LATO,16.80344481764078,51.64886597454445,7083.753610177349,1887.6542968749707
2026-06-26,2026,6,LATO,16.866326887529155,51.64886597454445,9719.379257419387,1887.6542968749707
2026-06-26,2026,6,LATO,16.929208957417515,51.64886597454445,13292.35500008308,1889.3724516250647
2026-06-26,2026,6,LATO,16.992091027305875,51.64886597454445,17229.062329563643,1896.808940650193
2026-06-26,2026,6,LATO,17.05497309719425,51.64886597454445,21329.038621440097,1896.7329767214042
2026-06-26,2026,6,LATO,16.489034468198952,51.711748044432824,23164.537143974856,1887.0231933593132
2026-06-26,2026,6,LATO,16.551916538087312,51.711748044432824,19784.24325381317,1887.023193359444
2026-06-26,2026,6,LATO,16.614798607975686,51.711748044432824,16855.793913467194,1895.3535118392924
2026-06-26,2026,6,LATO,16.677680677864046,51.711748044432824,14652.657108918882,1895.2747496342538
2026-06-26,2026,6,LATO,16.74056274775242,51.711748044432824,13533.807197637847,1895.0349514113932
2026-06-26,2026,6,LATO,16.80344481764078,51.711748044432824,13766.20506055445,1888.714937339696
2026-06-26,2026,6,LATO,16.866326887529155,51.711748044432824,15288.354581972251,1888.6809698275197
2026-06-26,2026,6,LATO,16.929208957417515,51.711748044432824,17771.89379757152,1891.3828154363496
2026-06-26,2026,6,LATO,16.992091027305875,51.711748044432824,20876.486494360677,1894.8791978723434
2026-06-26,2026,6,LATO,17.05497309719425,51.711748044432824,24365.88064045875,1895.0056198461136
2026-06-26,2026,6,LATO,16.614798607975686,51.774630114321184,22830.191850846997,1890.3942497930402
2026-06-26,2026,6,LATO,16.677680677864046,51.774630114321184,21257.858795324755,1890.1862585663184
2026-06-26,2026,6,LATO,16.74056274775242,51.774630114321184,20503.75270406401,1886.859258986452
2026-06-26,2026,6,LATO,16.80344481764078,51.774630114321184,20657.67515407771,1884.495557182969
2026-06-26,2026,6,LATO,16.866326887529155,51.774630114321184,21700.312866428067,1884.5810095677882
2026-06-26,2026,6,LATO,16.929208957417515,51.774630114321184,23513.741779763972,1889.2732319865033
2026-06-27,2026,6,LATO,16.611296832476228,51.397337694990995,23918.645184141587,1894.0745849610068
2026-06-27,2026,6,LATO,16.674178902364588,51.397337694990995,22362.464810076908,1895.2585963163826
2026-06-27,2026,6,LATO,16.737060972252976,51.397337694990995,21591.690832879205,1895.8493370968547
2026-06-27,2026,6,LATO,16.799943042141336,51.397337694990995,21690.2137014598,1899.3572858039222
2026-06-27,2026,6,LATO,16.862825112029697,51.397337694990995,22646.69100688218,1900.9883353357045
2026-06-27,2026,6,LATO,16.925707181918057,51.397337694990995,24360.27315534031,1899.2660390561796
2026-06-27,2026,6,LATO,16.485532692699508,51.460219764879355,24038.169538358412,1900.7744891260722
2026-06-27,2026,6,LATO,16.548414762587868,51.460219764879355,20729.90718145822,1896.6642742914853
2026-06-27,2026,6,LATO,16.611296832476228,51.460219764879355,17880.583453753687,1898.0118910254216
2026-06-27,2026,6,LATO,16.674178902364588,51.460219764879355,15741.419416381,1900.191222453454
2026-06-27,2026,6,LATO,16.737060972252976,51.460219764879355,14627.373441799897,1899.1676753687389
2026-06-27,2026,6,LATO,16.799943042141336,51.460219764879355,14772.21913775697,1899.1519912509382
2026-06-27,2026,6,LATO,16.862825112029697,51.460219764879355,16142.103890424161,1902.5539702831195
2026-06-27,2026,6,LATO,16.925707181918057,51.460219764879355,18466.384295238193,1906.6130200719904
2026-06-27,2026,6,LATO,16.988589251806417,51.460219764879355,21436.837090162604,1904.1696432983508
2026-06-27,2026,6,LATO,17.051471321694805,51.460219764879355,24822.557353302105,1904.4323120227582
2026-06-27,2026,6,LATO,16.42265062281112,51.523101834767715,24676.334411369953,1906.982316072137
2026-06-27,2026,6,LATO,16.485532692699508,51.523101834767715,20566.533222157905,1892.02452647937
2026-06-27,2026,6,LATO,16.548414762587868,51.523101834767715,16585.57516115953,1892.4189385757197
2026-06-27,2026,6,LATO,16.611296832476228,51.523101834767715,12853.740550323688,1901.6965183946345
2026-06-27,2026,6,LATO,16.674178902364588,51.523101834767715,9664.078931179667,1901.5651855468127
2026-06-27,2026,6,LATO,16.737060972252976,51.523101834767715,7720.664784772775,1891.7608448288813
2026-06-27,2026,6,LATO,16.799943042141336,51.523101834767715,7991.321238525667,1892.1225471426374
2026-06-27,2026,6,LATO,16.862825112029697,51.523101834767715,10303.014807201598,1896.371961422004
2026-06-27,2026,6,LATO,16.925707181918057,51.523101834767715,13655.822493822387,1897.116501386202
2026-06-27,2026,6,LATO,16.988589251806417,51.523101834767715,17459.933369514594,1906.8995730996153
2026-06-27,2026,6,LATO,17.051471321694805,51.523101834767715,21476.85639948017,1904.3965851556372
2026-06-27,2026,6,LATO,16.42265062281112,51.58598390465609,23488.42755758784,1904.9635465653128
2026-06-27,2026,6,LATO,16.485532692699508,51.58598390465609,19131.734753019387,1889.5494332119492
2026-06-27,2026,6,LATO,16.548414762587868,51.58598390465609,14775.861788027069,1889.716577962132
2026-06-27,2026,6,LATO,16.611296832476228,51.58598390465609,10421.8419252194,1905.2497442196207
2026-06-27,2026,6,LATO,16.674178902364588,51.58598390465609,6073.6684473133355,1904.9777726521593
2026-06-27,2026,6,LATO,16.737060972252976,51.58598390465609,1774.8584868213236,1897.028900879875
2026-06-27,2026,6,LATO,16.799943042141336,51.58598390465609,2719.712553001884,1896.198451019505
2026-06-27,2026,6,LATO,16.862825112029697,51.58598390465609,7044.82694867206,1900.3825868193387
2026-06-27,2026,6,LATO,16.925707181918057,51.58598390465609,11395.10169031357,1907.0045169468438
2026-06-27,2026,6,LATO,16.988589251806417,51.58598390465609,15749.699818762218,1914.4453505532408
2026-06-27,2026,6,LATO,17.051471321694805,51.58598390465609,20105.810226435016,1908.00782632105
2026-06-27,2026,6,LATO,17.114353391583165,51.58598390465609,24462.62268161473,1899.8729482837289
2026-06-27,2026,6,LATO,16.42265062281112,51.64886597454445,24338.97944000566,1896.8427689944804
2026-06-27,2026,6,LATO,16.485532692699508,51.64886597454445,20173.23421265138,1893.025411343928
2026-06-27,2026,6,LATO,16.548414762587868,51.64886597454445,16107.953383748198,1891.8030239898203
2026-06-27,2026,6,LATO,16.611296832476228,51.64886597454445,12243.626482151323,1893.8655749276786
2026-06-27,2026,6,LATO,16.674178902364588,51.64886597454445,8847.607758318938,1894.3527911341605
2026-06-27,2026,6,LATO,16.737060972252976,51.64886597454445,6677.390119064138,1888.4496321169474
2026-06-27,2026,6,LATO,16.799943042141336,51.64886597454445,6987.72966599558,1889.9002587182008
2026-06-27,2026,6,LATO,16.862825112029697,51.64886597454445,9539.532909913665,1896.4248046874707
2026-06-27,2026,6,LATO,16.925707181918057,51.64886597454445,13080.925520782024,1915.1798217478363
2026-06-27,2026,6,LATO,16.988589251806417,51.64886597454445,17004.47180573391,1915.7074942320544
2026-06-27,2026,6,LATO,17.051471321694805,51.64886597454445,21098.031402754626,1905.7104578632916
2026-06-27,2026,6,LATO,16.485532692699508,51.711748044432824,23362.235077791953,1895.2974381830215
2026-06-27,2026,6,LATO,16.548414762587868,51.711748044432824,19962.59036828338,1890.9355621059176
2026-06-27,2026,6,LATO,16.611296832476228,51.711748044432824,17002.85277253168,1889.596522458518
2026-06-27,2026,6,LATO,16.674178902364588,51.711748044432824,14750.256086804378,1896.0454020581424
2026-06-27,2026,6,LATO,16.737060972252976,51.711748044432824,13561.862643551867,1899.5062255858713
2026-06-27,2026,6,LATO,16.799943042141336,51.711748044432824,13717.108798846582,1896.6876632241426
2026-06-27,2026,6,LATO,16.862825112029697,51.711748044432824,15174.812763731501,1895.5754655486278
2026-06-27,2026,6,LATO,16.925707181918057,51.711748044432824,17614.53506315774,1917.7943008221575
2026-06-27,2026,6,LATO,16.988589251806417,51.711748044432824,20691.781140070114,1917.2955030854132
2026-06-27,2026,6,LATO,17.051471321694805,51.711748044432824,24164.20381730272,1906.778638086974
2026-06-27,2026,6,LATO,16.611296832476228,51.774630114321184,22938.830904271606,1885.7971553745401
2026-06-27,2026,6,LATO,16.674178902364588,51.774630114321184,21325.155889422454,1881.2429898605874
2026-06-27,2026,6,LATO,16.737060972252976,51.774630114321184,20522.256263071482,1881.0820839241705
2026-06-27,2026,6,LATO,16.799943042141336,51.774630114321184,20625.035412925725,1881.3188406537538
2026-06-27,2026,6,LATO,16.862825112029697,51.774630114321184,21620.581268314785,1900.765467115441
2026-06-27,2026,6,LATO,16.925707181918057,51.774630114321184,23395.200733003247,1921.554664417832
2026-06-28,2026,6,LATO,16.614798607975686,51.397337694990995,23813.608073704934,1876.0017020687026
2026-06-28,2026,6,LATO,16.677680677864046,51.397337694990995,22297.764124350146,1885.4940069404977
2026-06-28,2026,6,LATO,16.74056274775242,51.397337694990995,21573.95819268799,1899.041101231545
2026-06-28,2026,6,LATO,16.80344481764078,51.397337694990995,21721.510866786535,1892.9702167676298
2026-06-28,2026,6,LATO,16.866326887529155,51.397337694990995,22723.454514856738,1889.8062718781205
2026-06-28,2026,6,LATO,16.929208957417515,51.397337694990995,24475.085109585685,1895.6428426508476
2026-06-28,2026,6,LATO,16.74056274775242,51.460219764879355,14601.221303591914,1887.3220175308936
2026-06-28,2026,6,LATO,16.80344481764078,51.460219764879355,14818.071988076592,1885.7617558160578
2026-06-28,2026,6,LATO,16.866326887529155,51.460219764879355,16249.477297498555,1859.0867536593416
2026-06-28,2026,6,LATO,16.929208957417515,51.460219764879355,18617.372092933372,1872.4674222251026
2026-06-28,2026,6,LATO,16.929208957417515,51.64886597454445,13292.35500008308,1847.0802519356948
2026-06-28,2026,6,LATO,16.992091027305875,51.64886597454445,17229.062329563643,1846.5888669959004
2026-06-28,2026,6,LATO,17.05497309719425,51.64886597454445,21329.038621440097,1851.8386144649462
2026-06-28,2026,6,LATO,16.929208957417515,51.711748044432824,17771.89379757152,1848.393424752461
2026-06-28,2026,6,LATO,16.992091027305875,51.711748044432824,20876.486494360677,1847.5961914062216
2026-06-28,2026,6,LATO,17.05497309719425,51.711748044432824,24365.88064045875,1853.7528283301685
2026-06-28,2026,6,LATO,16.80344481764078,51.774630114321184,20657.67515407771,1856.4921924641478
2026-06-28,2026,6,LATO,16.866326887529155,51.774630114321184,21700.312866428067,1856.4921874999714
2026-06-28,2026,6,LATO,16.929208957417515,51.774630114321184,23513.741779763972,1875.2748939964263
