Data,Rok,Miesiac,Sezon,Lon,Lat,odleglosc_m,CH4_column_volume_mixing_ratio_dry_air
2019-02-07,2019,2,ZIMA,22.668986194756126,49.755400326894545,22087.641825604678,1811.1357489005316
2019-02-07,2019,2,ZIMA,22.668986194756126,49.818282396782934,17695.925250540768,1811.1357580503052
2019-02-07,2019,2,ZIMA,22.73186826464449,49.818282396782934,21714.62640675995,1819.795304169179
2019-02-16,2019,2,ZIMA,22.225309930038108,49.755400326894545,23075.62091358676,1807.3388591292257
2019-02-16,2019,2,ZIMA,22.288191999926475,49.755400326894545,20054.775957172795,1813.6107937149543
2019-02-16,2019,2,ZIMA,22.351074069814842,49.755400326894545,17687.45214846048,1816.4845055342319
2019-02-16,2019,2,ZIMA,22.41395613970321,49.755400326894545,16261.611335671701,1816.4845010723343
2019-02-16,2019,2,ZIMA,22.476838209591577,49.755400326894545,16030.471476220679,1817.0302695314417
2019-02-16,2019,2,ZIMA,22.539720279479937,49.755400326894545,17042.710013347772,1817.9759597308966
2019-02-16,2019,2,ZIMA,22.602602349368304,49.755400326894545,19101.674777579803,1817.9759517919401
2019-02-16,2019,2,ZIMA,22.66548441925667,49.755400326894545,21914.29117237456,1821.7179331411157
2019-02-16,2019,2,ZIMA,22.16242786014974,49.818282396782934,22993.89771570689,1814.7860145989011
2019-02-16,2019,2,ZIMA,22.225309930038108,49.818282396782934,18913.18168296834,1814.5424487312653
2019-02-16,2019,2,ZIMA,22.288191999926475,49.818282396782934,15085.974138612986,1814.1040100911157
2019-02-16,2019,2,ZIMA,22.351074069814842,49.818282396782934,11762.396604778049,1814.1900206510084
2019-02-16,2019,2,ZIMA,22.41395613970321,49.818282396782934,9487.389990687023,1814.361954687633
2019-02-16,2019,2,ZIMA,22.476838209591577,49.818282396782934,9086.046306825554,1815.127976922654
2019-02-16,2019,2,ZIMA,22.539720279479937,49.818282396782934,10769.907347387072,1815.5648679255323
2019-02-16,2019,2,ZIMA,22.602602349368304,49.818282396782934,13795.462190407134,1817.7853510330574
2019-02-16,2019,2,ZIMA,22.66548441925667,49.818282396782934,17479.35546032421,1821.51786654591
2019-02-16,2019,2,ZIMA,22.72836648914504,49.818282396782934,21485.578151212052,1821.5505498725172
2019-02-16,2019,2,ZIMA,22.288191999926475,49.881164466671294,12280.645751248541,1807.5114746094023
2019-02-16,2019,2,ZIMA,22.351074069814842,49.881164466671294,7854.756429353045,1807.511474609308
2019-02-16,2019,2,ZIMA,22.41395613970321,49.881164466671294,3662.826773873633,1811.098828625528
2019-02-16,2019,2,ZIMA,22.476838209591577,49.881164466671294,2443.685044444684,1820.2342644164896
2019-02-16,2019,2,ZIMA,22.539720279479937,49.881164466671294,6273.998858484071,1820.0027673879936
2019-02-16,2019,2,ZIMA,22.602602349368304,49.881164466671294,10657.89446856776,1828.7780492633285
2019-02-16,2019,2,ZIMA,22.66548441925667,49.881164466671294,15121.325647202782,1830.2863261642603
2019-02-16,2019,2,ZIMA,22.72836648914504,49.881164466671294,19610.05619446446,1829.8914391825008
2019-02-16,2019,2,ZIMA,22.791248559033406,49.881164466671294,24109.957451561382,1829.12939238618
2019-02-16,2019,2,ZIMA,22.225309930038108,49.944046536559654,17368.474145849043,1806.8805744879835
2019-02-16,2019,2,ZIMA,22.288191999926475,49.944046536559654,13110.286221926865,1807.1816906007464
2019-02-16,2019,2,ZIMA,22.351074069814842,49.944046536559654,9103.755684438656,1807.196397551497
2019-02-16,2019,2,ZIMA,22.41395613970321,49.944046536559654,5887.298046828058,1814.2842851324172
2019-02-16,2019,2,ZIMA,22.476838209591577,49.944046536559654,5217.7845571906855,1820.3198613045536
2019-02-16,2019,2,ZIMA,22.539720279479937,49.944046536559654,7782.88322853803,1820.3111279968489
2019-02-16,2019,2,ZIMA,22.602602349368304,49.944046536559654,11606.223911688516,1831.243401826849
2019-02-16,2019,2,ZIMA,22.66548441925667,49.944046536559654,15799.32540761907,1831.279529915085
2019-02-16,2019,2,ZIMA,22.72836648914504,49.944046536559654,20132.459394701837,1831.2795329138935
2019-02-16,2019,2,ZIMA,22.791248559033406,49.944046536559654,24531.531380854187,1831.2795426983039
2019-02-16,2019,2,ZIMA,22.225309930038108,50.006928606448014,20503.689161433696,1801.9272147026127
2019-02-16,2019,2,ZIMA,22.288191999926475,50.006928606448014,17052.451413993313,1802.1547408437882
2019-02-16,2019,2,ZIMA,22.351074069814842,50.006928606448014,14209.185108303696,1802.2779063089101
2019-02-16,2019,2,ZIMA,22.41395613970321,50.006928606448014,12399.427065448039,1805.8709020536567
2019-02-16,2019,2,ZIMA,22.476838209591577,50.006928606448014,12096.300368318187,1806.3469511540884
2019-02-16,2019,2,ZIMA,22.539720279479937,50.006928606448014,13402.423659929149,1807.074532857601
2019-02-16,2019,2,ZIMA,22.288191999926475,50.069810676336374,22528.58957328347,1799.7331760579475
2019-02-16,2019,2,ZIMA,22.351074069814842,50.069810676336374,20463.829199069023,1799.8778274746767
2019-02-16,2019,2,ZIMA,22.41395613970321,50.069810676336374,19252.94859761089,1803.8586395857578
2019-02-16,2019,2,ZIMA,22.476838209591577,50.069810676336374,19059.391608038903,1803.8586380231031
2019-02-16,2019,2,ZIMA,22.539720279479937,50.069810676336374,19912.845501312324,1803.8586319786793
2019-02-17,2019,2,ZIMA,22.476838209591577,49.692518257006185,23004.950086141587,1821.4891402360684
2019-02-17,2019,2,ZIMA,22.539720279479937,49.692518257006185,23722.33053402328,1821.489125364259
2019-02-17,2019,2,ZIMA,22.225309930038108,49.755400326894545,23075.62091358676,1809.4931786933707
2019-02-17,2019,2,ZIMA,22.288191999926475,49.755400326894545,20054.775957172795,1808.5976677134988
2019-02-17,2019,2,ZIMA,22.351074069814842,49.755400326894545,17687.45214846048,1815.8725425749362
2019-02-17,2019,2,ZIMA,22.41395613970321,49.755400326894545,16261.611335671701,1818.4732919901471
2019-02-17,2019,2,ZIMA,22.476838209591577,49.755400326894545,16030.471476220679,1821.5255000945463
2019-02-17,2019,2,ZIMA,22.539720279479937,49.755400326894545,17042.710013347772,1821.4891357422466
2019-02-17,2019,2,ZIMA,22.602602349368304,49.755400326894545,19101.674777579803,1812.974243164121
2019-02-17,2019,2,ZIMA,22.66548441925667,49.755400326894545,21914.29117237456,1812.9742431639954
2019-02-17,2019,2,ZIMA,22.16242786014974,49.818282396782934,22993.89771570689,1810.6147919417483
2019-02-17,2019,2,ZIMA,22.225309930038108,49.818282396782934,18913.18168296834,1824.9566708820612
2019-02-17,2019,2,ZIMA,22.288191999926475,49.818282396782934,15085.974138612986,1820.9707631526387
2019-02-17,2019,2,ZIMA,22.351074069814842,49.818282396782934,11762.396604778049,1819.7210677222943
2019-02-17,2019,2,ZIMA,22.41395613970321,49.818282396782934,9487.389990687023,1821.2793996937062
2019-02-17,2019,2,ZIMA,22.476838209591577,49.818282396782934,9086.046306825554,1824.4486680846574
2019-02-17,2019,2,ZIMA,22.539720279479937,49.818282396782934,10769.907347387072,1819.119758944991
2019-02-17,2019,2,ZIMA,22.602602349368304,49.818282396782934,13795.462190407134,1811.3875906048777
2019-02-17,2019,2,ZIMA,22.66548441925667,49.818282396782934,17479.35546032421,1818.7087180609196
2019-02-17,2019,2,ZIMA,22.72836648914504,49.818282396782934,21485.578151212052,1825.9998779296477
2019-02-17,2019,2,ZIMA,22.16242786014974,49.881164466671294,21249.860616887832,1815.7986085104044
2019-02-17,2019,2,ZIMA,22.225309930038108,49.881164466671294,16756.11579897442,1815.9069824218043
2019-02-17,2019,2,ZIMA,22.288191999926475,49.881164466671294,12280.645751248541,1824.3163145267333
2019-02-17,2019,2,ZIMA,22.351074069814842,49.881164466671294,7854.756429353045,1824.4560546874327
2019-02-17,2019,2,ZIMA,22.41395613970321,49.881164466671294,3662.826773873633,1831.440740891777
2019-02-17,2019,2,ZIMA,22.476838209591577,49.881164466671294,2443.685044444684,1830.4457468034725
2019-02-17,2019,2,ZIMA,22.539720279479937,49.881164466671294,6273.998858484071,1828.0911842039275
2019-02-17,2019,2,ZIMA,22.602602349368304,49.881164466671294,10657.89446856776,1827.1292118521733
2019-02-17,2019,2,ZIMA,22.66548441925667,49.881164466671294,15121.325647202782,1842.0458980015903
2019-02-17,2019,2,ZIMA,22.72836648914504,49.881164466671294,19610.05619446446,1840.7796625348892
2019-02-17,2019,2,ZIMA,22.791248559033406,49.881164466671294,24109.957451561382,1833.9441686917648
2019-02-17,2019,2,ZIMA,22.16242786014974,49.944046536559654,21730.87968921617,1817.3873426077955
2019-02-17,2019,2,ZIMA,22.225309930038108,49.944046536559654,17368.474145849043,1817.2057083356535
2019-02-17,2019,2,ZIMA,22.288191999926475,49.944046536559654,13110.286221926865,1823.5586742432472
2019-02-17,2019,2,ZIMA,22.351074069814842,49.944046536559654,9103.755684438656,1823.7257817526636
2019-02-17,2019,2,ZIMA,22.41395613970321,49.944046536559654,5887.298046828058,1834.4126882189948
2019-02-17,2019,2,ZIMA,22.476838209591577,49.944046536559654,5217.7845571906855,1833.691578861802
2019-02-17,2019,2,ZIMA,22.539720279479937,49.944046536559654,7782.88322853803,1836.6092529297546
2019-02-17,2019,2,ZIMA,22.602602349368304,49.944046536559654,11606.223911688516,1838.7828476778927
2019-02-17,2019,2,ZIMA,22.66548441925667,49.944046536559654,15799.32540761907,1840.5079345702522
2019-02-17,2019,2,ZIMA,22.72836648914504,49.944046536559654,20132.459394701837,1840.561274793722
2019-02-17,2019,2,ZIMA,22.791248559033406,49.944046536559654,24531.531380854187,1840.3509502494849
2019-02-17,2019,2,ZIMA,22.16242786014974,50.006928606448014,24305.27406858883,1813.412841796847
2019-02-17,2019,2,ZIMA,22.225309930038108,50.006928606448014,20503.689161433696,1816.937957693944
2019-02-17,2019,2,ZIMA,22.288191999926475,50.006928606448014,17052.451413993313,1835.5822744309282
2019-02-17,2019,2,ZIMA,22.351074069814842,50.006928606448014,14209.185108303696,1835.363049941736
2019-02-17,2019,2,ZIMA,22.41395613970321,50.006928606448014,12399.427065448039,1840.730869759771
2019-02-17,2019,2,ZIMA,22.476838209591577,50.006928606448014,12096.300368318187,1838.9681678883564
2019-02-17,2019,2,ZIMA,22.539720279479937,50.006928606448014,13402.423659929149,1833.590435476305
2019-02-17,2019,2,ZIMA,22.602602349368304,50.006928606448014,15926.688222586916,1831.655820255816
2019-02-17,2019,2,ZIMA,22.66548441925667,50.006928606448014,19194.370650338067,1831.2772665471116
2019-02-17,2019,2,ZIMA,22.72836648914504,50.006928606448014,22889.261329786274,1829.8870849608738
2019-02-17,2019,2,ZIMA,22.288191999926475,50.069810676336374,22528.58957328347,1833.8997162553396
2019-02-17,2019,2,ZIMA,22.351074069814842,50.069810676336374,20463.829199069023,1837.5167908370486
2019-02-17,2019,2,ZIMA,22.41395613970321,50.069810676336374,19252.94859761089,1841.2764095497298
2019-02-17,2019,2,ZIMA,22.476838209591577,50.069810676336374,19059.391608038903,1837.6792922644743
2019-02-17,2019,2,ZIMA,22.539720279479937,50.069810676336374,19912.845501312324,1835.2509765625668
2019-02-17,2019,2,ZIMA,22.602602349368304,50.069810676336374,21690.07027748715,1835.2025146485043
2019-02-17,2019,2,ZIMA,22.66548441925667,50.069810676336374,24188.296744026244,1835.182188865104
2019-02-18,2019,2,ZIMA,22.354575845314294,49.692518257006185,24112.090228048502,1828.6687011718147
2019-02-18,2019,2,ZIMA,22.417457915202657,49.692518257006185,23134.547378102303,1815.8390699820961
2019-02-18,2019,2,ZIMA,22.480339985091025,49.692518257006185,23022.08858500473,1811.0773939557198
2019-02-18,2019,2,ZIMA,22.543222054979392,49.692518257006185,23786.98643868175,1810.4165626024585
2019-02-18,2019,2,ZIMA,22.22881170553756,49.755400326894545,22894.36986324161,1822.7268066405854
2019-02-18,2019,2,ZIMA,22.291693775425927,49.755400326894545,19903.314178415047,1827.3863606976101
2019-02-18,2019,2,ZIMA,22.354575845314294,49.755400326894545,17580.495625769614,1828.3986772373128
2019-02-18,2019,2,ZIMA,22.417457915202657,49.755400326894545,16215.66667820542,1813.38470941278
2019-02-18,2019,2,ZIMA,22.480339985091025,49.755400326894545,16055.025104151813,1808.2802022478518
2019-02-18,2019,2,ZIMA,22.543222054979392,49.755400326894545,17132.476668509815,1805.2260742188084
2019-02-18,2019,2,ZIMA,22.60610412486776,49.755400326894545,19241.147484226796,1819.9202208181982
2019-02-18,2019,2,ZIMA,22.668986194756126,49.755400326894545,22087.641825604678,1820.7415418931685
2019-02-18,2019,2,ZIMA,22.165929635649192,49.818282396782934,22762.27075808762,1825.982712282599
2019-02-18,2019,2,ZIMA,22.22881170553756,49.818282396782934,18691.89945697382,1827.00434105874
2019-02-18,2019,2,ZIMA,22.291693775425927,49.818282396782934,14884.29752506612,1835.2397460938093
2019-02-18,2019,2,ZIMA,22.354575845314294,49.818282396782934,11601.151230090853,1833.0840721760344
2019-02-18,2019,2,ZIMA,22.417457915202657,49.818282396782934,9408.524932013164,1819.668012009966
2019-02-18,2019,2,ZIMA,22.480339985091025,49.818282396782934,9129.240569089454,1828.282972479371
2019-02-18,2019,2,ZIMA,22.543222054979392,49.818282396782934,10911.220491147085,1827.853716440002
2019-02-18,2019,2,ZIMA,22.60610412486776,49.818282396782934,13987.696201742643,1815.3250732422464
2019-02-18,2019,2,ZIMA,22.668986194756126,49.818282396782934,17695.925250540768,1819.5264188434005
2019-02-18,2019,2,ZIMA,22.73186826464449,49.818282396782934,21714.62640675995,1828.9910448587377
2019-02-18,2019,2,ZIMA,22.165929635649192,49.881164466671294,20999.33229321837,1821.9499999321563
2019-02-18,2019,2,ZIMA,22.22881170553756,49.881164466671294,16506.267562304827,1822.6391454231973
2019-02-18,2019,2,ZIMA,22.291693775425927,49.881164466671294,12032.364262771302,1823.655905539936
2019-02-18,2019,2,ZIMA,22.354575845314294,49.881164466671294,7611.491975228226,1809.5766320223638
2019-02-18,2019,2,ZIMA,22.417457915202657,49.881164466671294,3453.693223036827,1817.0897022795632
2019-02-18,2019,2,ZIMA,22.480339985091025,49.881164466671294,2599.495245792041,1827.3234219038818
2019-02-18,2019,2,ZIMA,22.543222054979392,49.881164466671294,6513.288539257984,1826.211582121473
2019-02-18,2019,2,ZIMA,22.60610412486776,49.881164466671294,10905.258517402252,1826.796629774293
2019-02-18,2019,2,ZIMA,22.668986194756126,49.881164466671294,15370.833327011827,1841.3437499999318
2019-02-18,2019,2,ZIMA,22.73186826464449,49.881164466671294,19860.423092579564,1844.9156550701794
2019-02-18,2019,2,ZIMA,22.794750334532857,49.881164466671294,24360.75155742461,1847.0587460119086
2019-02-18,2019,2,ZIMA,22.165929635649192,49.944046536559654,21486.28087913054,1821.4248809494434
2019-02-18,2019,2,ZIMA,22.22881170553756,49.944046536559654,17127.876258600787,1819.369059857735
2019-02-18,2019,2,ZIMA,22.291693775425927,49.944046536559654,12878.31429302353,1821.4075766460353
2019-02-18,2019,2,ZIMA,22.354575845314294,49.944046536559654,8894.991312628392,1820.2897283241682
2019-02-18,2019,2,ZIMA,22.417457915202657,49.944046536559654,5759.680046957223,1829.6265286447772
2019-02-18,2019,2,ZIMA,22.480339985091025,49.944046536559654,5292.450368233288,1827.686733744859
2019-02-18,2019,2,ZIMA,22.543222054979392,49.944046536559654,7976.788686317586,1830.0319824219418
2019-02-18,2019,2,ZIMA,22.60610412486776,49.944046536559654,11833.48850859346,1832.6147142993332
2019-02-18,2019,2,ZIMA,22.668986194756126,49.944046536559654,16037.980704463247,1834.765259159679
2019-02-18,2019,2,ZIMA,22.73186826464449,49.944046536559654,20376.093396314827,1846.4283768793541
2019-02-18,2019,2,ZIMA,22.794750334532857,49.944046536559654,24777.740103857333,1846.7133963059525
2019-02-18,2019,2,ZIMA,22.165929635649192,50.006928606448014,24087.11788566591,1827.6905612429655
2019-02-18,2019,2,ZIMA,22.22881170553756,50.006928606448014,20300.550055771535,1826.8749723027133
2019-02-18,2019,2,ZIMA,22.291693775425927,50.006928606448014,16874.99133361886,1840.3417968750675
2019-02-18,2019,2,ZIMA,22.354575845314294,50.006928606448014,14076.517619419135,1840.2660152748724
2019-02-18,2019,2,ZIMA,22.417457915202657,50.006928606448014,12339.42325907192,1841.4882991898205
2019-02-18,2019,2,ZIMA,22.480339985091025,50.006928606448014,12128.65266097527,1830.4055594030178
2019-02-18,2019,2,ZIMA,22.543222054979392,50.006928606448014,13515.800272744598,1830.5089990102333
2019-02-18,2019,2,ZIMA,22.60610412486776,50.006928606448014,16092.839025049043,1832.802246093817
2019-02-18,2019,2,ZIMA,22.668986194756126,50.006928606448014,19391.031598309888,1833.372869132361
2019-02-18,2019,2,ZIMA,22.73186826464449,50.006928606448014,23103.564470285364,1843.630115285918
2019-02-18,2019,2,ZIMA,22.291693775425927,50.069810676336374,22394.741498546697,1837.9500220918453
2019-02-18,2019,2,ZIMA,22.354575845314294,50.069810676336374,20372.0547241168,1838.8036685659683
2019-02-18,2019,2,ZIMA,22.417457915202657,50.069810676336374,19214.409734969002,1841.766181289505
2019-02-18,2019,2,ZIMA,22.480339985091025,50.069810676336374,19079.914015941584,1830.0078124999397
2019-02-18,2019,2,ZIMA,22.543222054979392,50.069810676336374,19989.23029615635,1830.1823159070238
2019-02-18,2019,2,ZIMA,22.60610412486776,50.069810676336374,21812.20457988765,1832.1405445288372
2019-02-18,2019,2,ZIMA,22.668986194756126,50.069810676336374,24344.445570191427,1833.385939799456
2019-02-19,2019,2,ZIMA,22.354575845314294,49.692518257006185,24112.090228048502,1835.927299136137
2019-02-19,2019,2,ZIMA,22.417457915202657,49.692518257006185,23134.547378102303,1827.650877422149
2019-02-19,2019,2,ZIMA,22.480339985091025,49.692518257006185,23022.08858500473,1830.8503450350347
2019-02-19,2019,2,ZIMA,22.543222054979392,49.692518257006185,23786.98643868175,1830.8503417969416
2019-02-19,2019,2,ZIMA,22.22881170553756,49.755400326894545,22894.36986324161,1847.4448906927519
2019-02-19,2019,2,ZIMA,22.291693775425927,49.755400326894545,19903.314178415047,1845.2591204978373
2019-02-19,2019,2,ZIMA,22.354575845314294,49.755400326894545,17580.495625769614,1829.6115759982472
2019-02-19,2019,2,ZIMA,22.417457915202657,49.755400326894545,16215.66667820542,1827.686991471846
2019-02-19,2019,2,ZIMA,22.480339985091025,49.755400326894545,16055.025104151813,1833.7056812585936
2019-02-19,2019,2,ZIMA,22.543222054979392,49.755400326894545,17132.476668509815,1832.5626443191127
2019-02-19,2019,2,ZIMA,22.60610412486776,49.755400326894545,19241.147484226796,1826.9647273576602
2019-02-19,2019,2,ZIMA,22.668986194756126,49.755400326894545,22087.641825604678,1826.96472167962
2019-02-19,2019,2,ZIMA,22.165929635649192,49.818282396782934,22762.27075808762,1853.1285400390584
2019-02-19,2019,2,ZIMA,22.22881170553756,49.818282396782934,18691.89945697382,1853.1285400390223
2019-02-19,2019,2,ZIMA,22.291693775425927,49.818282396782934,14884.29752506612,1840.0195263230064
2019-02-19,2019,2,ZIMA,22.354575845314294,49.818282396782934,11601.151230090853,1838.765538017362
2019-02-19,2019,2,ZIMA,22.417457915202657,49.818282396782934,9408.524932013164,1836.9168971824565
2019-02-19,2019,2,ZIMA,22.480339985091025,49.818282396782934,9129.240569089454,1836.7608494825752
2019-02-19,2019,2,ZIMA,22.543222054979392,49.818282396782934,10911.220491147085,1831.6372609216128
2019-02-19,2019,2,ZIMA,22.60610412486776,49.818282396782934,13987.696201742643,1825.2462634111655
2019-02-19,2019,2,ZIMA,22.668986194756126,49.818282396782934,17695.925250540768,1829.4323086984746
2019-02-19,2019,2,ZIMA,22.73186826464449,49.818282396782934,21714.62640675995,1838.96295782523
2019-02-19,2019,2,ZIMA,22.165929635649192,49.881164466671294,20999.33229321837,1837.7638810763879
2019-02-19,2019,2,ZIMA,22.22881170553756,49.881164466671294,16506.267562304827,1839.7161977631602
2019-02-19,2019,2,ZIMA,22.291693775425927,49.881164466671294,12032.364262771302,1843.0688099507704
2019-02-19,2019,2,ZIMA,22.354575845314294,49.881164466671294,7611.491975228226,1841.9595970178111
2019-02-19,2019,2,ZIMA,22.417457915202657,49.881164466671294,3453.693223036827,1837.992374587689
2019-02-19,2019,2,ZIMA,22.480339985091025,49.881164466671294,2599.495245792041,1845.5943951082202
2019-02-19,2019,2,ZIMA,22.543222054979392,49.881164466671294,6513.288539257984,1846.231554059262
2019-02-19,2019,2,ZIMA,22.60610412486776,49.881164466671294,10905.258517402252,1840.120073847942
2019-02-19,2019,2,ZIMA,22.668986194756126,49.881164466671294,15370.833327011827,1848.0806725556438
2019-02-19,2019,2,ZIMA,22.73186826464449,49.881164466671294,19860.423092579564,1847.705904723025
2019-02-19,2019,2,ZIMA,22.794750334532857,49.881164466671294,24360.75155742461,1844.9629829561447
2019-02-19,2019,2,ZIMA,22.165929635649192,49.944046536559654,21486.28087913054,1850.212023858762
2019-02-19,2019,2,ZIMA,22.22881170553756,49.944046536559654,17127.876258600787,1843.5989221400105
2019-02-19,2019,2,ZIMA,22.291693775425927,49.944046536559654,12878.31429302353,1843.3215541443233
2019-02-19,2019,2,ZIMA,22.354575845314294,49.944046536559654,8894.991312628392,1840.089729755783
2019-02-19,2019,2,ZIMA,22.417457915202657,49.944046536559654,5759.680046957223,1838.262351749805
2019-02-19,2019,2,ZIMA,22.480339985091025,49.944046536559654,5292.450368233288,1845.9155098859082
2019-02-19,2019,2,ZIMA,22.543222054979392,49.944046536559654,7976.788686317586,1847.6430511836209
2019-02-19,2019,2,ZIMA,22.60610412486776,49.944046536559654,11833.48850859346,1843.4100943874407
2019-02-19,2019,2,ZIMA,22.668986194756126,49.944046536559654,16037.980704463247,1843.259764003546
2019-02-19,2019,2,ZIMA,22.73186826464449,49.944046536559654,20376.093396314827,1844.3867197876107
2019-02-19,2019,2,ZIMA,22.794750334532857,49.944046536559654,24777.740103857333,1844.8933266946894
2019-02-19,2019,2,ZIMA,22.165929635649192,50.006928606448014,24087.11788566591,1844.6171378013505
2019-02-19,2019,2,ZIMA,22.22881170553756,50.006928606448014,20300.550055771535,1844.5237666581158
2019-02-19,2019,2,ZIMA,22.291693775425927,50.006928606448014,16874.99133361886,1848.869652566024
2019-02-19,2019,2,ZIMA,22.354575845314294,50.006928606448014,14076.517619419135,1850.1990818578258
2019-02-19,2019,2,ZIMA,22.417457915202657,50.006928606448014,12339.42325907192,1849.9221757279104
2019-02-19,2019,2,ZIMA,22.480339985091025,50.006928606448014,12128.65266097527,1846.8833306525155
2019-02-19,2019,2,ZIMA,22.543222054979392,50.006928606448014,13515.800272744598,1845.063925129226
2019-02-19,2019,2,ZIMA,22.60610412486776,50.006928606448014,16092.839025049043,1845.2556152344425
2019-02-19,2019,2,ZIMA,22.668986194756126,50.006928606448014,19391.031598309888,1845.3365723921647
2019-02-19,2019,2,ZIMA,22.73186826464449,50.006928606448014,23103.564470285364,1846.235759362395
2019-02-19,2019,2,ZIMA,22.291693775425927,50.069810676336374,22394.741498546697,1850.5476074219428
2019-02-19,2019,2,ZIMA,22.354575845314294,50.069810676336374,20372.0547241168,1850.539207030733
2019-02-19,2019,2,ZIMA,22.417457915202657,50.069810676336374,19214.409734969002,1846.8877832464134
2019-02-19,2019,2,ZIMA,22.480339985091025,50.069810676336374,19079.914015941584,1849.6003417968143
2019-02-19,2019,2,ZIMA,22.543222054979392,50.069810676336374,19989.23029615635,1850.3615658286176
2019-02-19,2019,2,ZIMA,22.60610412486776,50.069810676336374,21812.20457988765,1849.2556680668124
2019-02-19,2019,2,ZIMA,22.668986194756126,50.069810676336374,24344.445570191427,1846.1853734692631
2019-02-28,2019,2,ZIMA,22.73186826464449,49.818282396782934,21714.62640675995,1858.2507628083702
2019-03-23,2019,3,ZIMA,22.354575845314294,49.703023583504546,23001.98911035394,1833.7334600121978
2019-03-23,2019,3,ZIMA,22.417457915202657,49.703023583504546,21975.346455526636,1816.261140109786
2019-03-23,2019,3,ZIMA,22.480339985091025,49.703023583504546,21856.94974519855,1813.7149474745197
2019-03-23,2019,3,ZIMA,22.543222054979392,49.703023583504546,22661.03902923717,1812.4173566536206
2019-03-23,2019,3,ZIMA,22.60610412486776,49.703023583504546,24296.198188144805,1813.9225360074063
2019-03-23,2019,3,ZIMA,22.22881170553756,49.765905653392906,22094.07877149692,1836.6886975933232
2019-03-23,2019,3,ZIMA,22.291693775425927,49.765905653392906,18978.031889389276,1835.5620077705955
2019-03-23,2019,3,ZIMA,22.354575845314294,49.765905653392906,16526.233661248294,1828.2769440916436
2019-03-23,2019,3,ZIMA,22.417457915202657,49.765905653392906,15066.531806853272,1827.9760123030314
2019-03-23,2019,3,ZIMA,22.480339985091025,49.765905653392906,14893.538410765585,1818.6743521235683
2019-03-23,2019,3,ZIMA,22.543222054979392,49.765905653392906,16048.91545535083,1814.680151907792
2019-03-23,2019,3,ZIMA,22.668986194756126,49.765905653392906,21257.1846990577,1817.3706227399925
2019-03-23,2019,3,ZIMA,22.73186826464449,49.765905653392906,24706.637829025414,1832.7344557564027
2019-03-23,2019,3,ZIMA,22.165929635649192,49.82878772328128,22325.43538520545,1820.058229479255
2019-03-23,2019,3,ZIMA,22.354575845314294,49.82878772328128,10722.583398780149,1828.0186562974468
2019-03-23,2019,3,ZIMA,22.417457915202657,49.82878772328128,8301.649065314678,1827.6194958944359
2019-03-23,2019,3,ZIMA,22.480339985091025,49.82878772328128,7983.807939159483,1825.305297851495
2019-03-23,2019,3,ZIMA,22.543222054979392,49.82878772328128,9972.220017912965,1825.3053035296714
2019-03-23,2019,3,ZIMA,22.165929635649192,49.89166979316964,20919.391463104264,1838.3259114154569
2019-03-23,2019,3,ZIMA,22.22881170553756,49.89166979316964,16405.560705198463,1838.1613490531606
2019-03-23,2019,3,ZIMA,22.417457915202657,49.89166979316964,2944.500050124817,1828.3502166833766
2019-03-23,2019,3,ZIMA,22.480339985091025,49.89166979316964,1870.9821680215873,1828.795572311737
2019-03-23,2019,3,ZIMA,22.543222054979392,49.89166979316964,6257.667310553245,1828.8069197653392
2019-03-23,2019,3,ZIMA,22.165929635649192,49.954551863058015,21786.570287916154,1838.3259277343468
2019-03-23,2019,3,ZIMA,22.22881170553756,49.954551863058015,17504.14593586278,1836.3104219733116
2019-03-23,2019,3,ZIMA,22.291693775425927,49.954551863058015,13375.713008895505,1833.1644292549765
2019-03-23,2019,3,ZIMA,22.354575845314294,49.954551863058015,9602.00371929549,1831.9452746122156
2019-03-23,2019,3,ZIMA,22.417457915202657,49.954551863058015,6801.584066412853,1827.955566406186
2019-03-23,2019,3,ZIMA,22.480339985091025,49.954551863058015,6410.8337029859895,1828.039593301733
2019-03-23,2019,3,ZIMA,22.165929635649192,50.017433932946375,24688.65400458408,1841.5910482539446
2019-03-23,2019,3,ZIMA,22.291693775425927,50.017433932946375,17724.845643369907,1833.1644491602888
2019-03-23,2019,3,ZIMA,22.354575845314294,50.017433932946375,15085.492177146163,1833.1644146226286
2019-03-23,2019,3,ZIMA,22.417457915202657,50.08031600283475,20370.90850265545,1818.1649400157587
2019-03-24,2019,3,ZIMA,22.291693775425927,50.08381777833419,23730.42943453779,1835.4756901940927
2019-03-24,2019,3,ZIMA,22.417457915202657,50.08381777833419,20756.70788009462,1837.8361719794307
2019-03-24,2019,3,ZIMA,22.480339985091025,50.08381777833419,20632.30473181933,1837.8361766789208
2019-03-30,2019,3,ZIMA,22.15892608465029,49.82528594778182,22934.85153904917,1822.849427784567
2019-03-30,2019,3,ZIMA,22.15892608465029,49.888168017670196,21441.25304794939,1817.6868839086408
2019-03-31,2019,3,ZIMA,22.34757229431539,49.703023583504546,23168.31894664425,1833.526576642121
2019-03-31,2019,3,ZIMA,22.41045436420376,49.703023583504546,22046.099098923332,1831.6090087889986
2019-03-31,2019,3,ZIMA,22.47333643409212,49.703023583504546,21823.749167416576,1831.650810323474
2019-03-31,2019,3,ZIMA,22.536218503980486,49.703023583504546,22527.929404562703,1837.436279296942
2019-03-31,2019,3,ZIMA,22.599100573868853,49.703023583504546,24077.48504958372,1837.436279296811
2019-03-31,2019,3,ZIMA,22.221808154538657,49.765905653392906,22470.778294886353,1844.8585565876413
2019-03-31,2019,3,ZIMA,22.284690224427024,49.765905653392906,19297.51976535863,1844.331260907145
2019-03-31,2019,3,ZIMA,22.66198264375722,49.765905653392906,20898.38767561532,1843.8994108159318
2019-03-31,2019,3,ZIMA,22.724864713645587,49.765905653392906,24305.01348882692,1843.9019864522593
2019-03-31,2019,3,ZIMA,22.15892608465029,49.82878772328128,22797.8940880918,1842.28138212379
2019-03-31,2019,3,ZIMA,22.221808154538657,49.82878772328128,18614.33792429808,1846.2054443358977
2019-03-31,2019,3,ZIMA,22.284690224427024,49.82878772328128,14632.954900984281,1846.2054567759365
2019-03-31,2019,3,ZIMA,22.66198264375722,49.82878772328128,16684.978481748632,1843.8994303818038
2019-03-31,2019,3,ZIMA,22.724864713645587,49.82878772328128,20788.948539635192,1844.285735744347
2019-03-31,2019,3,ZIMA,22.15892608465029,49.89166979316964,21422.235989645214,1840.2877268714901
2019-03-31,2019,3,ZIMA,22.221808154538657,49.89166979316964,16908.179138844593,1840.4601064659498
2019-03-31,2019,3,ZIMA,22.284690224427024,49.89166979316964,12397.09576514118,1846.969326289245
2019-03-31,2019,3,ZIMA,22.34757229431539,49.89166979316964,7894.09100685643,1848.0263996036997
2019-03-31,2019,3,ZIMA,22.41045436420376,49.89166979316964,3431.1302215524493,1861.2023790899457
2019-03-31,2019,3,ZIMA,22.47333643409212,49.89166979316964,1433.8637506030693,1874.4544794023645
2019-03-31,2019,3,ZIMA,22.15892608465029,49.954551863058015,22269.22148748908,1838.0683475641483
2019-03-31,2019,3,ZIMA,22.221808154538657,49.954551863058015,17975.468261573984,1838.0594482421873
2019-03-31,2019,3,ZIMA,22.284690224427024,49.954551863058015,13823.558632900227,1848.0263671875675
2019-03-31,2019,3,ZIMA,22.34757229431539,49.954551863058015,9991.910672302422,1848.0263671874393
2019-03-31,2019,3,ZIMA,22.41045436420376,49.954551863058015,7025.672353207316,1865.375069042489
2019-03-31,2019,3,ZIMA,22.47333643409212,49.954551863058015,6297.306306392534,1874.454467773506
2019-03-31,2019,3,ZIMA,22.536218503980486,49.954551863058015,8409.883996665289,1874.4544528210952
2019-03-31,2019,3,ZIMA,22.599100573868853,49.954551863058015,11940.289851741318,1874.4544880745796
2019-06-10,2019,6,LATO,22.7772414570356,49.82878772328128,24320.4729780271,1855.195910342036
2019-06-10,2019,6,LATO,22.211302828040303,49.89166979316964,17662.170160851372,1832.1140072839084
2019-06-10,2019,6,LATO,22.274184897928663,49.89166979316964,13150.397981968348,1832.11401440392
2019-06-10,2019,6,LATO,22.714359387147226,49.89166979316964,18519.228167731453,1849.2080990687296
2019-06-10,2019,6,LATO,22.7772414570356,49.89166979316964,23033.900325477673,1850.138972332223
2019-06-10,2019,6,LATO,22.274184897928663,49.954551863058015,14502.094242152669,1832.113933608715
2019-06-10,2019,6,LATO,22.714359387147226,49.954551863058015,19496.629429511904,1849.207989365108
2019-06-10,2019,6,LATO,22.7772414570356,49.954551863058015,23821.701564440966,1849.2080056814991
2019-06-10,2019,6,LATO,22.274184897928663,50.017433932946375,18588.443756014225,1842.2697671047702
2019-06-10,2019,6,LATO,22.337066967817037,50.017433932946375,15735.112606983354,1842.2697741521358
2019-06-10,2019,6,LATO,22.399949037705397,50.017433932946375,13797.768999143414,1842.2697552738805
2019-06-10,2019,6,LATO,22.46283110759377,50.017433932946375,13186.511359927295,1842.3089675854333
2019-06-10,2019,6,LATO,22.52571317748213,50.017433932946375,14075.177645224507,1842.3089576766915
2019-06-10,2019,6,LATO,22.588595247370506,50.017433932946375,16219.068898947891,1842.3089791680688
2019-06-11,2019,6,LATO,22.466332883093216,49.82878772328128,7832.964904433147,1825.8475554220552
2019-06-11,2019,6,LATO,22.52921495298159,49.82878772328128,9378.33478176888,1825.847563230824
2019-06-11,2019,6,LATO,22.59209702286995,49.82878772328128,12467.210442492144,1825.847596316524
2019-06-11,2019,6,LATO,22.403450813204856,49.89166979316964,3921.947931872362,1843.6093815526842
2019-06-11,2019,6,LATO,22.466332883093216,49.89166979316964,1057.2624589446846,1843.121678704555
2019-06-11,2019,6,LATO,22.52921495298159,49.89166979316964,5261.298499013597,1833.2349325964908
2019-06-11,2019,6,LATO,22.59209702286995,49.89166979316964,9750.489178739446,1825.8475288925595
2019-06-11,2019,6,LATO,22.403450813204856,49.954551863058015,7277.66353940265,1841.3259838888305
2019-06-11,2019,6,LATO,22.466332883093216,49.954551863058015,6222.46978946018,1842.62183645592
2019-06-11,2019,6,LATO,22.52921495298159,49.954551863058015,8077.620080747443,1843.6093752101037
2019-06-11,2019,6,LATO,22.34056874331648,50.017433932946375,15599.258476611207,1851.4608544641292
2019-06-11,2019,6,LATO,22.403450813204856,50.017433932946375,13725.494538791854,1848.4660680038958
2019-06-11,2019,6,LATO,22.466332883093216,50.017433932946375,13197.064731342465,1844.8255581602618
2019-06-11,2019,6,LATO,22.52921495298159,50.017433932946375,14165.33544195222,1843.1872558594425
2019-06-11,2019,6,LATO,22.59209702286995,50.017433932946375,16366.79489221886,1843.1872558593109
2019-06-11,2019,6,LATO,22.654979092758325,50.017433932946375,19385.77741856333,1849.2394954042425
2019-06-11,2019,6,LATO,22.717861162646685,50.017433932946375,22901.219575545034,1849.2395022869111
2019-06-11,2019,6,LATO,22.27768667342812,50.08031600283475,23918.172231338074,1848.6120522878532
2019-06-11,2019,6,LATO,22.34056874331648,50.08031600283475,21829.685598637745,1840.896237998404
2019-06-11,2019,6,LATO,22.403450813204856,50.08031600283475,20534.34374257188,1841.371027363982
2019-06-11,2019,6,LATO,22.466332883093216,50.08031600283475,20185.419430504728,1837.3099281225616
2019-06-11,2019,6,LATO,22.52921495298159,50.08031600283475,20830.525302317543,1845.5376630856758
2019-06-11,2019,6,LATO,22.59209702286995,50.08031600283475,22383.883199038224,1841.877862319874
2019-06-11,2019,6,LATO,22.654979092758325,50.08031600283475,24674.55335184584,1837.6013249683563
2019-06-12,2019,6,LATO,22.543222054979392,49.89166979316964,6257.667310553245,1848.530268120677
2019-06-12,2019,6,LATO,22.60610412486776,49.89166979316964,10753.768425853132,1846.0832519531525
2019-06-12,2019,6,LATO,22.668986194756126,49.89166979316964,15262.893735083717,1846.0832539085875
2019-06-12,2019,6,LATO,22.73186826464449,49.89166979316964,19776.134276070505,1844.515606694559
2019-06-12,2019,6,LATO,22.794750334532857,49.89166979316964,24291.194065453536,1844.4896548505426
2019-06-12,2019,6,LATO,22.291693775425927,49.954551863058015,13375.713008895505,1843.2368157944586
2019-06-12,2019,6,LATO,22.480339985091025,49.954551863058015,6410.8337029859895,1850.9037978706797
2019-06-12,2019,6,LATO,22.543222054979392,49.954551863058015,8758.432559269975,1850.9038113661402
2019-06-12,2019,6,LATO,22.60610412486776,49.954551863058015,12373.188316296972,1849.1112941565784
2019-06-12,2019,6,LATO,22.668986194756126,49.954551863058015,16439.454591696005,1847.2065060666748
2019-06-12,2019,6,LATO,22.73186826464449,49.954551863058015,20692.74432795608,1840.403968588083
2019-06-12,2019,6,LATO,22.22881170553756,50.017433932946375,21011.64844441782,1844.3465390986
2019-06-12,2019,6,LATO,22.291693775425927,50.017433932946375,17724.845643369907,1843.3886751329444
2019-06-12,2019,6,LATO,22.354575845314294,50.017433932946375,15085.492177146163,1843.2368164061895
2019-06-12,2019,6,LATO,22.417457915202657,50.017433932946375,13479.4325917546,1843.2368081470267
2019-06-12,2019,6,LATO,22.480339985091025,50.017433932946375,13286.800817179106,1853.7082046515904
2019-06-12,2019,6,LATO,22.543222054979392,50.017433932946375,14563.789322484645,1853.949218750068
2019-06-12,2019,6,LATO,22.60610412486776,50.017433932946375,16982.046877098484,1853.157701902863
2019-06-12,2019,6,LATO,22.668986194756126,50.017433932946375,20134.47338387348,1849.541321170031
2019-06-12,2019,6,LATO,22.73186826464449,50.017433932946375,23730.259141340277,1840.3690185546236
2019-06-12,2019,6,LATO,22.291693775425927,50.08031600283475,23393.92889056244,1844.3465559586757
2019-06-12,2019,6,LATO,22.354575845314294,50.08031600283475,21466.04242459771,1844.3465550869953
2019-06-12,2019,6,LATO,22.417457915202657,50.08031600283475,20370.90850265545,1846.6557537900276
2019-06-12,2019,6,LATO,22.480339985091025,50.08031600283475,20244.125442972134,1850.4185733358556
2019-06-12,2019,6,LATO,22.543222054979392,50.08031600283475,21103.1530005928,1850.4185791016303
2019-06-12,2019,6,LATO,22.60610412486776,50.08031600283475,22837.01728511146,1850.0187544914425
2019-06-15,2019,6,LATO,22.721362938146143,49.765905653392906,24105.641550652217,1823.80068701274
2019-06-15,2019,6,LATO,22.15542430915083,49.954551863058015,22510.8792662599,1828.5570195115613
2019-06-15,2019,6,LATO,22.784245008034503,49.954551863058015,24307.690331532653,1837.517575602242
2019-06-15,2019,6,LATO,22.34407051881594,50.017433932946375,15466.293793761843,1848.5593497448913
2019-06-15,2019,6,LATO,22.4069525887043,50.017433932946375,13657.461448845475,1848.6206054686854
2019-06-15,2019,6,LATO,22.469834658592674,50.017433932946375,13212.389441694519,1846.7554948432169
2019-06-15,2019,6,LATO,22.532716728481034,50.017433932946375,14259.351764241463,1845.2609737780522
2019-06-15,2019,6,LATO,22.59559879836941,50.017433932946375,16517.022631493433,1840.379596805102
2019-06-15,2019,6,LATO,22.65848086825777,50.017433932946375,19570.797270048133,1840.2758554892398
2019-06-15,2019,6,LATO,22.721362938146143,50.017433932946375,23107.169243358545,1840.5759945620152
2019-06-15,2019,6,LATO,22.281188448927566,50.08031600283475,23784.217944379117,1840.8436642191737
2019-06-15,2019,6,LATO,22.34407051881594,50.08031600283475,21734.993638187294,1844.3068430828716
2019-06-15,2019,6,LATO,22.4069525887043,50.08031600283475,20488.99113317238,1845.9147277130041
2019-06-15,2019,6,LATO,22.469834658592674,50.08031600283475,20195.42885761202,1844.7773304357956
2019-06-15,2019,6,LATO,22.532716728481034,50.08031600283475,20894.489209014744,1844.7988053157342
2019-06-15,2019,6,LATO,22.65848086825777,50.08031600283475,24819.99003576218,1832.6388796423662
2019-06-16,2019,6,LATO,22.34056874331648,49.703023583504546,23344.35519977606,1817.3426890814776
2019-06-16,2019,6,LATO,22.403450813204856,49.703023583504546,22128.116388623414,1816.3373943347774
2019-06-16,2019,6,LATO,22.466332883093216,49.703023583504546,21802.160872306937,1816.3374052961383
2019-06-16,2019,6,LATO,22.214804603539747,49.765905653392906,22852.37839536346,1823.0782193386303
2019-06-16,2019,6,LATO,22.27768667342812,49.765905653392906,19624.74472750713,1822.883911132792
2019-06-16,2019,6,LATO,22.34056874331648,49.765905653392906,16998.921493318117,1827.669951629188
2019-06-16,2019,6,LATO,22.403450813204856,49.765905653392906,15288.209816847784,1829.0500551543353
2019-06-16,2019,6,LATO,22.466332883093216,49.765905653392906,14813.120668811092,1811.6551127703017
2019-06-16,2019,6,LATO,22.52921495298159,49.765905653392906,15686.325551029668,1810.827023847199
2019-06-16,2019,6,LATO,22.59209702286995,49.765905653392906,17709.496919357385,1810.8270399713283
2019-06-16,2019,6,LATO,22.151922533651387,49.82878772328128,23271.656269837393,1821.127929687496
2019-06-16,2019,6,LATO,22.214804603539747,49.82878772328128,19072.664323169367,1827.1743940055185
2019-06-16,2019,6,LATO,22.27768667342812,49.82878772328128,15061.316026485298,1826.1393691692538
2019-06-16,2019,6,LATO,22.34056874331648,49.82878772328128,11436.793857621571,1827.7246015877806
2019-06-16,2019,6,LATO,22.403450813204856,49.82878772328128,8696.991057537094,1829.0500581806145
2019-06-16,2019,6,LATO,22.466332883093216,49.82878772328128,7832.964904433147,1810.8270105069446
2019-06-16,2019,6,LATO,22.52921495298159,49.82878772328128,9378.33478176888,1810.8270261001264
2019-06-16,2019,6,LATO,22.151922533651387,49.89166979316964,21925.097340562013,1824.463194934726
2019-06-16,2019,6,LATO,22.214804603539747,49.89166979316964,17410.831859237383,1823.7906494139913
2019-06-16,2019,6,LATO,22.27768667342812,49.89166979316964,12899.277543149625,1823.8400184416064
2019-06-16,2019,6,LATO,22.34056874331648,49.89166979316964,8394.81239100924,1822.0461458997238
2019-06-16,2019,6,LATO,22.151922533651387,49.954551863058015,22752.749090905298,1831.5038672998976
2019-06-16,2019,6,LATO,22.214804603539747,49.954551863058015,18448.457384727142,1827.9535460374586
2019-06-16,2019,6,LATO,22.27768667342812,49.954551863058015,14275.070430447342,1831.2250393756576
2019-06-16,2019,6,LATO,22.214804603539747,50.017433932946375,21803.568017263882,1834.1658535505644
2019-06-16,2019,6,LATO,22.27768667342812,50.017433932946375,18412.10631143794,1834.682636928993
2019-06-16,2019,6,LATO,22.34056874331648,50.017433932946375,15599.258476611207,1830.7622736466387
2019-06-16,2019,6,LATO,22.403450813204856,50.017433932946375,13725.494538791854,1830.4456835546325
2019-06-16,2019,6,LATO,22.466332883093216,50.017433932946375,13197.064731342465,1830.445643608414
2019-06-16,2019,6,LATO,22.27768667342812,50.08031600283475,23918.172231338074,1832.6764037072862
2019-06-16,2019,6,LATO,22.34056874331648,50.08031600283475,21829.685598637745,1824.359453711608
2019-06-16,2019,6,LATO,22.403450813204856,50.08031600283475,20534.34374257188,1826.313232109881
2019-06-16,2019,6,LATO,22.466332883093216,50.08031600283475,20185.419430504728,1826.3342308723443
2019-06-16,2019,6,LATO,22.52921495298159,50.08031600283475,20830.525302317543,1826.3341853045417
2019-06-20,2019,6,LATO,22.403450813204856,49.703023583504546,22128.116388623414,1823.4310216341682
2019-06-20,2019,6,LATO,22.466332883093216,49.703023583504546,21802.160872306937,1823.431025107364
2019-06-26,2019,6,LATO,22.46283110759377,49.89166979316964,915.7735323810977,1809.165885753829
2019-06-26,2019,6,LATO,22.52571317748213,49.89166979316964,5012.8341822749335,1809.1658893615972
2019-06-26,2019,6,LATO,22.588595247370506,49.89166979316964,9499.773366756152,1809.1658610226502
2019-06-30,2019,6,LATO,22.333565192317593,49.69952180800509,23891.158082399845,1818.2225116016302
2019-06-30,2019,6,LATO,22.396447262205953,49.69952180800509,22603.381965435598,1815.0639079200819
2019-06-30,2019,6,LATO,22.459329332094313,49.69952180800509,22181.689357232593,1814.4914232930046
2019-06-30,2019,6,LATO,22.522211401982673,49.69952180800509,22674.452289942332,1817.0276865202886
2019-06-30,2019,6,LATO,22.585093471871062,49.69952180800509,24025.47111534203,1816.9056432404336
2019-06-30,2019,6,LATO,22.207801052540844,49.76240387789346,23489.05932460228,1817.5486139532925
2019-06-30,2019,6,LATO,22.270683122429205,49.76240387789346,20250.08974230532,1821.9498251141663
2019-06-30,2019,6,LATO,22.333565192317593,49.76240387789346,17587.854412564127,1820.372796256331
2019-06-30,2019,6,LATO,22.396447262205953,49.76240387789346,15796.688444781606,1820.1699218750425
2019-06-30,2019,6,LATO,22.459329332094313,49.76240387789346,15187.963305053838,1819.5145686445624
2019-06-30,2019,6,LATO,22.522211401982673,49.76240387789346,15898.08542390479,1817.87829589848
2019-06-30,2019,6,LATO,22.585093471871062,49.76240387789346,17769.6410790609,1818.666922063093
2019-06-30,2019,6,LATO,22.647975541759422,49.76240387789346,20486.762272159733,1830.0413829732033
2019-06-30,2019,6,LATO,22.710857611647782,49.76240387789346,23761.123072531143,1830.0413868969251
2019-06-30,2019,6,LATO,22.144918982652484,49.82528594778182,23878.227018980557,1816.407226562496
2019-06-30,2019,6,LATO,22.207801052540844,49.82528594778182,19692.639192329443,1821.7465632103042
2019-06-30,2019,6,LATO,22.270683122429205,49.82528594778182,15694.376997888892,1821.9498291015584
2019-06-30,2019,6,LATO,22.333565192317593,49.82528594778182,12071.0455805133,1823.4099617165873
2019-06-30,2019,6,LATO,22.396447262205953,49.82528594778182,9273.087267191588,1823.4875415031006
2019-06-30,2019,6,LATO,22.459329332094313,49.82528594778182,8194.718309214784,1819.1457930204535
2019-06-30,2019,6,LATO,22.522211401982673,49.82528594778182,9444.561796179989,1817.1265594709762
2019-06-30,2019,6,LATO,22.585093471871062,49.82528594778182,12334.07306392557,1822.4468821385424
2019-06-30,2019,6,LATO,22.647975541759422,49.82528594778182,15998.196741363345,1830.8240903612727
2019-06-30,2019,6,LATO,22.710857611647782,49.82528594778182,20015.9554246408,1830.124212853798
2019-06-30,2019,6,LATO,22.773739681536142,49.82528594778182,24211.93408361242,1825.4599359803751
2019-06-30,2019,6,LATO,22.144918982652484,49.888168017670196,22446.21044565735,1818.1570836477958
2019-06-30,2019,6,LATO,22.207801052540844,49.888168017670196,17935.975172945095,1813.6270859824535
2019-06-30,2019,6,LATO,22.270683122429205,49.888168017670196,13431.161959335906,1813.6270751953396
2019-06-30,2019,6,LATO,22.333565192317593,49.888168017670196,8939.97659444241,1818.0712890624327
2019-06-30,2019,6,LATO,22.396447262205953,49.888168017670196,4503.386103975331,1818.0712890625273
2019-06-30,2019,6,LATO,22.459329332094313,49.888168017670196,1211.6424067069865,1821.6385498047148
2019-06-30,2019,6,LATO,22.522211401982673,49.888168017670196,4846.229221811759,1822.1516048693443
2019-06-30,2019,6,LATO,22.585093471871062,49.888168017670196,9291.613529944845,1832.2190383558757
2019-06-30,2019,6,LATO,22.647975541759422,49.888168017670196,13784.500595602445,1832.5163625972702
2019-06-30,2019,6,LATO,22.710857611647782,49.888168017670196,18289.914934864282,1831.9310181113271
2019-06-30,2019,6,LATO,22.773739681536142,49.888168017670196,22800.429274080365,1830.2500439494574
2019-06-30,2019,6,LATO,22.144918982652484,49.951050087558556,23137.25561222987,1822.2291305790336
2019-06-30,2019,6,LATO,22.207801052540844,49.951050087558556,18799.897721608202,1813.6271280199594
2019-06-30,2019,6,LATO,22.270683122429205,49.951050087558556,14571.091904494382,1813.6270605328489
2019-06-30,2019,6,LATO,22.333565192317593,49.951050087558556,10581.795880218768,1822.6364570851108
2019-06-30,2019,6,LATO,22.396447262205953,49.951050087558556,7239.427505212513,1822.1771539401893
2019-06-30,2019,6,LATO,22.459329332094313,49.951050087558556,5798.399209655717,1822.2413619496065
2019-06-30,2019,6,LATO,22.522211401982673,49.951050087558556,7457.250598911932,1825.9948725873357
2019-06-30,2019,6,LATO,22.585093471871062,49.951050087558556,10880.118037064636,1833.2211709424987
2019-06-30,2019,6,LATO,22.647975541759422,49.951050087558556,14896.998518918397,1832.9810257839206
2019-06-30,2019,6,LATO,22.710857611647782,49.951050087558556,19137.43119556903,1833.92223243919
2019-06-30,2019,6,LATO,22.773739681536142,49.951050087558556,23480.608573214267,1833.9440917969102
2019-06-30,2019,6,LATO,22.207801052540844,50.01393215744693,21977.58744964162,1823.7501220703123
2019-06-30,2019,6,LATO,22.270683122429205,50.01393215744693,18495.373268328247,1825.286157216656
2019-06-30,2019,6,LATO,22.333565192317593,50.01393215744693,15552.086351361719,1826.9154052733777
2019-06-30,2019,6,LATO,22.396447262205953,50.01393215744693,13504.815719002623,1827.4946310245925
2019-06-30,2019,6,LATO,22.459329332094313,50.01393215744693,12791.273252318308,1828.7912977018175
2019-06-30,2019,6,LATO,22.522211401982673,50.01393215744693,13622.670264209384,1835.5512377625291
2019-06-30,2019,6,LATO,22.585093471871062,50.01393215744693,15756.31935336086,1835.8255772858718
2019-06-30,2019,6,LATO,22.647975541759422,50.01393215744693,18752.870651542085,1835.4386302474375
2019-06-30,2019,6,LATO,22.270683122429205,50.07681422733529,23868.096512834974,1827.0258787671937
2019-06-30,2019,6,LATO,22.333565192317593,50.07681422733529,21670.383484460835,1827.1913066643176
2019-06-30,2019,6,LATO,22.396447262205953,50.07681422733529,20253.292902690024,1827.634606373486
2019-06-30,2019,6,LATO,22.459329332094313,50.07681422733529,19785.271916080557,1828.4533276142927
2019-06-30,2019,6,LATO,22.522211401982673,50.07681422733529,20331.96491047302,1835.6823231655687
2019-06-30,2019,6,LATO,22.585093471871062,50.07681422733529,21817.2265919699,1835.9813668154698
2019-06-30,2019,6,LATO,22.647975541759422,50.07681422733529,24067.921085906597,1836.3713077925283
2019-07-29,2019,7,LATO,22.34056874331648,49.703023583504546,23344.35519977606,1810.8732662690115
2019-07-29,2019,7,LATO,22.403450813204856,49.703023583504546,22128.116388623414,1810.8732910155618
2019-07-29,2019,7,LATO,22.466332883093216,49.703023583504546,21802.160872306937,1810.8370500608326
2019-07-29,2019,7,LATO,22.52921495298159,49.703023583504546,22405.377325172958,1817.1512297984368
2019-07-29,2019,7,LATO,22.59209702286995,49.703023583504546,23867.42013466341,1819.6044888239176
2019-07-29,2019,7,LATO,22.466332883093216,49.765905653392906,14813.120668811092,1810.7257409799972
2019-07-29,2019,7,LATO,22.52921495298159,49.765905653392906,15686.325551029668,1810.7258318329564
2019-07-29,2019,7,LATO,22.59209702286995,49.765905653392906,17709.496919357385,1810.725848844453
2019-07-29,2019,7,LATO,22.717861162646685,49.765905653392906,23907.261834768902,1819.1362521390354
2019-08-19,2019,8,LATO,22.34407051881594,49.703023583504546,23255.137262703734,1817.101926607926
2019-08-19,2019,8,LATO,22.4069525887043,49.703023583504546,22085.707102393648,1817.4134943705453
2019-08-19,2019,8,LATO,22.469834658592674,49.703023583504546,21811.500894878358,1821.6045195411182
2019-08-19,2019,8,LATO,22.532716728481034,49.703023583504546,22465.3225243492,1823.8312990049667
2019-08-19,2019,8,LATO,22.59559879836941,49.703023583504546,23971.357135078226,1823.8336727547155
2019-08-19,2019,8,LATO,22.218306379039205,49.765905653392906,22660.981171845084,1836.7204069279612
2019-08-19,2019,8,LATO,22.469834658592674,49.765905653392906,14826.846263880092,1818.597684355711
2019-08-19,2019,8,LATO,22.532716728481034,49.765905653392906,15771.718948820126,1828.2401136634346
2019-08-19,2019,8,LATO,22.59559879836941,49.765905653392906,17849.1479538247,1826.2717301733692
2019-08-19,2019,8,LATO,22.15542430915083,49.82878772328128,23034.617265911897,1835.3758729580634
2019-08-19,2019,8,LATO,22.218306379039205,49.82878772328128,18843.212638873254,1835.935805586461
2019-08-19,2019,8,LATO,22.532716728481034,49.82878772328128,9520.294167600396,1831.7650184301956
2019-08-19,2019,8,LATO,22.59559879836941,49.82878772328128,12664.545823118542,1831.7650163779763
2019-08-19,2019,8,LATO,22.15542430915083,49.89166979316964,21673.66463551955,1838.0843230116473
2019-08-19,2019,8,LATO,22.218306379039205,49.89166979316964,17159.501401782156,1834.2577897956405
2019-08-19,2019,8,LATO,22.281188448927566,49.89166979316964,12648.176412927016,1833.8941637874252
2019-08-19,2019,8,LATO,22.34407051881594,49.89166979316964,8144.413309122736,1833.894152697745
2019-08-19,2019,8,LATO,22.15542430915083,49.954551863058015,22510.8792662599,1835.1366773556479
2019-08-19,2019,8,LATO,22.281188448927566,49.954551863058015,14048.878285394561,1833.8941428085905
2019-08-19,2019,8,LATO,22.532716728481034,50.017433932946375,14259.351764241463,1854.3055384751342
2019-08-19,2019,8,LATO,22.59559879836941,50.017433932946375,16517.022631493433,1854.305542495668
2019-08-19,2019,8,LATO,22.65848086825777,50.017433932946375,19570.797270048133,1848.3848906616313
2019-08-19,2019,8,LATO,22.721362938146143,50.017433932946375,23107.169243358545,1848.384893770271
2019-08-19,2019,8,LATO,22.281188448927566,50.08031600283475,23784.217944379117,1843.2098439954614
2019-08-19,2019,8,LATO,22.34407051881594,50.08031600283475,21734.993638187294,1843.2098436167637
2019-08-19,2019,8,LATO,22.469834658592674,50.08031600283475,20195.42885761202,1849.4611670456788
2019-08-19,2019,8,LATO,22.532716728481034,50.08031600283475,20894.489209014744,1849.4611854847828
2019-08-19,2019,8,LATO,22.59559879836941,50.08031600283475,22493.81768028525,1849.4611659700745
2019-08-24,2019,8,LATO,22.15542430915083,49.82878772328128,23034.617265911897,1824.0950943310534
2019-08-24,2019,8,LATO,22.218306379039205,49.82878772328128,18843.212638873254,1842.307244924436
2019-08-24,2019,8,LATO,22.281188448927566,49.82878772328128,14846.545618054737,1842.3072230257335
2019-08-24,2019,8,LATO,22.15542430915083,49.89166979316964,21673.66463551955,1834.2922718179277
2019-08-24,2019,8,LATO,22.218306379039205,49.89166979316964,17159.501401782156,1837.4242285173984
2019-08-24,2019,8,LATO,22.15542430915083,49.954551863058015,22510.8792662599,1832.230399383174
2019-08-24,2019,8,LATO,22.218306379039205,49.954551863058015,18211.76257979477,1831.9533319101934
2019-08-24,2019,8,LATO,22.532716728481034,49.954551863058015,8241.591098191455,1857.3841534332557
2019-08-24,2019,8,LATO,22.59559879836941,49.954551863058015,11725.935301088623,1857.3841335840007
2019-08-24,2019,8,LATO,22.532716728481034,50.017433932946375,14259.351764241463,1874.632692150002
2019-08-24,2019,8,LATO,22.59559879836941,50.017433932946375,16517.022631493433,1873.4265837625665
2019-08-24,2019,8,LATO,22.65848086825777,50.017433932946375,19570.797270048133,1862.4214973265334
2019-08-24,2019,8,LATO,22.721362938146143,50.017433932946375,23107.169243358545,1862.4661838304876
2019-08-24,2019,8,LATO,22.532716728481034,50.08031600283475,20894.489209014744,1865.7570887248853
2019-08-24,2019,8,LATO,22.59559879836941,50.08031600283475,22493.81768028525,1863.739165032198
2019-08-24,2019,8,LATO,22.65848086825777,50.08031600283475,24819.99003576218,1860.0531005858763
2019-08-25,2019,8,LATO,22.47333643409212,49.954551863058015,6297.306306392534,1845.9286367302018
2019-08-25,2019,8,LATO,22.41045436420376,50.017433932946375,13593.733408909844,1853.4081972610588
2019-08-25,2019,8,LATO,22.47333643409212,50.017433932946375,13232.468914192901,1852.314295516129
2019-08-25,2019,8,LATO,22.536218503980486,50.017433932946375,14357.150812042579,1847.3001379401792
2019-08-25,2019,8,LATO,22.599100573868853,50.017433932946375,16669.684479512252,1845.9363925873665
2019-08-25,2019,8,LATO,22.284690224427024,50.08031600283475,23652.171169138048,1830.013615169863
2019-08-25,2019,8,LATO,22.41045436420376,50.08031600283475,20446.622197484277,1859.6513573981495
2019-08-25,2019,8,LATO,22.47333643409212,50.08031600283475,20208.55394839451,1859.6513671363412
2019-08-25,2019,8,LATO,22.536218503980486,50.08031600283475,20961.26645273533,1841.0683356007428
2019-08-25,2019,8,LATO,22.599100573868853,50.08031600283475,22606.007121646166,1841.4759256874033
2019-08-25,2019,8,LATO,22.66198264375722,50.08031600283475,24967.10526008387,1845.4301059991806
2019-08-26,2019,8,LATO,22.41045436420376,49.765905653392906,15169.409691525678,1827.1408815668665
2019-08-26,2019,8,LATO,22.47333643409212,49.765905653392906,14844.835328348125,1818.4807772876106
2019-08-26,2019,8,LATO,22.536218503980486,49.765905653392906,15860.654715847093,1818.1022942226593
2019-08-26,2019,8,LATO,22.599100573868853,49.765905653392906,17991.24300006665,1818.1022852968438
2019-08-26,2019,8,LATO,22.66198264375722,49.765905653392906,20898.38767561532,1847.4338302236924
2019-08-26,2019,8,LATO,22.724864713645587,49.765905653392906,24305.01348882692,1843.9434935275287
2019-08-26,2019,8,LATO,22.15892608465029,49.82878772328128,22797.8940880918,1815.6211044388388
2019-08-26,2019,8,LATO,22.221808154538657,49.82878772328128,18614.33792429808,1840.8226333543016
2019-08-26,2019,8,LATO,22.41045436420376,49.82878772328128,8486.693319365651,1839.1746475950793
2019-08-26,2019,8,LATO,22.47333643409212,49.82878772328128,7892.700012357551,1836.9015993015735
2019-08-26,2019,8,LATO,22.536218503980486,49.82878772328128,9666.727216560565,1819.8619423645594
2019-08-26,2019,8,LATO,22.599100573868853,49.82878772328128,12863.781784482624,1818.1022935398748
2019-08-26,2019,8,LATO,22.66198264375722,49.82878772328128,16684.978481748632,1842.7381272866342
2019-08-26,2019,8,LATO,22.724864713645587,49.82878772328128,20788.948539635192,1847.066394721099
2019-08-26,2019,8,LATO,22.15892608465029,49.89166979316964,21422.235989645214,1840.3587646488136
2019-08-26,2019,8,LATO,22.221808154538657,49.89166979316964,16908.179138844593,1840.8226368793778
2019-08-26,2019,8,LATO,22.284690224427024,49.89166979316964,12397.09576514118,1840.8226309678014
2019-08-26,2019,8,LATO,22.34757229431539,49.89166979316964,7894.09100685643,1843.3923395933036
2019-08-26,2019,8,LATO,22.41045436420376,49.89166979316964,3431.1302215524493,1845.0921049147562
2019-08-26,2019,8,LATO,22.47333643409212,49.89166979316964,1433.8637506030693,1842.2182354244444
2019-08-26,2019,8,LATO,22.536218503980486,49.89166979316964,5759.045726146385,1840.7677347108033
2019-08-26,2019,8,LATO,22.599100573868853,49.89166979316964,10252.051709313784,1841.2221392060226
2019-08-26,2019,8,LATO,22.66198264375722,49.89166979316964,14760.412693634273,1859.2953949060036
2019-08-26,2019,8,LATO,22.724864713645587,49.89166979316964,19273.354250870307,1848.1617546513253
2019-08-26,2019,8,LATO,22.787746783533954,49.89166979316964,23788.267267533432,1847.8207853158478
2019-08-26,2019,8,LATO,22.15892608465029,49.954551863058015,22269.22148748908,1840.3587678390072
2019-08-26,2019,8,LATO,22.221808154538657,49.954551863058015,17975.468261573984,1840.358752752214
2019-08-26,2019,8,LATO,22.284690224427024,49.954551863058015,13823.558632900227,1843.129473711617
2019-08-26,2019,8,LATO,22.34757229431539,49.954551863058015,9991.910672302422,1845.5034466192005
2019-08-26,2019,8,LATO,22.41045436420376,49.954551863058015,7025.672353207316,1851.0171948820607
2019-08-26,2019,8,LATO,22.47333643409212,49.954551863058015,6297.306306392534,1850.0626040599964
2019-08-26,2019,8,LATO,22.536218503980486,49.954551863058015,8409.883996665289,1842.8145945218937
2019-08-26,2019,8,LATO,22.599100573868853,49.954551863058015,11940.289851741318,1846.9845276072244
2019-08-26,2019,8,LATO,22.66198264375722,49.954551863058015,15974.640404076416,1858.9232229942963
2019-08-26,2019,8,LATO,22.724864713645587,49.954551863058015,20213.40854810415,1861.2232687647881
2019-08-26,2019,8,LATO,22.787746783533954,49.954551863058015,24550.939903754057,1855.2512331665494
2019-08-26,2019,8,LATO,22.221808154538657,50.017433932946375,21405.371057849297,1840.3587781733322
2019-08-26,2019,8,LATO,22.284690224427024,50.017433932946375,18064.754111782622,1852.6104729069014
2019-08-26,2019,8,LATO,22.34757229431539,50.017433932946375,15336.293712145525,1852.7559087163797
2019-08-26,2019,8,LATO,22.41045436420376,50.017433932946375,13593.733408909844,1846.861069895959
2019-08-26,2019,8,LATO,22.47333643409212,50.017433932946375,13232.468914192901,1844.0483146179656
2019-08-26,2019,8,LATO,22.536218503980486,50.017433932946375,14357.150812042579,1853.7016840430458
2019-08-26,2019,8,LATO,22.599100573868853,50.017433932946375,16669.684479512252,1850.5916454573833
2019-08-26,2019,8,LATO,22.66198264375722,50.017433932946375,19757.280373050577,1849.4676324704226
2019-08-26,2019,8,LATO,22.724864713645587,50.017433932946375,23314.007907988398,1847.8059319395595
2019-08-26,2019,8,LATO,22.284690224427024,50.08031600283475,23652.171169138048,1839.0331221518788
2019-08-26,2019,8,LATO,22.34757229431539,50.08031600283475,21642.801132084838,1847.7670235098058
2019-08-26,2019,8,LATO,22.41045436420376,50.08031600283475,20446.622197484277,1851.7901435503004
2019-08-26,2019,8,LATO,22.47333643409212,50.08031600283475,20208.55394839451,1844.2633090168279
2019-08-26,2019,8,LATO,22.536218503980486,50.08031600283475,20961.26645273533,1837.7159114626165
2019-08-26,2019,8,LATO,22.599100573868853,50.08031600283475,22606.007121646166,1844.486390044848
2019-08-26,2019,8,LATO,22.66198264375722,50.08031600283475,24967.10526008387,1856.979248046814
2019-08-27,2019,8,LATO,22.73186826464449,49.765905653392906,24706.637829025414,1859.5798317167714
2019-08-27,2019,8,LATO,22.291693775425927,49.82878772328128,14209.525042067644,1850.6325536952936
2019-08-27,2019,8,LATO,22.354575845314294,49.82878772328128,10722.583398780149,1850.6325638701494
2019-08-27,2019,8,LATO,22.73186826464449,49.82878772328128,21256.509218593656,1861.187918464379
2019-08-27,2019,8,LATO,22.22881170553756,49.89166979316964,16405.560705198463,1857.0220096426679
2019-08-27,2019,8,LATO,22.291693775425927,49.89166979316964,11895.00110721875,1856.091039666057
2019-08-27,2019,8,LATO,22.354575845314294,49.89166979316964,7393.707934749382,1855.87811221666
2019-08-27,2019,8,LATO,22.417457915202657,49.89166979316964,2944.500050124817,1851.1881854536591
2019-08-27,2019,8,LATO,22.480339985091025,49.89166979316964,1870.9821680215873,1850.6325606584692
2019-08-27,2019,8,LATO,22.543222054979392,49.89166979316964,6257.667310553245,1850.6325832856621
2019-08-27,2019,8,LATO,22.60610412486776,49.89166979316964,10753.768425853132,1856.4673390423663
2019-08-27,2019,8,LATO,22.668986194756126,49.89166979316964,15262.893735083717,1864.357769049382
2019-08-27,2019,8,LATO,22.73186826464449,49.89166979316964,19776.134276070505,1866.3399392282836
2019-08-27,2019,8,LATO,22.794750334532857,49.89166979316964,24291.194065453536,1865.0172546078018
2019-08-27,2019,8,LATO,22.165929635649192,49.954551863058015,21786.570287916154,1865.9573884464078
2019-08-27,2019,8,LATO,22.22881170553756,49.954551863058015,17504.14593586278,1861.4449962943625
2019-08-27,2019,8,LATO,22.291693775425927,49.954551863058015,13375.713008895505,1856.9640722579886
2019-08-27,2019,8,LATO,22.354575845314294,49.954551863058015,9602.00371929549,1856.5232681455698
2019-08-27,2019,8,LATO,22.417457915202657,49.954551863058015,6801.584066412853,1855.8401244709007
2019-08-27,2019,8,LATO,22.480339985091025,49.954551863058015,6410.8337029859895,1851.1205034580569
2019-08-27,2019,8,LATO,22.543222054979392,49.954551863058015,8758.432559269975,1850.6325633980346
2019-08-27,2019,8,LATO,22.60610412486776,49.954551863058015,12373.188316296972,1854.7103410616623
2019-08-27,2019,8,LATO,22.668986194756126,49.954551863058015,16439.454591696005,1856.512427389417
2019-08-27,2019,8,LATO,22.73186826464449,49.954551863058015,20692.74432795608,1865.0564622818792
2019-08-27,2019,8,LATO,22.165929635649192,50.017433932946375,24688.65400458408,1845.8302864572295
2019-08-27,2019,8,LATO,22.22881170553756,50.017433932946375,21011.64844441782,1848.960325961703
2019-08-27,2019,8,LATO,22.291693775425927,50.017433932946375,17724.845643369907,1865.7986079816328
2019-08-27,2019,8,LATO,22.354575845314294,50.017433932946375,15085.492177146163,1864.936771087836
2019-08-27,2019,8,LATO,22.417457915202657,50.017433932946375,13479.4325917546,1857.2112325078592
2019-08-27,2019,8,LATO,22.480339985091025,50.017433932946375,13286.800817179106,1856.4817735549325
2019-08-27,2019,8,LATO,22.543222054979392,50.017433932946375,14563.789322484645,1849.0231500410287
2019-08-27,2019,8,LATO,22.60610412486776,50.017433932946375,16982.046877098484,1837.2145651309331
2019-08-27,2019,8,LATO,22.668986194756126,50.017433932946375,20134.47338387348,1844.632235032764
2019-08-27,2019,8,LATO,22.73186826464449,50.017433932946375,23730.259141340277,1850.1472971989915
2019-08-27,2019,8,LATO,22.291693775425927,50.08031600283475,23393.92889056244,1844.5705715328713
2019-08-27,2019,8,LATO,22.354575845314294,50.08031600283475,21466.04242459771,1845.8355712890018
2019-08-27,2019,8,LATO,22.417457915202657,50.08031600283475,20370.90850265545,1859.842889081217
2019-08-27,2019,8,LATO,22.480339985091025,50.08031600283475,20244.125442972134,1832.10371306479
2019-08-27,2019,8,LATO,22.543222054979392,50.08031600283475,21103.1530005928,1825.9117365846707
2019-08-27,2019,8,LATO,22.60610412486776,50.08031600283475,22837.01728511146,1825.239444578625
2019-08-28,2019,8,LATO,22.532716728481034,50.017433932946375,14259.351764241463,1872.1474757796375
2019-08-28,2019,8,LATO,22.59559879836941,50.017433932946375,16517.022631493433,1872.1474805800606
2019-08-28,2019,8,LATO,22.469834658592674,50.08031600283475,20195.42885761202,1860.4740582851955
2019-08-28,2019,8,LATO,22.532716728481034,50.08031600283475,20894.489209014744,1860.4741200777053
2019-08-28,2019,8,LATO,22.59559879836941,50.08031600283475,22493.81768028525,1860.4741250213176
2019-08-31,2019,8,LATO,22.354575845314294,49.703023583504546,23001.98911035394,1840.4212809906621
2019-08-31,2019,8,LATO,22.480339985091025,49.703023583504546,21856.94974519855,1813.4560745080623
2019-08-31,2019,8,LATO,22.543222054979392,49.703023583504546,22661.03902923717,1813.4560672268149
2019-08-31,2019,8,LATO,22.480339985091025,49.765905653392906,14893.538410765585,1832.5732364956216
2019-08-31,2019,8,LATO,22.543222054979392,49.765905653392906,16048.91545535083,1832.573239329396
2019-08-31,2019,8,LATO,22.417457915202657,49.82878772328128,8301.649065314678,1861.9999177182704
2019-08-31,2019,8,LATO,22.480339985091025,49.82878772328128,7983.807939159483,1846.9813599335146
2019-08-31,2019,8,LATO,22.543222054979392,49.82878772328128,9972.220017912965,1835.6722909201812
2019-08-31,2019,8,LATO,22.60610412486776,49.82878772328128,13267.61214866327,1832.5732417631095
2019-08-31,2019,8,LATO,22.668986194756126,49.82878772328128,17131.67359445209,1851.422912803967
2019-08-31,2019,8,LATO,22.417457915202657,49.89166979316964,2944.500050124817,1863.1630834321093
2019-08-31,2019,8,LATO,22.480339985091025,49.89166979316964,1870.9821680215873,1863.1151223997826
2019-08-31,2019,8,LATO,22.543222054979392,49.89166979316964,6257.667310553245,1862.7194732019916
2019-08-31,2019,8,LATO,22.60610412486776,49.89166979316964,10753.768425853132,1861.9999914766768
2019-08-31,2019,8,LATO,22.668986194756126,49.89166979316964,15262.893735083717,1867.987775487312
2019-08-31,2019,8,LATO,22.73186826464449,49.89166979316964,19776.134276070505,1867.9877996999278
2019-08-31,2019,8,LATO,22.794750334532857,49.89166979316964,24291.194065453536,1867.9877909481174
2019-08-31,2019,8,LATO,22.480339985091025,49.954551863058015,6410.8337029859895,1863.1630866091846
2019-08-31,2019,8,LATO,22.543222054979392,49.954551863058015,8758.432559269975,1863.1630886009727
2019-08-31,2019,8,LATO,22.73186826464449,49.954551863058015,20692.74432795608,1867.9877665654878
2020-01-21,2020,1,ZIMA,22.354575845314294,49.692518257006185,24112.090228048502,1827.5070977807534
2020-01-21,2020,1,ZIMA,22.417457915202657,49.692518257006185,23134.547378102303,1832.355064231528
2020-01-21,2020,1,ZIMA,22.480339985091025,49.692518257006185,23022.08858500473,1825.680523009353
2020-01-21,2020,1,ZIMA,22.543222054979392,49.692518257006185,23786.98643868175,1822.5508638350354
2020-01-21,2020,1,ZIMA,22.22881170553756,49.755400326894545,22894.36986324161,1829.9969387912229
2020-01-21,2020,1,ZIMA,22.291693775425927,49.755400326894545,19903.314178415047,1817.0223428102975
2020-01-21,2020,1,ZIMA,22.354575845314294,49.755400326894545,17580.495625769614,1816.1402301871542
2020-01-21,2020,1,ZIMA,22.417457915202657,49.755400326894545,16215.66667820542,1820.39774698432
2020-01-21,2020,1,ZIMA,22.480339985091025,49.755400326894545,16055.025104151813,1829.6819633577916
2020-01-21,2020,1,ZIMA,22.543222054979392,49.755400326894545,17132.476668509815,1830.9263916016218
2020-01-21,2020,1,ZIMA,22.60610412486776,49.755400326894545,19241.147484226796,1800.7733512561988
2020-01-21,2020,1,ZIMA,22.668986194756126,49.755400326894545,22087.641825604678,1797.744312220733
2020-01-21,2020,1,ZIMA,22.165929635649192,49.818282396782934,22762.27075808762,1843.5131965593862
2020-01-21,2020,1,ZIMA,22.22881170553756,49.818282396782934,18691.89945697382,1843.5131821886343
2020-01-21,2020,1,ZIMA,22.291693775425927,49.818282396782934,14884.29752506612,1832.9990534271687
2020-01-21,2020,1,ZIMA,22.354575845314294,49.818282396782934,11601.151230090853,1834.0437248353476
2020-01-21,2020,1,ZIMA,22.417457915202657,49.818282396782934,9408.524932013164,1825.0105004868944
2020-01-21,2020,1,ZIMA,22.480339985091025,49.818282396782934,9129.240569089454,1822.7228175462674
2020-01-21,2020,1,ZIMA,22.543222054979392,49.818282396782934,10911.220491147085,1814.952083871004
2020-01-21,2020,1,ZIMA,22.60610412486776,49.818282396782934,13987.696201742643,1808.498170257584
2020-01-21,2020,1,ZIMA,22.668986194756126,49.818282396782934,17695.925250540768,1815.828897549859
2020-01-21,2020,1,ZIMA,22.73186826464449,49.818282396782934,21714.62640675995,1830.0164925788954
2020-01-21,2020,1,ZIMA,22.165929635649192,49.881164466671294,20999.33229321837,1814.1209737053339
2020-01-21,2020,1,ZIMA,22.22881170553756,49.881164466671294,16506.267562304827,1819.7538674128423
2020-01-21,2020,1,ZIMA,22.291693775425927,49.881164466671294,12032.364262771302,1831.4421573784248
2020-01-21,2020,1,ZIMA,22.354575845314294,49.881164466671294,7611.491975228226,1831.1568502510136
2020-01-21,2020,1,ZIMA,22.417457915202657,49.881164466671294,3453.693223036827,1819.9110743601857
2020-01-21,2020,1,ZIMA,22.480339985091025,49.881164466671294,2599.495245792041,1834.657386329173
2020-01-21,2020,1,ZIMA,22.543222054979392,49.881164466671294,6513.288539257984,1841.5781907195167
2020-01-21,2020,1,ZIMA,22.60610412486776,49.881164466671294,10905.258517402252,1831.178288286629
2020-01-21,2020,1,ZIMA,22.668986194756126,49.881164466671294,15370.833327011827,1852.1436733708365
2020-01-21,2020,1,ZIMA,22.73186826464449,49.881164466671294,19860.423092579564,1850.4614173860216
2020-01-21,2020,1,ZIMA,22.794750334532857,49.881164466671294,24360.75155742461,1844.9629318271848
2020-01-21,2020,1,ZIMA,22.165929635649192,49.944046536559654,21486.28087913054,1820.71848238609
2020-01-21,2020,1,ZIMA,22.22881170553756,49.944046536559654,17127.876258600787,1824.0395197842556
2020-01-21,2020,1,ZIMA,22.291693775425927,49.944046536559654,12878.31429302353,1825.4258792258984
2020-01-21,2020,1,ZIMA,22.354575845314294,49.944046536559654,8894.991312628392,1825.0763514269534
2020-01-21,2020,1,ZIMA,22.417457915202657,49.944046536559654,5759.680046957223,1820.374021884037
2020-01-21,2020,1,ZIMA,22.480339985091025,49.944046536559654,5292.450368233288,1836.5795092243698
2020-01-21,2020,1,ZIMA,22.543222054979392,49.944046536559654,7976.788686317586,1841.9813251279904
2020-01-21,2020,1,ZIMA,22.60610412486776,49.944046536559654,11833.48850859346,1841.9813107746438
2020-01-21,2020,1,ZIMA,22.73186826464449,49.944046536559654,20376.093396314827,1848.6649399304163
2020-01-21,2020,1,ZIMA,22.794750334532857,49.944046536559654,24777.740103857333,1846.3084714177123
2020-01-25,2020,1,ZIMA,22.417457915202657,49.692518257006185,23134.547378102303,1808.3466509622165
2020-01-25,2020,1,ZIMA,22.480339985091025,49.692518257006185,23022.08858500473,1818.740559357448
2020-01-25,2020,1,ZIMA,22.543222054979392,49.692518257006185,23786.98643868175,1819.902686527222
2020-01-25,2020,1,ZIMA,22.354575845314294,49.755400326894545,17580.495625769614,1807.0261928392792
2020-01-25,2020,1,ZIMA,22.417457915202657,49.755400326894545,16215.66667820542,1807.8815685865368
2020-01-25,2020,1,ZIMA,22.480339985091025,49.755400326894545,16055.025104151813,1817.752561826738
2020-01-25,2020,1,ZIMA,22.543222054979392,49.755400326894545,17132.476668509815,1815.980058138017
2020-01-25,2020,1,ZIMA,22.60610412486776,49.755400326894545,19241.147484226796,1814.2541504239673
2020-01-25,2020,1,ZIMA,22.668986194756126,49.755400326894545,22087.641825604678,1814.666991943327
2020-01-25,2020,1,ZIMA,22.22881170553756,49.818282396782934,18691.89945697382,1824.0242939176296
2020-01-25,2020,1,ZIMA,22.291693775425927,49.818282396782934,14884.29752506612,1825.7213625212319
2020-01-25,2020,1,ZIMA,22.354575845314294,49.818282396782934,11601.151230090853,1824.0062421913844
2020-01-25,2020,1,ZIMA,22.417457915202657,49.818282396782934,9408.524932013164,1828.7371359519257
2020-01-25,2020,1,ZIMA,22.480339985091025,49.818282396782934,9129.240569089454,1833.9945282191075
2020-01-25,2020,1,ZIMA,22.543222054979392,49.818282396782934,10911.220491147085,1832.1129941467593
2020-01-25,2020,1,ZIMA,22.60610412486776,49.818282396782934,13987.696201742643,1831.216390138863
2020-01-25,2020,1,ZIMA,22.668986194756126,49.818282396782934,17695.925250540768,1831.5589527120599
2020-01-25,2020,1,ZIMA,22.73186826464449,49.818282396782934,21714.62640675995,1840.021725398486
2020-01-25,2020,1,ZIMA,22.165929635649192,49.881164466671294,20999.33229321837,1820.6193025626897
2020-01-25,2020,1,ZIMA,22.22881170553756,49.881164466671294,16506.267562304827,1820.6882618130394
2020-01-25,2020,1,ZIMA,22.291693775425927,49.881164466671294,12032.364262771302,1817.6244564645076
2020-01-25,2020,1,ZIMA,22.354575845314294,49.881164466671294,7611.491975228226,1817.0167811035535
2020-01-25,2020,1,ZIMA,22.417457915202657,49.881164466671294,3453.693223036827,1830.854804559192
2020-01-25,2020,1,ZIMA,22.480339985091025,49.881164466671294,2599.495245792041,1826.751255509178
2020-01-25,2020,1,ZIMA,22.73186826464449,49.881164466671294,19860.423092579564,1862.6004082444726
2020-01-25,2020,1,ZIMA,22.794750334532857,49.881164466671294,24360.75155742461,1861.568034575677
2020-01-25,2020,1,ZIMA,22.165929635649192,49.944046536559654,21486.28087913054,1820.5472372188779
2020-01-25,2020,1,ZIMA,22.22881170553756,49.944046536559654,17127.876258600787,1820.4711914062498
2020-01-25,2020,1,ZIMA,22.291693775425927,49.944046536559654,12878.31429302353,1822.2247047425953
2020-01-25,2020,1,ZIMA,22.354575845314294,49.944046536559654,8894.991312628392,1821.085602263539
2020-01-25,2020,1,ZIMA,22.417457915202657,49.944046536559654,5759.680046957223,1839.4439321361958
2020-01-25,2020,1,ZIMA,22.480339985091025,49.944046536559654,5292.450368233288,1842.2232312542853
2020-01-25,2020,1,ZIMA,22.73186826464449,49.944046536559654,20376.093396314827,1863.5631731449441
2020-01-25,2020,1,ZIMA,22.794750334532857,49.944046536559654,24777.740103857333,1863.2285460315316
2020-01-25,2020,1,ZIMA,22.165929635649192,50.006928606448014,24087.11788566591,1827.9410378904986
2020-01-25,2020,1,ZIMA,22.22881170553756,50.006928606448014,20300.550055771535,1829.4929058344846
2020-01-25,2020,1,ZIMA,22.291693775425927,50.006928606448014,16874.99133361886,1843.6849383519234
2020-01-25,2020,1,ZIMA,22.354575845314294,50.006928606448014,14076.517619419135,1850.9606767086354
2020-01-25,2020,1,ZIMA,22.417457915202657,50.006928606448014,12339.42325907192,1860.0073338150091
2020-01-25,2020,1,ZIMA,22.480339985091025,50.006928606448014,12128.65266097527,1852.268116556281
2020-01-25,2020,1,ZIMA,22.543222054979392,50.006928606448014,13515.800272744598,1852.5730636117207
2020-01-25,2020,1,ZIMA,22.60610412486776,50.006928606448014,16092.839025049043,1846.219688122849
2020-01-25,2020,1,ZIMA,22.668986194756126,50.006928606448014,19391.031598309888,1847.944954121748
2020-01-25,2020,1,ZIMA,22.73186826464449,50.006928606448014,23103.564470285364,1849.880979940923
2020-01-25,2020,1,ZIMA,22.291693775425927,50.069810676336374,22394.741498546697,1852.132113996612
2020-01-25,2020,1,ZIMA,22.354575845314294,50.069810676336374,20372.0547241168,1850.6806673472388
2020-01-25,2020,1,ZIMA,22.417457915202657,50.069810676336374,19214.409734969002,1851.0739257238906
2020-01-25,2020,1,ZIMA,22.480339985091025,50.069810676336374,19079.914015941584,1847.8645218435067
2020-01-25,2020,1,ZIMA,22.543222054979392,50.069810676336374,19989.23029615635,1852.2065109980645
2020-01-25,2020,1,ZIMA,22.60610412486776,50.069810676336374,21812.20457988765,1854.5509306991605
2020-01-25,2020,1,ZIMA,22.668986194756126,50.069810676336374,24344.445570191427,1857.8372138402037
2020-02-07,2020,2,ZIMA,22.417457915202657,50.006928606448014,12339.42325907192,1871.376794649544
2020-02-07,2020,2,ZIMA,22.480339985091025,50.006928606448014,12128.65266097527,1871.3767864500064
2020-02-07,2020,2,ZIMA,22.60610412486776,50.006928606448014,16092.839025049043,1883.9110407102942
2020-02-07,2020,2,ZIMA,22.668986194756126,50.006928606448014,19391.031598309888,1883.91101969388
2020-02-07,2020,2,ZIMA,22.73186826464449,50.006928606448014,23103.564470285364,1883.9110116624615
2020-02-07,2020,2,ZIMA,22.417457915202657,50.069810676336374,19214.409734969002,1869.6836404584726
2020-02-07,2020,2,ZIMA,22.480339985091025,50.069810676336374,19079.914015941584,1871.3768287419325
2020-02-07,2020,2,ZIMA,22.543222054979392,50.069810676336374,19989.23029615635,1871.3768260845475
2020-02-07,2020,2,ZIMA,22.60610412486776,50.069810676336374,21812.20457988765,1883.91093305827
2020-02-07,2020,2,ZIMA,22.668986194756126,50.069810676336374,24344.445570191427,1883.9110088629832
2020-02-09,2020,2,ZIMA,22.480339985091025,50.069810676336374,19079.914015941584,1835.5767172236792
2020-02-09,2020,2,ZIMA,22.543222054979392,50.069810676336374,19989.23029615635,1835.5767910862994
2020-02-22,2020,2,ZIMA,22.543222054979392,49.755400326894545,17132.476668509815,1836.0886210576489
2020-02-22,2020,2,ZIMA,22.60610412486776,49.755400326894545,19241.147484226796,1831.137485508577
2020-02-22,2020,2,ZIMA,22.668986194756126,49.755400326894545,22087.641825604678,1827.544419323898
2020-02-22,2020,2,ZIMA,22.22881170553756,49.818282396782934,18691.89945697382,1850.348361554238
2020-02-22,2020,2,ZIMA,22.291693775425927,49.818282396782934,14884.29752506612,1850.3483818552409
2020-02-22,2020,2,ZIMA,22.354575845314294,49.818282396782934,11601.151230090853,1850.3483795431396
2020-02-22,2020,2,ZIMA,22.417457915202657,49.818282396782934,9408.524932013164,1834.708858496236
2020-02-22,2020,2,ZIMA,22.480339985091025,49.818282396782934,9129.240569089454,1826.0835176953813
2020-02-22,2020,2,ZIMA,22.543222054979392,49.818282396782934,10911.220491147085,1827.5664969651532
2020-02-22,2020,2,ZIMA,22.60610412486776,49.818282396782934,13987.696201742643,1829.8125374928725
2020-02-22,2020,2,ZIMA,22.668986194756126,49.818282396782934,17695.925250540768,1839.4739700109658
2020-02-22,2020,2,ZIMA,22.73186826464449,49.818282396782934,21714.62640675995,1844.6391803429435
2020-02-22,2020,2,ZIMA,22.165929635649192,49.881164466671294,20999.33229321837,1839.6757668599741
2020-02-22,2020,2,ZIMA,22.22881170553756,49.881164466671294,16506.267562304827,1839.3528871694584
2020-02-22,2020,2,ZIMA,22.291693775425927,49.881164466671294,12032.364262771302,1838.7658229661124
2020-02-22,2020,2,ZIMA,22.354575845314294,49.881164466671294,7611.491975228226,1841.4708070067604
2020-02-22,2020,2,ZIMA,22.417457915202657,49.881164466671294,3453.693223036827,1839.1021500339339
2020-02-22,2020,2,ZIMA,22.480339985091025,49.881164466671294,2599.495245792041,1843.7849965492933
2020-02-22,2020,2,ZIMA,22.543222054979392,49.881164466671294,6513.288539257984,1843.3470837254538
2020-02-22,2020,2,ZIMA,22.60610412486776,49.881164466671294,10905.258517402252,1857.7151756473454
2020-02-22,2020,2,ZIMA,22.668986194756126,49.881164466671294,15370.833327011827,1856.2599070870724
2020-02-22,2020,2,ZIMA,22.73186826464449,49.881164466671294,19860.423092579564,1857.050524964179
2020-02-22,2020,2,ZIMA,22.794750334532857,49.881164466671294,24360.75155742461,1855.4008530029512
2020-02-22,2020,2,ZIMA,22.165929635649192,49.944046536559654,21486.28087913054,1838.7690338044526
2020-02-22,2020,2,ZIMA,22.22881170553756,49.944046536559654,17127.876258600787,1839.4631817634215
2020-02-22,2020,2,ZIMA,22.291693775425927,49.944046536559654,12878.31429302353,1840.7870004346855
2020-02-22,2020,2,ZIMA,22.354575845314294,49.944046536559654,8894.991312628392,1843.411465516265
2020-02-22,2020,2,ZIMA,22.417457915202657,49.944046536559654,5759.680046957223,1843.162755665195
2020-02-22,2020,2,ZIMA,22.480339985091025,49.944046536559654,5292.450368233288,1850.2392184983507
2020-02-22,2020,2,ZIMA,22.543222054979392,49.944046536559654,7976.788686317586,1848.299758784924
2020-02-22,2020,2,ZIMA,22.60610412486776,49.944046536559654,11833.48850859346,1862.6061028109282
2020-02-22,2020,2,ZIMA,22.668986194756126,49.944046536559654,16037.980704463247,1863.0839843749388
2020-02-22,2020,2,ZIMA,22.73186826464449,49.944046536559654,20376.093396314827,1855.265116721265
2020-02-22,2020,2,ZIMA,22.794750334532857,49.944046536559654,24777.740103857333,1856.699216420919
2020-02-22,2020,2,ZIMA,22.165929635649192,50.006928606448014,24087.11788566591,1841.8632812499716
2020-02-22,2020,2,ZIMA,22.22881170553756,50.006928606448014,20300.550055771535,1841.5464045008305
2020-02-22,2020,2,ZIMA,22.291693775425927,50.006928606448014,16874.99133361886,1864.4627620633262
2020-02-22,2020,2,ZIMA,22.354575845314294,50.006928606448014,14076.517619419135,1866.8937563305487
2020-02-22,2020,2,ZIMA,22.417457915202657,50.006928606448014,12339.42325907192,1857.915304201872
2020-02-22,2020,2,ZIMA,22.480339985091025,50.006928606448014,12128.65266097527,1852.5183971253832
2020-02-22,2020,2,ZIMA,22.543222054979392,50.006928606448014,13515.800272744598,1865.6900608625208
2020-02-22,2020,2,ZIMA,22.60610412486776,50.006928606448014,16092.839025049043,1866.012078098144
2020-02-22,2020,2,ZIMA,22.668986194756126,50.006928606448014,19391.031598309888,1854.2788776146517
2020-02-22,2020,2,ZIMA,22.73186826464449,50.006928606448014,23103.564470285364,1849.924194335873
2020-02-22,2020,2,ZIMA,22.291693775425927,50.069810676336374,22394.741498546697,1857.7990236344556
2020-02-22,2020,2,ZIMA,22.354575845314294,50.069810676336374,20372.0547241168,1858.2226124285637
2020-02-22,2020,2,ZIMA,22.417457915202657,50.069810676336374,19214.409734969002,1856.4925308463944
2020-02-22,2020,2,ZIMA,22.480339985091025,50.069810676336374,19079.914015941584,1861.291645098839
2020-02-22,2020,2,ZIMA,22.543222054979392,50.069810676336374,19989.23029615635,1864.5534630732288
2020-02-22,2020,2,ZIMA,22.60610412486776,50.069810676336374,21812.20457988765,1864.9964739143736
2020-02-22,2020,2,ZIMA,22.668986194756126,50.069810676336374,24344.445570191427,1845.407338327954
2020-03-09,2020,3,ZIMA,22.22881170553756,49.758902102394,22624.046814957903,1824.1042425221092
2020-03-09,2020,3,ZIMA,22.165929635649192,49.82178417228238,22610.888262467266,1828.92296345712
2020-03-09,2020,3,ZIMA,22.22881170553756,49.82178417228238,18507.581667229533,1826.9451476949623
2020-03-09,2020,3,ZIMA,22.291693775425927,49.82178417228238,14652.474429487585,1834.6481536465706
2020-03-09,2020,3,ZIMA,22.354575845314294,49.82178417228238,11302.46295250511,1834.8321476120263
2020-03-09,2020,3,ZIMA,22.417457915202657,49.82178417228238,9037.843640830239,1832.5253934052591
2020-03-09,2020,3,ZIMA,22.165929635649192,49.88466624217074,20965.48454243477,1826.430657694615
2020-03-09,2020,3,ZIMA,22.22881170553756,49.88466624217074,16463.55502224266,1826.4307287861768
2020-03-09,2020,3,ZIMA,22.291693775425927,49.88466624217074,11974.088716404958,1825.7663772206613
2020-03-09,2020,3,ZIMA,22.354575845314294,49.88466624217074,7519.4482632486,1821.9815840170813
2020-03-09,2020,3,ZIMA,22.417457915202657,49.88466624217074,3246.3229762535266,1818.6165566983168
2020-03-09,2020,3,ZIMA,22.291693775425927,49.94754831205911,13034.58722823578,1828.2941953278657
2020-03-09,2020,3,ZIMA,22.354575845314294,49.94754831205911,9120.123338587056,1827.4054052729668
2020-03-09,2020,3,ZIMA,22.417457915202657,49.94754831205911,6101.88788802132,1824.4377104038215
2020-03-09,2020,3,ZIMA,22.165929635649192,50.01043038194747,24283.038247886205,1829.6069476690986
2020-03-09,2020,3,ZIMA,22.22881170553756,50.01043038194747,20532.930787115496,1829.6069383249364
2020-03-09,2020,3,ZIMA,22.291693775425927,50.01043038194747,17154.110502445375,1832.545044734482
2020-03-09,2020,3,ZIMA,22.354575845314294,50.01043038194747,14410.163939478029,1832.545032301841
2020-03-09,2020,3,ZIMA,22.417457915202657,50.01043038194747,12718.8513596271,1832.5450519336941
2020-03-10,2020,3,ZIMA,22.73186826464449,49.89166979316964,19776.134276070505,1868.7005599500126
2020-03-10,2020,3,ZIMA,22.794750334532857,49.89166979316964,24291.194065453536,1868.7005777147103
2020-03-10,2020,3,ZIMA,22.480339985091025,49.954551863058015,6410.8337029859895,1864.820791310174
2020-03-10,2020,3,ZIMA,22.543222054979392,49.954551863058015,8758.432559269975,1864.820810941043
2020-03-10,2020,3,ZIMA,22.668986194756126,49.954551863058015,16439.454591696005,1861.6724337037206
2020-03-10,2020,3,ZIMA,22.73186826464449,49.954551863058015,20692.74432795608,1868.3981136088712
2020-03-10,2020,3,ZIMA,22.417457915202657,50.017433932946375,13479.4325917546,1867.1229180238304
2020-03-10,2020,3,ZIMA,22.480339985091025,50.017433932946375,13286.800817179106,1867.1229232084818
2020-03-10,2020,3,ZIMA,22.543222054979392,50.017433932946375,14563.789322484645,1867.0204072013075
2020-03-10,2020,3,ZIMA,22.60610412486776,50.017433932946375,16982.046877098484,1865.463012263737
2020-03-10,2020,3,ZIMA,22.668986194756126,50.017433932946375,20134.47338387348,1867.3308800577752
2020-03-10,2020,3,ZIMA,22.73186826464449,50.017433932946375,23730.259141340277,1864.700244067945
2020-03-10,2020,3,ZIMA,22.60610412486776,50.08031600283475,22837.01728511146,1861.7892594203722
2020-03-15,2020,3,ZIMA,22.60610412486776,49.703023583504546,24296.198188144805,1848.9298093799985
2020-03-15,2020,3,ZIMA,22.165929635649192,49.82878772328128,22325.43538520545,1841.169919194788
2020-03-15,2020,3,ZIMA,22.22881170553756,49.82878772328128,18158.406619754358,1841.1699353809145
2020-03-15,2020,3,ZIMA,22.291693775425927,49.82878772328128,14209.525042067644,1841.1699179919797
2020-03-15,2020,3,ZIMA,22.291693775425927,49.89166979316964,11895.00110721875,1841.169925640187
2020-03-27,2020,3,ZIMA,22.291693775425927,49.7135289100029,23804.69618786751,1826.8382568360043
2020-03-27,2020,3,ZIMA,22.354575845314294,49.7135289100029,21897.957906913372,1826.8382600294099
2020-03-27,2020,3,ZIMA,22.417457915202657,49.7135289100029,20817.177315306377,1822.2407184956887
2020-03-27,2020,3,ZIMA,22.480339985091025,49.7135289100029,20692.181898022856,1826.2392564528561
2020-03-27,2020,3,ZIMA,22.543222054979392,49.7135289100029,21539.617118953054,1829.1771881633201
2020-03-27,2020,3,ZIMA,22.60610412486776,49.7135289100029,23253.41057169212,1826.8999440781654
2020-03-27,2020,3,ZIMA,22.22881170553756,49.77641097989127,21327.798774419378,1839.6597940901024
2020-03-27,2020,3,ZIMA,22.291693775425927,49.77641097989127,18080.92957961028,1833.2293887488534
2020-03-27,2020,3,ZIMA,22.354575845314294,49.77641097989127,15488.366981468114,1833.5681283987844
2020-03-27,2020,3,ZIMA,22.417457915202657,49.77641097989127,13920.61259430649,1828.3887911815484
2020-03-27,2020,3,ZIMA,22.480339985091025,49.77641097989127,13733.232728997124,1822.0872543557089
2020-03-27,2020,3,ZIMA,22.543222054979392,49.77641097989127,14978.12263270624,1822.081058632837
2020-03-27,2020,3,ZIMA,22.60610412486776,49.77641097989127,17349.669873905994,1822.5096979757934
2020-03-27,2020,3,ZIMA,22.668986194756126,49.77641097989127,20459.775676015957,1825.601340872909
2020-03-27,2020,3,ZIMA,22.165929635649192,49.83929304977963,21942.191564534005,1837.3987878989742
2020-03-27,2020,3,ZIMA,22.22881170553756,49.83929304977963,17686.123813967628,1838.3063609194355
2020-03-27,2020,3,ZIMA,22.291693775425927,49.83929304977963,13601.8204169616,1840.027443868678
2020-03-27,2020,3,ZIMA,22.354575845314294,49.83929304977963,9904.115930609376,1843.6121378534763
2020-03-27,2020,3,ZIMA,22.417457915202657,49.83929304977963,7214.225001799997,1843.60644531246
2020-03-27,2020,3,ZIMA,22.480339985091025,49.83929304977963,6846.164905898887,1829.3063946764094
2020-03-27,2020,3,ZIMA,22.543222054979392,49.83929304977963,9086.596946364683,1822.2919102561182
2020-03-27,2020,3,ZIMA,22.60610412486776,49.83929304977963,12614.834472916174,1822.0816263154331
2020-03-27,2020,3,ZIMA,22.668986194756126,49.83929304977963,16630.494009253624,1823.4229621064085
2020-03-27,2020,3,ZIMA,22.165929635649192,49.902175119668,20904.559520958665,1831.3264147695616
2020-03-27,2020,3,ZIMA,22.22881170553756,49.902175119668,16387.759651886772,1831.5450583361865
2020-03-27,2020,3,ZIMA,22.291693775425927,49.902175119668,11871.605086891432,1838.9651598581115
2020-03-27,2020,3,ZIMA,22.354575845314294,49.902175119668,7357.290364346491,1837.7344721387346
2020-03-27,2020,3,ZIMA,22.417457915202657,49.902175119668,2853.5714632277422,1843.9808182752924
2020-03-27,2020,3,ZIMA,22.480339985091025,49.902175119668,1724.6696851307397,1845.0686096193951
2020-03-27,2020,3,ZIMA,22.543222054979392,49.902175119668,6214.866961308621,1844.1750077195459
2020-03-27,2020,3,ZIMA,22.60610412486776,49.902175119668,10728.14534524029,1854.0720737568568
2020-03-27,2020,3,ZIMA,22.668986194756126,49.902175119668,15244.016045611645,1862.5405212815008
2020-03-27,2020,3,ZIMA,22.73186826464449,49.902175119668,19760.6998012573,1862.54053140976
2020-03-27,2020,3,ZIMA,22.794750334532857,49.902175119668,24277.7405338579,1862.5405104299916
2020-03-27,2020,3,ZIMA,22.165929635649192,49.96505718955636,22144.520972495156,1836.298874744027
2020-03-27,2020,3,ZIMA,22.22881170553756,49.96505718955636,17948.729700687247,1856.4978464585552
2020-03-27,2020,3,ZIMA,22.291693775425927,49.96505718955636,13953.466240049856,1854.3855322333961
2020-03-27,2020,3,ZIMA,22.354575845314294,49.96505718955636,10392.636386979462,1851.1080979055503
2020-03-27,2020,3,ZIMA,22.417457915202657,49.96505718955636,7879.085345988966,1845.8265210077514
2020-03-27,2020,3,ZIMA,22.480339985091025,49.96505718955636,7544.425362761822,1837.666002571878
2020-03-27,2020,3,ZIMA,22.543222054979392,49.96505718955636,9618.83234019337,1840.2101332619911
2020-03-27,2020,3,ZIMA,22.22881170553756,50.027939259444736,21762.290846811586,1844.2586447339986
2020-03-27,2020,3,ZIMA,22.291693775425927,50.027939259444736,18609.29530961484,1857.3473108847265
2020-03-27,2020,3,ZIMA,22.354575845314294,50.027939259444736,16116.038523705753,1857.691372359692
2020-03-27,2020,3,ZIMA,22.417457915202657,50.027939259444736,14623.94392371244,1851.3043494407805
2020-03-27,2020,3,ZIMA,22.480339985091025,50.027939259444736,14446.620117417058,1845.362599298331
2020-03-27,2020,3,ZIMA,22.291693775425927,50.090821329333096,24408.161668579312,1840.526941041573
2020-03-27,2020,3,ZIMA,22.354575845314294,50.090821329333096,22567.50597595415,1842.4877494289703
2020-03-27,2020,3,ZIMA,22.417457915202657,50.090821329333096,21528.708048346194,1849.9981543456938
2020-03-27,2020,3,ZIMA,22.351074069814842,49.69952180800509,23452.044412270043,1817.6143578608846
2020-03-27,2020,3,ZIMA,22.41395613970321,49.69952180800509,22395.01771344624,1834.4880101721437
2020-03-27,2020,3,ZIMA,22.476838209591577,49.69952180800509,22227.556145717932,1834.4870815913887
2020-03-27,2020,3,ZIMA,22.539720279479937,49.69952180800509,22969.12425616453,1834.4852244297294
2020-03-27,2020,3,ZIMA,22.602602349368304,49.69952180800509,24537.443721451007,1859.9621704729832
2020-03-27,2020,3,ZIMA,22.225309930038108,49.76240387789346,22542.784189467628,1820.2753401129214
2020-03-27,2020,3,ZIMA,22.288191999926475,49.76240387789346,19439.794954990113,1820.164875806782
2020-03-27,2020,3,ZIMA,22.351074069814842,49.76240387789346,16987.360292640155,1820.0844761306303
2020-03-27,2020,3,ZIMA,22.41395613970321,49.76240387789346,15497.464920780965,1838.0194150310147
2020-03-27,2020,3,ZIMA,22.476838209591577,49.76240387789346,15254.786361490895,1838.0194111861747
2020-03-27,2020,3,ZIMA,22.539720279479937,49.76240387789346,16315.073828270395,1838.0194147012937
2020-03-27,2020,3,ZIMA,22.602602349368304,49.76240387789346,18455.106028910457,1843.5899674319837
2020-03-27,2020,3,ZIMA,22.66548441925667,49.76240387789346,21352.669999731086,1843.5899646613693
2020-03-27,2020,3,ZIMA,22.72836648914504,49.76240387789346,24743.046081811666,1843.5899580427704
2020-03-27,2020,3,ZIMA,22.16242786014974,49.82528594778182,22699.863401704264,1834.7384033203082
2020-03-27,2020,3,ZIMA,22.225309930038108,49.82528594778182,18555.257733334394,1834.7384033202727
2020-03-27,2020,3,ZIMA,22.288191999926475,49.82528594778182,14635.38638075111,1834.7384033203718
2020-03-27,2020,3,ZIMA,22.351074069814842,49.82528594778182,11179.210694185098,1834.7383996016843
2020-03-27,2020,3,ZIMA,22.16242786014974,49.888168017670196,21190.035965077823,1824.134408414798
2020-03-27,2020,3,ZIMA,22.225309930038108,49.888168017670196,16680.922447759407,1824.1343762304548
2020-03-27,2020,3,ZIMA,22.288191999926475,49.888168017670196,12178.621349547338,1824.1344017301037
2020-03-27,2020,3,ZIMA,22.351074069814842,49.888168017670196,7695.105499165169,1824.1344103353872
2020-03-29,2020,3,ZIMA,22.354575845314294,49.703023583504546,23001.98911035394,1827.7796985047232
2020-03-29,2020,3,ZIMA,22.417457915202657,49.703023583504546,21975.346455526636,1831.6591645529638
2020-03-29,2020,3,ZIMA,22.480339985091025,49.703023583504546,21856.94974519855,1833.877469358149
2020-03-29,2020,3,ZIMA,22.543222054979392,49.703023583504546,22661.03902923717,1833.557141389292
2020-03-29,2020,3,ZIMA,22.60610412486776,49.703023583504546,24296.198188144805,1824.8151855469416
2020-03-29,2020,3,ZIMA,22.480339985091025,49.765905653392906,14893.538410765585,1843.2376545011396
2020-03-29,2020,3,ZIMA,22.543222054979392,49.765905653392906,16048.91545535083,1842.1521941201602
2020-03-29,2020,3,ZIMA,22.60610412486776,49.765905653392906,18282.53620624142,1839.3085742580765
2020-03-29,2020,3,ZIMA,22.668986194756126,49.765905653392906,21257.1846990577,1836.300114858462
2020-03-29,2020,3,ZIMA,22.73186826464449,49.765905653392906,24706.637829025414,1851.361656554303
2020-03-29,2020,3,ZIMA,22.480339985091025,49.82878772328128,7983.807939159483,1843.2376853595706
2020-03-29,2020,3,ZIMA,22.543222054979392,49.82878772328128,9972.220017912965,1843.2376678178557
2020-03-29,2020,3,ZIMA,22.60610412486776,49.82878772328128,13267.61214866327,1842.4526308795953
2020-03-29,2020,3,ZIMA,22.668986194756126,49.82878772328128,17131.67359445209,1842.0623841285778
2020-03-29,2020,3,ZIMA,22.73186826464449,49.82878772328128,21256.509218593656,1864.7058087411212
2020-03-29,2020,3,ZIMA,22.165929635649192,49.89166979316964,20919.391463104264,1846.6627731445637
2020-03-29,2020,3,ZIMA,22.22881170553756,49.89166979316964,16405.560705198463,1846.8375672734269
2020-03-29,2020,3,ZIMA,22.291693775425927,49.89166979316964,11895.00110721875,1848.5239223801518
2020-03-29,2020,3,ZIMA,22.354575845314294,49.89166979316964,7393.707934749382,1848.5239333363525
2020-03-29,2020,3,ZIMA,22.417457915202657,49.89166979316964,2944.500050124817,1854.5629825879457
2020-03-29,2020,3,ZIMA,22.480339985091025,49.89166979316964,1870.9821680215873,1861.117893192789
2020-03-29,2020,3,ZIMA,22.543222054979392,49.89166979316964,6257.667310553245,1860.59274355755
2020-03-29,2020,3,ZIMA,22.794750334532857,49.89166979316964,24291.194065453536,1880.292700948977
2020-03-29,2020,3,ZIMA,22.165929635649192,49.954551863058015,21786.570287916154,1845.9282664885607
2020-03-29,2020,3,ZIMA,22.22881170553756,49.954551863058015,17504.14593586278,1845.897415767296
2020-03-29,2020,3,ZIMA,22.291693775425927,49.954551863058015,13375.713008895505,1850.719234326696
2020-03-29,2020,3,ZIMA,22.354575845314294,49.954551863058015,9602.00371929549,1851.6698873698201
2020-03-29,2020,3,ZIMA,22.417457915202657,49.954551863058015,6801.584066412853,1855.7645218711593
2020-03-29,2020,3,ZIMA,22.480339985091025,49.954551863058015,6410.8337029859895,1863.7368164061888
2020-03-29,2020,3,ZIMA,22.543222054979392,49.954551863058015,8758.432559269975,1863.7050635402854
2020-03-29,2020,3,ZIMA,22.60610412486776,49.954551863058015,12373.188316296972,1863.3145881265575
2020-03-29,2020,3,ZIMA,22.668986194756126,49.954551863058015,16439.454591696005,1865.6505084720468
2020-03-29,2020,3,ZIMA,22.73186826464449,49.954551863058015,20692.74432795608,1869.1879825777567
2020-03-29,2020,3,ZIMA,22.165929635649192,50.017433932946375,24688.65400458408,1854.425899395384
2020-03-29,2020,3,ZIMA,22.22881170553756,50.017433932946375,21011.64844441782,1860.7584320808571
2020-03-29,2020,3,ZIMA,22.291693775425927,50.017433932946375,17724.845643369907,1864.8550728803993
2020-03-29,2020,3,ZIMA,22.354575845314294,50.017433932946375,15085.492177146163,1875.090640938556
2020-03-29,2020,3,ZIMA,22.417457915202657,50.017433932946375,13479.4325917546,1874.2902555998867
2020-03-29,2020,3,ZIMA,22.480339985091025,50.017433932946375,13286.800817179106,1871.0720437023135
2020-03-29,2020,3,ZIMA,22.543222054979392,50.017433932946375,14563.789322484645,1868.6705534609716
2020-03-29,2020,3,ZIMA,22.73186826464449,50.017433932946375,23730.259141340277,1869.839359538007
2020-03-29,2020,3,ZIMA,22.291693775425927,50.08031600283475,23393.92889056244,1881.0208687330712
2020-03-29,2020,3,ZIMA,22.354575845314294,50.08031600283475,21466.04242459771,1881.0208802687634
2020-03-29,2020,3,ZIMA,22.417457915202657,50.08031600283475,20370.90850265545,1868.1308164362897
2020-03-29,2020,3,ZIMA,22.480339985091025,50.08031600283475,20244.125442972134,1871.7123095846587
2020-06-27,2020,6,LATO,22.337066967817037,50.01393215744693,15410.51215008078,1856.6783164739004
2020-06-27,2020,6,LATO,22.399949037705397,50.01393215744693,13426.257215633463,1856.6783478800266
2020-06-27,2020,6,LATO,22.46283110759377,50.01393215744693,12797.219877605483,1863.5159409193714
2020-06-27,2020,6,LATO,22.52571317748213,50.01393215744693,13711.204960252908,1873.1121852335964
2020-06-27,2020,6,LATO,22.588595247370506,50.01393215744693,15904.384216903703,1873.112181200971
2020-06-27,2020,6,LATO,22.46283110759377,50.07681422733529,19789.111941992756,1866.9596991750868
2020-06-27,2020,6,LATO,22.52571317748213,50.07681422733529,20391.3127076881,1873.1121858675124
2020-06-27,2020,6,LATO,22.588595247370506,50.07681422733529,21924.25800871821,1873.1121797426104
2020-06-28,2020,6,LATO,22.588595247370506,50.017433932946375,16219.068898947891,1848.1942178438958
2020-06-28,2020,6,LATO,22.651477317258866,50.017433932946375,19202.26311576868,1848.1941891086867
2020-06-28,2020,6,LATO,22.714359387147226,50.017433932946375,22696.183105903077,1853.7648130468365
2020-06-28,2020,6,LATO,22.46283110759377,50.08031600283475,20178.530303468786,1855.1445416144882
2020-06-28,2020,6,LATO,22.52571317748213,50.08031600283475,20769.400725010888,1853.1545871489545
2020-06-28,2020,6,LATO,22.588595247370506,50.08031600283475,22276.237062725868,1847.9387238009165
2020-06-28,2020,6,LATO,22.651477317258866,50.08031600283475,24530.825063316166,1840.6743726320212
2020-07-19,2020,7,LATO,22.15542430915083,49.89166979316964,21673.66463551955,1864.1246908476971
2020-07-19,2020,7,LATO,22.34407051881594,49.89166979316964,8144.413309122736,1857.8817283164865
2020-07-19,2020,7,LATO,22.4069525887043,49.89166979316964,3676.120132065583,1857.8817066389645
2020-07-19,2020,7,LATO,22.469834658592674,49.89166979316964,1234.3332592430152,1847.2999687235047
2020-07-19,2020,7,LATO,22.532716728481034,49.89166979316964,5510.047998282455,1845.507932257304
2020-07-19,2020,7,LATO,22.59559879836941,49.89166979316964,10001.249720505602,1845.5079273175966
2020-07-19,2020,7,LATO,22.15542430915083,49.954551863058015,22510.8792662599,1867.1629150459503
2020-07-19,2020,7,LATO,22.218306379039205,49.954551863058015,18211.76257979477,1867.133681847929
2020-07-19,2020,7,LATO,22.281188448927566,49.954551863058015,14048.878285394561,1850.1472111021333
2020-07-19,2020,7,LATO,22.34407051881594,49.954551863058015,10190.576603239142,1857.4399570273854
2020-07-19,2020,7,LATO,22.4069525887043,49.954551863058015,7148.356855025623,1858.0322083166864
2020-07-19,2020,7,LATO,22.469834658592674,49.954551863058015,6254.948067902238,1863.1729745064868
2020-07-19,2020,7,LATO,22.532716728481034,49.954551863058015,8241.591098191455,1857.0187150660888
2020-07-19,2020,7,LATO,22.34407051881594,50.017433932946375,15466.293793761843,1862.5628920524425
2020-07-19,2020,7,LATO,22.4069525887043,50.017433932946375,13657.461448845475,1862.562877796475
2020-07-20,2020,7,LATO,22.59209702286995,49.89166979316964,9750.489178739446,1870.9979229912333
2020-07-20,2020,7,LATO,22.654979092758325,49.89166979316964,14257.98322691555,1870.9979392584403
2020-07-20,2020,7,LATO,22.717861162646685,49.89166979316964,18770.59735346509,1870.3625041307578
2020-07-20,2020,7,LATO,22.52921495298159,49.954551863058015,8077.620080747443,1868.1261324993932
2020-07-20,2020,7,LATO,22.59209702286995,49.954551863058015,11513.081374454347,1868.986504211941
2020-07-20,2020,7,LATO,22.654979092758325,49.954551863058015,15512.201386264802,1870.6092024987806
2020-07-20,2020,7,LATO,22.717861162646685,49.954551863058015,19735.24481785987,1870.0602861786028
2020-07-20,2020,7,LATO,22.780743232535045,49.954551863058015,24064.60916645256,1870.0523785478138
2020-07-20,2020,7,LATO,22.654979092758325,50.017433932946375,19385.77741856333,1868.188789681453
2020-07-20,2020,7,LATO,22.717861162646685,50.017433932946375,22901.219575545034,1867.7106200738622
2020-07-20,2020,7,LATO,22.59209702286995,50.08031600283475,22383.883199038224,1860.278914142469
2020-07-20,2020,7,LATO,22.654979092758325,50.08031600283475,24674.55335184584,1864.1460991678352
2020-07-28,2020,7,LATO,22.52921495298159,49.69952180800509,22784.411337093177,1843.2348616439447
2020-07-28,2020,7,LATO,22.59209702286995,49.69952180800509,24223.688294239473,1843.2348753682268
2020-07-28,2020,7,LATO,22.466332883093216,49.76240387789346,15202.206883558265,1839.5540644236858
2020-07-28,2020,7,LATO,22.52921495298159,49.76240387789346,16054.322721754423,1839.5540774649269
2020-07-28,2020,7,LATO,22.59209702286995,49.76240387789346,18036.396898334293,1839.5540699060205
2020-07-28,2020,7,LATO,22.654979092758325,49.76240387789346,20828.303217884408,1847.738309179596
2020-07-28,2020,7,LATO,22.717861162646685,49.76240387789346,24150.798456227407,1851.233768256946
2020-08-06,2020,8,LATO,22.34407051881594,49.703023583504546,23255.137262703734,1846.3335662705647
2020-08-06,2020,8,LATO,22.4069525887043,49.703023583504546,22085.707102393648,1845.8106436872133
2020-08-06,2020,8,LATO,22.469834658592674,49.703023583504546,21811.500894878358,1846.0135126075302
2020-08-06,2020,8,LATO,22.532716728481034,49.703023583504546,22465.3225243492,1851.9317280363834
2020-08-06,2020,8,LATO,22.59559879836941,49.703023583504546,23971.357135078226,1847.1686621218028
2020-08-06,2020,8,LATO,22.218306379039205,49.765905653392906,22660.981171845084,1853.4694227786936
2020-08-06,2020,8,LATO,22.281188448927566,49.765905653392906,19460.18928820575,1862.60916833331
2020-08-06,2020,8,LATO,22.34407051881594,49.765905653392906,16876.349965413232,1853.8755774996107
2020-08-06,2020,8,LATO,22.4069525887043,49.765905653392906,15226.84159524863,1852.954519672569
2020-08-06,2020,8,LATO,22.469834658592674,49.765905653392906,14826.846263880092,1861.115690545262
2020-08-06,2020,8,LATO,22.532716728481034,49.765905653392906,15771.718948820126,1852.0846653025985
2020-08-06,2020,8,LATO,22.59559879836941,49.765905653392906,17849.1479538247,1850.9713537408331
2020-08-06,2020,8,LATO,22.65848086825777,49.765905653392906,20721.25408852988,1857.9758141946172
2020-08-06,2020,8,LATO,22.721362938146143,49.765905653392906,24105.641550652217,1855.7341308593502
2020-08-06,2020,8,LATO,22.15542430915083,49.82878772328128,23034.617265911897,1852.657518484248
2020-08-06,2020,8,LATO,22.218306379039205,49.82878772328128,18843.212638873254,1867.8213780819672
2020-08-06,2020,8,LATO,22.281188448927566,49.82878772328128,14846.545618054737,1866.971900465297
2020-08-06,2020,8,LATO,22.34407051881594,49.82878772328128,11254.042585435333,1864.9621746112273
2020-08-06,2020,8,LATO,22.4069525887043,49.82878772328128,8588.79621870295,1855.1834260690325
2020-08-06,2020,8,LATO,22.469834658592674,49.82878772328128,7858.857339596868,1858.1246532385603
2020-08-06,2020,8,LATO,22.532716728481034,49.82878772328128,9520.294167600396,1862.1424284400482
2020-08-06,2020,8,LATO,22.59559879836941,49.82878772328128,12664.545823118542,1863.163112107836
2020-08-06,2020,8,LATO,22.65848086825777,49.82878772328128,16462.861357514073,1860.444033521786
2020-08-06,2020,8,LATO,22.721362938146143,49.82878772328128,20555.805582780067,1868.7534857319051
2020-08-06,2020,8,LATO,22.784245008034503,49.82878772328128,24797.915498238333,1885.4973607732816
2020-08-06,2020,8,LATO,22.15542430915083,49.89166979316964,21673.66463551955,1858.4882939630324
2020-08-06,2020,8,LATO,22.218306379039205,49.89166979316964,17159.501401782156,1848.6428246574649
2020-08-06,2020,8,LATO,22.281188448927566,49.89166979316964,12648.176412927016,1850.490359871734
2020-08-06,2020,8,LATO,22.34407051881594,49.89166979316964,8144.413309122736,1863.5257052658817
2020-08-06,2020,8,LATO,22.4069525887043,49.89166979316964,3676.120132065583,1857.431479929786
2020-08-06,2020,8,LATO,22.469834658592674,49.89166979316964,1234.3332592430152,1856.8248866308227
2020-08-06,2020,8,LATO,22.532716728481034,49.89166979316964,5510.047998282455,1874.4164005620084
2020-08-06,2020,8,LATO,22.59559879836941,49.89166979316964,10001.249720505602,1874.6135532278827
2020-08-06,2020,8,LATO,22.65848086825777,49.89166979316964,14509.191178276815,1871.3175358927858
2020-08-06,2020,8,LATO,22.721362938146143,49.89166979316964,19021.972796300142,1888.042670889822
2020-08-06,2020,8,LATO,22.784245008034503,49.89166979316964,23536.808419606954,1888.1865129595317
2020-08-06,2020,8,LATO,22.15542430915083,49.954551863058015,22510.8792662599,1863.7798102063769
2020-08-06,2020,8,LATO,22.218306379039205,49.954551863058015,18211.76257979477,1846.624017111003
2020-08-06,2020,8,LATO,22.281188448927566,49.954551863058015,14048.878285394561,1850.7559989461913
2020-08-06,2020,8,LATO,22.34407051881594,49.954551863058015,10190.576603239142,1868.4756951546703
2020-08-06,2020,8,LATO,22.4069525887043,49.954551863058015,7148.356855025623,1871.6347767495604
2020-08-06,2020,8,LATO,22.469834658592674,49.954551863058015,6254.948067902238,1866.3936454506534
2020-08-06,2020,8,LATO,22.532716728481034,49.954551863058015,8241.591098191455,1878.2942303314358
2020-08-06,2020,8,LATO,22.59559879836941,49.954551863058015,11725.935301088623,1878.0033956605914
2020-08-06,2020,8,LATO,22.65848086825777,49.954551863058015,15743.110891885131,1878.6055463527962
2020-08-06,2020,8,LATO,22.721362938146143,49.954551863058015,19974.174910830076,1890.235658637839
2020-08-06,2020,8,LATO,22.784245008034503,49.954551863058015,24307.690331532653,1889.394425706834
2020-08-06,2020,8,LATO,22.218306379039205,50.017433932946375,21603.925642499682,1873.0388985772393
2020-08-06,2020,8,LATO,22.281188448927566,50.017433932946375,18237.52611427792,1889.7132568360066
2020-08-06,2020,8,LATO,22.34407051881594,50.017433932946375,15466.293793761843,1884.0986636977213
2020-08-06,2020,8,LATO,22.4069525887043,50.017433932946375,13657.461448845475,1863.354589980519
2020-08-06,2020,8,LATO,22.469834658592674,50.017433932946375,13212.389441694519,1885.2965711911042
2020-08-06,2020,8,LATO,22.532716728481034,50.017433932946375,14259.351764241463,1883.6246204077065
2020-08-06,2020,8,LATO,22.59559879836941,50.017433932946375,16517.022631493433,1881.0044316986468
2020-08-06,2020,8,LATO,22.65848086825777,50.017433932946375,19570.797270048133,1883.5713445882193
2020-08-06,2020,8,LATO,22.721362938146143,50.017433932946375,23107.169243358545,1885.4275569981028
2020-08-06,2020,8,LATO,22.281188448927566,50.08031600283475,23784.217944379117,1876.8261244473297
2020-08-06,2020,8,LATO,22.34407051881594,50.08031600283475,21734.993638187294,1881.6870075959864
2020-08-06,2020,8,LATO,22.4069525887043,50.08031600283475,20488.99113317238,1869.8332152390676
2020-08-06,2020,8,LATO,22.469834658592674,50.08031600283475,20195.42885761202,1876.3540621691573
2020-08-06,2020,8,LATO,22.532716728481034,50.08031600283475,20894.489209014744,1881.40272831664
2020-08-06,2020,8,LATO,22.59559879836941,50.08031600283475,22493.81768028525,1874.0886978772387
2020-08-06,2020,8,LATO,22.65848086825777,50.08031600283475,24819.99003576218,1879.7760997460202
2020-08-07,2020,8,LATO,22.218306379039205,49.765905653392906,22660.981171845084,1877.6201096164302
2020-08-07,2020,8,LATO,22.59559879836941,49.765905653392906,17849.1479538247,1888.1698141897637
2020-08-07,2020,8,LATO,22.65848086825777,49.765905653392906,20721.25408852988,1883.6216752695348
2020-08-07,2020,8,LATO,22.721362938146143,49.765905653392906,24105.641550652217,1880.4695771078927
2020-08-07,2020,8,LATO,22.15542430915083,49.82878772328128,23034.617265911897,1868.0183799495774
2020-08-07,2020,8,LATO,22.218306379039205,49.82878772328128,18843.212638873254,1877.6201189158955
2020-08-07,2020,8,LATO,22.281188448927566,49.82878772328128,14846.545618054737,1877.0338226442875
2020-08-07,2020,8,LATO,22.34407051881594,49.82878772328128,11254.042585435333,1877.0338646137525
2020-08-07,2020,8,LATO,22.59559879836941,49.82878772328128,12664.545823118542,1888.4757491831276
2020-08-07,2020,8,LATO,22.65848086825777,49.82878772328128,16462.861357514073,1887.1857069803548
2020-08-07,2020,8,LATO,22.721362938146143,49.82878772328128,20555.805582780067,1883.6761257992855
2020-08-07,2020,8,LATO,22.784245008034503,49.82878772328128,24797.915498238333,1883.1803823258713
2020-08-07,2020,8,LATO,22.15542430915083,49.89166979316964,21673.66463551955,1862.0660964460017
2020-08-07,2020,8,LATO,22.218306379039205,49.89166979316964,17159.501401782156,1867.1949107391695
2020-08-07,2020,8,LATO,22.281188448927566,49.89166979316964,12648.176412927016,1871.6507365277607
2020-08-07,2020,8,LATO,22.34407051881594,49.89166979316964,8144.413309122736,1874.828375371396
2020-08-07,2020,8,LATO,22.4069525887043,49.89166979316964,3676.120132065583,1877.0338086629422
2020-08-07,2020,8,LATO,22.469834658592674,49.89166979316964,1234.3332592430152,1877.0337944717141
2020-08-07,2020,8,LATO,22.532716728481034,49.89166979316964,5510.047998282455,1891.2906967650533
2020-08-07,2020,8,LATO,22.59559879836941,49.89166979316964,10001.249720505602,1890.6344732156037
2020-08-07,2020,8,LATO,22.65848086825777,49.89166979316964,14509.191178276815,1889.4064941405552
2020-08-07,2020,8,LATO,22.721362938146143,49.89166979316964,19021.972796300142,1888.6085902721625
2020-08-07,2020,8,LATO,22.784245008034503,49.89166979316964,23536.808419606954,1888.192189871103
2020-08-07,2020,8,LATO,22.218306379039205,49.954551863058015,18211.76257979477,1871.3693926368453
2020-08-07,2020,8,LATO,22.281188448927566,49.954551863058015,14048.878285394561,1870.4022646876317
2020-08-07,2020,8,LATO,22.34407051881594,49.954551863058015,10190.576603239142,1870.0868483166464
2020-08-07,2020,8,LATO,22.4069525887043,49.954551863058015,7148.356855025623,1874.2359492622431
2020-08-07,2020,8,LATO,22.469834658592674,49.954551863058015,6254.948067902238,1877.329469929945
2020-08-07,2020,8,LATO,22.532716728481034,49.954551863058015,8241.591098191455,1888.7911215146119
2020-08-07,2020,8,LATO,22.59559879836941,49.954551863058015,11725.935301088623,1890.7586351966963
2020-08-07,2020,8,LATO,22.65848086825777,49.954551863058015,15743.110891885131,1890.8177705852706
2020-08-07,2020,8,LATO,22.721362938146143,49.954551863058015,19974.174910830076,1889.4127826654992
2020-08-07,2020,8,LATO,22.784245008034503,49.954551863058015,24307.690331532653,1889.2886640146282
2020-08-07,2020,8,LATO,22.218306379039205,50.017433932946375,21603.925642499682,1874.509412818557
2020-08-07,2020,8,LATO,22.281188448927566,50.017433932946375,18237.52611427792,1874.8230724852203
2020-08-07,2020,8,LATO,22.34407051881594,50.017433932946375,15466.293793761843,1872.614580289326
2020-08-07,2020,8,LATO,22.4069525887043,50.017433932946375,13657.461448845475,1877.1253392970996
2020-08-07,2020,8,LATO,22.469834658592674,50.017433932946375,13212.389441694519,1887.299259104569
2020-08-07,2020,8,LATO,22.532716728481034,50.017433932946375,14259.351764241463,1889.6442702673028
2020-08-07,2020,8,LATO,22.59559879836941,50.017433932946375,16517.022631493433,1888.5543919960885
2020-08-07,2020,8,LATO,22.65848086825777,50.017433932946375,19570.797270048133,1886.843683216688
2020-08-07,2020,8,LATO,22.721362938146143,50.017433932946375,23107.169243358545,1891.3290355581214
2020-08-07,2020,8,LATO,22.281188448927566,50.08031600283475,23784.217944379117,1861.5369186556118
2020-08-07,2020,8,LATO,22.34407051881594,50.08031600283475,21734.993638187294,1867.3438123089184
2020-08-07,2020,8,LATO,22.4069525887043,50.08031600283475,20488.99113317238,1868.3904737647354
2020-08-07,2020,8,LATO,22.469834658592674,50.08031600283475,20195.42885761202,1870.2789702652424
2020-08-07,2020,8,LATO,22.532716728481034,50.08031600283475,20894.489209014744,1883.11411040017
2020-08-07,2020,8,LATO,22.59559879836941,50.08031600283475,22493.81768028525,1884.06823306948
2020-08-07,2020,8,LATO,22.65848086825777,50.08031600283475,24819.99003576218,1854.705490476994
2020-08-10,2020,8,LATO,22.281188448927566,49.954551863058015,14048.878285394561,1843.1986172791123
2020-08-10,2020,8,LATO,22.34407051881594,49.954551863058015,10190.576603239142,1843.1985752938617
2020-08-10,2020,8,LATO,22.281188448927566,50.017433932946375,18237.52611427792,1843.1986269678787
2020-08-10,2020,8,LATO,22.34407051881594,50.017433932946375,15466.293793761843,1843.198601159409
2020-08-13,2020,8,LATO,22.218306379039205,49.76240387789346,22917.674111146174,1850.6292162419634
2020-08-13,2020,8,LATO,22.281188448927566,49.76240387789346,19758.26363322222,1849.8008713900665
2020-08-13,2020,8,LATO,22.34407051881594,49.76240387789346,17219.01409544969,1849.3001586448272
2020-08-13,2020,8,LATO,22.15542430915083,49.82528594778182,23170.192407185114,1836.7087362211555
2020-08-13,2020,8,LATO,22.218306379039205,49.82528594778182,19008.37222621388,1852.7715283115524
2020-08-13,2020,8,LATO,22.281188448927566,49.82528594778182,15055.289865737017,1853.6252359051873
2020-08-13,2020,8,LATO,22.34407051881594,49.82528594778182,11527.729664371389,1854.565590726134
2020-08-13,2020,8,LATO,22.15542430915083,49.888168017670196,21692.4793474479,1838.8745389952346
2020-08-13,2020,8,LATO,22.218306379039205,49.888168017670196,17182.890490330894,1838.8745117186784
2020-08-13,2020,8,LATO,22.281188448927566,49.888168017670196,12679.5060528994,1838.8745092752786
2020-08-13,2020,8,LATO,22.34407051881594,49.888168017670196,8192.569773676416,1838.8769816370416
2020-08-13,2020,8,LATO,22.15542430915083,49.951050087558556,22407.747151401403,1848.3188786503513
2020-08-13,2020,8,LATO,22.218306379039205,49.951050087558556,18083.778603949715,1847.5549027756385
2020-08-13,2020,8,LATO,22.281188448927566,49.951050087558556,13882.218574993138,1846.7813001101324
2020-08-13,2020,8,LATO,22.218306379039205,50.01393215744693,21369.035090490735,1865.3092057974231
2020-08-13,2020,8,LATO,22.281188448927566,50.01393215744693,17958.38692550476,1865.3091971024478
2020-08-14,2020,8,LATO,22.34407051881594,49.69952180800509,23620.59833694739,1842.9860949642157
2020-08-14,2020,8,LATO,22.4069525887043,49.69952180800509,22470.111308591022,1843.1478271483732
2020-08-14,2020,8,LATO,22.469834658592674,49.69952180800509,22200.633987480778,1843.1925954092733
2020-08-14,2020,8,LATO,22.532716728481034,49.69952180800509,22843.366136554745,1844.9095353592584
2020-08-14,2020,8,LATO,22.59559879836941,49.69952180800509,24326.11047779367,1844.8017451156059
2020-08-14,2020,8,LATO,22.34407051881594,49.76240387789346,17219.01409544969,1849.7476675623798
2020-08-14,2020,8,LATO,22.4069525887043,49.76240387789346,15605.644834167053,1846.7156475961172
2020-08-14,2020,8,LATO,22.469834658592674,49.76240387789346,15215.582461313063,1852.8934831781828
2020-08-14,2020,8,LATO,22.532716728481034,49.76240387789346,16137.774964274748,1853.0732816805755
2020-08-14,2020,8,LATO,22.59559879836941,49.76240387789346,18173.545937952676,1856.3600615249882
2020-08-14,2020,8,LATO,22.65848086825777,49.76240387789346,21001.524527867983,1858.4743502484473
2020-08-14,2020,8,LATO,22.721362938146143,49.76240387789346,24347.208013343,1874.010905507305
2020-08-14,2020,8,LATO,22.218306379039205,49.82528594778182,19008.37222621388,1867.9262637867896
2020-08-14,2020,8,LATO,22.281188448927566,49.82528594778182,15055.289865737017,1865.8389047456433
2020-08-14,2020,8,LATO,22.34407051881594,49.82528594778182,11527.729664371389,1852.6033775715669
2020-08-14,2020,8,LATO,22.4069525887043,49.82528594778182,8944.198615953264,1851.9901709563
2020-08-14,2020,8,LATO,22.469834658592674,49.82528594778182,8245.72867546027,1854.9777585725537
2020-08-14,2020,8,LATO,22.532716728481034,49.82528594778182,9842.178831541656,1856.4603508928215
2020-08-14,2020,8,LATO,22.59559879836941,49.82528594778182,12908.455700405992,1851.7877197265223
2020-08-14,2020,8,LATO,22.65848086825777,49.82528594778182,16651.465134353297,1861.385058230558
2020-08-14,2020,8,LATO,22.721362938146143,49.82528594778182,20707.427795604613,1877.0675760588645
2020-08-14,2020,8,LATO,22.15542430915083,49.888168017670196,21692.4793474479,1863.3069254601091
2020-08-14,2020,8,LATO,22.218306379039205,49.888168017670196,17182.890490330894,1848.859887488005
2020-08-14,2020,8,LATO,22.281188448927566,49.888168017670196,12679.5060528994,1846.7643860424025
2020-08-14,2020,8,LATO,22.34407051881594,49.888168017670196,8192.569773676416,1844.2351860248764
2020-08-14,2020,8,LATO,22.4069525887043,49.888168017670196,3781.1069142950564,1868.0535407937896
2020-08-14,2020,8,LATO,22.469834658592674,49.888168017670196,1518.428519452143,1868.7579494483373
2020-08-14,2020,8,LATO,22.532716728481034,49.888168017670196,5580.748851021591,1875.9034202643984
2020-08-14,2020,8,LATO,22.59559879836941,49.888168017670196,10040.625739657073,1875.0250998561623
2020-08-14,2020,8,LATO,22.65848086825777,49.888168017670196,14536.636226576622,1891.3243969677912
2020-08-14,2020,8,LATO,22.721362938146143,49.888168017670196,19043.202521501644,1891.109878184572
2020-08-14,2020,8,LATO,22.784245008034503,49.888168017670196,23554.26430713341,1890.6626562005695
2020-08-14,2020,8,LATO,22.15542430915083,49.951050087558556,22407.747151401403,1861.723332668023
2020-08-14,2020,8,LATO,22.218306379039205,49.951050087558556,18083.778603949715,1841.7874734697014
2020-08-14,2020,8,LATO,22.281188448927566,49.951050087558556,13882.218574993138,1854.278423473386
2020-08-14,2020,8,LATO,22.34407051881594,49.951050087558556,9959.22054435593,1854.142178598371
2020-08-14,2020,8,LATO,22.4069525887043,49.951050087558556,6814.205118417799,1878.5343418548755
2020-08-14,2020,8,LATO,22.469834658592674,49.951050087558556,5870.08436150904,1877.4420315521713
2020-08-14,2020,8,LATO,22.532716728481034,49.951050087558556,7953.579955612904,1878.14365515973
2020-08-14,2020,8,LATO,22.59559879836941,49.951050087558556,11525.546621918342,1878.9035065968178
2020-08-14,2020,8,LATO,22.65848086825777,49.951050087558556,15594.685428118373,1893.389171073626
2020-08-14,2020,8,LATO,22.721362938146143,49.951050087558556,19857.675995479847,1893.389162719277
2020-08-14,2020,8,LATO,22.218306379039205,50.01393215744693,21369.035090490735,1866.9688296257063
2020-08-14,2020,8,LATO,22.281188448927566,50.01393215744693,17958.38692550476,1874.975419627579
2020-08-14,2020,8,LATO,22.34407051881594,50.01393215744693,15135.90926618548,1873.6068939141876
2020-08-14,2020,8,LATO,22.4069525887043,50.01393215744693,13282.01515752109,1881.5898991970532
2020-08-14,2020,8,LATO,22.469834658592674,50.01393215744693,12823.885492817533,1882.2552996988445
2020-08-14,2020,8,LATO,22.281188448927566,50.07681422733529,23454.987431866073,1877.4697490250837
2020-08-14,2020,8,LATO,22.34407051881594,50.07681422733529,21374.062898508386,1878.1885275692603
2020-08-14,2020,8,LATO,22.4069525887043,50.07681422733529,20105.609736342074,1877.659053879218
2020-08-14,2020,8,LATO,22.469834658592674,50.07681422733529,19806.343999861874,1877.659066829387
2020-08-16,2020,8,LATO,22.34407051881594,49.703023583504546,23255.137262703734,1834.7209723057538
2020-08-16,2020,8,LATO,22.4069525887043,49.703023583504546,22085.707102393648,1830.1517714050126
2020-08-16,2020,8,LATO,22.469834658592674,49.703023583504546,21811.500894878358,1852.952930652016
2020-08-16,2020,8,LATO,22.532716728481034,49.703023583504546,22465.3225243492,1858.6857790700021
2020-08-16,2020,8,LATO,22.59559879836941,49.703023583504546,23971.357135078226,1858.7407329497632
2020-08-16,2020,8,LATO,22.281188448927566,49.765905653392906,19460.18928820575,1865.9354248047314
2020-08-16,2020,8,LATO,22.34407051881594,49.765905653392906,16876.349965413232,1863.4168874821269
2020-08-16,2020,8,LATO,22.4069525887043,49.765905653392906,15226.84159524863,1858.359387329687
2020-08-16,2020,8,LATO,22.469834658592674,49.765905653392906,14826.846263880092,1863.317938980447
2020-08-16,2020,8,LATO,22.532716728481034,49.765905653392906,15771.718948820126,1856.0875017120222
2020-08-16,2020,8,LATO,22.59559879836941,49.765905653392906,17849.1479538247,1853.2006910710995
2020-08-16,2020,8,LATO,22.65848086825777,49.765905653392906,20721.25408852988,1853.8574196841162
2020-08-16,2020,8,LATO,22.721362938146143,49.765905653392906,24105.641550652217,1859.6086466512477
2020-08-16,2020,8,LATO,22.218306379039205,49.82878772328128,18843.212638873254,1880.2386636391957
2020-08-16,2020,8,LATO,22.281188448927566,49.82878772328128,14846.545618054737,1876.8522457495126
2020-08-16,2020,8,LATO,22.34407051881594,49.82878772328128,11254.042585435333,1872.441927101157
2020-08-16,2020,8,LATO,22.4069525887043,49.82878772328128,8588.79621870295,1863.3179931640218
2020-08-16,2020,8,LATO,22.469834658592674,49.82878772328128,7858.857339596868,1863.3179888970224
2020-08-16,2020,8,LATO,22.65848086825777,49.82878772328128,16462.861357514073,1855.630297283412
2020-08-16,2020,8,LATO,22.721362938146143,49.82878772328128,20555.805582780067,1856.8012766761938
2020-08-16,2020,8,LATO,22.784245008034503,49.82878772328128,24797.915498238333,1856.8012637431002
2020-08-16,2020,8,LATO,22.218306379039205,49.89166979316964,17159.501401782156,1863.2927007037285
2020-08-16,2020,8,LATO,22.281188448927566,49.89166979316964,12648.176412927016,1867.6392424495114
2020-08-16,2020,8,LATO,22.34407051881594,49.89166979316964,8144.413309122736,1868.596154454833
2020-08-16,2020,8,LATO,22.4069525887043,49.89166979316964,3676.120132065583,1861.9612163674926
2020-08-16,2020,8,LATO,22.469834658592674,49.89166979316964,1234.3332592430152,1857.6905207166853
2020-08-16,2020,8,LATO,22.59559879836941,49.89166979316964,10001.249720505602,1883.1570812334485
2020-08-16,2020,8,LATO,22.65848086825777,49.89166979316964,14509.191178276815,1877.9651265941513
2020-08-16,2020,8,LATO,22.721362938146143,49.89166979316964,19021.972796300142,1877.6822706878606
2020-08-16,2020,8,LATO,22.15542430915083,49.954551863058015,22510.8792662599,1861.1535767735666
2020-08-16,2020,8,LATO,22.218306379039205,49.954551863058015,18211.76257979477,1861.299750932848
2020-08-16,2020,8,LATO,22.281188448927566,49.954551863058015,14048.878285394561,1863.870437067456
2020-08-16,2020,8,LATO,22.34407051881594,49.954551863058015,10190.576603239142,1873.0581565930383
2020-08-16,2020,8,LATO,22.4069525887043,49.954551863058015,7148.356855025623,1869.7000418866496
2020-08-16,2020,8,LATO,22.469834658592674,49.954551863058015,6254.948067902238,1869.2842851669257
2020-08-16,2020,8,LATO,22.59559879836941,49.954551863058015,11725.935301088623,1882.3588093772412
2020-08-16,2020,8,LATO,22.65848086825777,49.954551863058015,15743.110891885131,1883.0200574650175
2020-08-16,2020,8,LATO,22.721362938146143,49.954551863058015,19974.174910830076,1877.6822981648463
2020-08-16,2020,8,LATO,22.218306379039205,50.017433932946375,21603.925642499682,1872.107339102158
2020-08-16,2020,8,LATO,22.281188448927566,50.017433932946375,18237.52611427792,1887.749528179483
2020-08-16,2020,8,LATO,22.34407051881594,50.017433932946375,15466.293793761843,1886.984615174926
2020-08-16,2020,8,LATO,22.4069525887043,50.017433932946375,13657.461448845475,1881.3509110572552
2020-08-16,2020,8,LATO,22.532716728481034,50.017433932946375,14259.351764241463,1881.3157961173774
2020-08-16,2020,8,LATO,22.59559879836941,50.017433932946375,16517.022631493433,1881.0872274151452
2020-08-16,2020,8,LATO,22.65848086825777,50.017433932946375,19570.797270048133,1877.0032076025745
2020-08-16,2020,8,LATO,22.281188448927566,50.08031600283475,23784.217944379117,1877.588195083405
2020-08-16,2020,8,LATO,22.34407051881594,50.08031600283475,21734.993638187294,1878.603199038699
2020-08-16,2020,8,LATO,22.4069525887043,50.08031600283475,20488.99113317238,1866.4116448306588
2020-08-16,2020,8,LATO,22.469834658592674,50.08031600283475,20195.42885761202,1866.4577126428335
2020-08-16,2020,8,LATO,22.532716728481034,50.08031600283475,20894.489209014744,1855.8779328561693
2020-08-16,2020,8,LATO,22.59559879836941,50.08031600283475,22493.81768028525,1855.877951215335
2020-08-16,2020,8,LATO,22.65848086825777,50.08031600283475,24819.99003576218,1855.324937021709
2020-08-22,2020,8,LATO,22.34407051881594,49.703023583504546,23255.137262703734,1829.4340553888405
2020-08-22,2020,8,LATO,22.469834658592674,49.765905653392906,14826.846263880092,1804.333123403982
2020-08-22,2020,8,LATO,22.532716728481034,49.765905653392906,15771.718948820126,1804.333142492021
2020-08-22,2020,8,LATO,22.59559879836941,49.765905653392906,17849.1479538247,1804.333127661199
2020-08-22,2020,8,LATO,22.469834658592674,49.82878772328128,7858.857339596868,1804.3331036108193
2020-08-22,2020,8,LATO,22.532716728481034,49.82878772328128,9520.294167600396,1804.3331267133547
2020-08-22,2020,8,LATO,22.59559879836941,49.82878772328128,12664.545823118542,1804.3331280793223
2020-08-22,2020,8,LATO,22.65848086825777,49.82878772328128,16462.861357514073,1856.2722148551459
2020-08-22,2020,8,LATO,22.784245008034503,49.82878772328128,24797.915498238333,1874.219030629429
2020-08-22,2020,8,LATO,22.65848086825777,49.89166979316964,14509.191178276815,1856.2722275702347
2020-08-22,2020,8,LATO,22.721362938146143,49.89166979316964,19021.972796300142,1864.958444753546
2020-08-22,2020,8,LATO,22.784245008034503,49.89166979316964,23536.808419606954,1877.8495159391944
2020-08-22,2020,8,LATO,22.15542430915083,49.954551863058015,22510.8792662599,1835.0162229566752
2020-08-22,2020,8,LATO,22.218306379039205,49.954551863058015,18211.76257979477,1863.867811373144
2020-08-22,2020,8,LATO,22.721362938146143,49.954551863058015,19974.174910830076,1879.4158229849147
2020-08-22,2020,8,LATO,22.784245008034503,49.954551863058015,24307.690331532653,1878.9529523403096
2020-08-22,2020,8,LATO,22.218306379039205,50.017433932946375,21603.925642499682,1862.4992225102312
2020-08-22,2020,8,LATO,22.281188448927566,50.017433932946375,18237.52611427792,1864.4945180852076
2020-08-22,2020,8,LATO,22.34407051881594,50.017433932946375,15466.293793761843,1865.7346220586687
2020-08-22,2020,8,LATO,22.4069525887043,50.017433932946375,13657.461448845475,1865.7346348738113
2020-08-22,2020,8,LATO,22.469834658592674,50.017433932946375,13212.389441694519,1865.7345820817227
2020-08-22,2020,8,LATO,22.65848086825777,50.017433932946375,19570.797270048133,1871.5023720251506
2020-08-22,2020,8,LATO,22.721362938146143,50.017433932946375,23107.169243358545,1870.8482865878532
2020-08-22,2020,8,LATO,22.281188448927566,50.08031600283475,23784.217944379117,1857.8974903541314
2020-08-22,2020,8,LATO,22.34407051881594,50.08031600283475,21734.993638187294,1867.5517562890568
2020-08-22,2020,8,LATO,22.4069525887043,50.08031600283475,20488.99113317238,1866.2752399975982
2020-08-22,2020,8,LATO,22.469834658592674,50.08031600283475,20195.42885761202,1859.6526240300648
2020-08-22,2020,8,LATO,22.532716728481034,50.08031600283475,20894.489209014744,1864.5572498911406
2020-08-22,2020,8,LATO,22.59559879836941,50.08031600283475,22493.81768028525,1864.5572510740374
2020-08-22,2020,8,LATO,22.65848086825777,50.08031600283475,24819.99003576218,1867.7133865104834
2020-08-28,2020,8,LATO,22.34407051881594,49.69952180800509,23620.59833694739,1825.2846539932218
2020-08-28,2020,8,LATO,22.218306379039205,49.76240387789346,22917.674111146174,1829.2814874325456
2020-08-28,2020,8,LATO,22.281188448927566,49.76240387789346,19758.26363322222,1830.2664450940074
2020-08-28,2020,8,LATO,22.34407051881594,49.76240387789346,17219.01409544969,1830.66849866484
2020-08-28,2020,8,LATO,22.15542430915083,49.82528594778182,23170.192407185114,1837.651318931963
2020-08-28,2020,8,LATO,22.218306379039205,49.82528594778182,19008.37222621388,1837.5300874739107
2020-08-28,2020,8,LATO,22.281188448927566,49.82528594778182,15055.289865737017,1837.412951086268
2020-08-28,2020,8,LATO,22.34407051881594,49.82528594778182,11527.729664371389,1837.4940577165128
2020-08-28,2020,8,LATO,22.15542430915083,49.888168017670196,21692.4793474479,1826.8959650285897
2020-08-28,2020,8,LATO,22.218306379039205,49.888168017670196,17182.890490330894,1826.5273437499288
2020-08-28,2020,8,LATO,22.281188448927566,49.888168017670196,12679.5060528994,1826.5273437500273
2020-08-28,2020,8,LATO,22.34407051881594,49.888168017670196,8192.569773676416,1845.6566676463397
2020-08-28,2020,8,LATO,22.4069525887043,49.888168017670196,3781.1069142950564,1848.6849382214969
2020-08-28,2020,8,LATO,22.469834658592674,49.888168017670196,1518.428519452143,1848.684935549395
2020-08-28,2020,8,LATO,22.532716728481034,49.888168017670196,5580.748851021591,1848.6849311993776
2020-08-28,2020,8,LATO,22.59559879836941,49.888168017670196,10040.625739657073,1848.6849416720675
2020-08-28,2020,8,LATO,22.15542430915083,49.951050087558556,22407.747151401403,1826.5273433874659
2020-08-28,2020,8,LATO,22.218306379039205,49.951050087558556,18083.778603949715,1826.5273068612273
2020-08-28,2020,8,LATO,22.281188448927566,49.951050087558556,13882.218574993138,1826.527336110151
2020-08-28,2020,8,LATO,22.34407051881594,49.951050087558556,9959.22054435593,1847.6304430153014
2020-08-28,2020,8,LATO,22.4069525887043,49.951050087558556,6814.205118417799,1848.684906666266
2020-08-30,2020,8,LATO,22.34407051881594,49.703023583504546,23255.137262703734,1818.0145144788835
2020-08-30,2020,8,LATO,22.4069525887043,49.703023583504546,22085.707102393648,1816.0328417312257
2020-08-30,2020,8,LATO,22.469834658592674,49.703023583504546,21811.500894878358,1816.5871028460972
2020-08-30,2020,8,LATO,22.532716728481034,49.703023583504546,22465.3225243492,1816.044311523504
2020-08-30,2020,8,LATO,22.59559879836941,49.703023583504546,23971.357135078226,1816.044311523374
2020-08-30,2020,8,LATO,22.218306379039205,49.765905653392906,22660.981171845084,1839.6718080591727
2020-08-30,2020,8,LATO,22.281188448927566,49.765905653392906,19460.18928820575,1852.3444447633792
2020-08-30,2020,8,LATO,22.34407051881594,49.765905653392906,16876.349965413232,1829.7819099556405
2020-08-30,2020,8,LATO,22.4069525887043,49.765905653392906,15226.84159524863,1829.2485852382217
2020-08-30,2020,8,LATO,22.469834658592674,49.765905653392906,14826.846263880092,1827.4320213574488
2020-08-30,2020,8,LATO,22.532716728481034,49.765905653392906,15771.718948820126,1826.5491133934424
2020-08-30,2020,8,LATO,22.59559879836941,49.765905653392906,17849.1479538247,1824.3966863433213
2020-08-30,2020,8,LATO,22.65848086825777,49.765905653392906,20721.25408852988,1835.1273977620835
2020-08-30,2020,8,LATO,22.721362938146143,49.765905653392906,24105.641550652217,1861.7065670094821
2020-08-30,2020,8,LATO,22.15542430915083,49.82878772328128,23034.617265911897,1839.1784325292128
2020-08-30,2020,8,LATO,22.218306379039205,49.82878772328128,18843.212638873254,1838.445333606343
2020-08-30,2020,8,LATO,22.281188448927566,49.82878772328128,14846.545618054737,1852.3444794981501
2020-08-30,2020,8,LATO,22.34407051881594,49.82878772328128,11254.042585435333,1849.1515793812725
2020-08-30,2020,8,LATO,22.4069525887043,49.82878772328128,8588.79621870295,1834.218356116282
2020-08-30,2020,8,LATO,22.469834658592674,49.82878772328128,7858.857339596868,1831.6415145761396
2020-08-30,2020,8,LATO,22.532716728481034,49.82878772328128,9520.294167600396,1830.9383088284735
2020-08-30,2020,8,LATO,22.59559879836941,49.82878772328128,12664.545823118542,1835.8090754739335
2020-08-30,2020,8,LATO,22.65848086825777,49.82878772328128,16462.861357514073,1838.9551578435592
2020-08-30,2020,8,LATO,22.721362938146143,49.82878772328128,20555.805582780067,1863.9938964843343
2020-08-30,2020,8,LATO,22.784245008034503,49.82878772328128,24797.915498238333,1863.9702825218799
2020-08-30,2020,8,LATO,22.15542430915083,49.89166979316964,21673.66463551955,1831.7051448801253
2020-08-30,2020,8,LATO,22.218306379039205,49.89166979316964,17159.501401782156,1823.965014195432
2020-08-30,2020,8,LATO,22.281188448927566,49.89166979316964,12648.176412927016,1823.0301560366386
2020-08-30,2020,8,LATO,22.34407051881594,49.89166979316964,8144.413309122736,1833.9936974046036
2020-08-30,2020,8,LATO,22.4069525887043,49.89166979316964,3676.120132065583,1828.9837658770116
2020-08-30,2020,8,LATO,22.469834658592674,49.89166979316964,1234.3332592430152,1844.255412965621
2020-08-30,2020,8,LATO,22.532716728481034,49.89166979316964,5510.047998282455,1846.2797983490884
2020-08-30,2020,8,LATO,22.59559879836941,49.89166979316964,10001.249720505602,1868.4084809787823
2020-08-30,2020,8,LATO,22.65848086825777,49.89166979316964,14509.191178276815,1866.1673220360076
2020-08-30,2020,8,LATO,22.721362938146143,49.89166979316964,19021.972796300142,1876.4964835437693
2020-08-30,2020,8,LATO,22.784245008034503,49.89166979316964,23536.808419606954,1872.692967859053
2020-08-30,2020,8,LATO,22.15542430915083,49.954551863058015,22510.8792662599,1841.4303326247618
2020-08-30,2020,8,LATO,22.218306379039205,49.954551863058015,18211.76257979477,1825.0766697811357
2020-08-30,2020,8,LATO,22.281188448927566,49.954551863058015,14048.878285394561,1829.1218869284353
2020-08-30,2020,8,LATO,22.34407051881594,49.954551863058015,10190.576603239142,1849.7165580725434
2020-08-30,2020,8,LATO,22.4069525887043,49.954551863058015,7148.356855025623,1856.9101404545536
2020-08-30,2020,8,LATO,22.469834658592674,49.954551863058015,6254.948067902238,1868.151489257881
2020-08-30,2020,8,LATO,22.532716728481034,49.954551863058015,8241.591098191455,1861.7699392220682
2020-08-30,2020,8,LATO,22.59559879836941,49.954551863058015,11725.935301088623,1860.7688602430353
2020-08-30,2020,8,LATO,22.65848086825777,49.954551863058015,15743.110891885131,1868.4053750602266
2020-08-30,2020,8,LATO,22.721362938146143,49.954551863058015,19974.174910830076,1878.2757533498082
2020-08-30,2020,8,LATO,22.784245008034503,49.954551863058015,24307.690331532653,1868.7126284189724
2020-08-30,2020,8,LATO,22.218306379039205,50.017433932946375,21603.925642499682,1854.1556396484373
2020-08-30,2020,8,LATO,22.281188448927566,50.017433932946375,18237.52611427792,1868.1236959354942
2020-08-30,2020,8,LATO,22.34407051881594,50.017433932946375,15466.293793761843,1866.4795712255705
2020-08-30,2020,8,LATO,22.4069525887043,50.017433932946375,13657.461448845475,1864.6406328309013
2020-08-30,2020,8,LATO,22.469834658592674,50.017433932946375,13212.389441694519,1864.793003089158
2020-08-30,2020,8,LATO,22.532716728481034,50.017433932946375,14259.351764241463,1856.1694763984806
2020-08-30,2020,8,LATO,22.59559879836941,50.017433932946375,16517.022631493433,1856.4668382948096
2020-08-30,2020,8,LATO,22.281188448927566,50.08031600283475,23784.217944379117,1853.804912667373
2020-08-30,2020,8,LATO,22.34407051881594,50.08031600283475,21734.993638187294,1856.2725750591292
2020-08-30,2020,8,LATO,22.4069525887043,50.08031600283475,20488.99113317238,1855.5011651847237
2020-08-30,2020,8,LATO,22.469834658592674,50.08031600283475,20195.42885761202,1857.645492045168
2020-08-30,2020,8,LATO,22.532716728481034,50.08031600283475,20894.489209014744,1848.7581787110053
2020-08-30,2020,8,LATO,22.59559879836941,50.08031600283475,22493.81768028525,1849.0284942764072
2021-01-28,2021,1,ZIMA,22.354575845314294,49.692518257006185,24112.090228048502,1848.7347073750104
2021-01-28,2021,1,ZIMA,22.417457915202657,49.692518257006185,23134.547378102303,1856.704830996523
2021-01-28,2021,1,ZIMA,22.22881170553756,49.755400326894545,22894.36986324161,1852.8072218829539
2021-01-28,2021,1,ZIMA,22.291693775425927,49.755400326894545,19903.314178415047,1840.1520642304943
2021-01-28,2021,1,ZIMA,22.354575845314294,49.755400326894545,17580.495625769614,1835.0789984930732
2021-01-28,2021,1,ZIMA,22.417457915202657,49.755400326894545,16215.66667820542,1840.2283501551615
2021-01-28,2021,1,ZIMA,22.165929635649192,49.818282396782934,22762.27075808762,1850.8665818237316
2021-01-28,2021,1,ZIMA,22.22881170553756,49.818282396782934,18691.89945697382,1854.4823325431555
2021-01-28,2021,1,ZIMA,22.291693775425927,49.818282396782934,14884.29752506612,1850.9844554028155
2021-01-28,2021,1,ZIMA,22.354575845314294,49.818282396782934,11601.151230090853,1844.4659807126352
2021-01-28,2021,1,ZIMA,22.165929635649192,49.881164466671294,20999.33229321837,1844.653355999268
2021-01-28,2021,1,ZIMA,22.22881170553756,49.881164466671294,16506.267562304827,1837.4953681654033
2021-01-28,2021,1,ZIMA,22.291693775425927,49.881164466671294,12032.364262771302,1843.8143190698797
2021-01-28,2021,1,ZIMA,22.354575845314294,49.881164466671294,7611.491975228226,1846.2426677877108
2021-01-28,2021,1,ZIMA,22.165929635649192,49.944046536559654,21486.28087913054,1842.2796199506968
2021-01-28,2021,1,ZIMA,22.22881170553756,49.944046536559654,17127.876258600787,1834.2732468393808
2021-01-28,2021,1,ZIMA,22.291693775425927,49.944046536559654,12878.31429302353,1833.1218323376709
2021-01-28,2021,1,ZIMA,22.165929635649192,50.006928606448014,24087.11788566591,1852.4083425976442
2021-01-28,2021,1,ZIMA,22.22881170553756,50.006928606448014,20300.550055771535,1851.8712510198225
2021-01-28,2021,1,ZIMA,22.291693775425927,50.006928606448014,16874.99133361886,1851.62536371664
2021-01-28,2021,1,ZIMA,22.354575845314294,50.006928606448014,14076.517619419135,1848.0693030631014
2021-01-28,2021,1,ZIMA,22.417457915202657,50.006928606448014,12339.42325907192,1875.309689633305
2021-01-28,2021,1,ZIMA,22.480339985091025,50.006928606448014,12128.65266097527,1868.2522107254385
2021-01-28,2021,1,ZIMA,22.543222054979392,50.006928606448014,13515.800272744598,1861.5367385750014
2021-01-28,2021,1,ZIMA,22.291693775425927,50.069810676336374,22394.741498546697,1858.0965917845033
2021-01-28,2021,1,ZIMA,22.354575845314294,50.069810676336374,20372.0547241168,1859.3094107501056
2021-01-28,2021,1,ZIMA,22.417457915202657,50.069810676336374,19214.409734969002,1869.1377734292053
2021-01-28,2021,1,ZIMA,22.480339985091025,50.069810676336374,19079.914015941584,1863.5769488224792
2021-01-28,2021,1,ZIMA,22.543222054979392,50.069810676336374,19989.23029615635,1861.5371968937914
2021-01-28,2021,1,ZIMA,22.60610412486776,50.069810676336374,21812.20457988765,1869.096388161536
2021-01-28,2021,1,ZIMA,22.668986194756126,50.069810676336374,24344.445570191427,1869.3053005717966
2021-01-29,2021,1,ZIMA,22.420959690702112,49.755400326894545,16173.517106510242,1845.355735114515
2021-01-29,2021,1,ZIMA,22.483841760590476,49.755400326894545,16083.488848301236,1845.3557310384394
2021-01-29,2021,1,ZIMA,22.546723830478843,49.755400326894545,17225.461287777885,1845.3557405355632
2021-01-29,2021,1,ZIMA,22.60960590036721,49.755400326894545,19382.89198217946,1854.982654482492
2021-01-29,2021,1,ZIMA,22.672487970255577,49.755400326894545,22262.494312217816,1854.9826626607594
2021-01-29,2021,1,ZIMA,22.483841760590476,49.818282396782934,9179.141143247618,1845.3556746143602
2021-01-29,2021,1,ZIMA,22.546723830478843,49.818282396782934,11056.462574684838,1845.3556829024747
2021-01-29,2021,1,ZIMA,22.672487970255577,49.818282396782934,17913.41611573094,1854.9826329588914
2021-01-29,2021,1,ZIMA,22.73537004014394,49.818282396782934,21944.173130221945,1864.6169318212767
2021-02-02,2021,2,ZIMA,22.73186826464449,49.818282396782934,21714.62640675995,1836.354674128264
2021-02-02,2021,2,ZIMA,22.668986194756126,49.881164466671294,15370.833327011827,1849.7995985438122
2021-02-02,2021,2,ZIMA,22.73186826464449,49.881164466671294,19860.423092579564,1852.1792471803446
2021-02-02,2021,2,ZIMA,22.794750334532857,49.881164466671294,24360.75155742461,1849.3902814490812
2021-02-02,2021,2,ZIMA,22.60610412486776,49.944046536559654,11833.48850859346,1851.43557072088
2021-02-02,2021,2,ZIMA,22.668986194756126,49.944046536559654,16037.980704463247,1850.3906963996296
2021-02-02,2021,2,ZIMA,22.73186826464449,49.944046536559654,20376.093396314827,1849.9079533437941
2021-02-02,2021,2,ZIMA,22.794750334532857,49.944046536559654,24777.740103857333,1853.5193827675544
2021-02-02,2021,2,ZIMA,22.60610412486776,50.006928606448014,16092.839025049043,1832.9345288422871
2021-02-02,2021,2,ZIMA,22.668986194756126,50.006928606448014,19391.031598309888,1832.7106933593147
2021-02-02,2021,2,ZIMA,22.73186826464449,50.006928606448014,23103.564470285364,1849.0225888616567
2021-02-02,2021,2,ZIMA,22.60610412486776,50.069810676336374,21812.20457988765,1836.254729824939
2021-02-02,2021,2,ZIMA,22.668986194756126,50.069810676336374,24344.445570191427,1835.6488392925862
2021-02-09,2021,2,ZIMA,22.79825211003231,49.881164466671294,24611.562780784538,1927.4388581425947
2021-02-16,2021,2,ZIMA,22.354575845314294,49.692518257006185,24112.090228048502,1824.7976840207082
2021-02-16,2021,2,ZIMA,22.417457915202657,49.692518257006185,23134.547378102303,1824.2217717558344
2021-02-16,2021,2,ZIMA,22.480339985091025,49.692518257006185,23022.08858500473,1834.9211289833593
2021-02-16,2021,2,ZIMA,22.543222054979392,49.692518257006185,23786.98643868175,1836.023235537291
2021-02-16,2021,2,ZIMA,22.22881170553756,49.755400326894545,22894.36986324161,1824.8394838136776
2021-02-16,2021,2,ZIMA,22.291693775425927,49.755400326894545,19903.314178415047,1824.6456003492451
2021-02-16,2021,2,ZIMA,22.354575845314294,49.755400326894545,17580.495625769614,1821.1833487970393
2021-02-16,2021,2,ZIMA,22.417457915202657,49.755400326894545,16215.66667820542,1821.7415830101988
2021-02-16,2021,2,ZIMA,22.480339985091025,49.755400326894545,16055.025104151813,1839.6305046134146
2021-02-16,2021,2,ZIMA,22.543222054979392,49.755400326894545,17132.476668509815,1838.8350548290177
2021-02-16,2021,2,ZIMA,22.60610412486776,49.755400326894545,19241.147484226796,1838.82793016724
2021-02-16,2021,2,ZIMA,22.668986194756126,49.755400326894545,22087.641825604678,1842.3727746870447
2021-02-16,2021,2,ZIMA,22.165929635649192,49.818282396782934,22762.27075808762,1832.1065849939207
2021-02-16,2021,2,ZIMA,22.22881170553756,49.818282396782934,18691.89945697382,1832.1831377660003
2021-02-16,2021,2,ZIMA,22.291693775425927,49.818282396782934,14884.29752506612,1835.465234443495
2021-02-16,2021,2,ZIMA,22.354575845314294,49.818282396782934,11601.151230090853,1839.4772396655876
2021-02-16,2021,2,ZIMA,22.417457915202657,49.818282396782934,9408.524932013164,1840.9256591796477
2021-02-16,2021,2,ZIMA,22.480339985091025,49.818282396782934,9129.240569089454,1846.8669433593068
2021-02-16,2021,2,ZIMA,22.543222054979392,49.818282396782934,10911.220491147085,1846.8669433594348
2021-02-16,2021,2,ZIMA,22.60610412486776,49.818282396782934,13987.696201742643,1834.63130037718
2021-02-16,2021,2,ZIMA,22.668986194756126,49.818282396782934,17695.925250540768,1834.1937721058582
2021-02-16,2021,2,ZIMA,22.73186826464449,49.818282396782934,21714.62640675995,1838.4164970155425
2021-02-16,2021,2,ZIMA,22.165929635649192,49.881164466671294,20999.33229321837,1829.92297363284
2021-02-16,2021,2,ZIMA,22.22881170553756,49.881164466671294,16506.267562304827,1829.9455442571557
2021-02-16,2021,2,ZIMA,22.291693775425927,49.881164466671294,12032.364262771302,1817.3552594901903
2021-02-16,2021,2,ZIMA,22.354575845314294,49.881164466671294,7611.491975228226,1817.3949308053188
2021-02-16,2021,2,ZIMA,22.417457915202657,49.881164466671294,3453.693223036827,1832.4566828689578
2021-02-16,2021,2,ZIMA,22.480339985091025,49.881164466671294,2599.495245792041,1853.471554372377
2021-02-16,2021,2,ZIMA,22.543222054979392,49.881164466671294,6513.288539257984,1852.9296236411149
2021-02-16,2021,2,ZIMA,22.60610412486776,49.881164466671294,10905.258517402252,1854.0817684592569
2021-02-16,2021,2,ZIMA,22.668986194756126,49.881164466671294,15370.833327011827,1853.3028063855709
2021-02-16,2021,2,ZIMA,22.73186826464449,49.881164466671294,19860.423092579564,1861.9979055131257
2021-02-16,2021,2,ZIMA,22.794750334532857,49.881164466671294,24360.75155742461,1864.9392836921854
2021-02-16,2021,2,ZIMA,22.165929635649192,49.944046536559654,21486.28087913054,1835.329294112202
2021-02-16,2021,2,ZIMA,22.22881170553756,49.944046536559654,17127.876258600787,1834.9797714466147
2021-02-16,2021,2,ZIMA,22.291693775425927,49.944046536559654,12878.31429302353,1826.1217733358924
2021-02-16,2021,2,ZIMA,22.354575845314294,49.944046536559654,8894.991312628392,1825.4205860941863
2021-02-16,2021,2,ZIMA,22.417457915202657,49.944046536559654,5759.680046957223,1853.7594422735654
2021-02-16,2021,2,ZIMA,22.480339985091025,49.944046536559654,5292.450368233288,1865.2294999180617
2021-02-16,2021,2,ZIMA,22.543222054979392,49.944046536559654,7976.788686317586,1864.2783785059491
2021-02-16,2021,2,ZIMA,22.60610412486776,49.944046536559654,11833.48850859346,1861.9892036278181
2021-02-16,2021,2,ZIMA,22.668986194756126,49.944046536559654,16037.980704463247,1862.1581601650437
2021-02-16,2021,2,ZIMA,22.73186826464449,49.944046536559654,20376.093396314827,1874.4199462383615
2021-02-16,2021,2,ZIMA,22.794750334532857,49.944046536559654,24777.740103857333,1874.7356222647193
2021-02-16,2021,2,ZIMA,22.165929635649192,50.006928606448014,24087.11788566591,1832.3393058088725
2021-02-16,2021,2,ZIMA,22.22881170553756,50.006928606448014,20300.550055771535,1832.2779381488756
2021-02-16,2021,2,ZIMA,22.291693775425927,50.006928606448014,16874.99133361886,1857.0650377411016
2021-02-16,2021,2,ZIMA,22.354575845314294,50.006928606448014,14076.517619419135,1856.8477589455294
2021-02-16,2021,2,ZIMA,22.417457915202657,50.006928606448014,12339.42325907192,1880.020143120872
2021-02-16,2021,2,ZIMA,22.480339985091025,50.006928606448014,12128.65266097527,1880.0360107421259
2021-02-16,2021,2,ZIMA,22.543222054979392,50.006928606448014,13515.800272744598,1872.480741373261
2021-02-16,2021,2,ZIMA,22.60610412486776,50.006928606448014,16092.839025049043,1863.6651933580688
2021-02-16,2021,2,ZIMA,22.668986194756126,50.006928606448014,19391.031598309888,1863.5457461657118
2021-02-16,2021,2,ZIMA,22.73186826464449,50.006928606448014,23103.564470285364,1866.641241570696
2021-02-16,2021,2,ZIMA,22.291693775425927,50.069810676336374,22394.741498546697,1860.696533203193
2021-02-16,2021,2,ZIMA,22.354575845314294,50.069810676336374,20372.0547241168,1860.696533203064
2021-02-16,2021,2,ZIMA,22.417457915202657,50.069810676336374,19214.409734969002,1878.7875536340748
2021-02-16,2021,2,ZIMA,22.480339985091025,50.069810676336374,19079.914015941584,1878.8887753973897
2021-02-16,2021,2,ZIMA,22.543222054979392,50.069810676336374,19989.23029615635,1863.401079786729
2021-02-16,2021,2,ZIMA,22.60610412486776,50.069810676336374,21812.20457988765,1858.8261470221983
2021-02-16,2021,2,ZIMA,22.668986194756126,50.069810676336374,24344.445570191427,1859.1007490380157
2021-02-28,2021,2,ZIMA,22.41395613970321,49.881164466671294,3662.826773873633,1864.392685379546
2021-02-28,2021,2,ZIMA,22.476838209591577,49.881164466671294,2443.685044444684,1864.3927185903303
2021-02-28,2021,2,ZIMA,22.539720279479937,49.881164466671294,6273.998858484071,1866.0893295754563
2021-02-28,2021,2,ZIMA,22.288191999926475,49.944046536559654,13110.286221926865,1856.3642380282645
2021-02-28,2021,2,ZIMA,22.351074069814842,49.944046536559654,9103.755684438656,1856.364268061504
2021-02-28,2021,2,ZIMA,22.41395613970321,49.944046536559654,5887.298046828058,1862.6479898045668
2021-02-28,2021,2,ZIMA,22.476838209591577,49.944046536559654,5217.7845571906855,1864.3927101962645
2021-02-28,2021,2,ZIMA,22.539720279479937,49.944046536559654,7782.88322853803,1866.4843522079552
2021-02-28,2021,2,ZIMA,22.602602349368304,49.944046536559654,11606.223911688516,1866.5899619846002
2021-02-28,2021,2,ZIMA,22.288191999926475,50.006928606448014,17052.451413993313,1866.33032370033
2021-02-28,2021,2,ZIMA,22.351074069814842,50.006928606448014,14209.185108303696,1866.3303260317086
2021-02-28,2021,2,ZIMA,22.351074069814842,50.069810676336374,20463.829199069023,1866.3303308755155
2021-03-02,2021,3,ZIMA,22.165929635649192,49.881164466671294,20999.33229321837,1833.3632519434152
2021-03-02,2021,3,ZIMA,22.165929635649192,49.944046536559654,21486.28087913054,1833.3632780229698
2021-03-02,2021,3,ZIMA,22.22881170553756,49.944046536559654,17127.876258600787,1833.3632824171912
2021-03-02,2021,3,ZIMA,22.291693775425927,49.944046536559654,12878.31429302353,1833.3632759952206
2021-03-03,2021,3,ZIMA,22.480339985091025,49.692518257006185,23022.08858500473,1867.0841583540887
2021-03-03,2021,3,ZIMA,22.543222054979392,49.692518257006185,23786.98643868175,1870.5371214153133
2021-03-03,2021,3,ZIMA,22.480339985091025,49.755400326894545,16055.025104151813,1863.2199557888985
2021-03-03,2021,3,ZIMA,22.543222054979392,49.755400326894545,17132.476668509815,1865.581493666626
2021-03-03,2021,3,ZIMA,22.60610412486776,49.755400326894545,19241.147484226796,1869.8099687681072
2021-03-03,2021,3,ZIMA,22.668986194756126,49.755400326894545,22087.641825604678,1872.7723090630468
2021-03-03,2021,3,ZIMA,22.417457915202657,49.818282396782934,9408.524932013164,1887.2801544370122
2021-03-03,2021,3,ZIMA,22.480339985091025,49.818282396782934,9129.240569089454,1879.7869020920657
2021-03-03,2021,3,ZIMA,22.543222054979392,49.818282396782934,10911.220491147085,1866.0924563353594
2021-03-03,2021,3,ZIMA,22.60610412486776,49.818282396782934,13987.696201742643,1857.864280295609
2021-03-03,2021,3,ZIMA,22.668986194756126,49.818282396782934,17695.925250540768,1861.5609794529314
2021-03-03,2021,3,ZIMA,22.543222054979392,49.881164466671294,6513.288539257984,1887.2801397736087
2021-03-03,2021,3,ZIMA,22.60610412486776,49.881164466671294,10905.258517402252,1887.2801202894766
2021-03-03,2021,3,ZIMA,22.165929635649192,50.006928606448014,24087.11788566591,1876.7805280972152
2021-03-03,2021,3,ZIMA,22.22881170553756,50.006928606448014,20300.550055771535,1873.0712894520566
2021-03-21,2021,3,ZIMA,22.60610412486776,49.703023583504546,24296.198188144805,1823.9023536682623
2021-03-21,2021,3,ZIMA,22.60610412486776,49.765905653392906,18282.53620624142,1836.3634339139394
2021-03-21,2021,3,ZIMA,22.668986194756126,49.765905653392906,21257.1846990577,1836.3633776931379
2021-03-21,2021,3,ZIMA,22.73186826464449,49.765905653392906,24706.637829025414,1855.5562220291831
2021-03-21,2021,3,ZIMA,22.73186826464449,49.82878772328128,21256.509218593656,1847.1210873792643
2021-03-24,2021,3,ZIMA,22.354575845314294,49.703023583504546,23001.98911035394,1857.716651681556
2021-03-24,2021,3,ZIMA,22.417457915202657,49.703023583504546,21975.346455526636,1850.264365915945
2021-03-24,2021,3,ZIMA,22.480339985091025,49.703023583504546,21856.94974519855,1852.748833110064
2021-03-24,2021,3,ZIMA,22.543222054979392,49.703023583504546,22661.03902923717,1855.7914143712055
2021-03-24,2021,3,ZIMA,22.60610412486776,49.703023583504546,24296.198188144805,1857.5390940695208
2021-03-24,2021,3,ZIMA,22.22881170553756,49.765905653392906,22094.07877149692,1860.2887129666462
2021-03-24,2021,3,ZIMA,22.291693775425927,49.765905653392906,18978.031889389276,1852.287692806207
2021-03-24,2021,3,ZIMA,22.354575845314294,49.765905653392906,16526.233661248294,1851.7728018481882
2021-03-24,2021,3,ZIMA,22.417457915202657,49.765905653392906,15066.531806853272,1855.9355279523422
2021-03-24,2021,3,ZIMA,22.480339985091025,49.765905653392906,14893.538410765585,1853.6751639960953
2021-03-24,2021,3,ZIMA,22.543222054979392,49.765905653392906,16048.91545535083,1854.0678252698249
2021-03-24,2021,3,ZIMA,22.60610412486776,49.765905653392906,18282.53620624142,1854.9369103687234
2021-03-24,2021,3,ZIMA,22.668986194756126,49.765905653392906,21257.1846990577,1855.0478034607959
2021-03-24,2021,3,ZIMA,22.73186826464449,49.765905653392906,24706.637829025414,1855.9028295364394
2021-03-24,2021,3,ZIMA,22.165929635649192,49.82878772328128,22325.43538520545,1865.834413608411
2021-03-24,2021,3,ZIMA,22.22881170553756,49.82878772328128,18158.406619754358,1856.494405554479
2021-03-24,2021,3,ZIMA,22.291693775425927,49.82878772328128,14209.525042067644,1853.8709716797478
2021-03-24,2021,3,ZIMA,22.354575845314294,49.82878772328128,10722.583398780149,1853.4863516630342
2021-03-24,2021,3,ZIMA,22.417457915202657,49.82878772328128,8301.649065314678,1853.3478294395675
2021-03-24,2021,3,ZIMA,22.480339985091025,49.82878772328128,7983.807939159483,1859.465192505961
2021-03-24,2021,3,ZIMA,22.543222054979392,49.82878772328128,9972.220017912965,1855.4243662356755
2021-03-24,2021,3,ZIMA,22.60610412486776,49.82878772328128,13267.61214866327,1853.8753462239745
2021-03-24,2021,3,ZIMA,22.668986194756126,49.82878772328128,17131.67359445209,1855.1289064426467
2021-03-24,2021,3,ZIMA,22.165929635649192,49.89166979316964,20919.391463104264,1857.1413962507818
2021-03-24,2021,3,ZIMA,22.22881170553756,49.89166979316964,16405.560705198463,1856.8023875183198
2021-03-24,2021,3,ZIMA,22.291693775425927,49.89166979316964,11895.00110721875,1857.8621321799585
2021-03-24,2021,3,ZIMA,22.354575845314294,49.89166979316964,7393.707934749382,1858.2119050762192
2021-03-24,2021,3,ZIMA,22.417457915202657,49.89166979316964,2944.500050124817,1865.1284723041483
2021-03-24,2021,3,ZIMA,22.480339985091025,49.89166979316964,1870.9821680215873,1863.7138903507364
2021-03-24,2021,3,ZIMA,22.543222054979392,49.89166979316964,6257.667310553245,1863.5592086927745
2021-03-24,2021,3,ZIMA,22.60610412486776,49.89166979316964,10753.768425853132,1865.963846676778
2021-03-24,2021,3,ZIMA,22.668986194756126,49.89166979316964,15262.893735083717,1869.551662007729
2021-03-24,2021,3,ZIMA,22.73186826464449,49.89166979316964,19776.134276070505,1866.0575365335699
2021-03-24,2021,3,ZIMA,22.794750334532857,49.89166979316964,24291.194065453536,1865.6346424201315
2021-03-24,2021,3,ZIMA,22.165929635649192,49.954551863058015,21786.570287916154,1861.7399896575316
2021-03-24,2021,3,ZIMA,22.22881170553756,49.954551863058015,17504.14593586278,1859.887697900065
2021-03-24,2021,3,ZIMA,22.291693775425927,49.954551863058015,13375.713008895505,1856.781738281318
2021-03-24,2021,3,ZIMA,22.354575845314294,49.954551863058015,9602.00371929549,1863.0737625935603
2021-03-24,2021,3,ZIMA,22.417457915202657,49.954551863058015,6801.584066412853,1867.2812655326636
2021-03-24,2021,3,ZIMA,22.480339985091025,49.954551863058015,6410.8337029859895,1865.5906123123377
2021-03-24,2021,3,ZIMA,22.543222054979392,49.954551863058015,8758.432559269975,1864.304292797464
2021-03-24,2021,3,ZIMA,22.60610412486776,49.954551863058015,12373.188316296972,1867.329500641085
2021-03-24,2021,3,ZIMA,22.668986194756126,49.954551863058015,16439.454591696005,1868.723242494336
2021-03-24,2021,3,ZIMA,22.73186826464449,49.954551863058015,20692.74432795608,1869.9118187071135
2021-03-24,2021,3,ZIMA,22.165929635649192,50.017433932946375,24688.65400458408,1865.626412622817
2021-03-24,2021,3,ZIMA,22.22881170553756,50.017433932946375,21011.64844441782,1866.0723050505685
2021-03-24,2021,3,ZIMA,22.291693775425927,50.017433932946375,17724.845643369907,1874.3409445485388
2021-03-24,2021,3,ZIMA,22.354575845314294,50.017433932946375,15085.492177146163,1881.0491804472354
2021-03-24,2021,3,ZIMA,22.417457915202657,50.017433932946375,13479.4325917546,1880.864838925706
2021-03-24,2021,3,ZIMA,22.480339985091025,50.017433932946375,13286.800817179106,1880.557040883851
2021-03-24,2021,3,ZIMA,22.543222054979392,50.017433932946375,14563.789322484645,1870.5508450055902
2021-03-24,2021,3,ZIMA,22.60610412486776,50.017433932946375,16982.046877098484,1863.5940590971659
2021-03-24,2021,3,ZIMA,22.668986194756126,50.017433932946375,20134.47338387348,1863.890290012769
2021-03-24,2021,3,ZIMA,22.73186826464449,50.017433932946375,23730.259141340277,1866.6084818616375
2021-03-24,2021,3,ZIMA,22.291693775425927,50.08031600283475,23393.92889056244,1869.467213754043
2021-03-24,2021,3,ZIMA,22.354575845314294,50.08031600283475,21466.04242459771,1872.6608817733243
2021-03-24,2021,3,ZIMA,22.417457915202657,50.08031600283475,20370.90850265545,1875.4910094227057
2021-03-24,2021,3,ZIMA,22.480339985091025,50.08031600283475,20244.125442972134,1855.4537293125766
2021-03-24,2021,3,ZIMA,22.543222054979392,50.08031600283475,21103.1530005928,1852.729521859854
2021-03-24,2021,3,ZIMA,22.60610412486776,50.08031600283475,22837.01728511146,1862.4161934503536
2021-03-24,2021,3,ZIMA,22.351074069814842,49.69952180800509,23452.044412270043,1819.96364888914
2021-03-24,2021,3,ZIMA,22.41395613970321,49.69952180800509,22395.01771344624,1843.4436515976506
2021-03-24,2021,3,ZIMA,22.476838209591577,49.69952180800509,22227.556145717932,1854.5583496094428
2021-03-24,2021,3,ZIMA,22.539720279479937,49.69952180800509,22969.12425616453,1854.5600096635133
2021-03-24,2021,3,ZIMA,22.602602349368304,49.69952180800509,24537.443721451007,1854.6609262729305
2021-03-24,2021,3,ZIMA,22.225309930038108,49.76240387789346,22542.784189467628,1828.8210877216907
2021-03-24,2021,3,ZIMA,22.288191999926475,49.76240387789346,19439.794954990113,1829.9676701048882
2021-03-24,2021,3,ZIMA,22.351074069814842,49.76240387789346,16987.360292640155,1830.5581484460267
2021-03-24,2021,3,ZIMA,22.41395613970321,49.76240387789346,15497.464920780965,1854.7764046664245
2021-03-24,2021,3,ZIMA,22.476838209591577,49.76240387789346,15254.786361490895,1855.469397541067
2021-03-24,2021,3,ZIMA,22.539720279479937,49.76240387789346,16315.073828270395,1855.4045810792993
2021-03-24,2021,3,ZIMA,22.602602349368304,49.76240387789346,18455.106028910457,1855.3376578300984
2021-03-24,2021,3,ZIMA,22.66548441925667,49.76240387789346,21352.669999731086,1855.304218953412
2021-03-24,2021,3,ZIMA,22.72836648914504,49.76240387789346,24743.046081811666,1874.1219342729346
2021-03-24,2021,3,ZIMA,22.16242786014974,49.82528594778182,22699.863401704264,1837.378681038247
2021-03-24,2021,3,ZIMA,22.225309930038108,49.82528594778182,18555.257733334394,1837.393541109745
2021-03-24,2021,3,ZIMA,22.288191999926475,49.82528594778182,14635.38638075111,1837.4247904404922
2021-03-24,2021,3,ZIMA,22.351074069814842,49.82528594778182,11179.210694185098,1837.440426378935
2021-03-24,2021,3,ZIMA,22.41395613970321,49.82528594778182,8754.330853999618,1846.9521747514689
2021-03-24,2021,3,ZIMA,22.476838209591577,49.82528594778182,8317.75525363363,1846.2651477753018
2021-03-24,2021,3,ZIMA,22.539720279479937,49.82528594778182,10129.901392570879,1844.8840228189126
2021-03-24,2021,3,ZIMA,22.602602349368304,49.82528594778182,13301.431085979808,1843.4759955928848
2021-03-24,2021,3,ZIMA,22.66548441925667,49.82528594778182,17091.651306454667,1842.7718636199795
2021-03-24,2021,3,ZIMA,22.41395613970321,49.888168017670196,3307.677345066955,1864.4821325906403
2021-03-24,2021,3,ZIMA,22.476838209591577,49.888168017670196,1870.0521936467014,1864.4917656626776
2021-03-24,2021,3,ZIMA,22.539720279479937,49.888168017670196,6073.198666981766,1864.5110177814108
2021-03-24,2021,3,ZIMA,22.602602349368304,49.888168017670196,10540.42966692191,1864.5302596602921
2021-03-24,2021,3,ZIMA,22.66548441925667,49.888168017670196,15038.210857955384,1864.5379109231742
2021-03-24,2021,3,ZIMA,22.41395613970321,49.951050087558556,6563.667205010626,1864.7192382811847
2021-03-24,2021,3,ZIMA,22.476838209591577,49.951050087558556,5970.578357647499,1864.7192382813182
2021-03-24,2021,3,ZIMA,22.539720279479937,49.951050087558556,8306.079006660024,1864.7192382813182
2021-03-24,2021,3,ZIMA,22.602602349368304,49.951050087558556,11962.915358252178,1864.6864598509526
2021-03-24,2021,3,ZIMA,22.66548441925667,49.951050087558556,16062.65624984055,1864.644395725304
2021-03-24,2021,3,ZIMA,22.351074069814842,50.01393215744693,14873.22360287433,1875.7379455355854
2021-03-24,2021,3,ZIMA,22.41395613970321,50.01393215744693,13155.403252170625,1871.0291827590943
2021-03-24,2021,3,ZIMA,22.476838209591577,50.01393215744693,12870.136155172722,1871.5162675359143
2021-03-24,2021,3,ZIMA,22.539720279479937,50.01393215744693,14104.610591217597,1872.4848594504688
2021-03-24,2021,3,ZIMA,22.602602349368304,50.01393215744693,16521.613265744996,1873.4342582967502
2021-03-24,2021,3,ZIMA,22.66548441925667,50.01393215744693,19690.390482826235,1876.023986522886
2021-03-24,2021,3,ZIMA,22.72836648914504,50.01393215744693,23306.292938701834,1877.5340544053147
2021-03-24,2021,3,ZIMA,22.351074069814842,50.07681422733529,21189.098457688768,1874.105519836364
2021-03-24,2021,3,ZIMA,22.41395613970321,50.07681422733529,20022.30305707215,1873.8704017344626
2021-03-24,2021,3,ZIMA,22.476838209591577,50.07681422733529,19836.281851330667,1873.693279713511
2021-03-24,2021,3,ZIMA,22.539720279479937,50.07681422733529,20657.54689047746,1873.3500692907053
2021-03-24,2021,3,ZIMA,22.602602349368304,50.07681422733529,22375.459932273214,1872.9958356501443
2021-03-24,2021,3,ZIMA,22.66548441925667,50.07681422733529,24804.416123765553,1872.7312766283742
2021-03-27,2021,3,ZIMA,22.354575845314294,49.703023583504546,23001.98911035394,1844.4006265632752
2021-03-27,2021,3,ZIMA,22.417457915202657,49.703023583504546,21975.346455526636,1859.5313633384055
2021-03-27,2021,3,ZIMA,22.480339985091025,49.703023583504546,21856.94974519855,1852.778194299784
2021-03-27,2021,3,ZIMA,22.543222054979392,49.703023583504546,22661.03902923717,1851.6106704299086
2021-03-27,2021,3,ZIMA,22.60610412486776,49.703023583504546,24296.198188144805,1856.7165530249072
2021-03-27,2021,3,ZIMA,22.22881170553756,49.765905653392906,22094.07877149692,1859.2331202384883
2021-03-27,2021,3,ZIMA,22.291693775425927,49.765905653392906,18978.031889389276,1848.7157051235129
2021-03-27,2021,3,ZIMA,22.354575845314294,49.765905653392906,16526.233661248294,1853.5286849941458
2021-03-27,2021,3,ZIMA,22.417457915202657,49.765905653392906,15066.531806853272,1855.545916925258
2021-03-27,2021,3,ZIMA,22.480339985091025,49.765905653392906,14893.538410765585,1851.9416129049928
2021-03-27,2021,3,ZIMA,22.543222054979392,49.765905653392906,16048.91545535083,1858.8957489519596
2021-03-27,2021,3,ZIMA,22.60610412486776,49.765905653392906,18282.53620624142,1864.9942921776424
2021-03-27,2021,3,ZIMA,22.668986194756126,49.765905653392906,21257.1846990577,1859.860069408144
2021-03-27,2021,3,ZIMA,22.73186826464449,49.765905653392906,24706.637829025414,1860.2919875899074
2021-03-27,2021,3,ZIMA,22.165929635649192,49.82878772328128,22325.43538520545,1870.7919512480246
2021-03-27,2021,3,ZIMA,22.22881170553756,49.82878772328128,18158.406619754358,1859.5578993608442
2021-03-27,2021,3,ZIMA,22.291693775425927,49.82878772328128,14209.525042067644,1864.1027326074723
2021-03-27,2021,3,ZIMA,22.354575845314294,49.82878772328128,10722.583398780149,1871.0077136756404
2021-03-27,2021,3,ZIMA,22.417457915202657,49.82878772328128,8301.649065314678,1857.8386231161317
2021-03-27,2021,3,ZIMA,22.480339985091025,49.82878772328128,7983.807939159483,1864.5710856346857
2021-03-27,2021,3,ZIMA,22.543222054979392,49.82878772328128,9972.220017912965,1862.0261489527304
2021-03-27,2021,3,ZIMA,22.60610412486776,49.82878772328128,13267.61214866327,1856.2167875245761
2021-03-27,2021,3,ZIMA,22.668986194756126,49.82878772328128,17131.67359445209,1853.563415124461
2021-03-27,2021,3,ZIMA,22.73186826464449,49.82878772328128,21256.509218593656,1869.3364205784467
2021-03-27,2021,3,ZIMA,22.165929635649192,49.89166979316964,20919.391463104264,1844.6662524293574
2021-03-27,2021,3,ZIMA,22.22881170553756,49.89166979316964,16405.560705198463,1846.8122090896377
2021-03-27,2021,3,ZIMA,22.291693775425927,49.89166979316964,11895.00110721875,1859.297600623419
2021-03-27,2021,3,ZIMA,22.354575845314294,49.89166979316964,7393.707934749382,1858.2358763006162
2021-03-27,2021,3,ZIMA,22.417457915202657,49.89166979316964,2944.500050124817,1857.980712890649
2021-03-27,2021,3,ZIMA,22.480339985091025,49.89166979316964,1870.9821680215873,1876.6656357606723
2021-03-27,2021,3,ZIMA,22.543222054979392,49.89166979316964,6257.667310553245,1871.826185067254
2021-03-27,2021,3,ZIMA,22.60610412486776,49.89166979316964,10753.768425853132,1870.493341563637
2021-03-27,2021,3,ZIMA,22.668986194756126,49.89166979316964,15262.893735083717,1868.8103891479586
2021-03-27,2021,3,ZIMA,22.73186826464449,49.89166979316964,19776.134276070505,1876.309074784813
2021-03-27,2021,3,ZIMA,22.794750334532857,49.89166979316964,24291.194065453536,1878.235213051391
2021-03-27,2021,3,ZIMA,22.165929635649192,49.954551863058015,21786.570287916154,1846.1727305724964
2021-03-27,2021,3,ZIMA,22.22881170553756,49.954551863058015,17504.14593586278,1845.7510489331619
2021-03-27,2021,3,ZIMA,22.291693775425927,49.954551863058015,13375.713008895505,1862.8005119003171
2021-03-27,2021,3,ZIMA,22.354575845314294,49.954551863058015,9602.00371929549,1864.3271755045866
2021-03-27,2021,3,ZIMA,22.417457915202657,49.954551863058015,6801.584066412853,1872.6816751796366
2021-03-27,2021,3,ZIMA,22.480339985091025,49.954551863058015,6410.8337029859895,1884.8453217975302
2021-03-27,2021,3,ZIMA,22.543222054979392,49.954551863058015,8758.432559269975,1883.641784976898
2021-03-27,2021,3,ZIMA,22.60610412486776,49.954551863058015,12373.188316296972,1879.4960937500687
2021-03-27,2021,3,ZIMA,22.668986194756126,49.954551863058015,16439.454591696005,1878.1606899279866
2021-03-27,2021,3,ZIMA,22.73186826464449,49.954551863058015,20692.74432795608,1876.2628865997692
2021-03-27,2021,3,ZIMA,22.165929635649192,50.017433932946375,24688.65400458408,1847.141490448121
2021-03-27,2021,3,ZIMA,22.22881170553756,50.017433932946375,21011.64844441782,1872.6700872461693
2021-03-27,2021,3,ZIMA,22.291693775425927,50.017433932946375,17724.845643369907,1880.230632580733
2021-03-27,2021,3,ZIMA,22.354575845314294,50.017433932946375,15085.492177146163,1884.2540721343887
2021-03-27,2021,3,ZIMA,22.417457915202657,50.017433932946375,13479.4325917546,1885.8603882779682
2021-03-27,2021,3,ZIMA,22.480339985091025,50.017433932946375,13286.800817179106,1888.2317359498709
2021-03-27,2021,3,ZIMA,22.543222054979392,50.017433932946375,14563.789322484645,1876.196224193034
2021-03-27,2021,3,ZIMA,22.60610412486776,50.017433932946375,16982.046877098484,1870.4540654246293
2021-03-27,2021,3,ZIMA,22.668986194756126,50.017433932946375,20134.47338387348,1867.5816202788008
2021-03-27,2021,3,ZIMA,22.73186826464449,50.017433932946375,23730.259141340277,1874.617277474234
2021-03-27,2021,3,ZIMA,22.291693775425927,50.08031600283475,23393.92889056244,1871.3445651001223
2021-03-27,2021,3,ZIMA,22.354575845314294,50.08031600283475,21466.04242459771,1874.9611531222693
2021-03-27,2021,3,ZIMA,22.417457915202657,50.08031600283475,20370.90850265545,1885.9191150430725
2021-03-27,2021,3,ZIMA,22.480339985091025,50.08031600283475,20244.125442972134,1873.7178937571261
2021-03-27,2021,3,ZIMA,22.543222054979392,50.08031600283475,21103.1530005928,1869.0014705550477
2021-03-27,2021,3,ZIMA,22.60610412486776,50.08031600283475,22837.01728511146,1871.1043718422097
2021-06-20,2021,6,LATO,22.14842075815193,49.954551863058015,22994.824269715486,1856.1055939825012
2021-06-20,2021,6,LATO,22.211302828040303,49.954551863058015,18685.537456604256,1856.1056144536587
2021-06-23,2021,6,LATO,22.214804603539747,49.954551863058015,18448.457384727142,1858.9465362335
2021-06-23,2021,6,LATO,22.27768667342812,49.954551863058015,14275.070430447342,1858.9465361547475
2021-06-23,2021,6,LATO,22.34056874331648,49.954551863058015,10391.528827387052,1858.9465115497471
2021-06-23,2021,6,LATO,22.214804603539747,50.017433932946375,21803.568017263882,1866.5191629015928
2021-06-23,2021,6,LATO,22.27768667342812,50.017433932946375,18412.10631143794,1866.5046559531122
2021-06-23,2021,6,LATO,22.34056874331648,50.017433932946375,15599.258476611207,1860.9959523351315
2021-06-23,2021,6,LATO,22.403450813204856,50.017433932946375,13725.494538791854,1858.9465264287317
2021-06-23,2021,6,LATO,22.466332883093216,50.017433932946375,13197.064731342465,1858.946522879027
2021-06-23,2021,6,LATO,22.34056874331648,50.08031600283475,21829.685598637745,1866.5191634537516
2021-06-23,2021,6,LATO,22.403450813204856,50.08031600283475,20534.34374257188,1866.5191555880763
2021-06-24,2021,6,LATO,22.585093471871062,50.08031600283475,22170.91260279136,1886.7210032954188
2021-06-24,2021,6,LATO,22.647975541759422,50.08031600283475,24388.835374041602,1886.7209613984373
2021-06-29,2021,6,LATO,22.717861162646685,49.82878772328128,20323.107055819728,1846.349544758554
2021-06-29,2021,6,LATO,22.780743232535045,49.82878772328128,24559.063946725546,1841.791293364462
2021-06-29,2021,6,LATO,22.214804603539747,49.89166979316964,17410.831859237383,1839.3153817009966
2021-06-29,2021,6,LATO,22.27768667342812,49.89166979316964,12899.277543149625,1839.9239456117334
2021-06-29,2021,6,LATO,22.34056874331648,49.89166979316964,8394.81239100924,1839.9239145669728
2021-06-29,2021,6,LATO,22.654979092758325,49.89166979316964,14257.98322691555,1850.3044520420783
2021-06-29,2021,6,LATO,22.717861162646685,49.89166979316964,18770.59735346509,1851.1678559021993
2021-06-29,2021,6,LATO,22.780743232535045,49.89166979316964,23285.352737507972,1851.0400866891855
2021-06-29,2021,6,LATO,22.214804603539747,49.954551863058015,18448.457384727142,1836.6857921204773
2021-06-29,2021,6,LATO,22.27768667342812,49.954551863058015,14275.070430447342,1837.9699118148974
2021-06-29,2021,6,LATO,22.34056874331648,49.954551863058015,10391.528827387052,1839.9239522140026
2021-06-29,2021,6,LATO,22.403450813204856,49.954551863058015,7277.66353940265,1839.9239095957437
2021-06-29,2021,6,LATO,22.59209702286995,49.954551863058015,11513.081374454347,1843.599763756011
2021-06-29,2021,6,LATO,22.654979092758325,49.954551863058015,15512.201386264802,1848.3695684473694
2021-06-29,2021,6,LATO,22.717861162646685,49.954551863058015,19735.24481785987,1850.013989708665
2021-06-29,2021,6,LATO,22.780743232535045,49.954551863058015,24064.60916645256,1851.1804209212453
2021-06-29,2021,6,LATO,22.214804603539747,50.017433932946375,21803.568017263882,1842.271981561889
2021-06-29,2021,6,LATO,22.27768667342812,50.017433932946375,18412.10631143794,1841.96626873415
2021-06-29,2021,6,LATO,22.34056874331648,50.017433932946375,15599.258476611207,1836.916703603686
2021-06-29,2021,6,LATO,22.403450813204856,50.017433932946375,13725.494538791854,1838.1082523465473
2021-06-29,2021,6,LATO,22.466332883093216,50.017433932946375,13197.064731342465,1839.6467143158873
2021-06-29,2021,6,LATO,22.52921495298159,50.017433932946375,14165.33544195222,1839.9239502516439
2021-06-29,2021,6,LATO,22.654979092758325,50.017433932946375,19385.77741856333,1843.5997255403267
2021-06-29,2021,6,LATO,22.717861162646685,50.017433932946375,22901.219575545034,1843.59973544808
2021-06-29,2021,6,LATO,22.27768667342812,50.08031600283475,23918.172231338074,1840.4288094715018
2021-06-29,2021,6,LATO,22.34056874331648,50.08031600283475,21829.685598637745,1841.5998252501595
2021-06-29,2021,6,LATO,22.403450813204856,50.08031600283475,20534.34374257188,1841.83641419575
2021-06-29,2021,6,LATO,22.466332883093216,50.08031600283475,20185.419430504728,1838.766077405972
2021-07-06,2021,7,LATO,22.46283110759377,49.954551863058015,6200.026734374416,1858.0191734400335
2021-07-06,2021,7,LATO,22.52571317748213,49.954551863058015,7918.239441228203,1858.0191569386227
2021-07-06,2021,7,LATO,22.399949037705397,50.017433932946375,13797.768999143414,1862.4133410879413
2021-07-06,2021,7,LATO,22.46283110759377,50.017433932946375,13186.511359927295,1856.7715847187694
2021-07-06,2021,7,LATO,22.399949037705397,50.08031600283475,20582.660303117143,1868.0726412376764
2021-07-06,2021,7,LATO,22.46283110759377,50.08031600283475,20178.530303468786,1868.072650296392
2021-07-07,2021,7,LATO,22.588595247370506,49.765905653392906,17572.348165759362,1835.5556633417707
2021-07-07,2021,7,LATO,22.651477317258866,49.765905653392906,20371.71370341612,1836.27286454097
2021-07-07,2021,7,LATO,22.714359387147226,49.765905653392906,23709.899247344183,1837.3959434839244
2021-07-07,2021,7,LATO,22.588595247370506,49.82878772328128,12271.867329400819,1836.9724836044209
2021-07-07,2021,7,LATO,22.651477317258866,49.82878772328128,16021.258563246713,1836.2435980250632
2021-07-07,2021,7,LATO,22.714359387147226,49.82878772328128,20090.86840189349,1835.788978325459
2021-07-07,2021,7,LATO,22.211302828040303,50.017433932946375,22004.268573433346,1869.9742415541175
2021-07-07,2021,7,LATO,22.274184897928663,50.017433932946375,18588.443756014225,1869.9742346035284
2021-07-07,2021,7,LATO,22.337066967817037,50.017433932946375,15735.112606983354,1842.567530538625
2021-07-07,2021,7,LATO,22.399949037705397,50.017433932946375,13797.768999143414,1844.7364863870846
2021-07-07,2021,7,LATO,22.46283110759377,50.017433932946375,13186.511359927295,1846.138469565336
2021-07-07,2021,7,LATO,22.52571317748213,50.017433932946375,14075.177645224507,1831.1359765486352
2021-07-07,2021,7,LATO,22.588595247370506,50.017433932946375,16219.068898947891,1831.1359756537151
2021-07-07,2021,7,LATO,22.274184897928663,50.08031600283475,24054.002161830544,1860.9964837926361
2021-07-07,2021,7,LATO,22.337066967817037,50.08031600283475,21926.844631874275,1852.0528537047223
2021-07-07,2021,7,LATO,22.399949037705397,50.08031600283475,20582.660303117143,1851.4378662110053
2021-07-07,2021,7,LATO,22.46283110759377,50.08031600283475,20178.530303468786,1843.0193459780849
2021-07-07,2021,7,LATO,22.52571317748213,50.08031600283475,20769.400725010888,1834.0330109616905
2021-07-07,2021,7,LATO,22.588595247370506,50.08031600283475,22276.237062725868,1832.529101658892
2021-07-08,2021,7,LATO,22.337066967817037,49.703023583504546,23435.94535299783,1843.4833947565244
2021-07-08,2021,7,LATO,22.399949037705397,49.703023583504546,22173.310884549213,1844.698731632217
2021-07-08,2021,7,LATO,22.46283110759377,49.703023583504546,21795.732838383163,1846.250242234644
2021-07-08,2021,7,LATO,22.52571317748213,49.703023583504546,22348.115225202644,1862.4648101914177
2021-07-08,2021,7,LATO,22.588595247370506,49.703023583504546,23765.702793344415,1860.3901937549401
2021-07-08,2021,7,LATO,22.274184897928663,49.765905653392906,19791.139041156755,1855.5560551598908
2021-07-08,2021,7,LATO,22.337066967817037,49.765905653392906,17124.322354940865,1857.522594723038
2021-07-08,2021,7,LATO,22.399949037705397,49.765905653392906,15353.46715675865,1857.093587570747
2021-07-08,2021,7,LATO,22.46283110759377,49.765905653392906,14803.670401760957,1848.8177496233525
2021-07-08,2021,7,LATO,22.52571317748213,49.765905653392906,15604.532676742472,1851.0814572871107
2021-07-08,2021,7,LATO,22.588595247370506,49.765905653392906,17572.348165759362,1856.2192675770787
2021-07-08,2021,7,LATO,22.651477317258866,49.765905653392906,20371.71370341612,1860.0265182570877
2021-07-08,2021,7,LATO,22.714359387147226,49.765905653392906,23709.899247344183,1859.6440532702961
2021-07-08,2021,7,LATO,22.14842075815193,49.82878772328128,23509.001546003838,1857.1054364814943
2021-07-08,2021,7,LATO,22.211302828040303,49.82878772328128,19302.672401242962,1849.8674576093292
2021-07-08,2021,7,LATO,22.274184897928663,49.82878772328128,15277.216372643947,1853.5320045737024
2021-07-08,2021,7,LATO,22.337066967817037,49.82878772328128,11622.125849843118,1855.0798949953055
2021-07-08,2021,7,LATO,22.399949037705397,49.82878772328128,8811.053425103102,1856.020998838086
2021-07-08,2021,7,LATO,22.46283110759377,49.82878772328128,7815.101725436394,1851.325461474559
2021-07-08,2021,7,LATO,22.52571317748213,49.82878772328128,9241.055230812668,1850.8210114798744
2021-07-08,2021,7,LATO,22.588595247370506,49.82878772328128,12271.867329400819,1850.4614913564615
2021-07-08,2021,7,LATO,22.651477317258866,49.82878772328128,16021.258563246713,1857.9349377946398
2021-07-08,2021,7,LATO,22.714359387147226,49.82878772328128,20090.86840189349,1858.6974575956665
2021-07-08,2021,7,LATO,22.7772414570356,49.82878772328128,24320.4729780271,1856.8090028123277
2021-07-08,2021,7,LATO,22.14842075815193,49.89166979316964,22176.533966168987,1859.118142697593
2021-07-08,2021,7,LATO,22.211302828040303,49.89166979316964,17662.170160851372,1860.1209367793829
2021-07-08,2021,7,LATO,22.274184897928663,49.89166979316964,13150.397981968348,1858.1288820743032
2021-07-08,2021,7,LATO,22.337066967817037,49.89166979316964,8645.281580533669,1850.6784798801789
2021-07-08,2021,7,LATO,22.399949037705397,49.89166979316964,4168.4653838731665,1859.7788219979823
2021-07-08,2021,7,LATO,22.46283110759377,49.89166979316964,915.7735323810977,1872.6455023058031
2021-07-08,2021,7,LATO,22.52571317748213,49.89166979316964,5012.8341822749335,1874.6995619852255
2021-07-08,2021,7,LATO,22.588595247370506,49.89166979316964,9499.773366756152,1864.2940014036049
2021-07-08,2021,7,LATO,22.651477317258866,49.89166979316964,14006.789569911276,1861.9058943595198
2021-07-08,2021,7,LATO,22.714359387147226,49.89166979316964,18519.228167731453,1861.689134416448
2021-07-08,2021,7,LATO,22.7772414570356,49.89166979316964,23033.900325477673,1861.4351661779892
2021-07-08,2021,7,LATO,22.14842075815193,49.954551863058015,22994.824269715486,1861.204146152386
2021-07-08,2021,7,LATO,22.211302828040303,49.954551863058015,18685.537456604256,1855.7651756643052
2021-07-08,2021,7,LATO,22.274184897928663,49.954551863058015,14502.094242152669,1858.029023856558
2021-07-08,2021,7,LATO,22.337066967817037,49.954551863058015,10594.637249937323,1860.208972615164
2021-07-08,2021,7,LATO,22.399949037705397,49.954551863058015,7413.245892451485,1863.1141479928592
2021-07-08,2021,7,LATO,22.46283110759377,49.954551863058015,6200.026734374416,1867.3053751759296
2021-07-08,2021,7,LATO,22.52571317748213,49.954551863058015,7918.239441228203,1865.369131954019
2021-07-08,2021,7,LATO,22.588595247370506,49.954551863058015,11301.812859466689,1864.1100228633732
2021-07-08,2021,7,LATO,22.651477317258866,49.954551863058015,15281.939992676336,1865.0011182192316
2021-07-08,2021,7,LATO,22.714359387147226,49.954551863058015,19496.629429511904,1861.362481580336
2021-07-08,2021,7,LATO,22.7772414570356,49.954551863058015,23821.701564440966,1862.6651763486257
2021-07-08,2021,7,LATO,22.211302828040303,50.017433932946375,22004.268573433346,1867.2489874763849
2021-07-08,2021,7,LATO,22.274184897928663,50.017433932946375,18588.443756014225,1865.8496208274914
2021-07-08,2021,7,LATO,22.337066967817037,50.017433932946375,15735.112606983354,1863.0171090120703
2021-07-08,2021,7,LATO,22.399949037705397,50.017433932946375,13797.768999143414,1862.6755371094432
2021-07-08,2021,7,LATO,22.46283110759377,50.017433932946375,13186.511359927295,1861.7696948644582
2021-07-08,2021,7,LATO,22.52571317748213,50.017433932946375,14075.177645224507,1863.2863769531932
2021-07-08,2021,7,LATO,22.588595247370506,50.017433932946375,16219.068898947891,1863.014874164662
2021-07-08,2021,7,LATO,22.651477317258866,50.017433932946375,19202.26311576868,1858.7760654619306
2021-07-08,2021,7,LATO,22.714359387147226,50.017433932946375,22696.183105903077,1856.6075439453805
2021-07-08,2021,7,LATO,22.274184897928663,50.08031600283475,24054.002161830544,1862.0730774114136
2021-07-08,2021,7,LATO,22.337066967817037,50.08031600283475,21926.844631874275,1861.6767521802547
2021-07-08,2021,7,LATO,22.399949037705397,50.08031600283475,20582.660303117143,1863.26549166215
2021-07-08,2021,7,LATO,22.46283110759377,50.08031600283475,20178.530303468786,1855.38318164063
2021-07-08,2021,7,LATO,22.52571317748213,50.08031600283475,20769.400725010888,1857.5851912538717
2021-07-08,2021,7,LATO,22.588595247370506,50.08031600283475,22276.237062725868,1858.2999409057172
2021-07-08,2021,7,LATO,22.651477317258866,50.08031600283475,24530.825063316166,1842.3332836012657
2021-07-09,2021,7,LATO,22.65848086825777,50.08031600283475,24819.99003576218,1834.2915769813399
2021-07-11,2021,7,LATO,22.46283110759377,49.69952180800509,22185.141393624843,1831.6357822490136
2021-07-11,2021,7,LATO,22.52571317748213,49.69952180800509,22728.10015635487,1836.1998563825216
2021-07-11,2021,7,LATO,22.588595247370506,49.69952180800509,24123.465996680585,1837.9745232412363
2021-07-11,2021,7,LATO,22.399949037705397,49.76240387789346,15729.230063651448,1831.4636978706496
2021-07-11,2021,7,LATO,22.46283110759377,49.76240387789346,15192.997971835897,1829.0515227281599
2021-07-11,2021,7,LATO,22.52571317748213,49.76240387789346,15974.408424553021,1846.2112260449067
2021-07-11,2021,7,LATO,22.588595247370506,49.76240387789346,17901.74303758733,1846.999910962168
2021-07-11,2021,7,LATO,22.651477317258866,49.76240387789346,20656.70222709244,1854.646686669823
2021-07-11,2021,7,LATO,22.714359387147226,49.76240387789346,23955.428263195714,1854.3650816635752
2021-07-11,2021,7,LATO,22.337066967817037,49.82528594778182,11887.366931208315,1828.4699981148276
2021-07-11,2021,7,LATO,22.399949037705397,49.82528594778182,9157.849606774353,1831.272908960191
2021-07-11,2021,7,LATO,22.46283110759377,49.82528594778182,8204.033652045058,1834.438521207034
2021-07-11,2021,7,LATO,22.52571317748213,49.82528594778182,9572.314647283383,1845.3685302734973
2021-07-11,2021,7,LATO,22.588595247370506,49.82528594778182,12523.39928650536,1842.0065811444842
2021-07-11,2021,7,LATO,22.651477317258866,49.82528594778182,16214.96771392276,1842.1862814461717
2021-07-11,2021,7,LATO,22.714359387147226,49.82528594778182,20245.93914025034,1851.8795770276133
2021-07-11,2021,7,LATO,22.7772414570356,49.82528594778182,24449.00869040225,1855.7410353923078
2021-07-11,2021,7,LATO,22.46283110759377,49.888168017670196,1273.0433310313379,1833.7415796536814
2021-07-11,2021,7,LATO,22.52571317748213,49.888168017670196,5090.408316686635,1837.9961389367643
2021-07-11,2021,7,LATO,22.588595247370506,49.888168017670196,9541.182091163437,1854.9001434687225
2021-07-11,2021,7,LATO,22.651477317258866,49.888168017670196,14035.180140061455,1855.0006542404258
2021-07-11,2021,7,LATO,22.714359387147226,49.888168017670196,18540.996723111853,1855.0953370916886
2021-07-11,2021,7,LATO,22.7772414570356,49.888168017670196,23051.700284254595,1855.0953416666223
2021-07-11,2021,7,LATO,22.714359387147226,49.951050087558556,19377.224385232876,1855.0953801975074
2021-07-11,2021,7,LATO,22.7772414570356,49.951050087558556,23724.361235882607,1855.0953363569008
2021-07-17,2021,7,LATO,22.721362938146143,49.82878772328128,20555.805582780067,1855.243534544187
2021-07-17,2021,7,LATO,22.784245008034503,49.82878772328128,24797.915498238333,1855.2435583755018
2021-07-17,2021,7,LATO,22.784245008034503,49.89166979316964,23536.808419606954,1855.243553206912
2021-07-25,2021,7,LATO,22.780743232535045,49.954551863058015,24064.60916645256,1855.6369490105044
2021-07-25,2021,7,LATO,22.654979092758325,50.08031600283475,24674.55335184584,1808.953498955098
2021-07-28,2021,7,LATO,22.34056874331648,49.703023583504546,23344.35519977606,1845.1784792123035
2021-07-28,2021,7,LATO,22.403450813204856,49.703023583504546,22128.116388623414,1846.7605369001117
2021-07-28,2021,7,LATO,22.466332883093216,49.703023583504546,21802.160872306937,1846.7604909225215
2021-07-28,2021,7,LATO,22.52921495298159,49.703023583504546,22405.377325172958,1846.7604872062957
2021-08-08,2021,8,LATO,22.15542430915083,49.89166979316964,21673.66463551955,1850.6311298787086
2021-08-08,2021,8,LATO,22.15542430915083,49.954551863058015,22510.8792662599,1850.631107047334
2021-08-10,2021,8,LATO,22.4069525887043,49.703023583504546,22085.707102393648,1824.1033878989701
2021-08-10,2021,8,LATO,22.469834658592674,49.703023583504546,21811.500894878358,1824.103413206713
2021-08-10,2021,8,LATO,22.218306379039205,49.765905653392906,22660.981171845084,1856.8665125571413
2021-08-10,2021,8,LATO,22.281188448927566,49.765905653392906,19460.18928820575,1856.683592320607
2021-08-10,2021,8,LATO,22.34407051881594,49.765905653392906,16876.349965413232,1842.1775590915652
2021-08-10,2021,8,LATO,22.4069525887043,49.765905653392906,15226.84159524863,1819.7427667342527
2021-08-10,2021,8,LATO,22.469834658592674,49.765905653392906,14826.846263880092,1821.3362048825875
2021-08-10,2021,8,LATO,22.532716728481034,49.765905653392906,15771.718948820126,1824.1033935547302
2021-08-10,2021,8,LATO,22.59559879836941,49.765905653392906,17849.1479538247,1824.1033847577007
2021-08-10,2021,8,LATO,22.65848086825777,49.765905653392906,20721.25408852988,1845.7890397478627
2021-08-10,2021,8,LATO,22.721362938146143,49.765905653392906,24105.641550652217,1844.7847242421867
2021-08-10,2021,8,LATO,22.15542430915083,49.82878772328128,23034.617265911897,1856.392905637127
2021-08-10,2021,8,LATO,22.218306379039205,49.82878772328128,18843.212638873254,1857.2631643714528
2021-08-10,2021,8,LATO,22.281188448927566,49.82878772328128,14846.545618054737,1856.4737078726644
2021-08-10,2021,8,LATO,22.34407051881594,49.82878772328128,11254.042585435333,1847.4396079943733
2021-08-10,2021,8,LATO,22.4069525887043,49.82878772328128,8588.79621870295,1834.4275616672
2021-08-10,2021,8,LATO,22.469834658592674,49.82878772328128,7858.857339596868,1822.623123731677
2021-08-10,2021,8,LATO,22.532716728481034,49.82878772328128,9520.294167600396,1820.954222172073
2021-08-10,2021,8,LATO,22.59559879836941,49.82878772328128,12664.545823118542,1823.1001683430982
2021-08-10,2021,8,LATO,22.65848086825777,49.82878772328128,16462.861357514073,1853.575059593548
2021-08-10,2021,8,LATO,22.721362938146143,49.82878772328128,20555.805582780067,1846.0570085940988
2021-08-10,2021,8,LATO,22.784245008034503,49.82878772328128,24797.915498238333,1845.6339059946235
2021-08-10,2021,8,LATO,22.15542430915083,49.89166979316964,21673.66463551955,1853.5645614743269
2021-08-10,2021,8,LATO,22.218306379039205,49.89166979316964,17159.501401782156,1855.4233462957473
2021-08-10,2021,8,LATO,22.281188448927566,49.89166979316964,12648.176412927016,1859.06731793749
2021-08-10,2021,8,LATO,22.34407051881594,49.89166979316964,8144.413309122736,1859.9269014510503
2021-08-10,2021,8,LATO,22.4069525887043,49.89166979316964,3676.120132065583,1860.014230868324
2021-08-10,2021,8,LATO,22.469834658592674,49.89166979316964,1234.3332592430152,1854.5290948318145
2021-08-10,2021,8,LATO,22.532716728481034,49.89166979316964,5510.047998282455,1846.5826564217155
2021-08-10,2021,8,LATO,22.59559879836941,49.89166979316964,10001.249720505602,1829.5456282543512
2021-08-10,2021,8,LATO,22.721362938146143,49.89166979316964,19021.972796300142,1854.9074627151965
2021-08-10,2021,8,LATO,22.784245008034503,49.89166979316964,23536.808419606954,1854.9074727815519
2021-08-10,2021,8,LATO,22.15542430915083,49.954551863058015,22510.8792662599,1852.4126188473617
2021-08-10,2021,8,LATO,22.218306379039205,49.954551863058015,18211.76257979477,1851.7953604931174
2021-08-10,2021,8,LATO,22.281188448927566,49.954551863058015,14048.878285394561,1855.8522703947783
2021-08-10,2021,8,LATO,22.34407051881594,49.954551863058015,10190.576603239142,1858.6881710165944
2021-08-10,2021,8,LATO,22.4069525887043,49.954551863058015,7148.356855025623,1859.7640394426344
2021-08-10,2021,8,LATO,22.469834658592674,49.954551863058015,6254.948067902238,1860.556251307205
2021-08-10,2021,8,LATO,22.532716728481034,49.954551863058015,8241.591098191455,1852.5516051247284
2021-08-10,2021,8,LATO,22.784245008034503,49.954551863058015,24307.690331532653,1854.907471501028
2021-08-10,2021,8,LATO,22.281188448927566,50.017433932946375,18237.52611427792,1849.8434022924146
2021-08-10,2021,8,LATO,22.34407051881594,50.017433932946375,15466.293793761843,1849.843369897449
2021-08-10,2021,8,LATO,22.4069525887043,50.017433932946375,13657.461448845475,1850.5727479306056
2021-08-10,2021,8,LATO,22.469834658592674,50.017433932946375,13212.389441694519,1855.2987113539907
2021-08-10,2021,8,LATO,22.654979092758325,49.76240387789346,20828.303217884408,1876.610998304429
2021-08-10,2021,8,LATO,22.717861162646685,49.76240387789346,24150.798456227407,1876.5139153860125
2021-08-10,2021,8,LATO,22.151922533651387,49.82528594778182,23405.875365687345,1859.3842706259206
2021-08-10,2021,8,LATO,22.214804603539747,49.82528594778182,19235.870255178615,1859.4492134190714
2021-08-10,2021,8,LATO,22.27768667342812,49.82528594778182,15267.139218884548,1859.4492221749485
2021-08-10,2021,8,LATO,22.34056874331648,49.82528594778182,11706.221813903036,1859.449215785714
2021-08-10,2021,8,LATO,22.403450813204856,49.82528594778182,9048.152108412338,1853.0142780217855
2021-08-10,2021,8,LATO,22.466332883093216,49.82528594778182,8221.053008191087,1853.0142814681167
2021-08-10,2021,8,LATO,22.52921495298159,49.82528594778182,9704.919022807882,1853.0142864881066
2021-08-10,2021,8,LATO,22.59209702286995,49.82528594778182,12714.892309233675,1853.014278451979
2021-08-10,2021,8,LATO,22.654979092758325,49.82528594778182,16432.736899822812,1877.2355728222922
2021-08-10,2021,8,LATO,22.717861162646685,49.82528594778182,20476.435638590574,1877.2543962726666
2021-08-10,2021,8,LATO,22.780743232535045,49.82528594778182,24686.374461595908,1877.2920785474357
2021-08-10,2021,8,LATO,22.151922533651387,49.888168017670196,21943.714546477226,1859.7126419290826
2021-08-10,2021,8,LATO,22.214804603539747,49.888168017670196,17433.901799682266,1859.8978272934771
2021-08-10,2021,8,LATO,22.27768667342812,49.888168017670196,12930.016723886381,1859.9818847113577
2021-08-10,2021,8,LATO,22.34056874331648,49.888168017670196,8441.558273147151,1862.1952341894482
2021-08-10,2021,8,LATO,22.403450813204856,49.888168017670196,4020.5373898623593,1871.1439815961878
2021-08-10,2021,8,LATO,22.466332883093216,49.888168017670196,1378.340236700597,1871.3381482024745
2021-08-10,2021,8,LATO,22.52921495298159,49.888168017670196,5335.278517147574,1871.751513390592
2021-08-10,2021,8,LATO,22.59209702286995,49.888168017670196,9790.855433427152,1873.3124226211248
2021-08-10,2021,8,LATO,22.654979092758325,49.888168017670196,14285.892584658062,1879.3852725584065
2021-08-10,2021,8,LATO,22.717861162646685,49.888168017670196,18792.09277355952,1879.51214517915
2021-08-10,2021,8,LATO,22.780743232535045,49.888168017670196,23302.978707872066,1879.765828635249
2021-08-10,2021,8,LATO,22.151922533651387,49.951050087558556,22650.735794942564,1864.9296874999714
2021-08-10,2021,8,LATO,22.214804603539747,49.951050087558556,18322.14401951243,1864.9296874999995
2021-08-10,2021,8,LATO,22.27768667342812,49.951050087558556,14111.098897429001,1864.9296874999714
2021-08-10,2021,8,LATO,22.34056874331648,49.951050087558556,10164.762378835938,1870.933097476726
2021-08-10,2021,8,LATO,22.403450813204856,49.951050087558556,6949.741580528598,1880.5319067972787
2021-08-10,2021,8,LATO,22.466332883093216,49.951050087558556,5835.461932606336,1880.36629906301
2021-08-10,2021,8,LATO,22.52921495298159,49.951050087558556,7783.5314425577835,1880.03503396279
2021-08-10,2021,8,LATO,22.59209702286995,49.951050087558556,11308.905775643625,1881.2365892369785
2021-08-10,2021,8,LATO,22.654979092758325,49.951050087558556,15361.527964304421,1882.986130148018
2021-08-10,2021,8,LATO,22.717861162646685,49.951050087558556,19617.30951502362,1882.8942834234024
2021-08-10,2021,8,LATO,22.780743232535045,49.951050087558556,23968.272952673648,1882.7105545809623
2021-08-10,2021,8,LATO,22.214804603539747,50.01393215744693,21570.866138367957,1878.4384913402587
2021-08-10,2021,8,LATO,22.27768667342812,50.01393215744693,18135.667247950434,1878.4839935810635
2021-08-10,2021,8,LATO,22.34056874331648,50.01393215744693,15271.760579885215,1876.3593105004497
2021-08-10,2021,8,LATO,22.403450813204856,50.01393215744693,13351.96649113589,1875.8464677799675
2021-08-10,2021,8,LATO,22.466332883093216,50.01393215744693,12808.094803621061,1875.9494482805974
2021-08-10,2021,8,LATO,22.52921495298159,50.01393215744693,13803.746921521719,1876.1554025724056
2021-08-10,2021,8,LATO,22.59209702286995,50.01393215744693,16055.016871001992,1877.148144653974
2021-08-10,2021,8,LATO,22.654979092758325,50.01393215744693,19123.488466698425,1878.9824033085602
2021-08-10,2021,8,LATO,22.717861162646685,50.01393215744693,22679.86140924711,1878.9824290378274
2021-08-10,2021,8,LATO,22.27768667342812,50.07681422733529,23590.82111100567,1880.1498137331898
2021-08-10,2021,8,LATO,22.34056874331648,50.07681422733529,21470.353750102357,1879.2784021830685
2021-08-10,2021,8,LATO,22.403450813204856,50.07681422733529,20151.828542088526,1879.324556971506
2021-08-10,2021,8,LATO,22.466332883093216,50.07681422733529,19796.13709963228,1879.3911292014081
2021-08-10,2021,8,LATO,22.52921495298159,50.07681422733529,20453.571741219614,1879.524271110367
2021-08-10,2021,8,LATO,22.59209702286995,50.07681422733529,22033.6317672701,1878.95148938106
2021-08-13,2021,8,LATO,22.34407051881594,49.703023583504546,23255.137262703734,1846.9958359997677
2021-08-13,2021,8,LATO,22.59559879836941,49.703023583504546,23971.357135078226,1823.831788357361
2021-08-13,2021,8,LATO,22.218306379039205,49.765905653392906,22660.981171845084,1855.0975637289544
2021-08-13,2021,8,LATO,22.281188448927566,49.765905653392906,19460.18928820575,1862.2279641099333
2021-08-13,2021,8,LATO,22.34407051881594,49.765905653392906,16876.349965413232,1866.7988368500066
2021-08-13,2021,8,LATO,22.15542430915083,49.82878772328128,23034.617265911897,1850.4832084806285
2021-08-13,2021,8,LATO,22.218306379039205,49.82878772328128,18843.212638873254,1859.7430933472792
2021-08-13,2021,8,LATO,22.281188448927566,49.82878772328128,14846.545618054737,1865.5648381412198
2021-08-13,2021,8,LATO,22.34407051881594,49.82878772328128,11254.042585435333,1866.7294949689701
2021-08-13,2021,8,LATO,22.15542430915083,49.89166979316964,21673.66463551955,1851.7070234446664
2021-08-13,2021,8,LATO,22.218306379039205,49.89166979316964,17159.501401782156,1851.926308706325
2021-08-13,2021,8,LATO,22.281188448927566,49.89166979316964,12648.176412927016,1860.430177331381
2021-08-13,2021,8,LATO,22.34407051881594,49.89166979316964,8144.413309122736,1860.4301514130739
2021-08-13,2021,8,LATO,22.15542430915083,49.954551863058015,22510.8792662599,1847.0904367758058
2021-08-13,2021,8,LATO,22.218306379039205,49.954551863058015,18211.76257979477,1841.4904814659221
2021-08-13,2021,8,LATO,22.281188448927566,49.954551863058015,14048.878285394561,1841.262292055925
2021-08-13,2021,8,LATO,22.34407051881594,49.954551863058015,10190.576603239142,1840.0358778693917
2021-08-13,2021,8,LATO,22.34407051881594,50.017433932946375,15466.293793761843,1840.0359292670196
2021-08-13,2021,8,LATO,22.469834658592674,50.08031600283475,20195.42885761202,1842.7852416585174
2021-08-13,2021,8,LATO,22.532716728481034,50.08031600283475,20894.489209014744,1854.4799373648696
2021-08-13,2021,8,LATO,22.59559879836941,50.08031600283475,22493.81768028525,1860.1234312397535
2021-08-14,2021,8,LATO,22.218306379039205,49.765905653392906,22660.981171845084,1879.7478134352148
2021-08-14,2021,8,LATO,22.281188448927566,49.765905653392906,19460.18928820575,1879.747786254686
2021-08-14,2021,8,LATO,22.4069525887043,49.765905653392906,15226.84159524863,1861.163660215257
2021-08-14,2021,8,LATO,22.469834658592674,49.765905653392906,14826.846263880092,1855.5617504002346
2021-08-14,2021,8,LATO,22.532716728481034,49.765905653392906,15771.718948820126,1851.8833095841005
2021-08-14,2021,8,LATO,22.218306379039205,49.82878772328128,18843.212638873254,1880.383043596841
2021-08-14,2021,8,LATO,22.281188448927566,49.82878772328128,14846.545618054737,1879.7478022041946
2021-08-14,2021,8,LATO,22.34407051881594,49.82878772328128,11254.042585435333,1879.4932633840108
2021-08-14,2021,8,LATO,22.4069525887043,49.82878772328128,8588.79621870295,1867.9213032763128
2021-08-14,2021,8,LATO,22.469834658592674,49.82878772328128,7858.857339596868,1868.4078369141232
2021-08-14,2021,8,LATO,22.532716728481034,49.82878772328128,9520.294167600396,1858.6795002680585
2021-08-14,2021,8,LATO,22.15542430915083,49.89166979316964,21673.66463551955,1869.6066165377363
2021-08-14,2021,8,LATO,22.218306379039205,49.89166979316964,17159.501401782156,1871.3228252175145
2021-08-14,2021,8,LATO,22.281188448927566,49.89166979316964,12648.176412927016,1877.8807553800148
2021-08-14,2021,8,LATO,22.34407051881594,49.89166979316964,8144.413309122736,1877.088958688181
2021-08-14,2021,8,LATO,22.4069525887043,49.89166979316964,3676.120132065583,1873.6562086105605
2021-08-14,2021,8,LATO,22.469834658592674,49.89166979316964,1234.3332592430152,1869.7351586101468
2021-08-14,2021,8,LATO,22.532716728481034,49.89166979316964,5510.047998282455,1871.5078117720684
2021-08-14,2021,8,LATO,22.59559879836941,49.89166979316964,10001.249720505602,1871.5078026348106
2021-08-14,2021,8,LATO,22.15542430915083,49.954551863058015,22510.8792662599,1867.6003208536965
2021-08-14,2021,8,LATO,22.218306379039205,49.954551863058015,18211.76257979477,1868.9762032207918
2021-08-14,2021,8,LATO,22.281188448927566,49.954551863058015,14048.878285394561,1874.1483175706087
2021-08-14,2021,8,LATO,22.34407051881594,49.954551863058015,10190.576603239142,1875.7909531748414
2021-08-14,2021,8,LATO,22.4069525887043,49.954551863058015,7148.356855025623,1876.568877073349
2021-08-14,2021,8,LATO,22.469834658592674,49.954551863058015,6254.948067902238,1874.4416318196804
2021-08-14,2021,8,LATO,22.532716728481034,49.954551863058015,8241.591098191455,1872.9123202070725
2021-08-14,2021,8,LATO,22.59559879836941,49.954551863058015,11725.935301088623,1872.2555764680187
2021-08-14,2021,8,LATO,22.218306379039205,50.017433932946375,21603.925642499682,1866.347967803929
2021-08-14,2021,8,LATO,22.281188448927566,50.017433932946375,18237.52611427792,1867.2222743664909
2021-08-14,2021,8,LATO,22.34407051881594,50.017433932946375,15466.293793761843,1868.5521568315485
2021-08-14,2021,8,LATO,22.4069525887043,50.017433932946375,13657.461448845475,1878.6840028124184
2021-08-14,2021,8,LATO,22.469834658592674,50.017433932946375,13212.389441694519,1878.988507427145
2021-08-14,2021,8,LATO,22.532716728481034,50.017433932946375,14259.351764241463,1875.2128876204129
2021-08-14,2021,8,LATO,22.59559879836941,50.017433932946375,16517.022631493433,1859.07545239843
2021-08-14,2021,8,LATO,22.65848086825777,50.017433932946375,19570.797270048133,1858.5074125222152
2021-08-14,2021,8,LATO,22.281188448927566,50.08031600283475,23784.217944379117,1854.9481444349017
2021-08-14,2021,8,LATO,22.34407051881594,50.08031600283475,21734.993638187294,1858.9797106886488
2021-08-14,2021,8,LATO,22.4069525887043,50.08031600283475,20488.99113317238,1872.0929776016185
2021-08-14,2021,8,LATO,22.469834658592674,50.08031600283475,20195.42885761202,1873.0157777243362
2021-08-14,2021,8,LATO,22.532716728481034,50.08031600283475,20894.489209014744,1850.0243200677305
2021-08-14,2021,8,LATO,22.59559879836941,50.08031600283475,22493.81768028525,1849.8520046665008
2021-08-14,2021,8,LATO,22.65848086825777,50.08031600283475,24819.99003576218,1851.341631894433
2021-08-15,2021,8,LATO,22.34757229431539,49.703023583504546,23168.31894664425,1830.4805491980717
2021-08-15,2021,8,LATO,22.41045436420376,49.703023583504546,22046.099098923332,1827.9748867836383
2021-08-15,2021,8,LATO,22.47333643409212,49.703023583504546,21823.749167416576,1826.904321529898
2021-08-15,2021,8,LATO,22.221808154538657,49.765905653392906,22470.778294886353,1853.8560769535309
2021-08-15,2021,8,LATO,22.284690224427024,49.765905653392906,19297.51976535863,1845.2155403232966
2021-08-15,2021,8,LATO,22.34757229431539,49.765905653392906,16756.669858777605,1835.2731339113236
2021-08-15,2021,8,LATO,22.41045436420376,49.765905653392906,15169.409691525678,1831.184734042424
2021-08-15,2021,8,LATO,22.15892608465029,49.82878772328128,22797.8940880918,1832.8244163858672
2021-08-15,2021,8,LATO,22.221808154538657,49.82878772328128,18614.33792429808,1837.7305273844454
2021-08-15,2021,8,LATO,22.284690224427024,49.82878772328128,14632.954900984281,1852.5022643677441
2021-08-15,2021,8,LATO,22.34757229431539,49.82878772328128,11073.999801337277,1854.4240282236267
2021-08-15,2021,8,LATO,22.41045436420376,49.82878772328128,8486.693319365651,1831.3859911694362
2021-08-15,2021,8,LATO,22.15892608465029,49.89166979316964,21422.235989645214,1831.457742854814
2021-08-15,2021,8,LATO,22.221808154538657,49.89166979316964,16908.179138844593,1831.4577645207667
2021-08-15,2021,8,LATO,22.284690224427024,49.89166979316964,12397.09576514118,1833.4694196093828
2021-08-15,2021,8,LATO,22.34757229431539,49.89166979316964,7894.09100685643,1835.5700393578466
2021-08-15,2021,8,LATO,22.221808154538657,49.954551863058015,17975.468261573984,1831.4577642254308
2021-08-15,2021,8,LATO,22.284690224427024,49.954551863058015,13823.558632900227,1831.457759041497
2021-08-15,2021,8,LATO,22.284690224427024,50.08031600283475,23652.171169138048,1848.2696548846332
2021-08-15,2021,8,LATO,22.34757229431539,50.08031600283475,21642.801132084838,1848.2696456047383
2021-08-15,2021,8,LATO,22.41045436420376,50.08031600283475,20446.622197484277,1848.269587460532
2021-08-15,2021,8,LATO,22.66198264375722,50.08031600283475,24967.10526008387,1817.5425190284036
2021-08-16,2021,8,LATO,22.34407051881594,49.69952180800509,23620.59833694739,1846.014526819786
2021-08-16,2021,8,LATO,22.4069525887043,49.69952180800509,22470.111308591022,1832.9590527627383
2021-08-16,2021,8,LATO,22.469834658592674,49.69952180800509,22200.633987480778,1833.093763691789
2021-08-16,2021,8,LATO,22.532716728481034,49.69952180800509,22843.366136554745,1833.36641361957
2021-08-16,2021,8,LATO,22.59559879836941,49.69952180800509,24326.11047779367,1851.3215428436229
2021-08-16,2021,8,LATO,22.218306379039205,49.76240387789346,22917.674111146174,1853.9347632275008
2021-08-16,2021,8,LATO,22.281188448927566,49.76240387789346,19758.26363322222,1852.1283260597404
2021-08-16,2021,8,LATO,22.34407051881594,49.76240387789346,17219.01409544969,1851.8772487412396
2021-08-16,2021,8,LATO,22.4069525887043,49.76240387789346,15605.644834167053,1832.1464811657997
2021-08-16,2021,8,LATO,22.469834658592674,49.76240387789346,15215.582461313063,1832.146475036724
2021-08-16,2021,8,LATO,22.532716728481034,49.76240387789346,16137.774964274748,1837.9991779955135
2021-08-16,2021,8,LATO,22.59559879836941,49.76240387789346,18173.545937952676,1847.7051934352373
2021-08-16,2021,8,LATO,22.65848086825777,49.76240387789346,21001.524527867983,1847.7052108041303
2021-08-16,2021,8,LATO,22.721362938146143,49.76240387789346,24347.208013343,1861.655959824129
2021-08-16,2021,8,LATO,22.218306379039205,49.82528594778182,19008.37222621388,1857.5802661824414
2021-08-16,2021,8,LATO,22.281188448927566,49.82528594778182,15055.289865737017,1857.4123725530915
2021-08-16,2021,8,LATO,22.34407051881594,49.82528594778182,11527.729664371389,1857.3187297424583
2021-08-16,2021,8,LATO,22.218306379039205,49.888168017670196,17182.890490330894,1852.3012695311777
2021-08-16,2021,8,LATO,22.281188448927566,49.888168017670196,12679.5060528994,1852.4989745465173
2021-08-16,2021,8,LATO,22.34407051881594,49.888168017670196,8192.569773676416,1852.760334652463
2021-08-16,2021,8,LATO,22.218306379039205,49.951050087558556,18083.778603949715,1852.301265198897
2021-08-16,2021,8,LATO,22.281188448927566,49.951050087558556,13882.218574993138,1852.3012618097
2021-08-16,2021,8,LATO,22.34407051881594,49.951050087558556,9959.22054435593,1852.3012612093928
2022-01-24,2022,1,ZIMA,22.351074069814842,49.692518257006185,24190.285392836526,1876.6215221149212
2022-01-24,2022,1,ZIMA,22.41395613970321,49.692518257006185,23166.81612948473,1879.9426269530595
2022-01-24,2022,1,ZIMA,22.476838209591577,49.692518257006185,23004.950086141587,1880.1843045723774
2022-01-24,2022,1,ZIMA,22.539720279479937,49.692518257006185,23722.33053402328,1879.4965681368665
2022-01-24,2022,1,ZIMA,22.225309930038108,49.755400326894545,23075.62091358676,1873.744643823697
2022-01-24,2022,1,ZIMA,22.288191999926475,49.755400326894545,20054.775957172795,1874.4835493369571
2022-01-24,2022,1,ZIMA,22.351074069814842,49.755400326894545,17687.45214846048,1880.123906253119
2022-01-24,2022,1,ZIMA,22.41395613970321,49.755400326894545,16261.611335671701,1880.2637862506053
2022-01-24,2022,1,ZIMA,22.476838209591577,49.755400326894545,16030.471476220679,1880.3005038855292
2022-01-24,2022,1,ZIMA,22.539720279479937,49.755400326894545,17042.710013347772,1886.0763083214795
2022-01-24,2022,1,ZIMA,22.602602349368304,49.755400326894545,19101.674777579803,1900.4853330594283
2022-01-24,2022,1,ZIMA,22.66548441925667,49.755400326894545,21914.29117237456,1897.9898609057882
2022-01-24,2022,1,ZIMA,22.16242786014974,49.818282396782934,22993.89771570689,1880.9793584286165
2022-01-24,2022,1,ZIMA,22.225309930038108,49.818282396782934,18913.18168296834,1886.529132086996
2022-01-24,2022,1,ZIMA,22.288191999926475,49.818282396782934,15085.974138612986,1887.0379242332929
2022-01-24,2022,1,ZIMA,22.351074069814842,49.818282396782934,11762.396604778049,1887.940724679521
2022-01-24,2022,1,ZIMA,22.41395613970321,49.818282396782934,9487.389990687023,1885.213924153585
2022-01-24,2022,1,ZIMA,22.476838209591577,49.818282396782934,9086.046306825554,1888.538258359252
2022-01-24,2022,1,ZIMA,22.539720279479937,49.818282396782934,10769.907347387072,1903.5909685441434
2022-01-24,2022,1,ZIMA,22.602602349368304,49.818282396782934,13795.462190407134,1904.3784150909303
2022-01-24,2022,1,ZIMA,22.66548441925667,49.818282396782934,17479.35546032421,1903.3997267409973
2022-01-24,2022,1,ZIMA,22.72836648914504,49.818282396782934,21485.578151212052,1900.463755536311
2022-01-24,2022,1,ZIMA,22.16242786014974,49.881164466671294,21249.860616887832,1878.9299501966768
2022-01-24,2022,1,ZIMA,22.225309930038108,49.881164466671294,16756.11579897442,1878.929916275751
2022-01-24,2022,1,ZIMA,22.288191999926475,49.881164466671294,12280.645751248541,1877.6768724133178
2022-01-24,2022,1,ZIMA,22.351074069814842,49.881164466671294,7854.756429353045,1877.6768790549538
2022-01-24,2022,1,ZIMA,22.476838209591577,49.881164466671294,2443.685044444684,1872.570129045527
2022-02-13,2022,2,ZIMA,22.417457915202657,49.692518257006185,23134.547378102303,1897.5763989257464
2022-02-13,2022,2,ZIMA,22.480339985091025,49.692518257006185,23022.08858500473,1897.7247526534136
2022-02-13,2022,2,ZIMA,22.543222054979392,49.692518257006185,23786.98643868175,1899.9068209308323
2022-02-13,2022,2,ZIMA,22.480339985091025,49.755400326894545,16055.025104151813,1897.5764323422316
2022-02-13,2022,2,ZIMA,22.165929635649192,50.006928606448014,24087.11788566591,1888.508657206887
2022-02-13,2022,2,ZIMA,22.22881170553756,50.006928606448014,20300.550055771535,1889.180493218217
2022-02-13,2022,2,ZIMA,22.291693775425927,50.006928606448014,16874.99133361886,1891.8574139878342
2022-02-13,2022,2,ZIMA,22.354575845314294,50.006928606448014,14076.517619419135,1891.8574084871077
2022-02-13,2022,2,ZIMA,22.291693775425927,50.069810676336374,22394.741498546697,1890.275025470753
2022-02-13,2022,2,ZIMA,22.354575845314294,50.069810676336374,20372.0547241168,1891.857423377953
2022-02-13,2022,2,ZIMA,22.417457915202657,50.069810676336374,19214.409734969002,1891.8573792038137
2022-02-13,2022,2,ZIMA,22.668986194756126,49.755400326894545,22087.641825604678,1881.8028165117867
2022-02-13,2022,2,ZIMA,22.417457915202657,50.006928606448014,12339.42325907192,1884.6683378038008
2022-02-13,2022,2,ZIMA,22.480339985091025,50.006928606448014,12128.65266097527,1884.6676744679123
2022-02-13,2022,2,ZIMA,22.543222054979392,50.006928606448014,13515.800272744598,1884.6677245683927
2022-02-13,2022,2,ZIMA,22.60610412486776,50.006928606448014,16092.839025049043,1859.2204115365694
2022-02-13,2022,2,ZIMA,22.668986194756126,50.006928606448014,19391.031598309888,1851.9267871181316
2022-02-13,2022,2,ZIMA,22.73186826464449,50.006928606448014,23103.564470285364,1851.9433886945758
2022-02-13,2022,2,ZIMA,22.291693775425927,50.069810676336374,22394.741498546697,1870.9811827912984
2022-02-13,2022,2,ZIMA,22.354575845314294,50.069810676336374,20372.0547241168,1870.9811755993157
2022-02-13,2022,2,ZIMA,22.417457915202657,50.069810676336374,19214.409734969002,1883.3382187442485
2022-02-13,2022,2,ZIMA,22.480339985091025,50.069810676336374,19079.914015941584,1883.3374863750169
2022-02-13,2022,2,ZIMA,22.543222054979392,50.069810676336374,19989.23029615635,1883.3371201903367
2022-02-13,2022,2,ZIMA,22.60610412486776,50.069810676336374,21812.20457988765,1854.1354380342839
2022-02-13,2022,2,ZIMA,22.668986194756126,50.069810676336374,24344.445570191427,1853.1793994760694
2022-02-14,2022,2,ZIMA,22.354575845314294,49.692518257006185,24112.090228048502,1845.5168438834592
2022-02-14,2022,2,ZIMA,22.417457915202657,49.692518257006185,23134.547378102303,1854.7637622091704
2022-02-14,2022,2,ZIMA,22.480339985091025,49.692518257006185,23022.08858500473,1865.2954101561888
2022-02-14,2022,2,ZIMA,22.543222054979392,49.692518257006185,23786.98643868175,1864.3530262031413
2022-02-14,2022,2,ZIMA,22.417457915202657,49.755400326894545,16215.66667820542,1867.5223479978608
2022-02-14,2022,2,ZIMA,22.480339985091025,49.755400326894545,16055.025104151813,1867.191428497188
2022-02-14,2022,2,ZIMA,22.543222054979392,49.755400326894545,17132.476668509815,1870.4489367382143
2022-02-14,2022,2,ZIMA,22.60610412486776,49.755400326894545,19241.147484226796,1870.67577659173
2022-02-14,2022,2,ZIMA,22.668986194756126,49.755400326894545,22087.641825604678,1868.8132802430443
2022-02-14,2022,2,ZIMA,22.60610412486776,49.818282396782934,13987.696201742643,1865.541926754988
2022-02-14,2022,2,ZIMA,22.668986194756126,49.818282396782934,17695.925250540768,1863.5773138992406
2022-02-14,2022,2,ZIMA,22.73186826464449,49.818282396782934,21714.62640675995,1863.480346679647
2022-02-14,2022,2,ZIMA,22.60610412486776,49.881164466671294,10905.258517402252,1872.8656588640404
2022-02-14,2022,2,ZIMA,22.668986194756126,49.881164466671294,15370.833327011827,1872.1157431523545
2022-02-14,2022,2,ZIMA,22.73186826464449,49.881164466671294,19860.423092579564,1871.9938286798308
2022-02-14,2022,2,ZIMA,22.794750334532857,49.881164466671294,24360.75155742461,1879.783880499127
2022-02-14,2022,2,ZIMA,22.60610412486776,49.944046536559654,11833.48850859346,1873.6357983254143
2022-02-14,2022,2,ZIMA,22.668986194756126,49.944046536559654,16037.980704463247,1873.6673950826987
2022-02-14,2022,2,ZIMA,22.73186826464449,49.944046536559654,20376.093396314827,1877.0559136031504
2022-02-14,2022,2,ZIMA,22.794750334532857,49.944046536559654,24777.740103857333,1881.3066754369702
2022-02-14,2022,2,ZIMA,22.291693775425927,50.006928606448014,16874.99133361886,1876.918702060365
2022-02-14,2022,2,ZIMA,22.354575845314294,50.006928606448014,14076.517619419135,1874.3448435384282
2022-02-14,2022,2,ZIMA,22.417457915202657,50.006928606448014,12339.42325907192,1873.222205990647
2022-02-14,2022,2,ZIMA,22.480339985091025,50.006928606448014,12128.65266097527,1874.955036369924
2022-02-14,2022,2,ZIMA,22.543222054979392,50.006928606448014,13515.800272744598,1874.8533178510297
2022-02-14,2022,2,ZIMA,22.60610412486776,50.006928606448014,16092.839025049043,1869.4316145627304
2022-02-14,2022,2,ZIMA,22.668986194756126,50.006928606448014,19391.031598309888,1869.0868370700814
2022-02-14,2022,2,ZIMA,22.73186826464449,50.006928606448014,23103.564470285364,1874.976446372519
2022-02-14,2022,2,ZIMA,22.291693775425927,50.069810676336374,22394.741498546697,1872.484553632974
2022-02-14,2022,2,ZIMA,22.354575845314294,50.069810676336374,20372.0547241168,1875.3182909249506
2022-02-14,2022,2,ZIMA,22.417457915202657,50.069810676336374,19214.409734969002,1875.792875747433
2022-02-14,2022,2,ZIMA,22.480339985091025,50.069810676336374,19079.914015941584,1875.395488313354
2022-02-14,2022,2,ZIMA,22.543222054979392,50.069810676336374,19989.23029615635,1875.7432708437916
2022-02-14,2022,2,ZIMA,22.60610412486776,50.069810676336374,21812.20457988765,1873.604614257881
2022-02-14,2022,2,ZIMA,22.668986194756126,50.069810676336374,24344.445570191427,1873.604614257751
2022-02-15,2022,2,ZIMA,22.291693775425927,50.006928606448014,16874.99133361886,1874.5112266611661
2022-02-15,2022,2,ZIMA,22.354575845314294,50.006928606448014,14076.517619419135,1874.5112289760964
2022-02-15,2022,2,ZIMA,22.417457915202657,50.006928606448014,12339.42325907192,1874.511296363696
2022-02-15,2022,2,ZIMA,22.291693775425927,50.069810676336374,22394.741498546697,1874.4065830133206
2022-02-15,2022,2,ZIMA,22.354575845314294,50.069810676336374,20372.0547241168,1874.5112211306252
2022-02-24,2022,2,ZIMA,22.354575845314294,49.692518257006185,24112.090228048502,1866.7926463495487
2022-02-24,2022,2,ZIMA,22.417457915202657,49.692518257006185,23134.547378102303,1860.6473823102265
2022-02-24,2022,2,ZIMA,22.480339985091025,49.692518257006185,23022.08858500473,1856.7859523238685
2022-02-24,2022,2,ZIMA,22.543222054979392,49.692518257006185,23786.98643868175,1862.5264808336035
2022-02-24,2022,2,ZIMA,22.22881170553756,49.755400326894545,22894.36986324161,1861.2858227226263
2022-02-24,2022,2,ZIMA,22.291693775425927,49.755400326894545,19903.314178415047,1866.8857283749326
2022-02-24,2022,2,ZIMA,22.354575845314294,49.755400326894545,17580.495625769614,1866.885366185851
2022-02-24,2022,2,ZIMA,22.417457915202657,49.755400326894545,16215.66667820542,1866.7921861111602
2022-02-24,2022,2,ZIMA,22.480339985091025,49.755400326894545,16055.025104151813,1860.4491775204986
2022-02-24,2022,2,ZIMA,22.543222054979392,49.755400326894545,17132.476668509815,1857.1456734512883
2022-02-24,2022,2,ZIMA,22.60610412486776,49.755400326894545,19241.147484226796,1878.1699106092624
2022-02-24,2022,2,ZIMA,22.668986194756126,49.755400326894545,22087.641825604678,1877.0808609525757
2022-02-24,2022,2,ZIMA,22.165929635649192,49.818282396782934,22762.27075808762,1873.7020646246028
2022-02-24,2022,2,ZIMA,22.22881170553756,49.818282396782934,18691.89945697382,1871.8582806168256
2022-02-24,2022,2,ZIMA,22.291693775425927,49.818282396782934,14884.29752506612,1862.481016022586
2022-02-24,2022,2,ZIMA,22.354575845314294,49.818282396782934,11601.151230090853,1859.9616699218063
2022-02-24,2022,2,ZIMA,22.417457915202657,49.818282396782934,9408.524932013164,1865.050750524271
2022-02-24,2022,2,ZIMA,22.480339985091025,49.818282396782934,9129.240569089454,1875.1352359213865
2022-02-24,2022,2,ZIMA,22.543222054979392,49.818282396782934,10911.220491147085,1884.3068337355298
2022-02-24,2022,2,ZIMA,22.60610412486776,49.818282396782934,13987.696201742643,1884.6063444801214
2022-02-24,2022,2,ZIMA,22.668986194756126,49.818282396782934,17695.925250540768,1881.8096246082425
2022-02-24,2022,2,ZIMA,22.73186826464449,49.818282396782934,21714.62640675995,1879.302018796453
2022-02-24,2022,2,ZIMA,22.165929635649192,49.881164466671294,20999.33229321837,1884.8075933724888
2022-02-24,2022,2,ZIMA,22.22881170553756,49.881164466671294,16506.267562304827,1883.42230795448
2022-02-24,2022,2,ZIMA,22.291693775425927,49.881164466671294,12032.364262771302,1878.9014078269754
2022-02-24,2022,2,ZIMA,22.354575845314294,49.881164466671294,7611.491975228226,1873.3706909419946
2022-02-24,2022,2,ZIMA,22.417457915202657,49.881164466671294,3453.693223036827,1870.4450013092812
2022-02-24,2022,2,ZIMA,22.480339985091025,49.881164466671294,2599.495245792041,1876.8670630131796
2022-02-24,2022,2,ZIMA,22.543222054979392,49.881164466671294,6513.288539257984,1878.2070123730946
2022-02-24,2022,2,ZIMA,22.60610412486776,49.881164466671294,10905.258517402252,1882.2191162109657
2022-02-24,2022,2,ZIMA,22.668986194756126,49.881164466671294,15370.833327011827,1882.796605030964
2022-02-24,2022,2,ZIMA,22.73186826464449,49.881164466671294,19860.423092579564,1885.3116275089749
2022-02-24,2022,2,ZIMA,22.794750334532857,49.881164466671294,24360.75155742461,1884.5590874903255
2022-02-24,2022,2,ZIMA,22.165929635649192,49.944046536559654,21486.28087913054,1886.8638054452424
2022-02-24,2022,2,ZIMA,22.22881170553756,49.944046536559654,17127.876258600787,1885.9658577306748
2022-02-24,2022,2,ZIMA,22.291693775425927,49.944046536559654,12878.31429302353,1883.3884920062048
2022-02-24,2022,2,ZIMA,22.354575845314294,49.944046536559654,8894.991312628392,1882.9251103860172
2022-02-24,2022,2,ZIMA,22.417457915202657,49.944046536559654,5759.680046957223,1880.44009799224
2022-02-24,2022,2,ZIMA,22.480339985091025,49.944046536559654,5292.450368233288,1879.10855246356
2022-02-24,2022,2,ZIMA,22.543222054979392,49.944046536559654,7976.788686317586,1877.4543671561446
2022-02-24,2022,2,ZIMA,22.60610412486776,49.944046536559654,11833.48850859346,1878.2398291699853
2022-02-24,2022,2,ZIMA,22.668986194756126,49.944046536559654,16037.980704463247,1880.931781794072
2022-02-24,2022,2,ZIMA,22.73186826464449,49.944046536559654,20376.093396314827,1882.8125064576338
2022-02-24,2022,2,ZIMA,22.794750334532857,49.944046536559654,24777.740103857333,1884.3827940379851
2022-02-24,2022,2,ZIMA,22.165929635649192,50.006928606448014,24087.11788566591,1899.2601698608707
2022-02-24,2022,2,ZIMA,22.22881170553756,50.006928606448014,20300.550055771535,1900.5030867498126
2022-02-24,2022,2,ZIMA,22.291693775425927,50.006928606448014,16874.99133361886,1891.9199500714951
2022-02-24,2022,2,ZIMA,22.354575845314294,50.006928606448014,14076.517619419135,1880.6512198666342
2022-02-24,2022,2,ZIMA,22.417457915202657,50.006928606448014,12339.42325907192,1882.9629510668876
2022-02-24,2022,2,ZIMA,22.480339985091025,50.006928606448014,12128.65266097527,1886.8437137765193
2022-02-24,2022,2,ZIMA,22.543222054979392,50.006928606448014,13515.800272744598,1884.2144561177813
2022-02-24,2022,2,ZIMA,22.60610412486776,50.006928606448014,16092.839025049043,1880.1722139141166
2022-02-24,2022,2,ZIMA,22.668986194756126,50.006928606448014,19391.031598309888,1879.0664097249155
2022-02-24,2022,2,ZIMA,22.73186826464449,50.006928606448014,23103.564470285364,1875.7876742671256
2022-02-24,2022,2,ZIMA,22.291693775425927,50.069810676336374,22394.741498546697,1883.1644532951007
2022-02-24,2022,2,ZIMA,22.354575845314294,50.069810676336374,20372.0547241168,1873.8872017419737
2022-02-24,2022,2,ZIMA,22.417457915202657,50.069810676336374,19214.409734969002,1879.0054532924805
2022-02-24,2022,2,ZIMA,22.480339985091025,50.069810676336374,19079.914015941584,1883.015838903483
2022-02-24,2022,2,ZIMA,22.543222054979392,50.069810676336374,19989.23029615635,1886.4866858805258
2022-02-24,2022,2,ZIMA,22.60610412486776,50.069810676336374,21812.20457988765,1884.169818614679
2022-02-24,2022,2,ZIMA,22.668986194756126,50.069810676336374,24344.445570191427,1880.7770440242318
2022-02-24,2022,2,ZIMA,22.351074069814842,49.692518257006185,24190.285392836526,1844.5463378367156
2022-02-24,2022,2,ZIMA,22.41395613970321,49.692518257006185,23166.81612948473,1850.314575195248
2022-02-24,2022,2,ZIMA,22.476838209591577,49.692518257006185,23004.950086141587,1850.31457519538
2022-02-24,2022,2,ZIMA,22.539720279479937,49.692518257006185,23722.33053402328,1853.4062194952246
2022-02-24,2022,2,ZIMA,22.225309930038108,49.755400326894545,23075.62091358676,1840.9830322265225
2022-02-24,2022,2,ZIMA,22.288191999926475,49.755400326894545,20054.775957172795,1840.9840009298537
2022-02-24,2022,2,ZIMA,22.351074069814842,49.755400326894545,17687.45214846048,1843.4276803463085
2022-02-24,2022,2,ZIMA,22.41395613970321,49.755400326894545,16261.611335671701,1850.1128642280735
2022-02-24,2022,2,ZIMA,22.476838209591577,49.755400326894545,16030.471476220679,1850.1182260342148
2022-02-24,2022,2,ZIMA,22.539720279479937,49.755400326894545,17042.710013347772,1860.5879604375702
2022-02-24,2022,2,ZIMA,22.602602349368304,49.755400326894545,19101.674777579803,1861.196744672072
2022-02-24,2022,2,ZIMA,22.66548441925667,49.755400326894545,21914.29117237456,1861.0296223200537
2022-02-24,2022,2,ZIMA,22.16242786014974,49.818282396782934,22993.89771570689,1854.789460356733
2022-02-24,2022,2,ZIMA,22.225309930038108,49.818282396782934,18913.18168296834,1854.3238266840692
2022-02-24,2022,2,ZIMA,22.288191999926475,49.818282396782934,15085.974138612986,1853.7051785720764
2022-02-24,2022,2,ZIMA,22.351074069814842,49.818282396782934,11762.396604778049,1856.2221651563584
2022-02-24,2022,2,ZIMA,22.41395613970321,49.818282396782934,9487.389990687023,1857.59707180203
2022-02-24,2022,2,ZIMA,22.476838209591577,49.818282396782934,9086.046306825554,1857.639527374303
2022-02-24,2022,2,ZIMA,22.539720279479937,49.818282396782934,10769.907347387072,1869.8823527427153
2022-02-24,2022,2,ZIMA,22.602602349368304,49.818282396782934,13795.462190407134,1870.4892919862202
2022-02-24,2022,2,ZIMA,22.66548441925667,49.818282396782934,17479.35546032421,1871.2973767482497
2022-02-24,2022,2,ZIMA,22.72836648914504,49.818282396782934,21485.578151212052,1880.1182830315533
2022-02-24,2022,2,ZIMA,22.16242786014974,49.881164466671294,21249.860616887832,1855.3274308019345
2022-02-24,2022,2,ZIMA,22.225309930038108,49.881164466671294,16756.11579897442,1855.3144268453
2022-02-24,2022,2,ZIMA,22.288191999926475,49.881164466671294,12280.645751248541,1858.2840753745563
2022-02-24,2022,2,ZIMA,22.351074069814842,49.881164466671294,7854.756429353045,1865.3100983657237
2022-02-24,2022,2,ZIMA,22.41395613970321,49.881164466671294,3662.826773873633,1865.3292134663113
2022-02-24,2022,2,ZIMA,22.476838209591577,49.881164466671294,2443.685044444684,1865.4505453167762
2022-02-24,2022,2,ZIMA,22.539720279479937,49.881164466671294,6273.998858484071,1881.1418457031534
2022-02-24,2022,2,ZIMA,22.602602349368304,49.881164466671294,10657.89446856776,1881.1418457031532
2022-02-24,2022,2,ZIMA,22.66548441925667,49.881164466671294,15121.325647202782,1883.3170125232798
2022-02-24,2022,2,ZIMA,22.72836648914504,49.881164466671294,19610.05619446446,1885.5833740234618
2022-02-24,2022,2,ZIMA,22.791248559033406,49.881164466671294,24109.957451561382,1885.583374023368
2022-02-24,2022,2,ZIMA,22.16242786014974,49.944046536559654,21730.87968921617,1855.7232666015339
2022-02-24,2022,2,ZIMA,22.225309930038108,49.944046536559654,17368.474145849043,1855.723266601562
2022-02-24,2022,2,ZIMA,22.288191999926475,49.944046536559654,13110.286221926865,1860.8787671957161
2022-02-24,2022,2,ZIMA,22.351074069814842,49.944046536559654,9103.755684438656,1864.9461669921263
2022-02-24,2022,2,ZIMA,22.41395613970321,49.944046536559654,5887.298046828058,1864.9461669921222
2022-02-24,2022,2,ZIMA,22.476838209591577,49.944046536559654,5217.7845571906855,1868.6377242681676
2022-02-24,2022,2,ZIMA,22.539720279479937,49.944046536559654,7782.88322853803,1884.3230443871728
2022-02-24,2022,2,ZIMA,22.602602349368304,49.944046536559654,11606.223911688516,1884.1757484130685
2022-02-24,2022,2,ZIMA,22.66548441925667,49.944046536559654,15799.32540761907,1884.052755009605
2022-02-24,2022,2,ZIMA,22.72836648914504,49.944046536559654,20132.459394701837,1884.1725805062713
2022-02-24,2022,2,ZIMA,22.791248559033406,49.944046536559654,24531.531380854187,1884.2047959394404
2022-02-24,2022,2,ZIMA,22.16242786014974,50.006928606448014,24305.27406858883,1866.1117202991875
2022-02-24,2022,2,ZIMA,22.225309930038108,50.006928606448014,20503.689161433696,1865.7403723167274
2022-02-24,2022,2,ZIMA,22.288191999926475,50.006928606448014,17052.451413993313,1878.481442091203
2022-02-24,2022,2,ZIMA,22.351074069814842,50.006928606448014,14209.185108303696,1878.2886853234784
2022-02-24,2022,2,ZIMA,22.41395613970321,50.006928606448014,12399.427065448039,1877.741810515896
2022-02-24,2022,2,ZIMA,22.476838209591577,50.006928606448014,12096.300368318187,1882.6170600950231
2022-02-24,2022,2,ZIMA,22.539720279479937,50.006928606448014,13402.423659929149,1884.8814818161782
2022-02-24,2022,2,ZIMA,22.602602349368304,50.006928606448014,15926.688222586916,1884.075112504047
2022-02-24,2022,2,ZIMA,22.66548441925667,50.006928606448014,19194.370650338067,1882.1726278145034
2022-02-24,2022,2,ZIMA,22.72836648914504,50.006928606448014,22889.261329786274,1881.9893953567946
2022-02-24,2022,2,ZIMA,22.288191999926475,50.069810676336374,22528.58957328347,1880.7545891327916
2022-02-24,2022,2,ZIMA,22.351074069814842,50.069810676336374,20463.829199069023,1880.8707934834474
2022-02-24,2022,2,ZIMA,22.41395613970321,50.069810676336374,19252.94859761089,1881.1750340276474
2022-02-24,2022,2,ZIMA,22.476838209591577,50.069810676336374,19059.391608038903,1885.7885904673249
2022-02-24,2022,2,ZIMA,22.539720279479937,50.069810676336374,19912.845501312324,1886.2498913910304
2022-02-24,2022,2,ZIMA,22.602602349368304,50.069810676336374,21690.07027748715,1884.6778910687422
2022-02-24,2022,2,ZIMA,22.66548441925667,50.069810676336374,24188.296744026244,1883.2266750600143
2022-03-11,2022,3,ZIMA,22.60610412486776,49.89166979316964,10753.768425853132,1893.7363396144972
2022-03-11,2022,3,ZIMA,22.668986194756126,49.89166979316964,15262.893735083717,1895.9910811759466
2022-03-11,2022,3,ZIMA,22.73186826464449,49.89166979316964,19776.134276070505,1896.9565447617506
2022-03-11,2022,3,ZIMA,22.794750334532857,49.89166979316964,24291.194065453536,1896.9565473021778
2022-03-11,2022,3,ZIMA,22.60610412486776,49.954551863058015,12373.188316296972,1891.9011075765113
2022-03-11,2022,3,ZIMA,22.668986194756126,49.954551863058015,16439.454591696005,1892.4017333983752
2022-03-11,2022,3,ZIMA,22.73186826464449,49.954551863058015,20692.74432795608,1895.256279078677
2022-03-11,2022,3,ZIMA,22.480339985091025,50.017433932946375,13286.800817179106,1889.240215608594
2022-03-11,2022,3,ZIMA,22.543222054979392,50.017433932946375,14563.789322484645,1894.0679696001591
2022-03-11,2022,3,ZIMA,22.60610412486776,50.017433932946375,16982.046877098484,1892.4342399646043
2022-03-11,2022,3,ZIMA,22.668986194756126,50.017433932946375,20134.47338387348,1890.1754308984855
2022-03-11,2022,3,ZIMA,22.73186826464449,50.017433932946375,23730.259141340277,1889.6074430901845
2022-03-11,2022,3,ZIMA,22.480339985091025,50.08031600283475,20244.125442972134,1885.099557016148
2022-03-11,2022,3,ZIMA,22.543222054979392,50.08031600283475,21103.1530005928,1886.9428897472815
2022-03-11,2022,3,ZIMA,22.60610412486776,50.08031600283475,22837.01728511146,1889.2583660205005
2022-03-11,2022,3,ZIMA,22.72836648914504,49.76240387789346,24743.046081811666,1877.3281167200607
2022-03-11,2022,3,ZIMA,22.41395613970321,49.888168017670196,3307.677345066955,1882.0120836285316
2022-03-11,2022,3,ZIMA,22.476838209591577,49.888168017670196,1870.0521936467014,1882.0120778512294
2022-03-11,2022,3,ZIMA,22.539720279479937,49.888168017670196,6073.198666981766,1882.0120945582128
2022-03-11,2022,3,ZIMA,22.602602349368304,49.888168017670196,10540.42966692191,1882.0120827319877
2022-03-11,2022,3,ZIMA,22.66548441925667,49.888168017670196,15038.210857955384,1882.012078613748
2022-03-11,2022,3,ZIMA,22.41395613970321,49.951050087558556,6563.667205010626,1878.2864733759056
2022-03-11,2022,3,ZIMA,22.476838209591577,49.951050087558556,5970.578357647499,1877.9736654897795
2022-03-11,2022,3,ZIMA,22.539720279479937,49.951050087558556,8306.079006660024,1877.3460901784276
2022-03-11,2022,3,ZIMA,22.602602349368304,49.951050087558556,11962.915358252178,1876.706148824745
2022-03-11,2022,3,ZIMA,22.66548441925667,49.951050087558556,16062.65624984055,1877.1019681572507
2022-03-11,2022,3,ZIMA,22.351074069814842,50.01393215744693,14873.22360287433,1874.47462598246
2022-03-11,2022,3,ZIMA,22.41395613970321,50.01393215744693,13155.403252170625,1874.3990646126556
2022-03-11,2022,3,ZIMA,22.476838209591577,50.01393215744693,12870.136155172722,1874.322457308683
2022-03-11,2022,3,ZIMA,22.539720279479937,50.01393215744693,14104.610591217597,1874.1692140426576
2022-03-11,2022,3,ZIMA,22.602602349368304,50.01393215744693,16521.613265744996,1874.0164340998515
2022-03-11,2022,3,ZIMA,22.66548441925667,50.01393215744693,19690.390482826235,1876.3634092633706
2022-03-11,2022,3,ZIMA,22.72836648914504,50.01393215744693,23306.292938701834,1877.389773593301
2022-03-11,2022,3,ZIMA,22.351074069814842,50.07681422733529,21189.098457688768,1872.5460023221701
2022-03-11,2022,3,ZIMA,22.41395613970321,50.07681422733529,20022.30305707215,1872.5253906249347
2022-03-11,2022,3,ZIMA,22.476838209591577,50.07681422733529,19836.281851330667,1872.5253906250684
2022-03-11,2022,3,ZIMA,22.539720279479937,50.07681422733529,20657.54689047746,1872.5253906250684
2022-03-11,2022,3,ZIMA,22.602602349368304,50.07681422733529,22375.459932273214,1872.696286016172
2022-03-11,2022,3,ZIMA,22.66548441925667,50.07681422733529,24804.416123765553,1877.4539613986985
2022-03-13,2022,3,ZIMA,22.354575845314294,49.692518257006185,24112.090228048502,1860.5432256573515
2022-03-13,2022,3,ZIMA,22.417457915202657,49.692518257006185,23134.547378102303,1866.9635429163807
2022-03-13,2022,3,ZIMA,22.480339985091025,49.692518257006185,23022.08858500473,1869.9642362400716
2022-03-13,2022,3,ZIMA,22.543222054979392,49.692518257006185,23786.98643868175,1879.8929027418035
2022-03-13,2022,3,ZIMA,22.22881170553756,49.755400326894545,22894.36986324161,1850.701806502105
2022-03-13,2022,3,ZIMA,22.291693775425927,49.755400326894545,19903.314178415047,1849.4041728310247
2022-03-13,2022,3,ZIMA,22.354575845314294,49.755400326894545,17580.495625769614,1849.168334960869
2022-03-13,2022,3,ZIMA,22.417457915202657,49.755400326894545,16215.66667820542,1854.0639717132303
2022-03-13,2022,3,ZIMA,22.480339985091025,49.755400326894545,16055.025104151813,1872.8789427640688
2022-03-13,2022,3,ZIMA,22.543222054979392,49.755400326894545,17132.476668509815,1882.1065525210836
2022-03-13,2022,3,ZIMA,22.60610412486776,49.755400326894545,19241.147484226796,1880.977953928858
2022-03-13,2022,3,ZIMA,22.165929635649192,49.818282396782934,22762.27075808762,1859.1746826171834
2022-03-13,2022,3,ZIMA,22.22881170553756,49.818282396782934,18691.89945697382,1863.609009151824
2022-03-13,2022,3,ZIMA,22.291693775425927,49.818282396782934,14884.29752506612,1879.9834973440195
2022-03-13,2022,3,ZIMA,22.354575845314294,49.818282396782934,11601.151230090853,1872.8094565316062
2022-03-13,2022,3,ZIMA,22.417457915202657,49.818282396782934,9408.524932013164,1867.048445676198
2022-03-13,2022,3,ZIMA,22.480339985091025,49.818282396782934,9129.240569089454,1887.7971250772816
2022-03-13,2022,3,ZIMA,22.543222054979392,49.818282396782934,10911.220491147085,1887.7971247842033
2022-03-13,2022,3,ZIMA,22.165929635649192,49.881164466671294,20999.33229321837,1857.9951187729137
2022-03-13,2022,3,ZIMA,22.22881170553756,49.881164466671294,16506.267562304827,1858.466650996475
2022-03-13,2022,3,ZIMA,22.291693775425927,49.881164466671294,12032.364262771302,1857.2009664535951
2022-03-13,2022,3,ZIMA,22.354575845314294,49.881164466671294,7611.491975228226,1853.5687315299463
2022-03-13,2022,3,ZIMA,22.417457915202657,49.881164466671294,3453.693223036827,1853.3869549242565
2022-03-13,2022,3,ZIMA,22.165929635649192,49.944046536559654,21486.28087913054,1859.3821635702918
2022-03-13,2022,3,ZIMA,22.22881170553756,49.944046536559654,17127.876258600787,1861.5173889960274
2022-03-13,2022,3,ZIMA,22.291693775425927,49.944046536559654,12878.31429302353,1860.9708962942857
2022-03-13,2022,3,ZIMA,22.417457915202657,49.944046536559654,5759.680046957223,1853.3869812830949
2022-03-13,2022,3,ZIMA,22.165929635649192,50.006928606448014,24087.11788566591,1872.3393717898539
2022-03-13,2022,3,ZIMA,22.22881170553756,50.006928606448014,20300.550055771535,1872.6024752965013
2022-03-13,2022,3,ZIMA,22.291693775425927,50.006928606448014,16874.99133361886,1868.4273900932196
2022-03-13,2022,3,ZIMA,22.291693775425927,50.069810676336374,22394.741498546697,1884.2066774177488
2022-03-13,2022,3,ZIMA,22.354575845314294,50.069810676336374,20372.0547241168,1884.2066779907025
2022-03-14,2022,3,ZIMA,22.354575845314294,49.692518257006185,24112.090228048502,1865.3894010242805
2022-03-14,2022,3,ZIMA,22.417457915202657,49.692518257006185,23134.547378102303,1879.3244628905593
2022-03-14,2022,3,ZIMA,22.480339985091025,49.692518257006185,23022.08858500473,1865.756210150913
2022-03-14,2022,3,ZIMA,22.543222054979392,49.692518257006185,23786.98643868175,1865.6369407853513
2022-03-14,2022,3,ZIMA,22.22881170553756,49.755400326894545,22894.36986324161,1864.9960582179008
2022-03-14,2022,3,ZIMA,22.291693775425927,49.755400326894545,19903.314178415047,1860.2157812129344
2022-03-14,2022,3,ZIMA,22.354575845314294,49.755400326894545,17580.495625769614,1871.4918931378859
2022-03-14,2022,3,ZIMA,22.417457915202657,49.755400326894545,16215.66667820542,1875.3108079308745
2022-03-14,2022,3,ZIMA,22.480339985091025,49.755400326894545,16055.025104151813,1867.736186239297
2022-03-14,2022,3,ZIMA,22.543222054979392,49.755400326894545,17132.476668509815,1867.2991541125803
2022-03-14,2022,3,ZIMA,22.60610412486776,49.755400326894545,19241.147484226796,1864.626905832918
2022-03-14,2022,3,ZIMA,22.668986194756126,49.755400326894545,22087.641825604678,1855.4686485651157
2022-03-14,2022,3,ZIMA,22.165929635649192,49.818282396782934,22762.27075808762,1868.052626291888
2022-03-14,2022,3,ZIMA,22.22881170553756,49.818282396782934,18691.89945697382,1871.1319580077718
2022-03-14,2022,3,ZIMA,22.291693775425927,49.818282396782934,14884.29752506612,1872.5883747906626
2022-03-14,2022,3,ZIMA,22.354575845314294,49.818282396782934,11601.151230090853,1873.3453788362285
2022-03-14,2022,3,ZIMA,22.417457915202657,49.818282396782934,9408.524932013164,1874.779367775638
2022-03-14,2022,3,ZIMA,22.480339985091025,49.818282396782934,9129.240569089454,1871.2062373702438
2022-03-14,2022,3,ZIMA,22.543222054979392,49.818282396782934,10911.220491147085,1861.5911285772297
2022-03-14,2022,3,ZIMA,22.60610412486776,49.818282396782934,13987.696201742643,1864.0064076151893
2022-03-14,2022,3,ZIMA,22.668986194756126,49.818282396782934,17695.925250540768,1866.005313456123
2022-03-14,2022,3,ZIMA,22.73186826464449,49.818282396782934,21714.62640675995,1872.2861594091055
2022-03-14,2022,3,ZIMA,22.165929635649192,49.881164466671294,20999.33229321837,1860.5647204834574
2022-03-14,2022,3,ZIMA,22.22881170553756,49.881164466671294,16506.267562304827,1860.7129723189903
2022-03-14,2022,3,ZIMA,22.291693775425927,49.881164466671294,12032.364262771302,1870.2021344954178
2022-03-14,2022,3,ZIMA,22.354575845314294,49.881164466671294,7611.491975228226,1869.5506778822878
2022-03-14,2022,3,ZIMA,22.417457915202657,49.881164466671294,3453.693223036827,1862.8901408958654
2022-03-14,2022,3,ZIMA,22.480339985091025,49.881164466671294,2599.495245792041,1877.0640677397018
2022-03-14,2022,3,ZIMA,22.543222054979392,49.881164466671294,6513.288539257984,1874.666244414775
2022-03-14,2022,3,ZIMA,22.60610412486776,49.881164466671294,10905.258517402252,1878.5081787109657
2022-03-14,2022,3,ZIMA,22.668986194756126,49.881164466671294,15370.833327011827,1878.9259614843202
2022-03-14,2022,3,ZIMA,22.73186826464449,49.881164466671294,19860.423092579564,1883.8713450619869
2022-03-14,2022,3,ZIMA,22.794750334532857,49.881164466671294,24360.75155742461,1887.0130029999011
2022-03-14,2022,3,ZIMA,22.165929635649192,49.944046536559654,21486.28087913054,1861.5709827878711
2022-03-14,2022,3,ZIMA,22.22881170553756,49.944046536559654,17127.876258600787,1862.1640503507303
2022-03-14,2022,3,ZIMA,22.291693775425927,49.944046536559654,12878.31429302353,1872.145141601631
2022-03-14,2022,3,ZIMA,22.354575845314294,49.944046536559654,8894.991312628392,1872.911249638765
2022-03-14,2022,3,ZIMA,22.417457915202657,49.944046536559654,5759.680046957223,1869.978357510277
2022-03-14,2022,3,ZIMA,22.480339985091025,49.944046536559654,5292.450368233288,1883.59416898319
2022-03-14,2022,3,ZIMA,22.543222054979392,49.944046536559654,7976.788686317586,1882.8708271420298
2022-03-14,2022,3,ZIMA,22.60610412486776,49.944046536559654,11833.48850859346,1880.8829793274092
2022-03-14,2022,3,ZIMA,22.668986194756126,49.944046536559654,16037.980704463247,1880.3841354457666
2022-03-14,2022,3,ZIMA,22.73186826464449,49.944046536559654,20376.093396314827,1882.6404699065404
2022-03-14,2022,3,ZIMA,22.794750334532857,49.944046536559654,24777.740103857333,1887.0535315175591
2022-03-14,2022,3,ZIMA,22.165929635649192,50.006928606448014,24087.11788566591,1858.9751380532755
2022-03-14,2022,3,ZIMA,22.22881170553756,50.006928606448014,20300.550055771535,1884.9685691069808
2022-03-14,2022,3,ZIMA,22.291693775425927,50.006928606448014,16874.99133361886,1883.3462081275738
2022-03-14,2022,3,ZIMA,22.354575845314294,50.006928606448014,14076.517619419135,1887.321662627691
2022-03-14,2022,3,ZIMA,22.417457915202657,50.006928606448014,12339.42325907192,1889.4404306451104
2022-03-14,2022,3,ZIMA,22.480339985091025,50.006928606448014,12128.65266097527,1887.4955340206147
2022-03-14,2022,3,ZIMA,22.543222054979392,50.006928606448014,13515.800272744598,1874.9864598085308
2022-03-14,2022,3,ZIMA,22.60610412486776,50.006928606448014,16092.839025049043,1874.1827346429818
2022-03-14,2022,3,ZIMA,22.668986194756126,50.006928606448014,19391.031598309888,1873.6302352737218
2022-03-14,2022,3,ZIMA,22.73186826464449,50.006928606448014,23103.564470285364,1884.0984084462855
2022-03-14,2022,3,ZIMA,22.291693775425927,50.069810676336374,22394.741498546697,1888.1693323169811
2022-03-14,2022,3,ZIMA,22.354575845314294,50.069810676336374,20372.0547241168,1887.6082715468976
2022-03-14,2022,3,ZIMA,22.417457915202657,50.069810676336374,19214.409734969002,1883.5408904888259
2022-03-14,2022,3,ZIMA,22.480339985091025,50.069810676336374,19079.914015941584,1879.7840776044743
2022-03-14,2022,3,ZIMA,22.543222054979392,50.069810676336374,19989.23029615635,1875.4936451832878
2022-03-14,2022,3,ZIMA,22.60610412486776,50.069810676336374,21812.20457988765,1880.3568558771951
2022-03-14,2022,3,ZIMA,22.668986194756126,50.069810676336374,24344.445570191427,1880.6508832351499
2022-03-15,2022,3,ZIMA,22.354575845314294,49.69602003250564,23741.434569694928,1897.7604155213828
2022-03-15,2022,3,ZIMA,22.417457915202657,49.69602003250564,22748.042182096517,1870.1618858031404
2022-03-15,2022,3,ZIMA,22.480339985091025,49.69602003250564,22633.671306974964,1872.4653170532386
2022-03-15,2022,3,ZIMA,22.543222054979392,49.69602003250564,23411.20807382834,1882.6934529804098
2022-03-15,2022,3,ZIMA,22.22881170553756,49.758902102394,22624.046814957903,1898.1770891869976
2022-03-15,2022,3,ZIMA,22.291693775425927,49.758902102394,19591.99962129339,1889.1431884766237
2022-03-15,2022,3,ZIMA,22.354575845314294,49.758902102394,17227.438140962277,1887.9595520991359
2022-03-15,2022,3,ZIMA,22.417457915202657,49.758902102394,15832.307636339392,1869.8657306450561
2022-03-15,2022,3,ZIMA,22.480339985091025,49.758902102394,15667.747886586207,1877.1970087307848
2022-03-15,2022,3,ZIMA,22.543222054979392,49.758902102394,16770.023094391185,1880.6169288352635
2022-03-15,2022,3,ZIMA,22.60610412486776,49.758902102394,18918.989276004908,1880.6127265974053
2022-03-15,2022,3,ZIMA,22.668986194756126,49.758902102394,21807.38076196634,1871.6976034262616
2022-03-15,2022,3,ZIMA,22.165929635649192,49.82178417228238,22610.888262467266,1895.8645774477143
2022-03-15,2022,3,ZIMA,22.22881170553756,49.82178417228238,18507.581667229533,1899.7766542558988
2022-03-15,2022,3,ZIMA,22.291693775425927,49.82178417228238,14652.474429487585,1893.3328518233432
2022-03-15,2022,3,ZIMA,22.354575845314294,49.82178417228238,11302.46295250511,1879.5220067621249
2022-03-15,2022,3,ZIMA,22.417457915202657,49.82178417228238,9037.843640830239,1879.5894985033797
2022-03-15,2022,3,ZIMA,22.480339985091025,49.82178417228238,8746.752713537466,1878.4072294503292
2022-03-15,2022,3,ZIMA,22.543222054979392,49.82178417228238,10593.14919137746,1878.664490539676
2022-03-15,2022,3,ZIMA,22.60610412486776,49.82178417228238,13740.822571317345,1866.7741035047293
2022-03-15,2022,3,ZIMA,22.668986194756126,49.82178417228238,17501.19592369996,1868.6507848840556
2022-03-15,2022,3,ZIMA,22.73186826464449,49.82178417228238,21555.965780585146,1882.1953559679205
2022-03-15,2022,3,ZIMA,22.165929635649192,49.88466624217074,20965.48454243477,1894.810329667378
2022-03-15,2022,3,ZIMA,22.22881170553756,49.88466624217074,16463.55502224266,1894.178878943454
2022-03-15,2022,3,ZIMA,22.291693775425927,49.88466624217074,11974.088716404958,1872.9791383483314
2022-03-15,2022,3,ZIMA,22.354575845314294,49.88466624217074,7519.4482632486,1871.3885445938915
2022-03-15,2022,3,ZIMA,22.417457915202657,49.88466624217074,3246.3229762535266,1887.5916304043415
2022-03-15,2022,3,ZIMA,22.480339985091025,49.88466624217074,2316.972690361665,1887.7927427752793
2022-03-15,2022,3,ZIMA,22.543222054979392,49.88466624217074,6405.571118368106,1879.8985022831748
2022-03-15,2022,3,ZIMA,22.60610412486776,49.88466624217074,10841.01213922893,1876.5840812598815
2022-03-15,2022,3,ZIMA,22.668986194756126,49.88466624217074,15325.041939678733,1881.4441233067814
2022-03-15,2022,3,ZIMA,22.73186826464449,49.88466624217074,19824.715810900747,1886.4961612680613
2022-03-15,2022,3,ZIMA,22.794750334532857,49.88466624217074,24331.353687567986,1883.1221639281243
2022-03-15,2022,3,ZIMA,22.165929635649192,49.94754831205911,21579.812467858832,1896.5220604343062
2022-03-15,2022,3,ZIMA,22.22881170553756,49.94754831205911,17245.416340154075,1894.8508188698386
2022-03-15,2022,3,ZIMA,22.291693775425927,49.94754831205911,13034.58722823578,1873.4492748579348
2022-03-15,2022,3,ZIMA,22.354575845314294,49.94754831205911,9120.123338587056,1873.3100090492906
2022-03-15,2022,3,ZIMA,22.417457915202657,49.94754831205911,6101.88788802132,1891.5664960794281
2022-03-15,2022,3,ZIMA,22.480339985091025,49.94754831205911,5662.996384288863,1887.7924160775094
2022-03-15,2022,3,ZIMA,22.543222054979392,49.94754831205911,8227.15399717367,1879.3677808289376
2022-03-15,2022,3,ZIMA,22.60610412486776,49.94754831205911,12003.449849944192,1879.3201124400193
2022-03-15,2022,3,ZIMA,22.668986194756126,49.94754831205911,16163.529480174113,1887.5206540622899
2022-03-15,2022,3,ZIMA,22.73186826464449,49.94754831205911,20474.77938760979,1889.6717888412143
2022-03-15,2022,3,ZIMA,22.165929635649192,50.01043038194747,24283.038247886205,1893.480669295531
2022-03-15,2022,3,ZIMA,22.22881170553756,50.01043038194747,20532.930787115496,1883.0266064708312
2022-03-15,2022,3,ZIMA,22.291693775425927,50.01043038194747,17154.110502445375,1883.6174260777673
2022-03-15,2022,3,ZIMA,22.354575845314294,50.01043038194747,14410.163939478029,1897.214036593736
2022-03-15,2022,3,ZIMA,22.417457915202657,50.01043038194747,12718.8513596271,1900.4789505969088
2022-03-15,2022,3,ZIMA,22.480339985091025,50.01043038194747,12514.487746784618,1883.7390439869173
2022-03-15,2022,3,ZIMA,22.543222054979392,50.01043038194747,13862.98882068102,1883.2069497311893
2022-03-15,2022,3,ZIMA,22.60610412486776,50.01043038194747,16385.34462160376,1883.1277385554963
2022-03-15,2022,3,ZIMA,22.668986194756126,50.01043038194747,19634.246743118325,1883.3178882876418
2022-03-15,2022,3,ZIMA,22.73186826464449,50.01043038194747,23307.826208769628,1876.3240153665586
2022-03-15,2022,3,ZIMA,22.291693775425927,50.07331245183585,22726.009158975274,1885.4516802101018
2022-03-15,2022,3,ZIMA,22.354575845314294,50.07331245183585,20735.813456964195,1898.9462500207314
2022-03-15,2022,3,ZIMA,22.417457915202657,50.07331245183585,19599.750597808397,1902.313639514903
2022-03-15,2022,3,ZIMA,22.480339985091025,50.07331245183585,19467.92684536346,1882.9755470830296
2022-03-15,2022,3,ZIMA,22.543222054979392,50.07331245183585,20359.857535977364,1883.2800707544268
2022-03-15,2022,3,ZIMA,22.60610412486776,50.07331245183585,22152.2276541762,1882.9844346107614
2022-03-15,2022,3,ZIMA,22.668986194756126,50.07331245183585,24649.390198663055,1883.0071439671926
2022-03-17,2022,3,ZIMA,22.354575845314294,49.69602003250564,23741.434569694928,1893.1850621296637
2022-03-17,2022,3,ZIMA,22.417457915202657,49.69602003250564,22748.042182096517,1898.8454122851597
2022-03-17,2022,3,ZIMA,22.480339985091025,49.69602003250564,22633.671306974964,1903.3464989083395
2022-03-17,2022,3,ZIMA,22.22881170553756,49.758902102394,22624.046814957903,1899.2444914391483
2022-03-17,2022,3,ZIMA,22.291693775425927,49.758902102394,19591.99962129339,1899.2445074250697
2022-03-17,2022,3,ZIMA,22.354575845314294,49.758902102394,17227.438140962277,1898.3132455676887
2022-03-17,2022,3,ZIMA,22.417457915202657,49.758902102394,15832.307636339392,1893.2318188056006
2022-03-17,2022,3,ZIMA,22.417457915202657,49.82178417228238,9037.843640830239,1899.2445375128004
2022-03-17,2022,3,ZIMA,22.351074069814842,49.69952180800509,23452.044412270043,1853.7507722986088
2022-03-17,2022,3,ZIMA,22.41395613970321,49.69952180800509,22395.01771344624,1853.8225238076557
2022-03-17,2022,3,ZIMA,22.476838209591577,49.69952180800509,22227.556145717932,1865.4286851309382
2022-03-17,2022,3,ZIMA,22.539720279479937,49.69952180800509,22969.12425616453,1869.5215557187955
2022-03-17,2022,3,ZIMA,22.602602349368304,49.69952180800509,24537.443721451007,1869.5239904588777
2022-03-17,2022,3,ZIMA,22.225309930038108,49.76240387789346,22542.784189467628,1857.4746715464375
2022-03-17,2022,3,ZIMA,22.288191999926475,49.76240387789346,19439.794954990113,1858.055689457838
2022-03-17,2022,3,ZIMA,22.351074069814842,49.76240387789346,16987.360292640155,1857.9986026248223
2022-03-17,2022,3,ZIMA,22.41395613970321,49.76240387789346,15497.464920780965,1860.6370424759964
2022-03-17,2022,3,ZIMA,22.476838209591577,49.76240387789346,15254.786361490895,1873.7044600331835
2022-03-17,2022,3,ZIMA,22.539720279479937,49.76240387789346,16315.073828270395,1873.7093221410094
2022-03-17,2022,3,ZIMA,22.602602349368304,49.76240387789346,18455.106028910457,1873.7381108403868
2022-03-17,2022,3,ZIMA,22.66548441925667,49.76240387789346,21352.669999731086,1874.0636282493165
2022-03-17,2022,3,ZIMA,22.72836648914504,49.76240387789346,24743.046081811666,1874.1144367678783
2022-03-17,2022,3,ZIMA,22.16242786014974,49.82528594778182,22699.863401704264,1862.0306396484332
2022-03-17,2022,3,ZIMA,22.225309930038108,49.82528594778182,18555.257733334394,1868.9748674728662
2022-03-17,2022,3,ZIMA,22.288191999926475,49.82528594778182,14635.38638075111,1876.5782470703732
2022-03-17,2022,3,ZIMA,22.351074069814842,49.82528594778182,11179.210694185098,1876.5782470702432
2022-03-17,2022,3,ZIMA,22.41395613970321,49.82528594778182,8754.330853999618,1870.7321758976593
2022-03-17,2022,3,ZIMA,22.476838209591577,49.82528594778182,8317.75525363363,1861.9627685547478
2022-03-17,2022,3,ZIMA,22.539720279479937,49.82528594778182,10129.901392570879,1861.9627685547478
2022-03-17,2022,3,ZIMA,22.602602349368304,49.82528594778182,13301.431085979808,1866.4199232665958
2022-03-17,2022,3,ZIMA,22.66548441925667,49.82528594778182,17091.651306454667,1882.8538818358677
2022-03-17,2022,3,ZIMA,22.72836648914504,49.82528594778182,21170.83415196752,1882.8538818358966
2022-03-17,2022,3,ZIMA,22.16242786014974,49.888168017670196,21190.035965077823,1854.2523163224184
2022-03-17,2022,3,ZIMA,22.225309930038108,49.888168017670196,16680.922447759407,1855.4361647582355
2022-03-17,2022,3,ZIMA,22.288191999926475,49.888168017670196,12178.621349547338,1855.16227057886
2022-03-17,2022,3,ZIMA,22.351074069814842,49.888168017670196,7695.105499165169,1855.1352633553804
2022-03-17,2022,3,ZIMA,22.41395613970321,49.888168017670196,3307.677345066955,1877.2526001021147
2022-03-17,2022,3,ZIMA,22.476838209591577,49.888168017670196,1870.0521936467014,1880.646208275718
2022-03-17,2022,3,ZIMA,22.539720279479937,49.888168017670196,6073.198666981766,1880.6375260926177
2022-03-17,2022,3,ZIMA,22.602602349368304,49.888168017670196,10540.42966692191,1887.299712492989
2022-03-17,2022,3,ZIMA,22.66548441925667,49.888168017670196,15038.210857955384,1891.9898718655127
2022-03-17,2022,3,ZIMA,22.72836648914504,49.888168017670196,19545.46099596916,1892.004100934553
2022-03-17,2022,3,ZIMA,22.791248559033406,49.888168017670196,24056.856130994598,1892.0112119122298
2022-03-17,2022,3,ZIMA,22.16242786014974,49.951050087558556,21922.34246452262,1857.9013733742836
2022-03-17,2022,3,ZIMA,22.225309930038108,49.951050087558556,17608.139880996303,1865.4942779634753
2022-03-17,2022,3,ZIMA,22.288191999926475,49.951050087558556,13426.88056594184,1865.3903839857114
2022-03-17,2022,3,ZIMA,22.351074069814842,49.951050087558556,9554.726699622017,1865.3384264606216
2022-03-17,2022,3,ZIMA,22.41395613970321,49.951050087558556,6563.667205010626,1891.4115722232775
2022-03-17,2022,3,ZIMA,22.476838209591577,49.951050087558556,5970.578357647499,1891.555576587257
2022-03-17,2022,3,ZIMA,22.539720279479937,49.951050087558556,8306.079006660024,1891.5566665766119
2022-03-17,2022,3,ZIMA,22.602602349368304,49.951050087558556,11962.915358252178,1891.2920756718622
2022-03-17,2022,3,ZIMA,22.66548441925667,49.951050087558556,16062.65624984055,1891.2521979858097
2022-03-17,2022,3,ZIMA,22.72836648914504,49.951050087558556,20339.21309497792,1891.2234923681065
2022-03-17,2022,3,ZIMA,22.791248559033406,49.951050087558556,24700.915289333472,1891.2091288834783
2022-03-17,2022,3,ZIMA,22.16242786014974,50.01393215744693,24698.211293128992,1879.702972666027
2022-03-17,2022,3,ZIMA,22.225309930038108,50.01393215744693,20968.579444434803,1889.726440429687
2022-03-17,2022,3,ZIMA,22.288191999926475,50.01393215744693,17609.230664409366,1889.7264404297566
2022-03-17,2022,3,ZIMA,22.351074069814842,50.01393215744693,14873.22360287433,1889.7264404296257
2022-03-17,2022,3,ZIMA,22.41395613970321,50.01393215744693,13155.403252170625,1894.9840087889963
2022-03-17,2022,3,ZIMA,22.476838209591577,50.01393215744693,12870.136155172722,1894.9840087891318
2022-03-17,2022,3,ZIMA,22.539720279479937,50.01393215744693,14104.610591217597,1894.9840087891318
2022-03-17,2022,3,ZIMA,22.602602349368304,50.01393215744693,16521.613265744996,1883.5919189453814
2022-03-17,2022,3,ZIMA,22.66548441925667,50.01393215744693,19690.390482826235,1883.5919189452507
2022-03-17,2022,3,ZIMA,22.72836648914504,50.01393215744693,23306.292938701834,1883.5919189452468
2022-03-17,2022,3,ZIMA,22.288191999926475,50.07681422733529,23189.09236761441,1877.0413339613824
2022-03-17,2022,3,ZIMA,22.351074069814842,50.07681422733529,21189.098457688768,1877.0808570243996
2022-03-17,2022,3,ZIMA,22.41395613970321,50.07681422733529,20022.30305707215,1890.3366028166956
2022-03-17,2022,3,ZIMA,22.476838209591577,50.07681422733529,19836.281851330667,1890.3368849944723
2022-03-17,2022,3,ZIMA,22.539720279479937,50.07681422733529,20657.54689047746,1890.3374493493743
2022-03-17,2022,3,ZIMA,22.602602349368304,50.07681422733529,22375.459932273214,1887.5381985199956
2022-03-17,2022,3,ZIMA,22.66548441925667,50.07681422733529,24804.416123765553,1887.5502372892508
2022-03-18,2022,3,ZIMA,22.351074069814842,49.69952180800509,23452.044412270043,1863.9997748800151
2022-03-18,2022,3,ZIMA,22.41395613970321,49.69952180800509,22395.01771344624,1868.5132720420984
2022-03-18,2022,3,ZIMA,22.476838209591577,49.69952180800509,22227.556145717932,1869.0970514891662
2022-03-18,2022,3,ZIMA,22.539720279479937,49.69952180800509,22969.12425616453,1869.5435977036955
2022-03-18,2022,3,ZIMA,22.602602349368304,49.69952180800509,24537.443721451007,1870.1979706424106
2022-03-18,2022,3,ZIMA,22.225309930038108,49.76240387789346,22542.784189467628,1869.3191266362953
2022-03-18,2022,3,ZIMA,22.288191999926475,49.76240387789346,19439.794954990113,1863.8288574219189
2022-03-18,2022,3,ZIMA,22.351074069814842,49.76240387789346,16987.360292640155,1863.696503185368
2022-03-18,2022,3,ZIMA,22.41395613970321,49.76240387789346,15497.464920780965,1877.5862718717874
2022-03-18,2022,3,ZIMA,22.476838209591577,49.76240387789346,15254.786361490895,1876.2874032329405
2022-03-18,2022,3,ZIMA,22.539720279479937,49.76240387789346,16315.073828270395,1882.3760239701287
2022-03-18,2022,3,ZIMA,22.602602349368304,49.76240387789346,18455.106028910457,1882.7702203688036
2022-03-18,2022,3,ZIMA,22.66548441925667,49.76240387789346,21352.669999731086,1875.1026120581837
2022-03-18,2022,3,ZIMA,22.72836648914504,49.76240387789346,24743.046081811666,1874.2286737603358
2022-03-18,2022,3,ZIMA,22.16242786014974,49.82528594778182,22699.863401704264,1875.359741210933
2022-03-18,2022,3,ZIMA,22.225309930038108,49.82528594778182,18555.257733334394,1875.7178877499946
2022-03-18,2022,3,ZIMA,22.288191999926475,49.82528594778182,14635.38638075111,1875.7888829908588
2022-03-18,2022,3,ZIMA,22.351074069814842,49.82528594778182,11179.210694185098,1874.5430717717743
2022-03-18,2022,3,ZIMA,22.41395613970321,49.82528594778182,8754.330853999618,1874.8658814723233
2022-03-18,2022,3,ZIMA,22.476838209591577,49.82528594778182,8317.75525363363,1875.6183759398803
2022-03-18,2022,3,ZIMA,22.539720279479937,49.82528594778182,10129.901392570879,1876.6981016252807
2022-03-18,2022,3,ZIMA,22.602602349368304,49.82528594778182,13301.431085979808,1878.7156416857958
2022-03-18,2022,3,ZIMA,22.66548441925667,49.82528594778182,17091.651306454667,1877.8680705640475
2022-03-18,2022,3,ZIMA,22.72836648914504,49.82528594778182,21170.83415196752,1877.2645830844913
2022-03-18,2022,3,ZIMA,22.16242786014974,49.888168017670196,21190.035965077823,1870.5038772173057
2022-03-18,2022,3,ZIMA,22.225309930038108,49.888168017670196,16680.922447759407,1863.6861196151604
2022-03-18,2022,3,ZIMA,22.288191999926475,49.888168017670196,12178.621349547338,1860.79975930376
2022-03-18,2022,3,ZIMA,22.351074069814842,49.888168017670196,7695.105499165169,1866.696279063418
2022-03-18,2022,3,ZIMA,22.41395613970321,49.888168017670196,3307.677345066955,1869.9125484739661
2022-03-18,2022,3,ZIMA,22.476838209591577,49.888168017670196,1870.0521936467014,1874.8152132470361
2022-03-18,2022,3,ZIMA,22.539720279479937,49.888168017670196,6073.198666981766,1888.1059570312784
2022-03-18,2022,3,ZIMA,22.602602349368304,49.888168017670196,10540.42966692191,1888.245620595709
2022-03-18,2022,3,ZIMA,22.66548441925667,49.888168017670196,15038.210857955384,1888.0006537918036
2022-03-18,2022,3,ZIMA,22.72836648914504,49.888168017670196,19545.46099596916,1889.172203702896
2022-03-18,2022,3,ZIMA,22.791248559033406,49.888168017670196,24056.856130994598,1890.2228235845819
2022-03-18,2022,3,ZIMA,22.16242786014974,49.951050087558556,21922.34246452262,1870.07512316831
2022-03-18,2022,3,ZIMA,22.225309930038108,49.951050087558556,17608.139880996303,1866.5494634965005
2022-03-18,2022,3,ZIMA,22.288191999926475,49.951050087558556,13426.88056594184,1865.5019130587427
2022-03-18,2022,3,ZIMA,22.351074069814842,49.951050087558556,9554.726699622017,1876.7427722447064
2022-03-18,2022,3,ZIMA,22.41395613970321,49.951050087558556,6563.667205010626,1878.1044921874345
2022-03-18,2022,3,ZIMA,22.476838209591577,49.951050087558556,5970.578357647499,1883.1677871933625
2022-03-18,2022,3,ZIMA,22.539720279479937,49.951050087558556,8306.079006660024,1886.5866681281484
2022-03-18,2022,3,ZIMA,22.602602349368304,49.951050087558556,11962.915358252178,1885.6072624443416
2022-03-18,2022,3,ZIMA,22.66548441925667,49.951050087558556,16062.65624984055,1885.9042254942062
2022-03-18,2022,3,ZIMA,22.72836648914504,49.951050087558556,20339.21309497792,1889.6461213517337
2022-03-18,2022,3,ZIMA,22.791248559033406,49.951050087558556,24700.915289333472,1890.002217254625
2022-03-18,2022,3,ZIMA,22.16242786014974,50.01393215744693,24698.211293128992,1881.50752585699
2022-03-18,2022,3,ZIMA,22.225309930038108,50.01393215744693,20968.579444434803,1884.480107912403
2022-03-18,2022,3,ZIMA,22.288191999926475,50.01393215744693,17609.230664409366,1881.9862392872162
2022-03-18,2022,3,ZIMA,22.41395613970321,50.01393215744693,13155.403252170625,1885.643829231512
2022-03-18,2022,3,ZIMA,22.476838209591577,50.01393215744693,12870.136155172722,1885.566585368932
2022-03-18,2022,3,ZIMA,22.539720279479937,50.01393215744693,14104.610591217597,1885.4728966512403
2022-03-18,2022,3,ZIMA,22.602602349368304,50.01393215744693,16521.613265744996,1878.027461370567
2022-03-18,2022,3,ZIMA,22.66548441925667,50.01393215744693,19690.390482826235,1877.6210982458895
2022-03-18,2022,3,ZIMA,22.72836648914504,50.01393215744693,23306.292938701834,1886.0442749508622
2022-03-18,2022,3,ZIMA,22.288191999926475,50.07681422733529,23189.09236761441,1880.2976563677623
2022-03-18,2022,3,ZIMA,22.351074069814842,50.07681422733529,21189.098457688768,1879.5119548773046
2022-03-18,2022,3,ZIMA,22.41395613970321,50.07681422733529,20022.30305707215,1884.2774213572998
2022-03-18,2022,3,ZIMA,22.476838209591577,50.07681422733529,19836.281851330667,1885.34234115149
2022-03-18,2022,3,ZIMA,22.539720279479937,50.07681422733529,20657.54689047746,1884.5401150568862
2022-03-18,2022,3,ZIMA,22.602602349368304,50.07681422733529,22375.459932273214,1882.4626464844437
2022-03-18,2022,3,ZIMA,22.66548441925667,50.07681422733529,24804.416123765553,1882.495252887181
2022-03-19,2022,3,ZIMA,22.351074069814842,49.703023583504546,23083.927326055742,1886.2190450314213
2022-03-19,2022,3,ZIMA,22.41395613970321,49.703023583504546,22009.307501455558,1882.099259819293
2022-03-19,2022,3,ZIMA,22.476838209591577,49.703023583504546,21838.90079679756,1875.640129414019
2022-03-19,2022,3,ZIMA,22.539720279479937,49.703023583504546,22593.17583927434,1869.5611475983408
2022-03-19,2022,3,ZIMA,22.602602349368304,49.703023583504546,24185.775037046704,1867.8762128685808
2022-03-19,2022,3,ZIMA,22.225309930038108,49.765905653392906,22281.800350685542,1869.0815751838813
2022-03-19,2022,3,ZIMA,22.288191999926475,49.765905653392906,19136.78425213424,1877.5290614323847
2022-03-19,2022,3,ZIMA,22.351074069814842,49.765905653392906,16639.94356120048,1877.129328370399
2022-03-19,2022,3,ZIMA,22.41395613970321,49.765905653392906,15115.958971884465,1876.255095698598
2022-03-19,2022,3,ZIMA,22.476838209591577,49.765905653392906,14867.07238633853,1874.388753697059
2022-03-19,2022,3,ZIMA,22.539720279479937,49.765905653392906,15953.073608841014,1878.8331298828564
2022-03-19,2022,3,ZIMA,22.602602349368304,49.765905653392906,18135.724611146674,1875.4934647473715
2022-03-19,2022,3,ZIMA,22.66548441925667,49.765905653392906,21077.044010532463,1873.8742064320681
2022-03-19,2022,3,ZIMA,22.72836648914504,49.765905653392906,24505.35343108441,1882.6907251685743
2022-03-19,2022,3,ZIMA,22.16242786014974,49.82878772328128,22561.496678211304,1874.9793809065682
2022-03-19,2022,3,ZIMA,22.225309930038108,49.82878772328128,18386.061726871878,1874.3938738066197
2022-03-19,2022,3,ZIMA,22.288191999926475,49.82878772328128,14420.596295060988,1883.2212261032723
2022-03-19,2022,3,ZIMA,22.351074069814842,49.82878772328128,10896.799759885853,1882.035512792794
2022-03-19,2022,3,ZIMA,22.41395613970321,49.82878772328128,8390.904744103555,1881.0670162040535
2022-03-19,2022,3,ZIMA,22.476838209591577,49.82878772328128,7934.391195442134,1881.1464748895307
2022-03-19,2022,3,ZIMA,22.539720279479937,49.82878772328128,9817.433749392034,1874.467479115809
2022-03-19,2022,3,ZIMA,22.602602349368304,49.82878772328128,13064.831375818938,1867.2596229081764
2022-03-19,2022,3,ZIMA,22.66548441925667,49.82878772328128,16907.926710075484,1871.1029101591103
2022-03-19,2022,3,ZIMA,22.72836648914504,49.82878772328128,21022.521139459986,1885.3600608102133
2022-03-19,2022,3,ZIMA,22.16242786014974,49.89166979316964,21170.811548122947,1869.350045835941
2022-03-19,2022,3,ZIMA,22.225309930038108,49.89166979316964,16656.865441908725,1870.0599118188863
2022-03-19,2022,3,ZIMA,22.288191999926475,49.89166979316964,12146.036870587224,1871.1581422242355
2022-03-19,2022,3,ZIMA,22.351074069814842,49.89166979316964,7643.853027969919,1866.438127834464
2022-03-19,2022,3,ZIMA,22.41395613970321,49.89166979316964,3187.171426476648,1865.4734063839103
2022-03-19,2022,3,ZIMA,22.476838209591577,49.89166979316964,1647.714730577446,1874.2066687259246
2022-03-19,2022,3,ZIMA,22.539720279479937,49.89166979316964,6008.260820467318,1877.245337279235
2022-03-19,2022,3,ZIMA,22.602602349368304,49.89166979316964,10502.892175454677,1884.3392378074952
2022-03-19,2022,3,ZIMA,22.66548441925667,49.89166979316964,15011.64709146625,1895.4812952996833
2022-03-19,2022,3,ZIMA,22.72836648914504,49.89166979316964,19524.741484434187,1897.396473787424
2022-03-19,2022,3,ZIMA,22.791248559033406,49.89166979316964,24039.72918140091,1897.191127169913
2022-03-19,2022,3,ZIMA,22.16242786014974,49.954551863058015,22027.782733952707,1869.3995399823257
2022-03-19,2022,3,ZIMA,22.225309930038108,49.954551863058015,17739.590434295314,1872.1642026996321
2022-03-19,2022,3,ZIMA,22.288191999926475,49.954551863058015,13599.154841778878,1874.1800226864798
2022-03-19,2022,3,ZIMA,22.351074069814842,49.954551863058015,9795.670141318758,1877.403559423686
2022-03-19,2022,3,ZIMA,22.41395613970321,49.954551863058015,6909.962763900423,1873.6017709729215
2022-03-19,2022,3,ZIMA,22.476838209591577,49.954551863058015,6349.346777594972,1876.6959354365138
2022-03-19,2022,3,ZIMA,22.539720279479937,49.954551863058015,8582.244531195483,1884.661269870697
2022-03-19,2022,3,ZIMA,22.602602349368304,49.954551863058015,12156.065641951067,1888.701356887898
2022-03-19,2022,3,ZIMA,22.66548441925667,49.954551863058015,16206.763350073297,1896.7613232452252
2022-03-19,2022,3,ZIMA,22.72836648914504,49.954551863058015,20452.935077666752,1894.5299035432815
2022-03-19,2022,3,ZIMA,22.791248559033406,49.954551863058015,24794.352926017247,1894.304288304048
2022-03-19,2022,3,ZIMA,22.225309930038108,50.017433932946375,21207.934816444795,1884.3204558891787
2022-03-19,2022,3,ZIMA,22.288191999926475,50.017433932946375,17893.842680829952,1889.5299243260697
2022-03-19,2022,3,ZIMA,22.351074069814842,50.017433932946375,15209.33425022498,1890.8655577191112
2022-03-19,2022,3,ZIMA,22.41395613970321,50.017433932946375,13534.371230107326,1883.0698999763417
2022-03-19,2022,3,ZIMA,22.476838209591577,50.017433932946375,13257.281544774674,1883.0627145820301
2022-03-19,2022,3,ZIMA,22.539720279479937,50.017433932946375,14458.655827108438,1880.99674040916
2022-03-19,2022,3,ZIMA,22.602602349368304,50.017433932946375,16824.71417753827,1886.9402335410073
2022-03-19,2022,3,ZIMA,22.66548441925667,50.017433932946375,19945.185683913292,1885.8884286138018
2022-03-19,2022,3,ZIMA,22.72836648914504,50.017433932946375,23521.7121166828,1892.2508579742369
2022-03-19,2022,3,ZIMA,22.288191999926475,50.08031600283475,23522.064030437665,1892.5816650391314
2022-03-19,2022,3,ZIMA,22.351074069814842,50.08031600283475,21553.140153817494,1890.634303139066
2022-03-19,2022,3,ZIMA,22.41395613970321,50.08031600283475,20407.25551893057,1880.7989249943223
2022-03-19,2022,3,ZIMA,22.476838209591577,50.08031600283475,20224.78863718071,1878.2859605146202
2022-03-19,2022,3,ZIMA,22.539720279479937,50.08031600283475,21030.83023521601,1877.4352190941613
2022-03-19,2022,3,ZIMA,22.602602349368304,50.08031600283475,22720.418119599533,1890.3613281250691
2022-03-20,2022,3,ZIMA,22.354575845314294,49.703023583504546,23001.98911035394,1858.7176465584705
2022-03-20,2022,3,ZIMA,22.417457915202657,49.703023583504546,21975.346455526636,1859.0432912463998
2022-03-20,2022,3,ZIMA,22.480339985091025,49.703023583504546,21856.94974519855,1860.7715581942853
2022-03-20,2022,3,ZIMA,22.543222054979392,49.703023583504546,22661.03902923717,1860.7748021875307
2022-03-20,2022,3,ZIMA,22.60610412486776,49.703023583504546,24296.198188144805,1871.5572668416883
2022-03-20,2022,3,ZIMA,22.291693775425927,49.765905653392906,18978.031889389276,1846.2077690457536
2022-03-20,2022,3,ZIMA,22.354575845314294,49.765905653392906,16526.233661248294,1846.207763671822
2022-03-20,2022,3,ZIMA,22.417457915202657,49.765905653392906,15066.531806853272,1870.1936198865437
2022-03-20,2022,3,ZIMA,22.480339985091025,49.765905653392906,14893.538410765585,1868.5999470421475
2022-03-20,2022,3,ZIMA,22.543222054979392,49.765905653392906,16048.91545535083,1882.6986836747587
2022-03-20,2022,3,ZIMA,22.60610412486776,49.765905653392906,18282.53620624142,1876.337977747205
2022-03-20,2022,3,ZIMA,22.668986194756126,49.765905653392906,21257.1846990577,1868.066644155377
2022-03-20,2022,3,ZIMA,22.73186826464449,49.765905653392906,24706.637829025414,1869.9347784183453
2022-03-20,2022,3,ZIMA,22.291693775425927,49.82878772328128,14209.525042067644,1846.2077834843421
2022-03-20,2022,3,ZIMA,22.354575845314294,49.82878772328128,10722.583398780149,1846.2077527845138
2022-03-20,2022,3,ZIMA,22.417457915202657,49.82878772328128,8301.649065314678,1872.6495892839453
2022-03-20,2022,3,ZIMA,22.480339985091025,49.82878772328128,7983.807939159483,1873.0133301639733
2022-03-20,2022,3,ZIMA,22.543222054979392,49.82878772328128,9972.220017912965,1874.3230101558704
2022-03-20,2022,3,ZIMA,22.60610412486776,49.82878772328128,13267.61214866327,1875.1202890786672
2022-03-20,2022,3,ZIMA,22.668986194756126,49.82878772328128,17131.67359445209,1871.9451501788737
2022-03-20,2022,3,ZIMA,22.73186826464449,49.82878772328128,21256.509218593656,1885.7232001183236
2022-03-20,2022,3,ZIMA,22.165929635649192,49.89166979316964,20919.391463104264,1881.368490099507
2022-03-20,2022,3,ZIMA,22.22881170553756,49.89166979316964,16405.560705198463,1864.4580522583356
2022-03-20,2022,3,ZIMA,22.291693775425927,49.89166979316964,11895.00110721875,1859.1576486463741
2022-03-20,2022,3,ZIMA,22.354575845314294,49.89166979316964,7393.707934749382,1863.2283388844428
2022-03-20,2022,3,ZIMA,22.417457915202657,49.89166979316964,2944.500050124817,1862.6460243296576
2022-03-20,2022,3,ZIMA,22.480339985091025,49.89166979316964,1870.9821680215873,1890.9531546162364
2022-03-20,2022,3,ZIMA,22.543222054979392,49.89166979316964,6257.667310553245,1888.7812247071076
2022-03-20,2022,3,ZIMA,22.60610412486776,49.89166979316964,10753.768425853132,1884.7727678889007
2022-03-20,2022,3,ZIMA,22.668986194756126,49.89166979316964,15262.893735083717,1882.6420859626523
2022-03-20,2022,3,ZIMA,22.73186826464449,49.89166979316964,19776.134276070505,1891.769840309438
2022-03-20,2022,3,ZIMA,22.794750334532857,49.89166979316964,24291.194065453536,1890.6125265737712
2022-03-20,2022,3,ZIMA,22.165929635649192,49.954551863058015,21786.570287916154,1883.3576912680237
2022-03-20,2022,3,ZIMA,22.22881170553756,49.954551863058015,17504.14593586278,1859.1469676591394
2022-03-20,2022,3,ZIMA,22.291693775425927,49.954551863058015,13375.713008895505,1863.4321578201154
2022-03-20,2022,3,ZIMA,22.354575845314294,49.954551863058015,9602.00371929549,1874.0296422325648
2022-03-20,2022,3,ZIMA,22.417457915202657,49.954551863058015,6801.584066412853,1873.1084773064524
2022-03-20,2022,3,ZIMA,22.480339985091025,49.954551863058015,6410.8337029859895,1895.7588002343653
2022-03-20,2022,3,ZIMA,22.543222054979392,49.954551863058015,8758.432559269975,1891.2104459893753
2022-03-20,2022,3,ZIMA,22.60610412486776,49.954551863058015,12373.188316296972,1883.4414067440694
2022-03-20,2022,3,ZIMA,22.668986194756126,49.954551863058015,16439.454591696005,1888.7755922642898
2022-03-20,2022,3,ZIMA,22.73186826464449,49.954551863058015,20692.74432795608,1895.828979492121
2022-03-20,2022,3,ZIMA,22.668986194756126,50.017433932946375,20134.47338387348,1895.1345147152526
2022-03-20,2022,3,ZIMA,22.73186826464449,50.017433932946375,23730.259141340277,1888.7054132863766
2022-03-21,2022,3,ZIMA,22.354575845314294,49.703023583504546,23001.98911035394,1876.0907524353875
2022-03-21,2022,3,ZIMA,22.417457915202657,49.703023583504546,21975.346455526636,1875.5620391014781
2022-03-21,2022,3,ZIMA,22.480339985091025,49.703023583504546,21856.94974519855,1870.690475873539
2022-03-21,2022,3,ZIMA,22.543222054979392,49.703023583504546,22661.03902923717,1869.2273541077639
2022-03-21,2022,3,ZIMA,22.60610412486776,49.703023583504546,24296.198188144805,1868.243289300642
2022-03-21,2022,3,ZIMA,22.22881170553756,49.765905653392906,22094.07877149692,1865.9096108061856
2022-03-21,2022,3,ZIMA,22.291693775425927,49.765905653392906,18978.031889389276,1876.4686279297316
2022-03-21,2022,3,ZIMA,22.354575845314294,49.765905653392906,16526.233661248294,1876.5019556682405
2022-03-21,2022,3,ZIMA,22.417457915202657,49.765905653392906,15066.531806853272,1874.2036833990749
2022-03-21,2022,3,ZIMA,22.480339985091025,49.765905653392906,14893.538410765585,1871.8213122640982
2022-03-21,2022,3,ZIMA,22.543222054979392,49.765905653392906,16048.91545535083,1873.1525138157003
2022-03-21,2022,3,ZIMA,22.60610412486776,49.765905653392906,18282.53620624142,1874.3022810982775
2022-03-21,2022,3,ZIMA,22.668986194756126,49.765905653392906,21257.1846990577,1874.3250602115224
2022-03-21,2022,3,ZIMA,22.73186826464449,49.765905653392906,24706.637829025414,1874.5949560796712
2022-03-21,2022,3,ZIMA,22.165929635649192,49.82878772328128,22325.43538520545,1866.9016781047617
2022-03-21,2022,3,ZIMA,22.22881170553756,49.82878772328128,18158.406619754358,1869.8801694693902
2022-03-21,2022,3,ZIMA,22.291693775425927,49.82878772328128,14209.525042067644,1872.6950000103755
2022-03-21,2022,3,ZIMA,22.354575845314294,49.82878772328128,10722.583398780149,1874.4876636343274
2022-03-21,2022,3,ZIMA,22.417457915202657,49.82878772328128,8301.649065314678,1868.6674154376876
2022-03-21,2022,3,ZIMA,22.480339985091025,49.82878772328128,7983.807939159483,1870.0522817625947
2022-03-21,2022,3,ZIMA,22.543222054979392,49.82878772328128,9972.220017912965,1871.0207950285157
2022-03-21,2022,3,ZIMA,22.60610412486776,49.82878772328128,13267.61214866327,1876.2019478716568
2022-03-21,2022,3,ZIMA,22.668986194756126,49.82878772328128,17131.67359445209,1875.2383737902264
2022-03-21,2022,3,ZIMA,22.73186826464449,49.82878772328128,21256.509218593656,1878.4343291490873
2022-03-21,2022,3,ZIMA,22.165929635649192,49.89166979316964,20919.391463104264,1863.0808797065952
2022-03-21,2022,3,ZIMA,22.22881170553756,49.89166979316964,16405.560705198463,1863.995283546072
2022-03-21,2022,3,ZIMA,22.291693775425927,49.89166979316964,11895.00110721875,1866.7640153314883
2022-03-21,2022,3,ZIMA,22.354575845314294,49.89166979316964,7393.707934749382,1871.0704770764835
2022-03-21,2022,3,ZIMA,22.417457915202657,49.89166979316964,2944.500050124817,1875.649240349318
2022-03-21,2022,3,ZIMA,22.480339985091025,49.89166979316964,1870.9821680215873,1874.8514011136926
2022-03-21,2022,3,ZIMA,22.543222054979392,49.89166979316964,6257.667310553245,1884.731211107751
2022-03-21,2022,3,ZIMA,22.60610412486776,49.89166979316964,10753.768425853132,1886.948144092703
2022-03-21,2022,3,ZIMA,22.668986194756126,49.89166979316964,15262.893735083717,1886.0905570016823
2022-03-21,2022,3,ZIMA,22.73186826464449,49.89166979316964,19776.134276070505,1892.5354196574604
2022-03-21,2022,3,ZIMA,22.794750334532857,49.89166979316964,24291.194065453536,1892.3590798257371
2022-03-21,2022,3,ZIMA,22.165929635649192,49.954551863058015,21786.570287916154,1871.033597153871
2022-03-21,2022,3,ZIMA,22.22881170553756,49.954551863058015,17504.14593586278,1865.1923341492786
2022-03-21,2022,3,ZIMA,22.291693775425927,49.954551863058015,13375.713008895505,1864.7540597523878
2022-03-21,2022,3,ZIMA,22.354575845314294,49.954551863058015,9602.00371929549,1880.6712144338371
2022-03-21,2022,3,ZIMA,22.417457915202657,49.954551863058015,6801.584066412853,1878.2172851561845
2022-03-21,2022,3,ZIMA,22.480339985091025,49.954551863058015,6410.8337029859895,1881.959828290527
2022-03-21,2022,3,ZIMA,22.543222054979392,49.954551863058015,8758.432559269975,1886.80505709322
2022-03-21,2022,3,ZIMA,22.60610412486776,49.954551863058015,12373.188316296972,1886.9007140262383
2022-03-21,2022,3,ZIMA,22.668986194756126,49.954551863058015,16439.454591696005,1886.9627362780427
2022-03-21,2022,3,ZIMA,22.73186826464449,49.954551863058015,20692.74432795608,1893.1951904296213
2022-03-21,2022,3,ZIMA,22.165929635649192,50.017433932946375,24688.65400458408,1876.5314566805307
2022-03-21,2022,3,ZIMA,22.22881170553756,50.017433932946375,21011.64844441782,1876.9488442102263
2022-03-21,2022,3,ZIMA,22.291693775425927,50.017433932946375,17724.845643369907,1890.012541875109
2022-03-21,2022,3,ZIMA,22.354575845314294,50.017433932946375,15085.492177146163,1890.1112503999566
2022-03-21,2022,3,ZIMA,22.417457915202657,50.017433932946375,13479.4325917546,1886.6143856350361
2022-03-21,2022,3,ZIMA,22.480339985091025,50.017433932946375,13286.800817179106,1889.217429608087
2022-03-21,2022,3,ZIMA,22.543222054979392,50.017433932946375,14563.789322484645,1888.3819170351196
2022-03-21,2022,3,ZIMA,22.60610412486776,50.017433932946375,16982.046877098484,1886.5249410637869
2022-03-21,2022,3,ZIMA,22.668986194756126,50.017433932946375,20134.47338387348,1886.5974784608993
2022-03-21,2022,3,ZIMA,22.73186826464449,50.017433932946375,23730.259141340277,1885.3501866340378
2022-03-21,2022,3,ZIMA,22.291693775425927,50.08031600283475,23393.92889056244,1873.5977223477946
2022-03-21,2022,3,ZIMA,22.354575845314294,50.08031600283475,21466.04242459771,1882.0207938360134
2022-03-21,2022,3,ZIMA,22.417457915202657,50.08031600283475,20370.90850265545,1881.6104297451907
2022-03-21,2022,3,ZIMA,22.480339985091025,50.08031600283475,20244.125442972134,1884.7040982591745
2022-03-21,2022,3,ZIMA,22.543222054979392,50.08031600283475,21103.1530005928,1885.5189132090593
2022-03-21,2022,3,ZIMA,22.60610412486776,50.08031600283475,22837.01728511146,1881.5210993067024
2022-03-22,2022,3,ZIMA,22.354575845314294,49.703023583504546,23001.98911035394,1877.2679805974929
2022-03-22,2022,3,ZIMA,22.417457915202657,49.703023583504546,21975.346455526636,1884.7284444982793
2022-03-22,2022,3,ZIMA,22.480339985091025,49.703023583504546,21856.94974519855,1884.5214749417414
2022-03-22,2022,3,ZIMA,22.543222054979392,49.703023583504546,22661.03902923717,1885.062806692669
2022-03-22,2022,3,ZIMA,22.60610412486776,49.703023583504546,24296.198188144805,1885.9333820522345
2022-03-22,2022,3,ZIMA,22.22881170553756,49.765905653392906,22094.07877149692,1875.8698730468823
2022-03-22,2022,3,ZIMA,22.291693775425927,49.765905653392906,18978.031889389276,1875.5669703787378
2022-03-22,2022,3,ZIMA,22.354575845314294,49.765905653392906,16526.233661248294,1875.4038279606693
2022-03-22,2022,3,ZIMA,22.417457915202657,49.765905653392906,15066.531806853272,1880.56344276631
2022-03-22,2022,3,ZIMA,22.480339985091025,49.765905653392906,14893.538410765585,1881.6235814676618
2022-03-22,2022,3,ZIMA,22.543222054979392,49.765905653392906,16048.91545535083,1882.9321424557431
2022-03-22,2022,3,ZIMA,22.60610412486776,49.765905653392906,18282.53620624142,1885.8719549529526
2022-03-22,2022,3,ZIMA,22.668986194756126,49.765905653392906,21257.1846990577,1885.7154232010146
2022-03-22,2022,3,ZIMA,22.73186826464449,49.765905653392906,24706.637829025414,1892.9370221229567
2022-03-22,2022,3,ZIMA,22.165929635649192,49.82878772328128,22325.43538520545,1873.312724806873
2022-03-22,2022,3,ZIMA,22.22881170553756,49.82878772328128,18158.406619754358,1873.9554111552175
2022-03-22,2022,3,ZIMA,22.291693775425927,49.82878772328128,14209.525042067644,1875.8592388735517
2022-03-22,2022,3,ZIMA,22.354575845314294,49.82878772328128,10722.583398780149,1875.8158573488088
2022-03-22,2022,3,ZIMA,22.417457915202657,49.82878772328128,8301.649065314678,1899.7751816884152
2022-03-22,2022,3,ZIMA,22.480339985091025,49.82878772328128,7983.807939159483,1894.7400427395976
2022-03-22,2022,3,ZIMA,22.543222054979392,49.82878772328128,9972.220017912965,1885.156548673076
2022-03-22,2022,3,ZIMA,22.60610412486776,49.82878772328128,13267.61214866327,1882.518618183107
2022-03-22,2022,3,ZIMA,22.668986194756126,49.82878772328128,17131.67359445209,1884.6306416490615
2022-03-22,2022,3,ZIMA,22.73186826464449,49.82878772328128,21256.509218593656,1898.582801700582
2022-03-22,2022,3,ZIMA,22.165929635649192,49.89166979316964,20919.391463104264,1869.8381846733728
2022-03-22,2022,3,ZIMA,22.22881170553756,49.89166979316964,16405.560705198463,1869.5528551574912
2022-03-22,2022,3,ZIMA,22.291693775425927,49.89166979316964,11895.00110721875,1872.1635010551638
2022-03-22,2022,3,ZIMA,22.354575845314294,49.89166979316964,7393.707934749382,1887.9291833055936
2022-03-22,2022,3,ZIMA,22.417457915202657,49.89166979316964,2944.500050124817,1903.6420214993232
2022-03-22,2022,3,ZIMA,22.480339985091025,49.89166979316964,1870.9821680215873,1904.0656050807133
2022-03-22,2022,3,ZIMA,22.543222054979392,49.89166979316964,6257.667310553245,1903.694650411502
2022-03-22,2022,3,ZIMA,22.60610412486776,49.89166979316964,10753.768425853132,1903.1278162185924
2022-03-22,2022,3,ZIMA,22.668986194756126,49.89166979316964,15262.893735083717,1902.7959392603527
2022-03-22,2022,3,ZIMA,22.73186826464449,49.89166979316964,19776.134276070505,1900.063135529407
2022-03-22,2022,3,ZIMA,22.794750334532857,49.89166979316964,24291.194065453536,1899.9292869527596
2022-03-22,2022,3,ZIMA,22.165929635649192,49.954551863058015,21786.570287916154,1871.3992503700335
2022-03-22,2022,3,ZIMA,22.22881170553756,49.954551863058015,17504.14593586278,1870.834636396879
2022-03-22,2022,3,ZIMA,22.291693775425927,49.954551863058015,13375.713008895505,1879.271150174907
2022-03-22,2022,3,ZIMA,22.354575845314294,49.954551863058015,9602.00371929549,1904.8901967534816
2022-03-22,2022,3,ZIMA,22.417457915202657,49.954551863058015,6801.584066412853,1903.2238218444563
2022-03-22,2022,3,ZIMA,22.480339985091025,49.954551863058015,6410.8337029859895,1903.5509812329758
2022-03-22,2022,3,ZIMA,22.543222054979392,49.954551863058015,8758.432559269975,1903.965576647873
2022-03-22,2022,3,ZIMA,22.60610412486776,49.954551863058015,12373.188316296972,1899.0555182935527
2022-03-22,2022,3,ZIMA,22.668986194756126,49.954551863058015,16439.454591696005,1901.5942462268733
2022-03-22,2022,3,ZIMA,22.73186826464449,49.954551863058015,20692.74432795608,1903.1042004610345
2022-03-22,2022,3,ZIMA,22.165929635649192,50.017433932946375,24688.65400458408,1884.3645452240794
2022-03-22,2022,3,ZIMA,22.22881170553756,50.017433932946375,21011.64844441782,1884.1871855858947
2022-03-22,2022,3,ZIMA,22.291693775425927,50.017433932946375,17724.845643369907,1910.1934644355192
2022-03-22,2022,3,ZIMA,22.354575845314294,50.017433932946375,15085.492177146163,1912.3498320372871
2022-03-22,2022,3,ZIMA,22.417457915202657,50.017433932946375,13479.4325917546,1908.4690156646284
2022-03-22,2022,3,ZIMA,22.480339985091025,50.017433932946375,13286.800817179106,1905.5576694906695
2022-03-22,2022,3,ZIMA,22.543222054979392,50.017433932946375,14563.789322484645,1902.8744081140055
2022-03-22,2022,3,ZIMA,22.60610412486776,50.017433932946375,16982.046877098484,1904.4679146895514
2022-03-22,2022,3,ZIMA,22.668986194756126,50.017433932946375,20134.47338387348,1902.7476593919953
2022-03-22,2022,3,ZIMA,22.73186826464449,50.017433932946375,23730.259141340277,1897.0712316623278
2022-03-22,2022,3,ZIMA,22.291693775425927,50.08031600283475,23393.92889056244,1893.632958208342
2022-03-22,2022,3,ZIMA,22.354575845314294,50.08031600283475,21466.04242459771,1899.9287286966508
2022-03-22,2022,3,ZIMA,22.417457915202657,50.08031600283475,20370.90850265545,1904.768228775278
2022-03-22,2022,3,ZIMA,22.480339985091025,50.08031600283475,20244.125442972134,1890.5281091487386
2022-03-22,2022,3,ZIMA,22.543222054979392,50.08031600283475,21103.1530005928,1889.105420892507
2022-03-22,2022,3,ZIMA,22.60610412486776,50.08031600283475,22837.01728511146,1898.125446429805
2022-03-22,2022,3,ZIMA,22.351074069814842,49.69952180800509,23452.044412270043,1858.4979733644168
2022-03-22,2022,3,ZIMA,22.41395613970321,49.69952180800509,22395.01771344624,1859.2191167143183
2022-03-22,2022,3,ZIMA,22.476838209591577,49.69952180800509,22227.556145717932,1860.054122929815
2022-03-22,2022,3,ZIMA,22.539720279479937,49.69952180800509,22969.12425616453,1859.7660970793854
2022-03-22,2022,3,ZIMA,22.602602349368304,49.69952180800509,24537.443721451007,1859.4780198161063
2022-03-22,2022,3,ZIMA,22.225309930038108,49.76240387789346,22542.784189467628,1860.0435767185236
2022-03-22,2022,3,ZIMA,22.288191999926475,49.76240387789346,19439.794954990113,1860.6953465864674
2022-03-22,2022,3,ZIMA,22.351074069814842,49.76240387789346,16987.360292640155,1861.0217286551294
2022-03-22,2022,3,ZIMA,22.41395613970321,49.76240387789346,15497.464920780965,1862.536221603505
2022-03-22,2022,3,ZIMA,22.476838209591577,49.76240387789346,15254.786361490895,1862.848670554148
2022-03-22,2022,3,ZIMA,22.539720279479937,49.76240387789346,16315.073828270395,1862.960493885819
2022-03-22,2022,3,ZIMA,22.602602349368304,49.76240387789346,18455.106028910457,1863.0722613981357
2022-03-22,2022,3,ZIMA,22.66548441925667,49.76240387789346,21352.669999731086,1873.8182339415348
2022-03-22,2022,3,ZIMA,22.72836648914504,49.76240387789346,24743.046081811666,1877.3067737859683
2022-03-22,2022,3,ZIMA,22.16242786014974,49.82528594778182,22699.863401704264,1878.7428051446961
2022-03-22,2022,3,ZIMA,22.225309930038108,49.82528594778182,18555.257733334394,1878.9226090382099
2022-03-22,2022,3,ZIMA,22.288191999926475,49.82528594778182,14635.38638075111,1878.9226074219357
2022-03-22,2022,3,ZIMA,22.351074069814842,49.82528594778182,11179.210694185098,1878.9226074218054
2022-03-22,2022,3,ZIMA,22.41395613970321,49.82528594778182,8754.330853999618,1865.3094042914947
2022-03-22,2022,3,ZIMA,22.476838209591577,49.82528594778182,8317.75525363363,1865.3020019531853
2022-03-22,2022,3,ZIMA,22.539720279479937,49.82528594778182,10129.901392570879,1865.3020019531853
2022-03-22,2022,3,ZIMA,22.602602349368304,49.82528594778182,13301.431085979808,1865.3020015741804
2022-03-22,2022,3,ZIMA,22.66548441925667,49.82528594778182,17091.651306454667,1865.301989581739
2022-03-22,2022,3,ZIMA,22.16242786014974,49.888168017670196,21190.035965077823,1865.0804718652707
2022-03-22,2022,3,ZIMA,22.225309930038108,49.888168017670196,16680.922447759407,1865.2061008591936
2022-03-22,2022,3,ZIMA,22.288191999926475,49.888168017670196,12178.621349547338,1865.4573314447448
2022-03-22,2022,3,ZIMA,22.351074069814842,49.888168017670196,7695.105499165169,1865.5829260367004
2022-03-22,2022,3,ZIMA,22.41395613970321,49.888168017670196,3307.677345066955,1880.8398209321529
2022-03-22,2022,3,ZIMA,22.476838209591577,49.888168017670196,1870.0521936467014,1881.3441257047537
2022-03-22,2022,3,ZIMA,22.539720279479937,49.888168017670196,6073.198666981766,1882.3527159198838
2022-03-22,2022,3,ZIMA,22.602602349368304,49.888168017670196,10540.42966692191,1881.7680178473154
2022-03-22,2022,3,ZIMA,22.16242786014974,49.951050087558556,21922.34246452262,1872.1909334266359
2022-03-22,2022,3,ZIMA,22.225309930038108,49.951050087558556,17608.139880996303,1872.3864868265339
2022-03-22,2022,3,ZIMA,22.288191999926475,49.951050087558556,13426.88056594184,1872.777532419272
2022-03-22,2022,3,ZIMA,22.351074069814842,49.951050087558556,9554.726699622017,1872.973024632693
2022-03-22,2022,3,ZIMA,22.41395613970321,49.951050087558556,6563.667205010626,1884.1902031893194
2022-03-22,2022,3,ZIMA,22.476838209591577,49.951050087558556,5970.578357647499,1883.9684017886198
2022-03-22,2022,3,ZIMA,22.539720279479937,49.951050087558556,8306.079006660024,1883.5510364952058
2022-03-22,2022,3,ZIMA,22.602602349368304,49.951050087558556,11962.915358252178,1884.3719349529888
2022-03-22,2022,3,ZIMA,22.16242786014974,50.01393215744693,24698.211293128992,1890.2459716796582
2022-03-22,2022,3,ZIMA,22.225309930038108,50.01393215744693,20968.579444434803,1890.245971679687
2022-03-22,2022,3,ZIMA,22.288191999926475,50.01393215744693,17609.230664409366,1890.2459716797566
2022-03-22,2022,3,ZIMA,22.351074069814842,50.01393215744693,14873.22360287433,1889.7802859815322
2022-03-22,2022,3,ZIMA,22.41395613970321,50.01393215744693,13155.403252170625,1880.5650940481762
2022-03-22,2022,3,ZIMA,22.476838209591577,50.01393215744693,12870.136155172722,1880.6765832337246
2022-03-22,2022,3,ZIMA,22.539720279479937,50.01393215744693,14104.610591217597,1880.899512785978
2022-03-22,2022,3,ZIMA,22.602602349368304,50.01393215744693,16521.613265744996,1879.05039973225
2022-03-22,2022,3,ZIMA,22.66548441925667,50.01393215744693,19690.390482826235,1878.9733071988037
2022-03-22,2022,3,ZIMA,22.72836648914504,50.01393215744693,23306.292938701834,1879.4181801589193
2022-03-22,2022,3,ZIMA,22.288191999926475,50.07681422733529,23189.09236761441,1885.007050738194
2022-03-22,2022,3,ZIMA,22.351074069814842,50.07681422733529,21189.098457688768,1885.1537396257354
2022-03-22,2022,3,ZIMA,22.41395613970321,50.07681422733529,20022.30305707215,1885.9179687499343
2022-03-22,2022,3,ZIMA,22.476838209591577,50.07681422733529,19836.281851330667,1885.9179687500691
2022-03-22,2022,3,ZIMA,22.539720279479937,50.07681422733529,20657.54689047746,1885.917968750069
2022-03-22,2022,3,ZIMA,22.602602349368304,50.07681422733529,22375.459932273214,1887.0660152758253
2022-03-22,2022,3,ZIMA,22.66548441925667,50.07681422733529,24804.416123765553,1887.0666503905632
2022-03-23,2022,3,ZIMA,22.351074069814842,49.703023583504546,23083.927326055742,1867.0625190857595
2022-03-23,2022,3,ZIMA,22.41395613970321,49.703023583504546,22009.307501455558,1864.4167227438807
2022-03-23,2022,3,ZIMA,22.476838209591577,49.703023583504546,21838.90079679756,1864.6342287897282
2022-03-23,2022,3,ZIMA,22.539720279479937,49.703023583504546,22593.17583927434,1877.7389854019427
2022-03-23,2022,3,ZIMA,22.602602349368304,49.703023583504546,24185.775037046704,1878.212325999189
2022-03-23,2022,3,ZIMA,22.225309930038108,49.765905653392906,22281.800350685542,1868.6311600072263
2022-03-23,2022,3,ZIMA,22.288191999926475,49.765905653392906,19136.78425213424,1868.2671327481016
2022-03-23,2022,3,ZIMA,22.351074069814842,49.765905653392906,16639.94356120048,1871.3363244659217
2022-03-23,2022,3,ZIMA,22.41395613970321,49.765905653392906,15115.958971884465,1871.243584557331
2022-03-23,2022,3,ZIMA,22.476838209591577,49.765905653392906,14867.07238633853,1874.4110156725378
2022-03-23,2022,3,ZIMA,22.539720279479937,49.765905653392906,15953.073608841014,1883.6065036540087
2022-03-23,2022,3,ZIMA,22.602602349368304,49.765905653392906,18135.724611146674,1881.0300298022626
2022-03-23,2022,3,ZIMA,22.66548441925667,49.765905653392906,21077.044010532463,1877.9945461130717
2022-03-23,2022,3,ZIMA,22.72836648914504,49.765905653392906,24505.35343108441,1877.920898437475
2022-03-23,2022,3,ZIMA,22.16242786014974,49.82878772328128,22561.496678211304,1873.1465557633287
2022-03-23,2022,3,ZIMA,22.225309930038108,49.82878772328128,18386.061726871878,1872.4589120804378
2022-03-23,2022,3,ZIMA,22.288191999926475,49.82878772328128,14420.596295060988,1870.6504725925583
2022-03-23,2022,3,ZIMA,22.351074069814842,49.82878772328128,10896.799759885853,1870.0037780123855
2022-03-23,2022,3,ZIMA,22.41395613970321,49.82878772328128,8390.904744103555,1871.5306312214725
2022-03-23,2022,3,ZIMA,22.476838209591577,49.82878772328128,7934.391195442134,1877.6435827351368
2022-03-23,2022,3,ZIMA,22.539720279479937,49.82878772328128,9817.433749392034,1881.9517822266234
2022-03-23,2022,3,ZIMA,22.602602349368304,49.82878772328128,13064.831375818938,1880.335502129208
2022-03-23,2022,3,ZIMA,22.66548441925667,49.82878772328128,16907.926710075484,1879.8613281249307
2022-03-23,2022,3,ZIMA,22.72836648914504,49.82878772328128,21022.521139459986,1879.7194762986978
2022-03-23,2022,3,ZIMA,22.16242786014974,49.89166979316964,21170.811548122947,1868.7572021484657
2022-03-23,2022,3,ZIMA,22.225309930038108,49.89166979316964,16656.865441908725,1868.7572021483645
2022-03-23,2022,3,ZIMA,22.288191999926475,49.89166979316964,12146.036870587224,1865.5051372366815
2022-03-23,2022,3,ZIMA,22.351074069814842,49.89166979316964,7643.853027969919,1864.7502383726826
2022-03-23,2022,3,ZIMA,22.41395613970321,49.89166979316964,3187.171426476648,1867.9677387189802
2022-03-23,2022,3,ZIMA,22.476838209591577,49.89166979316964,1647.714730577446,1890.1856189921148
2022-03-23,2022,3,ZIMA,22.539720279479937,49.89166979316964,6008.260820467318,1888.7415725819114
2022-03-23,2022,3,ZIMA,22.602602349368304,49.89166979316964,10502.892175454677,1889.3159073768456
2022-03-23,2022,3,ZIMA,22.66548441925667,49.89166979316964,15011.64709146625,1889.2878082304335
2022-03-23,2022,3,ZIMA,22.72836648914504,49.89166979316964,19524.741484434187,1883.56610678255
2022-03-23,2022,3,ZIMA,22.791248559033406,49.89166979316964,24039.72918140091,1878.042051544861
2022-03-23,2022,3,ZIMA,22.16242786014974,49.954551863058015,22027.782733952707,1870.311728082511
2022-03-23,2022,3,ZIMA,22.225309930038108,49.954551863058015,17739.590434295314,1870.2218290425012
2022-03-23,2022,3,ZIMA,22.288191999926475,49.954551863058015,13599.154841778878,1868.9826179333447
2022-03-23,2022,3,ZIMA,22.351074069814842,49.954551863058015,9795.670141318758,1868.7360376336942
2022-03-23,2022,3,ZIMA,22.41395613970321,49.954551863058015,6909.962763900423,1877.1677487059574
2022-03-23,2022,3,ZIMA,22.476838209591577,49.954551863058015,6349.346777594972,1889.9419823351643
2022-03-23,2022,3,ZIMA,22.539720279479937,49.954551863058015,8582.244531195483,1890.5055895864054
2022-03-23,2022,3,ZIMA,22.602602349368304,49.954551863058015,12156.065641951067,1887.4718512122513
2022-03-23,2022,3,ZIMA,22.66548441925667,49.954551863058015,16206.763350073297,1887.7242627770302
2022-03-23,2022,3,ZIMA,22.72836648914504,49.954551863058015,20452.935077666752,1878.2785051840203
2022-03-23,2022,3,ZIMA,22.791248559033406,49.954551863058015,24794.352926017247,1875.6902653326001
2022-03-23,2022,3,ZIMA,22.225309930038108,50.017433932946375,21207.934816444795,1880.4504709815394
2022-03-23,2022,3,ZIMA,22.288191999926475,50.017433932946375,17893.842680829952,1888.100012773821
2022-03-23,2022,3,ZIMA,22.351074069814842,50.017433932946375,15209.33425022498,1888.0435908376312
2022-03-23,2022,3,ZIMA,22.41395613970321,50.017433932946375,13534.371230107326,1887.7758739922956
2022-03-23,2022,3,ZIMA,22.476838209591577,50.017433932946375,13257.281544774674,1887.9503215299978
2022-03-23,2022,3,ZIMA,22.539720279479937,50.017433932946375,14458.655827108438,1886.9205089608713
2022-03-23,2022,3,ZIMA,22.602602349368304,50.017433932946375,16824.71417753827,1881.9500732422562
2022-03-23,2022,3,ZIMA,22.66548441925667,50.017433932946375,19945.185683913292,1881.9500732421257
2022-03-23,2022,3,ZIMA,22.72836648914504,50.017433932946375,23521.7121166828,1875.0292885068989
2022-03-23,2022,3,ZIMA,22.288191999926475,50.08031600283475,23522.064030437665,1883.971679687569
2022-03-23,2022,3,ZIMA,22.351074069814842,50.08031600283475,21553.140153817494,1884.0221487200452
2022-03-23,2022,3,ZIMA,22.41395613970321,50.08031600283475,20407.25551893057,1886.7444797728556
2022-03-23,2022,3,ZIMA,22.476838209591577,50.08031600283475,20224.78863718071,1886.644282946588
2022-03-23,2022,3,ZIMA,22.539720279479937,50.08031600283475,21030.83023521601,1879.3749151671839
2022-03-23,2022,3,ZIMA,22.602602349368304,50.08031600283475,22720.418119599533,1877.7966144238126
2022-03-24,2022,3,ZIMA,22.351074069814842,49.703023583504546,23083.927326055742,1878.0419817053457
2022-03-24,2022,3,ZIMA,22.41395613970321,49.703023583504546,22009.307501455558,1880.2215452288883
2022-03-24,2022,3,ZIMA,22.476838209591577,49.703023583504546,21838.90079679756,1880.612459887183
2022-03-24,2022,3,ZIMA,22.539720279479937,49.703023583504546,22593.17583927434,1874.6038701808811
2022-03-24,2022,3,ZIMA,22.602602349368304,49.703023583504546,24185.775037046704,1874.9671952225772
2022-03-24,2022,3,ZIMA,22.225309930038108,49.765905653392906,22281.800350685542,1871.8595465768567
2022-03-24,2022,3,ZIMA,22.288191999926475,49.765905653392906,19136.78425213424,1879.6151271735462
2022-03-24,2022,3,ZIMA,22.351074069814842,49.765905653392906,16639.94356120048,1876.5210906401187
2022-03-24,2022,3,ZIMA,22.41395613970321,49.765905653392906,15115.958971884465,1883.7307343328057
2022-03-24,2022,3,ZIMA,22.476838209591577,49.765905653392906,14867.07238633853,1883.309326171919
2022-03-24,2022,3,ZIMA,22.539720279479937,49.765905653392906,15953.073608841014,1885.0254786598177
2022-03-24,2022,3,ZIMA,22.602602349368304,49.765905653392906,18135.724611146674,1882.9522280475596
2022-03-24,2022,3,ZIMA,22.66548441925667,49.765905653392906,21077.044010532463,1881.2824059686818
2022-03-24,2022,3,ZIMA,22.72836648914504,49.765905653392906,24505.35343108441,1875.7752752932442
2022-03-24,2022,3,ZIMA,22.16242786014974,49.82878772328128,22561.496678211304,1875.4893734720376
2022-03-24,2022,3,ZIMA,22.225309930038108,49.82878772328128,18386.061726871878,1874.7464262884064
2022-03-24,2022,3,ZIMA,22.288191999926475,49.82878772328128,14420.596295060988,1889.3023759110083
2022-03-24,2022,3,ZIMA,22.351074069814842,49.82878772328128,10896.799759885853,1890.5912505404322
2022-03-24,2022,3,ZIMA,22.41395613970321,49.82878772328128,8390.904744103555,1890.2380124004326
2022-03-24,2022,3,ZIMA,22.476838209591577,49.82878772328128,7934.391195442134,1888.7049248175554
2022-03-24,2022,3,ZIMA,22.539720279479937,49.82878772328128,9817.433749392034,1877.3981944559105
2022-03-24,2022,3,ZIMA,22.602602349368304,49.82878772328128,13064.831375818938,1885.3271637639505
2022-03-24,2022,3,ZIMA,22.66548441925667,49.82878772328128,16907.926710075484,1886.2917182597298
2022-03-24,2022,3,ZIMA,22.72836648914504,49.82878772328128,21022.521139459986,1881.5038643433295
2022-03-24,2022,3,ZIMA,22.16242786014974,49.89166979316964,21170.811548122947,1865.2604761175098
2022-03-24,2022,3,ZIMA,22.225309930038108,49.89166979316964,16656.865441908725,1868.7746815780858
2022-03-24,2022,3,ZIMA,22.288191999926475,49.89166979316964,12146.036870587224,1883.159861432002
2022-03-24,2022,3,ZIMA,22.351074069814842,49.89166979316964,7643.853027969919,1880.1842200747399
2022-03-24,2022,3,ZIMA,22.41395613970321,49.89166979316964,3187.171426476648,1876.4644850007476
2022-03-24,2022,3,ZIMA,22.476838209591577,49.89166979316964,1647.714730577446,1886.3333416524333
2022-03-24,2022,3,ZIMA,22.539720279479937,49.89166979316964,6008.260820467318,1886.4491669659267
2022-03-24,2022,3,ZIMA,22.602602349368304,49.89166979316964,10502.892175454677,1899.6547851562784
2022-03-24,2022,3,ZIMA,22.66548441925667,49.89166979316964,15011.64709146625,1896.2657234295639
2022-03-24,2022,3,ZIMA,22.72836648914504,49.89166979316964,19524.741484434187,1890.5573361971678
2022-03-24,2022,3,ZIMA,22.791248559033406,49.89166979316964,24039.72918140091,1891.662051803816
2022-03-24,2022,3,ZIMA,22.16242786014974,49.954551863058015,22027.782733952707,1871.9246839873022
2022-03-24,2022,3,ZIMA,22.225309930038108,49.954551863058015,17739.590434295314,1874.4633888110507
2022-03-24,2022,3,ZIMA,22.288191999926475,49.954551863058015,13599.154841778878,1878.8092498185626
2022-03-24,2022,3,ZIMA,22.351074069814842,49.954551863058015,9795.670141318758,1887.1758702662985
2022-03-24,2022,3,ZIMA,22.41395613970321,49.954551863058015,6909.962763900423,1884.4296130079506
2022-03-24,2022,3,ZIMA,22.476838209591577,49.954551863058015,6349.346777594972,1896.3814629399676
2022-03-24,2022,3,ZIMA,22.539720279479937,49.954551863058015,8582.244531195483,1899.107316217037
2022-03-24,2022,3,ZIMA,22.602602349368304,49.954551863058015,12156.065641951067,1901.6106683469395
2022-03-24,2022,3,ZIMA,22.66548441925667,49.954551863058015,16206.763350073297,1892.847512033376
2022-03-24,2022,3,ZIMA,22.72836648914504,49.954551863058015,20452.935077666752,1890.059653037099
2022-03-24,2022,3,ZIMA,22.791248559033406,49.954551863058015,24794.352926017247,1890.374353244096
2022-03-24,2022,3,ZIMA,22.225309930038108,50.017433932946375,21207.934816444795,1893.4651330654021
2022-03-24,2022,3,ZIMA,22.288191999926475,50.017433932946375,17893.842680829952,1903.5205857866158
2022-03-24,2022,3,ZIMA,22.351074069814842,50.017433932946375,15209.33425022498,1907.3102493288525
2022-03-24,2022,3,ZIMA,22.41395613970321,50.017433932946375,13534.371230107326,1899.1644584553987
2022-03-24,2022,3,ZIMA,22.476838209591577,50.017433932946375,13257.281544774674,1897.9836199755644
2022-03-24,2022,3,ZIMA,22.539720279479937,50.017433932946375,14458.655827108438,1895.9809018397755
2022-03-24,2022,3,ZIMA,22.602602349368304,50.017433932946375,16824.71417753827,1886.5715022599077
2022-03-24,2022,3,ZIMA,22.66548441925667,50.017433932946375,19945.185683913292,1876.8809078782706
2022-03-24,2022,3,ZIMA,22.72836648914504,50.017433932946375,23521.7121166828,1887.0738944682153
2022-03-24,2022,3,ZIMA,22.288191999926475,50.08031600283475,23522.064030437665,1895.6638975897886
2022-03-24,2022,3,ZIMA,22.351074069814842,50.08031600283475,21553.140153817494,1898.129624499611
2022-03-24,2022,3,ZIMA,22.41395613970321,50.08031600283475,20407.25551893057,1888.2505972750423
2022-03-24,2022,3,ZIMA,22.476838209591577,50.08031600283475,20224.78863718071,1890.0878943170603
2022-03-24,2022,3,ZIMA,22.539720279479937,50.08031600283475,21030.83023521601,1886.4252131501162
2022-03-24,2022,3,ZIMA,22.602602349368304,50.08031600283475,22720.418119599533,1882.493345352768
2022-03-25,2022,3,ZIMA,22.165929635649192,49.82878772328128,22325.43538520545,1884.0277452469197
2022-06-03,2022,6,LATO,22.211302828040303,49.765905653392906,23044.940206446532,1851.9837632016988
2022-06-03,2022,6,LATO,22.274184897928663,49.765905653392906,19791.139041156755,1853.1926821319812
2022-06-03,2022,6,LATO,22.337066967817037,49.765905653392906,17124.322354940865,1848.9377254499893
2022-06-03,2022,6,LATO,22.399949037705397,49.765905653392906,15353.46715675865,1843.0762866278326
2022-06-03,2022,6,LATO,22.46283110759377,49.765905653392906,14803.670401760957,1869.038208766706
2022-06-03,2022,6,LATO,22.52571317748213,49.765905653392906,15604.532676742472,1857.2110115156056
2022-06-03,2022,6,LATO,22.588595247370506,49.765905653392906,17572.348165759362,1842.7866493712836
2022-06-03,2022,6,LATO,22.651477317258866,49.765905653392906,20371.71370341612,1874.630357197148
2022-06-03,2022,6,LATO,22.714359387147226,49.765905653392906,23709.899247344183,1874.630393070051
2022-06-03,2022,6,LATO,22.211302828040303,49.82878772328128,19302.672401242962,1853.8460053195163
2022-06-03,2022,6,LATO,22.274184897928663,49.82878772328128,15277.216372643947,1861.1180191937783
2022-06-03,2022,6,LATO,22.337066967817037,49.82878772328128,11622.125849843118,1863.8989812380785
2022-06-03,2022,6,LATO,22.399949037705397,49.82878772328128,8811.053425103102,1864.802165771022
2022-06-03,2022,6,LATO,22.46283110759377,49.82878772328128,7815.101725436394,1869.0295075596628
2022-06-03,2022,6,LATO,22.52571317748213,49.82878772328128,9241.055230812668,1846.0469348974216
2022-06-03,2022,6,LATO,22.588595247370506,49.82878772328128,12271.867329400819,1842.786624601853
2022-06-03,2022,6,LATO,22.651477317258866,49.82878772328128,16021.258563246713,1872.3183888183084
2022-06-03,2022,6,LATO,22.714359387147226,49.82878772328128,20090.86840189349,1874.9133750660706
2022-06-03,2022,6,LATO,22.7772414570356,49.82878772328128,24320.4729780271,1873.5977225310205
2022-06-03,2022,6,LATO,22.211302828040303,49.89166979316964,17662.170160851372,1853.1917256467018
2022-06-03,2022,6,LATO,22.274184897928663,49.89166979316964,13150.397981968348,1852.768390353795
2022-06-03,2022,6,LATO,22.337066967817037,49.89166979316964,8645.281580533669,1866.826425788883
2022-06-03,2022,6,LATO,22.399949037705397,49.89166979316964,4168.4653838731665,1873.7618512775
2022-06-03,2022,6,LATO,22.46283110759377,49.89166979316964,915.7735323810977,1872.1131670405011
2022-06-03,2022,6,LATO,22.52571317748213,49.89166979316964,5012.8341822749335,1866.988412349154
2022-06-03,2022,6,LATO,22.588595247370506,49.89166979316964,9499.773366756152,1862.9911677384648
2022-06-03,2022,6,LATO,22.651477317258866,49.89166979316964,14006.789569911276,1893.1568731785437
2022-06-03,2022,6,LATO,22.714359387147226,49.89166979316964,18519.228167731453,1891.351160445323
2022-06-03,2022,6,LATO,22.7772414570356,49.89166979316964,23033.900325477673,1872.3057054013525
2022-06-03,2022,6,LATO,22.14842075815193,49.954551863058015,22994.824269715486,1856.5078291501104
2022-06-03,2022,6,LATO,22.211302828040303,49.954551863058015,18685.537456604256,1858.354191909941
2022-06-03,2022,6,LATO,22.274184897928663,49.954551863058015,14502.094242152669,1857.0038734548457
2022-06-03,2022,6,LATO,22.337066967817037,49.954551863058015,10594.637249937323,1879.7601897721743
2022-06-03,2022,6,LATO,22.399949037705397,49.954551863058015,7413.245892451485,1880.4622802735064
2022-06-03,2022,6,LATO,22.46283110759377,49.954551863058015,6200.026734374416,1874.1080650469396
2022-06-03,2022,6,LATO,22.52571317748213,49.954551863058015,7918.239441228203,1875.039028998471
2022-06-03,2022,6,LATO,22.588595247370506,49.954551863058015,11301.812859466689,1879.9870836806035
2022-06-03,2022,6,LATO,22.651477317258866,49.954551863058015,15281.939992676336,1893.8574220764415
2022-06-03,2022,6,LATO,22.714359387147226,49.954551863058015,19496.629429511904,1892.9602372319287
2022-06-03,2022,6,LATO,22.7772414570356,49.954551863058015,23821.701564440966,1872.6954567780413
2022-06-03,2022,6,LATO,22.211302828040303,50.017433932946375,22004.268573433346,1870.8948706250455
2022-06-03,2022,6,LATO,22.274184897928663,50.017433932946375,18588.443756014225,1873.8897462889922
2022-06-03,2022,6,LATO,22.337066967817037,50.017433932946375,15735.112606983354,1892.815929163146
2022-06-03,2022,6,LATO,22.399949037705397,50.017433932946375,13797.768999143414,1890.4176347262144
2022-06-03,2022,6,LATO,22.46283110759377,50.017433932946375,13186.511359927295,1876.0606689453812
2022-06-03,2022,6,LATO,22.52571317748213,50.017433932946375,14075.177645224507,1881.6258565367123
2022-06-03,2022,6,LATO,22.588595247370506,50.017433932946375,16219.068898947891,1890.9437716099048
2022-06-03,2022,6,LATO,22.651477317258866,50.017433932946375,19202.26311576868,1889.4688041470158
2022-06-03,2022,6,LATO,22.714359387147226,50.017433932946375,22696.183105903077,1873.5954469461453
2022-06-03,2022,6,LATO,22.399949037705397,50.08031600283475,20582.660303117143,1874.0944536070367
2022-06-03,2022,6,LATO,22.46283110759377,50.08031600283475,20178.530303468786,1874.0944873553758
2022-06-03,2022,6,LATO,22.52571317748213,50.08031600283475,20769.400725010888,1883.9976806641314
2022-06-03,2022,6,LATO,22.588595247370506,50.08031600283475,22276.237062725868,1884.8387432559498
2022-06-03,2022,6,LATO,22.651477317258866,50.08031600283475,24530.825063316166,1894.180314410387
2022-06-06,2022,6,LATO,22.714359387147226,49.888168017670196,18540.996723111853,1882.4289649937105
2022-06-06,2022,6,LATO,22.7772414570356,49.888168017670196,23051.700284254595,1882.4289626988614
2022-06-08,2022,6,LATO,22.651477317258866,49.89166979316964,14006.789569911276,1885.4434550544452
2022-06-08,2022,6,LATO,22.714359387147226,49.89166979316964,18519.228167731453,1885.4435012090714
2022-06-08,2022,6,LATO,22.7772414570356,49.89166979316964,23033.900325477673,1869.281101505454
2022-06-08,2022,6,LATO,22.651477317258866,49.954551863058015,15281.939992676336,1883.3918547374187
2022-06-08,2022,6,LATO,22.714359387147226,49.954551863058015,19496.629429511904,1885.443353847614
2022-06-08,2022,6,LATO,22.7772414570356,49.954551863058015,23821.701564440966,1879.545178760082
2022-06-08,2022,6,LATO,22.651477317258866,50.017433932946375,19202.26311576868,1874.9650834552588
2022-06-08,2022,6,LATO,22.714359387147226,50.017433932946375,22696.183105903077,1874.9651004720733
2022-06-09,2022,6,LATO,22.52571317748213,50.017433932946375,14075.177645224507,1866.7600952446821
2022-06-09,2022,6,LATO,22.588595247370506,50.017433932946375,16219.068898947891,1866.0686035155597
2022-06-09,2022,6,LATO,22.651477317258866,50.017433932946375,19202.26311576868,1866.0686009684614
2022-06-09,2022,6,LATO,22.714359387147226,50.017433932946375,22696.183105903077,1866.068591880045
2022-06-09,2022,6,LATO,22.46283110759377,50.08031600283475,20178.530303468786,1862.4254009695485
2022-06-09,2022,6,LATO,22.52571317748213,50.08031600283475,20769.400725010888,1865.0863871811403
2022-06-09,2022,6,LATO,22.588595247370506,50.08031600283475,22276.237062725868,1867.6472290607553
2022-06-09,2022,6,LATO,22.651477317258866,50.08031600283475,24530.825063316166,1870.1790746886104
2022-06-13,2022,6,LATO,22.651477317258866,49.765905653392906,20371.71370341612,1853.1336084065779
2022-06-13,2022,6,LATO,22.714359387147226,49.765905653392906,23709.899247344183,1851.848410624061
2022-06-13,2022,6,LATO,22.14842075815193,49.82878772328128,23509.001546003838,1838.323974716128
2022-06-13,2022,6,LATO,22.651477317258866,49.82878772328128,16021.258563246713,1855.651470580255
2022-06-13,2022,6,LATO,22.714359387147226,49.82878772328128,20090.86840189349,1855.6431611612732
2022-06-13,2022,6,LATO,22.7772414570356,49.82878772328128,24320.4729780271,1858.6484209504467
2022-06-13,2022,6,LATO,22.14842075815193,49.89166979316964,22176.533966168987,1830.2972610116685
2022-06-13,2022,6,LATO,22.211302828040303,49.89166979316964,17662.170160851372,1820.8315382166272
2022-06-13,2022,6,LATO,22.274184897928663,49.89166979316964,13150.397981968348,1820.8315401324712
2022-06-13,2022,6,LATO,22.588595247370506,49.89166979316964,9499.773366756152,1862.2947532157928
2022-06-13,2022,6,LATO,22.651477317258866,49.89166979316964,14006.789569911276,1861.3316949468106
2022-06-13,2022,6,LATO,22.714359387147226,49.89166979316964,18519.228167731453,1860.6891132952576
2022-06-13,2022,6,LATO,22.7772414570356,49.89166979316964,23033.900325477673,1861.8871707539022
2022-06-13,2022,6,LATO,22.14842075815193,49.954551863058015,22994.824269715486,1846.1239907689462
2022-06-13,2022,6,LATO,22.211302828040303,49.954551863058015,18685.537456604256,1831.816229584804
2022-06-13,2022,6,LATO,22.52571317748213,49.954551863058015,7918.239441228203,1865.2306975032188
2022-06-13,2022,6,LATO,22.588595247370506,49.954551863058015,11301.812859466689,1865.1218306587027
2022-06-13,2022,6,LATO,22.651477317258866,49.954551863058015,15281.939992676336,1861.9416196173552
2022-06-13,2022,6,LATO,22.714359387147226,49.954551863058015,19496.629429511904,1859.1766560703
2022-06-13,2022,6,LATO,22.7772414570356,49.954551863058015,23821.701564440966,1863.5870205754752
2022-06-13,2022,6,LATO,22.399949037705397,50.017433932946375,13797.768999143414,1880.4829384705859
2022-06-13,2022,6,LATO,22.46283110759377,50.017433932946375,13186.511359927295,1869.5712904014315
2022-06-13,2022,6,LATO,22.52571317748213,50.017433932946375,14075.177645224507,1865.579658337457
2022-06-13,2022,6,LATO,22.588595247370506,50.017433932946375,16219.068898947891,1863.8643679553459
2022-06-13,2022,6,LATO,22.651477317258866,50.017433932946375,19202.26311576868,1852.1236903210572
2022-06-13,2022,6,LATO,22.714359387147226,50.017433932946375,22696.183105903077,1852.2831697645254
2022-06-13,2022,6,LATO,22.337066967817037,50.08031600283475,21926.844631874275,1869.1246715167958
2022-06-13,2022,6,LATO,22.399949037705397,50.08031600283475,20582.660303117143,1871.1132496101923
2022-06-13,2022,6,LATO,22.46283110759377,50.08031600283475,20178.530303468786,1876.703893976599
2022-06-13,2022,6,LATO,22.52571317748213,50.08031600283475,20769.400725010888,1868.2197265625684
2022-06-13,2022,6,LATO,22.588595247370506,50.08031600283475,22276.237062725868,1867.474806101689
2022-06-13,2022,6,LATO,22.651477317258866,50.08031600283475,24530.825063316166,1861.247013863913
2022-06-19,2022,6,LATO,22.337066967817037,49.703023583504546,23435.94535299783,1829.453536854981
2022-06-19,2022,6,LATO,22.399949037705397,49.703023583504546,22173.310884549213,1827.7535506639822
2022-06-19,2022,6,LATO,22.46283110759377,49.703023583504546,21795.732838383163,1828.3771517281332
2022-06-19,2022,6,LATO,22.52571317748213,49.703023583504546,22348.115225202644,1839.721659959368
2022-06-19,2022,6,LATO,22.588595247370506,49.703023583504546,23765.702793344415,1839.721678223512
2022-06-19,2022,6,LATO,22.211302828040303,49.765905653392906,23044.940206446532,1837.0744874684879
2022-06-19,2022,6,LATO,22.274184897928663,49.765905653392906,19791.139041156755,1834.710003290887
2022-06-19,2022,6,LATO,22.46283110759377,49.765905653392906,14803.670401760957,1835.5978132757855
2022-06-19,2022,6,LATO,22.52571317748213,49.765905653392906,15604.532676742472,1834.1956881489252
2022-06-19,2022,6,LATO,22.588595247370506,49.765905653392906,17572.348165759362,1824.9802207098626
2022-06-19,2022,6,LATO,22.651477317258866,49.765905653392906,20371.71370341612,1823.6682210717686
2022-06-19,2022,6,LATO,22.714359387147226,49.765905653392906,23709.899247344183,1847.1191973028137
2022-06-19,2022,6,LATO,22.14842075815193,49.82878772328128,23509.001546003838,1836.767833010883
2022-06-19,2022,6,LATO,22.211302828040303,49.82878772328128,19302.672401242962,1839.0044393320372
2022-06-19,2022,6,LATO,22.274184897928663,49.82878772328128,15277.216372643947,1839.7991439981906
2022-06-19,2022,6,LATO,22.399949037705397,49.82878772328128,8811.053425103102,1842.1345562901263
2022-06-19,2022,6,LATO,22.46283110759377,49.82878772328128,7815.101725436394,1842.1345214844348
2022-06-19,2022,6,LATO,22.52571317748213,49.82878772328128,9241.055230812668,1837.8011948612927
2022-06-19,2022,6,LATO,22.651477317258866,49.82878772328128,16021.258563246713,1848.3349220598577
2022-06-19,2022,6,LATO,22.714359387147226,49.82878772328128,20090.86840189349,1853.887771278065
2022-06-19,2022,6,LATO,22.7772414570356,49.82878772328128,24320.4729780271,1854.7486475530395
2022-06-19,2022,6,LATO,22.14842075815193,49.89166979316964,22176.533966168987,1834.8447528217027
2022-06-19,2022,6,LATO,22.211302828040303,49.89166979316964,17662.170160851372,1835.1824535923188
2022-06-19,2022,6,LATO,22.337066967817037,49.89166979316964,8645.281580533669,1845.7048647484976
2022-06-19,2022,6,LATO,22.399949037705397,49.89166979316964,4168.4653838731665,1845.704833269116
2022-06-19,2022,6,LATO,22.46283110759377,49.89166979316964,915.7735323810977,1845.7048233447633
2022-06-19,2022,6,LATO,22.651477317258866,49.89166979316964,14006.789569911276,1857.215204626242
2022-06-19,2022,6,LATO,22.714359387147226,49.89166979316964,18519.228167731453,1857.2152118941415
2022-06-19,2022,6,LATO,22.7772414570356,49.89166979316964,23033.900325477673,1837.3461581241093
2022-06-19,2022,6,LATO,22.14842075815193,49.954551863058015,22994.824269715486,1833.5045076585434
2022-06-19,2022,6,LATO,22.211302828040303,49.954551863058015,18685.537456604256,1834.9640965783597
2022-06-19,2022,6,LATO,22.337066967817037,49.954551863058015,10594.637249937323,1847.4837154133177
2022-06-19,2022,6,LATO,22.399949037705397,49.954551863058015,7413.245892451485,1846.8992493756937
2022-06-19,2022,6,LATO,22.46283110759377,49.954551863058015,6200.026734374416,1845.8000617162875
2022-06-19,2022,6,LATO,22.714359387147226,49.954551863058015,19496.629429511904,1857.2152074564503
2022-06-19,2022,6,LATO,22.274184897928663,50.017433932946375,18588.443756014225,1850.8348718040504
2022-06-19,2022,6,LATO,22.337066967817037,50.017433932946375,15735.112606983354,1847.6817854504081
2022-06-19,2022,6,LATO,22.399949037705397,50.017433932946375,13797.768999143414,1847.18518066413
2022-06-19,2022,6,LATO,22.274184897928663,50.08031600283475,24054.002161830544,1850.4538612896042
2022-06-19,2022,6,LATO,22.337066967817037,50.08031600283475,21926.844631874275,1850.5515113968877
2022-06-19,2022,6,LATO,22.399949037705397,50.08031600283475,20582.660303117143,1850.6828391331746
2022-06-20,2022,6,LATO,22.34056874331648,49.703023583504546,23344.35519977606,1836.5471945810264
2022-06-20,2022,6,LATO,22.403450813204856,49.703023583504546,22128.116388623414,1833.5809575028397
2022-06-20,2022,6,LATO,22.466332883093216,49.703023583504546,21802.160872306937,1831.1809021161307
2022-06-20,2022,6,LATO,22.52921495298159,49.703023583504546,22405.377325172958,1841.1950131172493
2022-06-20,2022,6,LATO,22.59209702286995,49.703023583504546,23867.42013466341,1841.5426865744882
2022-06-20,2022,6,LATO,22.214804603539747,49.765905653392906,22852.37839536346,1842.8832040272264
2022-06-20,2022,6,LATO,22.27768667342812,49.765905653392906,19624.74472750713,1841.7167146457143
2022-06-20,2022,6,LATO,22.34056874331648,49.765905653392906,16998.921493318117,1832.8863879764817
2022-06-20,2022,6,LATO,22.403450813204856,49.765905653392906,15288.209816847784,1827.9014093133724
2022-06-20,2022,6,LATO,22.466332883093216,49.765905653392906,14813.120668811092,1833.4702483735334
2022-06-20,2022,6,LATO,22.52921495298159,49.765905653392906,15686.325551029668,1842.5573377584917
2022-06-20,2022,6,LATO,22.59209702286995,49.765905653392906,17709.496919357385,1842.7077612008497
2022-06-20,2022,6,LATO,22.654979092758325,49.765905653392906,20545.68263458272,1844.0557327582799
2022-06-20,2022,6,LATO,22.717861162646685,49.765905653392906,23907.261834768902,1847.6415720076961
2022-06-20,2022,6,LATO,22.151922533651387,49.82878772328128,23271.656269837393,1849.0499741842752
2022-06-20,2022,6,LATO,22.214804603539747,49.82878772328128,19072.664323169367,1849.5346395699466
2022-06-20,2022,6,LATO,22.27768667342812,49.82878772328128,15061.316026485298,1842.0191248353392
2022-06-20,2022,6,LATO,22.34056874331648,49.82878772328128,11436.793857621571,1841.883439368913
2022-06-20,2022,6,LATO,22.403450813204856,49.82878772328128,8696.991057537094,1836.6491059874763
2022-06-20,2022,6,LATO,22.466332883093216,49.82878772328128,7832.964904433147,1840.3883037053517
2022-06-20,2022,6,LATO,22.52921495298159,49.82878772328128,9378.33478176888,1839.0617495905246
2022-06-20,2022,6,LATO,22.59209702286995,49.82878772328128,12467.210442492144,1840.7291993202828
2022-06-20,2022,6,LATO,22.654979092758325,49.82878772328128,16241.609436094317,1845.8379242211888
2022-06-20,2022,6,LATO,22.717861162646685,49.82878772328128,20323.107055819728,1847.7304043736378
2022-06-20,2022,6,LATO,22.780743232535045,49.82878772328128,24559.063946725546,1848.0582032607554
2022-06-20,2022,6,LATO,22.151922533651387,49.89166979316964,21925.097340562013,1845.2415079139944
2022-06-20,2022,6,LATO,22.214804603539747,49.89166979316964,17410.831859237383,1844.9396372552894
2022-06-20,2022,6,LATO,22.27768667342812,49.89166979316964,12899.277543149625,1845.3947753906527
2022-06-20,2022,6,LATO,22.34056874331648,49.89166979316964,8394.81239100924,1843.4680677817444
2022-06-20,2022,6,LATO,22.403450813204856,49.89166979316964,3921.947931872362,1858.1790955814045
2022-06-20,2022,6,LATO,22.466332883093216,49.89166979316964,1057.2624589446846,1858.1726642262388
2022-06-20,2022,6,LATO,22.52921495298159,49.89166979316964,5261.298499013597,1858.1470073108237
2022-06-20,2022,6,LATO,22.59209702286995,49.89166979316964,9750.489178739446,1855.7495754560982
2022-06-20,2022,6,LATO,22.654979092758325,49.89166979316964,14257.98322691555,1851.089597771009
2022-06-20,2022,6,LATO,22.717861162646685,49.89166979316964,18770.59735346509,1851.9691162109652
2022-06-20,2022,6,LATO,22.780743232535045,49.89166979316964,23285.352737507972,1849.6102093686532
2022-06-20,2022,6,LATO,22.151922533651387,49.954551863058015,22752.749090905298,1847.5106322533766
2022-06-20,2022,6,LATO,22.214804603539747,49.954551863058015,18448.457384727142,1842.4566168398317
2022-06-20,2022,6,LATO,22.27768667342812,49.954551863058015,14275.070430447342,1843.1887089666745
2022-06-20,2022,6,LATO,22.34056874331648,49.954551863058015,10391.528827387052,1845.8238698323942
2022-06-20,2022,6,LATO,22.403450813204856,49.954551863058015,7277.66353940265,1853.4824520927982
2022-06-20,2022,6,LATO,22.466332883093216,49.954551863058015,6222.46978946018,1856.5199476850846
2022-06-20,2022,6,LATO,22.52921495298159,49.954551863058015,8077.620080747443,1858.1751554778502
2022-06-20,2022,6,LATO,22.59209702286995,49.954551863058015,11513.081374454347,1853.441451590214
2022-06-20,2022,6,LATO,22.654979092758325,49.954551863058015,15512.201386264802,1846.9187738394494
2022-06-20,2022,6,LATO,22.717861162646685,49.954551863058015,19735.24481785987,1848.0339424471817
2022-06-20,2022,6,LATO,22.780743232535045,49.954551863058015,24064.60916645256,1852.2187730766484
2022-06-20,2022,6,LATO,22.214804603539747,50.017433932946375,21803.568017263882,1851.9266066387245
2022-06-20,2022,6,LATO,22.27768667342812,50.017433932946375,18412.10631143794,1852.1896972655966
2022-06-20,2022,6,LATO,22.34056874331648,50.017433932946375,15599.258476611207,1857.288704775888
2022-06-20,2022,6,LATO,22.403450813204856,50.017433932946375,13725.494538791854,1852.0072636481348
2022-06-20,2022,6,LATO,22.466332883093216,50.017433932946375,13197.064731342465,1851.6464956861414
2022-06-20,2022,6,LATO,22.52921495298159,50.017433932946375,14165.33544195222,1853.3289309595484
2022-06-20,2022,6,LATO,22.59209702286995,50.017433932946375,16366.79489221886,1853.7772871904335
2022-06-20,2022,6,LATO,22.654979092758325,50.017433932946375,19385.77741856333,1854.711445227868
2022-06-20,2022,6,LATO,22.717861162646685,50.017433932946375,22901.219575545034,1855.0308865697907
2022-06-20,2022,6,LATO,22.27768667342812,50.08031600283475,23918.172231338074,1849.8234466197932
2022-06-20,2022,6,LATO,22.34056874331648,50.08031600283475,21829.685598637745,1849.7763837986606
2022-06-20,2022,6,LATO,22.403450813204856,50.08031600283475,20534.34374257188,1860.4482086959122
2022-06-20,2022,6,LATO,22.466332883093216,50.08031600283475,20185.419430504728,1854.3067319865804
2022-06-20,2022,6,LATO,22.52921495298159,50.08031600283475,20830.525302317543,1844.4449851243571
2022-06-20,2022,6,LATO,22.59209702286995,50.08031600283475,22383.883199038224,1844.85962209268
2022-06-20,2022,6,LATO,22.654979092758325,50.08031600283475,24674.55335184584,1846.5708808887573
2022-06-20,2022,6,LATO,22.333565192317593,49.69952180800509,23891.158082399845,1811.9099121093154
2022-06-20,2022,6,LATO,22.396447262205953,49.69952180800509,22603.381965435598,1811.9390980099176
2022-06-20,2022,6,LATO,22.459329332094313,49.69952180800509,22181.689357232593,1812.1166657087263
2022-06-20,2022,6,LATO,22.522211401982673,49.69952180800509,22674.452289942332,1812.2958045455057
2022-06-20,2022,6,LATO,22.585093471871062,49.69952180800509,24025.47111534203,1817.7944378479492
2022-06-20,2022,6,LATO,22.207801052540844,49.76240387789346,23489.05932460228,1839.4875714274551
2022-06-20,2022,6,LATO,22.270683122429205,49.76240387789346,20250.08974230532,1820.9410772695917
2022-06-20,2022,6,LATO,22.333565192317593,49.76240387789346,17587.854412564127,1819.1397885360575
2022-06-20,2022,6,LATO,22.396447262205953,49.76240387789346,15796.688444781606,1819.5170150657518
2022-06-20,2022,6,LATO,22.459329332094313,49.76240387789346,15187.963305053838,1820.2825901733586
2022-06-20,2022,6,LATO,22.522211401982673,49.76240387789346,15898.08542390479,1820.8870157412473
2022-06-20,2022,6,LATO,22.585093471871062,49.76240387789346,17769.6410790609,1827.9604526610644
2022-06-20,2022,6,LATO,22.647975541759422,49.76240387789346,20486.762272159733,1832.6667487745078
2022-06-20,2022,6,LATO,22.710857611647782,49.76240387789346,23761.123072531143,1832.666570275627
2022-06-20,2022,6,LATO,22.144918982652484,49.82528594778182,23878.227018980557,1839.7733465672181
2022-06-20,2022,6,LATO,22.207801052540844,49.82528594778182,19692.639192329443,1838.7846422581467
2022-06-20,2022,6,LATO,22.270683122429205,49.82528594778182,15694.376997888892,1819.253373886112
2022-06-20,2022,6,LATO,22.333565192317593,49.82528594778182,12071.0455805133,1818.6621359884907
2022-06-20,2022,6,LATO,22.396447262205953,49.82528594778182,9273.087267191588,1818.4508129365618
2022-06-20,2022,6,LATO,22.459329332094313,49.82528594778182,8194.718309214784,1818.0280946241212
2022-06-20,2022,6,LATO,22.522211401982673,49.82528594778182,9444.561796179989,1817.6152456373823
2022-06-20,2022,6,LATO,22.585093471871062,49.82528594778182,12334.07306392557,1828.58581644266
2022-06-20,2022,6,LATO,22.647975541759422,49.82528594778182,15998.196741363345,1832.6618370297529
2022-06-20,2022,6,LATO,22.710857611647782,49.82528594778182,20015.9554246408,1832.6617431641218
2022-06-20,2022,6,LATO,22.773739681536142,49.82528594778182,24211.93408361242,1832.6617431640582
2022-06-20,2022,6,LATO,22.144918982652484,49.888168017670196,22446.21044565735,1834.5087890625277
2022-06-20,2022,6,LATO,22.207801052540844,49.888168017670196,17935.975172945095,1832.356646537291
2022-06-20,2022,6,LATO,22.270683122429205,49.888168017670196,13431.161959335906,1827.0509239683165
2022-06-20,2022,6,LATO,22.333565192317593,49.888168017670196,8939.97659444241,1827.2562370128592
2022-06-20,2022,6,LATO,22.396447262205953,49.888168017670196,4503.386103975331,1827.3588939060326
2022-06-20,2022,6,LATO,22.459329332094313,49.888168017670196,1211.6424067069865,1827.5595689106062
2022-06-20,2022,6,LATO,22.522211401982673,49.888168017670196,4846.229221811759,1827.8304963993544
2022-06-20,2022,6,LATO,22.585093471871062,49.888168017670196,9291.613529944845,1835.717218299746
2022-06-20,2022,6,LATO,22.647975541759422,49.888168017670196,13784.500595602445,1836.206002328095
2022-06-20,2022,6,LATO,22.710857611647782,49.888168017670196,18289.914934864282,1836.3512338832943
2022-06-20,2022,6,LATO,22.773739681536142,49.888168017670196,22800.429274080365,1836.6399191343528
2022-06-20,2022,6,LATO,22.144918982652484,49.951050087558556,23137.25561222987,1839.7051608185038
2022-06-20,2022,6,LATO,22.207801052540844,49.951050087558556,18799.897721608202,1835.4864499937432
2022-06-20,2022,6,LATO,22.270683122429205,49.951050087558556,14571.091904494382,1828.9215087890343
2022-06-20,2022,6,LATO,22.333565192317593,49.951050087558556,10581.795880218768,1828.9215087890025
2022-06-20,2022,6,LATO,22.396447262205953,49.951050087558556,7239.427505212513,1828.928407419403
2022-06-20,2022,6,LATO,22.459329332094313,49.951050087558556,5798.399209655717,1829.1727548281212
2022-06-20,2022,6,LATO,22.522211401982673,49.951050087558556,7457.250598911932,1830.2704193294917
2022-06-20,2022,6,LATO,22.585093471871062,49.951050087558556,10880.118037064636,1837.3815862480435
2022-06-20,2022,6,LATO,22.647975541759422,49.951050087558556,14896.998518918397,1837.4114427947745
2022-06-20,2022,6,LATO,22.710857611647782,49.951050087558556,19137.43119556903,1837.426495450795
2022-06-20,2022,6,LATO,22.773739681536142,49.951050087558556,23480.608573214267,1837.455950335036
2022-06-20,2022,6,LATO,22.207801052540844,50.01393215744693,21977.58744964162,1837.307470522218
2022-06-20,2022,6,LATO,22.270683122429205,50.01393215744693,18495.373268328247,1834.5499426655417
2022-06-20,2022,6,LATO,22.333565192317593,50.01393215744693,15552.086351361719,1835.0521534144198
2022-06-20,2022,6,LATO,22.396447262205953,50.01393215744693,13504.815719002623,1835.2953802325417
2022-06-20,2022,6,LATO,22.459329332094313,50.01393215744693,12791.273252318308,1835.7999433090115
2022-06-20,2022,6,LATO,22.522211401982673,50.01393215744693,13622.670264209384,1835.2534700252024
2022-06-20,2022,6,LATO,22.585093471871062,50.01393215744693,15756.31935336086,1833.4896240233736
2022-06-20,2022,6,LATO,22.647975541759422,50.01393215744693,18752.870651542085,1833.4896240233772
2022-06-20,2022,6,LATO,22.710857611647782,50.01393215744693,22266.629387274854,1833.441771601248
2022-06-20,2022,6,LATO,22.270683122429205,50.07681422733529,23868.096512834974,1840.0961863401094
2022-06-20,2022,6,LATO,22.333565192317593,50.07681422733529,21670.383484460835,1841.0144010815332
2022-06-20,2022,6,LATO,22.396447262205953,50.07681422733529,20253.292902690024,1841.484251595561
2022-06-20,2022,6,LATO,22.459329332094313,50.07681422733529,19785.271916080557,1842.4240923850043
2022-06-20,2022,6,LATO,22.522211401982673,50.07681422733529,20331.96491047302,1837.1450528797882
2022-06-20,2022,6,LATO,22.585093471871062,50.07681422733529,21817.2265919699,1830.9455894940818
2022-06-20,2022,6,LATO,22.647975541759422,50.07681422733529,24067.921085906597,1830.6062827023002
2022-06-25,2022,6,LATO,22.651477317258866,49.765905653392906,20371.71370341612,1872.4861377859568
2022-06-25,2022,6,LATO,22.714359387147226,49.765905653392906,23709.899247344183,1869.9178651887546
2022-06-25,2022,6,LATO,22.588595247370506,49.82878772328128,12271.867329400819,1865.1918844240627
2022-06-25,2022,6,LATO,22.651477317258866,49.82878772328128,16021.258563246713,1867.3595741328809
2022-06-25,2022,6,LATO,22.714359387147226,49.82878772328128,20090.86840189349,1870.030326599184
2022-06-25,2022,6,LATO,22.7772414570356,49.82878772328128,24320.4729780271,1870.1762148174791
2022-06-25,2022,6,LATO,22.211302828040303,49.89166979316964,17662.170160851372,1840.3180038854737
2022-06-25,2022,6,LATO,22.274184897928663,49.89166979316964,13150.397981968348,1840.3179835476276
2022-06-25,2022,6,LATO,22.337066967817037,49.89166979316964,8645.281580533669,1840.3179268963215
2022-06-25,2022,6,LATO,22.399949037705397,49.89166979316964,4168.4653838731665,1872.4091173584538
2022-06-25,2022,6,LATO,22.46283110759377,49.89166979316964,915.7735323810977,1871.873043605694
2022-06-25,2022,6,LATO,22.52571317748213,49.89166979316964,5012.8341822749335,1871.2570144292583
2022-06-25,2022,6,LATO,22.588595247370506,49.89166979316964,9499.773366756152,1869.3944283120072
2022-06-25,2022,6,LATO,22.651477317258866,49.89166979316964,14006.789569911276,1870.4109959033774
2022-06-25,2022,6,LATO,22.714359387147226,49.89166979316964,18519.228167731453,1869.8271189744394
2022-06-25,2022,6,LATO,22.7772414570356,49.89166979316964,23033.900325477673,1872.496879046798
2022-06-25,2022,6,LATO,22.14842075815193,49.954551863058015,22994.824269715486,1863.2117925723571
2022-06-25,2022,6,LATO,22.211302828040303,49.954551863058015,18685.537456604256,1852.7695519033407
2022-06-25,2022,6,LATO,22.274184897928663,49.954551863058015,14502.094242152669,1844.2401052097457
2022-06-25,2022,6,LATO,22.337066967817037,49.954551863058015,10594.637249937323,1851.2577366585724
2022-06-25,2022,6,LATO,22.399949037705397,49.954551863058015,7413.245892451485,1872.6781941552688
2022-06-25,2022,6,LATO,22.46283110759377,49.954551863058015,6200.026734374416,1872.4724121094434
2022-06-25,2022,6,LATO,22.52571317748213,49.954551863058015,7918.239441228203,1870.8405395378259
2022-06-25,2022,6,LATO,22.588595247370506,49.954551863058015,11301.812859466689,1868.9853713476728
2022-06-25,2022,6,LATO,22.651477317258866,49.954551863058015,15281.939992676336,1868.8949224772173
2022-06-25,2022,6,LATO,22.714359387147226,49.954551863058015,19496.629429511904,1869.309448919223
2022-06-25,2022,6,LATO,22.7772414570356,49.954551863058015,23821.701564440966,1871.2438470404888
2022-06-25,2022,6,LATO,22.211302828040303,50.017433932946375,22004.268573433346,1866.2339055421096
2022-06-25,2022,6,LATO,22.274184897928663,50.017433932946375,18588.443756014225,1865.4206048479696
2022-06-25,2022,6,LATO,22.337066967817037,50.017433932946375,15735.112606983354,1879.7018425106533
2022-06-25,2022,6,LATO,22.399949037705397,50.017433932946375,13797.768999143414,1879.7201109718037
2022-06-25,2022,6,LATO,22.46283110759377,50.017433932946375,13186.511359927295,1874.581989496683
2022-06-25,2022,6,LATO,22.52571317748213,50.017433932946375,14075.177645224507,1870.4594973337887
2022-06-25,2022,6,LATO,22.588595247370506,50.017433932946375,16219.068898947891,1870.9851923783654
2022-06-25,2022,6,LATO,22.651477317258866,50.017433932946375,19202.26311576868,1868.0916789193857
2022-06-25,2022,6,LATO,22.714359387147226,50.017433932946375,22696.183105903077,1865.397369594544
2022-06-25,2022,6,LATO,22.274184897928663,50.08031600283475,24054.002161830544,1873.688478753881
2022-06-25,2022,6,LATO,22.337066967817037,50.08031600283475,21926.844631874275,1874.266862486523
2022-06-25,2022,6,LATO,22.399949037705397,50.08031600283475,20582.660303117143,1875.0789926409307
2022-06-25,2022,6,LATO,22.46283110759377,50.08031600283475,20178.530303468786,1872.9918144662875
2022-06-25,2022,6,LATO,22.52571317748213,50.08031600283475,20769.400725010888,1872.8742308547862
2022-06-25,2022,6,LATO,22.588595247370506,50.08031600283475,22276.237062725868,1872.5765133648106
2022-06-25,2022,6,LATO,22.651477317258866,50.08031600283475,24530.825063316166,1863.9012877554985
2022-06-26,2022,6,LATO,22.211302828040303,49.765905653392906,23044.940206446532,1866.8504802500645
2022-06-26,2022,6,LATO,22.651477317258866,49.765905653392906,20371.71370341612,1853.7345690593656
2022-06-26,2022,6,LATO,22.714359387147226,49.765905653392906,23709.899247344183,1853.734603668137
2022-06-26,2022,6,LATO,22.14842075815193,49.82878772328128,23509.001546003838,1867.6376342163012
2022-06-26,2022,6,LATO,22.211302828040303,49.82878772328128,19302.672401242962,1866.8504587899238
2022-06-26,2022,6,LATO,22.274184897928663,49.82878772328128,15277.216372643947,1866.8504743517422
2022-06-26,2022,6,LATO,22.7772414570356,49.82878772328128,24320.4729780271,1853.7346215440896
2022-06-26,2022,6,LATO,22.14842075815193,49.89166979316964,22176.533966168987,1863.492859686429
2022-06-26,2022,6,LATO,22.211302828040303,49.89166979316964,17662.170160851372,1867.903330117418
2022-06-26,2022,6,LATO,22.274184897928663,49.89166979316964,13150.397981968348,1852.5857877216986
2022-06-26,2022,6,LATO,22.337066967817037,49.89166979316964,8645.281580533669,1857.8995372889117
2022-06-26,2022,6,LATO,22.399949037705397,49.89166979316964,4168.4653838731665,1859.8793921959382
2022-06-26,2022,6,LATO,22.46283110759377,49.89166979316964,915.7735323810977,1859.8793917673386
2022-06-26,2022,6,LATO,22.14842075815193,49.954551863058015,22994.824269715486,1864.6508648258728
2022-06-26,2022,6,LATO,22.211302828040303,49.954551863058015,18685.537456604256,1852.484948809736
2022-06-26,2022,6,LATO,22.274184897928663,49.954551863058015,14502.094242152669,1845.3038865150615
2022-06-26,2022,6,LATO,22.337066967817037,49.954551863058015,10594.637249937323,1847.155913268309
2022-06-26,2022,6,LATO,22.399949037705397,49.954551863058015,7413.245892451485,1851.035500579531
2022-06-26,2022,6,LATO,22.46283110759377,49.954551863058015,6200.026734374416,1859.8792775968586
2022-06-26,2022,6,LATO,22.274184897928663,50.017433932946375,18588.443756014225,1843.7550710075132
2022-06-26,2022,6,LATO,22.337066967817037,50.017433932946375,15735.112606983354,1843.7551325987172
2022-06-26,2022,6,LATO,22.399949037705397,50.017433932946375,13797.768999143414,1843.771370880993
2022-06-26,2022,6,LATO,22.46283110759377,50.017433932946375,13186.511359927295,1846.4619468966728
2022-06-26,2022,6,LATO,22.144918982652484,49.82528594778182,23878.227018980557,1849.5795840193416
2022-06-26,2022,6,LATO,22.207801052540844,49.82528594778182,19692.639192329443,1849.5795767521067
2022-06-26,2022,6,LATO,22.270683122429205,49.82528594778182,15694.376997888892,1849.579597630014
2022-06-26,2022,6,LATO,22.333565192317593,49.82528594778182,12071.0455805133,1849.5795779705732
2022-06-26,2022,6,LATO,22.396447262205953,49.82528594778182,9273.087267191588,1849.5795848457253
2022-06-26,2022,6,LATO,22.144918982652484,49.888168017670196,22446.21044565735,1840.7674645267864
2022-06-26,2022,6,LATO,22.207801052540844,49.888168017670196,17935.975172945095,1841.1101268104946
2022-06-26,2022,6,LATO,22.270683122429205,49.888168017670196,13431.161959335906,1841.2814228071143
2022-06-26,2022,6,LATO,22.333565192317593,49.888168017670196,8939.97659444241,1841.269257103452
2022-06-26,2022,6,LATO,22.144918982652484,49.951050087558556,23137.25561222987,1852.1796874999716
2022-06-26,2022,6,LATO,22.207801052540844,49.951050087558556,18799.897721608202,1852.1796874999995
2022-06-26,2022,6,LATO,22.270683122429205,49.951050087558556,14571.091904494382,1852.1796874999716
2022-06-26,2022,6,LATO,22.333565192317593,49.951050087558556,10581.795880218768,1852.1796844654493
2022-06-27,2022,6,LATO,22.522211401982673,49.69952180800509,22674.452289942332,1847.1821588989455
2022-06-27,2022,6,LATO,22.585093471871062,49.69952180800509,24025.47111534203,1847.1821422173455
2022-06-27,2022,6,LATO,22.647975541759422,49.76240387789346,20486.762272159733,1847.3095501753842
2022-06-27,2022,6,LATO,22.710857611647782,49.76240387789346,23761.123072531143,1859.202543372065
2022-06-27,2022,6,LATO,22.207801052540844,49.888168017670196,17935.975172945095,1864.6624695278128
2022-06-27,2022,6,LATO,22.270683122429205,49.888168017670196,13431.161959335906,1864.662478688798
2022-06-27,2022,6,LATO,22.333565192317593,49.888168017670196,8939.97659444241,1863.250430059243
2022-06-27,2022,6,LATO,22.396447262205953,49.888168017670196,4503.386103975331,1861.3930619975197
2022-06-27,2022,6,LATO,22.459329332094313,49.888168017670196,1211.6424067069865,1859.8686229100992
2022-06-27,2022,6,LATO,22.522211401982673,49.888168017670196,4846.229221811759,1874.2556102324743
2022-06-27,2022,6,LATO,22.585093471871062,49.888168017670196,9291.613529944845,1874.255615620312
2022-06-27,2022,6,LATO,22.647975541759422,49.888168017670196,13784.500595602445,1880.961292815244
2022-06-27,2022,6,LATO,22.710857611647782,49.888168017670196,18289.914934864282,1880.9612930780481
2022-06-27,2022,6,LATO,22.773739681536142,49.888168017670196,22800.429274080365,1880.9612620705564
2022-06-27,2022,6,LATO,22.207801052540844,49.951050087558556,18799.897721608202,1868.6159390427615
2022-06-27,2022,6,LATO,22.270683122429205,49.951050087558556,14571.091904494382,1868.239379910339
2022-06-27,2022,6,LATO,22.333565192317593,49.951050087558556,10581.795880218768,1866.5780639349657
2022-06-27,2022,6,LATO,22.396447262205953,49.951050087558556,7239.427505212513,1866.6749893227975
2022-06-27,2022,6,LATO,22.459329332094313,49.951050087558556,5798.399209655717,1867.2650409181165
2022-06-27,2022,6,LATO,22.522211401982673,49.951050087558556,7457.250598911932,1873.920669167209
2022-06-27,2022,6,LATO,22.585093471871062,49.951050087558556,10880.118037064636,1874.0259167232332
2022-06-27,2022,6,LATO,22.647975541759422,49.951050087558556,14896.998518918397,1880.856989249891
2022-06-27,2022,6,LATO,22.710857611647782,49.951050087558556,19137.43119556903,1880.9613037110064
2022-06-27,2022,6,LATO,22.773739681536142,49.951050087558556,23480.608573214267,1880.9612873260576
2022-06-27,2022,6,LATO,22.207801052540844,50.01393215744693,21977.58744964162,1872.4872440553156
2022-06-27,2022,6,LATO,22.270683122429205,50.01393215744693,18495.373268328247,1872.2710413234934
2022-06-27,2022,6,LATO,22.333565192317593,50.01393215744693,15552.086351361719,1869.6083984374388
2022-06-27,2022,6,LATO,22.396447262205953,50.01393215744693,13504.815719002623,1869.6083984375684
2022-06-27,2022,6,LATO,22.459329332094313,50.01393215744693,12791.273252318308,1872.3928699689607
2022-06-27,2022,6,LATO,22.522211401982673,50.01393215744693,13622.670264209384,1873.8152704773142
2022-06-27,2022,6,LATO,22.585093471871062,50.01393215744693,15756.31935336086,1873.725237217667
2022-06-27,2022,6,LATO,22.647975541759422,50.01393215744693,18752.870651542085,1873.0348951497358
2022-06-27,2022,6,LATO,22.710857611647782,50.01393215744693,22266.629387274854,1873.0349079828393
2022-06-27,2022,6,LATO,22.270683122429205,50.07681422733529,23868.096512834974,1876.0028076171586
2022-06-27,2022,6,LATO,22.333565192317593,50.07681422733529,21670.383484460835,1875.333890224632
2022-06-27,2022,6,LATO,22.396447262205953,50.07681422733529,20253.292902690024,1875.0113980951103
2022-06-27,2022,6,LATO,22.459329332094313,50.07681422733529,19785.271916080557,1873.8783536273643
2022-06-27,2022,6,LATO,22.522211401982673,50.07681422733529,20331.96491047302,1873.9641920256845
2022-06-27,2022,6,LATO,22.585093471871062,50.07681422733529,21817.2265919699,1873.96349548825
2022-06-28,2022,6,LATO,22.588595247370506,49.76240387789346,17901.74303758733,1877.6492728116639
2022-06-28,2022,6,LATO,22.651477317258866,49.76240387789346,20656.70222709244,1878.2760562851724
2022-06-28,2022,6,LATO,22.714359387147226,49.76240387789346,23955.428263195714,1881.093086694381
2022-06-28,2022,6,LATO,22.588595247370506,49.82528594778182,12523.39928650536,1877.3056419397278
2022-06-28,2022,6,LATO,22.651477317258866,49.82528594778182,16214.96771392276,1877.4178041279652
2022-06-28,2022,6,LATO,22.714359387147226,49.82528594778182,20245.93914025034,1878.5820418448507
2022-06-28,2022,6,LATO,22.7772414570356,49.82528594778182,24449.00869040225,1878.6495593844957
2022-06-28,2022,6,LATO,22.651477317258866,49.888168017670196,14035.180140061455,1883.3997875555503
2022-06-28,2022,6,LATO,22.714359387147226,49.888168017670196,18540.996723111853,1883.9820026047094
2022-06-28,2022,6,LATO,22.7772414570356,49.888168017670196,23051.700284254595,1876.2446204923278
2022-06-28,2022,6,LATO,22.337066967817037,49.951050087558556,10372.327171727175,1874.845835300026
2022-06-28,2022,6,LATO,22.399949037705397,49.951050087558556,7091.606383134769,1874.84581128301
2022-06-28,2022,6,LATO,22.46283110759377,49.951050087558556,5811.522776035262,1888.8563385586958
2022-06-28,2022,6,LATO,22.651477317258866,49.951050087558556,15128.95651222953,1886.5426119843903
2022-06-28,2022,6,LATO,22.714359387147226,49.951050087558556,19377.224385232876,1885.6323056931722
2022-06-28,2022,6,LATO,22.7772414570356,49.951050087558556,23724.361235882607,1877.5836608408954
2022-06-28,2022,6,LATO,22.274184897928663,50.01393215744693,18314.679458187293,1883.3753446552985
2022-06-28,2022,6,LATO,22.337066967817037,50.01393215744693,15410.51215008078,1883.9213867186882
2022-06-28,2022,6,LATO,22.399949037705397,50.01393215744693,13426.257215633463,1883.585123892078
2022-06-28,2022,6,LATO,22.46283110759377,50.01393215744693,12797.219877605483,1885.2038700103506
2022-06-28,2022,6,LATO,22.52571317748213,50.01393215744693,13711.204960252908,1892.3793702177366
2022-06-28,2022,6,LATO,22.588595247370506,50.01393215744693,15904.384216903703,1891.8160610716964
2022-06-28,2022,6,LATO,22.651477317258866,50.01393215744693,18937.41900727087,1887.9525698129532
2022-06-28,2022,6,LATO,22.714359387147226,50.01393215744693,22472.79028849216,1886.3999268169946
2022-06-28,2022,6,LATO,22.274184897928663,50.07681422733529,23728.53498633054,1875.5900904381235
2022-06-28,2022,6,LATO,22.337066967817037,50.07681422733529,21569.138647775435,1877.1435450124982
2022-06-28,2022,6,LATO,22.399949037705397,50.07681422733529,20201.063596434968,1888.3084340372895
2022-06-28,2022,6,LATO,22.46283110759377,50.07681422733529,19789.111941992756,1888.000574169926
2022-06-28,2022,6,LATO,22.52571317748213,50.07681422733529,20391.3127076881,1894.2714897399214
2022-06-28,2022,6,LATO,22.588595247370506,50.07681422733529,21924.25800871821,1891.8280135056987
2022-06-28,2022,6,LATO,22.651477317258866,50.07681422733529,24211.80329746599,1886.4379224994277
2022-06-29,2022,6,LATO,22.211302828040303,49.765905653392906,23044.940206446532,1849.51269045543
2022-06-29,2022,6,LATO,22.274184897928663,49.765905653392906,19791.139041156755,1849.5127032989562
2022-06-29,2022,6,LATO,22.52571317748213,49.765905653392906,15604.532676742472,1867.1453859789042
2022-06-29,2022,6,LATO,22.588595247370506,49.765905653392906,17572.348165759362,1867.985512153035
2022-06-29,2022,6,LATO,22.651477317258866,49.765905653392906,20371.71370341612,1873.742065067616
2022-06-29,2022,6,LATO,22.714359387147226,49.765905653392906,23709.899247344183,1873.7217656753635
2022-06-29,2022,6,LATO,22.14842075815193,49.82878772328128,23509.001546003838,1855.2810199057983
2022-06-29,2022,6,LATO,22.211302828040303,49.82878772328128,19302.672401242962,1853.4843109980043
2022-06-29,2022,6,LATO,22.274184897928663,49.82878772328128,15277.216372643947,1859.0191333413761
2022-06-29,2022,6,LATO,22.46283110759377,49.82878772328128,7815.101725436394,1867.1453685159486
2022-06-29,2022,6,LATO,22.52571317748213,49.82878772328128,9241.055230812668,1867.1453844200203
2022-06-29,2022,6,LATO,22.588595247370506,49.82878772328128,12271.867329400819,1866.151632875335
2022-06-29,2022,6,LATO,22.651477317258866,49.82878772328128,16021.258563246713,1867.524004942511
2022-06-29,2022,6,LATO,22.714359387147226,49.82878772328128,20090.86840189349,1869.8110174788583
2022-06-29,2022,6,LATO,22.7772414570356,49.82878772328128,24320.4729780271,1873.6259575154047
2022-06-29,2022,6,LATO,22.14842075815193,49.89166979316964,22176.533966168987,1849.1005064977173
2022-06-29,2022,6,LATO,22.211302828040303,49.89166979316964,17662.170160851372,1863.4806034959606
2022-06-29,2022,6,LATO,22.274184897928663,49.89166979316964,13150.397981968348,1873.2158661177477
2022-06-29,2022,6,LATO,22.337066967817037,49.89166979316964,8645.281580533669,1874.5200610525787
2022-06-29,2022,6,LATO,22.399949037705397,49.89166979316964,4168.4653838731665,1875.6429381111666
2022-06-29,2022,6,LATO,22.52571317748213,49.89166979316964,5012.8341822749335,1873.7282049078688
2022-06-29,2022,6,LATO,22.588595247370506,49.89166979316964,9499.773366756152,1872.5728312394342
2022-06-29,2022,6,LATO,22.651477317258866,49.89166979316964,14006.789569911276,1869.3427850448006
2022-06-29,2022,6,LATO,22.714359387147226,49.89166979316964,18519.228167731453,1867.8782004651175
2022-06-29,2022,6,LATO,22.7772414570356,49.89166979316964,23033.900325477673,1865.8711135674273
2022-06-29,2022,6,LATO,22.14842075815193,49.954551863058015,22994.824269715486,1851.1595348038395
2022-06-29,2022,6,LATO,22.211302828040303,49.954551863058015,18685.537456604256,1865.25354573844
2022-06-29,2022,6,LATO,22.274184897928663,49.954551863058015,14502.094242152669,1873.2971257016245
2022-06-29,2022,6,LATO,22.337066967817037,49.954551863058015,10594.637249937323,1875.8603707807931
2022-06-29,2022,6,LATO,22.399949037705397,49.954551863058015,7413.245892451485,1875.6483864071683
2022-06-29,2022,6,LATO,22.46283110759377,49.954551863058015,6200.026734374416,1878.9301762253572
2022-06-29,2022,6,LATO,22.52571317748213,49.954551863058015,7918.239441228203,1874.3781793999542
2022-06-29,2022,6,LATO,22.588595247370506,49.954551863058015,11301.812859466689,1874.3647697346078
2022-06-29,2022,6,LATO,22.651477317258866,49.954551863058015,15281.939992676336,1867.344111496159
2022-06-29,2022,6,LATO,22.714359387147226,49.954551863058015,19496.629429511904,1867.2855477674186
2022-06-29,2022,6,LATO,22.211302828040303,50.017433932946375,22004.268573433346,1871.3970915508064
2022-06-29,2022,6,LATO,22.274184897928663,50.017433932946375,18588.443756014225,1874.6446383304533
2022-06-29,2022,6,LATO,22.337066967817037,50.017433932946375,15735.112606983354,1881.7443529876343
2022-06-29,2022,6,LATO,22.399949037705397,50.017433932946375,13797.768999143414,1879.0127383551303
2022-06-29,2022,6,LATO,22.46283110759377,50.017433932946375,13186.511359927295,1880.9121648346832
2022-06-29,2022,6,LATO,22.52571317748213,50.017433932946375,14075.177645224507,1872.6163807508115
2022-06-29,2022,6,LATO,22.588595247370506,50.017433932946375,16219.068898947891,1871.8782219154637
2022-06-29,2022,6,LATO,22.651477317258866,50.017433932946375,19202.26311576868,1862.978404645528
2022-06-29,2022,6,LATO,22.714359387147226,50.017433932946375,22696.183105903077,1867.169872493802
2022-06-29,2022,6,LATO,22.274184897928663,50.08031600283475,24054.002161830544,1875.9390629837544
2022-06-29,2022,6,LATO,22.337066967817037,50.08031600283475,21926.844631874275,1879.3131328635307
2022-06-29,2022,6,LATO,22.399949037705397,50.08031600283475,20582.660303117143,1883.842905335524
2022-06-29,2022,6,LATO,22.46283110759377,50.08031600283475,20178.530303468786,1880.30627279815
2022-06-29,2022,6,LATO,22.52571317748213,50.08031600283475,20769.400725010888,1878.5031416043716
2022-06-29,2022,6,LATO,22.588595247370506,50.08031600283475,22276.237062725868,1862.6786566603469
2022-06-29,2022,6,LATO,22.651477317258866,50.08031600283475,24530.825063316166,1863.186510740724
2022-06-30,2022,6,LATO,22.651477317258866,49.765905653392906,20371.71370341612,1851.5395202854977
2022-06-30,2022,6,LATO,22.714359387147226,49.765905653392906,23709.899247344183,1852.4187011790348
2022-06-30,2022,6,LATO,22.14842075815193,49.82878772328128,23509.001546003838,1856.6357138246262
2022-06-30,2022,6,LATO,22.211302828040303,49.82878772328128,19302.672401242962,1864.411407677434
2022-06-30,2022,6,LATO,22.274184897928663,49.82878772328128,15277.216372643947,1864.740229134966
2022-06-30,2022,6,LATO,22.337066967817037,49.82878772328128,11622.125849843118,1856.5748104635854
2022-06-30,2022,6,LATO,22.399949037705397,49.82878772328128,8811.053425103102,1856.5748241058736
2022-06-30,2022,6,LATO,22.46283110759377,49.82878772328128,7815.101725436394,1856.5748200143073
2022-06-30,2022,6,LATO,22.52571317748213,49.82878772328128,9241.055230812668,1856.9665510011139
2022-06-30,2022,6,LATO,22.588595247370506,49.82878772328128,12271.867329400819,1856.9665368949275
2022-06-30,2022,6,LATO,22.651477317258866,49.82878772328128,16021.258563246713,1846.536752318924
2022-06-30,2022,6,LATO,22.714359387147226,49.82878772328128,20090.86840189349,1847.516024097461
2022-06-30,2022,6,LATO,22.7772414570356,49.82878772328128,24320.4729780271,1851.4270820035558
2022-06-30,2022,6,LATO,22.14842075815193,49.89166979316964,22176.533966168987,1857.7171373473875
2022-06-30,2022,6,LATO,22.211302828040303,49.89166979316964,17662.170160851372,1862.25451660149
2022-06-30,2022,6,LATO,22.274184897928663,49.89166979316964,13150.397981968348,1862.5710959945773
2022-06-30,2022,6,LATO,22.337066967817037,49.89166979316964,8645.281580533669,1859.412148187257
2022-06-30,2022,6,LATO,22.399949037705397,49.89166979316964,4168.4653838731665,1859.0957945635332
2022-06-30,2022,6,LATO,22.46283110759377,49.89166979316964,915.7735323810977,1859.2434535791492
2022-06-30,2022,6,LATO,22.52571317748213,49.89166979316964,5012.8341822749335,1863.9171206127808
2022-06-30,2022,6,LATO,22.588595247370506,49.89166979316964,9499.773366756152,1863.7142478803662
2022-06-30,2022,6,LATO,22.651477317258866,49.89166979316964,14006.789569911276,1845.0383553041825
2022-06-30,2022,6,LATO,22.714359387147226,49.89166979316964,18519.228167731453,1842.1709653257078
2022-06-30,2022,6,LATO,22.7772414570356,49.89166979316964,23033.900325477673,1843.3038790556836
2022-06-30,2022,6,LATO,22.14842075815193,49.954551863058015,22994.824269715486,1859.0390695572257
2022-06-30,2022,6,LATO,22.211302828040303,49.954551863058015,18685.537456604256,1862.2545226094242
2022-06-30,2022,6,LATO,22.274184897928663,49.954551863058015,14502.094242152669,1861.6555081541267
2022-06-30,2022,6,LATO,22.337066967817037,49.954551863058015,10594.637249937323,1860.7254638671266
2022-06-30,2022,6,LATO,22.399949037705397,49.954551863058015,7413.245892451485,1860.490133215218
2022-06-30,2022,6,LATO,22.46283110759377,49.954551863058015,6200.026734374416,1857.5537752397004
2022-06-30,2022,6,LATO,22.52571317748213,49.954551863058015,7918.239441228203,1859.5991491797172
2022-06-30,2022,6,LATO,22.588595247370506,49.954551863058015,11301.812859466689,1858.7099955742985
2022-06-30,2022,6,LATO,22.651477317258866,49.954551863058015,15281.939992676336,1851.40847792691
2022-06-30,2022,6,LATO,22.714359387147226,49.954551863058015,19496.629429511904,1851.084703213512
2022-06-30,2022,6,LATO,22.7772414570356,49.954551863058015,23821.701564440966,1870.5283210479665
2022-06-30,2022,6,LATO,22.211302828040303,50.017433932946375,22004.268573433346,1862.184445424832
2022-06-30,2022,6,LATO,22.274184897928663,50.017433932946375,18588.443756014225,1856.6406148359167
2022-06-30,2022,6,LATO,22.337066967817037,50.017433932946375,15735.112606983354,1857.9647583151793
2022-06-30,2022,6,LATO,22.399949037705397,50.017433932946375,13797.768999143414,1858.6996972678621
2022-06-30,2022,6,LATO,22.46283110759377,50.017433932946375,13186.511359927295,1856.8462575500707
2022-06-30,2022,6,LATO,22.52571317748213,50.017433932946375,14075.177645224507,1853.0134663644853
2022-06-30,2022,6,LATO,22.588595247370506,50.017433932946375,16219.068898947891,1856.0460205077477
2022-06-30,2022,6,LATO,22.651477317258866,50.017433932946375,19202.26311576868,1852.3121088675532
2022-06-30,2022,6,LATO,22.714359387147226,50.017433932946375,22696.183105903077,1862.6748388759179
2022-06-30,2022,6,LATO,22.274184897928663,50.08031600283475,24054.002161830544,1853.791221321581
2022-06-30,2022,6,LATO,22.337066967817037,50.08031600283475,21926.844631874275,1855.7498184000667
2022-06-30,2022,6,LATO,22.399949037705397,50.08031600283475,20582.660303117143,1858.3748467539958
2022-06-30,2022,6,LATO,22.46283110759377,50.08031600283475,20178.530303468786,1862.5188116844233
2022-06-30,2022,6,LATO,22.52571317748213,50.08031600283475,20769.400725010888,1848.6967976820276
2022-06-30,2022,6,LATO,22.588595247370506,50.08031600283475,22276.237062725868,1848.696775852749
2022-06-30,2022,6,LATO,22.651477317258866,50.08031600283475,24530.825063316166,1867.734482052875
2022-07-01,2022,7,LATO,22.654979092758325,49.765905653392906,20545.68263458272,1858.4056717634558
2022-07-01,2022,7,LATO,22.717861162646685,49.765905653392906,23907.261834768902,1857.9741418623576
2022-07-01,2022,7,LATO,22.654979092758325,49.82878772328128,16241.609436094317,1860.7051749868967
2022-07-01,2022,7,LATO,22.717861162646685,49.82878772328128,20323.107055819728,1858.8513686422255
2022-07-01,2022,7,LATO,22.780743232535045,49.82878772328128,24559.063946725546,1858.1451460095354
2022-07-01,2022,7,LATO,22.34056874331648,49.89166979316964,8394.81239100924,1858.3436150235552
2022-07-01,2022,7,LATO,22.52921495298159,49.89166979316964,5261.298499013597,1861.489677869686
2022-07-01,2022,7,LATO,22.59209702286995,49.89166979316964,9750.489178739446,1857.0033128570446
2022-07-01,2022,7,LATO,22.654979092758325,49.89166979316964,14257.98322691555,1855.3180143050215
2022-07-01,2022,7,LATO,22.717861162646685,49.89166979316964,18770.59735346509,1858.626272893617
2022-07-01,2022,7,LATO,22.780743232535045,49.89166979316964,23285.352737507972,1863.273088068946
2022-07-01,2022,7,LATO,22.27768667342812,49.954551863058015,14275.070430447342,1857.02219659265
2022-07-01,2022,7,LATO,22.34056874331648,49.954551863058015,10391.528827387052,1858.3436300865121
2022-07-01,2022,7,LATO,22.403450813204856,49.954551863058015,7277.66353940265,1858.3436341514196
2022-07-01,2022,7,LATO,22.52921495298159,49.954551863058015,8077.620080747443,1862.2172171041677
2022-07-01,2022,7,LATO,22.59209702286995,49.954551863058015,11513.081374454347,1861.4925537837562
2022-07-01,2022,7,LATO,22.654979092758325,49.954551863058015,15512.201386264802,1857.8949984016458
2022-07-01,2022,7,LATO,22.717861162646685,49.954551863058015,19735.24481785987,1855.241818942115
2022-07-01,2022,7,LATO,22.780743232535045,49.954551863058015,24064.60916645256,1857.3778732678368
2022-07-01,2022,7,LATO,22.214804603539747,50.017433932946375,21803.568017263882,1852.4621383258007
2022-07-01,2022,7,LATO,22.27768667342812,50.017433932946375,18412.10631143794,1853.1321003764656
2022-07-01,2022,7,LATO,22.34056874331648,50.017433932946375,15599.258476611207,1855.0236986492455
2022-07-01,2022,7,LATO,22.403450813204856,50.017433932946375,13725.494538791854,1856.611513347589
2022-07-01,2022,7,LATO,22.466332883093216,50.017433932946375,13197.064731342465,1858.4713167974955
2022-07-01,2022,7,LATO,22.52921495298159,50.017433932946375,14165.33544195222,1864.6278382468602
2022-07-01,2022,7,LATO,22.59209702286995,50.017433932946375,16366.79489221886,1864.3465612548912
2022-07-01,2022,7,LATO,22.654979092758325,50.017433932946375,19385.77741856333,1863.9532125890128
2022-07-01,2022,7,LATO,22.717861162646685,50.017433932946375,22901.219575545034,1862.784085858369
2022-07-01,2022,7,LATO,22.27768667342812,50.08031600283475,23918.172231338074,1848.5825195312214
2022-07-01,2022,7,LATO,22.34056874331648,50.08031600283475,21829.685598637745,1850.991915282801
2022-07-01,2022,7,LATO,22.403450813204856,50.08031600283475,20534.34374257188,1854.6851230861855
2022-07-01,2022,7,LATO,22.466332883093216,50.08031600283475,20185.419430504728,1858.504612181361
2022-07-01,2022,7,LATO,22.52921495298159,50.08031600283475,20830.525302317543,1860.3590087891305
2022-07-01,2022,7,LATO,22.59209702286995,50.08031600283475,22383.883199038224,1861.1444171551277
2022-07-01,2022,7,LATO,22.654979092758325,50.08031600283475,24674.55335184584,1858.039690254491
2022-07-01,2022,7,LATO,22.333565192317593,49.888168017670196,8939.97659444241,1834.851434301501
2022-07-01,2022,7,LATO,22.396447262205953,49.888168017670196,4503.386103975331,1834.8514476063353
2022-07-01,2022,7,LATO,22.459329332094313,49.888168017670196,1211.6424067069865,1834.851432137324
2022-07-01,2022,7,LATO,22.522211401982673,49.888168017670196,4846.229221811759,1834.8514407241662
2022-07-01,2022,7,LATO,22.585093471871062,49.888168017670196,9291.613529944845,1851.7748317177452
2022-07-01,2022,7,LATO,22.647975541759422,49.888168017670196,13784.500595602445,1857.6086397160607
2022-07-01,2022,7,LATO,22.710857611647782,49.888168017670196,18289.914934864282,1857.6086367206617
2022-07-01,2022,7,LATO,22.773739681536142,49.888168017670196,22800.429274080365,1857.6086414701292
2022-07-01,2022,7,LATO,22.270683122429205,49.951050087558556,14571.091904494382,1838.8052663347125
2022-07-01,2022,7,LATO,22.333565192317593,49.951050087558556,10581.795880218768,1836.054270679418
2022-07-01,2022,7,LATO,22.396447262205953,49.951050087558556,7239.427505212513,1836.195740283047
2022-07-01,2022,7,LATO,22.459329332094313,49.951050087558556,5798.399209655717,1836.4786656833871
2022-07-01,2022,7,LATO,22.522211401982673,49.951050087558556,7457.250598911932,1836.76153682186
2022-07-01,2022,7,LATO,22.585093471871062,49.951050087558556,10880.118037064636,1852.7295893726425
2022-07-01,2022,7,LATO,22.647975541759422,49.951050087558556,14896.998518918397,1854.6782285692275
2022-07-01,2022,7,LATO,22.710857611647782,49.951050087558556,19137.43119556903,1854.4862197358775
2022-07-01,2022,7,LATO,22.773739681536142,49.951050087558556,23480.608573214267,1854.102216027443
2022-07-01,2022,7,LATO,22.270683122429205,50.01393215744693,18495.373268328247,1837.8983265053243
2022-07-01,2022,7,LATO,22.333565192317593,50.01393215744693,15552.086351361719,1837.8983154296272
2022-07-01,2022,7,LATO,22.396447262205953,50.01393215744693,13504.815719002623,1837.8983154297548
2022-07-01,2022,7,LATO,22.459329332094313,50.01393215744693,12791.273252318308,1837.9060691333257
2022-07-01,2022,7,LATO,22.522211401982673,50.01393215744693,13622.670264209384,1841.4188546133776
2022-07-01,2022,7,LATO,22.585093471871062,50.01393215744693,15756.31935336086,1854.0789323730191
2022-07-01,2022,7,LATO,22.647975541759422,50.01393215744693,18752.870651542085,1853.4697799265314
2022-07-01,2022,7,LATO,22.710857611647782,50.01393215744693,22266.629387274854,1853.165203703419
2022-07-01,2022,7,LATO,22.270683122429205,50.07681422733529,23868.096512834974,1843.5112022171745
2022-07-01,2022,7,LATO,22.333565192317593,50.07681422733529,21670.383484460835,1843.7646064940213
2022-07-01,2022,7,LATO,22.396447262205953,50.07681422733529,20253.292902690024,1844.0019761930512
2022-07-01,2022,7,LATO,22.459329332094313,50.07681422733529,19785.271916080557,1844.4644124675235
2022-07-01,2022,7,LATO,22.522211401982673,50.07681422733529,20331.96491047302,1845.4426173366548
2022-07-01,2022,7,LATO,22.585093471871062,50.07681422733529,21817.2265919699,1847.0837402343107
2022-07-01,2022,7,LATO,22.647975541759422,50.07681422733529,24067.921085906597,1847.0837402343143
2022-07-18,2022,7,LATO,22.14842075815193,49.888168017670196,22194.95834228595,1859.8542614188177
2022-07-18,2022,7,LATO,22.14842075815193,49.951050087558556,22893.907202909,1859.8542983330535
2022-07-20,2022,7,LATO,22.34407051881594,49.703023583504546,23255.137262703734,1861.2858873588357
2022-07-20,2022,7,LATO,22.4069525887043,49.703023583504546,22085.707102393648,1863.3164557273317
2022-07-20,2022,7,LATO,22.469834658592674,49.703023583504546,21811.500894878358,1864.373600077534
2022-07-20,2022,7,LATO,22.532716728481034,49.703023583504546,22465.3225243492,1867.2578563399563
2022-07-20,2022,7,LATO,22.59559879836941,49.703023583504546,23971.357135078226,1869.72636422923
2022-07-20,2022,7,LATO,22.218306379039205,49.765905653392906,22660.981171845084,1861.7649366258995
2022-07-20,2022,7,LATO,22.281188448927566,49.765905653392906,19460.18928820575,1859.671765619816
2022-07-20,2022,7,LATO,22.34407051881594,49.765905653392906,16876.349965413232,1859.55765368376
2022-07-20,2022,7,LATO,22.4069525887043,49.765905653392906,15226.84159524863,1861.9883272599766
2022-07-20,2022,7,LATO,22.469834658592674,49.765905653392906,14826.846263880092,1860.656880876779
2022-07-20,2022,7,LATO,22.532716728481034,49.765905653392906,15771.718948820126,1873.438209705899
2022-07-20,2022,7,LATO,22.59559879836941,49.765905653392906,17849.1479538247,1871.8886419201401
2022-07-20,2022,7,LATO,22.65848086825777,49.765905653392906,20721.25408852988,1869.3537629489676
2022-07-20,2022,7,LATO,22.721362938146143,49.765905653392906,24105.641550652217,1877.28540018493
2022-07-20,2022,7,LATO,22.15542430915083,49.82878772328128,23034.617265911897,1871.1785606155058
2022-07-20,2022,7,LATO,22.218306379039205,49.82878772328128,18843.212638873254,1865.9549300355352
2022-07-20,2022,7,LATO,22.281188448927566,49.82878772328128,14846.545618054737,1871.8585443675888
2022-07-20,2022,7,LATO,22.34407051881594,49.82878772328128,11254.042585435333,1868.9170455641154
2022-07-20,2022,7,LATO,22.4069525887043,49.82878772328128,8588.79621870295,1862.0020287595078
2022-07-20,2022,7,LATO,22.469834658592674,49.82878772328128,7858.857339596868,1868.3906489419937
2022-07-20,2022,7,LATO,22.532716728481034,49.82878772328128,9520.294167600396,1881.3335480433398
2022-07-20,2022,7,LATO,22.59559879836941,49.82878772328128,12664.545823118542,1871.7126944188576
2022-07-20,2022,7,LATO,22.65848086825777,49.82878772328128,16462.861357514073,1868.6976328136673
2022-07-20,2022,7,LATO,22.721362938146143,49.82878772328128,20555.805582780067,1874.7286294539063
2022-07-20,2022,7,LATO,22.784245008034503,49.82878772328128,24797.915498238333,1871.7331592239689
2022-07-20,2022,7,LATO,22.15542430915083,49.89166979316964,21673.66463551955,1860.8449978525882
2022-07-20,2022,7,LATO,22.218306379039205,49.89166979316964,17159.501401782156,1859.337645767894
2022-07-20,2022,7,LATO,22.281188448927566,49.89166979316964,12648.176412927016,1855.3820965667314
2022-07-20,2022,7,LATO,22.34407051881594,49.89166979316964,8144.413309122736,1851.7084030506146
2022-07-20,2022,7,LATO,22.4069525887043,49.89166979316964,3676.120132065583,1855.431187229743
2022-07-20,2022,7,LATO,22.469834658592674,49.89166979316964,1234.3332592430152,1875.317648000772
2022-07-20,2022,7,LATO,22.532716728481034,49.89166979316964,5510.047998282455,1875.9492403729664
2022-07-20,2022,7,LATO,22.59559879836941,49.89166979316964,10001.249720505602,1877.9318318111686
2022-07-20,2022,7,LATO,22.65848086825777,49.89166979316964,14509.191178276815,1870.635939160202
2022-07-20,2022,7,LATO,22.721362938146143,49.89166979316964,19021.972796300142,1869.7689508275973
2022-07-20,2022,7,LATO,22.784245008034503,49.89166979316964,23536.808419606954,1867.0844467327404
2022-07-20,2022,7,LATO,22.15542430915083,49.954551863058015,22510.8792662599,1861.010612753408
2022-07-20,2022,7,LATO,22.218306379039205,49.954551863058015,18211.76257979477,1858.8284754756464
2022-07-20,2022,7,LATO,22.281188448927566,49.954551863058015,14048.878285394561,1860.402049660226
2022-07-20,2022,7,LATO,22.34407051881594,49.954551863058015,10190.576603239142,1866.1005859374388
2022-07-20,2022,7,LATO,22.4069525887043,49.954551863058015,7148.356855025623,1867.1554000723895
2022-07-20,2022,7,LATO,22.469834658592674,49.954551863058015,6254.948067902238,1876.3756185958846
2022-07-20,2022,7,LATO,22.532716728481034,49.954551863058015,8241.591098191455,1878.5795330115207
2022-07-20,2022,7,LATO,22.59559879836941,49.954551863058015,11725.935301088623,1878.6380620697694
2022-07-20,2022,7,LATO,22.65848086825777,49.954551863058015,15743.110891885131,1871.9731877109207
2022-07-20,2022,7,LATO,22.721362938146143,49.954551863058015,19974.174910830076,1866.2320750574668
2022-07-20,2022,7,LATO,22.784245008034503,49.954551863058015,24307.690331532653,1867.0197263430362
2022-07-20,2022,7,LATO,22.218306379039205,50.017433932946375,21603.925642499682,1866.6438135904202
2022-07-20,2022,7,LATO,22.281188448927566,50.017433932946375,18237.52611427792,1866.5426893915537
2022-07-20,2022,7,LATO,22.34407051881594,50.017433932946375,15466.293793761843,1866.88674146704
2022-07-20,2022,7,LATO,22.59559879836941,50.017433932946375,16517.022631493433,1867.8780010711894
2022-07-20,2022,7,LATO,22.65848086825777,50.017433932946375,19570.797270048133,1869.8794168790935
2022-07-20,2022,7,LATO,22.721362938146143,50.017433932946375,23107.169243358545,1865.6580810546227
2022-07-20,2022,7,LATO,22.281188448927566,50.08031600283475,23784.217944379117,1861.027186994653
2022-07-20,2022,7,LATO,22.34407051881594,50.08031600283475,21734.993638187294,1871.4710075111218
2022-07-20,2022,7,LATO,22.4069525887043,50.08031600283475,20488.99113317238,1879.169804468509
2022-07-20,2022,7,LATO,22.469834658592674,50.08031600283475,20195.42885761202,1872.7287157000737
2022-07-20,2022,7,LATO,22.532716728481034,50.08031600283475,20894.489209014744,1869.8815695053452
2022-07-20,2022,7,LATO,22.59559879836941,50.08031600283475,22493.81768028525,1869.528603896043
2022-07-20,2022,7,LATO,22.65848086825777,50.08031600283475,24819.99003576218,1859.4593643062994
2022-07-21,2022,7,LATO,22.34056874331648,49.703023583504546,23344.35519977606,1844.097095479966
2022-07-21,2022,7,LATO,22.403450813204856,49.703023583504546,22128.116388623414,1846.6174764456343
2022-07-21,2022,7,LATO,22.466332883093216,49.703023583504546,21802.160872306937,1846.4271684492742
2022-07-21,2022,7,LATO,22.52921495298159,49.703023583504546,22405.377325172958,1847.019842252555
2022-07-21,2022,7,LATO,22.59209702286995,49.703023583504546,23867.42013466341,1838.0203546264547
2022-07-21,2022,7,LATO,22.214804603539747,49.765905653392906,22852.37839536346,1849.4308598451
2022-07-21,2022,7,LATO,22.27768667342812,49.765905653392906,19624.74472750713,1844.3321342576155
2022-07-21,2022,7,LATO,22.34056874331648,49.765905653392906,16998.921493318117,1842.1036347590357
2022-07-21,2022,7,LATO,22.403450813204856,49.765905653392906,15288.209816847784,1856.110726823008
2022-07-21,2022,7,LATO,22.466332883093216,49.765905653392906,14813.120668811092,1854.8585950361382
2022-07-21,2022,7,LATO,22.52921495298159,49.765905653392906,15686.325551029668,1843.8789716061917
2022-07-21,2022,7,LATO,22.59209702286995,49.765905653392906,17709.496919357385,1840.985556473517
2022-07-21,2022,7,LATO,22.654979092758325,49.765905653392906,20545.68263458272,1863.703630688944
2022-07-21,2022,7,LATO,22.717861162646685,49.765905653392906,23907.261834768902,1867.816304662206
2022-07-21,2022,7,LATO,22.151922533651387,49.82878772328128,23271.656269837393,1847.9164031511618
2022-07-21,2022,7,LATO,22.214804603539747,49.82878772328128,19072.664323169367,1850.9988640967606
2022-07-21,2022,7,LATO,22.27768667342812,49.82878772328128,15061.316026485298,1849.7259086209328
2022-07-21,2022,7,LATO,22.34056874331648,49.82878772328128,11436.793857621571,1850.904852181188
2022-07-21,2022,7,LATO,22.403450813204856,49.82878772328128,8696.991057537094,1858.8055569184603
2022-07-21,2022,7,LATO,22.466332883093216,49.82878772328128,7832.964904433147,1857.9929997663323
2022-07-21,2022,7,LATO,22.52921495298159,49.82878772328128,9378.33478176888,1840.1690531407592
2022-07-21,2022,7,LATO,22.59209702286995,49.82878772328128,12467.210442492144,1842.6810414032416
2022-07-21,2022,7,LATO,22.654979092758325,49.82878772328128,16241.609436094317,1860.6207094268354
2022-07-21,2022,7,LATO,22.717861162646685,49.82878772328128,20323.107055819728,1862.4601464075763
2022-07-21,2022,7,LATO,22.780743232535045,49.82878772328128,24559.063946725546,1855.9599424233938
2022-07-21,2022,7,LATO,22.151922533651387,49.89166979316964,21925.097340562013,1853.6987369228368
2022-07-21,2022,7,LATO,22.214804603539747,49.89166979316964,17410.831859237383,1851.7090899926661
2022-07-21,2022,7,LATO,22.27768667342812,49.89166979316964,12899.277543149625,1850.3875963858538
2022-07-21,2022,7,LATO,22.34056874331648,49.89166979316964,8394.81239100924,1856.9501100666241
2022-07-21,2022,7,LATO,22.403450813204856,49.89166979316964,3921.947931872362,1859.0032203585276
2022-07-21,2022,7,LATO,22.466332883093216,49.89166979316964,1057.2624589446846,1850.741186780215
2022-07-21,2022,7,LATO,22.52921495298159,49.89166979316964,5261.298499013597,1848.2609863281527
2022-07-21,2022,7,LATO,22.59209702286995,49.89166979316964,9750.489178739446,1860.0857858658312
2022-07-21,2022,7,LATO,22.654979092758325,49.89166979316964,14257.98322691555,1866.0935335876156
2022-07-21,2022,7,LATO,22.717861162646685,49.89166979316964,18770.59735346509,1860.899986180464
2022-07-21,2022,7,LATO,22.780743232535045,49.89166979316964,23285.352737507972,1851.0655449875173
2022-07-21,2022,7,LATO,22.151922533651387,49.954551863058015,22752.749090905298,1849.7745878184833
2022-07-21,2022,7,LATO,22.214804603539747,49.954551863058015,18448.457384727142,1849.1685567161644
2022-07-21,2022,7,LATO,22.27768667342812,49.954551863058015,14275.070430447342,1851.9861887793663
2022-07-21,2022,7,LATO,22.34056874331648,49.954551863058015,10391.528827387052,1858.4145799987318
2022-07-21,2022,7,LATO,22.403450813204856,49.954551863058015,7277.66353940265,1853.9366418014317
2022-07-21,2022,7,LATO,22.466332883093216,49.954551863058015,6222.46978946018,1851.7156684618785
2022-07-21,2022,7,LATO,22.52921495298159,49.954551863058015,8077.620080747443,1854.5886183724392
2022-07-21,2022,7,LATO,22.59209702286995,49.954551863058015,11513.081374454347,1868.6467619894036
2022-07-21,2022,7,LATO,22.654979092758325,49.954551863058015,15512.201386264802,1868.0601160483354
2022-07-21,2022,7,LATO,22.717861162646685,49.954551863058015,19735.24481785987,1852.2241844960872
2022-07-21,2022,7,LATO,22.780743232535045,49.954551863058015,24064.60916645256,1850.1837872172005
2022-07-21,2022,7,LATO,22.214804603539747,50.017433932946375,21803.568017263882,1850.4088104916768
2022-07-21,2022,7,LATO,22.27768667342812,50.017433932946375,18412.10631143794,1865.9711356104256
2022-07-21,2022,7,LATO,22.34056874331648,50.017433932946375,15599.258476611207,1865.0946669501793
2022-07-21,2022,7,LATO,22.403450813204856,50.017433932946375,13725.494538791854,1851.9988610925852
2022-07-21,2022,7,LATO,22.466332883093216,50.017433932946375,13197.064731342465,1851.5315098571596
2022-07-21,2022,7,LATO,22.52921495298159,50.017433932946375,14165.33544195222,1871.6736529962784
2022-07-21,2022,7,LATO,22.59209702286995,50.017433932946375,16366.79489221886,1871.7461009952942
2022-07-21,2022,7,LATO,22.654979092758325,50.017433932946375,19385.77741856333,1847.8931002837273
2022-07-21,2022,7,LATO,22.717861162646685,50.017433932946375,22901.219575545034,1846.7109547559287
2022-07-21,2022,7,LATO,22.27768667342812,50.08031600283475,23918.172231338074,1868.2625081237163
2022-07-21,2022,7,LATO,22.34056874331648,50.08031600283475,21829.685598637745,1846.671316027382
2022-07-21,2022,7,LATO,22.403450813204856,50.08031600283475,20534.34374257188,1846.996512550198
2022-07-21,2022,7,LATO,22.466332883093216,50.08031600283475,20185.419430504728,1855.2882486854419
2022-07-21,2022,7,LATO,22.52921495298159,50.08031600283475,20830.525302317543,1865.3049518998127
2022-07-21,2022,7,LATO,22.59209702286995,50.08031600283475,22383.883199038224,1863.736648111369
2022-07-21,2022,7,LATO,22.654979092758325,50.08031600283475,24674.55335184584,1849.0650209004348
2022-07-22,2022,7,LATO,22.214804603539747,49.765905653392906,22852.37839536346,1837.0295570201934
2022-07-22,2022,7,LATO,22.27768667342812,49.765905653392906,19624.74472750713,1833.1097447962404
2022-07-22,2022,7,LATO,22.34056874331648,49.765905653392906,16998.921493318117,1833.1097753152887
2022-07-22,2022,7,LATO,22.151922533651387,49.82878772328128,23271.656269837393,1843.6911170234027
2022-07-22,2022,7,LATO,22.214804603539747,49.82878772328128,19072.664323169367,1833.1097290929167
2022-07-22,2022,7,LATO,22.27768667342812,49.82878772328128,15061.316026485298,1833.1097476118766
2022-07-22,2022,7,LATO,22.34056874331648,49.82878772328128,11436.793857621571,1833.1097412108695
2022-07-22,2022,7,LATO,22.151922533651387,49.89166979316964,21925.097340562013,1846.187998321256
2022-07-22,2022,7,LATO,22.34056874331648,49.954551863058015,10391.528827387052,1832.1897774190354
2022-07-22,2022,7,LATO,22.214804603539747,50.017433932946375,21803.568017263882,1842.4385906808325
2022-07-22,2022,7,LATO,22.27768667342812,50.017433932946375,18412.10631143794,1829.745275836509
2022-07-22,2022,7,LATO,22.34056874331648,50.017433932946375,15599.258476611207,1831.3574206363776
2022-07-22,2022,7,LATO,22.403450813204856,50.017433932946375,13725.494538791854,1832.18969905529
2022-07-22,2022,7,LATO,22.466332883093216,50.017433932946375,13197.064731342465,1832.2133041033228
2022-07-22,2022,7,LATO,22.52921495298159,50.017433932946375,14165.33544195222,1833.5378017662665
2022-07-22,2022,7,LATO,22.59209702286995,50.017433932946375,16366.79489221886,1833.538933431678
2022-07-22,2022,7,LATO,22.654979092758325,50.017433932946375,19385.77741856333,1836.368156984031
2022-07-22,2022,7,LATO,22.27768667342812,50.08031600283475,23918.172231338074,1834.9517796954362
2022-07-22,2022,7,LATO,22.34056874331648,50.08031600283475,21829.685598637745,1834.220807220875
2022-07-22,2022,7,LATO,22.403450813204856,50.08031600283475,20534.34374257188,1828.9987242710783
2022-07-22,2022,7,LATO,22.466332883093216,50.08031600283475,20185.419430504728,1831.4017503162363
2022-07-22,2022,7,LATO,22.52921495298159,50.08031600283475,20830.525302317543,1831.4017295091332
2022-07-22,2022,7,LATO,22.59209702286995,50.08031600283475,22383.883199038224,1831.4017368187233
2022-07-22,2022,7,LATO,22.654979092758325,50.08031600283475,24674.55335184584,1838.9585008445038
2022-07-22,2022,7,LATO,22.337066967817037,49.69952180800509,23798.642779824004,1840.936889648377
2022-07-22,2022,7,LATO,22.399949037705397,49.69952180800509,22556.228374056132,1840.9623824161308
2022-07-22,2022,7,LATO,22.46283110759377,49.69952180800509,22185.141393624843,1841.3089633171214
2022-07-22,2022,7,LATO,22.52571317748213,49.69952180800509,22728.10015635487,1844.6148889077333
2022-07-22,2022,7,LATO,22.588595247370506,49.69952180800509,24123.465996680585,1846.7942192512621
2022-07-22,2022,7,LATO,22.211302828040303,49.76240387789346,23297.43014966018,1843.8385823403357
2022-07-22,2022,7,LATO,22.274184897928663,49.76240387789346,20084.325581679834,1843.7857393536876
2022-07-22,2022,7,LATO,22.337066967817037,49.76240387789346,17462.138504798262,1843.6810965039365
2022-07-22,2022,7,LATO,22.399949037705397,49.76240387789346,15729.230063651448,1843.6296896699012
2022-07-22,2022,7,LATO,22.46283110759377,49.76240387789346,15192.997971835897,1843.5240311482057
2022-07-22,2022,7,LATO,22.52571317748213,49.76240387789346,15974.408424553021,1848.1178049744715
2022-07-22,2022,7,LATO,22.588595247370506,49.76240387789346,17901.74303758733,1848.9099121093502
2022-07-22,2022,7,LATO,22.651477317258866,49.76240387789346,20656.70222709244,1848.909912109322
2022-07-22,2022,7,LATO,22.714359387147226,49.76240387789346,23955.428263195714,1848.8191803338495
2022-07-22,2022,7,LATO,22.211302828040303,49.82528594778182,19463.96616925134,1839.5899179266255
2022-07-22,2022,7,LATO,22.274184897928663,49.82528594778182,15480.184497359925,1839.0645526350663
2022-07-22,2022,7,LATO,22.337066967817037,49.82528594778182,11887.366931208315,1838.0376440549635
2022-07-22,2022,7,LATO,22.399949037705397,49.82528594778182,9157.849606774353,1837.5122726400816
2022-07-22,2022,7,LATO,22.46283110759377,49.82528594778182,8204.033652045058,1836.4615197301362
2022-07-22,2022,7,LATO,22.52571317748213,49.82528594778182,9572.314647283383,1845.7744683882595
2022-07-22,2022,7,LATO,22.588595247370506,49.82528594778182,12523.39928650536,1845.787389145431
2022-07-22,2022,7,LATO,22.651477317258866,49.82528594778182,16214.96771392276,1845.378383832047
2022-07-22,2022,7,LATO,22.714359387147226,49.82528594778182,20245.93914025034,1845.2729712019561
2022-07-22,2022,7,LATO,22.7772414570356,49.82528594778182,24449.00869040225,1845.272949218746
2022-07-22,2022,7,LATO,22.211302828040303,49.888168017670196,17684.930267546475,1840.1744351568307
2022-07-22,2022,7,LATO,22.274184897928663,49.888168017670196,13180.569477918174,1840.440015363264
2022-07-22,2022,7,LATO,22.337066967817037,49.888168017670196,8690.698097369475,1841.5414608108795
2022-07-22,2022,7,LATO,22.399949037705397,49.888168017670196,4261.372221183644,1842.092225620361
2022-07-22,2022,7,LATO,22.46283110759377,49.888168017670196,1273.0433310313379,1843.1687742890986
2022-07-22,2022,7,LATO,22.52571317748213,49.888168017670196,5090.408316686635,1850.8654988808125
2022-07-22,2022,7,LATO,22.588595247370506,49.888168017670196,9541.182091163437,1850.4516444374474
2022-07-22,2022,7,LATO,22.651477317258866,49.888168017670196,14035.180140061455,1849.6414741744752
2022-07-22,2022,7,LATO,22.714359387147226,49.888168017670196,18540.996723111853,1849.227598856869
2022-07-22,2022,7,LATO,22.7772414570356,49.888168017670196,23051.700284254595,1848.4021858812112
2022-07-22,2022,7,LATO,22.211302828040303,49.951050087558556,18560.85477720908,1850.3582638018197
2022-07-22,2022,7,LATO,22.274184897928663,49.951050087558556,14340.735255699794,1850.6187740939488
2022-07-22,2022,7,LATO,22.337066967817037,49.951050087558556,10372.327171727175,1850.6187744140018
2022-07-22,2022,7,LATO,22.399949037705397,49.951050087558556,7091.606383134769,1850.6186954633451
2022-07-22,2022,7,LATO,22.46283110759377,49.951050087558556,5811.522776035262,1850.4888140009602
2022-07-22,2022,7,LATO,22.52571317748213,49.951050087558556,7617.9883071137265,1846.5739950589311
2022-07-22,2022,7,LATO,22.588595247370506,49.951050087558556,11093.733863096215,1846.618968398743
2022-07-22,2022,7,LATO,22.651477317258866,49.951050087558556,15128.95651222953,1846.7094130587184
2022-07-22,2022,7,LATO,22.714359387147226,49.951050087558556,19377.224385232876,1846.75520898293
2022-07-22,2022,7,LATO,22.7772414570356,49.951050087558556,23724.361235882607,1846.8449488514923
2022-07-22,2022,7,LATO,22.211302828040303,50.01393215744693,21773.7264251313,1852.2988105531342
2022-07-22,2022,7,LATO,22.274184897928663,50.01393215744693,18314.679458187293,1852.6062314775359
2022-07-22,2022,7,LATO,22.337066967817037,50.01393215744693,15410.51215008078,1853.2210894666684
2022-07-22,2022,7,LATO,22.399949037705397,50.01393215744693,13426.257215633463,1853.5155328901856
2022-07-22,2022,7,LATO,22.46283110759377,50.01393215744693,12797.219877605483,1854.12946303653
2022-07-22,2022,7,LATO,22.52571317748213,50.01393215744693,13711.204960252908,1842.0977476589565
2022-07-22,2022,7,LATO,22.588595247370506,50.01393215744693,15904.384216903703,1842.0185546874359
2022-07-22,2022,7,LATO,22.651477317258866,50.01393215744693,18937.41900727087,1842.0185546874395
2022-07-22,2022,7,LATO,22.714359387147226,50.01393215744693,22472.79028849216,1842.0468359702315
2022-07-22,2022,7,LATO,22.274184897928663,50.07681422733529,23728.53498633054,1852.7604787250589
2022-07-22,2022,7,LATO,22.337066967817037,50.07681422733529,21569.138647775435,1852.2345145138822
2022-07-22,2022,7,LATO,22.399949037705397,50.07681422733529,20201.063596434968,1851.9691144743665
2022-07-22,2022,7,LATO,22.46283110759377,50.07681422733529,19789.111941992756,1851.4331392784406
2022-07-22,2022,7,LATO,22.52571317748213,50.07681422733529,20391.3127076881,1844.3845353947675
2022-07-22,2022,7,LATO,22.588595247370506,50.07681422733529,21924.25800871821,1844.5557226474195
2022-07-22,2022,7,LATO,22.651477317258866,50.07681422733529,24211.80329746599,1844.898105361268
2022-07-25,2022,7,LATO,22.780743232535045,49.82878772328128,24559.063946725546,1852.0338836318572
2022-07-25,2022,7,LATO,22.214804603539747,49.89166979316964,17410.831859237383,1864.9805827763382
2022-07-25,2022,7,LATO,22.27768667342812,49.89166979316964,12899.277543149625,1864.9805639445633
2022-07-25,2022,7,LATO,22.717861162646685,49.89166979316964,18770.59735346509,1858.7518414373
2022-07-25,2022,7,LATO,22.780743232535045,49.89166979316964,23285.352737507972,1856.3233329228547
2022-07-25,2022,7,LATO,22.151922533651387,49.954551863058015,22752.749090905298,1853.7004380671272
2022-07-25,2022,7,LATO,22.214804603539747,49.954551863058015,18448.457384727142,1867.1358705753364
2022-07-25,2022,7,LATO,22.27768667342812,49.954551863058015,14275.070430447342,1865.0195416196125
2022-07-25,2022,7,LATO,22.717861162646685,49.954551863058015,19735.24481785987,1858.7518391864112
2022-07-25,2022,7,LATO,22.780743232535045,49.954551863058015,24064.60916645256,1858.7483803059527
2022-07-25,2022,7,LATO,22.214804603539747,50.017433932946375,21803.568017263882,1879.533179510703
2022-07-25,2022,7,LATO,22.27768667342812,50.017433932946375,18412.10631143794,1842.0581400778462
2022-07-25,2022,7,LATO,22.34056874331648,50.017433932946375,15599.258476611207,1830.819911964514
2023-02-08,2023,2,ZIMA,22.417457915202657,49.755400326894545,16215.66667820542,1909.793338907726
2023-02-08,2023,2,ZIMA,22.480339985091025,49.755400326894545,16055.025104151813,1909.7933316355438
2023-02-08,2023,2,ZIMA,22.543222054979392,49.755400326894545,17132.476668509815,1915.3634679978964
2023-02-08,2023,2,ZIMA,22.60610412486776,49.755400326894545,19241.147484226796,1916.2528283830625
2023-02-08,2023,2,ZIMA,22.668986194756126,49.755400326894545,22087.641825604678,1910.0074889350008
2023-02-08,2023,2,ZIMA,22.165929635649192,49.818282396782934,22762.27075808762,1921.5452772283193
2023-02-08,2023,2,ZIMA,22.22881170553756,49.818282396782934,18691.89945697382,1924.9758300780832
2023-02-08,2023,2,ZIMA,22.291693775425927,49.818282396782934,14884.29752506612,1917.8251065566546
2023-02-08,2023,2,ZIMA,22.354575845314294,49.818282396782934,11601.151230090853,1910.2871155906353
2023-02-08,2023,2,ZIMA,22.417457915202657,49.818282396782934,9408.524932013164,1917.2250165463265
2023-02-08,2023,2,ZIMA,22.480339985091025,49.818282396782934,9129.240569089454,1915.5249665419003
2023-02-08,2023,2,ZIMA,22.543222054979392,49.818282396782934,10911.220491147085,1906.4005569140477
2023-02-08,2023,2,ZIMA,22.60610412486776,49.818282396782934,13987.696201742643,1912.8268531323492
2023-02-08,2023,2,ZIMA,22.668986194756126,49.818282396782934,17695.925250540768,1908.5525792083017
2023-02-08,2023,2,ZIMA,22.73186826464449,49.818282396782934,21714.62640675995,1910.6853577901913
2023-02-08,2023,2,ZIMA,22.165929635649192,49.881164466671294,20999.33229321837,1917.304627078489
2023-02-08,2023,2,ZIMA,22.22881170553756,49.881164466671294,16506.267562304827,1919.1598956780906
2023-02-08,2023,2,ZIMA,22.291693775425927,49.881164466671294,12032.364262771302,1912.4831013911903
2023-02-08,2023,2,ZIMA,22.354575845314294,49.881164466671294,7611.491975228226,1912.3584732404768
2023-02-08,2023,2,ZIMA,22.417457915202657,49.881164466671294,3453.693223036827,1905.357515907972
2023-02-08,2023,2,ZIMA,22.480339985091025,49.881164466671294,2599.495245792041,1922.3868098232658
2023-02-08,2023,2,ZIMA,22.543222054979392,49.881164466671294,6513.288539257984,1924.8486327556423
2023-02-08,2023,2,ZIMA,22.60610412486776,49.881164466671294,10905.258517402252,1913.1412797081778
2023-02-08,2023,2,ZIMA,22.668986194756126,49.881164466671294,15370.833327011827,1912.2604735166287
2023-02-08,2023,2,ZIMA,22.73186826464449,49.881164466671294,19860.423092579564,1908.3851378088275
2023-02-08,2023,2,ZIMA,22.794750334532857,49.881164466671294,24360.75155742461,1907.706633423754
2023-02-08,2023,2,ZIMA,22.165929635649192,49.944046536559654,21486.28087913054,1917.8127519238685
2023-02-08,2023,2,ZIMA,22.22881170553756,49.944046536559654,17127.876258600787,1916.1061363435904
2023-02-08,2023,2,ZIMA,22.291693775425927,49.944046536559654,12878.31429302353,1914.6532060247805
2023-02-08,2023,2,ZIMA,22.354575845314294,49.944046536559654,8894.991312628392,1913.794780660674
2023-02-08,2023,2,ZIMA,22.417457915202657,49.944046536559654,5759.680046957223,1907.4831874058739
2023-02-08,2023,2,ZIMA,22.480339985091025,49.944046536559654,5292.450368233288,1917.1490478514995
2023-02-08,2023,2,ZIMA,22.543222054979392,49.944046536559654,7976.788686317586,1917.4655943560597
2023-02-08,2023,2,ZIMA,22.60610412486776,49.944046536559654,11833.48850859346,1910.2781536716388
2023-02-08,2023,2,ZIMA,22.668986194756126,49.944046536559654,16037.980704463247,1911.8843380188473
2023-02-08,2023,2,ZIMA,22.73186826464449,49.944046536559654,20376.093396314827,1912.0277099608709
2023-02-08,2023,2,ZIMA,22.794750334532857,49.944046536559654,24777.740103857333,1911.8527466346957
2023-02-08,2023,2,ZIMA,22.165929635649192,50.006928606448014,24087.11788566591,1923.283738620505
2023-02-08,2023,2,ZIMA,22.22881170553756,50.006928606448014,20300.550055771535,1915.417837940132
2023-02-08,2023,2,ZIMA,22.291693775425927,50.006928606448014,16874.99133361886,1912.056716405944
2023-02-08,2023,2,ZIMA,22.354575845314294,50.006928606448014,14076.517619419135,1916.5079026580067
2023-02-08,2023,2,ZIMA,22.417457915202657,50.006928606448014,12339.42325907192,1915.6146761199925
2023-02-08,2023,2,ZIMA,22.480339985091025,50.006928606448014,12128.65266097527,1914.043201349005
2023-02-08,2023,2,ZIMA,22.543222054979392,50.006928606448014,13515.800272744598,1910.1001944879729
2023-02-08,2023,2,ZIMA,22.60610412486776,50.006928606448014,16092.839025049043,1909.4393438669342
2023-02-08,2023,2,ZIMA,22.668986194756126,50.006928606448014,19391.031598309888,1914.6787061400444
2023-02-08,2023,2,ZIMA,22.73186826464449,50.006928606448014,23103.564470285364,1911.6628857537949
2023-02-08,2023,2,ZIMA,22.291693775425927,50.069810676336374,22394.741498546697,1919.2467683176712
2023-02-08,2023,2,ZIMA,22.354575845314294,50.069810676336374,20372.0547241168,1920.023681640562
2023-02-08,2023,2,ZIMA,22.417457915202657,50.069810676336374,19214.409734969002,1916.1290410873614
2023-02-08,2023,2,ZIMA,22.480339985091025,50.069810676336374,19079.914015941584,1914.167892399554
2023-02-08,2023,2,ZIMA,22.543222054979392,50.069810676336374,19989.23029615635,1910.111247876751
2023-02-08,2023,2,ZIMA,22.60610412486776,50.069810676336374,21812.20457988765,1910.9905560162483
2023-02-08,2023,2,ZIMA,22.668986194756126,50.069810676336374,24344.445570191427,1912.8234672363635
2023-02-15,2023,2,ZIMA,22.41395613970321,49.692518257006185,23166.81612948473,1879.870098191324
2023-02-15,2023,2,ZIMA,22.476838209591577,49.692518257006185,23004.950086141587,1879.7859148920124
2023-02-15,2023,2,ZIMA,22.539720279479937,49.692518257006185,23722.33053402328,1879.7612304688187
2023-02-15,2023,2,ZIMA,22.41395613970321,49.755400326894545,16261.611335671701,1880.402588866135
2023-02-15,2023,2,ZIMA,22.476838209591577,49.755400326894545,16030.471476220679,1880.440920359419
2023-02-15,2023,2,ZIMA,22.539720279479937,49.755400326894545,17042.710013347772,1880.536467311607
2023-02-15,2023,2,ZIMA,22.602602349368304,49.755400326894545,19101.674777579803,1880.6177774311516
2023-02-15,2023,2,ZIMA,22.66548441925667,49.755400326894545,21914.29117237456,1880.6190185546182
2023-02-15,2023,2,ZIMA,22.41395613970321,49.818282396782934,9487.389990687023,1879.9562164168472
2023-02-15,2023,2,ZIMA,22.476838209591577,49.818282396782934,9086.046306825554,1879.956224585364
2023-02-15,2023,2,ZIMA,22.539720279479937,49.818282396782934,10769.907347387072,1879.9562380845484
2023-02-15,2023,2,ZIMA,22.602602349368304,49.818282396782934,13795.462190407134,1879.9562515350165
2023-02-15,2023,2,ZIMA,22.66548441925667,49.818282396782934,17479.35546032421,1879.9562583452634
2023-02-15,2023,2,ZIMA,22.72836648914504,49.818282396782934,21485.578151212052,1879.9562608170281
2023-02-15,2023,2,ZIMA,22.41395613970321,49.881164466671294,3662.826773873633,1888.1313476562743
2023-02-15,2023,2,ZIMA,22.476838209591577,49.881164466671294,2443.685044444684,1888.1310782691235
2023-02-15,2023,2,ZIMA,22.539720279479937,49.881164466671294,6273.998858484071,1887.7242658522998
2023-02-15,2023,2,ZIMA,22.602602349368304,49.881164466671294,10657.89446856776,1887.1973766643268
2023-02-15,2023,2,ZIMA,22.66548441925667,49.881164466671294,15121.325647202782,1886.9401333457356
2023-02-15,2023,2,ZIMA,22.72836648914504,49.881164466671294,19610.05619446446,1886.941282970642
2023-02-15,2023,2,ZIMA,22.41395613970321,49.944046536559654,5887.298046828058,1883.7896954187165
2023-02-15,2023,2,ZIMA,22.476838209591577,49.944046536559654,5217.7845571906855,1883.527282099206
2023-02-15,2023,2,ZIMA,22.539720279479937,49.944046536559654,7782.88322853803,1883.417724609444
2023-02-15,2023,2,ZIMA,22.602602349368304,49.944046536559654,11606.223911688516,1883.4134201832687
2023-02-15,2023,2,ZIMA,22.66548441925667,49.944046536559654,15799.32540761907,1883.3614742923392
2023-02-15,2023,2,ZIMA,22.72836648914504,49.944046536559654,20132.459394701837,1883.2557349205447
2023-02-15,2023,2,ZIMA,22.41395613970321,50.006928606448014,12399.427065448039,1881.2752613968305
2023-02-15,2023,2,ZIMA,22.476838209591577,50.006928606448014,12096.300368318187,1881.1697227654515
2023-02-15,2023,2,ZIMA,22.539720279479937,50.006928606448014,13402.423659929149,1880.9561209670137
2023-02-15,2023,2,ZIMA,22.602602349368304,50.006928606448014,15926.688222586916,1880.747094903038
2023-02-15,2023,2,ZIMA,22.66548441925667,50.006928606448014,19194.370650338067,1880.640308156604
2023-02-15,2023,2,ZIMA,22.72836648914504,50.006928606448014,22889.261329786274,1873.6432785235368
2023-02-15,2023,2,ZIMA,22.41395613970321,50.069810676336374,19252.94859761089,1879.3416446217377
2023-02-15,2023,2,ZIMA,22.476838209591577,50.069810676336374,19059.391608038903,1879.1589927421232
2023-02-15,2023,2,ZIMA,22.539720279479937,50.069810676336374,19912.845501312324,1878.7941152836402
2023-02-15,2023,2,ZIMA,22.602602349368304,50.069810676336374,21690.07027748715,1878.4364463205245
2023-02-15,2023,2,ZIMA,22.66548441925667,50.069810676336374,24188.296744026244,1878.2538305838737
2023-03-01,2023,3,ZIMA,22.354575845314294,49.692518257006185,24112.090228048502,1855.414418988752
2023-03-01,2023,3,ZIMA,22.417457915202657,49.692518257006185,23134.547378102303,1857.0638660422244
2023-03-01,2023,3,ZIMA,22.480339985091025,49.692518257006185,23022.08858500473,1877.0302168540898
2023-03-01,2023,3,ZIMA,22.543222054979392,49.692518257006185,23786.98643868175,1877.2514648438184
2023-03-01,2023,3,ZIMA,22.22881170553756,49.755400326894545,22894.36986324161,1853.3764648437098
2023-03-01,2023,3,ZIMA,22.291693775425927,49.755400326894545,19903.314178415047,1856.2902114659535
2023-03-01,2023,3,ZIMA,22.354575845314294,49.755400326894545,17580.495625769614,1856.8219623007883
2023-03-01,2023,3,ZIMA,22.417457915202657,49.755400326894545,16215.66667820542,1847.4782881055578
2023-03-01,2023,3,ZIMA,22.480339985091025,49.755400326894545,16055.025104151813,1882.4054098624943
2023-03-01,2023,3,ZIMA,22.543222054979392,49.755400326894545,17132.476668509815,1881.7112604645172
2023-03-01,2023,3,ZIMA,22.60610412486776,49.755400326894545,19241.147484226796,1877.7385327609425
2023-03-01,2023,3,ZIMA,22.668986194756126,49.755400326894545,22087.641825604678,1875.1256429998584
2023-03-01,2023,3,ZIMA,22.165929635649192,49.818282396782934,22762.27075808762,1861.6799426735763
2023-03-01,2023,3,ZIMA,22.22881170553756,49.818282396782934,18691.89945697382,1865.6221675628321
2023-03-01,2023,3,ZIMA,22.291693775425927,49.818282396782934,14884.29752506612,1868.1070029673758
2023-03-01,2023,3,ZIMA,22.354575845314294,49.818282396782934,11601.151230090853,1876.191606170143
2023-03-01,2023,3,ZIMA,22.417457915202657,49.818282396782934,9408.524932013164,1880.0105259515667
2023-03-01,2023,3,ZIMA,22.480339985091025,49.818282396782934,9129.240569089454,1891.4362218471158
2023-03-01,2023,3,ZIMA,22.543222054979392,49.818282396782934,10911.220491147085,1879.7879813866664
2023-03-01,2023,3,ZIMA,22.60610412486776,49.818282396782934,13987.696201742643,1878.1377384100606
2023-03-01,2023,3,ZIMA,22.668986194756126,49.818282396782934,17695.925250540768,1879.472190543787
2023-03-01,2023,3,ZIMA,22.73186826464449,49.818282396782934,21714.62640675995,1875.6308742786255
2023-03-01,2023,3,ZIMA,22.165929635649192,49.881164466671294,20999.33229321837,1863.2855929658624
2023-03-01,2023,3,ZIMA,22.22881170553756,49.881164466671294,16506.267562304827,1865.3139666937416
2023-03-01,2023,3,ZIMA,22.291693775425927,49.881164466671294,12032.364262771302,1869.0422408458937
2023-03-01,2023,3,ZIMA,22.354575845314294,49.881164466671294,7611.491975228226,1867.9755134161903
2023-03-01,2023,3,ZIMA,22.417457915202657,49.881164466671294,3453.693223036827,1887.4421704738277
2023-03-01,2023,3,ZIMA,22.480339985091025,49.881164466671294,2599.495245792041,1879.677012756059
2023-03-01,2023,3,ZIMA,22.543222054979392,49.881164466671294,6513.288539257984,1875.928542614511
2023-03-01,2023,3,ZIMA,22.60610412486776,49.881164466671294,10905.258517402252,1884.4927736885088
2023-03-01,2023,3,ZIMA,22.668986194756126,49.881164466671294,15370.833327011827,1884.8653834092406
2023-03-01,2023,3,ZIMA,22.73186826464449,49.881164466671294,19860.423092579564,1869.174292382476
2023-03-01,2023,3,ZIMA,22.794750334532857,49.881164466671294,24360.75155742461,1869.2855953948465
2023-03-01,2023,3,ZIMA,22.165929635649192,49.944046536559654,21486.28087913054,1863.8747005065652
2023-03-01,2023,3,ZIMA,22.22881170553756,49.944046536559654,17127.876258600787,1864.0043127119525
2023-03-01,2023,3,ZIMA,22.291693775425927,49.944046536559654,12878.31429302353,1871.5416606003012
2023-03-01,2023,3,ZIMA,22.354575845314294,49.944046536559654,8894.991312628392,1871.073912323726
2023-03-01,2023,3,ZIMA,22.417457915202657,49.944046536559654,5759.680046957223,1888.7000732421218
2023-03-01,2023,3,ZIMA,22.480339985091025,49.944046536559654,5292.450368233288,1879.1023995422056
2023-03-01,2023,3,ZIMA,22.543222054979392,49.944046536559654,7976.788686317586,1878.414827830468
2023-03-01,2023,3,ZIMA,22.60610412486776,49.944046536559654,11833.48850859346,1884.0487364821624
2023-03-01,2023,3,ZIMA,22.668986194756126,49.944046536559654,16037.980704463247,1884.185552412198
2023-03-01,2023,3,ZIMA,22.73186826464449,49.944046536559654,20376.093396314827,1870.8834783845425
2023-03-01,2023,3,ZIMA,22.794750334532857,49.944046536559654,24777.740103857333,1869.0912248142452
2023-03-01,2023,3,ZIMA,22.165929635649192,50.006928606448014,24087.11788566591,1871.6845701355091
2023-03-01,2023,3,ZIMA,22.22881170553756,50.006928606448014,20300.550055771535,1874.0058294314122
2023-03-01,2023,3,ZIMA,22.291693775425927,50.006928606448014,16874.99133361886,1881.3133544922564
2023-03-01,2023,3,ZIMA,22.354575845314294,50.006928606448014,14076.517619419135,1885.737978816239
2023-03-01,2023,3,ZIMA,22.417457915202657,50.006928606448014,12339.42325907192,1888.9795026972188
2023-03-01,2023,3,ZIMA,22.480339985091025,50.006928606448014,12128.65266097527,1881.2788409390935
2023-03-01,2023,3,ZIMA,22.543222054979392,50.006928606448014,13515.800272744598,1879.2909612221633
2023-03-01,2023,3,ZIMA,22.60610412486776,50.006928606448014,16092.839025049043,1878.1278948830015
2023-03-01,2023,3,ZIMA,22.668986194756126,50.006928606448014,19391.031598309888,1869.1943107161903
2023-03-01,2023,3,ZIMA,22.73186826464449,50.006928606448014,23103.564470285364,1866.5512870485493
2023-03-01,2023,3,ZIMA,22.291693775425927,50.069810676336374,22394.741498546697,1876.4086231620222
2023-03-01,2023,3,ZIMA,22.354575845314294,50.069810676336374,20372.0547241168,1886.2444524414316
2023-03-01,2023,3,ZIMA,22.417457915202657,50.069810676336374,19214.409734969002,1884.7558556214367
2023-03-01,2023,3,ZIMA,22.480339985091025,50.069810676336374,19079.914015941584,1884.6696384775562
2023-03-01,2023,3,ZIMA,22.543222054979392,50.069810676336374,19989.23029615635,1880.510901604504
2023-03-01,2023,3,ZIMA,22.60610412486776,50.069810676336374,21812.20457988765,1874.8471541764352
2023-03-01,2023,3,ZIMA,22.668986194756126,50.069810676336374,24344.445570191427,1866.8581543562127
2023-03-02,2023,3,ZIMA,22.354575845314294,49.692518257006185,24112.090228048502,1852.0035249423154
2023-03-02,2023,3,ZIMA,22.417457915202657,49.692518257006185,23134.547378102303,1862.2147210895025
2023-03-02,2023,3,ZIMA,22.480339985091025,49.692518257006185,23022.08858500473,1860.065012999983
2023-03-02,2023,3,ZIMA,22.543222054979392,49.692518257006185,23786.98643868175,1855.184070013866
2023-03-02,2023,3,ZIMA,22.22881170553756,49.755400326894545,22894.36986324161,1851.5702705475765
2023-03-02,2023,3,ZIMA,22.291693775425927,49.755400326894545,19903.314178415047,1851.5068255341628
2023-03-02,2023,3,ZIMA,22.354575845314294,49.755400326894545,17580.495625769614,1851.9955047958217
2023-03-02,2023,3,ZIMA,22.417457915202657,49.755400326894545,16215.66667820542,1861.6834911493654
2023-03-02,2023,3,ZIMA,22.480339985091025,49.755400326894545,16055.025104151813,1857.8270018603698
2023-03-02,2023,3,ZIMA,22.543222054979392,49.755400326894545,17132.476668509815,1853.3218693180054
2023-03-02,2023,3,ZIMA,22.60610412486776,49.755400326894545,19241.147484226796,1858.4624057311719
2023-03-02,2023,3,ZIMA,22.668986194756126,49.755400326894545,22087.641825604678,1869.6486127633934
2023-03-02,2023,3,ZIMA,22.165929635649192,49.818282396782934,22762.27075808762,1855.8540726766946
2023-03-02,2023,3,ZIMA,22.22881170553756,49.818282396782934,18691.89945697382,1858.2133682891986
2023-03-02,2023,3,ZIMA,22.291693775425927,49.818282396782934,14884.29752506612,1862.7372704989875
2023-03-02,2023,3,ZIMA,22.354575845314294,49.818282396782934,11601.151230090853,1872.1634071956103
2023-03-02,2023,3,ZIMA,22.417457915202657,49.818282396782934,9408.524932013164,1868.9124243821905
2023-03-02,2023,3,ZIMA,22.480339985091025,49.818282396782934,9129.240569089454,1861.086288273061
2023-03-02,2023,3,ZIMA,22.543222054979392,49.818282396782934,10911.220491147085,1860.5473352766737
2023-03-02,2023,3,ZIMA,22.60610412486776,49.818282396782934,13987.696201742643,1882.9658804351825
2023-03-02,2023,3,ZIMA,22.668986194756126,49.818282396782934,17695.925250540768,1883.555326187066
2023-03-02,2023,3,ZIMA,22.73186826464449,49.818282396782934,21714.62640675995,1861.013984461293
2023-03-02,2023,3,ZIMA,22.165929635649192,49.881164466671294,20999.33229321837,1851.942148197504
2023-03-02,2023,3,ZIMA,22.22881170553756,49.881164466671294,16506.267562304827,1852.0240265197203
2023-03-02,2023,3,ZIMA,22.291693775425927,49.881164466671294,12032.364262771302,1874.240273416115
2023-03-02,2023,3,ZIMA,22.354575845314294,49.881164466671294,7611.491975228226,1872.2222994668641
2023-03-02,2023,3,ZIMA,22.417457915202657,49.881164466671294,3453.693223036827,1861.9847155887473
2023-03-02,2023,3,ZIMA,22.480339985091025,49.881164466671294,2599.495245792041,1864.7872521822464
2023-03-02,2023,3,ZIMA,22.543222054979392,49.881164466671294,6513.288539257984,1870.9759205003422
2023-03-02,2023,3,ZIMA,22.60610412486776,49.881164466671294,10905.258517402252,1875.5522479606423
2023-03-02,2023,3,ZIMA,22.668986194756126,49.881164466671294,15370.833327011827,1873.753401588284
2023-03-02,2023,3,ZIMA,22.73186826464449,49.881164466671294,19860.423092579564,1867.7464966157438
2023-03-02,2023,3,ZIMA,22.794750334532857,49.881164466671294,24360.75155742461,1867.3725618108276
2023-03-02,2023,3,ZIMA,22.165929635649192,49.944046536559654,21486.28087913054,1852.3723231828424
2023-03-02,2023,3,ZIMA,22.22881170553756,49.944046536559654,17127.876258600787,1853.2351851482517
2023-03-02,2023,3,ZIMA,22.291693775425927,49.944046536559654,12878.31429302353,1878.0464255690845
2023-03-02,2023,3,ZIMA,22.354575845314294,49.944046536559654,8894.991312628392,1878.1203363693025
2023-03-02,2023,3,ZIMA,22.417457915202657,49.944046536559654,5759.680046957223,1860.0445072516086
2023-03-02,2023,3,ZIMA,22.480339985091025,49.944046536559654,5292.450368233288,1862.307237907133
2023-03-02,2023,3,ZIMA,22.543222054979392,49.944046536559654,7976.788686317586,1872.567348625018
2023-03-02,2023,3,ZIMA,22.60610412486776,49.944046536559654,11833.48850859346,1873.5485730113394
2023-03-02,2023,3,ZIMA,22.668986194756126,49.944046536559654,16037.980704463247,1862.8031870827938
2023-03-02,2023,3,ZIMA,22.73186826464449,49.944046536559654,20376.093396314827,1861.0007032109684
2023-03-02,2023,3,ZIMA,22.794750334532857,49.944046536559654,24777.740103857333,1861.261766176779
2023-03-02,2023,3,ZIMA,22.165929635649192,50.006928606448014,24087.11788566591,1859.3826964341467
2023-03-02,2023,3,ZIMA,22.22881170553756,50.006928606448014,20300.550055771535,1871.3586917146863
2023-03-02,2023,3,ZIMA,22.291693775425927,50.006928606448014,16874.99133361886,1873.4925221367228
2023-03-02,2023,3,ZIMA,22.354575845314294,50.006928606448014,14076.517619419135,1866.8120660778404
2023-03-02,2023,3,ZIMA,22.417457915202657,50.006928606448014,12339.42325907192,1862.083149457348
2023-03-02,2023,3,ZIMA,22.480339985091025,50.006928606448014,12128.65266097527,1872.565761233114
2023-03-02,2023,3,ZIMA,22.543222054979392,50.006928606448014,13515.800272744598,1873.617433256704
2023-03-02,2023,3,ZIMA,22.60610412486776,50.006928606448014,16092.839025049043,1862.949829105438
2023-03-02,2023,3,ZIMA,22.668986194756126,50.006928606448014,19391.031598309888,1861.7624044919016
2023-03-02,2023,3,ZIMA,22.73186826464449,50.006928606448014,23103.564470285364,1860.1308663561326
2023-03-02,2023,3,ZIMA,22.291693775425927,50.069810676336374,22394.741498546697,1869.4186112420505
2023-03-02,2023,3,ZIMA,22.354575845314294,50.069810676336374,20372.0547241168,1863.8251349865404
2023-03-02,2023,3,ZIMA,22.417457915202657,50.069810676336374,19214.409734969002,1863.4913594869124
2023-03-02,2023,3,ZIMA,22.480339985091025,50.069810676336374,19079.914015941584,1870.688869247117
2023-03-02,2023,3,ZIMA,22.543222054979392,50.069810676336374,19989.23029615635,1870.840454101631
2023-03-02,2023,3,ZIMA,22.60610412486776,50.069810676336374,21812.20457988765,1857.7897710676566
2023-03-02,2023,3,ZIMA,22.668986194756126,50.069810676336374,24344.445570191427,1859.769707356554
2023-03-10,2023,3,ZIMA,22.16242786014974,49.888168017670196,21190.035965077823,1841.5129300786969
2023-03-10,2023,3,ZIMA,22.16242786014974,49.951050087558556,21922.34246452262,1841.9795371581465
2023-03-17,2023,3,ZIMA,22.354575845314294,49.69602003250564,23741.434569694928,1876.8127385009682
2023-03-17,2023,3,ZIMA,22.417457915202657,49.69602003250564,22748.042182096517,1871.4011230468097
2023-03-17,2023,3,ZIMA,22.480339985091025,49.69602003250564,22633.671306974964,1885.9499760912588
2023-03-17,2023,3,ZIMA,22.543222054979392,49.69602003250564,23411.20807382834,1885.3369302419335
2023-03-17,2023,3,ZIMA,22.22881170553756,49.758902102394,22624.046814957903,1881.665439796915
2023-03-17,2023,3,ZIMA,22.291693775425927,49.758902102394,19591.99962129339,1881.6871785936178
2023-03-17,2023,3,ZIMA,22.354575845314294,49.758902102394,17227.438140962277,1879.5107810427712
2023-03-17,2023,3,ZIMA,22.417457915202657,49.758902102394,15832.307636339392,1871.901855653747
2023-03-17,2023,3,ZIMA,22.480339985091025,49.758902102394,15667.747886586207,1885.3018768577056
2023-03-17,2023,3,ZIMA,22.543222054979392,49.758902102394,16770.023094391185,1887.5253685333505
2023-03-17,2023,3,ZIMA,22.165929635649192,49.82178417228238,22610.888262467266,1885.2547856092328
2023-03-17,2023,3,ZIMA,22.22881170553756,49.82178417228238,18507.581667229533,1881.419133974452
2023-03-17,2023,3,ZIMA,22.291693775425927,49.82178417228238,14652.474429487585,1880.1155921321376
2023-03-17,2023,3,ZIMA,22.354575845314294,49.82178417228238,11302.46295250511,1882.9079291630305
2023-03-17,2023,3,ZIMA,22.417457915202657,49.82178417228238,9037.843640830239,1883.3873949397487
2023-03-17,2023,3,ZIMA,22.480339985091025,49.82178417228238,8746.752713537466,1889.1740828428326
2023-03-17,2023,3,ZIMA,22.543222054979392,49.82178417228238,10593.14919137746,1895.8192075168558
2023-03-17,2023,3,ZIMA,22.60610412486776,49.82178417228238,13740.822571317345,1901.9850362492293
2023-03-17,2023,3,ZIMA,22.165929635649192,49.88466624217074,20965.48454243477,1875.4094051389054
2023-03-17,2023,3,ZIMA,22.22881170553756,49.88466624217074,16463.55502224266,1874.065326444004
2023-03-17,2023,3,ZIMA,22.291693775425927,49.88466624217074,11974.088716404958,1882.0366298731071
2023-03-17,2023,3,ZIMA,22.354575845314294,49.88466624217074,7519.4482632486,1881.284006695132
2023-03-17,2023,3,ZIMA,22.417457915202657,49.88466624217074,3246.3229762535266,1874.0802021985721
2023-03-17,2023,3,ZIMA,22.480339985091025,49.88466624217074,2316.972690361665,1874.0802500822283
2023-03-17,2023,3,ZIMA,22.165929635649192,49.94754831205911,21579.812467858832,1873.444622851115
2023-03-17,2023,3,ZIMA,22.22881170553756,49.94754831205911,17245.416340154075,1873.7750974039739
2023-03-17,2023,3,ZIMA,22.291693775425927,49.94754831205911,13034.58722823578,1886.4367675781941
2023-03-17,2023,3,ZIMA,22.354575845314294,49.94754831205911,9120.123338587056,1884.9096231782808
2023-03-17,2023,3,ZIMA,22.417457915202657,49.94754831205911,6101.88788802132,1872.786747194087
2023-03-17,2023,3,ZIMA,22.165929635649192,50.01043038194747,24283.038247886205,1872.6865234374711
2023-03-17,2023,3,ZIMA,22.22881170553756,50.01043038194747,20532.930787115496,1884.3213824215015
2023-03-17,2023,3,ZIMA,22.291693775425927,50.01043038194747,17154.110502445375,1888.728513607503
2023-03-17,2023,3,ZIMA,22.354575845314294,50.01043038194747,14410.163939478029,1885.7505062435714
2023-03-17,2023,3,ZIMA,22.543222054979392,50.01043038194747,13862.98882068102,1889.304815692701
2023-03-17,2023,3,ZIMA,22.60610412486776,50.01043038194747,16385.34462160376,1890.1407377531866
2023-03-17,2023,3,ZIMA,22.668986194756126,50.01043038194747,19634.246743118325,1894.3037693441822
2023-03-17,2023,3,ZIMA,22.73186826464449,50.01043038194747,23307.826208769628,1894.3411909650322
2023-03-17,2023,3,ZIMA,22.291693775425927,50.07331245183585,22726.009158975274,1890.267692727231
2023-03-17,2023,3,ZIMA,22.354575845314294,50.07331245183585,20735.813456964195,1886.2323534496577
2023-03-17,2023,3,ZIMA,22.60610412486776,50.07331245183585,22152.2276541762,1895.979473863181
2023-03-17,2023,3,ZIMA,22.668986194756126,50.07331245183585,24649.390198663055,1895.941974168271
2023-03-18,2023,3,ZIMA,22.354575845314294,49.69602003250564,23741.434569694928,1862.3317742102715
2023-03-18,2023,3,ZIMA,22.417457915202657,49.69602003250564,22748.042182096517,1867.0103882698238
2023-03-18,2023,3,ZIMA,22.480339985091025,49.69602003250564,22633.671306974964,1869.9638123983186
2023-03-18,2023,3,ZIMA,22.543222054979392,49.69602003250564,23411.20807382834,1869.4349722542297
2023-03-18,2023,3,ZIMA,22.22881170553756,49.758902102394,22624.046814957903,1858.2696034874177
2023-03-18,2023,3,ZIMA,22.291693775425927,49.758902102394,19591.99962129339,1858.410466751448
2023-03-18,2023,3,ZIMA,22.354575845314294,49.758902102394,17227.438140962277,1857.0870921710807
2023-03-18,2023,3,ZIMA,22.417457915202657,49.758902102394,15832.307636339392,1861.6474738763757
2023-03-18,2023,3,ZIMA,22.480339985091025,49.758902102394,15667.747886586207,1871.4750998991774
2023-03-18,2023,3,ZIMA,22.543222054979392,49.758902102394,16770.023094391185,1870.7923583984982
2023-03-18,2023,3,ZIMA,22.60610412486776,49.758902102394,18918.989276004908,1864.3147179797013
2023-03-18,2023,3,ZIMA,22.668986194756126,49.758902102394,21807.38076196634,1859.5267360446662
2023-03-18,2023,3,ZIMA,22.165929635649192,49.82178417228238,22610.888262467266,1853.9576668856341
2023-03-18,2023,3,ZIMA,22.22881170553756,49.82178417228238,18507.581667229533,1853.967318392942
2023-03-18,2023,3,ZIMA,22.291693775425927,49.82178417228238,14652.474429487585,1861.2673349852398
2023-03-18,2023,3,ZIMA,22.354575845314294,49.82178417228238,11302.46295250511,1861.2673368227784
2023-03-18,2023,3,ZIMA,22.417457915202657,49.82178417228238,9037.843640830239,1877.0894789610045
2023-03-18,2023,3,ZIMA,22.480339985091025,49.82178417228238,8746.752713537466,1876.8520113186155
2023-03-18,2023,3,ZIMA,22.543222054979392,49.82178417228238,10593.14919137746,1867.110868623587
2023-03-18,2023,3,ZIMA,22.60610412486776,49.82178417228238,13740.822571317345,1862.7031250000603
2023-03-18,2023,3,ZIMA,22.668986194756126,49.82178417228238,17501.19592369996,1867.7264120721238
2023-03-18,2023,3,ZIMA,22.73186826464449,49.82178417228238,21555.965780585146,1870.3595324007447
2023-03-18,2023,3,ZIMA,22.165929635649192,49.88466624217074,20965.48454243477,1859.8216887077783
2023-03-18,2023,3,ZIMA,22.22881170553756,49.88466624217074,16463.55502224266,1862.370644587983
2023-03-18,2023,3,ZIMA,22.291693775425927,49.88466624217074,11974.088716404958,1864.102164852044
2023-03-18,2023,3,ZIMA,22.354575845314294,49.88466624217074,7519.4482632486,1861.6557659959565
2023-03-18,2023,3,ZIMA,22.417457915202657,49.88466624217074,3246.3229762535266,1865.6307886367883
2023-03-18,2023,3,ZIMA,22.480339985091025,49.88466624217074,2316.972690361665,1876.9954718382305
2023-03-18,2023,3,ZIMA,22.543222054979392,49.88466624217074,6405.571118368106,1877.4474109562982
2023-03-18,2023,3,ZIMA,22.60610412486776,49.88466624217074,10841.01213922893,1879.3397504207946
2023-03-18,2023,3,ZIMA,22.668986194756126,49.88466624217074,15325.041939678733,1884.126456852444
2023-03-18,2023,3,ZIMA,22.73186826464449,49.88466624217074,19824.715810900747,1877.0850370621924
2023-03-18,2023,3,ZIMA,22.794750334532857,49.88466624217074,24331.353687567986,1861.8882807854561
2023-03-18,2023,3,ZIMA,22.165929635649192,49.94754831205911,21579.812467858832,1861.678150308176
2023-03-18,2023,3,ZIMA,22.22881170553756,49.94754831205911,17245.416340154075,1865.2795253431525
2023-03-18,2023,3,ZIMA,22.291693775425927,49.94754831205911,13034.58722823578,1864.5105783366594
2023-03-18,2023,3,ZIMA,22.354575845314294,49.94754831205911,9120.123338587056,1869.492322564278
2023-03-18,2023,3,ZIMA,22.417457915202657,49.94754831205911,6101.88788802132,1863.5005421112498
2023-03-18,2023,3,ZIMA,22.480339985091025,49.94754831205911,5662.996384288863,1875.023357875519
2023-03-18,2023,3,ZIMA,22.543222054979392,49.94754831205911,8227.15399717367,1875.814016829913
2023-03-18,2023,3,ZIMA,22.60610412486776,49.94754831205911,12003.449849944192,1885.5190583873325
2023-03-18,2023,3,ZIMA,22.668986194756126,49.94754831205911,16163.529480174113,1885.7357678573223
2023-03-18,2023,3,ZIMA,22.73186826464449,49.94754831205911,20474.77938760979,1867.2833159103661
2023-03-18,2023,3,ZIMA,22.165929635649192,50.01043038194747,24283.038247886205,1868.8509521484089
2023-03-18,2023,3,ZIMA,22.22881170553756,50.01043038194747,20532.930787115496,1868.7612049166944
2023-03-18,2023,3,ZIMA,22.291693775425927,50.01043038194747,17154.110502445375,1892.6437960667606
2023-03-18,2023,3,ZIMA,22.354575845314294,50.01043038194747,14410.163939478029,1892.0330283407359
2023-03-18,2023,3,ZIMA,22.417457915202657,50.01043038194747,12718.8513596271,1886.0333865460207
2023-03-18,2023,3,ZIMA,22.480339985091025,50.01043038194747,12514.487746784618,1881.4354062037455
2023-03-18,2023,3,ZIMA,22.543222054979392,50.01043038194747,13862.98882068102,1884.2224308905415
2023-03-18,2023,3,ZIMA,22.60610412486776,50.01043038194747,16385.34462160376,1889.5647468342547
2023-03-18,2023,3,ZIMA,22.668986194756126,50.01043038194747,19634.246743118325,1885.7820132369627
2023-03-18,2023,3,ZIMA,22.73186826464449,50.01043038194747,23307.826208769628,1866.4909667968102
2023-03-18,2023,3,ZIMA,22.291693775425927,50.07331245183585,22726.009158975274,1896.5110268343988
2023-03-18,2023,3,ZIMA,22.354575845314294,50.07331245183585,20735.813456964195,1896.378476042383
2023-03-18,2023,3,ZIMA,22.417457915202657,50.07331245183585,19599.750597808397,1884.5996659518112
2023-03-18,2023,3,ZIMA,22.480339985091025,50.07331245183585,19467.92684536346,1887.1101686445666
2023-03-18,2023,3,ZIMA,22.543222054979392,50.07331245183585,20359.857535977364,1889.0388023876292
2023-03-18,2023,3,ZIMA,22.60610412486776,50.07331245183585,22152.2276541762,1891.5385971370004
2023-03-18,2023,3,ZIMA,22.668986194756126,50.07331245183585,24649.390198663055,1882.3535565486238
2023-03-19,2023,3,ZIMA,22.354575845314294,49.69602003250564,23741.434569694928,1846.7752205694828
2023-03-19,2023,3,ZIMA,22.417457915202657,49.69602003250564,22748.042182096517,1846.7752649639033
2023-03-19,2023,3,ZIMA,22.480339985091025,49.69602003250564,22633.671306974964,1843.6317869933778
2023-03-19,2023,3,ZIMA,22.543222054979392,49.69602003250564,23411.20807382834,1836.4344391344773
2023-03-19,2023,3,ZIMA,22.291693775425927,49.758902102394,19591.99962129339,1843.3729201213457
2023-03-19,2023,3,ZIMA,22.354575845314294,49.758902102394,17227.438140962277,1843.3729294208326
2023-03-19,2023,3,ZIMA,22.480339985091025,49.758902102394,15667.747886586207,1834.6682425580805
2023-03-19,2023,3,ZIMA,22.543222054979392,49.758902102394,16770.023094391185,1835.8463790988853
2023-03-19,2023,3,ZIMA,22.60610412486776,49.758902102394,18918.989276004908,1836.3249822315538
2023-03-19,2023,3,ZIMA,22.668986194756126,49.758902102394,21807.38076196634,1836.4962417652664
2023-03-19,2023,3,ZIMA,22.165929635649192,49.82178417228238,22610.888262467266,1848.2589517119018
2023-03-19,2023,3,ZIMA,22.22881170553756,49.82178417228238,18507.581667229533,1848.3486661436737
2023-03-19,2023,3,ZIMA,22.291693775425927,49.82178417228238,14652.474429487585,1848.7431279825544
2023-03-19,2023,3,ZIMA,22.354575845314294,49.82178417228238,11302.46295250511,1848.6520008851282
2023-03-19,2023,3,ZIMA,22.417457915202657,49.82178417228238,9037.843640830239,1844.6201267360766
2023-03-19,2023,3,ZIMA,22.480339985091025,49.82178417228238,8746.752713537466,1843.1502042786874
2023-03-19,2023,3,ZIMA,22.543222054979392,49.82178417228238,10593.14919137746,1837.6448691960231
2023-03-19,2023,3,ZIMA,22.60610412486776,49.82178417228238,13740.822571317345,1831.334711439908
2023-03-19,2023,3,ZIMA,22.668986194756126,49.82178417228238,17501.19592369996,1841.8931560186077
2023-03-19,2023,3,ZIMA,22.73186826464449,49.82178417228238,21555.965780585146,1838.1448935418582
2023-03-19,2023,3,ZIMA,22.165929635649192,49.88466624217074,20965.48454243477,1854.461673203759
2023-03-19,2023,3,ZIMA,22.22881170553756,49.88466624217074,16463.55502224266,1854.461618331084
2023-03-19,2023,3,ZIMA,22.291693775425927,49.88466624217074,11974.088716404958,1848.259049405041
2023-03-19,2023,3,ZIMA,22.354575845314294,49.88466624217074,7519.4482632486,1848.2653003438877
2023-03-19,2023,3,ZIMA,22.417457915202657,49.88466624217074,3246.3229762535266,1848.699735950648
2023-03-19,2023,3,ZIMA,22.480339985091025,49.88466624217074,2316.972690361665,1845.0709002185706
2023-03-19,2023,3,ZIMA,22.543222054979392,49.88466624217074,6405.571118368106,1844.8427170472721
2023-03-19,2023,3,ZIMA,22.60610412486776,49.88466624217074,10841.01213922893,1845.6233611398648
2023-03-19,2023,3,ZIMA,22.668986194756126,49.88466624217074,15325.041939678733,1844.4385689506123
2023-03-19,2023,3,ZIMA,22.73186826464449,49.88466624217074,19824.715810900747,1844.139177099326
2023-03-19,2023,3,ZIMA,22.794750334532857,49.88466624217074,24331.353687567986,1845.3584884684212
2023-03-19,2023,3,ZIMA,22.165929635649192,49.94754831205911,21579.812467858832,1854.4616699218464
2023-03-19,2023,3,ZIMA,22.22881170553756,49.94754831205911,17245.416340154075,1854.4616683098989
2023-03-19,2023,3,ZIMA,22.291693775425927,49.94754831205911,13034.58722823578,1854.4616596040985
2023-03-19,2023,3,ZIMA,22.354575845314294,49.94754831205911,9120.123338587056,1856.2735280007719
2023-03-19,2023,3,ZIMA,22.417457915202657,49.94754831205911,6101.88788802132,1851.8407935425314
2023-03-19,2023,3,ZIMA,22.480339985091025,49.94754831205911,5662.996384288863,1849.4573632779639
2023-03-19,2023,3,ZIMA,22.543222054979392,49.94754831205911,8227.15399717367,1847.805211338947
2023-03-19,2023,3,ZIMA,22.60610412486776,49.94754831205911,12003.449849944192,1848.956420898505
2023-03-19,2023,3,ZIMA,22.668986194756126,49.94754831205911,16163.529480174113,1848.3424389283928
2023-03-19,2023,3,ZIMA,22.73186826464449,49.94754831205911,20474.77938760979,1845.385794052479
2023-03-19,2023,3,ZIMA,22.291693775425927,50.01043038194747,17154.110502445375,1855.975356145879
2023-03-19,2023,3,ZIMA,22.354575845314294,50.01043038194747,14410.163939478029,1860.505568201297
2023-03-19,2023,3,ZIMA,22.417457915202657,50.01043038194747,12718.8513596271,1861.1374719864593
2023-03-19,2023,3,ZIMA,22.480339985091025,50.01043038194747,12514.487746784618,1852.889606762472
2023-03-19,2023,3,ZIMA,22.543222054979392,50.01043038194747,13862.98882068102,1848.7777936284417
2023-03-19,2023,3,ZIMA,22.60610412486776,50.01043038194747,16385.34462160376,1849.4250044705984
2023-03-19,2023,3,ZIMA,22.668986194756126,50.01043038194747,19634.246743118325,1849.7236839164773
2023-03-19,2023,3,ZIMA,22.73186826464449,50.01043038194747,23307.826208769628,1850.4538945640118
2023-03-19,2023,3,ZIMA,22.291693775425927,50.07331245183585,22726.009158975274,1852.1593649549154
2023-03-19,2023,3,ZIMA,22.354575845314294,50.07331245183585,20735.813456964195,1852.944061713502
2023-03-19,2023,3,ZIMA,22.417457915202657,50.07331245183585,19599.750597808397,1858.6895085300048
2023-03-19,2023,3,ZIMA,22.480339985091025,50.07331245183585,19467.92684536346,1847.13277568644
2023-03-19,2023,3,ZIMA,22.543222054979392,50.07331245183585,20359.857535977364,1847.4645577453084
2023-03-19,2023,3,ZIMA,22.60610412486776,50.07331245183585,22152.2276541762,1848.7632639340127
2023-03-19,2023,3,ZIMA,22.668986194756126,50.07331245183585,24649.390198663055,1849.1481250079644
2023-03-29,2023,3,ZIMA,22.480339985091025,49.765905653392906,14893.538410765585,1847.1841462741556
2023-03-29,2023,3,ZIMA,22.60610412486776,49.765905653392906,18282.53620624142,1847.4250537780893
2023-03-29,2023,3,ZIMA,22.668986194756126,49.765905653392906,21257.1846990577,1848.3093127200193
2023-03-29,2023,3,ZIMA,22.73186826464449,49.765905653392906,24706.637829025414,1848.3811000877483
2023-03-29,2023,3,ZIMA,22.480339985091025,49.82878772328128,7983.807939159483,1847.1841990513872
2023-03-29,2023,3,ZIMA,22.543222054979392,49.82878772328128,9972.220017912965,1847.184216057725
2023-03-29,2023,3,ZIMA,22.60610412486776,49.82878772328128,13267.61214866327,1846.2413521038998
2023-03-29,2023,3,ZIMA,22.668986194756126,49.82878772328128,17131.67359445209,1846.3291399318534
2023-03-29,2023,3,ZIMA,22.73186826464449,49.82878772328128,21256.509218593656,1847.700623850235
2023-03-29,2023,3,ZIMA,22.165929635649192,49.89166979316964,20919.391463104264,1855.1722240081224
2023-03-29,2023,3,ZIMA,22.417457915202657,49.89166979316964,2944.500050124817,1852.8370120546003
2023-03-29,2023,3,ZIMA,22.480339985091025,49.89166979316964,1870.9821680215873,1851.5216610773807
2023-03-29,2023,3,ZIMA,22.543222054979392,49.89166979316964,6257.667310553245,1851.309051522464
2023-03-29,2023,3,ZIMA,22.60610412486776,49.89166979316964,10753.768425853132,1849.2132914950967
2023-03-29,2023,3,ZIMA,22.668986194756126,49.89166979316964,15262.893735083717,1848.6401716511903
2023-03-29,2023,3,ZIMA,22.73186826464449,49.89166979316964,19776.134276070505,1848.371519193792
2023-03-29,2023,3,ZIMA,22.165929635649192,49.954551863058015,21786.570287916154,1855.1722340355564
2023-03-29,2023,3,ZIMA,22.22881170553756,49.954551863058015,17504.14593586278,1856.825012632075
2023-03-29,2023,3,ZIMA,22.291693775425927,49.954551863058015,13375.713008895505,1859.867799285735
2023-03-29,2023,3,ZIMA,22.417457915202657,49.954551863058015,6801.584066412853,1855.8987296246864
2023-03-29,2023,3,ZIMA,22.480339985091025,49.954551863058015,6410.8337029859895,1853.27198360012
2023-03-29,2023,3,ZIMA,22.543222054979392,49.954551863058015,8758.432559269975,1852.4105351160692
2023-03-29,2023,3,ZIMA,22.60610412486776,49.954551863058015,12373.188316296972,1850.3178828909975
2023-03-29,2023,3,ZIMA,22.668986194756126,49.954551863058015,16439.454591696005,1850.093055486004
2023-03-29,2023,3,ZIMA,22.165929635649192,50.017433932946375,24688.65400458408,1864.0443982434826
2023-03-29,2023,3,ZIMA,22.22881170553756,50.017433932946375,21011.64844441782,1863.3784179687495
2023-03-29,2023,3,ZIMA,22.291693775425927,50.017433932946375,17724.845643369907,1861.6520705769296
2023-03-29,2023,3,ZIMA,22.354575845314294,50.017433932946375,15085.492177146163,1859.3514912815074
2023-03-29,2023,3,ZIMA,22.417457915202657,50.017433932946375,13479.4325917546,1859.1387261183302
2023-03-29,2023,3,ZIMA,22.480339985091025,50.017433932946375,13286.800817179106,1855.2040686008029
2023-03-29,2023,3,ZIMA,22.543222054979392,50.017433932946375,14563.789322484645,1853.3027772855467
2023-03-29,2023,3,ZIMA,22.60610412486776,50.017433932946375,16982.046877098484,1853.5660168163258
2023-03-29,2023,3,ZIMA,22.668986194756126,50.017433932946375,20134.47338387348,1863.5412581082844
2023-03-29,2023,3,ZIMA,22.73186826464449,50.017433932946375,23730.259141340277,1864.3211638772216
2023-03-29,2023,3,ZIMA,22.291693775425927,50.08031600283475,23393.92889056244,1854.9231103599855
2023-03-29,2023,3,ZIMA,22.354575845314294,50.08031600283475,21466.04242459771,1854.1707560851178
2023-03-29,2023,3,ZIMA,22.417457915202657,50.08031600283475,20370.90850265545,1856.887631216402
2023-03-29,2023,3,ZIMA,22.480339985091025,50.08031600283475,20244.125442972134,1852.1574319621154
2023-03-29,2023,3,ZIMA,22.543222054979392,50.08031600283475,21103.1530005928,1852.2182390087453
2023-03-29,2023,3,ZIMA,22.60610412486776,50.08031600283475,22837.01728511146,1865.502619618083
2023-06-01,2023,6,LATO,22.337066967817037,49.703023583504546,23435.94535299783,1864.0701145763496
2023-06-01,2023,6,LATO,22.399949037705397,49.703023583504546,22173.310884549213,1862.9074194507132
2023-06-01,2023,6,LATO,22.46283110759377,49.703023583504546,21795.732838383163,1862.6681737885824
2023-06-01,2023,6,LATO,22.52571317748213,49.703023583504546,22348.115225202644,1846.3467284628744
2023-06-01,2023,6,LATO,22.588595247370506,49.703023583504546,23765.702793344415,1840.7450757593747
2023-06-01,2023,6,LATO,22.211302828040303,49.765905653392906,23044.940206446532,1871.4075927734448
2023-06-01,2023,6,LATO,22.274184897928663,49.765905653392906,19791.139041156755,1870.8375239802904
2023-06-01,2023,6,LATO,22.337066967817037,49.765905653392906,17124.322354940865,1866.1901472374889
2023-06-01,2023,6,LATO,22.399949037705397,49.765905653392906,15353.46715675865,1864.0283512927488
2023-06-01,2023,6,LATO,22.46283110759377,49.765905653392906,14803.670401760957,1858.9967889129257
2023-06-01,2023,6,LATO,22.52571317748213,49.765905653392906,15604.532676742472,1851.8726449283224
2023-06-01,2023,6,LATO,22.588595247370506,49.765905653392906,17572.348165759362,1860.0867990579989
2023-06-01,2023,6,LATO,22.651477317258866,49.765905653392906,20371.71370341612,1887.2073692775066
2023-06-01,2023,6,LATO,22.714359387147226,49.765905653392906,23709.899247344183,1886.213541247189
2023-06-01,2023,6,LATO,22.14842075815193,49.82878772328128,23509.001546003838,1871.0383947444786
2023-06-01,2023,6,LATO,22.211302828040303,49.82878772328128,19302.672401242962,1871.734597320783
2023-06-01,2023,6,LATO,22.274184897928663,49.82878772328128,15277.216372643947,1872.0225773178847
2023-06-01,2023,6,LATO,22.337066967817037,49.82878772328128,11622.125849843118,1873.4998779296182
2023-06-01,2023,6,LATO,22.399949037705397,49.82878772328128,8811.053425103102,1872.4705252536107
2023-06-01,2023,6,LATO,22.46283110759377,49.82878772328128,7815.101725436394,1863.3153950178908
2023-06-01,2023,6,LATO,22.52571317748213,49.82878772328128,9241.055230812668,1862.152229518719
2023-06-01,2023,6,LATO,22.588595247370506,49.82878772328128,12271.867329400819,1889.1436000914189
2023-06-01,2023,6,LATO,22.651477317258866,49.82878772328128,16021.258563246713,1889.5032044908935
2023-06-01,2023,6,LATO,22.714359387147226,49.82878772328128,20090.86840189349,1889.3482998132893
2023-06-01,2023,6,LATO,22.7772414570356,49.82878772328128,24320.4729780271,1885.248627000046
2023-06-01,2023,6,LATO,22.14842075815193,49.89166979316964,22176.533966168987,1865.2240112358315
2023-06-01,2023,6,LATO,22.211302828040303,49.89166979316964,17662.170160851372,1873.0088188065781
2023-06-01,2023,6,LATO,22.274184897928663,49.89166979316964,13150.397981968348,1877.138834430092
2023-06-01,2023,6,LATO,22.337066967817037,49.89166979316964,8645.281580533669,1873.9106337016062
2023-06-01,2023,6,LATO,22.399949037705397,49.89166979316964,4168.4653838731665,1878.5629346876613
2023-06-01,2023,6,LATO,22.46283110759377,49.89166979316964,915.7735323810977,1878.3343783074872
2023-06-01,2023,6,LATO,22.52571317748213,49.89166979316964,5012.8341822749335,1900.4680513403455
2023-06-01,2023,6,LATO,22.588595247370506,49.89166979316964,9499.773366756152,1903.415405273462
2023-06-01,2023,6,LATO,22.651477317258866,49.89166979316964,14006.789569911276,1898.5948239380684
2023-06-01,2023,6,LATO,22.714359387147226,49.89166979316964,18519.228167731453,1891.9090163409696
2023-06-01,2023,6,LATO,22.7772414570356,49.89166979316964,23033.900325477673,1892.9348476759972
2023-06-01,2023,6,LATO,22.14842075815193,49.954551863058015,22994.824269715486,1867.1710539685562
2023-06-01,2023,6,LATO,22.211302828040303,49.954551863058015,18685.537456604256,1877.2086546016706
2023-06-01,2023,6,LATO,22.274184897928663,49.954551863058015,14502.094242152669,1877.2096090112263
2023-06-01,2023,6,LATO,22.337066967817037,49.954551863058015,10594.637249937323,1875.7509008822954
2023-06-01,2023,6,LATO,22.399949037705397,49.954551863058015,7413.245892451485,1873.8050206289727
2023-06-01,2023,6,LATO,22.46283110759377,49.954551863058015,6200.026734374416,1877.9345939424215
2023-06-01,2023,6,LATO,22.52571317748213,49.954551863058015,7918.239441228203,1899.325419937875
2023-06-01,2023,6,LATO,22.588595247370506,49.954551863058015,11301.812859466689,1900.017995883849
2023-06-01,2023,6,LATO,22.651477317258866,49.954551863058015,15281.939992676336,1890.6948418774264
2023-06-01,2023,6,LATO,22.714359387147226,49.954551863058015,19496.629429511904,1888.809689753569
2023-06-01,2023,6,LATO,22.7772414570356,49.954551863058015,23821.701564440966,1889.0216847112977
2023-06-01,2023,6,LATO,22.211302828040303,50.017433932946375,22004.268573433346,1886.0626925919528
2023-06-01,2023,6,LATO,22.274184897928663,50.017433932946375,18588.443756014225,1886.9732666015336
2023-06-01,2023,6,LATO,22.337066967817037,50.017433932946375,15735.112606983354,1885.6731992301818
2023-06-01,2023,6,LATO,22.399949037705397,50.017433932946375,13797.768999143414,1885.852573757717
2023-06-01,2023,6,LATO,22.46283110759377,50.017433932946375,13186.511359927295,1901.7460972989318
2023-06-01,2023,6,LATO,22.52571317748213,50.017433932946375,14075.177645224507,1902.7178502313031
2023-06-01,2023,6,LATO,22.588595247370506,50.017433932946375,16219.068898947891,1900.012113084058
2023-06-01,2023,6,LATO,22.651477317258866,50.017433932946375,19202.26311576868,1888.0585299022093
2023-06-01,2023,6,LATO,22.714359387147226,50.017433932946375,22696.183105903077,1887.580415536918
2023-06-01,2023,6,LATO,22.274184897928663,50.08031600283475,24054.002161830544,1865.0783629234236
2023-06-01,2023,6,LATO,22.337066967817037,50.08031600283475,21926.844631874275,1877.3976258837524
2023-06-01,2023,6,LATO,22.399949037705397,50.08031600283475,20582.660303117143,1880.1886719449806
2023-06-01,2023,6,LATO,22.46283110759377,50.08031600283475,20178.530303468786,1903.5200209866987
2023-06-01,2023,6,LATO,22.52571317748213,50.08031600283475,20769.400725010888,1898.0979601336758
2023-06-01,2023,6,LATO,22.588595247370506,50.08031600283475,22276.237062725868,1880.164640593503
2023-06-01,2023,6,LATO,22.651477317258866,50.08031600283475,24530.825063316166,1883.7245869320664
2023-06-03,2023,6,LATO,22.337066967817037,49.69952180800509,23798.642779824004,1885.0791069453414
2023-06-03,2023,6,LATO,22.399949037705397,49.69952180800509,22556.228374056132,1885.1521716280627
2023-06-03,2023,6,LATO,22.46283110759377,49.69952180800509,22185.141393624843,1885.2628509830447
2023-06-03,2023,6,LATO,22.52571317748213,49.69952180800509,22728.10015635487,1885.335449218819
2023-06-03,2023,6,LATO,22.588595247370506,49.69952180800509,24123.465996680585,1885.3354492186843
2023-06-03,2023,6,LATO,22.211302828040303,49.76240387789346,23297.43014966018,1877.830955987397
2023-06-03,2023,6,LATO,22.274184897928663,49.76240387789346,20084.325581679834,1879.1112628176602
2023-06-03,2023,6,LATO,22.337066967817037,49.76240387789346,17462.138504798262,1887.6274173901434
2023-06-03,2023,6,LATO,22.399949037705397,49.76240387789346,15729.230063651448,1887.467698400079
2023-06-03,2023,6,LATO,22.46283110759377,49.76240387789346,15192.997971835897,1892.5356768111867
2023-06-03,2023,6,LATO,22.52571317748213,49.76240387789346,15974.408424553021,1893.2742422909132
2023-06-03,2023,6,LATO,22.588595247370506,49.76240387789346,17901.74303758733,1893.019107848624
2023-06-03,2023,6,LATO,22.651477317258866,49.76240387789346,20656.70222709244,1898.6014696734387
2023-06-03,2023,6,LATO,22.714359387147226,49.76240387789346,23955.428263195714,1898.4945546200838
2023-06-03,2023,6,LATO,22.14842075815193,49.82528594778182,23641.89018325943,1884.7348186722902
2023-06-03,2023,6,LATO,22.211302828040303,49.82528594778182,19463.96616925134,1884.2870194554591
2023-06-03,2023,6,LATO,22.274184897928663,49.82528594778182,15480.184497359925,1885.5380029982755
2023-06-03,2023,6,LATO,22.337066967817037,49.82528594778182,11887.366931208315,1888.3059289244104
2023-06-03,2023,6,LATO,22.399949037705397,49.82528594778182,9157.849606774353,1888.325587142545
2023-06-03,2023,6,LATO,22.46283110759377,49.82528594778182,8204.033652045058,1886.9396333712295
2023-06-03,2023,6,LATO,22.52571317748213,49.82528594778182,9572.314647283383,1887.7862281777452
2023-06-03,2023,6,LATO,22.588595247370506,49.82528594778182,12523.39928650536,1888.1867506648769
2023-06-03,2023,6,LATO,22.651477317258866,49.82528594778182,16214.96771392276,1900.5830095748765
2023-06-03,2023,6,LATO,22.714359387147226,49.82528594778182,20245.93914025034,1900.5830129504504
2023-06-03,2023,6,LATO,22.7772414570356,49.82528594778182,24449.00869040225,1900.101150272265
2023-06-03,2023,6,LATO,22.46283110759377,49.888168017670196,1273.0433310313379,1905.0584707122734
2023-06-03,2023,6,LATO,22.52571317748213,49.888168017670196,5090.408316686635,1905.056744363704
2023-06-03,2023,6,LATO,22.588595247370506,49.888168017670196,9541.182091163437,1905.05593716744
2023-06-03,2023,6,LATO,22.46283110759377,49.951050087558556,5811.522776035262,1905.0957031250698
2023-06-03,2023,6,LATO,22.52571317748213,49.951050087558556,7617.9883071137265,1905.0957031250698
2023-06-03,2023,6,LATO,22.588595247370506,49.951050087558556,11093.733863096215,1905.0953993695398
2023-06-04,2023,6,LATO,22.7772414570356,49.954551863058015,23821.701564440966,1891.2532936668024
2023-06-04,2023,6,LATO,22.588595247370506,50.017433932946375,16219.068898947891,1891.5555581712008
2023-06-04,2023,6,LATO,22.651477317258866,50.017433932946375,19202.26311576868,1891.5555458674157
2023-06-04,2023,6,LATO,22.714359387147226,50.017433932946375,22696.183105903077,1890.8715796907593
2023-06-04,2023,6,LATO,22.651477317258866,50.08031600283475,24530.825063316166,1893.7174811208426
2023-06-05,2023,6,LATO,22.337066967817037,49.89166979316964,8645.281580533669,1881.2544029866601
2023-06-05,2023,6,LATO,22.52571317748213,49.89166979316964,5012.8341822749335,1887.4692319929372
2023-06-05,2023,6,LATO,22.588595247370506,49.89166979316964,9499.773366756152,1887.4692206132809
2023-06-05,2023,6,LATO,22.14842075815193,49.954551863058015,22994.824269715486,1868.9717942661186
2023-06-05,2023,6,LATO,22.211302828040303,49.954551863058015,18685.537456604256,1878.5135617966341
2023-06-05,2023,6,LATO,22.274184897928663,49.954551863058015,14502.094242152669,1878.5135823848784
2023-06-05,2023,6,LATO,22.337066967817037,49.954551863058015,10594.637249937323,1881.254395916924
2023-06-05,2023,6,LATO,22.399949037705397,49.954551863058015,7413.245892451485,1883.1573088321175
2023-06-05,2023,6,LATO,22.46283110759377,49.954551863058015,6200.026734374416,1898.1796852967677
2023-06-05,2023,6,LATO,22.52571317748213,49.954551863058015,7918.239441228203,1887.286675661815
2023-06-05,2023,6,LATO,22.588595247370506,49.954551863058015,11301.812859466689,1887.5141024919494
2023-06-05,2023,6,LATO,22.651477317258866,49.954551863058015,15281.939992676336,1891.5642000970483
2023-06-05,2023,6,LATO,22.714359387147226,49.954551863058015,19496.629429511904,1894.5807124232845
2023-06-05,2023,6,LATO,22.7772414570356,49.954551863058015,23821.701564440966,1900.4598488444396
2023-06-05,2023,6,LATO,22.211302828040303,50.017433932946375,22004.268573433346,1888.227416116457
2023-06-05,2023,6,LATO,22.274184897928663,50.017433932946375,18588.443756014225,1894.8280712172668
2023-06-05,2023,6,LATO,22.337066967817037,50.017433932946375,15735.112606983354,1899.6944559379674
2023-06-05,2023,6,LATO,22.399949037705397,50.017433932946375,13797.768999143414,1907.6151663579346
2023-06-05,2023,6,LATO,22.46283110759377,50.017433932946375,13186.511359927295,1898.220930331048
2023-06-05,2023,6,LATO,22.52571317748213,50.017433932946375,14075.177645224507,1884.460658239691
2023-06-05,2023,6,LATO,22.588595247370506,50.017433932946375,16219.068898947891,1889.4002009681456
2023-06-05,2023,6,LATO,22.651477317258866,50.017433932946375,19202.26311576868,1888.74307173836
2023-06-05,2023,6,LATO,22.714359387147226,50.017433932946375,22696.183105903077,1890.3013888987439
2023-06-05,2023,6,LATO,22.337066967817037,50.08031600283475,21926.844631874275,1911.8638668662957
2023-06-05,2023,6,LATO,22.399949037705397,50.08031600283475,20582.660303117143,1911.8638490483877
2023-06-05,2023,6,LATO,22.46283110759377,50.08031600283475,20178.530303468786,1881.00122176407
2023-06-05,2023,6,LATO,22.52571317748213,50.08031600283475,20769.400725010888,1884.0457423577227
2023-06-05,2023,6,LATO,22.588595247370506,50.08031600283475,22276.237062725868,1885.8524796134739
2023-06-05,2023,6,LATO,22.651477317258866,50.08031600283475,24530.825063316166,1887.4501739928417
2023-06-15,2023,6,LATO,22.337066967817037,49.69952180800509,23798.642779824004,1861.987785022594
2023-06-15,2023,6,LATO,22.399949037705397,49.69952180800509,22556.228374056132,1867.3463987946466
2023-06-15,2023,6,LATO,22.46283110759377,49.69952180800509,22185.141393624843,1869.6171922303613
2023-06-15,2023,6,LATO,22.337066967817037,49.76240387789346,17462.138504798262,1867.2895456461015
2023-06-15,2023,6,LATO,22.399949037705397,49.76240387789346,15729.230063651448,1867.2895468423349
2023-06-15,2023,6,LATO,22.46283110759377,49.76240387789346,15192.997971835897,1876.4627762484417
2023-06-15,2023,6,LATO,22.52571317748213,49.76240387789346,15974.408424553021,1879.272328256042
2023-06-15,2023,6,LATO,22.588595247370506,49.76240387789346,17901.74303758733,1879.2723357064347
2023-06-15,2023,6,LATO,22.46283110759377,49.82528594778182,8204.033652045058,1879.2723487575647
2023-06-15,2023,6,LATO,22.52571317748213,49.82528594778182,9572.314647283383,1879.2723459673637
2023-06-20,2023,6,LATO,22.654979092758325,49.951050087558556,15361.527964304421,1890.7589133213062
2023-06-20,2023,6,LATO,22.717861162646685,49.951050087558556,19617.30951502362,1890.7589044922279
2023-06-20,2023,6,LATO,22.466332883093216,50.01393215744693,12808.094803621061,1891.1389437269015
2023-06-20,2023,6,LATO,22.52921495298159,50.01393215744693,13803.746921521719,1889.8459537073925
2023-06-20,2023,6,LATO,22.59209702286995,50.01393215744693,16055.016871001992,1888.742779681471
2023-06-20,2023,6,LATO,22.654979092758325,50.01393215744693,19123.488466698425,1887.7294979499918
2023-06-20,2023,6,LATO,22.717861162646685,50.01393215744693,22679.86140924711,1888.8688167093594
2023-06-20,2023,6,LATO,22.466332883093216,50.07681422733529,19796.13709963228,1891.1388959405142
2023-06-20,2023,6,LATO,22.52921495298159,50.07681422733529,20453.571741219614,1891.1389113755888
2023-06-20,2023,6,LATO,22.59209702286995,50.07681422733529,22033.6317672701,1886.4435067088252
2023-06-20,2023,6,LATO,22.654979092758325,50.07681422733529,24357.42472151566,1880.1993426415545
2023-06-21,2023,6,LATO,22.7772414570356,49.82878772328128,24320.4729780271,1875.1710195653827
2023-06-21,2023,6,LATO,22.588595247370506,50.017433932946375,16219.068898947891,1859.3078870608388
2023-06-21,2023,6,LATO,22.651477317258866,50.017433932946375,19202.26311576868,1859.30786493167
2023-06-21,2023,6,LATO,22.714359387147226,50.017433932946375,22696.183105903077,1859.307869650126
2023-06-21,2023,6,LATO,22.52571317748213,50.08031600283475,20769.400725010888,1886.67408454826
2023-06-21,2023,6,LATO,22.588595247370506,50.08031600283475,22276.237062725868,1886.6740168199444
2023-07-02,2023,7,LATO,22.714359387147226,49.765905653392906,23709.899247344183,1877.7671119840213
2023-07-02,2023,7,LATO,22.7772414570356,49.82878772328128,24320.4729780271,1870.9478139547402
2023-07-08,2023,7,LATO,22.337066967817037,49.703023583504546,23435.94535299783,1837.6108196505843
2023-07-08,2023,7,LATO,22.211302828040303,49.765905653392906,23044.940206446532,1867.8550054363845
2023-07-08,2023,7,LATO,22.274184897928663,49.765905653392906,19791.139041156755,1867.231139577639
2023-07-08,2023,7,LATO,22.337066967817037,49.765905653392906,17124.322354940865,1855.2126752606441
2023-07-08,2023,7,LATO,22.399949037705397,49.765905653392906,15353.46715675865,1837.107915010878
2023-07-08,2023,7,LATO,22.46283110759377,49.765905653392906,14803.670401760957,1837.1079097548798
2023-07-08,2023,7,LATO,22.14842075815193,49.82878772328128,23509.001546003838,1838.9920628495656
2023-07-08,2023,7,LATO,22.211302828040303,49.82878772328128,19302.672401242962,1869.7666015624593
2023-07-08,2023,7,LATO,22.274184897928663,49.82878772328128,15277.216372643947,1869.5594019810976
2023-07-08,2023,7,LATO,22.337066967817037,49.82878772328128,11622.125849843118,1855.8993482087092
2023-07-08,2023,7,LATO,22.399949037705397,49.82878772328128,8811.053425103102,1851.0584742000337
2023-07-08,2023,7,LATO,22.46283110759377,49.82878772328128,7815.101725436394,1837.1078899286065
2023-07-08,2023,7,LATO,22.14842075815193,49.89166979316964,22176.533966168987,1864.3423273663125
2023-07-08,2023,7,LATO,22.211302828040303,49.89166979316964,17662.170160851372,1873.8257636949356
2023-07-08,2023,7,LATO,22.274184897928663,49.89166979316964,13150.397981968348,1870.0629425559882
2023-07-08,2023,7,LATO,22.337066967817037,49.89166979316964,8645.281580533669,1854.1890972646154
2023-07-08,2023,7,LATO,22.399949037705397,49.89166979316964,4168.4653838731665,1853.3831804284355
2023-07-08,2023,7,LATO,22.46283110759377,49.89166979316964,915.7735323810977,1879.9827825588031
2023-07-08,2023,7,LATO,22.52571317748213,49.89166979316964,5012.8341822749335,1880.2553408882661
2023-07-08,2023,7,LATO,22.14842075815193,49.954551863058015,22994.824269715486,1874.6520247742449
2023-07-08,2023,7,LATO,22.211302828040303,49.954551863058015,18685.537456604256,1874.6268563042245
2023-07-08,2023,7,LATO,22.274184897928663,49.954551863058015,14502.094242152669,1865.040651806145
2023-07-08,2023,7,LATO,22.337066967817037,49.954551863058015,10594.637249937323,1858.4743931287003
2023-07-08,2023,7,LATO,22.399949037705397,49.954551863058015,7413.245892451485,1863.7584388970079
2023-07-08,2023,7,LATO,22.46283110759377,49.954551863058015,6200.026734374416,1875.474605611845
2023-07-08,2023,7,LATO,22.52571317748213,49.954551863058015,7918.239441228203,1862.052028039012
2023-07-08,2023,7,LATO,22.588595247370506,49.954551863058015,11301.812859466689,1859.4667051458046
2023-07-08,2023,7,LATO,22.211302828040303,50.017433932946375,22004.268573433346,1855.5030312279705
2023-07-08,2023,7,LATO,22.274184897928663,50.017433932946375,18588.443756014225,1851.7004553822158
2023-07-08,2023,7,LATO,22.337066967817037,50.017433932946375,15735.112606983354,1867.4819501383697
2023-07-08,2023,7,LATO,22.399949037705397,50.017433932946375,13797.768999143414,1881.2886090084949
2023-07-08,2023,7,LATO,22.46283110759377,50.017433932946375,13186.511359927295,1876.0805862693412
2023-07-08,2023,7,LATO,22.52571317748213,50.017433932946375,14075.177645224507,1861.5673755798775
2023-07-08,2023,7,LATO,22.588595247370506,50.017433932946375,16219.068898947891,1861.081318006304
2023-07-08,2023,7,LATO,22.46283110759377,50.08031600283475,20178.530303468786,1868.9760682575702
2023-07-08,2023,7,LATO,22.52571317748213,50.08031600283475,20769.400725010888,1868.1557165679856
2023-07-08,2023,7,LATO,22.588595247370506,50.08031600283475,22276.237062725868,1865.695286515621
2023-07-12,2023,7,LATO,22.337066967817037,49.703023583504546,23435.94535299783,1849.14261871383
2023-07-12,2023,7,LATO,22.211302828040303,49.765905653392906,23044.940206446532,1858.1686213986045
2023-07-12,2023,7,LATO,22.274184897928663,49.765905653392906,19791.139041156755,1855.7781189844718
2023-07-12,2023,7,LATO,22.14842075815193,49.82878772328128,23509.001546003838,1857.5108873236532
2023-07-12,2023,7,LATO,22.211302828040303,49.82878772328128,19302.672401242962,1873.8358154296468
2023-07-12,2023,7,LATO,22.274184897928663,49.82878772328128,15277.216372643947,1873.0926396930704
2023-07-12,2023,7,LATO,22.14842075815193,49.89166979316964,22176.533966168987,1865.9496674761474
2023-07-12,2023,7,LATO,22.211302828040303,49.89166979316964,17662.170160851372,1852.6257360680904
2023-07-12,2023,7,LATO,22.274184897928663,49.89166979316964,13150.397981968348,1855.134001107695
2023-07-12,2023,7,LATO,22.14842075815193,49.954551863058015,22994.824269715486,1860.39663071253
2023-07-12,2023,7,LATO,22.211302828040303,49.954551863058015,18685.537456604256,1852.0715048732166
2023-07-12,2023,7,LATO,22.274184897928663,49.954551863058015,14502.094242152669,1861.5323871743287
2023-07-12,2023,7,LATO,22.211302828040303,50.017433932946375,22004.268573433346,1881.0169918505658
2023-07-12,2023,7,LATO,22.274184897928663,50.017433932946375,18588.443756014225,1878.803249736727
2023-07-12,2023,7,LATO,22.337066967817037,50.017433932946375,15735.112606983354,1873.3107041122953
2023-07-12,2023,7,LATO,22.399949037705397,50.017433932946375,13797.768999143414,1872.6304936991978
2023-07-12,2023,7,LATO,22.46283110759377,50.017433932946375,13186.511359927295,1868.5185409837109
2023-07-12,2023,7,LATO,22.274184897928663,50.08031600283475,24054.002161830544,1874.9983809656514
2023-07-12,2023,7,LATO,22.337066967817037,50.08031600283475,21926.844631874275,1878.7800292968132
2023-07-12,2023,7,LATO,22.399949037705397,50.08031600283475,20582.660303117143,1868.8583383911684
2023-07-12,2023,7,LATO,22.46283110759377,50.08031600283475,20178.530303468786,1865.6277757828916
2023-07-12,2023,7,LATO,22.52571317748213,50.08031600283475,20769.400725010888,1867.8420156945456
2023-07-12,2023,7,LATO,22.588595247370506,50.08031600283475,22276.237062725868,1871.0527869474947
2023-07-12,2023,7,LATO,22.651477317258866,50.08031600283475,24530.825063316166,1874.0359986143835
2023-07-16,2023,7,LATO,22.337066967817037,49.69952180800509,23798.642779824004,1859.0692087543887
2023-07-16,2023,7,LATO,22.399949037705397,49.69952180800509,22556.228374056132,1863.8346998605916
2023-07-16,2023,7,LATO,22.46283110759377,49.69952180800509,22185.141393624843,1864.6571619853364
2023-07-16,2023,7,LATO,22.52571317748213,49.69952180800509,22728.10015635487,1866.76745876336
2023-07-16,2023,7,LATO,22.588595247370506,49.69952180800509,24123.465996680585,1867.4919053272804
2023-07-16,2023,7,LATO,22.211302828040303,49.76240387789346,23297.43014966018,1866.905778300306
2023-07-16,2023,7,LATO,22.274184897928663,49.76240387789346,20084.325581679834,1866.8212041233573
2023-07-16,2023,7,LATO,22.337066967817037,49.76240387789346,17462.138504798262,1869.7395054797453
2023-07-16,2023,7,LATO,22.399949037705397,49.76240387789346,15729.230063651448,1874.3717315935655
2023-07-16,2023,7,LATO,22.46283110759377,49.76240387789346,15192.997971835897,1874.0201042408787
2023-07-16,2023,7,LATO,22.52571317748213,49.76240387789346,15974.408424553021,1876.8399523679025
2023-07-16,2023,7,LATO,22.588595247370506,49.76240387789346,17901.74303758733,1877.0474304334211
2023-07-16,2023,7,LATO,22.651477317258866,49.76240387789346,20656.70222709244,1876.8095020284754
2023-07-16,2023,7,LATO,22.714359387147226,49.76240387789346,23955.428263195714,1876.9444574988918
2023-07-16,2023,7,LATO,22.14842075815193,49.82528594778182,23641.89018325943,1878.855849756502
2023-07-16,2023,7,LATO,22.211302828040303,49.82528594778182,19463.96616925134,1866.636840983209
2023-07-16,2023,7,LATO,22.274184897928663,49.82528594778182,15480.184497359925,1866.5165530001022
2023-07-16,2023,7,LATO,22.337066967817037,49.82528594778182,11887.366931208315,1871.6895348434025
2023-07-16,2023,7,LATO,22.399949037705397,49.82528594778182,9157.849606774353,1875.5696669142872
2023-07-16,2023,7,LATO,22.46283110759377,49.82528594778182,8204.033652045058,1876.4607565099982
2023-07-16,2023,7,LATO,22.52571317748213,49.82528594778182,9572.314647283383,1873.1864013672482
2023-07-16,2023,7,LATO,22.588595247370506,49.82528594778182,12523.39928650536,1873.1864013671468
2023-07-16,2023,7,LATO,22.651477317258866,49.82528594778182,16214.96771392276,1864.8616767067952
2023-07-16,2023,7,LATO,22.714359387147226,49.82528594778182,20245.93914025034,1865.0950982852178
2023-07-16,2023,7,LATO,22.7772414570356,49.82528594778182,24449.00869040225,1868.0345745975812
2023-07-16,2023,7,LATO,22.14842075815193,49.888168017670196,22194.95834228595,1867.853676454253
2023-07-16,2023,7,LATO,22.211302828040303,49.888168017670196,17684.930267546475,1867.8536376952397
2023-07-16,2023,7,LATO,22.274184897928663,49.888168017670196,13180.569477918174,1867.8536376953407
2023-07-16,2023,7,LATO,22.337066967817037,49.888168017670196,8690.698097369475,1879.7668204276345
2023-07-16,2023,7,LATO,22.399949037705397,49.888168017670196,4261.372221183644,1879.1146537491277
2023-07-16,2023,7,LATO,22.46283110759377,49.888168017670196,1273.0433310313379,1878.646983177253
2023-07-16,2023,7,LATO,22.52571317748213,49.888168017670196,5090.408316686635,1878.5496514051558
2023-07-16,2023,7,LATO,22.588595247370506,49.888168017670196,9541.182091163437,1877.99166023816
2023-07-16,2023,7,LATO,22.651477317258866,49.888168017670196,14035.180140061455,1876.236797361919
2023-07-16,2023,7,LATO,22.714359387147226,49.888168017670196,18540.996723111853,1875.6180734613
2023-07-16,2023,7,LATO,22.7772414570356,49.888168017670196,23051.700284254595,1870.3943500974312
2023-07-16,2023,7,LATO,22.14842075815193,49.951050087558556,22893.907202909,1873.4355533549965
2023-07-16,2023,7,LATO,22.211302828040303,49.951050087558556,18560.85477720908,1872.739507927645
2023-07-16,2023,7,LATO,22.274184897928663,49.951050087558556,14340.735255699794,1872.435703032009
2023-07-16,2023,7,LATO,22.337066967817037,49.951050087558556,10372.327171727175,1883.3039812763984
2023-07-16,2023,7,LATO,22.399949037705397,49.951050087558556,7091.606383134769,1883.113901423417
2023-07-16,2023,7,LATO,22.46283110759377,49.951050087558556,5811.522776035262,1883.4416450337717
2023-07-16,2023,7,LATO,22.52571317748213,49.951050087558556,7617.9883071137265,1883.4568157060432
2023-07-16,2023,7,LATO,22.588595247370506,49.951050087558556,11093.733863096215,1883.1893248732872
2023-07-16,2023,7,LATO,22.651477317258866,49.951050087558556,15128.95651222953,1880.9303229010015
2023-07-16,2023,7,LATO,22.714359387147226,49.951050087558556,19377.224385232876,1881.169322612803
2023-07-16,2023,7,LATO,22.7772414570356,49.951050087558556,23724.361235882607,1872.4924334008101
2023-07-16,2023,7,LATO,22.274184897928663,50.01393215744693,18314.679458187293,1883.3841337181539
2023-07-16,2023,7,LATO,22.337066967817037,50.01393215744693,15410.51215008078,1883.9307057574104
2023-07-16,2023,7,LATO,22.399949037705397,50.01393215744693,13426.257215633463,1884.2472858187964
2023-07-16,2023,7,LATO,22.46283110759377,50.01393215744693,12797.219877605483,1874.9464927642948
2023-07-16,2023,7,LATO,22.52571317748213,50.01393215744693,13711.204960252908,1874.232299804756
2023-07-16,2023,7,LATO,22.588595247370506,50.01393215744693,15904.384216903703,1876.979587894503
2023-07-16,2023,7,LATO,22.651477317258866,50.01393215744693,18937.41900727087,1879.4071044921257
2023-07-16,2023,7,LATO,22.714359387147226,50.01393215744693,22472.79028849216,1879.407104492256
2023-07-16,2023,7,LATO,22.274184897928663,50.07681422733529,23728.53498633054,1878.951916231139
2023-07-16,2023,7,LATO,22.337066967817037,50.07681422733529,21569.138647775435,1878.951904303129
2023-07-16,2023,7,LATO,22.399949037705397,50.07681422733529,20201.063596434968,1878.9519042969434
2023-07-16,2023,7,LATO,22.46283110759377,50.07681422733529,19789.111941992756,1884.7235107422566
2023-07-16,2023,7,LATO,22.52571317748213,50.07681422733529,20391.3127076881,1884.4699488902522
2023-07-16,2023,7,LATO,22.588595247370506,50.07681422733529,21924.25800871821,1877.4108641475161
2023-07-16,2023,7,LATO,22.651477317258866,50.07681422733529,24211.80329746599,1876.3579207141772
2023-07-17,2023,7,LATO,22.337066967817037,49.69952180800509,23798.642779824004,1870.1826207411434
2023-07-17,2023,7,LATO,22.399949037705397,49.69952180800509,22556.228374056132,1864.8491239820764
2023-07-17,2023,7,LATO,22.46283110759377,49.69952180800509,22185.141393624843,1864.8491706041198
2023-07-17,2023,7,LATO,22.211302828040303,49.76240387789346,23297.43014966018,1870.3989727610226
2023-07-17,2023,7,LATO,22.274184897928663,49.76240387789346,20084.325581679834,1873.439030426673
2023-07-17,2023,7,LATO,22.337066967817037,49.76240387789346,17462.138504798262,1866.9165039061966
2023-07-17,2023,7,LATO,22.399949037705397,49.76240387789346,15729.230063651448,1866.790156662979
2023-07-17,2023,7,LATO,22.14842075815193,49.82528594778182,23641.89018325943,1838.525273855288
2023-07-17,2023,7,LATO,22.211302828040303,49.82528594778182,19463.96616925134,1850.0932646240128
2023-07-17,2023,7,LATO,22.274184897928663,49.82528594778182,15480.184497359925,1850.0932617187457
2023-07-17,2023,7,LATO,22.337066967817037,49.82528594778182,11887.366931208315,1866.9165068082552
2023-07-17,2023,7,LATO,22.399949037705397,49.82528594778182,9157.849606774353,1866.9165084548167
2023-07-17,2023,7,LATO,22.14842075815193,49.888168017670196,22194.95834228595,1883.7618416441214
2023-07-17,2023,7,LATO,22.211302828040303,49.888168017670196,17684.930267546475,1883.7618432352363
2023-07-17,2023,7,LATO,22.274184897928663,49.888168017670196,13180.569477918174,1884.838678889555
2023-07-17,2023,7,LATO,22.337066967817037,49.888168017670196,8690.698097369475,1886.2082412436687
2023-07-17,2023,7,LATO,22.399949037705397,49.888168017670196,4261.372221183644,1888.5933095400956
2023-07-17,2023,7,LATO,22.46283110759377,49.888168017670196,1273.0433310313379,1887.2606185617637
2023-07-17,2023,7,LATO,22.714359387147226,49.888168017670196,18540.996723111853,1886.7474334980393
2023-07-17,2023,7,LATO,22.7772414570356,49.888168017670196,23051.700284254595,1886.7474036355188
2023-07-17,2023,7,LATO,22.14842075815193,49.951050087558556,22893.907202909,1883.7618317256322
2023-07-17,2023,7,LATO,22.211302828040303,49.951050087558556,18560.85477720908,1883.7618329293284
2023-07-17,2023,7,LATO,22.274184897928663,49.951050087558556,14340.735255699794,1885.8362756018337
2023-07-17,2023,7,LATO,22.337066967817037,49.951050087558556,10372.327171727175,1888.5528625372149
2023-07-17,2023,7,LATO,22.399949037705397,49.951050087558556,7091.606383134769,1900.8842104722505
2023-07-17,2023,7,LATO,22.46283110759377,49.951050087558556,5811.522776035262,1901.7275097750207
2023-07-17,2023,7,LATO,22.52571317748213,49.951050087558556,7617.9883071137265,1906.4036694914232
2023-07-17,2023,7,LATO,22.588595247370506,49.951050087558556,11093.733863096215,1891.032861176311
2023-07-17,2023,7,LATO,22.651477317258866,49.951050087558556,15128.95651222953,1886.9139451775072
2023-07-17,2023,7,LATO,22.714359387147226,49.951050087558556,19377.224385232876,1886.5588471899348
2023-07-17,2023,7,LATO,22.7772414570356,49.951050087558556,23724.361235882607,1886.9879841294987
2023-07-17,2023,7,LATO,22.52571317748213,50.01393215744693,13711.204960252908,1891.8485072848441
2023-07-17,2023,7,LATO,22.588595247370506,50.01393215744693,15904.384216903703,1891.8485107421213
2023-07-17,2023,7,LATO,22.651477317258866,50.01393215744693,18937.41900727087,1884.6923650042106
2023-07-17,2023,7,LATO,22.714359387147226,50.01393215744693,22472.79028849216,1882.315970423944
2023-07-17,2023,7,LATO,22.52571317748213,50.07681422733529,20391.3127076881,1891.8484834915844
2023-07-17,2023,7,LATO,22.588595247370506,50.07681422733529,21924.25800871821,1891.8485155412266
2023-07-17,2023,7,LATO,22.651477317258866,50.07681422733529,24211.80329746599,1882.75643394478
2023-08-04,2023,8,LATO,22.34407051881594,49.703023583504546,23255.137262703734,1823.2810042789756
2023-08-04,2023,8,LATO,22.4069525887043,49.703023583504546,22085.707102393648,1823.2810037979998
2023-08-04,2023,8,LATO,22.469834658592674,49.703023583504546,21811.500894878358,1823.3562063646257
2023-08-04,2023,8,LATO,22.532716728481034,49.703023583504546,22465.3225243492,1838.364358748067
2023-08-04,2023,8,LATO,22.59559879836941,49.703023583504546,23971.357135078226,1837.4618985487307
2023-08-04,2023,8,LATO,22.218306379039205,49.765905653392906,22660.981171845084,1849.090701445065
2023-08-04,2023,8,LATO,22.281188448927566,49.765905653392906,19460.18928820575,1839.7826090787082
2023-08-04,2023,8,LATO,22.34407051881594,49.765905653392906,16876.349965413232,1837.3689768712948
2023-08-04,2023,8,LATO,22.4069525887043,49.765905653392906,15226.84159524863,1837.3677561844138
2023-08-04,2023,8,LATO,22.469834658592674,49.765905653392906,14826.846263880092,1839.7322506114817
2023-08-04,2023,8,LATO,22.532716728481034,49.765905653392906,15771.718948820126,1831.365549164234
2023-08-04,2023,8,LATO,22.59559879836941,49.765905653392906,17849.1479538247,1831.9420868622458
2023-08-04,2023,8,LATO,22.15542430915083,49.82878772328128,23034.617265911897,1851.062501686053
2023-08-04,2023,8,LATO,22.218306379039205,49.82878772328128,18843.212638873254,1850.5360730032003
2023-08-04,2023,8,LATO,22.281188448927566,49.82878772328128,14846.545618054737,1842.2478001107097
2023-08-04,2023,8,LATO,22.34407051881594,49.82878772328128,11254.042585435333,1841.965429154086
2023-08-04,2023,8,LATO,22.4069525887043,49.82878772328128,8588.79621870295,1842.447618719491
2023-08-04,2023,8,LATO,22.469834658592674,49.82878772328128,7858.857339596868,1847.0379567191117
2023-08-04,2023,8,LATO,22.532716728481034,49.82878772328128,9520.294167600396,1844.9379060288913
2023-08-04,2023,8,LATO,22.59559879836941,49.82878772328128,12664.545823118542,1838.8548571505955
2023-08-04,2023,8,LATO,22.281188448927566,49.89166979316964,12648.176412927016,1845.6835835187226
2023-08-04,2023,8,LATO,22.34407051881594,49.89166979316964,8144.413309122736,1845.6836012638246
2023-08-13,2023,8,LATO,22.34407051881594,49.703023583504546,23255.137262703734,1895.2160188065504
2023-08-13,2023,8,LATO,22.4069525887043,49.703023583504546,22085.707102393648,1873.985288337193
2023-08-13,2023,8,LATO,22.469834658592674,49.703023583504546,21811.500894878358,1879.182436785856
2023-08-13,2023,8,LATO,22.532716728481034,49.703023583504546,22465.3225243492,1885.7125847153452
2023-08-13,2023,8,LATO,22.59559879836941,49.703023583504546,23971.357135078226,1879.8678643623603
2023-08-13,2023,8,LATO,22.218306379039205,49.765905653392906,22660.981171845084,1896.504180827345
2023-08-13,2023,8,LATO,22.281188448927566,49.765905653392906,19460.18928820575,1893.314190479407
2023-08-13,2023,8,LATO,22.34407051881594,49.765905653392906,16876.349965413232,1872.6498418826436
2023-08-13,2023,8,LATO,22.4069525887043,49.765905653392906,15226.84159524863,1868.5279680733647
2023-08-13,2023,8,LATO,22.469834658592674,49.765905653392906,14826.846263880092,1889.925981213277
2023-08-13,2023,8,LATO,22.532716728481034,49.765905653392906,15771.718948820126,1888.6508751366582
2023-08-13,2023,8,LATO,22.59559879836941,49.765905653392906,17849.1479538247,1890.2158713525796
2023-08-13,2023,8,LATO,22.65848086825777,49.765905653392906,20721.25408852988,1886.6356859127952
2023-08-13,2023,8,LATO,22.721362938146143,49.765905653392906,24105.641550652217,1885.5427063740622
2023-08-13,2023,8,LATO,22.15542430915083,49.82878772328128,23034.617265911897,1895.5966960272387
2023-08-13,2023,8,LATO,22.218306379039205,49.82878772328128,18843.212638873254,1904.8441425315832
2023-08-13,2023,8,LATO,22.281188448927566,49.82878772328128,14846.545618054737,1906.4562736696628
2023-08-13,2023,8,LATO,22.34407051881594,49.82878772328128,11254.042585435333,1889.216783325255
2023-08-13,2023,8,LATO,22.4069525887043,49.82878772328128,8588.79621870295,1881.250201332586
2023-08-13,2023,8,LATO,22.469834658592674,49.82878772328128,7858.857339596868,1887.0159129423746
2023-08-13,2023,8,LATO,22.532716728481034,49.82878772328128,9520.294167600396,1891.77170771353
2023-08-13,2023,8,LATO,22.59559879836941,49.82878772328128,12664.545823118542,1892.0288085937088
2023-08-13,2023,8,LATO,22.65848086825777,49.82878772328128,16462.861357514073,1886.3403890062575
2023-08-13,2023,8,LATO,22.721362938146143,49.82878772328128,20555.805582780067,1888.264398231269
2023-08-13,2023,8,LATO,22.784245008034503,49.82878772328128,24797.915498238333,1888.1254479787233
2023-08-13,2023,8,LATO,22.15542430915083,49.89166979316964,21673.66463551955,1893.2386474609657
2023-08-13,2023,8,LATO,22.218306379039205,49.89166979316964,17159.501401782156,1901.4866274298338
2023-08-13,2023,8,LATO,22.281188448927566,49.89166979316964,12648.176412927016,1880.9941222821494
2023-08-13,2023,8,LATO,22.34407051881594,49.89166979316964,8144.413309122736,1878.262381229909
2023-08-13,2023,8,LATO,22.4069525887043,49.89166979316964,3676.120132065583,1895.568120097265
2023-08-13,2023,8,LATO,22.469834658592674,49.89166979316964,1234.3332592430152,1895.4501042016714
2023-08-13,2023,8,LATO,22.532716728481034,49.89166979316964,5510.047998282455,1895.6269253408695
2023-08-13,2023,8,LATO,22.59559879836941,49.89166979316964,10001.249720505602,1893.9110314470222
2023-08-13,2023,8,LATO,22.65848086825777,49.89166979316964,14509.191178276815,1899.8421318541166
2023-08-13,2023,8,LATO,22.721362938146143,49.89166979316964,19021.972796300142,1888.1141144898693
2023-08-13,2023,8,LATO,22.784245008034503,49.89166979316964,23536.808419606954,1888.6612351103433
2023-08-13,2023,8,LATO,22.15542430915083,49.954551863058015,22510.8792662599,1895.6826424941376
2023-08-13,2023,8,LATO,22.218306379039205,49.954551863058015,18211.76257979477,1896.7524538334687
2023-08-13,2023,8,LATO,22.281188448927566,49.954551863058015,14048.878285394561,1884.0635459340945
2023-08-13,2023,8,LATO,22.34407051881594,49.954551863058015,10190.576603239142,1884.4002881948768
2023-08-13,2023,8,LATO,22.4069525887043,49.954551863058015,7148.356855025623,1911.5177311843338
2023-08-13,2023,8,LATO,22.469834658592674,49.954551863058015,6254.948067902238,1906.3488897320094
2023-08-13,2023,8,LATO,22.532716728481034,49.954551863058015,8241.591098191455,1899.6991002857953
2023-08-13,2023,8,LATO,22.59559879836941,49.954551863058015,11725.935301088623,1894.7901975666446
2023-08-13,2023,8,LATO,22.65848086825777,49.954551863058015,15743.110891885131,1896.4167246124305
2023-08-13,2023,8,LATO,22.721362938146143,49.954551863058015,19974.174910830076,1893.5651293983785
2023-08-13,2023,8,LATO,22.784245008034503,49.954551863058015,24307.690331532653,1894.9206135366321
2023-08-13,2023,8,LATO,22.218306379039205,50.017433932946375,21603.925642499682,1899.5039763910852
2023-08-13,2023,8,LATO,22.281188448927566,50.017433932946375,18237.52611427792,1899.751288958233
2023-08-13,2023,8,LATO,22.34407051881594,50.017433932946375,15466.293793761843,1904.6952454090547
2023-08-13,2023,8,LATO,22.4069525887043,50.017433932946375,13657.461448845475,1907.1752183390224
2023-08-13,2023,8,LATO,22.469834658592674,50.017433932946375,13212.389441694519,1897.1103281277387
2023-08-13,2023,8,LATO,22.532716728481034,50.017433932946375,14259.351764241463,1892.4449904742619
2023-08-13,2023,8,LATO,22.59559879836941,50.017433932946375,16517.022631493433,1888.5875349403545
2023-08-13,2023,8,LATO,22.65848086825777,50.017433932946375,19570.797270048133,1889.4632737993063
2023-08-13,2023,8,LATO,22.721362938146143,50.017433932946375,23107.169243358545,1891.0791728997735
2023-08-13,2023,8,LATO,22.281188448927566,50.08031600283475,23784.217944379117,1900.1766765585935
2023-08-13,2023,8,LATO,22.34407051881594,50.08031600283475,21734.993638187294,1905.0305472970374
2023-08-13,2023,8,LATO,22.4069525887043,50.08031600283475,20488.99113317238,1899.5361752711492
2023-08-13,2023,8,LATO,22.469834658592674,50.08031600283475,20195.42885761202,1899.1456623672434
2023-08-13,2023,8,LATO,22.532716728481034,50.08031600283475,20894.489209014744,1887.7843794221583
2023-08-13,2023,8,LATO,22.59559879836941,50.08031600283475,22493.81768028525,1889.174661802025
2023-08-13,2023,8,LATO,22.65848086825777,50.08031600283475,24819.99003576218,1894.216193731216
2024-01-29,2024,1,ZIMA,22.358077620813745,49.692518257006185,24036.28537388006,1851.9279892220509
2024-01-29,2024,1,ZIMA,22.420959690702112,49.692518257006185,23104.98488514228,1859.9939434030662
2024-01-29,2024,1,ZIMA,22.483841760590476,49.692518257006185,23041.973189433345,1877.4142163166207
2024-01-29,2024,1,ZIMA,22.546723830478843,49.692518257006185,23854.13199538197,1875.6190434788332
2024-01-29,2024,1,ZIMA,22.295195550925378,49.755400326894545,19753.904924384224,1857.7259581058324
2024-01-29,2024,1,ZIMA,22.358077620813745,49.755400326894545,17476.51730438985,1857.5206784673067
2024-01-29,2024,1,ZIMA,22.420959690702112,49.755400326894545,16173.517106510242,1851.2820300298006
2024-01-29,2024,1,ZIMA,22.483841760590476,49.755400326894545,16083.488848301236,1860.4994992318507
2024-01-29,2024,1,ZIMA,22.546723830478843,49.755400326894545,17225.461287777885,1873.7123756317442
2024-01-29,2024,1,ZIMA,22.60960590036721,49.755400326894545,19382.89198217946,1875.505644467428
2024-01-29,2024,1,ZIMA,22.672487970255577,49.755400326894545,22262.494312217816,1872.4249261096859
2024-01-29,2024,1,ZIMA,22.23231348103701,49.818282396782934,18471.398767979917,1897.908282899772
2024-01-29,2024,1,ZIMA,22.295195550925378,49.818282396782934,14684.168804842242,1898.8810002453492
2024-01-29,2024,1,ZIMA,22.358077620813745,49.818282396782934,11443.174804672353,1899.5513366613782
2024-01-29,2024,1,ZIMA,22.420959690702112,49.818282396782934,9335.786903003962,1877.8142945362067
2024-01-29,2024,1,ZIMA,22.483841760590476,49.818282396782934,9179.141143247618,1857.4185951432673
2024-01-29,2024,1,ZIMA,22.546723830478843,49.818282396782934,11056.462574684838,1854.4031082476406
2024-01-29,2024,1,ZIMA,22.60960590036721,49.818282396782934,14181.795255504276,1851.1782793097473
2024-01-29,2024,1,ZIMA,22.672487970255577,49.818282396782934,17913.41611573094,1863.159977498694
2024-01-29,2024,1,ZIMA,22.169431411148643,49.881164466671294,20748.830703476862,1906.4255833877587
2024-01-29,2024,1,ZIMA,22.23231348103701,49.881164466671294,16256.474391867254,1903.6699113487873
2024-01-29,2024,1,ZIMA,22.295195550925378,49.881164466671294,11784.224979272622,1901.5889395819856
2024-01-29,2024,1,ZIMA,22.358077620813745,49.881164466671294,7368.789638683099,1899.3626013549451
2024-01-29,2024,1,ZIMA,22.420959690702112,49.881164466671294,3250.5896656574573,1898.122179910873
2024-01-29,2024,1,ZIMA,22.483841760590476,49.881164466671294,2769.4392779576187,1899.5707565100868
2024-01-29,2024,1,ZIMA,22.546723830478843,49.881164466671294,6753.4756003398525,1895.8102887292862
2024-01-29,2024,1,ZIMA,22.60960590036721,49.881164466671294,11152.813597600361,1857.725984340239
2024-01-29,2024,1,ZIMA,22.169431411148643,49.944046536559654,21241.84252136218,1904.7404472306218
2024-01-29,2024,1,ZIMA,22.23231348103701,49.944046536559654,16887.595157978216,1907.243286132812
2024-01-29,2024,1,ZIMA,22.295195550925378,49.944046536559654,12647.0877148698,1903.5722218585465
2024-01-29,2024,1,ZIMA,22.358077620813745,49.944046536559654,8688.489401313918,1902.3461914061875
2024-01-29,2024,1,ZIMA,22.420959690702112,49.944046536559654,5640.392259094248,1899.2752340683498
2024-01-29,2024,1,ZIMA,22.483841760590476,49.944046536559654,5377.849042339499,1898.1460932772115
2024-01-29,2024,1,ZIMA,22.546723830478843,49.944046536559654,8173.831351201074,1898.9971664728246
2024-01-29,2024,1,ZIMA,22.169431411148643,50.006928606448014,23869.613690282575,1893.4813548450804
2024-01-29,2024,1,ZIMA,22.23231348103701,50.006928606448014,20098.500081833357,1894.2653198843984
2024-01-29,2024,1,ZIMA,22.295195550925378,50.006928606448014,16699.42740806596,1898.781838836673
2024-01-29,2024,1,ZIMA,22.358077620813745,50.006928606448014,13947.116730432967,1905.1724035472016
2024-01-29,2024,1,ZIMA,22.420959690702112,50.006928606448014,12284.268415550014,1905.8741680930684
2024-01-29,2024,1,ZIMA,22.483841760590476,50.006928606448014,12166.111018046417,1902.3461804099722
2024-01-29,2024,1,ZIMA,22.295195550925378,50.069810676336374,22262.92187554154,1894.287166225228
2024-01-29,2024,1,ZIMA,22.358077620813745,50.069810676336374,20282.97479853648,1894.588840533631
2024-01-29,2024,1,ZIMA,22.420959690702112,50.069810676336374,19179.082293899297,1905.3732052879968
2024-01-29,2024,1,ZIMA,22.354575845314294,49.692518257006185,24112.090228048502,1866.424624439105
2024-01-29,2024,1,ZIMA,22.417457915202657,49.692518257006185,23134.547378102303,1866.0631374275915
2024-01-29,2024,1,ZIMA,22.480339985091025,49.692518257006185,23022.08858500473,1865.0494467594076
2024-01-29,2024,1,ZIMA,22.543222054979392,49.692518257006185,23786.98643868175,1861.620997884986
2024-01-29,2024,1,ZIMA,22.354575845314294,49.755400326894545,17580.495625769614,1869.306399808225
2024-01-29,2024,1,ZIMA,22.417457915202657,49.755400326894545,16215.66667820542,1869.3063964843343
2024-01-29,2024,1,ZIMA,22.480339985091025,49.755400326894545,16055.025104151813,1867.8139564485944
2024-01-29,2024,1,ZIMA,22.543222054979392,49.755400326894545,17132.476668509815,1866.0413818359978
2024-01-29,2024,1,ZIMA,22.60610412486776,49.755400326894545,19241.147484226796,1866.0375095252618
2024-01-29,2024,1,ZIMA,22.668986194756126,49.755400326894545,22087.641825604678,1868.4543092963029
2024-01-29,2024,1,ZIMA,22.165929635649192,49.818282396782934,22762.27075808762,1906.6014471477815
2024-01-29,2024,1,ZIMA,22.22881170553756,49.818282396782934,18691.89945697382,1906.6014465338249
2024-01-29,2024,1,ZIMA,22.291693775425927,49.818282396782934,14884.29752506612,1902.8628372457154
2024-01-29,2024,1,ZIMA,22.354575845314294,49.818282396782934,11601.151230090853,1892.9923786398988
2024-01-29,2024,1,ZIMA,22.417457915202657,49.818282396782934,9408.524932013164,1892.5631354922127
2024-01-29,2024,1,ZIMA,22.480339985091025,49.818282396782934,9129.240569089454,1884.1456281949788
2024-01-29,2024,1,ZIMA,22.543222054979392,49.818282396782934,10911.220491147085,1884.1434140306965
2024-01-29,2024,1,ZIMA,22.60610412486776,49.818282396782934,13987.696201742643,1884.3510312173569
2024-01-29,2024,1,ZIMA,22.668986194756126,49.818282396782934,17695.925250540768,1893.4383939452757
2024-01-29,2024,1,ZIMA,22.73186826464449,49.818282396782934,21714.62640675995,1898.1918874120322
2024-01-29,2024,1,ZIMA,22.165929635649192,49.881164466671294,20999.33229321837,1891.2746627954743
2024-01-29,2024,1,ZIMA,22.22881170553756,49.881164466671294,16506.267562304827,1891.2309913390961
2024-01-29,2024,1,ZIMA,22.291693775425927,49.881164466671294,12032.364262771302,1895.3146505164775
2024-01-29,2024,1,ZIMA,22.354575845314294,49.881164466671294,7611.491975228226,1896.5933211547824
2024-01-29,2024,1,ZIMA,22.417457915202657,49.881164466671294,3453.693223036827,1896.6699017084559
2024-01-29,2024,1,ZIMA,22.480339985091025,49.881164466671294,2599.495245792041,1897.4965448507976
2024-01-29,2024,1,ZIMA,22.543222054979392,49.881164466671294,6513.288539257984,1897.4126463911105
2024-01-29,2024,1,ZIMA,22.60610412486776,49.881164466671294,10905.258517402252,1898.6142314142705
2024-01-29,2024,1,ZIMA,22.668986194756126,49.881164466671294,15370.833327011827,1907.509133853269
2024-01-29,2024,1,ZIMA,22.73186826464449,49.881164466671294,19860.423092579564,1907.261070471818
2024-01-29,2024,1,ZIMA,22.794750334532857,49.881164466671294,24360.75155742461,1907.155697837466
2024-01-29,2024,1,ZIMA,22.165929635649192,49.944046536559654,21486.28087913054,1893.8562764472135
2024-01-29,2024,1,ZIMA,22.22881170553756,49.944046536559654,17127.876258600787,1893.5266963553183
2024-01-29,2024,1,ZIMA,22.291693775425927,49.944046536559654,12878.31429302353,1895.77939979257
2024-01-29,2024,1,ZIMA,22.354575845314294,49.944046536559654,8894.991312628392,1895.695604458189
2024-01-29,2024,1,ZIMA,22.417457915202657,49.944046536559654,5759.680046957223,1895.518676757746
2024-01-29,2024,1,ZIMA,22.480339985091025,49.944046536559654,5292.450368233288,1900.3354492186877
2024-01-29,2024,1,ZIMA,22.543222054979392,49.944046536559654,7976.788686317586,1900.3354492188193
2024-01-29,2024,1,ZIMA,22.60610412486776,49.944046536559654,11833.48850859346,1905.1250981148964
2024-01-29,2024,1,ZIMA,22.668986194756126,49.944046536559654,16037.980704463247,1912.753662109312
2024-01-29,2024,1,ZIMA,22.73186826464449,49.944046536559654,20376.093396314827,1912.7536621093084
2024-01-29,2024,1,ZIMA,22.794750334532857,49.944046536559654,24777.740103857333,1912.7419488033001
2024-01-29,2024,1,ZIMA,22.165929635649192,50.006928606448014,24087.11788566591,1904.8890387627935
2024-01-29,2024,1,ZIMA,22.22881170553756,50.006928606448014,20300.550055771535,1904.833043514289
2024-01-29,2024,1,ZIMA,22.291693775425927,50.006928606448014,16874.99133361886,1905.9699239453994
2024-01-29,2024,1,ZIMA,22.354575845314294,50.006928606448014,14076.517619419135,1905.781558238614
2024-01-29,2024,1,ZIMA,22.417457915202657,50.006928606448014,12339.42325907192,1904.082822884313
2024-01-29,2024,1,ZIMA,22.480339985091025,50.006928606448014,12128.65266097527,1900.7570011903438
2024-01-29,2024,1,ZIMA,22.543222054979392,50.006928606448014,13515.800272744598,1900.6827655250775
2024-01-29,2024,1,ZIMA,22.60610412486776,50.006928606448014,16092.839025049043,1904.2138447279626
2024-01-29,2024,1,ZIMA,22.668986194756126,50.006928606448014,19391.031598309888,1904.944385157412
2024-01-29,2024,1,ZIMA,22.73186826464449,50.006928606448014,23103.564470285364,1905.1263337677817
2024-01-29,2024,1,ZIMA,22.291693775425927,50.069810676336374,22394.741498546697,1903.999269584124
2024-01-29,2024,1,ZIMA,22.354575845314294,50.069810676336374,20372.0547241168,1904.1393126452099
2024-01-29,2024,1,ZIMA,22.417457915202657,50.069810676336374,19214.409734969002,1903.1858183091904
2024-01-29,2024,1,ZIMA,22.480339985091025,50.069810676336374,19079.914015941584,1901.806263118407
2024-01-29,2024,1,ZIMA,22.543222054979392,50.069810676336374,19989.23029615635,1901.7977480537602
2024-01-29,2024,1,ZIMA,22.60610412486776,50.069810676336374,21812.20457988765,1903.5632023837238
2024-01-29,2024,1,ZIMA,22.668986194756126,50.069810676336374,24344.445570191427,1903.5509064211199
2024-01-30,2024,1,ZIMA,22.668986194756126,49.755400326894545,22087.641825604678,1923.1414023130133
2024-01-30,2024,1,ZIMA,22.165929635649192,49.818282396782934,22762.27075808762,1899.4460420080923
2024-01-30,2024,1,ZIMA,22.417457915202657,49.818282396782934,9408.524932013164,1894.591919799704
2024-01-30,2024,1,ZIMA,22.480339985091025,49.818282396782934,9129.240569089454,1893.6069841192786
2024-01-30,2024,1,ZIMA,22.543222054979392,49.818282396782934,10911.220491147085,1886.738542390414
2024-01-30,2024,1,ZIMA,22.60610412486776,49.818282396782934,13987.696201742643,1893.7266484016077
2024-01-30,2024,1,ZIMA,22.668986194756126,49.818282396782934,17695.925250540768,1925.3331259959175
2024-01-30,2024,1,ZIMA,22.73186826464449,49.818282396782934,21714.62640675995,1917.656841870134
2024-01-30,2024,1,ZIMA,22.165929635649192,49.881164466671294,20999.33229321837,1894.254995654251
2024-01-30,2024,1,ZIMA,22.22881170553756,49.881164466671294,16506.267562304827,1893.7568375114386
2024-01-30,2024,1,ZIMA,22.480339985091025,49.881164466671294,2599.495245792041,1890.2406384034186
2024-01-30,2024,1,ZIMA,22.543222054979392,49.881164466671294,6513.288539257984,1889.4901387505179
2024-01-30,2024,1,ZIMA,22.60610412486776,49.881164466671294,10905.258517402252,1913.1850704714382
2024-01-30,2024,1,ZIMA,22.668986194756126,49.881164466671294,15370.833327011827,1917.328340103654
2024-01-30,2024,1,ZIMA,22.73186826464449,49.881164466671294,19860.423092579564,1900.816449961862
2024-01-30,2024,1,ZIMA,22.794750334532857,49.881164466671294,24360.75155742461,1899.1119732060542
2024-01-30,2024,1,ZIMA,22.165929635649192,49.944046536559654,21486.28087913054,1896.5254234598367
2024-01-30,2024,1,ZIMA,22.22881170553756,49.944046536559654,17127.876258600787,1896.0814652253603
2024-01-30,2024,1,ZIMA,22.480339985091025,49.944046536559654,5292.450368233288,1887.8513022100503
2024-01-30,2024,1,ZIMA,22.543222054979392,49.944046536559654,7976.788686317586,1888.35185370461
2024-01-30,2024,1,ZIMA,22.60610412486776,49.944046536559654,11833.48850859346,1913.746439709358
2024-01-30,2024,1,ZIMA,22.668986194756126,49.944046536559654,16037.980704463247,1914.097415028551
2024-01-30,2024,1,ZIMA,22.73186826464449,49.944046536559654,20376.093396314827,1899.4762959611958
2024-01-30,2024,1,ZIMA,22.794750334532857,49.944046536559654,24777.740103857333,1899.5615234375366
2024-01-30,2024,1,ZIMA,22.165929635649192,50.006928606448014,24087.11788566591,1882.661237172283
2024-01-30,2024,1,ZIMA,22.22881170553756,50.006928606448014,20300.550055771535,1888.602144046226
2024-01-30,2024,1,ZIMA,22.291693775425927,50.006928606448014,16874.99133361886,1886.4923914808608
2024-01-30,2024,1,ZIMA,22.354575845314294,50.006928606448014,14076.517619419135,1874.8757904479198
2024-01-30,2024,1,ZIMA,22.417457915202657,50.006928606448014,12339.42325907192,1870.3619470571844
2024-01-30,2024,1,ZIMA,22.480339985091025,50.006928606448014,12128.65266097527,1870.4960791803346
2024-01-30,2024,1,ZIMA,22.543222054979392,50.006928606448014,13515.800272744598,1872.758852079343
2024-01-30,2024,1,ZIMA,22.60610412486776,50.006928606448014,16092.839025049043,1907.4837639126738
2024-01-30,2024,1,ZIMA,22.668986194756126,50.006928606448014,19391.031598309888,1906.923700838993
2024-01-30,2024,1,ZIMA,22.73186826464449,50.006928606448014,23103.564470285364,1891.938581294514
2024-01-30,2024,1,ZIMA,22.291693775425927,50.069810676336374,22394.741498546697,1889.828897430513
2024-01-30,2024,1,ZIMA,22.354575845314294,50.069810676336374,20372.0547241168,1881.7511973840697
2024-01-30,2024,1,ZIMA,22.417457915202657,50.069810676336374,19214.409734969002,1873.5684090003383
2024-01-30,2024,1,ZIMA,22.480339985091025,50.069810676336374,19079.914015941584,1858.674804687439
2024-01-30,2024,1,ZIMA,22.543222054979392,50.069810676336374,19989.23029615635,1870.0849247209792
2024-01-30,2024,1,ZIMA,22.60610412486776,50.069810676336374,21812.20457988765,1896.1651213095993
2024-01-30,2024,1,ZIMA,22.668986194756126,50.069810676336374,24344.445570191427,1896.048435801298
2024-02-16,2024,2,ZIMA,22.354575845314294,49.692518257006185,24112.090228048502,1851.3761610145805
2024-02-16,2024,2,ZIMA,22.417457915202657,49.692518257006185,23134.547378102303,1862.817345954087
2024-02-16,2024,2,ZIMA,22.480339985091025,49.692518257006185,23022.08858500473,1879.215418332853
2024-02-16,2024,2,ZIMA,22.543222054979392,49.692518257006185,23786.98643868175,1879.7648334502069
2024-02-16,2024,2,ZIMA,22.22881170553756,49.755400326894545,22894.36986324161,1874.718703420684
2024-02-16,2024,2,ZIMA,22.291693775425927,49.755400326894545,19903.314178415047,1861.4722190072284
2024-02-16,2024,2,ZIMA,22.354575845314294,49.755400326894545,17580.495625769614,1853.776157945536
2024-02-16,2024,2,ZIMA,22.417457915202657,49.755400326894545,16215.66667820542,1848.136876028334
2024-02-16,2024,2,ZIMA,22.480339985091025,49.755400326894545,16055.025104151813,1865.3153402699545
2024-02-16,2024,2,ZIMA,22.543222054979392,49.755400326894545,17132.476668509815,1880.9561938680126
2024-02-16,2024,2,ZIMA,22.60610412486776,49.755400326894545,19241.147484226796,1898.2408423867028
2024-02-16,2024,2,ZIMA,22.668986194756126,49.755400326894545,22087.641825604678,1883.7635300745205
2024-02-16,2024,2,ZIMA,22.165929635649192,49.818282396782934,22762.27075808762,1883.5397786610608
2024-02-16,2024,2,ZIMA,22.22881170553756,49.818282396782934,18691.89945697382,1872.1724698575156
2024-02-16,2024,2,ZIMA,22.291693775425927,49.818282396782934,14884.29752506612,1872.6414617323028
2024-02-16,2024,2,ZIMA,22.354575845314294,49.818282396782934,11601.151230090853,1876.2553710936807
2024-02-16,2024,2,ZIMA,22.417457915202657,49.818282396782934,9408.524932013164,1866.3694384114428
2024-02-16,2024,2,ZIMA,22.480339985091025,49.818282396782934,9129.240569089454,1873.6006052625653
2024-02-16,2024,2,ZIMA,22.543222054979392,49.818282396782934,10911.220491147085,1890.2376904227913
2024-02-16,2024,2,ZIMA,22.60610412486776,49.818282396782934,13987.696201742643,1882.9020146817343
2024-02-16,2024,2,ZIMA,22.668986194756126,49.818282396782934,17695.925250540768,1879.696539566417
2024-02-16,2024,2,ZIMA,22.73186826464449,49.818282396782934,21714.62640675995,1903.570658535418
2024-02-16,2024,2,ZIMA,22.165929635649192,49.881164466671294,20999.33229321837,1864.1095309456416
2024-02-16,2024,2,ZIMA,22.22881170553756,49.881164466671294,16506.267562304827,1863.437866210865
2024-02-16,2024,2,ZIMA,22.291693775425927,49.881164466671294,12032.364262771302,1866.7368060306644
2024-02-16,2024,2,ZIMA,22.354575845314294,49.881164466671294,7611.491975228226,1868.4151874386248
2024-02-16,2024,2,ZIMA,22.417457915202657,49.881164466671294,3453.693223036827,1866.0161072500691
2024-02-16,2024,2,ZIMA,22.480339985091025,49.881164466671294,2599.495245792041,1900.5184363302221
2024-02-16,2024,2,ZIMA,22.543222054979392,49.881164466671294,6513.288539257984,1898.876471240592
2024-02-16,2024,2,ZIMA,22.60610412486776,49.881164466671294,10905.258517402252,1893.6185010042484
2024-02-16,2024,2,ZIMA,22.668986194756126,49.881164466671294,15370.833327011827,1893.3891059939835
2024-02-16,2024,2,ZIMA,22.73186826464449,49.881164466671294,19860.423092579564,1907.0668945312746
2024-02-16,2024,2,ZIMA,22.794750334532857,49.881164466671294,24360.75155742461,1901.248651999568
2024-02-16,2024,2,ZIMA,22.165929635649192,49.944046536559654,21486.28087913054,1865.259275720279
2024-02-16,2024,2,ZIMA,22.22881170553756,49.944046536559654,17127.876258600787,1865.1604824032433
2024-02-16,2024,2,ZIMA,22.291693775425927,49.944046536559654,12878.31429302353,1867.7977081135107
2024-02-16,2024,2,ZIMA,22.354575845314294,49.944046536559654,8894.991312628392,1868.4133839323558
2024-02-16,2024,2,ZIMA,22.417457915202657,49.944046536559654,5759.680046957223,1868.4218749999347
2024-02-16,2024,2,ZIMA,22.480339985091025,49.944046536559654,5292.450368233288,1900.678084205493
2024-02-16,2024,2,ZIMA,22.543222054979392,49.944046536559654,7976.788686317586,1900.1416702042961
2024-02-16,2024,2,ZIMA,22.60610412486776,49.944046536559654,11833.48850859346,1895.226016434089
2024-02-16,2024,2,ZIMA,22.668986194756126,49.944046536559654,16037.980704463247,1896.7994843190882
2024-02-16,2024,2,ZIMA,22.73186826464449,49.944046536559654,20376.093396314827,1900.0230291778216
2024-02-16,2024,2,ZIMA,22.794750334532857,49.944046536559654,24777.740103857333,1890.0453478131774
2024-02-16,2024,2,ZIMA,22.165929635649192,50.006928606448014,24087.11788566591,1874.9287499816303
2024-02-16,2024,2,ZIMA,22.22881170553756,50.006928606448014,20300.550055771535,1884.4285101152414
2024-02-16,2024,2,ZIMA,22.291693775425927,50.006928606448014,16874.99133361886,1887.6922412974614
2024-02-16,2024,2,ZIMA,22.354575845314294,50.006928606448014,14076.517619419135,1893.73874171719
2024-02-16,2024,2,ZIMA,22.417457915202657,50.006928606448014,12339.42325907192,1897.4978461564333
2024-02-16,2024,2,ZIMA,22.480339985091025,50.006928606448014,12128.65266097527,1901.0535228718388
2024-02-16,2024,2,ZIMA,22.543222054979392,50.006928606448014,13515.800272744598,1899.0429528529369
2024-02-16,2024,2,ZIMA,22.60610412486776,50.006928606448014,16092.839025049043,1898.3934473632175
2024-02-16,2024,2,ZIMA,22.668986194756126,50.006928606448014,19391.031598309888,1897.8771038738632
2024-02-16,2024,2,ZIMA,22.73186826464449,50.006928606448014,23103.564470285364,1887.0435176128888
2024-02-16,2024,2,ZIMA,22.291693775425927,50.069810676336374,22394.741498546697,1889.1281686482237
2024-02-16,2024,2,ZIMA,22.354575845314294,50.069810676336374,20372.0547241168,1891.3052743553083
2024-02-16,2024,2,ZIMA,22.417457915202657,50.069810676336374,19214.409734969002,1901.1523764551225
2024-02-16,2024,2,ZIMA,22.480339985091025,50.069810676336374,19079.914015941584,1897.0898854425075
2024-02-16,2024,2,ZIMA,22.543222054979392,50.069810676336374,19989.23029615635,1891.3758524657298
2024-02-16,2024,2,ZIMA,22.60610412486776,50.069810676336374,21812.20457988765,1897.9765989566029
2024-02-16,2024,2,ZIMA,22.668986194756126,50.069810676336374,24344.445570191427,1899.1570443463145
2024-02-29,2024,2,ZIMA,22.480339985091025,49.692518257006185,23022.08858500473,1854.9802157884415
2024-02-29,2024,2,ZIMA,22.543222054979392,49.692518257006185,23786.98643868175,1854.980208480655
2024-02-29,2024,2,ZIMA,22.60610412486776,49.755400326894545,19241.147484226796,1854.9802579716998
2024-02-29,2024,2,ZIMA,22.668986194756126,49.755400326894545,22087.641825604678,1854.9802238655548
2024-02-29,2024,2,ZIMA,22.351074069814842,49.692518257006185,24190.285392836526,1843.376825285606
2024-02-29,2024,2,ZIMA,22.41395613970321,49.692518257006185,23166.81612948473,1845.4145501255753
2024-02-29,2024,2,ZIMA,22.476838209591577,49.692518257006185,23004.950086141587,1845.4145526153036
2024-02-29,2024,2,ZIMA,22.539720279479937,49.692518257006185,23722.33053402328,1845.4145514837862
2024-02-29,2024,2,ZIMA,22.225309930038108,49.755400326894545,23075.62091358676,1836.4176164599241
2024-02-29,2024,2,ZIMA,22.288191999926475,49.755400326894545,20054.775957172795,1836.6074338856477
2024-02-29,2024,2,ZIMA,22.351074069814842,49.755400326894545,17687.45214846048,1850.0588101584874
2024-02-29,2024,2,ZIMA,22.41395613970321,49.755400326894545,16261.611335671701,1851.50445551902
2024-02-29,2024,2,ZIMA,22.476838209591577,49.755400326894545,16030.471476220679,1851.875359783567
2024-02-29,2024,2,ZIMA,22.539720279479937,49.755400326894545,17042.710013347772,1852.6171704551302
2024-02-29,2024,2,ZIMA,22.602602349368304,49.755400326894545,19101.674777579803,1870.1686482734929
2024-02-29,2024,2,ZIMA,22.66548441925667,49.755400326894545,21914.29117237456,1871.9857778840087
2024-03-09,2024,3,ZIMA,22.73186826464449,49.881164466671294,19860.423092579564,1874.8372305065084
2024-03-09,2024,3,ZIMA,22.794750334532857,49.881164466671294,24360.75155742461,1871.877624440743
2024-03-09,2024,3,ZIMA,22.73186826464449,49.944046536559654,20376.093396314827,1871.047536739932
2024-03-09,2024,3,ZIMA,22.794750334532857,49.944046536559654,24777.740103857333,1874.286511412763
2024-03-09,2024,3,ZIMA,22.60610412486776,50.006928606448014,16092.839025049043,1888.892044808874
2024-03-09,2024,3,ZIMA,22.668986194756126,50.006928606448014,19391.031598309888,1888.9274554301232
2024-03-09,2024,3,ZIMA,22.73186826464449,50.006928606448014,23103.564470285364,1870.3094412016053
2024-03-09,2024,3,ZIMA,22.543222054979392,50.069810676336374,19989.23029615635,1887.9937625509317
2024-03-09,2024,3,ZIMA,22.60610412486776,50.069810676336374,21812.20457988765,1888.7709376142482
2024-03-09,2024,3,ZIMA,22.668986194756126,50.069810676336374,24344.445570191427,1888.0410054299014
2024-03-21,2024,3,ZIMA,22.22881170553756,49.758902102394,22624.046814957903,1875.4824123345052
2024-03-21,2024,3,ZIMA,22.165929635649192,49.82178417228238,22610.888262467266,1863.2959234989037
2024-03-21,2024,3,ZIMA,22.22881170553756,49.82178417228238,18507.581667229533,1864.4677884323783
2024-03-21,2024,3,ZIMA,22.291693775425927,49.82178417228238,14652.474429487585,1864.6517311111359
2024-03-21,2024,3,ZIMA,22.354575845314294,49.82178417228238,11302.46295250511,1864.7773704718236
2024-03-21,2024,3,ZIMA,22.165929635649192,49.88466624217074,20965.48454243477,1855.204718743746
2024-03-21,2024,3,ZIMA,22.22881170553756,49.88466624217074,16463.55502224266,1857.739681998342
2024-03-21,2024,3,ZIMA,22.291693775425927,49.88466624217074,11974.088716404958,1863.3573558572048
2024-03-21,2024,3,ZIMA,22.354575845314294,49.88466624217074,7519.4482632486,1868.5955546354578
2024-03-21,2024,3,ZIMA,22.417457915202657,49.88466624217074,3246.3229762535266,1866.2963090166245
2024-03-21,2024,3,ZIMA,22.480339985091025,49.88466624217074,2316.972690361665,1865.5094478439387
2024-03-21,2024,3,ZIMA,22.543222054979392,49.88466624217074,6405.571118368106,1856.876920420533
2024-03-21,2024,3,ZIMA,22.165929635649192,49.94754831205911,21579.812467858832,1852.2301827531871
2024-03-21,2024,3,ZIMA,22.22881170553756,49.94754831205911,17245.416340154075,1854.1869940764077
2024-03-21,2024,3,ZIMA,22.291693775425927,49.94754831205911,13034.58722823578,1866.1969732645255
2024-03-21,2024,3,ZIMA,22.354575845314294,49.94754831205911,9120.123338587056,1868.4243570021245
2024-03-21,2024,3,ZIMA,22.417457915202657,49.94754831205911,6101.88788802132,1869.1051768221691
2024-03-21,2024,3,ZIMA,22.480339985091025,49.94754831205911,5662.996384288863,1861.0548774351128
2024-03-21,2024,3,ZIMA,22.543222054979392,49.94754831205911,8227.15399717367,1856.8411103400197
2024-03-21,2024,3,ZIMA,22.60610412486776,49.94754831205911,12003.449849944192,1856.8404487791202
2024-03-21,2024,3,ZIMA,22.668986194756126,49.94754831205911,16163.529480174113,1856.8404631198684
2024-03-21,2024,3,ZIMA,22.165929635649192,50.01043038194747,24283.038247886205,1851.351447888481
2024-03-21,2024,3,ZIMA,22.22881170553756,50.01043038194747,20532.930787115496,1857.8669199742253
2024-03-21,2024,3,ZIMA,22.291693775425927,50.01043038194747,17154.110502445375,1875.192504882881
2024-03-21,2024,3,ZIMA,22.354575845314294,50.01043038194747,14410.163939478029,1873.969282376092
2024-03-21,2024,3,ZIMA,22.417457915202657,50.01043038194747,12718.8513596271,1867.4844601585132
2024-03-21,2024,3,ZIMA,22.480339985091025,50.01043038194747,12514.487746784618,1860.5146505113162
2024-03-21,2024,3,ZIMA,22.543222054979392,50.01043038194747,13862.98882068102,1860.5146519419134
2024-03-21,2024,3,ZIMA,22.60610412486776,50.01043038194747,16385.34462160376,1860.3803449810564
2024-03-21,2024,3,ZIMA,22.668986194756126,50.01043038194747,19634.246743118325,1858.8161199282329
2024-03-21,2024,3,ZIMA,22.291693775425927,50.07331245183585,22726.009158975274,1872.6537294646685
2024-03-21,2024,3,ZIMA,22.354575845314294,50.07331245183585,20735.813456964195,1873.9431718754454
2024-03-21,2024,3,ZIMA,22.417457915202657,50.07331245183585,19599.750597808397,1875.1924935587422
2024-03-21,2024,3,ZIMA,22.60610412486776,50.07331245183585,22152.2276541762,1860.514651581919
2024-03-27,2024,3,ZIMA,22.22881170553756,49.765905653392906,22094.07877149692,1857.278646300496
2024-03-27,2024,3,ZIMA,22.291693775425927,49.765905653392906,18978.031889389276,1857.285796376314
2024-03-27,2024,3,ZIMA,22.165929635649192,49.82878772328128,22325.43538520545,1862.4811867817
2024-03-27,2024,3,ZIMA,22.22881170553756,49.82878772328128,18158.406619754358,1862.6397105244926
2024-03-27,2024,3,ZIMA,22.165929635649192,49.89166979316964,20919.391463104264,1857.8805488545481
2024-03-27,2024,3,ZIMA,22.22881170553756,49.89166979316964,16405.560705198463,1857.8667532313934
2024-03-27,2024,3,ZIMA,22.165929635649192,49.954551863058015,21786.570287916154,1856.9456787109089
2024-03-27,2024,3,ZIMA,22.22881170553756,49.954551863058015,17504.14593586278,1856.9456787109373
2024-03-27,2024,3,ZIMA,22.165929635649192,50.017433932946375,24688.65400458408,1871.0878528994583
2024-03-27,2024,3,ZIMA,22.22881170553756,50.017433932946375,21011.64844441782,1871.1455403280754
2024-03-29,2024,3,ZIMA,22.354575845314294,49.703023583504546,23001.98911035394,1886.2888950834306
2024-03-29,2024,3,ZIMA,22.417457915202657,49.703023583504546,21975.346455526636,1878.542371149674
2024-03-29,2024,3,ZIMA,22.480339985091025,49.703023583504546,21856.94974519855,1876.8032765479136
2024-03-29,2024,3,ZIMA,22.543222054979392,49.703023583504546,22661.03902923717,1880.907052574877
2024-03-29,2024,3,ZIMA,22.60610412486776,49.703023583504546,24296.198188144805,1884.3537191795995
2024-03-29,2024,3,ZIMA,22.22881170553756,49.765905653392906,22094.07877149692,1885.1275110436854
2024-03-29,2024,3,ZIMA,22.291693775425927,49.765905653392906,18978.031889389276,1888.365797141388
2024-03-29,2024,3,ZIMA,22.354575845314294,49.765905653392906,16526.233661248294,1885.941007550509
2024-03-29,2024,3,ZIMA,22.417457915202657,49.765905653392906,15066.531806853272,1879.205113015916
2024-03-29,2024,3,ZIMA,22.480339985091025,49.765905653392906,14893.538410765585,1888.250494079621
2024-03-29,2024,3,ZIMA,22.543222054979392,49.765905653392906,16048.91545535083,1893.551907035699
2024-03-29,2024,3,ZIMA,22.60610412486776,49.765905653392906,18282.53620624142,1896.7913382869754
2024-03-29,2024,3,ZIMA,22.668986194756126,49.765905653392906,21257.1846990577,1896.3639872904666
2024-03-29,2024,3,ZIMA,22.73186826464449,49.765905653392906,24706.637829025414,1883.423766153525
2024-03-29,2024,3,ZIMA,22.165929635649192,49.82878772328128,22325.43538520545,1892.1254838819336
2024-03-29,2024,3,ZIMA,22.22881170553756,49.82878772328128,18158.406619754358,1890.8904413715982
2024-03-29,2024,3,ZIMA,22.291693775425927,49.82878772328128,14209.525042067644,1894.1187761476726
2024-03-29,2024,3,ZIMA,22.354575845314294,49.82878772328128,10722.583398780149,1894.8464843299203
2024-03-29,2024,3,ZIMA,22.417457915202657,49.82878772328128,8301.649065314678,1892.6865234374586
2024-03-29,2024,3,ZIMA,22.480339985091025,49.82878772328128,7983.807939159483,1887.0703390297535
2024-03-29,2024,3,ZIMA,22.543222054979392,49.82878772328128,9972.220017912965,1888.1163372617796
2024-03-29,2024,3,ZIMA,22.60610412486776,49.82878772328128,13267.61214866327,1898.607382316828
2024-03-29,2024,3,ZIMA,22.668986194756126,49.82878772328128,17131.67359445209,1898.830562579078
2024-03-29,2024,3,ZIMA,22.73186826464449,49.82878772328128,21256.509218593656,1885.356415765366
2024-03-29,2024,3,ZIMA,22.165929635649192,49.89166979316964,20919.391463104264,1890.0177580718075
2024-03-29,2024,3,ZIMA,22.22881170553756,49.89166979316964,16405.560705198463,1889.616209676447
2024-03-29,2024,3,ZIMA,22.291693775425927,49.89166979316964,11895.00110721875,1889.062256453059
2024-03-29,2024,3,ZIMA,22.354575845314294,49.89166979316964,7393.707934749382,1887.035104381005
2024-03-29,2024,3,ZIMA,22.417457915202657,49.89166979316964,2944.500050124817,1884.4063340595449
2024-03-29,2024,3,ZIMA,22.480339985091025,49.89166979316964,1870.9821680215873,1900.7074477976362
2024-03-29,2024,3,ZIMA,22.543222054979392,49.89166979316964,6257.667310553245,1900.226682293978
2024-03-29,2024,3,ZIMA,22.60610412486776,49.89166979316964,10753.768425853132,1902.9013671875286
2024-03-29,2024,3,ZIMA,22.668986194756126,49.89166979316964,15262.893735083717,1901.160970385819
2024-03-29,2024,3,ZIMA,22.73186826464449,49.89166979316964,19776.134276070505,1896.809024492395
2024-03-29,2024,3,ZIMA,22.794750334532857,49.89166979316964,24291.194065453536,1890.7056809588478
2024-03-29,2024,3,ZIMA,22.165929635649192,49.954551863058015,21786.570287916154,1891.4501953124704
2024-03-29,2024,3,ZIMA,22.22881170553756,49.954551863058015,17504.14593586278,1888.1414736800537
2024-03-29,2024,3,ZIMA,22.291693775425927,49.954551863058015,13375.713008895505,1887.3593215499943
2024-03-29,2024,3,ZIMA,22.354575845314294,49.954551863058015,9602.00371929549,1892.6648955239607
2024-03-29,2024,3,ZIMA,22.417457915202657,49.954551863058015,6801.584066412853,1892.7277249448912
2024-03-29,2024,3,ZIMA,22.480339985091025,49.954551863058015,6410.8337029859895,1905.104487925821
2024-03-29,2024,3,ZIMA,22.543222054979392,49.954551863058015,8758.432559269975,1904.7864227506132
2024-03-29,2024,3,ZIMA,22.60610412486776,49.954551863058015,12373.188316296972,1904.2718885902127
2024-03-29,2024,3,ZIMA,22.668986194756126,49.954551863058015,16439.454591696005,1897.9249681534307
2024-03-29,2024,3,ZIMA,22.73186826464449,49.954551863058015,20692.74432795608,1896.398743005732
2024-03-29,2024,3,ZIMA,22.165929635649192,50.017433932946375,24688.65400458408,1886.9876061197813
2024-03-29,2024,3,ZIMA,22.22881170553756,50.017433932946375,21011.64844441782,1889.0809701999626
2024-03-29,2024,3,ZIMA,22.291693775425927,50.017433932946375,17724.845643369907,1901.9070143987694
2024-03-29,2024,3,ZIMA,22.354575845314294,50.017433932946375,15085.492177146163,1907.1932011732413
2024-03-29,2024,3,ZIMA,22.417457915202657,50.017433932946375,13479.4325917546,1903.615733305378
2024-03-29,2024,3,ZIMA,22.480339985091025,50.017433932946375,13286.800817179106,1903.2273446519362
2024-03-29,2024,3,ZIMA,22.543222054979392,50.017433932946375,14563.789322484645,1903.4232453296042
2024-03-29,2024,3,ZIMA,22.60610412486776,50.017433932946375,16982.046877098484,1895.7063346919153
2024-03-29,2024,3,ZIMA,22.668986194756126,50.017433932946375,20134.47338387348,1888.8745251252265
2024-03-29,2024,3,ZIMA,22.73186826464449,50.017433932946375,23730.259141340277,1882.9709585855012
2024-03-29,2024,3,ZIMA,22.291693775425927,50.08031600283475,23393.92889056244,1896.9238188135894
2024-03-29,2024,3,ZIMA,22.354575845314294,50.08031600283475,21466.04242459771,1897.4554993312815
2024-03-29,2024,3,ZIMA,22.417457915202657,50.08031600283475,20370.90850265545,1895.9627587367188
2024-03-29,2024,3,ZIMA,22.480339985091025,50.08031600283475,20244.125442972134,1900.0444446800668
2024-03-29,2024,3,ZIMA,22.543222054979392,50.08031600283475,21103.1530005928,1899.4750377470596
2024-03-29,2024,3,ZIMA,22.60610412486776,50.08031600283475,22837.01728511146,1889.314941406319
2024-03-30,2024,3,ZIMA,22.291693775425927,49.954551863058015,13375.713008895505,1897.2618829807664
2024-03-30,2024,3,ZIMA,22.354575845314294,49.954551863058015,9602.00371929549,1897.2618168992794
2024-03-30,2024,3,ZIMA,22.417457915202657,49.954551863058015,6801.584066412853,1899.9805880895372
2024-03-30,2024,3,ZIMA,22.480339985091025,49.954551863058015,6410.8337029859895,1899.9805942077196
2024-03-30,2024,3,ZIMA,22.543222054979392,49.954551863058015,8758.432559269975,1899.9805271961004
2024-03-30,2024,3,ZIMA,22.165929635649192,50.017433932946375,24688.65400458408,1892.5283685940453
2024-03-30,2024,3,ZIMA,22.22881170553756,50.017433932946375,21011.64844441782,1892.393939466265
2024-03-30,2024,3,ZIMA,22.291693775425927,50.017433932946375,17724.845643369907,1896.7768071559385
2024-03-30,2024,3,ZIMA,22.354575845314294,50.017433932946375,15085.492177146163,1897.0648723234785
2024-03-30,2024,3,ZIMA,22.417457915202657,50.017433932946375,13479.4325917546,1899.8609174435642
2024-03-30,2024,3,ZIMA,22.480339985091025,50.017433932946375,13286.800817179106,1900.341045455661
2024-03-30,2024,3,ZIMA,22.291693775425927,50.08031600283475,23393.92889056244,1890.0436971030626
2024-03-30,2024,3,ZIMA,22.354575845314294,50.08031600283475,21466.04242459771,1890.1528937604114
2024-03-30,2024,3,ZIMA,22.417457915202657,50.08031600283475,20370.90850265545,1891.6090595523144
2024-06-01,2024,6,LATO,22.337066967817037,49.703023583504546,23435.94535299783,1870.31640683685
2024-06-01,2024,6,LATO,22.399949037705397,49.703023583504546,22173.310884549213,1870.316418196252
2024-06-01,2024,6,LATO,22.211302828040303,49.765905653392906,23044.940206446532,1881.428467945844
2024-06-01,2024,6,LATO,22.274184897928663,49.765905653392906,19791.139041156755,1880.1772548981994
2024-06-01,2024,6,LATO,22.337066967817037,49.765905653392906,17124.322354940865,1875.5557368391335
2024-06-01,2024,6,LATO,22.399949037705397,49.765905653392906,15353.46715675865,1873.0389707783318
2024-06-01,2024,6,LATO,22.46283110759377,49.765905653392906,14803.670401760957,1861.6458249111256
2024-06-01,2024,6,LATO,22.52571317748213,49.765905653392906,15604.532676742472,1855.5877708524552
2024-06-01,2024,6,LATO,22.588595247370506,49.765905653392906,17572.348165759362,1855.5877431389151
2024-06-01,2024,6,LATO,22.14842075815193,49.82878772328128,23509.001546003838,1879.1944759824735
2024-06-01,2024,6,LATO,22.211302828040303,49.82878772328128,19302.672401242962,1880.6795522339241
2024-06-01,2024,6,LATO,22.274184897928663,49.82878772328128,15277.216372643947,1881.234712472722
2024-06-01,2024,6,LATO,22.337066967817037,49.82878772328128,11622.125849843118,1883.453688335964
2024-06-01,2024,6,LATO,22.399949037705397,49.82878772328128,8811.053425103102,1886.1941491258585
2024-06-01,2024,6,LATO,22.46283110759377,49.82878772328128,7815.101725436394,1877.7663144813466
2024-06-01,2024,6,LATO,22.52571317748213,49.82878772328128,9241.055230812668,1870.674380086097
2024-06-01,2024,6,LATO,22.588595247370506,49.82878772328128,12271.867329400819,1871.9804672699786
2024-06-01,2024,6,LATO,22.651477317258866,49.82878772328128,16021.258563246713,1870.8541453592045
2024-06-01,2024,6,LATO,22.714359387147226,49.82878772328128,20090.86840189349,1870.1793096455867
2024-06-01,2024,6,LATO,22.14842075815193,49.89166979316964,22176.533966168987,1875.10585631581
2024-06-01,2024,6,LATO,22.211302828040303,49.89166979316964,17662.170160851372,1869.0171817684407
2024-06-01,2024,6,LATO,22.274184897928663,49.89166979316964,13150.397981968348,1868.7349853515907
2024-06-01,2024,6,LATO,22.337066967817037,49.89166979316964,8645.281580533669,1873.9084487759287
2024-06-01,2024,6,LATO,22.399949037705397,49.89166979316964,4168.4653838731665,1873.0087181823744
2024-06-01,2024,6,LATO,22.46283110759377,49.89166979316964,915.7735323810977,1886.0476802860571
2024-06-01,2024,6,LATO,22.52571317748213,49.89166979316964,5012.8341822749335,1875.1214165591257
2024-06-01,2024,6,LATO,22.588595247370506,49.89166979316964,9499.773366756152,1870.9228792723875
2024-06-01,2024,6,LATO,22.651477317258866,49.89166979316964,14006.789569911276,1870.1792820137296
2024-06-01,2024,6,LATO,22.714359387147226,49.89166979316964,18519.228167731453,1870.1793241564565
2024-06-01,2024,6,LATO,22.14842075815193,49.954551863058015,22994.824269715486,1881.3156926650036
2024-06-01,2024,6,LATO,22.211302828040303,49.954551863058015,18685.537456604256,1875.410456977248
2024-06-01,2024,6,LATO,22.274184897928663,49.954551863058015,14502.094242152669,1874.667104475795
2024-06-01,2024,6,LATO,22.337066967817037,49.954551863058015,10594.637249937323,1878.4352050705236
2024-06-01,2024,6,LATO,22.399949037705397,49.954551863058015,7413.245892451485,1879.2133434756165
2024-06-01,2024,6,LATO,22.46283110759377,49.954551863058015,6200.026734374416,1889.1368795904739
2024-06-01,2024,6,LATO,22.52571317748213,49.954551863058015,7918.239441228203,1895.4652099610066
2024-06-01,2024,6,LATO,22.588595247370506,49.954551863058015,11301.812859466689,1895.4351766050368
2024-06-01,2024,6,LATO,22.651477317258866,49.954551863058015,15281.939992676336,1889.8160436790447
2024-06-01,2024,6,LATO,22.714359387147226,49.954551863058015,19496.629429511904,1889.8160312476398
2024-06-01,2024,6,LATO,22.211302828040303,50.017433932946375,22004.268573433346,1878.8903020145312
2024-06-01,2024,6,LATO,22.274184897928663,50.017433932946375,18588.443756014225,1880.9423644386975
2024-06-01,2024,6,LATO,22.337066967817037,50.017433932946375,15735.112606983354,1883.8638559715564
2024-06-01,2024,6,LATO,22.399949037705397,50.017433932946375,13797.768999143414,1874.9600212438556
2024-06-01,2024,6,LATO,22.46283110759377,50.017433932946375,13186.511359927295,1876.2716809820001
2024-06-01,2024,6,LATO,22.52571317748213,50.017433932946375,14075.177645224507,1898.5058642785823
2024-06-01,2024,6,LATO,22.588595247370506,50.017433932946375,16219.068898947891,1891.2556249328234
2024-06-01,2024,6,LATO,22.651477317258866,50.017433932946375,19202.26311576868,1882.3946575431314
2024-06-01,2024,6,LATO,22.714359387147226,50.017433932946375,22696.183105903077,1882.3946443323787
2024-06-07,2024,6,LATO,22.52571317748213,49.703023583504546,22348.115225202644,1881.7743169455382
2024-06-07,2024,6,LATO,22.588595247370506,49.703023583504546,23765.702793344415,1881.7742720794226
2024-06-15,2024,6,LATO,22.333565192317593,49.69952180800509,23891.158082399845,1827.4827924733568
2024-06-15,2024,6,LATO,22.396447262205953,49.69952180800509,22603.381965435598,1827.4827950215672
2024-06-15,2024,6,LATO,22.459329332094313,49.69952180800509,22181.689357232593,1827.4827940785888
2024-06-15,2024,6,LATO,22.522211401982673,49.69952180800509,22674.452289942332,1827.4827883734924
2024-06-15,2024,6,LATO,22.585093471871062,49.69952180800509,24025.47111534203,1852.4935339129133
2024-06-15,2024,6,LATO,22.333565192317593,49.76240387789346,17587.854412564127,1832.4349511508656
2024-06-15,2024,6,LATO,22.396447262205953,49.76240387789346,15796.688444781606,1832.4349423749588
2024-06-15,2024,6,LATO,22.459329332094313,49.76240387789346,15187.963305053838,1832.43492897836
2024-06-15,2024,6,LATO,22.522211401982673,49.76240387789346,15898.08542390479,1835.345937130592
2024-06-15,2024,6,LATO,22.585093471871062,49.76240387789346,17769.6410790609,1865.8305956616023
2024-06-15,2024,6,LATO,22.647975541759422,49.76240387789346,20486.762272159733,1867.7611223733059
2024-06-15,2024,6,LATO,22.710857611647782,49.76240387789346,23761.123072531143,1867.8386704251354
2024-06-15,2024,6,LATO,22.522211401982673,49.82528594778182,9444.561796179989,1870.1938372222187
2024-06-15,2024,6,LATO,22.585093471871062,49.82528594778182,12334.07306392557,1870.1788244750137
2024-06-15,2024,6,LATO,22.647975541759422,49.82528594778182,15998.196741363345,1870.0952178771581
2024-06-15,2024,6,LATO,22.710857611647782,49.82528594778182,20015.9554246408,1870.0534224390399
2024-06-15,2024,6,LATO,22.773739681536142,49.82528594778182,24211.93408361242,1869.9741687240469
2024-06-15,2024,6,LATO,22.522211401982673,49.888168017670196,4846.229221811759,1874.7326095913686
2024-06-15,2024,6,LATO,22.585093471871062,49.888168017670196,9291.613529944845,1874.5171418070045
2024-06-15,2024,6,LATO,22.647975541759422,49.888168017670196,13784.500595602445,1874.8118066122122
2024-06-15,2024,6,LATO,22.710857611647782,49.888168017670196,18289.914934864282,1874.9591148620189
2024-06-15,2024,6,LATO,22.773739681536142,49.888168017670196,22800.429274080365,1875.223545445778
2024-06-15,2024,6,LATO,22.144918982652484,49.951050087558556,23137.25561222987,1851.2727046933965
2024-06-15,2024,6,LATO,22.207801052540844,49.951050087558556,18799.897721608202,1851.272703703179
2024-06-15,2024,6,LATO,22.270683122429205,49.951050087558556,14571.091904494382,1851.272695968151
2024-06-15,2024,6,LATO,22.333565192317593,49.951050087558556,10581.795880218768,1856.338382333154
2024-06-15,2024,6,LATO,22.396447262205953,49.951050087558556,7239.427505212513,1856.3383821414227
2024-06-15,2024,6,LATO,22.459329332094313,49.951050087558556,5798.399209655717,1856.3383812477598
2024-06-15,2024,6,LATO,22.522211401982673,49.951050087558556,7457.250598911932,1870.4554088212458
2024-06-15,2024,6,LATO,22.585093471871062,49.951050087558556,10880.118037064636,1873.8984590275538
2024-06-15,2024,6,LATO,22.647975541759422,49.951050087558556,14896.998518918397,1873.7958377708983
2024-06-15,2024,6,LATO,22.710857611647782,49.951050087558556,19137.43119556903,1873.7445474391307
2024-06-15,2024,6,LATO,22.773739681536142,49.951050087558556,23480.608573214267,1873.8648902516811
2024-06-15,2024,6,LATO,22.207801052540844,50.01393215744693,21977.58744964162,1868.8668314928152
2024-06-15,2024,6,LATO,22.270683122429205,50.01393215744693,18495.373268328247,1867.7908272139496
2024-06-15,2024,6,LATO,22.333565192317593,50.01393215744693,15552.086351361719,1855.9337578324305
2024-06-15,2024,6,LATO,22.396447262205953,50.01393215744693,13504.815719002623,1856.12794693242
2024-06-15,2024,6,LATO,22.459329332094313,50.01393215744693,12791.273252318308,1856.5163257821262
2024-06-15,2024,6,LATO,22.522211401982673,50.01393215744693,13622.670264209384,1860.358830515125
2024-06-15,2024,6,LATO,22.585093471871062,50.01393215744693,15756.31935336086,1860.3626324182771
2024-06-15,2024,6,LATO,22.647975541759422,50.01393215744693,18752.870651542085,1860.3697978514308
2024-06-15,2024,6,LATO,22.710857611647782,50.01393215744693,22266.629387274854,1860.3735843770394
2024-06-15,2024,6,LATO,22.270683122429205,50.07681422733529,23868.096512834974,1877.0488206431226
2024-06-15,2024,6,LATO,22.333565192317593,50.07681422733529,21670.383484460835,1865.8642578124388
2024-06-15,2024,6,LATO,22.396447262205953,50.07681422733529,20253.292902690024,1865.8642578125682
2024-06-15,2024,6,LATO,22.459329332094313,50.07681422733529,19785.271916080557,1865.8642578125684
2024-06-15,2024,6,LATO,22.522211401982673,50.07681422733529,20331.96491047302,1860.5079345703805
2024-06-15,2024,6,LATO,22.585093471871062,50.07681422733529,21817.2265919699,1860.4783031367322
2024-06-15,2024,6,LATO,22.647975541759422,50.07681422733529,24067.921085906597,1860.2135256653273
2024-06-19,2024,6,LATO,22.14842075815193,49.89166979316964,22176.533966168987,1823.0548204089378
2024-06-19,2024,6,LATO,22.211302828040303,49.89166979316964,17662.170160851372,1823.0547367832442
2024-06-19,2024,6,LATO,22.14842075815193,49.954551863058015,22994.824269715486,1824.4592355278312
2024-06-19,2024,6,LATO,22.211302828040303,49.954551863058015,18685.537456604256,1823.0548109369802
2024-06-19,2024,6,LATO,22.211302828040303,50.017433932946375,22004.268573433346,1802.6894574489816
2024-06-19,2024,6,LATO,22.274184897928663,50.017433932946375,18588.443756014225,1802.6894517881499
2024-06-19,2024,6,LATO,22.337066967817037,50.017433932946375,15735.112606983354,1802.689440361747
2024-06-20,2024,6,LATO,22.337066967817037,49.69952180800509,23798.642779824004,1849.7830492314636
2024-06-20,2024,6,LATO,22.399949037705397,49.69952180800509,22556.228374056132,1849.6988260535554
2024-06-20,2024,6,LATO,22.46283110759377,49.69952180800509,22185.141393624843,1849.68713378913
2024-06-20,2024,6,LATO,22.52571317748213,49.69952180800509,22728.10015635487,1864.6105189785744
2024-06-20,2024,6,LATO,22.588595247370506,49.69952180800509,24123.465996680585,1877.819702148372
2024-06-20,2024,6,LATO,22.14842075815193,49.951050087558556,22893.907202909,1818.1434331990758
2024-06-20,2024,6,LATO,22.211302828040303,49.951050087558556,18560.85477720908,1818.1434258632487
2024-06-20,2024,6,LATO,22.211302828040303,50.01393215744693,21773.7264251313,1803.8484086676572
2024-06-21,2024,6,LATO,22.333565192317593,49.69952180800509,23891.158082399845,1865.8983154296263
2024-06-21,2024,6,LATO,22.396447262205953,49.69952180800509,22603.381965435598,1865.8983154297557
2024-06-21,2024,6,LATO,22.459329332094313,49.69952180800509,22181.689357232593,1865.9715926035235
2024-06-21,2024,6,LATO,22.522211401982673,49.69952180800509,22674.452289942332,1871.639038086006
2024-06-21,2024,6,LATO,22.585093471871062,49.69952180800509,24025.47111534203,1871.6390380858722
2024-06-21,2024,6,LATO,22.207801052540844,49.76240387789346,23489.05932460228,1877.1611243050813
2024-06-21,2024,6,LATO,22.270683122429205,49.76240387789346,20250.08974230532,1876.955901014533
2024-06-21,2024,6,LATO,22.333565192317593,49.76240387789346,17587.854412564127,1867.9451813352252
2024-06-21,2024,6,LATO,22.396447262205953,49.76240387789346,15796.688444781606,1868.0479084154201
2024-06-21,2024,6,LATO,22.459329332094313,49.76240387789346,15187.963305053838,1875.8757531894335
2024-06-21,2024,6,LATO,22.522211401982673,49.76240387789346,15898.08542390479,1883.2088081074487
2024-06-21,2024,6,LATO,22.585093471871062,49.76240387789346,17769.6410790609,1882.9742038617276
2024-06-21,2024,6,LATO,22.647975541759422,49.76240387789346,20486.762272159733,1885.4992412785978
2024-06-21,2024,6,LATO,22.710857611647782,49.76240387789346,23761.123072531143,1885.538034721152
2024-06-21,2024,6,LATO,22.144918982652484,49.82528594778182,23878.227018980557,1879.4373036901443
2024-06-21,2024,6,LATO,22.207801052540844,49.82528594778182,19692.639192329443,1879.3465895061765
2024-06-21,2024,6,LATO,22.270683122429205,49.82528594778182,15694.376997888892,1878.6149599368982
2024-06-21,2024,6,LATO,22.333565192317593,49.82528594778182,12071.0455805133,1865.0249788975375
2024-06-21,2024,6,LATO,22.396447262205953,49.82528594778182,9273.087267191588,1865.127102087469
2024-06-21,2024,6,LATO,22.459329332094313,49.82528594778182,8194.718309214784,1878.0115409802281
2024-06-21,2024,6,LATO,22.522211401982673,49.82528594778182,9444.561796179989,1883.4337949026797
2024-06-21,2024,6,LATO,22.585093471871062,49.82528594778182,12334.07306392557,1883.6811433493897
2024-06-21,2024,6,LATO,22.647975541759422,49.82528594778182,15998.196741363345,1885.0219327655557
2024-06-21,2024,6,LATO,22.710857611647782,49.82528594778182,20015.9554246408,1884.9946481283812
2024-06-21,2024,6,LATO,22.773739681536142,49.82528594778182,24211.93408361242,1884.93910206501
2024-06-21,2024,6,LATO,22.144918982652484,49.888168017670196,22446.21044565735,1872.8737501097723
2024-06-21,2024,6,LATO,22.207801052540844,49.888168017670196,17935.975172945095,1872.7837457116227
2024-06-21,2024,6,LATO,22.270683122429205,49.888168017670196,13431.161959335906,1871.4645855015642
2024-06-21,2024,6,LATO,22.333565192317593,49.888168017670196,8939.97659444241,1869.7195582573343
2024-06-21,2024,6,LATO,22.396447262205953,49.888168017670196,4503.386103975331,1869.4626707863072
2024-06-21,2024,6,LATO,22.459329332094313,49.888168017670196,1211.6424067069865,1885.680786132841
2024-06-21,2024,6,LATO,22.522211401982673,49.888168017670196,4846.229221811759,1885.680786132841
2024-06-21,2024,6,LATO,22.585093471871062,49.888168017670196,9291.613529944845,1885.6804652626595
2024-06-21,2024,6,LATO,22.647975541759422,49.888168017670196,13784.500595602445,1883.689575195243
2024-06-21,2024,6,LATO,22.710857611647782,49.888168017670196,18289.914934864282,1883.689575195341
2024-06-21,2024,6,LATO,22.773739681536142,49.888168017670196,22800.429274080365,1883.718169351639
2024-06-21,2024,6,LATO,22.144918982652484,49.951050087558556,23137.25561222987,1874.1159667968461
2024-06-21,2024,6,LATO,22.207801052540844,49.951050087558556,18799.897721608202,1874.1159667968745
2024-06-21,2024,6,LATO,22.270683122429205,49.951050087558556,14571.091904494382,1878.2714778615614
2024-06-21,2024,6,LATO,22.333565192317593,49.951050087558556,10581.795880218768,1879.3043212890009
2024-06-21,2024,6,LATO,22.396447262205953,49.951050087558556,7239.427505212513,1879.297888651743
2024-06-21,2024,6,LATO,22.459329332094313,49.951050087558556,5798.399209655717,1884.2285259651514
2024-06-21,2024,6,LATO,22.522211401982673,49.951050087558556,7457.250598911932,1884.3033359230876
2024-06-21,2024,6,LATO,22.585093471871062,49.951050087558556,10880.118037064636,1884.6309191799655
2024-06-21,2024,6,LATO,22.647975541759422,49.951050087558556,14896.998518918397,1885.9470898201323
2024-06-21,2024,6,LATO,22.710857611647782,49.951050087558556,19137.43119556903,1885.8878669002058
2024-06-21,2024,6,LATO,22.773739681536142,49.951050087558556,23480.608573214267,1884.1875186965035
2024-06-21,2024,6,LATO,22.207801052540844,50.01393215744693,21977.58744964162,1877.966874896915
2024-06-21,2024,6,LATO,22.270683122429205,50.01393215744693,18495.373268328247,1874.4693285954893
2024-06-21,2024,6,LATO,22.333565192317593,50.01393215744693,15552.086351361719,1874.8636523859793
2024-06-21,2024,6,LATO,22.396447262205953,50.01393215744693,13504.815719002623,1875.6525902128596
2024-06-21,2024,6,LATO,22.459329332094313,50.01393215744693,12791.273252318308,1887.567882555089
2024-06-21,2024,6,LATO,22.522211401982673,50.01393215744693,13622.670264209384,1887.8711267609515
2024-06-21,2024,6,LATO,22.585093471871062,50.01393215744693,15756.31935336086,1888.3934053568892
2024-06-21,2024,6,LATO,22.647975541759422,50.01393215744693,18752.870651542085,1887.707437633174
2024-06-21,2024,6,LATO,22.710857611647782,50.01393215744693,22266.629387274854,1887.5576515776881
2024-06-21,2024,6,LATO,22.270683122429205,50.07681422733529,23868.096512834974,1874.8507761743965
2024-06-21,2024,6,LATO,22.333565192317593,50.07681422733529,21670.383484460835,1874.430448724579
2024-06-21,2024,6,LATO,22.396447262205953,50.07681422733529,20253.292902690024,1877.7069167975574
2024-06-21,2024,6,LATO,22.459329332094313,50.07681422733529,19785.271916080557,1886.1514021438695
2024-06-21,2024,6,LATO,22.522211401982673,50.07681422733529,20331.96491047302,1885.819106031223
2024-06-21,2024,6,LATO,22.585093471871062,50.07681422733529,21817.2265919699,1888.7866964654006
2024-06-21,2024,6,LATO,22.647975541759422,50.07681422733529,24067.921085906597,1890.0379543717606
2024-06-30,2024,6,LATO,22.784245008034503,49.89166979316964,23536.808419606954,1907.9269147260675
2024-07-11,2024,7,LATO,22.721362938146143,49.765905653392906,24105.641550652217,1860.6683067032372
2024-07-11,2024,7,LATO,22.4069525887043,49.89166979316964,3676.120132065583,1851.030770541169
2024-07-11,2024,7,LATO,22.469834658592674,49.89166979316964,1234.3332592430152,1851.0307549378979
2024-07-11,2024,7,LATO,22.532716728481034,49.89166979316964,5510.047998282455,1851.0307643842498
2024-07-11,2024,7,LATO,22.4069525887043,49.954551863058015,7148.356855025623,1851.0307586098356
2024-07-11,2024,7,LATO,22.469834658592674,49.954551863058015,6254.948067902238,1851.030752338388
2024-07-11,2024,7,LATO,22.532716728481034,49.954551863058015,8241.591098191455,1851.0307541496043
2024-07-11,2024,7,LATO,22.59559879836941,49.954551863058015,11725.935301088623,1851.0307553527916
2024-07-11,2024,7,LATO,22.59559879836941,50.017433932946375,16517.022631493433,1866.225216972003
2024-07-11,2024,7,LATO,22.65848086825777,50.017433932946375,19570.797270048133,1867.6256121915876
2024-07-11,2024,7,LATO,22.532716728481034,50.08031600283475,20894.489209014744,1874.681393604665
2024-07-11,2024,7,LATO,22.59559879836941,50.08031600283475,22493.81768028525,1874.6814005814147
2024-07-11,2024,7,LATO,22.65848086825777,50.08031600283475,24819.99003576218,1872.8740461893672
2024-07-12,2024,7,LATO,22.52921495298159,49.703023583504546,22405.377325172958,1869.2400682660596
2024-07-12,2024,7,LATO,22.59209702286995,49.703023583504546,23867.42013466341,1869.0012135129052
2024-07-12,2024,7,LATO,22.466332883093216,49.765905653392906,14813.120668811092,1892.6299398611889
2024-07-12,2024,7,LATO,22.52921495298159,49.765905653392906,15686.325551029668,1891.0413413211406
2024-07-12,2024,7,LATO,22.59209702286995,49.765905653392906,17709.496919357385,1889.6023409644201
2024-07-12,2024,7,LATO,22.654979092758325,49.765905653392906,20545.68263458272,1881.9209330577341
2024-07-12,2024,7,LATO,22.717861162646685,49.765905653392906,23907.261834768902,1872.3851016438734
2024-07-12,2024,7,LATO,22.466332883093216,49.82878772328128,7832.964904433147,1892.6298710436718
2024-07-12,2024,7,LATO,22.52921495298159,49.82878772328128,9378.33478176888,1892.629879023618
2024-07-12,2024,7,LATO,22.59209702286995,49.82878772328128,12467.210442492144,1892.4928748485308
2024-07-12,2024,7,LATO,22.654979092758325,49.82878772328128,16241.609436094317,1889.6912944353337
2024-07-12,2024,7,LATO,22.717861162646685,49.82878772328128,20323.107055819728,1889.1909670856862
2024-07-12,2024,7,LATO,22.780743232535045,49.82878772328128,24559.063946725546,1875.6768245665648
2024-07-12,2024,7,LATO,22.654979092758325,49.89166979316964,14257.98322691555,1892.629896067168
2024-07-12,2024,7,LATO,22.717861162646685,49.89166979316964,18770.59735346509,1892.6298900141378
2024-07-12,2024,7,LATO,22.780743232535045,49.89166979316964,23285.352737507972,1911.2587789504441
2024-07-12,2024,7,LATO,22.717861162646685,49.954551863058015,19735.24481785987,1892.629903896892
2024-07-15,2024,7,LATO,22.654979092758325,49.82878772328128,16241.609436094317,1879.8249525187812
2024-07-15,2024,7,LATO,22.717861162646685,49.82878772328128,20323.107055819728,1879.8249697564688
2024-07-15,2024,7,LATO,22.780743232535045,49.82878772328128,24559.063946725546,1879.8249471040701
2024-07-15,2024,7,LATO,22.717861162646685,49.954551863058015,19735.24481785987,1901.383892623236
2024-07-15,2024,7,LATO,22.780743232535045,49.954551863058015,24064.60916645256,1901.3839235738951
2024-07-16,2024,7,LATO,22.780743232535045,49.82878772328128,24559.063946725546,1911.1792242241738
2024-07-16,2024,7,LATO,22.780743232535045,49.89166979316964,23285.352737507972,1910.4450738937783
2024-07-16,2024,7,LATO,22.780743232535045,49.954551863058015,24064.60916645256,1910.4450849709028
2024-07-27,2024,7,LATO,22.52921495298159,49.703023583504546,22405.377325172958,1852.8107978249652
2024-07-27,2024,7,LATO,22.59209702286995,49.703023583504546,23867.42013466341,1852.2885019688902
2024-07-27,2024,7,LATO,22.52921495298159,49.765905653392906,15686.325551029668,1827.8055451726298
2024-07-27,2024,7,LATO,22.59209702286995,49.765905653392906,17709.496919357385,1827.9120705488442
2024-07-27,2024,7,LATO,22.654979092758325,49.765905653392906,20545.68263458272,1842.5908737161615
2024-07-27,2024,7,LATO,22.717861162646685,49.765905653392906,23907.261834768902,1849.7371428007675
2024-07-27,2024,7,LATO,22.52921495298159,49.82878772328128,9378.33478176888,1827.8055862369938
2024-07-27,2024,7,LATO,22.59209702286995,49.82878772328128,12467.210442492144,1827.8055168089534
2024-07-27,2024,7,LATO,22.654979092758325,49.82878772328128,16241.609436094317,1827.805538139787
2024-07-27,2024,7,LATO,22.717861162646685,49.82878772328128,20323.107055819728,1831.016278459919
2024-07-31,2024,7,LATO,22.34056874331648,49.703023583504546,23344.35519977606,1896.7933986434125
2024-07-31,2024,7,LATO,22.403450813204856,49.703023583504546,22128.116388623414,1868.3575303949015
2024-07-31,2024,7,LATO,22.466332883093216,49.703023583504546,21802.160872306937,1868.7581928615573
2024-07-31,2024,7,LATO,22.52921495298159,49.703023583504546,22405.377325172958,1870.1156858638521
2024-07-31,2024,7,LATO,22.59209702286995,49.703023583504546,23867.42013466341,1871.4128152219132
2024-07-31,2024,7,LATO,22.214804603539747,49.765905653392906,22852.37839536346,1901.653754536835
2024-07-31,2024,7,LATO,22.27768667342812,49.765905653392906,19624.74472750713,1898.3937012116426
2024-07-31,2024,7,LATO,22.34056874331648,49.765905653392906,16998.921493318117,1878.701502916243
2024-07-31,2024,7,LATO,22.403450813204856,49.765905653392906,15288.209816847784,1873.1163058972163
2024-07-31,2024,7,LATO,22.466332883093216,49.765905653392906,14813.120668811092,1878.0841499529793
2024-07-31,2024,7,LATO,22.52921495298159,49.765905653392906,15686.325551029668,1877.6616705569077
2024-07-31,2024,7,LATO,22.59209702286995,49.765905653392906,17709.496919357385,1890.6221266792895
2024-07-31,2024,7,LATO,22.654979092758325,49.765905653392906,20545.68263458272,1893.8736902933535
2024-07-31,2024,7,LATO,22.717861162646685,49.765905653392906,23907.261834768902,1889.3901940249548
2024-07-31,2024,7,LATO,22.151922533651387,49.82878772328128,23271.656269837393,1888.0684749711527
2024-07-31,2024,7,LATO,22.214804603539747,49.82878772328128,19072.664323169367,1912.9724145084338
2024-07-31,2024,7,LATO,22.27768667342812,49.82878772328128,15061.316026485298,1912.7073353910448
2024-07-31,2024,7,LATO,22.34056874331648,49.82878772328128,11436.793857621571,1880.8321327205142
2024-07-31,2024,7,LATO,22.403450813204856,49.82878772328128,8696.991057537094,1880.8821778536442
2024-07-31,2024,7,LATO,22.466332883093216,49.82878772328128,7832.964904433147,1883.2309793202326
2024-07-31,2024,7,LATO,22.52921495298159,49.82878772328128,9378.33478176888,1886.1772478611779
2024-07-31,2024,7,LATO,22.59209702286995,49.82878772328128,12467.210442492144,1890.925363582443
2024-07-31,2024,7,LATO,22.654979092758325,49.82878772328128,16241.609436094317,1890.8132408457266
2024-07-31,2024,7,LATO,22.717861162646685,49.82878772328128,20323.107055819728,1890.554238520112
2024-07-31,2024,7,LATO,22.780743232535045,49.82878772328128,24559.063946725546,1906.3420230387217
2024-07-31,2024,7,LATO,22.151922533651387,49.89166979316964,21925.097340562013,1888.2987090913027
2024-07-31,2024,7,LATO,22.214804603539747,49.89166979316964,17410.831859237383,1904.2974138919142
2024-07-31,2024,7,LATO,22.27768667342812,49.89166979316964,12899.277543149625,1890.8815447221077
2024-07-31,2024,7,LATO,22.34056874331648,49.89166979316964,8394.81239100924,1880.3660447960294
2024-07-31,2024,7,LATO,22.403450813204856,49.89166979316964,3921.947931872362,1890.4338364563946
2024-07-31,2024,7,LATO,22.466332883093216,49.89166979316964,1057.2624589446846,1885.7670848981031
2024-07-31,2024,7,LATO,22.52921495298159,49.89166979316964,5261.298499013597,1910.5662841797161
2024-07-31,2024,7,LATO,22.59209702286995,49.89166979316964,9750.489178739446,1908.3587294318081
2024-07-31,2024,7,LATO,22.654979092758325,49.89166979316964,14257.98322691555,1901.5402486722628
2024-07-31,2024,7,LATO,22.717861162646685,49.89166979316964,18770.59735346509,1900.3731452872064
2024-07-31,2024,7,LATO,22.780743232535045,49.89166979316964,23285.352737507972,1913.7943047284114
2024-07-31,2024,7,LATO,22.151922533651387,49.954551863058015,22752.749090905298,1907.0468964362976
2024-07-31,2024,7,LATO,22.214804603539747,49.954551863058015,18448.457384727142,1899.8331795323027
2024-07-31,2024,7,LATO,22.27768667342812,49.954551863058015,14275.070430447342,1878.4707210506103
2024-07-31,2024,7,LATO,22.34056874331648,49.954551863058015,10391.528827387052,1881.6887056556873
2024-07-31,2024,7,LATO,22.403450813204856,49.954551863058015,7277.66353940265,1898.6226586750975
2024-07-31,2024,7,LATO,22.466332883093216,49.954551863058015,6222.46978946018,1899.859216034621
2024-07-31,2024,7,LATO,22.52921495298159,49.954551863058015,8077.620080747443,1912.2275107408518
2024-07-31,2024,7,LATO,22.59209702286995,49.954551863058015,11513.081374454347,1908.6158699376049
2024-07-31,2024,7,LATO,22.654979092758325,49.954551863058015,15512.201386264802,1903.9953751432943
2024-07-31,2024,7,LATO,22.717861162646685,49.954551863058015,19735.24481785987,1907.3259035261663
2024-07-31,2024,7,LATO,22.780743232535045,49.954551863058015,24064.60916645256,1915.8288785972659
2024-07-31,2024,7,LATO,22.214804603539747,50.017433932946375,21803.568017263882,1901.305561594148
2024-07-31,2024,7,LATO,22.27768667342812,50.017433932946375,18412.10631143794,1898.000446089194
2024-07-31,2024,7,LATO,22.34056874331648,50.017433932946375,15599.258476611207,1902.8169221635612
2024-07-31,2024,7,LATO,22.403450813204856,50.017433932946375,13725.494538791854,1905.2771193149536
2024-07-31,2024,7,LATO,22.466332883093216,50.017433932946375,13197.064731342465,1913.856579599689
2024-07-31,2024,7,LATO,22.52921495298159,50.017433932946375,14165.33544195222,1906.7034781778354
2024-07-31,2024,7,LATO,22.59209702286995,50.017433932946375,16366.79489221886,1890.0929942405012
2024-07-31,2024,7,LATO,22.654979092758325,50.017433932946375,19385.77741856333,1895.576376840422
2024-07-31,2024,7,LATO,22.717861162646685,50.017433932946375,22901.219575545034,1908.3059813771256
2024-07-31,2024,7,LATO,22.27768667342812,50.08031600283475,23918.172231338074,1895.577420724651
2024-07-31,2024,7,LATO,22.34056874331648,50.08031600283475,21829.685598637745,1899.366533643804
2024-07-31,2024,7,LATO,22.403450813204856,50.08031600283475,20534.34374257188,1913.0551465152507
2024-07-31,2024,7,LATO,22.466332883093216,50.08031600283475,20185.419430504728,1916.157024349663
2024-07-31,2024,7,LATO,22.52921495298159,50.08031600283475,20830.525302317543,1875.6073038788406
2024-07-31,2024,7,LATO,22.59209702286995,50.08031600283475,22383.883199038224,1880.570378550525
2024-07-31,2024,7,LATO,22.654979092758325,50.08031600283475,24674.55335184584,1904.2800257224417
2024-08-12,2024,8,LATO,22.34407051881594,49.703023583504546,23255.137262703734,1861.045367469629
2024-08-12,2024,8,LATO,22.4069525887043,49.703023583504546,22085.707102393648,1858.0352786303029
2024-08-12,2024,8,LATO,22.469834658592674,49.703023583504546,21811.500894878358,1857.6841742993208
2024-08-12,2024,8,LATO,22.532716728481034,49.703023583504546,22465.3225243492,1855.2545634535045
2024-08-12,2024,8,LATO,22.59559879836941,49.703023583504546,23971.357135078226,1861.6629564492594
2024-08-12,2024,8,LATO,22.218306379039205,49.765905653392906,22660.981171845084,1878.994152161312
2024-08-12,2024,8,LATO,22.281188448927566,49.765905653392906,19460.18928820575,1866.9634849909096
2024-08-12,2024,8,LATO,22.34407051881594,49.765905653392906,16876.349965413232,1858.539024412913
2024-08-12,2024,8,LATO,22.4069525887043,49.765905653392906,15226.84159524863,1861.8638957219166
2024-08-12,2024,8,LATO,22.469834658592674,49.765905653392906,14826.846263880092,1864.3814821514015
2024-08-12,2024,8,LATO,22.532716728481034,49.765905653392906,15771.718948820126,1866.7885790004295
2024-08-12,2024,8,LATO,22.59559879836941,49.765905653392906,17849.1479538247,1863.9357304923192
2024-08-12,2024,8,LATO,22.65848086825777,49.765905653392906,20721.25408852988,1861.1303550219113
2024-08-12,2024,8,LATO,22.721362938146143,49.765905653392906,24105.641550652217,1883.6531101380178
2024-08-12,2024,8,LATO,22.15542430915083,49.82878772328128,23034.617265911897,1867.3369814028958
2024-08-12,2024,8,LATO,22.218306379039205,49.82878772328128,18843.212638873254,1872.8810060957994
2024-08-12,2024,8,LATO,22.281188448927566,49.82878772328128,14846.545618054737,1873.7207403787215
2024-08-12,2024,8,LATO,22.34407051881594,49.82878772328128,11254.042585435333,1870.5609517785424
2024-08-12,2024,8,LATO,22.4069525887043,49.82878772328128,8588.79621870295,1859.4189536543395
2024-08-12,2024,8,LATO,22.469834658592674,49.82878772328128,7858.857339596868,1858.714105534889
2024-08-12,2024,8,LATO,22.532716728481034,49.82878772328128,9520.294167600396,1874.0703899272758
2024-08-12,2024,8,LATO,22.59559879836941,49.82878772328128,12664.545823118542,1869.0724086413027
2024-08-12,2024,8,LATO,22.65848086825777,49.82878772328128,16462.861357514073,1865.5837894913257
2024-08-12,2024,8,LATO,22.721362938146143,49.82878772328128,20555.805582780067,1893.8917236327711
2024-08-12,2024,8,LATO,22.784245008034503,49.82878772328128,24797.915498238333,1892.6456797079097
2024-08-12,2024,8,LATO,22.15542430915083,49.89166979316964,21673.66463551955,1860.8947768216087
2024-08-12,2024,8,LATO,22.218306379039205,49.89166979316964,17159.501401782156,1867.6554685831036
2024-08-12,2024,8,LATO,22.281188448927566,49.89166979316964,12648.176412927016,1874.6042308765195
2024-08-12,2024,8,LATO,22.34407051881594,49.89166979316964,8144.413309122736,1873.522026193067
2024-08-12,2024,8,LATO,22.4069525887043,49.89166979316964,3676.120132065583,1873.8176469460118
2024-08-12,2024,8,LATO,22.469834658592674,49.89166979316964,1234.3332592430152,1884.5053730003335
2024-08-12,2024,8,LATO,22.532716728481034,49.89166979316964,5510.047998282455,1885.2846856994913
2024-08-12,2024,8,LATO,22.59559879836941,49.89166979316964,10001.249720505602,1885.75399109515
2024-08-12,2024,8,LATO,22.65848086825777,49.89166979316964,14509.191178276815,1888.4035907195405
2024-08-12,2024,8,LATO,22.721362938146143,49.89166979316964,19021.972796300142,1899.0222144391614
2024-08-12,2024,8,LATO,22.784245008034503,49.89166979316964,23536.808419606954,1899.0222172581707
2024-08-12,2024,8,LATO,22.218306379039205,49.954551863058015,18211.76257979477,1876.488664508129
2024-08-12,2024,8,LATO,22.281188448927566,49.954551863058015,14048.878285394561,1877.5605497717975
2024-08-12,2024,8,LATO,22.34407051881594,49.954551863058015,10190.576603239142,1877.0216420868526
2024-08-12,2024,8,LATO,22.4069525887043,49.954551863058015,7148.356855025623,1874.0901247904906
2024-08-12,2024,8,LATO,22.469834658592674,49.954551863058015,6254.948067902238,1885.0824735977983
2024-08-12,2024,8,LATO,22.532716728481034,49.954551863058015,8241.591098191455,1885.0825125152544
2024-08-12,2024,8,LATO,22.59559879836941,49.954551863058015,11725.935301088623,1885.082516297568
2024-08-12,2024,8,LATO,22.784245008034503,49.954551863058015,24307.690331532653,1899.0221777162144
2024-08-12,2024,8,LATO,22.34407051881594,49.69952180800509,23620.59833694739,1875.0594711208869
2024-08-12,2024,8,LATO,22.4069525887043,49.69952180800509,22470.111308591022,1884.8002038934007
2024-08-12,2024,8,LATO,22.469834658592674,49.69952180800509,22200.633987480778,1895.9249691759862
2024-08-12,2024,8,LATO,22.532716728481034,49.69952180800509,22843.366136554745,1896.837494791255
2024-08-12,2024,8,LATO,22.59559879836941,49.69952180800509,24326.11047779367,1897.2952259540705
2024-08-12,2024,8,LATO,22.218306379039205,49.76240387789346,22917.674111146174,1882.6575216552299
2024-08-12,2024,8,LATO,22.281188448927566,49.76240387789346,19758.26363322222,1882.689208984419
2024-08-12,2024,8,LATO,22.34407051881594,49.76240387789346,17219.01409544969,1882.689208984321
2024-08-12,2024,8,LATO,22.4069525887043,49.76240387789346,15605.644834167053,1888.6304058674236
2024-08-12,2024,8,LATO,22.469834658592674,49.76240387789346,15215.582461313063,1890.792905588801
2024-08-12,2024,8,LATO,22.532716728481034,49.76240387789346,16137.774964274748,1890.508118290367
2024-08-12,2024,8,LATO,22.59559879836941,49.76240387789346,18173.545937952676,1890.3716022761039
2024-08-12,2024,8,LATO,22.65848086825777,49.76240387789346,21001.524527867983,1890.0867054677706
2024-08-12,2024,8,LATO,22.721362938146143,49.76240387789346,24347.208013343,1890.4292843547219
2024-08-12,2024,8,LATO,22.15542430915083,49.82528594778182,23170.192407185114,1890.8528126841597
2024-08-12,2024,8,LATO,22.218306379039205,49.82528594778182,19008.37222621388,1892.0765762731999
2024-08-12,2024,8,LATO,22.281188448927566,49.82528594778182,15055.289865737017,1893.3293635484624
2024-08-12,2024,8,LATO,22.34407051881594,49.82528594778182,11527.729664371389,1893.9556762830248
2024-08-12,2024,8,LATO,22.4069525887043,49.82528594778182,8944.198615953264,1889.5130634883574
2024-08-12,2024,8,LATO,22.469834658592674,49.82528594778182,8245.72867546027,1888.5489501953737
2024-08-12,2024,8,LATO,22.532716728481034,49.82528594778182,9842.178831541656,1888.8297458106972
2024-08-12,2024,8,LATO,22.59559879836941,49.82528594778182,12908.455700405992,1889.666425961438
2024-08-12,2024,8,LATO,22.65848086825777,49.82528594778182,16651.465134353297,1891.36967359645
2024-08-12,2024,8,LATO,22.721362938146143,49.82528594778182,20707.427795604613,1892.4722825050937
2024-08-12,2024,8,LATO,22.15542430915083,49.888168017670196,21692.4793474479,1884.1059117553432
2024-08-12,2024,8,LATO,22.218306379039205,49.888168017670196,17182.890490330894,1885.4903625457698
2024-08-12,2024,8,LATO,22.281188448927566,49.888168017670196,12679.5060528994,1886.8664041411807
2024-08-12,2024,8,LATO,22.34407051881594,49.888168017670196,8192.569773676416,1887.5357677853588
2024-08-12,2024,8,LATO,22.4069525887043,49.888168017670196,3781.1069142950564,1905.9214434203532
2024-08-12,2024,8,LATO,22.469834658592674,49.888168017670196,1518.428519452143,1906.1217326150593
2024-08-12,2024,8,LATO,22.532716728481034,49.888168017670196,5580.748851021591,1906.5138177475512
2024-08-12,2024,8,LATO,22.59559879836941,49.888168017670196,10040.625739657073,1906.7141073187488
2024-08-12,2024,8,LATO,22.65848086825777,49.888168017670196,14536.636226576622,1907.1098286611532
2024-08-12,2024,8,LATO,22.721362938146143,49.888168017670196,19043.202521501644,1898.420643034224
2024-08-12,2024,8,LATO,22.784245008034503,49.888168017670196,23554.26430713341,1889.1198730468054
2024-08-12,2024,8,LATO,22.15542430915083,49.951050087558556,22407.747151401403,1894.036830220403
2024-08-12,2024,8,LATO,22.218306379039205,49.951050087558556,18083.778603949715,1894.7367814569138
2024-08-12,2024,8,LATO,22.281188448927566,49.951050087558556,13882.218574993138,1895.4209465090528
2024-08-12,2024,8,LATO,22.34407051881594,49.951050087558556,9959.22054435593,1895.7709328132385
2024-08-12,2024,8,LATO,22.4069525887043,49.951050087558556,6814.205118417799,1903.3306759336492
2024-08-12,2024,8,LATO,22.469834658592674,49.951050087558556,5870.08436150904,1902.8506399017047
2024-08-12,2024,8,LATO,22.532716728481034,49.951050087558556,7953.579955612904,1901.881616207676
2024-08-12,2024,8,LATO,22.59559879836941,49.951050087558556,11525.546621918342,1901.3915917601269
2024-08-12,2024,8,LATO,22.65848086825777,49.951050087558556,15594.685428118373,1900.4327601316684
2024-08-12,2024,8,LATO,22.721362938146143,49.951050087558556,19857.675995479847,1899.4401790625982
2024-08-12,2024,8,LATO,22.784245008034503,49.951050087558556,24212.33891618957,1899.6798335313163
2024-08-12,2024,8,LATO,22.218306379039205,50.01393215744693,21369.035090490735,1919.9278276362181
2024-08-12,2024,8,LATO,22.281188448927566,50.01393215744693,17958.38692550476,1920.4746093750703
2024-08-12,2024,8,LATO,22.34407051881594,50.01393215744693,15135.90926618548,1920.474609374937
2024-08-12,2024,8,LATO,22.4069525887043,50.01393215744693,13282.01515752109,1895.2685079533571
2024-08-12,2024,8,LATO,22.469834658592674,50.01393215744693,12823.885492817533,1895.334076869426
2024-08-12,2024,8,LATO,22.532716728481034,50.01393215744693,13900.216113367866,1895.4651362809325
2024-08-12,2024,8,LATO,22.59559879836941,50.01393215744693,16208.145723529628,1895.5288756819016
2024-08-12,2024,8,LATO,22.65848086825777,50.01393215744693,19311.035060108297,1895.6589991102521
2024-08-12,2024,8,LATO,22.721362938146143,50.01393215744693,22887.818044151572,1897.9085249998195
2024-08-12,2024,8,LATO,22.281188448927566,50.07681422733529,23454.987431866073,1912.0845922335873
2024-08-12,2024,8,LATO,22.34407051881594,50.07681422733529,21374.062898508386,1911.5743637008786
2024-08-12,2024,8,LATO,22.4069525887043,50.07681422733529,20105.609736342074,1896.3869628905588
2024-08-12,2024,8,LATO,22.469834658592674,50.07681422733529,19806.343999861874,1896.3869628906943
2024-08-12,2024,8,LATO,22.532716728481034,50.07681422733529,20518.715511302635,1896.388219437069
2024-08-12,2024,8,LATO,22.59559879836941,50.07681422733529,22145.31316208404,1896.3982528786664
2024-08-12,2024,8,LATO,22.65848086825777,50.07681422733529,24504.754351744,1896.42168969422
2024-08-13,2024,8,LATO,22.34757229431539,49.954551863058015,9991.910672302422,1897.3438816851879
2024-08-13,2024,8,LATO,22.41045436420376,49.954551863058015,7025.672353207316,1897.3438621050109
2024-08-13,2024,8,LATO,22.47333643409212,49.954551863058015,6297.306306392534,1897.3438706521788
2024-08-13,2024,8,LATO,22.724864713645587,49.954551863058015,20213.40854810415,1897.547748179946
2024-08-13,2024,8,LATO,22.221808154538657,50.017433932946375,21405.371057849297,1901.8864805345909
2024-08-13,2024,8,LATO,22.284690224427024,50.017433932946375,18064.754111782622,1893.453004536729
2024-08-13,2024,8,LATO,22.34757229431539,50.017433932946375,15336.293712145525,1895.791774627616
2024-08-13,2024,8,LATO,22.41045436420376,50.017433932946375,13593.733408909844,1897.5241565127592
2024-08-13,2024,8,LATO,22.47333643409212,50.017433932946375,13232.468914192901,1897.4366117487607
2024-08-13,2024,8,LATO,22.536218503980486,50.017433932946375,14357.150812042579,1897.3438724879118
2024-08-13,2024,8,LATO,22.599100573868853,50.017433932946375,16669.684479512252,1897.3438767522066
2024-08-13,2024,8,LATO,22.66198264375722,50.017433932946375,19757.280373050577,1897.4330713524255
2024-08-13,2024,8,LATO,22.724864713645587,50.017433932946375,23314.007907988398,1897.5205071524076
2024-08-13,2024,8,LATO,22.284690224427024,50.08031600283475,23652.171169138048,1882.923339843819
2024-08-13,2024,8,LATO,22.34757229431539,50.08031600283475,21642.801132084838,1884.896143881107
2024-08-13,2024,8,LATO,22.41045436420376,50.08031600283475,20446.622197484277,1892.4943901347133
2024-08-13,2024,8,LATO,22.47333643409212,50.08031600283475,20208.55394839451,1893.1025185687245
2024-08-13,2024,8,LATO,22.536218503980486,50.08031600283475,20961.26645273533,1897.1330601514464
2024-08-13,2024,8,LATO,22.599100573868853,50.08031600283475,22606.007121646166,1881.9319476588507
2024-08-13,2024,8,LATO,22.66198264375722,50.08031600283475,24967.10526008387,1878.704785117788
2024-08-13,2024,8,LATO,22.34407051881594,49.69952180800509,23620.59833694739,1890.848174758445
2024-08-13,2024,8,LATO,22.4069525887043,49.69952180800509,22470.111308591022,1890.8455388084406
2024-08-13,2024,8,LATO,22.469834658592674,49.69952180800509,22200.633987480778,1890.844224690976
2024-08-13,2024,8,LATO,22.532716728481034,49.69952180800509,22843.366136554745,1911.307442091086
2024-08-13,2024,8,LATO,22.59559879836941,49.69952180800509,24326.11047779367,1911.3080179386761
2024-08-13,2024,8,LATO,22.218306379039205,49.76240387789346,22917.674111146174,1894.9022769961944
2024-08-13,2024,8,LATO,22.281188448927566,49.76240387789346,19758.26363322222,1899.9002686959163
2024-08-13,2024,8,LATO,22.34407051881594,49.76240387789346,17219.01409544969,1901.5755184857614
2024-08-13,2024,8,LATO,22.4069525887043,49.76240387789346,15605.644834167053,1901.5047252046584
2024-08-13,2024,8,LATO,22.469834658592674,49.76240387789346,15215.582461313063,1901.4693330688638
2024-08-13,2024,8,LATO,22.532716728481034,49.76240387789346,16137.774964274748,1918.9404166695667
2024-08-13,2024,8,LATO,22.59559879836941,49.76240387789346,18173.545937952676,1918.9382514487293
2024-08-13,2024,8,LATO,22.65848086825777,49.76240387789346,21001.524527867983,1918.9339344401355
2024-08-13,2024,8,LATO,22.721362938146143,49.76240387789346,24347.208013343,1920.4637422449907
2024-08-13,2024,8,LATO,22.15542430915083,49.82528594778182,23170.192407185114,1907.844099615244
2024-08-13,2024,8,LATO,22.218306379039205,49.82528594778182,19008.37222621388,1907.6417637000638
2024-08-13,2024,8,LATO,22.281188448927566,49.82528594778182,15055.289865737017,1905.113032657155
2024-08-13,2024,8,LATO,22.34407051881594,49.82528594778182,11527.729664371389,1905.2981868894012
2024-08-13,2024,8,LATO,22.4069525887043,49.82528594778182,8944.198615953264,1905.2786690270307
2024-08-13,2024,8,LATO,22.469834658592674,49.82528594778182,8245.72867546027,1905.269508002576
2024-08-13,2024,8,LATO,22.532716728481034,49.82528594778182,9842.178831541656,1920.92229085286
2024-08-13,2024,8,LATO,22.59559879836941,49.82528594778182,12908.455700405992,1920.922251931897
2024-08-13,2024,8,LATO,22.65848086825777,49.82528594778182,16651.465134353297,1920.9221379810085
2024-08-13,2024,8,LATO,22.721362938146143,49.82528594778182,20707.427795604613,1925.2501239695946
2024-08-13,2024,8,LATO,22.15542430915083,49.888168017670196,21692.4793474479,1907.8867252950793
2024-08-13,2024,8,LATO,22.218306379039205,49.888168017670196,17182.890490330894,1907.9130128661989
2024-08-13,2024,8,LATO,22.281188448927566,49.888168017670196,12679.5060528994,1902.2364362546682
2024-08-13,2024,8,LATO,22.34407051881594,49.888168017670196,8192.569773676416,1902.1953455940993
2024-08-13,2024,8,LATO,22.4069525887043,49.888168017670196,3781.1069142950564,1902.1131571122653
2024-08-13,2024,8,LATO,22.469834658592674,49.888168017670196,1518.428519452143,1912.9594084695475
2024-08-13,2024,8,LATO,22.532716728481034,49.888168017670196,5580.748851021591,1935.194309198318
2024-08-13,2024,8,LATO,22.59559879836941,49.888168017670196,10040.625739657073,1935.1947992060432
2024-08-13,2024,8,LATO,22.65848086825777,49.888168017670196,14536.636226576622,1932.6982513997004
2024-08-13,2024,8,LATO,22.721362938146143,49.888168017670196,19043.202521501644,1916.7008326118023
2024-08-13,2024,8,LATO,22.784245008034503,49.888168017670196,23554.26430713341,1916.711244532198
2024-08-13,2024,8,LATO,22.15542430915083,49.951050087558556,22407.747151401403,1906.1202723255117
2024-08-13,2024,8,LATO,22.218306379039205,49.951050087558556,18083.778603949715,1906.0964355468748
2024-08-13,2024,8,LATO,22.281188448927566,49.951050087558556,13882.218574993138,1913.5467529297575
2024-08-13,2024,8,LATO,22.34407051881594,49.951050087558556,9959.22054435593,1913.5467529296245
2024-08-13,2024,8,LATO,22.4069525887043,49.951050087558556,6814.205118417799,1913.5467529296209
2024-08-13,2024,8,LATO,22.469834658592674,49.951050087558556,5870.08436150904,1922.705882142424
2024-08-13,2024,8,LATO,22.532716728481034,49.951050087558556,7953.579955612904,1929.7978515625707
2024-08-13,2024,8,LATO,22.59559879836941,49.951050087558556,11525.546621918342,1929.7978515624327
2024-08-13,2024,8,LATO,22.65848086825777,49.951050087558556,15594.685428118373,1926.1234321893176
2024-08-13,2024,8,LATO,22.721362938146143,49.951050087558556,19857.675995479847,1919.7088623046204
2024-08-13,2024,8,LATO,22.784245008034503,49.951050087558556,24212.33891618957,1919.7088623047243
2024-08-13,2024,8,LATO,22.218306379039205,50.01393215744693,21369.035090490735,1918.1971299617292
2024-08-13,2024,8,LATO,22.281188448927566,50.01393215744693,17958.38692550476,1923.1916780157421
2024-08-13,2024,8,LATO,22.34407051881594,50.01393215744693,15135.90926618548,1923.1585810532274
2024-08-13,2024,8,LATO,22.4069525887043,50.01393215744693,13282.01515752109,1923.0059409648732
2024-08-13,2024,8,LATO,22.469834658592674,50.01393215744693,12823.885492817533,1922.5865535633177
2024-08-13,2024,8,LATO,22.532716728481034,50.01393215744693,13900.216113367866,1922.6845265717425
2024-08-13,2024,8,LATO,22.59559879836941,50.01393215744693,16208.145723529628,1922.684468545949
2024-08-13,2024,8,LATO,22.65848086825777,50.01393215744693,19311.035060108297,1912.8728327607048
2024-08-13,2024,8,LATO,22.721362938146143,50.01393215744693,22887.818044151572,1910.598648404691
2024-08-13,2024,8,LATO,22.281188448927566,50.07681422733529,23454.987431866073,1924.1550700777425
2024-08-13,2024,8,LATO,22.34407051881594,50.07681422733529,21374.062898508386,1924.1645032025122
2024-08-13,2024,8,LATO,22.4069525887043,50.07681422733529,20105.609736342074,1923.4665917546868
2024-08-13,2024,8,LATO,22.469834658592674,50.07681422733529,19806.343999861874,1921.2487730402581
2024-08-13,2024,8,LATO,22.532716728481034,50.07681422733529,20518.715511302635,1921.2486184512534
2024-08-13,2024,8,LATO,22.59559879836941,50.07681422733529,22145.31316208404,1921.248541156631
2024-08-13,2024,8,LATO,22.65848086825777,50.07681422733529,24504.754351744,1911.053495632487
2024-08-14,2024,8,LATO,22.34407051881594,49.69952180800509,23620.59833694739,1888.6828831097632
2024-08-14,2024,8,LATO,22.4069525887043,49.69952180800509,22470.111308591022,1881.1396450447353
2024-08-14,2024,8,LATO,22.469834658592674,49.69952180800509,22200.633987480778,1888.5074549637648
2024-08-14,2024,8,LATO,22.532716728481034,49.69952180800509,22843.366136554745,1900.1120941546865
2024-08-14,2024,8,LATO,22.59559879836941,49.69952180800509,24326.11047779367,1901.6026641162323
2024-08-14,2024,8,LATO,22.218306379039205,49.76240387789346,22917.674111146174,1907.5556564359167
2024-08-14,2024,8,LATO,22.281188448927566,49.76240387789346,19758.26363322222,1901.8697999228668
2024-08-14,2024,8,LATO,22.34407051881594,49.76240387789346,17219.01409544969,1890.2239990233834
2024-08-14,2024,8,LATO,22.4069525887043,49.76240387789346,15605.644834167053,1890.5290592556457
2024-08-14,2024,8,LATO,22.469834658592674,49.76240387789346,15215.582461313063,1904.0730278043875
2024-08-14,2024,8,LATO,22.532716728481034,49.76240387789346,16137.774964274748,1904.3069296478923
2024-08-14,2024,8,LATO,22.59559879836941,49.76240387789346,18173.545937952676,1915.8899503097505
2024-08-14,2024,8,LATO,22.65848086825777,49.76240387789346,21001.524527867983,1917.1027512769936
2024-08-14,2024,8,LATO,22.721362938146143,49.76240387789346,24347.208013343,1907.9348413386588
2024-08-14,2024,8,LATO,22.15542430915083,49.82528594778182,23170.192407185114,1897.2868899819046
2024-08-14,2024,8,LATO,22.218306379039205,49.82528594778182,19008.37222621388,1920.198486328083
2024-08-14,2024,8,LATO,22.281188448927566,49.82528594778182,15055.289865737017,1908.6718973882907
2024-08-14,2024,8,LATO,22.34407051881594,49.82528594778182,11527.729664371389,1900.3047859237552
2024-08-14,2024,8,LATO,22.4069525887043,49.82528594778182,8944.198615953264,1896.5117249995114
2024-08-14,2024,8,LATO,22.469834658592674,49.82528594778182,8245.72867546027,1895.8111891104654
2024-08-14,2024,8,LATO,22.532716728481034,49.82528594778182,9842.178831541656,1899.696478431857
2024-08-14,2024,8,LATO,22.59559879836941,49.82528594778182,12908.455700405992,1919.3349939194134
2024-08-14,2024,8,LATO,22.65848086825777,49.82528594778182,16651.465134353297,1921.5227092513812
2024-08-14,2024,8,LATO,22.721362938146143,49.82528594778182,20707.427795604613,1910.8199180155395
2024-08-14,2024,8,LATO,22.15542430915083,49.888168017670196,21692.4793474479,1906.368645500253
2024-08-14,2024,8,LATO,22.218306379039205,49.888168017670196,17182.890490330894,1911.0570810804657
2024-08-14,2024,8,LATO,22.281188448927566,49.888168017670196,12679.5060528994,1886.634521697635
2024-08-14,2024,8,LATO,22.34407051881594,49.888168017670196,8192.569773676416,1885.5246370246323
2024-08-14,2024,8,LATO,22.4069525887043,49.888168017670196,3781.1069142950564,1910.492176339404
2024-08-14,2024,8,LATO,22.469834658592674,49.888168017670196,1518.428519452143,1911.0601844197374
2024-08-14,2024,8,LATO,22.532716728481034,49.888168017670196,5580.748851021591,1921.4406424825218
2024-08-14,2024,8,LATO,22.59559879836941,49.888168017670196,10040.625739657073,1926.227539062525
2024-08-14,2024,8,LATO,22.65848086825777,49.888168017670196,14536.636226576622,1920.227340394218
2024-08-14,2024,8,LATO,22.721362938146143,49.888168017670196,19043.202521501644,1911.914628276875
2024-08-14,2024,8,LATO,22.784245008034503,49.888168017670196,23554.26430713341,1913.0321782260708
2024-08-14,2024,8,LATO,22.15542430915083,49.951050087558556,22407.747151401403,1909.82555646701
2024-08-14,2024,8,LATO,22.218306379039205,49.951050087558556,18083.778603949715,1911.263837283933
2024-08-14,2024,8,LATO,22.281188448927566,49.951050087558556,13882.218574993138,1895.8455737506074
2024-08-14,2024,8,LATO,22.34407051881594,49.951050087558556,9959.22054435593,1895.2573717931807
2024-08-14,2024,8,LATO,22.4069525887043,49.951050087558556,6814.205118417799,1919.3387451171204
2024-08-14,2024,8,LATO,22.469834658592674,49.951050087558556,5870.08436150904,1919.3387451172575
2024-08-14,2024,8,LATO,22.532716728481034,49.951050087558556,7953.579955612904,1921.3974513197031
2024-08-14,2024,8,LATO,22.59559879836941,49.951050087558556,11525.546621918342,1921.8051421111065
2024-08-14,2024,8,LATO,22.65848086825777,49.951050087558556,15594.685428118373,1915.991708660785
2024-08-14,2024,8,LATO,22.721362938146143,49.951050087558556,19857.675995479847,1912.6100161538236
2024-08-14,2024,8,LATO,22.784245008034503,49.951050087558556,24212.33891618957,1913.4499993072782
2024-08-14,2024,8,LATO,22.218306379039205,50.01393215744693,21369.035090490735,1918.4487226187064
2024-08-14,2024,8,LATO,22.281188448927566,50.01393215744693,17958.38692550476,1921.3827250988336
2024-08-14,2024,8,LATO,22.34407051881594,50.01393215744693,15135.90926618548,1919.5908931362555
2024-08-14,2024,8,LATO,22.4069525887043,50.01393215744693,13282.01515752109,1917.1053139621927
2024-08-14,2024,8,LATO,22.469834658592674,50.01393215744693,12823.885492817533,1917.0416840049506
2024-08-14,2024,8,LATO,22.532716728481034,50.01393215744693,13900.216113367866,1914.523907061836
2024-08-14,2024,8,LATO,22.59559879836941,50.01393215744693,16208.145723529628,1914.4898305012325
2024-08-14,2024,8,LATO,22.65848086825777,50.01393215744693,19311.035060108297,1904.580153599926
2024-08-14,2024,8,LATO,22.721362938146143,50.01393215744693,22887.818044151572,1905.6057424356427
2024-08-14,2024,8,LATO,22.281188448927566,50.07681422733529,23454.987431866073,1915.4595317714568
2024-08-14,2024,8,LATO,22.34407051881594,50.07681422733529,21374.062898508386,1915.831235690783
2024-08-14,2024,8,LATO,22.4069525887043,50.07681422733529,20105.609736342074,1915.002252677134
2024-08-14,2024,8,LATO,22.469834658592674,50.07681422733529,19806.343999861874,1915.5409469474373
2024-08-14,2024,8,LATO,22.532716728481034,50.07681422733529,20518.715511302635,1915.1616152224674
2024-08-14,2024,8,LATO,22.59559879836941,50.07681422733529,22145.31316208404,1915.035674865763
2024-08-14,2024,8,LATO,22.65848086825777,50.07681422733529,24504.754351744,1902.259832477413
2024-08-15,2024,8,LATO,22.469834658592674,49.765905653392906,14826.846263880092,1902.0517729335243
2024-08-15,2024,8,LATO,22.4069525887043,49.82878772328128,8588.79621870295,1902.0517553458426
2024-08-15,2024,8,LATO,22.469834658592674,49.82878772328128,7858.857339596868,1902.0517564588602
2024-08-15,2024,8,LATO,22.532716728481034,49.82878772328128,9520.294167600396,1890.6411636962112
2024-08-15,2024,8,LATO,22.59559879836941,49.82878772328128,12664.545823118542,1882.2822295479777
2024-08-15,2024,8,LATO,22.65848086825777,49.82878772328128,16462.861357514073,1918.9422481036481
2024-08-15,2024,8,LATO,22.15542430915083,49.89166979316964,21673.66463551955,1924.0552989204232
2024-08-15,2024,8,LATO,22.218306379039205,49.89166979316964,17159.501401782156,1893.4154979066661
2024-08-15,2024,8,LATO,22.4069525887043,49.89166979316964,3676.120132065583,1905.2499160863981
2024-08-15,2024,8,LATO,22.469834658592674,49.89166979316964,1234.3332592430152,1903.1605278977058
2024-08-15,2024,8,LATO,22.532716728481034,49.89166979316964,5510.047998282455,1904.2630442240174
2024-08-15,2024,8,LATO,22.59559879836941,49.89166979316964,10001.249720505602,1904.319946289087
2024-08-15,2024,8,LATO,22.65848086825777,49.89166979316964,14509.191178276815,1907.7574000233574
2024-08-15,2024,8,LATO,22.721362938146143,49.89166979316964,19021.972796300142,1918.9422818808425
2024-08-15,2024,8,LATO,22.15542430915083,49.954551863058015,22510.8792662599,1922.9164685757069
2024-08-15,2024,8,LATO,22.218306379039205,49.954551863058015,18211.76257979477,1893.4155250044469
2024-08-15,2024,8,LATO,22.281188448927566,49.954551863058015,14048.878285394561,1906.1407751898448
2024-08-15,2024,8,LATO,22.34407051881594,49.954551863058015,10190.576603239142,1906.88073591907
2024-08-15,2024,8,LATO,22.4069525887043,49.954551863058015,7148.356855025623,1911.7555922151046
2024-08-15,2024,8,LATO,22.469834658592674,49.954551863058015,6254.948067902238,1911.2175024728797
2024-08-15,2024,8,LATO,22.532716728481034,49.954551863058015,8241.591098191455,1902.573052290911
2024-08-15,2024,8,LATO,22.59559879836941,49.954551863058015,11725.935301088623,1902.8346548443753
2024-08-15,2024,8,LATO,22.65848086825777,49.954551863058015,15743.110891885131,1905.3079722844368
2024-08-15,2024,8,LATO,22.218306379039205,50.017433932946375,21603.925642499682,1903.9212831240293
2024-08-15,2024,8,LATO,22.281188448927566,50.017433932946375,18237.52611427792,1924.932802900553
2024-08-15,2024,8,LATO,22.34407051881594,50.017433932946375,15466.293793761843,1920.182438908915
2024-08-15,2024,8,LATO,22.4069525887043,50.017433932946375,13657.461448845475,1907.9503489386716
2024-08-15,2024,8,LATO,22.469834658592674,50.017433932946375,13212.389441694519,1909.6644564779572
2024-08-15,2024,8,LATO,22.281188448927566,50.08031600283475,23784.217944379117,1914.2787469759583
2024-08-15,2024,8,LATO,22.34407051881594,50.08031600283475,21734.993638187294,1901.8799414444577
2024-08-15,2024,8,LATO,22.4069525887043,50.08031600283475,20488.99113317238,1899.8472281004294
2024-08-15,2024,8,LATO,22.469834658592674,50.08031600283475,20195.42885761202,1900.3988527062463
2024-08-16,2024,8,LATO,22.218306379039205,49.765905653392906,22660.981171845084,1905.562377891922
2024-08-16,2024,8,LATO,22.15542430915083,49.82878772328128,23034.617265911897,1885.3838911471996
2024-08-16,2024,8,LATO,22.218306379039205,49.82878772328128,18843.212638873254,1905.5623767315694
2024-08-16,2024,8,LATO,22.281188448927566,49.82878772328128,14846.545618054737,1905.5623819951663
2024-08-16,2024,8,LATO,22.15542430915083,49.89166979316964,21673.66463551955,1886.1037631963895
2024-08-16,2024,8,LATO,22.218306379039205,49.89166979316964,17159.501401782156,1905.817382046022
2024-08-16,2024,8,LATO,22.281188448927566,49.89166979316964,12648.176412927016,1905.8173971607218
2024-08-16,2024,8,LATO,22.15542430915083,49.954551863058015,22510.8792662599,1888.4465425523013
2024-08-17,2024,8,LATO,22.65848086825777,49.765905653392906,20721.25408852988,1878.3021168498237
2024-08-17,2024,8,LATO,22.721362938146143,49.765905653392906,24105.641550652217,1878.3021185835755
2024-08-17,2024,8,LATO,22.65848086825777,49.82878772328128,16462.861357514073,1886.5773011484766
2024-08-17,2024,8,LATO,22.721362938146143,49.82878772328128,20555.805582780067,1878.9798126200542
2024-08-17,2024,8,LATO,22.784245008034503,49.82878772328128,24797.915498238333,1878.3021240430382
2024-08-17,2024,8,LATO,22.721362938146143,49.89166979316964,19021.972796300142,1889.0462647359027
2024-08-17,2024,8,LATO,22.784245008034503,49.89166979316964,23536.808419606954,1889.046265781105
2024-08-21,2024,8,LATO,22.34407051881594,49.703023583504546,23255.137262703734,1878.4270105314429
2024-08-21,2024,8,LATO,22.4069525887043,49.703023583504546,22085.707102393648,1868.2379143643996
2024-08-21,2024,8,LATO,22.469834658592674,49.703023583504546,21811.500894878358,1858.8563474913758
2024-08-21,2024,8,LATO,22.532716728481034,49.703023583504546,22465.3225243492,1863.1481136501188
2024-08-21,2024,8,LATO,22.218306379039205,49.765905653392906,22660.981171845084,1893.2687988281325
2024-08-21,2024,8,LATO,22.281188448927566,49.765905653392906,19460.18928820575,1894.843277522799
2024-08-21,2024,8,LATO,22.34407051881594,49.765905653392906,16876.349965413232,1889.1237644728976
2024-08-21,2024,8,LATO,22.4069525887043,49.765905653392906,15226.84159524863,1882.1741895744115
2024-08-21,2024,8,LATO,22.469834658592674,49.765905653392906,14826.846263880092,1881.962251252283
2024-08-21,2024,8,LATO,22.532716728481034,49.765905653392906,15771.718948820126,1857.2713434346274
2024-08-21,2024,8,LATO,22.59559879836941,49.765905653392906,17849.1479538247,1843.5647812550212
2024-08-21,2024,8,LATO,22.218306379039205,49.82878772328128,18843.212638873254,1893.2687956157379
2024-08-21,2024,8,LATO,22.281188448927566,49.82878772328128,14846.545618054737,1902.8032227833362
2024-08-21,2024,8,LATO,22.34407051881594,49.82878772328128,11254.042585435333,1902.8032213011843
2024-08-21,2024,8,LATO,22.4069525887043,49.82878772328128,8588.79621870295,1882.1741497998944
2024-08-21,2024,8,LATO,22.469834658592674,49.82878772328128,7858.857339596868,1882.09652806389
2024-08-21,2024,8,LATO,22.532716728481034,49.82878772328128,9520.294167600396,1881.380129269059
2024-08-21,2024,8,LATO,22.59559879836941,49.82878772328128,12664.545823118542,1881.3801318420976
2024-08-24,2024,8,LATO,22.469834658592674,49.69952180800509,22200.633987480778,1873.269269028126
2024-08-24,2024,8,LATO,22.532716728481034,49.69952180800509,22843.366136554745,1873.269282449
2024-08-24,2024,8,LATO,22.59559879836941,49.69952180800509,24326.11047779367,1873.269273971872
2024-08-24,2024,8,LATO,22.65848086825777,49.76240387789346,21001.524527867983,1907.026002234438
2024-08-24,2024,8,LATO,22.721362938146143,49.76240387789346,24347.208013343,1907.0259979056236
2024-08-25,2024,8,LATO,22.34407051881594,49.703023583504546,23255.137262703734,1884.5782588023585
2024-08-25,2024,8,LATO,22.4069525887043,49.703023583504546,22085.707102393648,1874.7830041458976
2024-08-25,2024,8,LATO,22.469834658592674,49.703023583504546,21811.500894878358,1875.2164949517733
2024-08-25,2024,8,LATO,22.532716728481034,49.703023583504546,22465.3225243492,1870.9266519781809
2024-08-25,2024,8,LATO,22.59559879836941,49.703023583504546,23971.357135078226,1870.9581298827472
2024-08-25,2024,8,LATO,22.218306379039205,49.765905653392906,22660.981171845084,1876.7877599206834
2024-08-25,2024,8,LATO,22.281188448927566,49.765905653392906,19460.18928820575,1877.6840480108096
2024-08-25,2024,8,LATO,22.34407051881594,49.765905653392906,16876.349965413232,1876.312524061817
2024-08-25,2024,8,LATO,22.4069525887043,49.765905653392906,15226.84159524863,1882.57690429685
2024-08-25,2024,8,LATO,22.469834658592674,49.765905653392906,14826.846263880092,1884.1742612128417
2024-08-25,2024,8,LATO,22.532716728481034,49.765905653392906,15771.718948820126,1885.6805549089436
2024-08-25,2024,8,LATO,22.59559879836941,49.765905653392906,17849.1479538247,1890.6867219925223
2024-08-25,2024,8,LATO,22.65848086825777,49.765905653392906,20721.25408852988,1905.5563314385427
2024-08-25,2024,8,LATO,22.721362938146143,49.765905653392906,24105.641550652217,1901.865759528797
2024-08-25,2024,8,LATO,22.15542430915083,49.82878772328128,23034.617265911897,1878.5922711535475
2024-08-25,2024,8,LATO,22.218306379039205,49.82878772328128,18843.212638873254,1885.103365627752
2024-08-25,2024,8,LATO,22.281188448927566,49.82878772328128,14846.545618054737,1899.0513916016241
2024-08-25,2024,8,LATO,22.34407051881594,49.82878772328128,11254.042585435333,1894.956643788686
2024-08-25,2024,8,LATO,22.4069525887043,49.82878772328128,8588.79621870295,1889.3866784907736
2024-08-25,2024,8,LATO,22.469834658592674,49.82878772328128,7858.857339596868,1881.973326124118
2024-08-25,2024,8,LATO,22.532716728481034,49.82878772328128,9520.294167600396,1882.6262690109409
2024-08-25,2024,8,LATO,22.59559879836941,49.82878772328128,12664.545823118542,1902.176087970401
2024-08-25,2024,8,LATO,22.65848086825777,49.82878772328128,16462.861357514073,1911.0469108312923
2024-08-25,2024,8,LATO,22.721362938146143,49.82878772328128,20555.805582780067,1900.3840067298174
2024-08-25,2024,8,LATO,22.784245008034503,49.82878772328128,24797.915498238333,1900.378662109371
2024-08-25,2024,8,LATO,22.15542430915083,49.89166979316964,21673.66463551955,1884.1325425848543
2024-08-25,2024,8,LATO,22.218306379039205,49.89166979316964,17159.501401782156,1882.7251800353163
2024-08-25,2024,8,LATO,22.281188448927566,49.89166979316964,12648.176412927016,1884.8836074725532
2024-08-25,2024,8,LATO,22.34407051881594,49.89166979316964,8144.413309122736,1883.6784344440832
2024-08-25,2024,8,LATO,22.4069525887043,49.89166979316964,3676.120132065583,1884.5103288896294
2024-08-25,2024,8,LATO,22.469834658592674,49.89166979316964,1234.3332592430152,1893.972594850104
2024-08-25,2024,8,LATO,22.532716728481034,49.89166979316964,5510.047998282455,1903.9552900496606
2024-08-25,2024,8,LATO,22.59559879836941,49.89166979316964,10001.249720505602,1924.0678710937748
2024-08-25,2024,8,LATO,22.65848086825777,49.89166979316964,14509.191178276815,1916.3576074223677
2024-08-25,2024,8,LATO,22.721362938146143,49.89166979316964,19021.972796300142,1908.549125178046
2024-08-25,2024,8,LATO,22.784245008034503,49.89166979316964,23536.808419606954,1909.6862574910128
2024-08-25,2024,8,LATO,22.15542430915083,49.954551863058015,22510.8792662599,1882.2080769319298
2024-08-25,2024,8,LATO,22.218306379039205,49.954551863058015,18211.76257979477,1882.1867387968982
2024-08-25,2024,8,LATO,22.281188448927566,49.954551863058015,14048.878285394561,1889.8776918942185
2024-08-25,2024,8,LATO,22.34407051881594,49.954551863058015,10190.576603239142,1894.5653353328198
2024-08-25,2024,8,LATO,22.4069525887043,49.954551863058015,7148.356855025623,1902.7177273965924
2024-08-25,2024,8,LATO,22.469834658592674,49.954551863058015,6254.948067902238,1907.0184326172573
2024-08-25,2024,8,LATO,22.532716728481034,49.954551863058015,8241.591098191455,1915.1980451516824
2024-08-25,2024,8,LATO,22.59559879836941,49.954551863058015,11725.935301088623,1918.8033705925711
2024-08-25,2024,8,LATO,22.65848086825777,49.954551863058015,15743.110891885131,1912.5995053058955
2024-08-25,2024,8,LATO,22.721362938146143,49.954551863058015,19974.174910830076,1909.60761378262
2024-08-25,2024,8,LATO,22.784245008034503,49.954551863058015,24307.690331532653,1910.2005809814327
2024-08-25,2024,8,LATO,22.218306379039205,50.017433932946375,21603.925642499682,1892.130816932118
2024-08-25,2024,8,LATO,22.281188448927566,50.017433932946375,18237.52611427792,1914.4027099610075
2024-08-25,2024,8,LATO,22.34407051881594,50.017433932946375,15466.293793761843,1913.6989766336662
2024-08-25,2024,8,LATO,22.4069525887043,50.017433932946375,13657.461448845475,1902.729089749221
2024-08-25,2024,8,LATO,22.469834658592674,50.017433932946375,13212.389441694519,1902.8210864182715
2024-08-25,2024,8,LATO,22.532716728481034,50.017433932946375,14259.351764241463,1913.7962926308446
2024-08-25,2024,8,LATO,22.59559879836941,50.017433932946375,16517.022631493433,1913.2343758684049
2024-08-25,2024,8,LATO,22.65848086825777,50.017433932946375,19570.797270048133,1900.1912348683275
2024-08-25,2024,8,LATO,22.721362938146143,50.017433932946375,23107.169243358545,1907.9502487249194
2024-08-25,2024,8,LATO,22.281188448927566,50.08031600283475,23784.217944379117,1903.0060828526582
2024-08-25,2024,8,LATO,22.34407051881594,50.08031600283475,21734.993638187294,1903.162721433394
2024-08-25,2024,8,LATO,22.4069525887043,50.08031600283475,20488.99113317238,1892.7953807935073
2024-08-25,2024,8,LATO,22.469834658592674,50.08031600283475,20195.42885761202,1897.3568259839344
2024-08-25,2024,8,LATO,22.532716728481034,50.08031600283475,20894.489209014744,1914.1224365235075
2024-08-25,2024,8,LATO,22.59559879836941,50.08031600283475,22493.81768028525,1911.3978013642873
2024-08-25,2024,8,LATO,22.65848086825777,50.08031600283475,24819.99003576218,1900.8896603220942
2024-08-26,2024,8,LATO,22.469834658592674,49.703023583504546,21811.500894878358,1858.0378642955125
2024-08-26,2024,8,LATO,22.532716728481034,49.703023583504546,22465.3225243492,1864.6315735596909
2024-08-26,2024,8,LATO,22.59559879836941,49.703023583504546,23971.357135078226,1872.2585108796673
2024-08-26,2024,8,LATO,22.4069525887043,49.765905653392906,15226.84159524863,1891.6727809949211
2024-08-26,2024,8,LATO,22.469834658592674,49.765905653392906,14826.846263880092,1886.4767857183922
2024-08-26,2024,8,LATO,22.532716728481034,49.765905653392906,15771.718948820126,1895.0200092630746
2024-08-26,2024,8,LATO,22.59559879836941,49.765905653392906,17849.1479538247,1898.8855589230334
2024-08-26,2024,8,LATO,22.65848086825777,49.765905653392906,20721.25408852988,1911.2782515304602
2024-08-26,2024,8,LATO,22.721362938146143,49.765905653392906,24105.641550652217,1905.9067308536924
2024-08-26,2024,8,LATO,22.4069525887043,49.82878772328128,8588.79621870295,1896.222549171089
2024-08-26,2024,8,LATO,22.469834658592674,49.82878772328128,7858.857339596868,1899.7716529897634
2024-08-26,2024,8,LATO,22.532716728481034,49.82878772328128,9520.294167600396,1879.3484614552337
2024-08-26,2024,8,LATO,22.59559879836941,49.82878772328128,12664.545823118542,1883.6298600865514
2024-08-26,2024,8,LATO,22.65848086825777,49.82878772328128,16462.861357514073,1913.6675056523977
2024-08-26,2024,8,LATO,22.721362938146143,49.82878772328128,20555.805582780067,1907.4648241101495
2024-08-26,2024,8,LATO,22.784245008034503,49.82878772328128,24797.915498238333,1907.0422763600297
2024-08-26,2024,8,LATO,22.34407051881594,49.89166979316964,8144.413309122736,1901.5999894845347
2024-08-26,2024,8,LATO,22.4069525887043,49.89166979316964,3676.120132065583,1899.4610651814844
2024-08-26,2024,8,LATO,22.469834658592674,49.89166979316964,1234.3332592430152,1897.7029266879765
2024-08-26,2024,8,LATO,22.532716728481034,49.89166979316964,5510.047998282455,1904.4241351833075
2024-08-26,2024,8,LATO,22.59559879836941,49.89166979316964,10001.249720505602,1913.4441937512422
2024-08-26,2024,8,LATO,22.65848086825777,49.89166979316964,14509.191178276815,1921.4438095586186
2024-08-26,2024,8,LATO,22.721362938146143,49.89166979316964,19021.972796300142,1908.84127748983
2024-08-26,2024,8,LATO,22.784245008034503,49.89166979316964,23536.808419606954,1908.5365315790095
2024-08-26,2024,8,LATO,22.34407051881594,49.954551863058015,10190.576603239142,1908.6403783220137
2024-08-26,2024,8,LATO,22.4069525887043,49.954551863058015,7148.356855025623,1905.802784246552
2024-08-26,2024,8,LATO,22.469834658592674,49.954551863058015,6254.948067902238,1908.530283452149
2024-08-26,2024,8,LATO,22.532716728481034,49.954551863058015,8241.591098191455,1913.8679294855879
2024-08-26,2024,8,LATO,22.59559879836941,49.954551863058015,11725.935301088623,1923.364473254592
2024-08-26,2024,8,LATO,22.65848086825777,49.954551863058015,15743.110891885131,1917.7971098170706
2024-08-26,2024,8,LATO,22.721362938146143,49.954551863058015,19974.174910830076,1908.2247816352785
2024-08-26,2024,8,LATO,22.784245008034503,49.954551863058015,24307.690331532653,1905.143551132197
2024-08-26,2024,8,LATO,22.218306379039205,50.017433932946375,21603.925642499682,1908.2381538631234
2024-08-26,2024,8,LATO,22.281188448927566,50.017433932946375,18237.52611427792,1909.9604917602499
2024-08-26,2024,8,LATO,22.34407051881594,50.017433932946375,15466.293793761843,1912.2327053674182
2024-08-26,2024,8,LATO,22.4069525887043,50.017433932946375,13657.461448845475,1912.28222673365
2024-08-26,2024,8,LATO,22.469834658592674,50.017433932946375,13212.389441694519,1913.7263794281005
2024-08-26,2024,8,LATO,22.532716728481034,50.017433932946375,14259.351764241463,1915.562236565666
2024-08-26,2024,8,LATO,22.59559879836941,50.017433932946375,16517.022631493433,1916.4161590900394
2024-08-26,2024,8,LATO,22.65848086825777,50.017433932946375,19570.797270048133,1895.3070593322664
2024-08-26,2024,8,LATO,22.721362938146143,50.017433932946375,23107.169243358545,1904.1455165610798
2024-08-26,2024,8,LATO,22.281188448927566,50.08031600283475,23784.217944379117,1915.4482510297526
2024-08-26,2024,8,LATO,22.34407051881594,50.08031600283475,21734.993638187294,1915.6496485147807
2024-08-26,2024,8,LATO,22.4069525887043,50.08031600283475,20488.99113317238,1899.3175324740134
2024-08-26,2024,8,LATO,22.469834658592674,50.08031600283475,20195.42885761202,1900.6600095424872
2024-08-26,2024,8,LATO,22.532716728481034,50.08031600283475,20894.489209014744,1906.8888563070739
2024-08-26,2024,8,LATO,22.59559879836941,50.08031600283475,22493.81768028525,1906.0215490743597
2024-08-26,2024,8,LATO,22.65848086825777,50.08031600283475,24819.99003576218,1902.2414734207518
2024-08-28,2024,8,LATO,22.536218503980486,49.703023583504546,22527.929404562703,1868.3171530010127
2024-08-28,2024,8,LATO,22.599100573868853,49.703023583504546,24077.48504958372,1868.3171468293015
2024-08-28,2024,8,LATO,22.724864713645587,49.765905653392906,24305.01348882692,1884.1979739910366
2024-08-29,2024,8,LATO,22.34757229431539,49.703023583504546,23168.31894664425,1900.5845245468777
2024-08-29,2024,8,LATO,22.41045436420376,49.703023583504546,22046.099098923332,1899.0620050202913
2024-08-29,2024,8,LATO,22.47333643409212,49.703023583504546,21823.749167416576,1899.4663217992538
2024-08-29,2024,8,LATO,22.536218503980486,49.703023583504546,22527.929404562703,1899.5239124302664
2024-08-29,2024,8,LATO,22.599100573868853,49.703023583504546,24077.48504958372,1896.4328374920103
2024-08-29,2024,8,LATO,22.221808154538657,49.765905653392906,22470.778294886353,1902.7494785458114
2024-08-29,2024,8,LATO,22.284690224427024,49.765905653392906,19297.51976535863,1886.7354736328566
2024-08-29,2024,8,LATO,22.34757229431539,49.765905653392906,16756.669858777605,1890.3822688658856
2024-08-29,2024,8,LATO,22.41045436420376,49.765905653392906,15169.409691525678,1903.6246942513371
2024-08-29,2024,8,LATO,22.47333643409212,49.765905653392906,14844.835328348125,1903.0816190876246
2024-08-29,2024,8,LATO,22.536218503980486,49.765905653392906,15860.654715847093,1899.8939060734322
2024-08-29,2024,8,LATO,22.599100573868853,49.765905653392906,17991.24300006665,1906.272113836913
2024-08-29,2024,8,LATO,22.66198264375722,49.765905653392906,20898.38767561532,1910.656251718554
2024-08-29,2024,8,LATO,22.724864713645587,49.765905653392906,24305.01348882692,1909.1748674126181
2024-08-29,2024,8,LATO,22.15892608465029,49.82878772328128,22797.8940880918,1902.2828361915633
2024-08-29,2024,8,LATO,22.221808154538657,49.82878772328128,18614.33792429808,1907.969471995951
2024-08-29,2024,8,LATO,22.284690224427024,49.82878772328128,14632.954900984281,1901.1644424934066
2024-08-29,2024,8,LATO,22.34757229431539,49.82878772328128,11073.999801337277,1891.3609924571203
2024-08-29,2024,8,LATO,22.41045436420376,49.82878772328128,8486.693319365651,1889.8915817506072
2024-08-29,2024,8,LATO,22.47333643409212,49.82878772328128,7892.700012357551,1898.0381598523916
2024-08-29,2024,8,LATO,22.536218503980486,49.82878772328128,9666.727216560565,1909.6002642946212
2024-08-29,2024,8,LATO,22.599100573868853,49.82878772328128,12863.781784482624,1909.0853525967002
2024-08-29,2024,8,LATO,22.66198264375722,49.82878772328128,16684.978481748632,1906.966948518131
2024-08-29,2024,8,LATO,22.724864713645587,49.82878772328128,20788.948539635192,1910.5432661745583
2024-08-29,2024,8,LATO,22.15892608465029,49.89166979316964,21422.235989645214,1922.6557247437354
2024-08-29,2024,8,LATO,22.221808154538657,49.89166979316964,16908.179138844593,1918.7364571184394
2024-08-29,2024,8,LATO,22.284690224427024,49.89166979316964,12397.09576514118,1914.045523205668
2024-08-29,2024,8,LATO,22.34757229431539,49.89166979316964,7894.09100685643,1911.7590290194862
2024-08-29,2024,8,LATO,22.41045436420376,49.89166979316964,3431.1302215524493,1906.9880371093996
2024-08-29,2024,8,LATO,22.47333643409212,49.89166979316964,1433.8637506030693,1903.1213689330789
2024-08-29,2024,8,LATO,22.536218503980486,49.89166979316964,5759.045726146385,1911.1563678939808
2024-08-29,2024,8,LATO,22.599100573868853,49.89166979316964,10252.051709313784,1911.2784831729912
2024-08-29,2024,8,LATO,22.66198264375722,49.89166979316964,14760.412693634273,1911.9431104242344
2024-08-29,2024,8,LATO,22.724864713645587,49.89166979316964,19273.354250870307,1909.5325197642728
2024-08-29,2024,8,LATO,22.787746783533954,49.89166979316964,23788.267267533432,1907.246154024206
2024-08-29,2024,8,LATO,22.15892608465029,49.954551863058015,22269.22148748908,1934.408234932738
2024-08-29,2024,8,LATO,22.221808154538657,49.954551863058015,17975.468261573984,1923.131367227039
2024-08-29,2024,8,LATO,22.284690224427024,49.954551863058015,13823.558632900227,1918.9926172900753
2024-08-29,2024,8,LATO,22.34757229431539,49.954551863058015,9991.910672302422,1915.1611975505264
2024-08-29,2024,8,LATO,22.41045436420376,49.954551863058015,7025.672353207316,1909.5647541562507
2024-08-29,2024,8,LATO,22.47333643409212,49.954551863058015,6297.306306392534,1904.0599716224358
2024-08-29,2024,8,LATO,22.536218503980486,49.954551863058015,8409.883996665289,1905.4316396170054
2024-08-29,2024,8,LATO,22.599100573868853,49.954551863058015,11940.289851741318,1908.7879366654317
2024-08-29,2024,8,LATO,22.66198264375722,49.954551863058015,15974.640404076416,1911.2554221213115
2024-08-29,2024,8,LATO,22.724864713645587,49.954551863058015,20213.40854810415,1911.9292458747245
2024-08-29,2024,8,LATO,22.787746783533954,49.954551863058015,24550.939903754057,1911.9396303209007
2024-08-29,2024,8,LATO,22.221808154538657,50.017433932946375,21405.371057849297,1928.2392795677831
2024-08-29,2024,8,LATO,22.284690224427024,50.017433932946375,18064.754111782622,1934.806784680438
2024-08-29,2024,8,LATO,22.34757229431539,50.017433932946375,15336.293712145525,1927.441437036817
2024-08-29,2024,8,LATO,22.41045436420376,50.017433932946375,13593.733408909844,1901.658372150291
2024-08-29,2024,8,LATO,22.47333643409212,50.017433932946375,13232.468914192901,1902.2979555782913
2024-08-29,2024,8,LATO,22.536218503980486,50.017433932946375,14357.150812042579,1903.6203613281948
2024-08-29,2024,8,LATO,22.599100573868853,50.017433932946375,16669.684479512252,1903.7274754843297
2024-08-29,2024,8,LATO,22.66198264375722,50.017433932946375,19757.280373050577,1904.1173152735246
2024-08-29,2024,8,LATO,22.724864713645587,50.017433932946375,23314.007907988398,1904.0775370105398
2024-08-29,2024,8,LATO,22.284690224427024,50.08031600283475,23652.171169138048,1919.0553477471058
2024-08-29,2024,8,LATO,22.34757229431539,50.08031600283475,21642.801132084838,1889.1829788046646
2024-08-29,2024,8,LATO,22.41045436420376,50.08031600283475,20446.622197484277,1889.182985140377
2024-08-29,2024,8,LATO,22.47333643409212,50.08031600283475,20208.55394839451,1889.3875787227757
2024-08-29,2024,8,LATO,22.536218503980486,50.08031600283475,20961.26645273533,1899.6135977203608
2024-08-29,2024,8,LATO,22.599100573868853,50.08031600283475,22606.007121646166,1901.6411824484303
2024-08-29,2024,8,LATO,22.66198264375722,50.08031600283475,24967.10526008387,1903.2419953988733
2024-08-29,2024,8,LATO,22.4069525887043,49.69952180800509,22470.111308591022,1903.6174082955995
2024-08-29,2024,8,LATO,22.469834658592674,49.69952180800509,22200.633987480778,1903.6427709654672
2024-08-29,2024,8,LATO,22.532716728481034,49.69952180800509,22843.366136554745,1903.693503445757
2024-08-29,2024,8,LATO,22.59559879836941,49.69952180800509,24326.11047779367,1923.5380319109054
2024-08-29,2024,8,LATO,22.34407051881594,49.76240387789346,17219.01409544969,1917.3980419251427
2024-08-29,2024,8,LATO,22.4069525887043,49.76240387789346,15605.644834167053,1917.398071289037
2024-08-29,2024,8,LATO,22.469834658592674,49.76240387789346,15215.582461313063,1917.3980712891075
2024-08-29,2024,8,LATO,22.532716728481034,49.76240387789346,16137.774964274748,1917.5950520549268
2024-08-29,2024,8,LATO,22.59559879836941,49.76240387789346,18173.545937952676,1930.3112410535034
2024-08-29,2024,8,LATO,22.65848086825777,49.76240387789346,21001.524527867983,1930.9334716796322
2024-08-29,2024,8,LATO,22.721362938146143,49.76240387789346,24347.208013343,1930.933471679662
2024-08-29,2024,8,LATO,22.15542430915083,49.82528594778182,23170.192407185114,1916.7009986760597
2024-08-29,2024,8,LATO,22.218306379039205,49.82528594778182,19008.37222621388,1923.3750061703395
2024-08-29,2024,8,LATO,22.281188448927566,49.82528594778182,15055.289865737017,1923.3750053915387
2024-08-29,2024,8,LATO,22.34407051881594,49.82528594778182,11527.729664371389,1920.7046458129469
2024-08-29,2024,8,LATO,22.4069525887043,49.82528594778182,8944.198615953264,1913.6628997610567
2024-08-29,2024,8,LATO,22.469834658592674,49.82528594778182,8245.72867546027,1913.6746388505244
2024-08-29,2024,8,LATO,22.532716728481034,49.82528594778182,9842.178831541656,1917.2333613072426
2024-08-29,2024,8,LATO,22.59559879836941,49.82528594778182,12908.455700405992,1931.8864491676177
2024-08-29,2024,8,LATO,22.65848086825777,49.82528594778182,16651.465134353297,1931.8860913094093
2024-08-29,2024,8,LATO,22.721362938146143,49.82528594778182,20707.427795604613,1931.9256544550549
2024-08-29,2024,8,LATO,22.15542430915083,49.888168017670196,21692.4793474479,1906.3432347942778
2024-08-29,2024,8,LATO,22.218306379039205,49.888168017670196,17182.890490330894,1903.3715172309514
2024-08-29,2024,8,LATO,22.281188448927566,49.888168017670196,12679.5060528994,1903.444646795824
2024-08-29,2024,8,LATO,22.34407051881594,49.888168017670196,8192.569773676416,1918.8423017028924
2024-08-29,2024,8,LATO,22.4069525887043,49.888168017670196,3781.1069142950564,1923.465438020474
2024-08-29,2024,8,LATO,22.469834658592674,49.888168017670196,1518.428519452143,1923.443604637591
2024-08-29,2024,8,LATO,22.532716728481034,49.888168017670196,5580.748851021591,1934.5069973535078
2024-08-29,2024,8,LATO,22.59559879836941,49.888168017670196,10040.625739657073,1945.6413588210692
2024-08-29,2024,8,LATO,22.65848086825777,49.888168017670196,14536.636226576622,1945.6413592846698
2024-08-29,2024,8,LATO,22.721362938146143,49.888168017670196,19043.202521501644,1945.6413800592636
2024-08-29,2024,8,LATO,22.15542430915083,49.951050087558556,22407.747151401403,1901.60097579065
2024-08-29,2024,8,LATO,22.218306379039205,49.951050087558556,18083.778603949715,1900.8627447604508
2024-08-29,2024,8,LATO,22.281188448927566,49.951050087558556,13882.218574993138,1901.0742339196559
2024-08-29,2024,8,LATO,22.34407051881594,49.951050087558556,9959.22054435593,1929.9798364512585
2024-08-29,2024,8,LATO,22.4069525887043,49.951050087558556,6814.205118417799,1931.9722152307245
2024-08-29,2024,8,LATO,22.469834658592674,49.951050087558556,5870.08436150904,1931.9964901159385
2024-08-29,2024,8,LATO,22.532716728481034,49.951050087558556,7953.579955612904,1932.0770155843234
2024-08-30,2024,8,LATO,22.41045436420376,49.76240387789346,15549.608044825118,1895.927360482539
2024-08-30,2024,8,LATO,22.47333643409212,49.76240387789346,15233.113729670647,1895.927314694451
2024-08-30,2024,8,LATO,22.41045436420376,49.82528594778182,8846.19162559557,1895.9273681640211
2024-08-30,2024,8,LATO,22.47333643409212,49.82528594778182,8277.9921885745,1895.927368164124
2024-08-30,2024,8,LATO,22.536218503980486,49.82528594778182,9983.902066448067,1893.52074469953
2024-08-30,2024,8,LATO,22.599100573868853,49.82528594778182,13103.99771347718,1893.5207481451291
2024-08-30,2024,8,LATO,22.66198264375722,49.82528594778182,16871.115115734265,1918.0601842803846
2024-08-30,2024,8,LATO,22.724864713645587,49.82528594778182,20938.89920683893,1918.0601715200423
2024-08-30,2024,8,LATO,22.34757229431539,49.888168017670196,7943.746828901443,1905.519691546888
2024-08-30,2024,8,LATO,22.41045436420376,49.888168017670196,3543.365490460811,1900.6833907877872
2024-08-30,2024,8,LATO,22.47333643409212,49.888168017670196,1684.6511850896484,1902.7020006149141
2024-08-30,2024,8,LATO,22.536218503980486,49.888168017670196,5826.743470547457,1919.4668992563466
2024-08-30,2024,8,LATO,22.599100573868853,49.888168017670196,10290.48594880685,1918.8087194068544
2024-08-30,2024,8,LATO,22.66198264375722,49.888168017670196,14787.409478285666,1923.3357186877054
2024-08-30,2024,8,LATO,22.724864713645587,49.888168017670196,19294.325431593094,1922.7510998887728
2024-08-30,2024,8,LATO,22.34757229431539,49.951050087558556,9755.82953284884,1913.1178807514689
2024-08-30,2024,8,LATO,22.41045436420376,49.951050087558556,6685.381898430552,1911.7702989237264
2024-08-30,2024,8,LATO,22.47333643409212,49.951050087558556,5915.202479353055,1916.7181798140873
2024-08-30,2024,8,LATO,22.536218503980486,49.951050087558556,8127.851070686072,1922.9838315494715
2024-08-30,2024,8,LATO,22.599100573868853,49.951050087558556,11743.575106502927,1923.8355966355805
2024-08-30,2024,8,LATO,22.66198264375722,49.951050087558556,15828.4030066922,1925.915073046016
2024-08-30,2024,8,LATO,22.724864713645587,49.951050087558556,20098.313731594775,1925.9207609745388
2024-08-30,2024,8,LATO,22.536218503980486,50.01393215744693,14000.531356790949,1917.645514568213
2024-08-30,2024,8,LATO,22.599100573868853,50.01393215744693,16363.700697593333,1917.5858339694882
2024-08-30,2024,8,LATO,22.66198264375722,50.01393215744693,19500.01616689287,1917.5664007456028
2025-01-19,2025,1,ZIMA,22.420959690702112,49.692518257006185,23104.98488514228,1853.2796096430252
2025-01-19,2025,1,ZIMA,22.483841760590476,49.692518257006185,23041.973189433345,1859.4980930944334
2025-01-19,2025,1,ZIMA,22.546723830478843,49.692518257006185,23854.13199538197,1865.2542656020846
2025-01-19,2025,1,ZIMA,22.23231348103701,49.755400326894545,22714.467416190128,1875.947906268537
2025-01-19,2025,1,ZIMA,22.420959690702112,49.755400326894545,16173.517106510242,1853.2795662625012
2025-01-19,2025,1,ZIMA,22.483841760590476,49.755400326894545,16083.488848301236,1853.2795402291997
2025-01-19,2025,1,ZIMA,22.546723830478843,49.755400326894545,17225.461287777885,1853.286024382861
2025-01-19,2025,1,ZIMA,22.60960590036721,49.755400326894545,19382.89198217946,1862.7894994105814
2025-01-19,2025,1,ZIMA,22.672487970255577,49.755400326894545,22262.494312217816,1867.8431571317756
2025-01-19,2025,1,ZIMA,22.169431411148643,49.818282396782934,22531.076555449363,1875.947818888912
2025-01-20,2025,1,ZIMA,22.358077620813745,49.692518257006185,24036.28537388006,1869.1463815240784
2025-01-20,2025,1,ZIMA,22.420959690702112,49.692518257006185,23104.98488514228,1852.9581722679816
2025-01-20,2025,1,ZIMA,22.23231348103701,49.755400326894545,22714.467416190128,1876.3610917173462
2025-01-20,2025,1,ZIMA,22.295195550925378,49.755400326894545,19753.904924384224,1882.3745124938966
2025-01-20,2025,1,ZIMA,22.358077620813745,49.755400326894545,17476.51730438985,1876.1508886071138
2025-01-20,2025,1,ZIMA,22.420959690702112,49.755400326894545,16173.517106510242,1870.5572731727054
2025-01-20,2025,1,ZIMA,22.672487970255577,49.755400326894545,22262.494312217816,1855.3094846225385
2025-01-20,2025,1,ZIMA,22.169431411148643,49.818282396782934,22531.076555449363,1859.6971338475537
2025-01-20,2025,1,ZIMA,22.23231348103701,49.818282396782934,18471.398767979917,1859.6971534866468
2025-01-20,2025,1,ZIMA,22.295195550925378,49.818282396782934,14684.168804842242,1859.697142179727
2025-01-20,2025,1,ZIMA,22.358077620813745,49.818282396782934,11443.174804672353,1864.859407883673
2025-01-27,2025,1,ZIMA,22.354575845314294,49.692518257006185,24112.090228048502,1888.4493408202507
2025-01-27,2025,1,ZIMA,22.417457915202657,49.692518257006185,23134.547378102303,1871.27650546146
2025-01-27,2025,1,ZIMA,22.22881170553756,49.755400326894545,22894.36986324161,1884.063873702023
2025-01-27,2025,1,ZIMA,22.291693775425927,49.755400326894545,19903.314178415047,1877.0133007584313
2025-01-27,2025,1,ZIMA,22.354575845314294,49.755400326894545,17580.495625769614,1879.868437824303
2025-01-27,2025,1,ZIMA,22.417457915202657,49.755400326894545,16215.66667820542,1879.0297213619383
2025-01-27,2025,1,ZIMA,22.165929635649192,49.818282396782934,22762.27075808762,1906.0905111696143
2025-01-27,2025,1,ZIMA,22.22881170553756,49.818282396782934,18691.89945697382,1906.8689922479816
2025-01-27,2025,1,ZIMA,22.291693775425927,49.818282396782934,14884.29752506612,1903.4342693534961
2025-01-27,2025,1,ZIMA,22.354575845314294,49.818282396782934,11601.151230090853,1900.8025472800591
2025-01-27,2025,1,ZIMA,22.417457915202657,49.818282396782934,9408.524932013164,1900.0786357298882
2025-01-27,2025,1,ZIMA,22.165929635649192,49.881164466671294,20999.33229321837,1899.5492718575622
2025-01-27,2025,1,ZIMA,22.22881170553756,49.881164466671294,16506.267562304827,1892.802083880623
2025-01-27,2025,1,ZIMA,22.291693775425927,49.881164466671294,12032.364262771302,1896.2432243755097
2025-01-27,2025,1,ZIMA,22.354575845314294,49.881164466671294,7611.491975228226,1897.7179586909176
2025-01-27,2025,1,ZIMA,22.417457915202657,49.881164466671294,3453.693223036827,1891.973577349435
2025-01-27,2025,1,ZIMA,22.480339985091025,49.881164466671294,2599.495245792041,1891.0478523083189
2025-01-27,2025,1,ZIMA,22.165929635649192,49.944046536559654,21486.28087913054,1894.7172682741189
2025-01-27,2025,1,ZIMA,22.22881170553756,49.944046536559654,17127.876258600787,1893.5451660156245
2025-01-27,2025,1,ZIMA,22.291693775425927,49.944046536559654,12878.31429302353,1903.288085598891
2025-01-27,2025,1,ZIMA,22.354575845314294,49.944046536559654,8894.991312628392,1902.417051657575
2025-01-27,2025,1,ZIMA,22.417457915202657,49.944046536559654,5759.680046957223,1892.778399560396
2025-01-27,2025,1,ZIMA,22.480339985091025,49.944046536559654,5292.450368233288,1891.473307103253
2025-01-27,2025,1,ZIMA,22.165929635649192,50.006928606448014,24087.11788566591,1893.2005917551937
2025-01-27,2025,1,ZIMA,22.22881170553756,50.006928606448014,20300.550055771535,1893.796699195495
2025-01-27,2025,1,ZIMA,22.291693775425927,50.006928606448014,16874.99133361886,1912.557713405351
2025-01-27,2025,1,ZIMA,22.354575845314294,50.006928606448014,14076.517619419135,1911.6116342483795
2025-01-27,2025,1,ZIMA,22.417457915202657,50.006928606448014,12339.42325907192,1910.6325683593084
2025-01-27,2025,1,ZIMA,22.291693775425927,50.069810676336374,22394.741498546697,1914.662627210882
2025-01-27,2025,1,ZIMA,22.354575845314294,50.069810676336374,20372.0547241168,1909.7206829584952
2025-01-27,2025,1,ZIMA,22.417457915202657,50.069810676336374,19214.409734969002,1906.5433435659259
2025-01-30,2025,1,ZIMA,22.354575845314294,49.692518257006185,24112.090228048502,1905.0603268318007
2025-01-30,2025,1,ZIMA,22.417457915202657,49.692518257006185,23134.547378102303,1900.7206535493372
2025-01-30,2025,1,ZIMA,22.480339985091025,49.692518257006185,23022.08858500473,1893.8859163670252
2025-01-30,2025,1,ZIMA,22.543222054979392,49.692518257006185,23786.98643868175,1878.1397582005272
2025-01-30,2025,1,ZIMA,22.22881170553756,49.755400326894545,22894.36986324161,1903.5909851552744
2025-01-30,2025,1,ZIMA,22.291693775425927,49.755400326894545,19903.314178415047,1901.5832108551847
2025-01-30,2025,1,ZIMA,22.354575845314294,49.755400326894545,17580.495625769614,1901.812658250557
2025-01-30,2025,1,ZIMA,22.417457915202657,49.755400326894545,16215.66667820542,1904.4459905788415
2025-01-30,2025,1,ZIMA,22.480339985091025,49.755400326894545,16055.025104151813,1894.867677908882
2025-01-30,2025,1,ZIMA,22.543222054979392,49.755400326894545,17132.476668509815,1894.8676720248652
2025-01-30,2025,1,ZIMA,22.60610412486776,49.755400326894545,19241.147484226796,1878.1398024319014
2025-01-30,2025,1,ZIMA,22.668986194756126,49.755400326894545,22087.641825604678,1879.518161935424
2025-01-30,2025,1,ZIMA,22.165929635649192,49.818282396782934,22762.27075808762,1904.5190029342111
2025-01-30,2025,1,ZIMA,22.22881170553756,49.818282396782934,18691.89945697382,1903.6788330077711
2025-01-30,2025,1,ZIMA,22.291693775425927,49.818282396782934,14884.29752506612,1904.2056780083274
2025-01-30,2025,1,ZIMA,22.354575845314294,49.818282396782934,11601.151230090853,1904.513426606669
2025-01-30,2025,1,ZIMA,22.417457915202657,49.818282396782934,9408.524932013164,1908.6742760926836
2025-01-30,2025,1,ZIMA,22.480339985091025,49.818282396782934,9129.240569089454,1896.6817626952425
2025-01-30,2025,1,ZIMA,22.543222054979392,49.818282396782934,10911.220491147085,1896.3719948693806
2025-01-30,2025,1,ZIMA,22.60610412486776,49.818282396782934,13987.696201742643,1896.6411949894475
2025-01-30,2025,1,ZIMA,22.668986194756126,49.818282396782934,17695.925250540768,1902.5685397944794
2025-01-30,2025,1,ZIMA,22.73186826464449,49.818282396782934,21714.62640675995,1895.393012969252
2025-01-30,2025,1,ZIMA,22.165929635649192,49.881164466671294,20999.33229321837,1905.4471428959696
2025-01-30,2025,1,ZIMA,22.22881170553756,49.881164466671294,16506.267562304827,1907.3013910863513
2025-01-30,2025,1,ZIMA,22.291693775425927,49.881164466671294,12032.364262771302,1907.8678274815275
2025-01-30,2025,1,ZIMA,22.354575845314294,49.881164466671294,7611.491975228226,1912.6047243482005
2025-01-30,2025,1,ZIMA,22.417457915202657,49.881164466671294,3453.693223036827,1913.8962303590572
2025-01-30,2025,1,ZIMA,22.480339985091025,49.881164466671294,2599.495245792041,1915.7135716737546
2025-01-30,2025,1,ZIMA,22.543222054979392,49.881164466671294,6513.288539257984,1916.3644944970258
2025-01-30,2025,1,ZIMA,22.60610412486776,49.881164466671294,10905.258517402252,1912.790957275251
2025-01-30,2025,1,ZIMA,22.668986194756126,49.881164466671294,15370.833327011827,1909.4316277168357
2025-01-30,2025,1,ZIMA,22.73186826464449,49.881164466671294,19860.423092579564,1907.0798831605998
2025-01-30,2025,1,ZIMA,22.794750334532857,49.881164466671294,24360.75155742461,1904.7192959952733
2025-01-30,2025,1,ZIMA,22.165929635649192,49.944046536559654,21486.28087913054,1905.1327411215966
2025-01-30,2025,1,ZIMA,22.22881170553756,49.944046536559654,17127.876258600787,1904.0490722656245
2025-01-30,2025,1,ZIMA,22.291693775425927,49.944046536559654,12878.31429302353,1913.196881070599
2025-01-30,2025,1,ZIMA,22.354575845314294,49.944046536559654,8894.991312628392,1916.915489572653
2025-01-30,2025,1,ZIMA,22.417457915202657,49.944046536559654,5759.680046957223,1915.563854672062
2025-01-30,2025,1,ZIMA,22.480339985091025,49.944046536559654,5292.450368233288,1913.8668212889995
2025-01-30,2025,1,ZIMA,22.543222054979392,49.944046536559654,7976.788686317586,1912.2321314685234
2025-01-30,2025,1,ZIMA,22.60610412486776,49.944046536559654,11833.48850859346,1916.6067577432837
2025-01-30,2025,1,ZIMA,22.668986194756126,49.944046536559654,16037.980704463247,1916.9132978974567
2025-01-30,2025,1,ZIMA,22.73186826464449,49.944046536559654,20376.093396314827,1910.5880056833355
2025-01-30,2025,1,ZIMA,22.794750334532857,49.944046536559654,24777.740103857333,1911.3684871576113
2025-01-30,2025,1,ZIMA,22.165929635649192,50.006928606448014,24087.11788566591,1910.8147326941871
2025-01-30,2025,1,ZIMA,22.22881170553756,50.006928606448014,20300.550055771535,1910.5519189432725
2025-01-30,2025,1,ZIMA,22.291693775425927,50.006928606448014,16874.99133361886,1919.464232663402
2025-01-30,2025,1,ZIMA,22.354575845314294,50.006928606448014,14076.517619419135,1921.7374111104332
2025-01-30,2025,1,ZIMA,22.417457915202657,50.006928606448014,12339.42325907192,1924.2386221339218
2025-01-30,2025,1,ZIMA,22.480339985091025,50.006928606448014,12128.65266097527,1916.5672917222973
2025-01-30,2025,1,ZIMA,22.543222054979392,50.006928606448014,13515.800272744598,1917.2319582923799
2025-01-30,2025,1,ZIMA,22.60610412486776,50.006928606448014,16092.839025049043,1912.263797906265
2025-01-30,2025,1,ZIMA,22.668986194756126,50.006928606448014,19391.031598309888,1908.2436886795047
2025-01-30,2025,1,ZIMA,22.73186826464449,50.006928606448014,23103.564470285364,1918.4948962583562
2025-01-30,2025,1,ZIMA,22.291693775425927,50.069810676336374,22394.741498546697,1912.0562477836233
2025-01-30,2025,1,ZIMA,22.354575845314294,50.069810676336374,20372.0547241168,1918.1329135176652
2025-01-30,2025,1,ZIMA,22.417457915202657,50.069810676336374,19214.409734969002,1920.902502682002
2025-01-30,2025,1,ZIMA,22.480339985091025,50.069810676336374,19079.914015941584,1914.4855957030622
2025-01-30,2025,1,ZIMA,22.543222054979392,50.069810676336374,19989.23029615635,1914.9111230331712
2025-01-30,2025,1,ZIMA,22.60610412486776,50.069810676336374,21812.20457988765,1917.0851490473717
2025-01-30,2025,1,ZIMA,22.668986194756126,50.069810676336374,24344.445570191427,1917.0533528978485
2025-01-31,2025,1,ZIMA,22.602602349368304,50.006928606448014,15926.688222586916,1891.6807931190128
2025-01-31,2025,1,ZIMA,22.66548441925667,50.006928606448014,19194.370650338067,1891.680785015045
2025-01-31,2025,1,ZIMA,22.72836648914504,50.006928606448014,22889.261329786274,1891.680781537844
2025-01-31,2025,1,ZIMA,22.602602349368304,50.069810676336374,21690.07027748715,1895.4560944688676
2025-01-31,2025,1,ZIMA,22.66548441925667,50.069810676336374,24188.296744026244,1895.318008499187
2025-02-07,2025,2,ZIMA,22.354575845314294,49.692518257006185,24112.090228048502,1885.4878348042057
2025-02-07,2025,2,ZIMA,22.417457915202657,49.692518257006185,23134.547378102303,1873.9209738745255
2025-02-07,2025,2,ZIMA,22.480339985091025,49.692518257006185,23022.08858500473,1870.1319000850133
2025-02-07,2025,2,ZIMA,22.543222054979392,49.692518257006185,23786.98643868175,1870.4865377975425
2025-02-07,2025,2,ZIMA,22.22881170553756,49.755400326894545,22894.36986324161,1886.15046132006
2025-02-07,2025,2,ZIMA,22.291693775425927,49.755400326894545,19903.314178415047,1877.8988599437207
2025-02-07,2025,2,ZIMA,22.354575845314294,49.755400326894545,17580.495625769614,1871.7309410154303
2025-02-07,2025,2,ZIMA,22.417457915202657,49.755400326894545,16215.66667820542,1870.0522435589671
2025-02-07,2025,2,ZIMA,22.480339985091025,49.755400326894545,16055.025104151813,1866.7407355971297
2025-02-07,2025,2,ZIMA,22.165929635649192,49.818282396782934,22762.27075808762,1889.6045955349261
2025-02-07,2025,2,ZIMA,22.22881170553756,49.818282396782934,18691.89945697382,1889.6046129029992
2025-02-07,2025,2,ZIMA,22.291693775425927,49.818282396782934,14884.29752506612,1896.6027798479324
2025-02-07,2025,2,ZIMA,22.354575845314294,49.818282396782934,11601.151230090853,1894.205732139733
2025-02-07,2025,2,ZIMA,22.417457915202657,49.818282396782934,9408.524932013164,1893.6710867930183
2025-02-07,2025,2,ZIMA,22.22881170553756,49.881164466671294,16506.267562304827,1892.5726230706186
2025-02-07,2025,2,ZIMA,22.291693775425927,49.881164466671294,12032.364262771302,1893.5666515815867
2025-02-07,2025,2,ZIMA,22.354575845314294,49.881164466671294,7611.491975228226,1887.7053805492983
2025-02-07,2025,2,ZIMA,22.417457915202657,49.881164466671294,3453.693223036827,1881.1005891562127
2025-02-07,2025,2,ZIMA,22.22881170553756,49.944046536559654,17127.876258600787,1892.572615509631
2025-02-07,2025,2,ZIMA,22.291693775425927,49.944046536559654,12878.31429302353,1892.5726355625056
2025-02-07,2025,2,ZIMA,22.354575845314294,49.944046536559654,8894.991312628392,1892.572544205523
2025-02-09,2025,2,ZIMA,22.354575845314294,49.692518257006185,24112.090228048502,1885.3363084609953
2025-02-09,2025,2,ZIMA,22.417457915202657,49.692518257006185,23134.547378102303,1884.6876088804129
2025-02-09,2025,2,ZIMA,22.480339985091025,49.692518257006185,23022.08858500473,1871.3236275638321
2025-02-09,2025,2,ZIMA,22.22881170553756,49.755400326894545,22894.36986324161,1887.6676085196002
2025-02-09,2025,2,ZIMA,22.291693775425927,49.755400326894545,19903.314178415047,1885.9684314019719
2025-02-09,2025,2,ZIMA,22.354575845314294,49.755400326894545,17580.495625769614,1884.1091308593054
2025-02-09,2025,2,ZIMA,22.417457915202657,49.755400326894545,16215.66667820542,1884.9099936217992
2025-02-09,2025,2,ZIMA,22.22881170553756,49.818282396782934,18691.89945697382,1894.24949529475
2025-02-09,2025,2,ZIMA,22.291693775425927,49.818282396782934,14884.29752506612,1894.6419514871827
2025-02-09,2025,2,ZIMA,22.354575845314294,49.818282396782934,11601.151230090853,1894.7107520922325
2025-02-09,2025,2,ZIMA,22.417457915202657,49.818282396782934,9408.524932013164,1894.7777624882178
2025-02-09,2025,2,ZIMA,22.165929635649192,49.881164466671294,20999.33229321837,1889.4310170553315
2025-02-09,2025,2,ZIMA,22.22881170553756,49.881164466671294,16506.267562304827,1889.9448378835398
2025-02-09,2025,2,ZIMA,22.291693775425927,49.881164466671294,12032.364262771302,1890.8173585759314
2025-02-09,2025,2,ZIMA,22.354575845314294,49.881164466671294,7611.491975228226,1893.260290783413
2025-02-09,2025,2,ZIMA,22.417457915202657,49.881164466671294,3453.693223036827,1898.4640436155705
2025-02-09,2025,2,ZIMA,22.480339985091025,49.881164466671294,2599.495245792041,1899.2059447332476
2025-02-09,2025,2,ZIMA,22.543222054979392,49.881164466671294,6513.288539257984,1909.8584924988652
2025-02-09,2025,2,ZIMA,22.73186826464449,49.881164466671294,19860.423092579564,1921.3917333017473
2025-02-09,2025,2,ZIMA,22.794750334532857,49.881164466671294,24360.75155742461,1921.1412353514916
2025-02-09,2025,2,ZIMA,22.165929635649192,49.944046536559654,21486.28087913054,1889.3059109729415
2025-02-09,2025,2,ZIMA,22.22881170553756,49.944046536559654,17127.876258600787,1889.3059015569477
2025-02-09,2025,2,ZIMA,22.291693775425927,49.944046536559654,12878.31429302353,1890.0749139093502
2025-02-09,2025,2,ZIMA,22.354575845314294,49.944046536559654,8894.991312628392,1896.101282316608
2025-02-09,2025,2,ZIMA,22.417457915202657,49.944046536559654,5759.680046957223,1897.0082985474132
2025-02-09,2025,2,ZIMA,22.480339985091025,49.944046536559654,5292.450368233288,1904.6089073190747
2025-02-09,2025,2,ZIMA,22.543222054979392,49.944046536559654,7976.788686317586,1910.675300158174
2025-02-09,2025,2,ZIMA,22.60610412486776,49.944046536559654,11833.48850859346,1910.776360847431
2025-02-09,2025,2,ZIMA,22.668986194756126,49.944046536559654,16037.980704463247,1913.4444205470966
2025-02-09,2025,2,ZIMA,22.73186826464449,49.944046536559654,20376.093396314827,1922.7102964796802
2025-02-09,2025,2,ZIMA,22.794750334532857,49.944046536559654,24777.740103857333,1922.398187257456
2025-02-09,2025,2,ZIMA,22.291693775425927,50.006928606448014,16874.99133361886,1908.1350493705963
2025-02-09,2025,2,ZIMA,22.354575845314294,50.006928606448014,14076.517619419135,1908.0102159171793
2025-02-09,2025,2,ZIMA,22.417457915202657,50.006928606448014,12339.42325907192,1899.9076183855707
2025-02-09,2025,2,ZIMA,22.480339985091025,50.006928606448014,12128.65266097527,1910.8782220717906
2025-02-09,2025,2,ZIMA,22.543222054979392,50.006928606448014,13515.800272744598,1910.5174872664945
2025-02-09,2025,2,ZIMA,22.60610412486776,50.006928606448014,16092.839025049043,1912.7173439961068
2025-02-09,2025,2,ZIMA,22.668986194756126,50.006928606448014,19391.031598309888,1916.4091489298885
2025-02-09,2025,2,ZIMA,22.73186826464449,50.006928606448014,23103.564470285364,1915.531153589207
2025-02-09,2025,2,ZIMA,22.291693775425927,50.069810676336374,22394.741498546697,1898.2538410747507
2025-02-09,2025,2,ZIMA,22.354575845314294,50.069810676336374,20372.0547241168,1901.988299546264
2025-02-09,2025,2,ZIMA,22.417457915202657,50.069810676336374,19214.409734969002,1908.3195096243032
2025-02-09,2025,2,ZIMA,22.480339985091025,50.069810676336374,19079.914015941584,1909.405077188348
2025-02-09,2025,2,ZIMA,22.543222054979392,50.069810676336374,19989.23029615635,1910.3673216144616
2025-02-09,2025,2,ZIMA,22.60610412486776,50.069810676336374,21812.20457988765,1912.4367528264193
2025-02-09,2025,2,ZIMA,22.668986194756126,50.069810676336374,24344.445570191427,1913.9880006529218
2025-02-10,2025,2,ZIMA,22.354575845314294,49.692518257006185,24112.090228048502,1873.214352740019
2025-02-10,2025,2,ZIMA,22.417457915202657,49.692518257006185,23134.547378102303,1867.659288394889
2025-02-10,2025,2,ZIMA,22.480339985091025,49.692518257006185,23022.08858500473,1871.2574098574448
2025-02-10,2025,2,ZIMA,22.543222054979392,49.692518257006185,23786.98643868175,1889.7603885897252
2025-02-10,2025,2,ZIMA,22.22881170553756,49.755400326894545,22894.36986324161,1881.7979335387474
2025-02-10,2025,2,ZIMA,22.291693775425927,49.755400326894545,19903.314178415047,1880.317066189052
2025-02-10,2025,2,ZIMA,22.354575845314294,49.755400326894545,17580.495625769614,1877.8970927024086
2025-02-10,2025,2,ZIMA,22.417457915202657,49.755400326894545,16215.66667820542,1873.2375488280843
2025-02-10,2025,2,ZIMA,22.480339985091025,49.755400326894545,16055.025104151813,1891.2967452922392
2025-02-10,2025,2,ZIMA,22.543222054979392,49.755400326894545,17132.476668509815,1894.508357597304
2025-02-10,2025,2,ZIMA,22.60610412486776,49.755400326894545,19241.147484226796,1889.7603571457823
2025-02-10,2025,2,ZIMA,22.668986194756126,49.755400326894545,22087.641825604678,1889.7603891597246
2025-02-10,2025,2,ZIMA,22.165929635649192,49.818282396782934,22762.27075808762,1885.1001376873344
2025-02-10,2025,2,ZIMA,22.22881170553756,49.818282396782934,18691.89945697382,1885.0557074867659
2025-02-10,2025,2,ZIMA,22.291693775425927,49.818282396782934,14884.29752506612,1883.3753953624025
2025-02-10,2025,2,ZIMA,22.354575845314294,49.818282396782934,11601.151230090853,1883.1743381500655
2025-02-10,2025,2,ZIMA,22.417457915202657,49.818282396782934,9408.524932013164,1898.1002919056496
2025-02-10,2025,2,ZIMA,22.480339985091025,49.818282396782934,9129.240569089454,1899.3990759442688
2025-02-10,2025,2,ZIMA,22.543222054979392,49.818282396782934,10911.220491147085,1896.7254831804237
2025-02-10,2025,2,ZIMA,22.60610412486776,49.818282396782934,13987.696201742643,1894.5084261112313
2025-02-10,2025,2,ZIMA,22.668986194756126,49.818282396782934,17695.925250540768,1894.5084175568122
2025-02-10,2025,2,ZIMA,22.165929635649192,49.881164466671294,20999.33229321837,1879.2205599101924
2025-02-10,2025,2,ZIMA,22.22881170553756,49.881164466671294,16506.267562304827,1877.6191685093752
2025-02-10,2025,2,ZIMA,22.291693775425927,49.881164466671294,12032.364262771302,1881.255923097117
2025-02-10,2025,2,ZIMA,22.354575845314294,49.881164466671294,7611.491975228226,1893.9156151540353
2025-02-10,2025,2,ZIMA,22.417457915202657,49.881164466671294,3453.693223036827,1906.1187357826532
2025-02-10,2025,2,ZIMA,22.480339985091025,49.881164466671294,2599.495245792041,1904.1929942077522
2025-02-10,2025,2,ZIMA,22.543222054979392,49.881164466671294,6513.288539257984,1903.6030229613577
2025-02-10,2025,2,ZIMA,22.60610412486776,49.881164466671294,10905.258517402252,1905.1593875307537
2025-02-10,2025,2,ZIMA,22.668986194756126,49.881164466671294,15370.833327011827,1920.690543326923
2025-02-10,2025,2,ZIMA,22.73186826464449,49.881164466671294,19860.423092579564,1921.1390262879352
2025-02-10,2025,2,ZIMA,22.165929635649192,49.944046536559654,21486.28087913054,1882.259612598266
2025-02-10,2025,2,ZIMA,22.22881170553756,49.944046536559654,17127.876258600787,1881.6929351248689
2025-02-10,2025,2,ZIMA,22.291693775425927,49.944046536559654,12878.31429302353,1882.782451840886
2025-02-10,2025,2,ZIMA,22.354575845314294,49.944046536559654,8894.991312628392,1900.0779003582775
2025-02-10,2025,2,ZIMA,22.417457915202657,49.944046536559654,5759.680046957223,1905.971049146743
2025-02-10,2025,2,ZIMA,22.480339985091025,49.944046536559654,5292.450368233288,1906.3881642566796
2025-02-10,2025,2,ZIMA,22.543222054979392,49.944046536559654,7976.788686317586,1905.1057623058066
2025-02-10,2025,2,ZIMA,22.60610412486776,49.944046536559654,11833.48850859346,1918.1213724495237
2025-02-10,2025,2,ZIMA,22.668986194756126,49.944046536559654,16037.980704463247,1920.4690189579446
2025-02-10,2025,2,ZIMA,22.73186826464449,49.944046536559654,20376.093396314827,1921.139035174129
2025-02-10,2025,2,ZIMA,22.794750334532857,49.944046536559654,24777.740103857333,1921.1390326594128
2025-02-10,2025,2,ZIMA,22.165929635649192,50.006928606448014,24087.11788566591,1883.8906247514392
2025-02-10,2025,2,ZIMA,22.22881170553756,50.006928606448014,20300.550055771535,1885.7150131314604
2025-02-10,2025,2,ZIMA,22.291693775425927,50.006928606448014,16874.99133361886,1910.589803925772
2025-02-10,2025,2,ZIMA,22.354575845314294,50.006928606448014,14076.517619419135,1916.0567131445055
2025-02-10,2025,2,ZIMA,22.417457915202657,50.006928606448014,12339.42325907192,1910.7349108276696
2025-02-10,2025,2,ZIMA,22.480339985091025,50.006928606448014,12128.65266097527,1900.3962402343125
2025-02-10,2025,2,ZIMA,22.543222054979392,50.006928606448014,13515.800272744598,1910.0598182924584
2025-02-10,2025,2,ZIMA,22.60610412486776,50.006928606448014,16092.839025049043,1923.2530607971732
2025-02-10,2025,2,ZIMA,22.668986194756126,50.006928606448014,19391.031598309888,1923.1031841465435
2025-02-10,2025,2,ZIMA,22.73186826464449,50.006928606448014,23103.564470285364,1920.1516361675576
2025-02-10,2025,2,ZIMA,22.291693775425927,50.069810676336374,22394.741498546697,1902.7592693534752
2025-02-10,2025,2,ZIMA,22.354575845314294,50.069810676336374,20372.0547241168,1903.9141093582482
2025-02-10,2025,2,ZIMA,22.417457915202657,50.069810676336374,19214.409734969002,1915.256338356847
2025-02-10,2025,2,ZIMA,22.480339985091025,50.069810676336374,19079.914015941584,1912.6302300463367
2025-02-10,2025,2,ZIMA,22.543222054979392,50.069810676336374,19989.23029615635,1916.8787733039508
2025-02-10,2025,2,ZIMA,22.60610412486776,50.069810676336374,21812.20457988765,1918.1647550597313
2025-02-10,2025,2,ZIMA,22.668986194756126,50.069810676336374,24344.445570191427,1920.69786951692
2025-02-10,2025,2,ZIMA,22.354575845314294,49.692518257006185,24112.090228048502,1871.0661766005298
2025-02-10,2025,2,ZIMA,22.417457915202657,49.692518257006185,23134.547378102303,1873.0911633268452
2025-02-10,2025,2,ZIMA,22.480339985091025,49.692518257006185,23022.08858500473,1877.7254144046158
2025-02-10,2025,2,ZIMA,22.543222054979392,49.692518257006185,23786.98643868175,1877.5816457906299
2025-02-10,2025,2,ZIMA,22.22881170553756,49.755400326894545,22894.36986324161,1870.6637487948517
2025-02-10,2025,2,ZIMA,22.291693775425927,49.755400326894545,19903.314178415047,1870.915745724387
2025-02-10,2025,2,ZIMA,22.354575845314294,49.755400326894545,17580.495625769614,1871.041744188777
2025-02-10,2025,2,ZIMA,22.417457915202657,49.755400326894545,16215.66667820542,1873.6573552864863
2025-02-10,2025,2,ZIMA,22.480339985091025,49.755400326894545,16055.025104151813,1876.2981852099247
2025-02-10,2025,2,ZIMA,22.543222054979392,49.755400326894545,17132.476668509815,1876.5893354895527
2025-02-10,2025,2,ZIMA,22.60610412486776,49.755400326894545,19241.147484226796,1877.1468943353484
2025-02-10,2025,2,ZIMA,22.668986194756126,49.755400326894545,22087.641825604678,1884.5423393908789
2025-02-10,2025,2,ZIMA,22.165929635649192,49.818282396782934,22762.27075808762,1890.62650522245
2025-02-10,2025,2,ZIMA,22.22881170553756,49.818282396782934,18691.89945697382,1891.1911621227318
2025-02-10,2025,2,ZIMA,22.291693775425927,49.818282396782934,14884.29752506612,1891.721986590146
2025-02-10,2025,2,ZIMA,22.354575845314294,49.818282396782934,11601.151230090853,1891.9874505154623
2025-02-10,2025,2,ZIMA,22.417457915202657,49.818282396782934,9408.524932013164,1882.3793827578959
2025-02-10,2025,2,ZIMA,22.480339985091025,49.818282396782934,9129.240569089454,1881.0808187219382
2025-02-10,2025,2,ZIMA,22.543222054979392,49.818282396782934,10911.220491147085,1880.9614917856713
2025-02-10,2025,2,ZIMA,22.60610412486776,49.818282396782934,13987.696201742643,1880.9483642578734
2025-02-10,2025,2,ZIMA,22.668986194756126,49.818282396782934,17695.925250540768,1880.9483696346701
2025-02-10,2025,2,ZIMA,22.165929635649192,49.881164466671294,20999.33229321837,1881.0252077360294
2025-02-10,2025,2,ZIMA,22.22881170553756,49.881164466671294,16506.267562304827,1880.9163920977853
2025-02-10,2025,2,ZIMA,22.291693775425927,49.881164466671294,12032.364262771302,1880.698767887585
2025-02-10,2025,2,ZIMA,22.354575845314294,49.881164466671294,7611.491975228226,1880.5899522476795
2025-02-10,2025,2,ZIMA,22.417457915202657,49.881164466671294,3453.693223036827,1898.3773688978256
2025-02-10,2025,2,ZIMA,22.480339985091025,49.881164466671294,2599.495245792041,1898.6767774572259
2025-02-10,2025,2,ZIMA,22.543222054979392,49.881164466671294,6513.288539257984,1898.8264646074224
2025-02-10,2025,2,ZIMA,22.60610412486776,49.881164466671294,10905.258517402252,1899.1016369916636
2025-02-10,2025,2,ZIMA,22.165929635649192,49.944046536559654,21486.28087913054,1879.2497018784877
2025-02-10,2025,2,ZIMA,22.22881170553756,49.944046536559654,17127.876258600787,1879.4256592690717
2025-02-10,2025,2,ZIMA,22.291693775425927,49.944046536559654,12878.31429302353,1879.774134494099
2025-02-10,2025,2,ZIMA,22.354575845314294,49.944046536559654,8894.991312628392,1879.9275072803848
2025-02-10,2025,2,ZIMA,22.417457915202657,49.944046536559654,5759.680046957223,1899.81192890367
2025-02-10,2025,2,ZIMA,22.480339985091025,49.944046536559654,5292.450368233288,1899.5108713859722
2025-02-10,2025,2,ZIMA,22.543222054979392,49.944046536559654,7976.788686317586,1899.36037836174
2025-02-10,2025,2,ZIMA,22.60610412486776,49.944046536559654,11833.48850859346,1899.330169284937
2025-02-10,2025,2,ZIMA,22.165929635649192,50.006928606448014,24087.11788566591,1900.3330961765992
2025-02-10,2025,2,ZIMA,22.22881170553756,50.006928606448014,20300.550055771535,1900.5380921033577
2025-02-10,2025,2,ZIMA,22.291693775425927,50.006928606448014,16874.99133361886,1900.5832519531943
2025-02-10,2025,2,ZIMA,22.354575845314294,50.006928606448014,14076.517619419135,1900.5832519530625
2025-02-10,2025,2,ZIMA,22.417457915202657,50.006928606448014,12339.42325907192,1899.5480957030588
2025-02-10,2025,2,ZIMA,22.480339985091025,50.006928606448014,12128.65266097527,1899.5480957030625
2025-02-10,2025,2,ZIMA,22.543222054979392,50.006928606448014,13515.800272744598,1899.5480957031943
2025-02-10,2025,2,ZIMA,22.60610412486776,50.006928606448014,16092.839025049043,1893.2431571982356
2025-02-10,2025,2,ZIMA,22.668986194756126,50.006928606448014,19391.031598309888,1890.6826776265311
2025-02-10,2025,2,ZIMA,22.73186826464449,50.006928606448014,23103.564470285364,1890.8706784385802
2025-02-10,2025,2,ZIMA,22.291693775425927,50.069810676336374,22394.741498546697,1897.9247496204314
2025-02-10,2025,2,ZIMA,22.354575845314294,50.069810676336374,20372.0547241168,1898.0531387649996
2025-02-10,2025,2,ZIMA,22.417457915202657,50.069810676336374,19214.409734969002,1900.4498877518595
2025-02-10,2025,2,ZIMA,22.480339985091025,50.069810676336374,19079.914015941584,1900.49125050869
2025-02-10,2025,2,ZIMA,22.543222054979392,50.069810676336374,19989.23029615635,1900.5119214611602
2025-02-10,2025,2,ZIMA,22.60610412486776,50.069810676336374,21812.20457988765,1896.0078812675615
2025-02-10,2025,2,ZIMA,22.668986194756126,50.069810676336374,24344.445570191427,1895.5849762530295
2025-02-12,2025,2,ZIMA,22.354575845314294,49.692518257006185,24112.090228048502,1878.6052709815126
2025-02-12,2025,2,ZIMA,22.417457915202657,49.692518257006185,23134.547378102303,1879.1589804578484
2025-02-12,2025,2,ZIMA,22.480339985091025,49.692518257006185,23022.08858500473,1879.681270353991
2025-02-12,2025,2,ZIMA,22.543222054979392,49.692518257006185,23786.98643868175,1883.6305820350601
2025-02-12,2025,2,ZIMA,22.417457915202657,49.755400326894545,16215.66667820542,1879.5689548506816
2025-02-12,2025,2,ZIMA,22.480339985091025,49.755400326894545,16055.025104151813,1879.5305061508498
2025-02-12,2025,2,ZIMA,22.543222054979392,49.755400326894545,17132.476668509815,1884.640679044843
2025-02-12,2025,2,ZIMA,22.60610412486776,49.755400326894545,19241.147484226796,1885.2198448611903
2025-02-12,2025,2,ZIMA,22.668986194756126,49.755400326894545,22087.641825604678,1884.1151223955023
2025-02-12,2025,2,ZIMA,22.417457915202657,49.818282396782934,9408.524932013164,1878.7051579736953
2025-02-12,2025,2,ZIMA,22.480339985091025,49.818282396782934,9129.240569089454,1885.125161754439
2025-02-12,2025,2,ZIMA,22.543222054979392,49.818282396782934,10911.220491147085,1891.8717924013838
2025-02-12,2025,2,ZIMA,22.60610412486776,49.818282396782934,13987.696201742643,1890.2234150148506
2025-02-12,2025,2,ZIMA,22.668986194756126,49.818282396782934,17695.925250540768,1889.1043082658382
2025-02-12,2025,2,ZIMA,22.73186826464449,49.818282396782934,21714.62640675995,1891.3613801947822
2025-02-12,2025,2,ZIMA,22.480339985091025,49.881164466671294,2599.495245792041,1903.6438276654849
2025-02-12,2025,2,ZIMA,22.543222054979392,49.881164466671294,6513.288539257984,1902.7158153488251
2025-02-12,2025,2,ZIMA,22.60610412486776,49.881164466671294,10905.258517402252,1906.913696289091
2025-02-12,2025,2,ZIMA,22.668986194756126,49.881164466671294,15370.833327011827,1905.138743206702
2025-02-12,2025,2,ZIMA,22.73186826464449,49.881164466671294,19860.423092579564,1894.507842514785
2025-02-12,2025,2,ZIMA,22.794750334532857,49.881164466671294,24360.75155742461,1896.4581083333198
2025-02-12,2025,2,ZIMA,22.417457915202657,49.944046536559654,5759.680046957223,1906.795605273215
2025-02-12,2025,2,ZIMA,22.480339985091025,49.944046536559654,5292.450368233288,1909.135009765562
2025-02-12,2025,2,ZIMA,22.543222054979392,49.944046536559654,7976.788686317586,1907.636639911452
2025-02-12,2025,2,ZIMA,22.60610412486776,49.944046536559654,11833.48850859346,1899.482160277788
2025-02-12,2025,2,ZIMA,22.668986194756126,49.944046536559654,16037.980704463247,1899.3794159927868
2025-02-12,2025,2,ZIMA,22.73186826464449,49.944046536559654,20376.093396314827,1894.9526407929761
2025-02-12,2025,2,ZIMA,22.794750334532857,49.944046536559654,24777.740103857333,1896.2214645386136
2025-02-12,2025,2,ZIMA,22.165929635649192,50.006928606448014,24087.11788566591,1901.253039784908
2025-02-12,2025,2,ZIMA,22.22881170553756,50.006928606448014,20300.550055771535,1901.1986467807212
2025-02-12,2025,2,ZIMA,22.291693775425927,50.006928606448014,16874.99133361886,1904.9542427459983
2025-02-12,2025,2,ZIMA,22.354575845314294,50.006928606448014,14076.517619419135,1913.4693603514997
2025-02-12,2025,2,ZIMA,22.417457915202657,50.006928606448014,12339.42325907192,1910.278583234235
2025-02-12,2025,2,ZIMA,22.480339985091025,50.006928606448014,12128.65266097527,1907.9143567864128
2025-02-12,2025,2,ZIMA,22.543222054979392,50.006928606448014,13515.800272744598,1902.9801698913593
2025-02-12,2025,2,ZIMA,22.60610412486776,50.006928606448014,16092.839025049043,1899.3545813951037
2025-02-12,2025,2,ZIMA,22.668986194756126,50.006928606448014,19391.031598309888,1885.489256135435
2025-02-12,2025,2,ZIMA,22.73186826464449,50.006928606448014,23103.564470285364,1891.2758929238194
2025-02-12,2025,2,ZIMA,22.291693775425927,50.069810676336374,22394.741498546697,1914.8965966388078
2025-02-12,2025,2,ZIMA,22.354575845314294,50.069810676336374,20372.0547241168,1918.0324413960668
2025-02-12,2025,2,ZIMA,22.417457915202657,50.069810676336374,19214.409734969002,1904.8872474930315
2025-02-12,2025,2,ZIMA,22.480339985091025,50.069810676336374,19079.914015941584,1904.5734416887303
2025-02-12,2025,2,ZIMA,22.543222054979392,50.069810676336374,19989.23029615635,1901.3908432570845
2025-02-12,2025,2,ZIMA,22.60610412486776,50.069810676336374,21812.20457988765,1893.7508422726244
2025-02-12,2025,2,ZIMA,22.668986194756126,50.069810676336374,24344.445570191427,1886.1021728515007
2025-02-17,2025,2,ZIMA,22.165929635649192,49.818282396782934,22762.27075808762,1903.4191012864724
2025-02-17,2025,2,ZIMA,22.291693775425927,50.006928606448014,16874.99133361886,1924.584108492512
2025-02-17,2025,2,ZIMA,22.354575845314294,50.006928606448014,14076.517619419135,1924.5841039321153
2025-02-17,2025,2,ZIMA,22.417457915202657,50.006928606448014,12339.42325907192,1924.5841410742587
2025-02-17,2025,2,ZIMA,22.291693775425927,50.069810676336374,22394.741498546697,1923.8806790349302
2025-02-17,2025,2,ZIMA,22.354575845314294,50.069810676336374,20372.0547241168,1924.5841158387439
2025-02-17,2025,2,ZIMA,22.417457915202657,50.069810676336374,19214.409734969002,1924.584109081488
2025-02-21,2025,2,ZIMA,22.546723830478843,49.692518257006185,23854.13199538197,1907.6954436649114
2025-02-21,2025,2,ZIMA,22.23231348103701,49.755400326894545,22714.467416190128,1921.4270820513625
2025-02-21,2025,2,ZIMA,22.483841760590476,49.755400326894545,16083.488848301236,1914.475427528579
2025-02-21,2025,2,ZIMA,22.546723830478843,49.755400326894545,17225.461287777885,1912.13655112553
2025-02-21,2025,2,ZIMA,22.60960590036721,49.755400326894545,19382.89198217946,1907.695431761137
2025-02-21,2025,2,ZIMA,22.672487970255577,49.755400326894545,22262.494312217816,1907.6954367766093
2025-02-21,2025,2,ZIMA,22.169431411148643,49.818282396782934,22531.076555449363,1919.374059028939
2025-02-21,2025,2,ZIMA,22.23231348103701,49.818282396782934,18471.398767979917,1920.68248767686
2025-02-21,2025,2,ZIMA,22.295195550925378,49.818282396782934,14684.168804842242,1921.4271358239548
2025-02-21,2025,2,ZIMA,22.358077620813745,49.818282396782934,11443.174804672353,1921.4271122203838
2025-02-21,2025,2,ZIMA,22.483841760590476,49.818282396782934,9179.141143247618,1932.779673949944
2025-02-21,2025,2,ZIMA,22.546723830478843,49.818282396782934,11056.462574684838,1932.1343404343347
2025-02-21,2025,2,ZIMA,22.60960590036721,49.818282396782934,14181.795255504276,1916.8907638978108
2025-02-21,2025,2,ZIMA,22.672487970255577,49.818282396782934,17913.41611573094,1914.459559251559
2025-02-21,2025,2,ZIMA,22.73537004014394,49.818282396782934,21944.173130221945,1909.2716240174625
2025-02-21,2025,2,ZIMA,22.169431411148643,49.881164466671294,20748.830703476862,1916.4904654779293
2025-02-21,2025,2,ZIMA,22.23231348103701,49.881164466671294,16256.474391867254,1917.1218927676935
2025-02-21,2025,2,ZIMA,22.295195550925378,49.881164466671294,11784.224979272622,1918.7292480469043
2025-02-21,2025,2,ZIMA,22.358077620813745,49.881164466671294,7368.789638683099,1919.2231101562425
2025-02-21,2025,2,ZIMA,22.420959690702112,49.881164466671294,3250.5896656574573,1938.6684047611168
2025-02-21,2025,2,ZIMA,22.483841760590476,49.881164466671294,2769.4392779576187,1937.0935995625725
2025-02-21,2025,2,ZIMA,22.546723830478843,49.881164466671294,6753.4756003398525,1935.1629923467258
2025-02-21,2025,2,ZIMA,22.60960590036721,49.881164466671294,11152.813597600361,1933.9408819432444
2025-02-21,2025,2,ZIMA,22.672487970255577,49.881164466671294,15620.409204926833,1932.892788504625
2025-02-21,2025,2,ZIMA,22.73537004014394,49.881164466671294,20110.821595871028,1936.389218404789
2025-02-21,2025,2,ZIMA,22.79825211003231,49.881164466671294,24611.562780784538,1948.3523146409368
2025-02-21,2025,2,ZIMA,22.169431411148643,49.944046536559654,21241.84252136218,1923.130182409534
2025-02-21,2025,2,ZIMA,22.23231348103701,49.944046536559654,16887.595157978216,1918.1852849777965
2025-02-21,2025,2,ZIMA,22.295195550925378,49.944046536559654,12647.0877148698,1917.0549692099069
2025-02-21,2025,2,ZIMA,22.358077620813745,49.944046536559654,8688.489401313918,1919.4014548590328
2025-02-21,2025,2,ZIMA,22.420959690702112,49.944046536559654,5640.392259094248,1938.2389584445143
2025-02-21,2025,2,ZIMA,22.483841760590476,49.944046536559654,5377.849042339499,1939.6799488420493
2025-02-21,2025,2,ZIMA,22.546723830478843,49.944046536559654,8173.831351201074,1939.3563675811668
2025-02-21,2025,2,ZIMA,22.60960590036721,49.944046536559654,12061.713874118053,1935.2591513628556
2025-02-21,2025,2,ZIMA,22.672487970255577,49.944046536559654,16277.021871858049,1934.8851643285202
2025-02-21,2025,2,ZIMA,22.73537004014394,49.944046536559654,20619.91553694238,1949.040330945334
2025-02-21,2025,2,ZIMA,22.169431411148643,50.006928606448014,23869.613690282575,1926.8365084358552
2025-02-21,2025,2,ZIMA,22.23231348103701,50.006928606448014,20098.500081833357,1926.8365324633514
2025-02-21,2025,2,ZIMA,22.295195550925378,50.006928606448014,16699.42740806596,1932.8975374694464
2025-02-21,2025,2,ZIMA,22.358077620813745,50.006928606448014,13947.116730432967,1937.796049416328
2025-02-21,2025,2,ZIMA,22.420959690702112,50.006928606448014,12284.268415550014,1937.467895507745
2025-02-21,2025,2,ZIMA,22.483841760590476,50.006928606448014,12166.111018046417,1937.7988461032944
2025-02-21,2025,2,ZIMA,22.546723830478843,50.006928606448014,13632.867046673899,1937.9655600828557
2025-02-21,2025,2,ZIMA,22.60960590036721,50.006928606448014,16261.176096553138,1939.5220923641318
2025-02-21,2025,2,ZIMA,22.672487970255577,50.006928606448014,19588.942236965002,1947.6412692660213
2025-02-21,2025,2,ZIMA,22.73537004014394,50.006928606448014,23318.606466853642,1950.623041340125
2025-02-21,2025,2,ZIMA,22.295195550925378,50.069810676336374,22262.92187554154,1917.8724224830387
2025-02-21,2025,2,ZIMA,22.358077620813745,50.069810676336374,20282.97479853648,1932.9092868386444
2025-02-21,2025,2,ZIMA,22.420959690702112,50.069810676336374,19179.082293899297,1937.8151127632668
2025-02-21,2025,2,ZIMA,22.483841760590476,50.069810676336374,19103.71622459182,1937.4681930220493
2025-02-21,2025,2,ZIMA,22.546723830478843,50.069810676336374,20068.46741553846,1937.5423847020406
2025-02-21,2025,2,ZIMA,22.60960590036721,50.069810676336374,21936.534220971625,1941.4588111695884
2025-02-21,2025,2,ZIMA,22.672487970255577,50.069810676336374,24502.173491973695,1943.2250225373048
2025-02-21,2025,2,ZIMA,22.354575845314294,49.692518257006185,24112.090228048502,1901.1837393697913
2025-02-21,2025,2,ZIMA,22.22881170553756,49.755400326894545,22894.36986324161,1898.3267656357164
2025-02-21,2025,2,ZIMA,22.291693775425927,49.755400326894545,19903.314178415047,1898.055756424128
2025-02-21,2025,2,ZIMA,22.354575845314294,49.755400326894545,17580.495625769614,1901.3634067490439
2025-02-21,2025,2,ZIMA,22.417457915202657,49.755400326894545,16215.66667820542,1901.3634048301442
2025-02-21,2025,2,ZIMA,22.480339985091025,49.755400326894545,16055.025104151813,1901.3634031834877
2025-02-21,2025,2,ZIMA,22.165929635649192,49.818282396782934,22762.27075808762,1913.847420642449
2025-02-21,2025,2,ZIMA,22.22881170553756,49.818282396782934,18691.89945697382,1913.8143644945324
2025-02-21,2025,2,ZIMA,22.291693775425927,49.818282396782934,14884.29752506612,1909.906886603192
2025-02-21,2025,2,ZIMA,22.354575845314294,49.818282396782934,11601.151230090853,1908.0463227139812
2025-02-21,2025,2,ZIMA,22.417457915202657,49.818282396782934,9408.524932013164,1907.9957383679216
2025-02-21,2025,2,ZIMA,22.480339985091025,49.818282396782934,9129.240569089454,1907.1937556481548
2025-02-21,2025,2,ZIMA,22.165929635649192,49.881164466671294,20999.33229321837,1907.310530886845
2025-02-21,2025,2,ZIMA,22.22881170553756,49.881164466671294,16506.267562304827,1907.3479562700306
2025-02-21,2025,2,ZIMA,22.291693775425927,49.881164466671294,12032.364262771302,1912.7746631245623
2025-02-21,2025,2,ZIMA,22.354575845314294,49.881164466671294,7611.491975228226,1912.7584646505588
2025-02-21,2025,2,ZIMA,22.417457915202657,49.881164466671294,3453.693223036827,1912.7260677147342
2025-02-21,2025,2,ZIMA,22.480339985091025,49.881164466671294,2599.495245792041,1910.5339021414713
2025-02-21,2025,2,ZIMA,22.165929635649192,49.944046536559654,21486.28087913054,1905.2792493817378
2025-02-21,2025,2,ZIMA,22.22881170553756,49.944046536559654,17127.876258600787,1905.2594929774882
2025-02-21,2025,2,ZIMA,22.291693775425927,49.944046536559654,12878.31429302353,1917.1617213067393
2025-02-21,2025,2,ZIMA,22.354575845314294,49.944046536559654,8894.991312628392,1917.137321339549
2025-02-21,2025,2,ZIMA,22.417457915202657,49.944046536559654,5759.680046957223,1917.0885214228522
2025-02-21,2025,2,ZIMA,22.165929635649192,50.006928606448014,24087.11788566591,1914.6949462890327
2025-02-21,2025,2,ZIMA,22.22881170553756,50.006928606448014,20300.550055771535,1914.694946289062
2025-02-21,2025,2,ZIMA,22.291693775425927,50.006928606448014,16874.99133361886,1931.6772460938207
2025-02-21,2025,2,ZIMA,22.354575845314294,50.006928606448014,14076.517619419135,1931.6772460936866
2025-02-21,2025,2,ZIMA,22.417457915202657,50.006928606448014,12339.42325907192,1931.677246093683
2025-02-21,2025,2,ZIMA,22.291693775425927,50.069810676336374,22394.741498546697,1931.0281839688578
2025-02-21,2025,2,ZIMA,22.354575845314294,50.069810676336374,20372.0547241168,1931.0308422975174
2025-02-21,2025,2,ZIMA,22.417457915202657,50.069810676336374,19214.409734969002,1931.0361472736295
2025-02-23,2025,2,ZIMA,22.73186826464449,49.818282396782934,21714.62640675995,1930.655574958101
2025-02-23,2025,2,ZIMA,22.73186826464449,49.881164466671294,19860.423092579564,1930.65550292771
2025-02-23,2025,2,ZIMA,22.794750334532857,49.881164466671294,24360.75155742461,1930.655528898365
2025-02-25,2025,2,ZIMA,22.354575845314294,49.692518257006185,24112.090228048502,1897.4087728816596
2025-02-25,2025,2,ZIMA,22.417457915202657,49.692518257006185,23134.547378102303,1890.3538577802967
2025-02-25,2025,2,ZIMA,22.480339985091025,49.692518257006185,23022.08858500473,1890.368325343639
2025-02-25,2025,2,ZIMA,22.543222054979392,49.692518257006185,23786.98643868175,1889.9720583958897
2025-02-25,2025,2,ZIMA,22.22881170553756,49.755400326894545,22894.36986324161,1887.3855747765701
2025-02-25,2025,2,ZIMA,22.291693775425927,49.755400326894545,19903.314178415047,1888.453156656758
2025-02-25,2025,2,ZIMA,22.354575845314294,49.755400326894545,17580.495625769614,1889.6166076700579
2025-02-25,2025,2,ZIMA,22.417457915202657,49.755400326894545,16215.66667820542,1890.7997548329502
2025-02-25,2025,2,ZIMA,22.480339985091025,49.755400326894545,16055.025104151813,1890.3480428999346
2025-02-25,2025,2,ZIMA,22.543222054979392,49.755400326894545,17132.476668509815,1893.3384145017783
2025-02-25,2025,2,ZIMA,22.60610412486776,49.755400326894545,19241.147484226796,1894.6528320313114
2025-02-25,2025,2,ZIMA,22.668986194756126,49.755400326894545,22087.641825604678,1894.5896217941024
2025-02-25,2025,2,ZIMA,22.165929635649192,49.818282396782934,22762.27075808762,1892.1987245458608
2025-02-25,2025,2,ZIMA,22.22881170553756,49.818282396782934,18691.89945697382,1892.1930126236718
2025-02-25,2025,2,ZIMA,22.291693775425927,49.818282396782934,14884.29752506612,1889.547284286788
2025-02-25,2025,2,ZIMA,22.354575845314294,49.818282396782934,11601.151230090853,1891.011369105279
2025-02-25,2025,2,ZIMA,22.417457915202657,49.818282396782934,9408.524932013164,1891.3876540174263
2025-02-25,2025,2,ZIMA,22.480339985091025,49.818282396782934,9129.240569089454,1892.6973935321444
2025-02-25,2025,2,ZIMA,22.543222054979392,49.818282396782934,10911.220491147085,1897.5076793103394
2025-02-25,2025,2,ZIMA,22.60610412486776,49.818282396782934,13987.696201742643,1897.5076890028777
2025-02-25,2025,2,ZIMA,22.668986194756126,49.818282396782934,17695.925250540768,1897.5076976951545
2025-02-25,2025,2,ZIMA,22.291693775425927,49.881164466671294,12032.364262771302,1891.9582507709447
2025-02-25,2025,2,ZIMA,22.354575845314294,49.881164466671294,7611.491975228226,1891.9582434563438
2025-02-25,2025,2,ZIMA,22.417457915202657,49.881164466671294,3453.693223036827,1891.9582489213592
2025-02-25,2025,2,ZIMA,22.417457915202657,49.944046536559654,5759.680046957223,1891.9582641332443
2025-02-25,2025,2,ZIMA,22.165929635649192,50.006928606448014,24087.11788566591,1895.6318454145492
2025-02-25,2025,2,ZIMA,22.22881170553756,50.006928606448014,20300.550055771535,1895.6318491308557
2025-02-25,2025,2,ZIMA,22.291693775425927,50.069810676336374,22394.741498546697,1895.6318373865697
2025-02-25,2025,2,ZIMA,22.354575845314294,50.069810676336374,20372.0547241168,1895.6318000783715
2025-02-26,2025,2,ZIMA,22.16242786014974,49.818282396782934,22993.89771570689,1879.2008174323441
2025-02-26,2025,2,ZIMA,22.225309930038108,49.818282396782934,18913.18168296834,1879.3633124954727
2025-02-26,2025,2,ZIMA,22.288191999926475,49.818282396782934,15085.974138612986,1871.6140678030865
2025-02-26,2025,2,ZIMA,22.351074069814842,49.818282396782934,11762.396604778049,1871.718297512039
2025-02-26,2025,2,ZIMA,22.41395613970321,49.818282396782934,9487.389990687023,1871.926749891445
2025-02-26,2025,2,ZIMA,22.476838209591577,49.818282396782934,9086.046306825554,1872.030965511388
2025-02-26,2025,2,ZIMA,22.288191999926475,49.881164466671294,12280.645751248541,1883.0838623047157
2025-02-26,2025,2,ZIMA,22.351074069814842,49.881164466671294,7854.756429353045,1883.083862304618
2025-02-26,2025,2,ZIMA,22.41395613970321,49.881164466671294,3662.826773873633,1883.0838623047118
2025-02-26,2025,2,ZIMA,22.476838209591577,49.881164466671294,2443.685044444684,1883.0838642557837
2025-02-26,2025,2,ZIMA,22.225309930038108,49.944046536559654,17368.474145849043,1887.1814095327259
2025-02-26,2025,2,ZIMA,22.288191999926475,49.944046536559654,13110.286221926865,1886.8703609558995
2025-02-26,2025,2,ZIMA,22.351074069814842,49.944046536559654,9103.755684438656,1886.9413784226306
2025-02-26,2025,2,ZIMA,22.41395613970321,49.944046536559654,5887.298046828058,1887.0834549052804
2025-02-26,2025,2,ZIMA,22.476838209591577,49.944046536559654,5217.7845571906855,1887.1514360827882
2025-02-26,2025,2,ZIMA,22.225309930038108,50.006928606448014,20503.689161433696,1896.4837617131896
2025-02-26,2025,2,ZIMA,22.288191999926475,50.006928606448014,17052.451413993313,1896.4837647301072
2025-02-26,2025,2,ZIMA,22.351074069814842,50.006928606448014,14209.185108303696,1896.4837750737493
2025-02-26,2025,2,ZIMA,22.41395613970321,50.006928606448014,12399.427065448039,1896.4837664032798
2025-02-26,2025,2,ZIMA,22.476838209591577,50.006928606448014,12096.300368318187,1896.4837602204796
2025-03-06,2025,3,ZIMA,22.354575845314294,49.692518257006185,24112.090228048502,1887.2899216420747
2025-03-06,2025,3,ZIMA,22.417457915202657,49.692518257006185,23134.547378102303,1882.5216513855448
2025-03-06,2025,3,ZIMA,22.480339985091025,49.692518257006185,23022.08858500473,1882.6868080786885
2025-03-06,2025,3,ZIMA,22.543222054979392,49.692518257006185,23786.98643868175,1895.4525205536745
2025-03-06,2025,3,ZIMA,22.22881170553756,49.755400326894545,22894.36986324161,1873.8766555238237
2025-03-06,2025,3,ZIMA,22.291693775425927,49.755400326894545,19903.314178415047,1885.4411500114534
2025-03-06,2025,3,ZIMA,22.354575845314294,49.755400326894545,17580.495625769614,1888.4402898256803
2025-03-06,2025,3,ZIMA,22.417457915202657,49.755400326894545,16215.66667820542,1883.4156413271417
2025-03-06,2025,3,ZIMA,22.480339985091025,49.755400326894545,16055.025104151813,1889.5321645008646
2025-03-06,2025,3,ZIMA,22.543222054979392,49.755400326894545,17132.476668509815,1891.7134200643306
2025-03-06,2025,3,ZIMA,22.60610412486776,49.755400326894545,19241.147484226796,1893.7934065918566
2025-03-06,2025,3,ZIMA,22.668986194756126,49.755400326894545,22087.641825604678,1892.837546783732
2025-03-06,2025,3,ZIMA,22.165929635649192,49.818282396782934,22762.27075808762,1886.7553289902378
2025-03-06,2025,3,ZIMA,22.22881170553756,49.818282396782934,18691.89945697382,1886.799275953266
2025-03-06,2025,3,ZIMA,22.291693775425927,49.818282396782934,14884.29752506612,1897.3997813998744
2025-03-06,2025,3,ZIMA,22.354575845314294,49.818282396782934,11601.151230090853,1894.223964521686
2025-03-06,2025,3,ZIMA,22.417457915202657,49.818282396782934,9408.524932013164,1892.9637334008985
2025-03-06,2025,3,ZIMA,22.480339985091025,49.818282396782934,9129.240569089454,1897.8530928314437
2025-03-06,2025,3,ZIMA,22.543222054979392,49.818282396782934,10911.220491147085,1898.3851845019349
2025-03-06,2025,3,ZIMA,22.60610412486776,49.818282396782934,13987.696201742643,1894.8796003136272
2025-03-06,2025,3,ZIMA,22.668986194756126,49.818282396782934,17695.925250540768,1899.6259490936259
2025-03-06,2025,3,ZIMA,22.73186826464449,49.818282396782934,21714.62640675995,1903.8502912446863
2025-03-06,2025,3,ZIMA,22.165929635649192,49.881164466671294,20999.33229321837,1880.0946215555475
2025-03-06,2025,3,ZIMA,22.22881170553756,49.881164466671294,16506.267562304827,1888.6541761746237
2025-03-06,2025,3,ZIMA,22.291693775425927,49.881164466671294,12032.364262771302,1892.9104076988722
2025-03-06,2025,3,ZIMA,22.354575845314294,49.881164466671294,7611.491975228226,1887.6180472330768
2025-03-06,2025,3,ZIMA,22.417457915202657,49.881164466671294,3453.693223036827,1895.3190857356674
2025-03-06,2025,3,ZIMA,22.480339985091025,49.881164466671294,2599.495245792041,1901.2444957581413
2025-03-06,2025,3,ZIMA,22.543222054979392,49.881164466671294,6513.288539257984,1904.3185869292436
2025-03-06,2025,3,ZIMA,22.60610412486776,49.881164466671294,10905.258517402252,1906.1189887744165
2025-03-06,2025,3,ZIMA,22.668986194756126,49.881164466671294,15370.833327011827,1912.051572324497
2025-03-06,2025,3,ZIMA,22.73186826464449,49.881164466671294,19860.423092579564,1910.543840739498
2025-03-06,2025,3,ZIMA,22.165929635649192,49.944046536559654,21486.28087913054,1882.374678942998
2025-03-06,2025,3,ZIMA,22.22881170553756,49.944046536559654,17127.876258600787,1889.8740673885782
2025-03-06,2025,3,ZIMA,22.291693775425927,49.944046536559654,12878.31429302353,1891.9567782647648
2025-03-06,2025,3,ZIMA,22.354575845314294,49.944046536559654,8894.991312628392,1892.7740926506008
2025-03-06,2025,3,ZIMA,22.417457915202657,49.944046536559654,5759.680046957223,1902.8120102220835
2025-03-06,2025,3,ZIMA,22.480339985091025,49.944046536559654,5292.450368233288,1907.2525442176275
2025-03-06,2025,3,ZIMA,22.543222054979392,49.944046536559654,7976.788686317586,1911.4830322266323
2025-03-06,2025,3,ZIMA,22.60610412486776,49.944046536559654,11833.48850859346,1910.8817876152837
2025-03-06,2025,3,ZIMA,22.668986194756126,49.944046536559654,16037.980704463247,1912.0662936182014
2025-03-06,2025,3,ZIMA,22.73186826464449,49.944046536559654,20376.093396314827,1912.7171932369024
2025-03-06,2025,3,ZIMA,22.165929635649192,50.006928606448014,24087.11788566591,1896.7655960582433
2025-03-06,2025,3,ZIMA,22.22881170553756,50.006928606448014,20300.550055771535,1896.3180120434356
2025-03-06,2025,3,ZIMA,22.291693775425927,50.006928606448014,16874.99133361886,1899.6766942677718
2025-03-06,2025,3,ZIMA,22.354575845314294,50.006928606448014,14076.517619419135,1898.0702914667654
2025-03-06,2025,3,ZIMA,22.417457915202657,50.006928606448014,12339.42325907192,1914.4818832245262
2025-03-06,2025,3,ZIMA,22.480339985091025,50.006928606448014,12128.65266097527,1905.043113297801
2025-03-06,2025,3,ZIMA,22.543222054979392,50.006928606448014,13515.800272744598,1904.7448565360085
2025-03-06,2025,3,ZIMA,22.60610412486776,50.006928606448014,16092.839025049043,1906.8141053847792
2025-03-06,2025,3,ZIMA,22.668986194756126,50.006928606448014,19391.031598309888,1905.5580252814204
2025-03-06,2025,3,ZIMA,22.73186826464449,50.006928606448014,23103.564470285364,1893.038208847321
2025-03-06,2025,3,ZIMA,22.291693775425927,50.069810676336374,22394.741498546697,1904.5240155691147
2025-03-06,2025,3,ZIMA,22.354575845314294,50.069810676336374,20372.0547241168,1907.7348790070796
2025-03-06,2025,3,ZIMA,22.417457915202657,50.069810676336374,19214.409734969002,1913.0029047189212
2025-03-06,2025,3,ZIMA,22.480339985091025,50.069810676336374,19079.914015941584,1905.556399515469
2025-03-06,2025,3,ZIMA,22.543222054979392,50.069810676336374,19989.23029615635,1906.234713817584
2025-03-06,2025,3,ZIMA,22.60610412486776,50.069810676336374,21812.20457988765,1911.8049600307204
2025-03-06,2025,3,ZIMA,22.668986194756126,50.069810676336374,24344.445570191427,1903.3387828891011
2025-03-08,2025,3,ZIMA,22.354575845314294,49.692518257006185,24112.090228048502,1893.7882716042666
2025-03-08,2025,3,ZIMA,22.417457915202657,49.692518257006185,23134.547378102303,1895.7648338192073
2025-03-08,2025,3,ZIMA,22.480339985091025,49.692518257006185,23022.08858500473,1891.1227407481858
2025-03-08,2025,3,ZIMA,22.543222054979392,49.692518257006185,23786.98643868175,1890.5228335849608
2025-03-08,2025,3,ZIMA,22.22881170553756,49.755400326894545,22894.36986324161,1907.9950244905704
2025-03-08,2025,3,ZIMA,22.291693775425927,49.755400326894545,19903.314178415047,1900.0129832213975
2025-03-08,2025,3,ZIMA,22.354575845314294,49.755400326894545,17580.495625769614,1896.848847813209
2025-03-08,2025,3,ZIMA,22.417457915202657,49.755400326894545,16215.66667820542,1893.5397411561269
2025-03-08,2025,3,ZIMA,22.480339985091025,49.755400326894545,16055.025104151813,1892.0655360824912
2025-03-08,2025,3,ZIMA,22.543222054979392,49.755400326894545,17132.476668509815,1890.8042351842025
2025-03-08,2025,3,ZIMA,22.60610412486776,49.755400326894545,19241.147484226796,1890.5972842374895
2025-03-08,2025,3,ZIMA,22.668986194756126,49.755400326894545,22087.641825604678,1893.8065984319835
2025-03-08,2025,3,ZIMA,22.165929635649192,49.818282396782934,22762.27075808762,1902.109421800078
2025-03-08,2025,3,ZIMA,22.22881170553756,49.818282396782934,18691.89945697382,1896.6338522832134
2025-03-08,2025,3,ZIMA,22.291693775425927,49.818282396782934,14884.29752506612,1895.1098604213284
2025-03-08,2025,3,ZIMA,22.354575845314294,49.818282396782934,11601.151230090853,1895.5854773398307
2025-03-08,2025,3,ZIMA,22.417457915202657,49.818282396782934,9408.524932013164,1898.363154103211
2025-03-08,2025,3,ZIMA,22.480339985091025,49.818282396782934,9129.240569089454,1897.2530649628968
2025-03-08,2025,3,ZIMA,22.543222054979392,49.818282396782934,10911.220491147085,1896.27638801574
2025-03-08,2025,3,ZIMA,22.60610412486776,49.818282396782934,13987.696201742643,1895.6801204670624
2025-03-08,2025,3,ZIMA,22.668986194756126,49.818282396782934,17695.925250540768,1899.1018052559498
2025-03-08,2025,3,ZIMA,22.73186826464449,49.818282396782934,21714.62640675995,1899.1018036374735
2025-03-08,2025,3,ZIMA,22.165929635649192,49.881164466671294,20999.33229321837,1890.8834169402564
2025-03-08,2025,3,ZIMA,22.22881170553756,49.881164466671294,16506.267562304827,1888.8806152343013
2025-03-08,2025,3,ZIMA,22.291693775425927,49.881164466671294,12032.364262771302,1893.9379420804603
2025-03-08,2025,3,ZIMA,22.354575845314294,49.881164466671294,7611.491975228226,1897.278566661986
2025-03-08,2025,3,ZIMA,22.417457915202657,49.881164466671294,3453.693223036827,1898.7350611812194
2025-03-08,2025,3,ZIMA,22.480339985091025,49.881164466671294,2599.495245792041,1899.8363218705563
2025-03-08,2025,3,ZIMA,22.543222054979392,49.881164466671294,6513.288539257984,1899.6754712375348
2025-03-08,2025,3,ZIMA,22.165929635649192,49.944046536559654,21486.28087913054,1903.0288892437854
2025-03-08,2025,3,ZIMA,22.22881170553756,49.944046536559654,17127.876258600787,1899.2933943253408
2025-03-08,2025,3,ZIMA,22.291693775425927,49.944046536559654,12878.31429302353,1890.034323417126
2025-03-08,2025,3,ZIMA,22.354575845314294,49.944046536559654,8894.991312628392,1895.9652747086534
2025-03-08,2025,3,ZIMA,22.417457915202657,49.944046536559654,5759.680046957223,1897.8163720573184
2025-03-08,2025,3,ZIMA,22.480339985091025,49.944046536559654,5292.450368233288,1898.41501493383
2025-03-08,2025,3,ZIMA,22.543222054979392,49.944046536559654,7976.788686317586,1898.9690723529434
2025-03-08,2025,3,ZIMA,22.165929635649192,50.006928606448014,24087.11788566591,1906.371506757306
2025-03-08,2025,3,ZIMA,22.22881170553756,50.006928606448014,20300.550055771535,1905.5437011718748
2025-03-08,2025,3,ZIMA,22.291693775425927,50.006928606448014,16874.99133361886,1908.1016987349944
2025-03-08,2025,3,ZIMA,22.354575845314294,50.006928606448014,14076.517619419135,1908.0287883427159
2025-03-08,2025,3,ZIMA,22.417457915202657,50.006928606448014,12339.42325907192,1904.8199651143768
2025-03-08,2025,3,ZIMA,22.480339985091025,50.006928606448014,12128.65266097527,1902.5154350800456
2025-03-08,2025,3,ZIMA,22.543222054979392,50.006928606448014,13515.800272744598,1902.5460586498496
2025-03-08,2025,3,ZIMA,22.60610412486776,50.006928606448014,16092.839025049043,1899.4947560108615
2025-03-08,2025,3,ZIMA,22.668986194756126,50.006928606448014,19391.031598309888,1899.1476350080711
2025-03-08,2025,3,ZIMA,22.73186826464449,50.006928606448014,23103.564470285364,1910.6697902011183
2025-03-08,2025,3,ZIMA,22.291693775425927,50.069810676336374,22394.741498546697,1907.7179784936488
2025-03-08,2025,3,ZIMA,22.354575845314294,50.069810676336374,20372.0547241168,1908.2041241243026
2025-03-08,2025,3,ZIMA,22.417457915202657,50.069810676336374,19214.409734969002,1907.9277901476626
2025-03-08,2025,3,ZIMA,22.480339985091025,50.069810676336374,19079.914015941584,1903.5389965923023
2025-03-08,2025,3,ZIMA,22.543222054979392,50.069810676336374,19989.23029615635,1903.2087880944664
2025-03-08,2025,3,ZIMA,22.60610412486776,50.069810676336374,21812.20457988765,1902.7355957031943
2025-03-08,2025,3,ZIMA,22.668986194756126,50.069810676336374,24344.445570191427,1902.9995677720635
2025-03-08,2025,3,ZIMA,22.351074069814842,49.692518257006185,24190.285392836526,1886.7942435813468
2025-03-08,2025,3,ZIMA,22.41395613970321,49.692518257006185,23166.81612948473,1887.0816638652864
2025-03-08,2025,3,ZIMA,22.476838209591577,49.692518257006185,23004.950086141587,1887.2253816160894
2025-03-08,2025,3,ZIMA,22.539720279479937,49.692518257006185,23722.33053402328,1887.3557129721873
2025-03-08,2025,3,ZIMA,22.225309930038108,49.755400326894545,23075.62091358676,1890.8522201786247
2025-03-08,2025,3,ZIMA,22.288191999926475,49.755400326894545,20054.775957172795,1891.1010953987193
2025-03-08,2025,3,ZIMA,22.351074069814842,49.755400326894545,17687.45214846048,1891.4646469472639
2025-03-08,2025,3,ZIMA,22.41395613970321,49.755400326894545,16261.611335671701,1892.1917500445838
2025-03-08,2025,3,ZIMA,22.476838209591577,49.755400326894545,16030.471476220679,1892.5477235984501
2025-03-08,2025,3,ZIMA,22.539720279479937,49.755400326894545,17042.710013347772,1896.8344811147624
2025-03-08,2025,3,ZIMA,22.602602349368304,49.755400326894545,19101.674777579803,1903.159189391493
2025-03-08,2025,3,ZIMA,22.66548441925667,49.755400326894545,21914.29117237456,1903.1591797720741
2025-03-08,2025,3,ZIMA,22.16242786014974,49.818282396782934,22993.89771570689,1896.200074080979
2025-03-08,2025,3,ZIMA,22.225309930038108,49.818282396782934,18913.18168296834,1899.0662367850082
2025-03-08,2025,3,ZIMA,22.288191999926475,49.818282396782934,15085.974138612986,1898.9099521064607
2025-03-08,2025,3,ZIMA,22.351074069814842,49.818282396782934,11762.396604778049,1898.7168285586836
2025-03-08,2025,3,ZIMA,22.41395613970321,49.818282396782934,9487.389990687023,1898.3395638362192
2025-03-08,2025,3,ZIMA,22.476838209591577,49.818282396782934,9086.046306825554,1898.1464223562764
2025-03-08,2025,3,ZIMA,22.539720279479937,49.818282396782934,10769.907347387072,1900.083894387568
2025-03-08,2025,3,ZIMA,22.602602349368304,49.818282396782934,13795.462190407134,1902.4221215408986
2025-03-08,2025,3,ZIMA,22.66548441925667,49.818282396782934,17479.35546032421,1902.422108910061
2025-03-08,2025,3,ZIMA,22.72836648914504,49.818282396782934,21485.578151212052,1902.422119944087
2025-03-08,2025,3,ZIMA,22.16242786014974,49.881164466671294,21249.860616887832,1891.2083622447728
2025-03-08,2025,3,ZIMA,22.225309930038108,49.881164466671294,16756.11579897442,1906.2490994580548
2025-03-08,2025,3,ZIMA,22.288191999926475,49.881164466671294,12280.645751248541,1907.594786113522
2025-03-08,2025,3,ZIMA,22.351074069814842,49.881164466671294,7854.756429353045,1908.264638975534
2025-03-08,2025,3,ZIMA,22.41395613970321,49.881164466671294,3662.826773873633,1908.540405273462
2025-03-08,2025,3,ZIMA,22.476838209591577,49.881164466671294,2443.685044444684,1908.5404052734661
2025-03-08,2025,3,ZIMA,22.539720279479937,49.881164466671294,6273.998858484071,1908.5464326730546
2025-03-08,2025,3,ZIMA,22.16242786014974,49.944046536559654,21730.87968921617,1896.1657633012499
2025-03-08,2025,3,ZIMA,22.225309930038108,49.944046536559654,17368.474145849043,1909.282297046288
2025-03-08,2025,3,ZIMA,22.288191999926475,49.944046536559654,13110.286221926865,1909.408550892092
2025-03-08,2025,3,ZIMA,22.351074069814842,49.944046536559654,9103.755684438656,1909.4689093113864
2025-03-08,2025,3,ZIMA,22.41395613970321,49.944046536559654,5887.298046828058,1909.5949818279098
2025-03-08,2025,3,ZIMA,22.476838209591577,49.944046536559654,5217.7845571906855,1909.6580929874524
2025-03-08,2025,3,ZIMA,22.539720279479937,49.944046536559654,7782.88322853803,1909.743256264631
2025-03-08,2025,3,ZIMA,22.16242786014974,50.006928606448014,24305.27406858883,1910.599158111807
2025-03-08,2025,3,ZIMA,22.225309930038108,50.006928606448014,20503.689161433696,1921.3614849444903
2025-03-08,2025,3,ZIMA,22.288191999926475,50.006928606448014,17052.451413993313,1922.0248300276892
2025-03-08,2025,3,ZIMA,22.351074069814842,50.006928606448014,14209.185108303696,1922.364551182089
2025-03-08,2025,3,ZIMA,22.41395613970321,50.006928606448014,12399.427065448039,1923.0439742124356
2025-03-08,2025,3,ZIMA,22.476838209591577,50.006928606448014,12096.300368318187,1923.3705062721947
2025-03-08,2025,3,ZIMA,22.539720279479937,50.006928606448014,13402.423659929149,1908.239862168438
2025-03-08,2025,3,ZIMA,22.602602349368304,50.006928606448014,15926.688222586916,1908.2398603192087
2025-03-08,2025,3,ZIMA,22.66548441925667,50.006928606448014,19194.370650338067,1908.2398759446044
2025-03-08,2025,3,ZIMA,22.72836648914504,50.006928606448014,22889.261329786274,1908.2398627138073
2025-03-08,2025,3,ZIMA,22.288191999926475,50.069810676336374,22528.58957328347,1925.4634627978116
2025-03-08,2025,3,ZIMA,22.351074069814842,50.069810676336374,20463.829199069023,1924.935674295705
2025-03-08,2025,3,ZIMA,22.41395613970321,50.069810676336374,19252.94859761089,1923.8965366531588
2025-03-08,2025,3,ZIMA,22.476838209591577,50.069810676336374,19059.391608038903,1923.376310630834
2025-03-08,2025,3,ZIMA,22.539720279479937,50.069810676336374,19912.845501312324,1911.3521833532266
2025-03-08,2025,3,ZIMA,22.602602349368304,50.069810676336374,21690.07027748715,1912.16828567592
2025-03-08,2025,3,ZIMA,22.66548441925667,50.069810676336374,24188.296744026244,1912.5852052522782
2025-03-18,2025,3,ZIMA,22.73186826464449,49.89166979316964,19776.134276070505,1897.6381663090804
2025-03-18,2025,3,ZIMA,22.794750334532857,49.89166979316964,24291.194065453536,1897.6380511733498
2025-03-18,2025,3,ZIMA,22.60610412486776,49.954551863058015,12373.188316296972,1882.9234615141042
2025-03-18,2025,3,ZIMA,22.668986194756126,49.954551863058015,16439.454591696005,1882.9234607038989
2025-03-18,2025,3,ZIMA,22.73186826464449,49.954551863058015,20692.74432795608,1904.196936096631
2025-03-18,2025,3,ZIMA,22.543222054979392,50.017433932946375,14563.789322484645,1881.9782848941147
2025-03-18,2025,3,ZIMA,22.60610412486776,50.017433932946375,16982.046877098484,1882.2544625293078
2025-03-18,2025,3,ZIMA,22.668986194756126,50.017433932946375,20134.47338387348,1882.5456422449508
2025-03-18,2025,3,ZIMA,22.73186826464449,50.017433932946375,23730.259141340277,1897.2907714843088
2025-03-18,2025,3,ZIMA,22.480339985091025,50.08031600283475,20244.125442972134,1879.0510588084173
2025-03-18,2025,3,ZIMA,22.543222054979392,50.08031600283475,21103.1530005928,1879.1862324281885
2025-03-18,2025,3,ZIMA,22.60610412486776,50.08031600283475,22837.01728511146,1879.676203351987
2025-03-19,2025,3,ZIMA,22.22881170553756,49.765905653392906,22094.07877149692,1913.3157910565706
2025-03-19,2025,3,ZIMA,22.417457915202657,49.765905653392906,15066.531806853272,1904.2163812031927
2025-03-19,2025,3,ZIMA,22.480339985091025,49.765905653392906,14893.538410765585,1903.859505481121
2025-03-19,2025,3,ZIMA,22.543222054979392,49.765905653392906,16048.91545535083,1903.8594773194309
2025-03-19,2025,3,ZIMA,22.60610412486776,49.765905653392906,18282.53620624142,1914.3160438462378
2025-03-19,2025,3,ZIMA,22.668986194756126,49.765905653392906,21257.1846990577,1914.316046964478
2025-03-19,2025,3,ZIMA,22.165929635649192,49.82878772328128,22325.43538520545,1913.638251022422
2025-03-19,2025,3,ZIMA,22.22881170553756,49.82878772328128,18158.406619754358,1913.3864261970755
2025-03-19,2025,3,ZIMA,22.291693775425927,49.82878772328128,14209.525042067644,1913.315790235956
2025-03-19,2025,3,ZIMA,22.354575845314294,49.82878772328128,10722.583398780149,1913.3157838195884
2025-03-19,2025,3,ZIMA,22.417457915202657,49.82878772328128,8301.649065314678,1913.7688771493035
2025-03-19,2025,3,ZIMA,22.480339985091025,49.82878772328128,7983.807939159483,1905.0335725760467
2025-03-19,2025,3,ZIMA,22.543222054979392,49.82878772328128,9972.220017912965,1903.859498627487
2025-03-19,2025,3,ZIMA,22.60610412486776,49.82878772328128,13267.61214866327,1911.3527887207806
2025-03-19,2025,3,ZIMA,22.668986194756126,49.82878772328128,17131.67359445209,1914.3606545141656
2025-03-19,2025,3,ZIMA,22.73186826464449,49.82878772328128,21256.509218593656,1914.3160357757238
2025-03-19,2025,3,ZIMA,22.165929635649192,49.89166979316964,20919.391463104264,1912.6465322868269
2025-03-19,2025,3,ZIMA,22.22881170553756,49.89166979316964,16405.560705198463,1913.126806730414
2025-03-19,2025,3,ZIMA,22.291693775425927,49.89166979316964,11895.00110721875,1913.1436259238392
2025-03-19,2025,3,ZIMA,22.354575845314294,49.89166979316964,7393.707934749382,1909.8290552647359
2025-03-19,2025,3,ZIMA,22.417457915202657,49.89166979316964,2944.500050124817,1913.2013587992535
2025-03-19,2025,3,ZIMA,22.480339985091025,49.89166979316964,1870.9821680215873,1913.8784414943545
2025-03-19,2025,3,ZIMA,22.543222054979392,49.89166979316964,6257.667310553245,1914.7388885981804
2025-03-19,2025,3,ZIMA,22.60610412486776,49.89166979316964,10753.768425853132,1926.0038456006323
2025-03-19,2025,3,ZIMA,22.668986194756126,49.89166979316964,15262.893735083717,1922.3000127532466
2025-03-19,2025,3,ZIMA,22.73186826464449,49.89166979316964,19776.134276070505,1918.7721152045647
2025-03-19,2025,3,ZIMA,22.794750334532857,49.89166979316964,24291.194065453536,1917.1164128474945
2025-03-19,2025,3,ZIMA,22.165929635649192,49.954551863058015,21786.570287916154,1915.1755802618245
2025-03-19,2025,3,ZIMA,22.22881170553756,49.954551863058015,17504.14593586278,1913.1305712208928
2025-03-19,2025,3,ZIMA,22.291693775425927,49.954551863058015,13375.713008895505,1915.5429876680537
2025-03-19,2025,3,ZIMA,22.354575845314294,49.954551863058015,9602.00371929549,1911.7010276852743
2025-03-19,2025,3,ZIMA,22.417457915202657,49.954551863058015,6801.584066412853,1909.1000502602546
2025-03-19,2025,3,ZIMA,22.480339985091025,49.954551863058015,6410.8337029859895,1912.8471865445542
2025-03-19,2025,3,ZIMA,22.543222054979392,49.954551863058015,8758.432559269975,1917.2479047721552
2025-03-19,2025,3,ZIMA,22.60610412486776,49.954551863058015,12373.188316296972,1925.4314134493175
2025-03-19,2025,3,ZIMA,22.668986194756126,49.954551863058015,16439.454591696005,1927.60181419013
2025-03-19,2025,3,ZIMA,22.73186826464449,49.954551863058015,20692.74432795608,1923.6189882573613
2025-03-19,2025,3,ZIMA,22.165929635649192,50.017433932946375,24688.65400458408,1919.9328465786302
2025-03-19,2025,3,ZIMA,22.22881170553756,50.017433932946375,21011.64844441782,1918.4527126492671
2025-03-19,2025,3,ZIMA,22.291693775425927,50.017433932946375,17724.845643369907,1919.6284179688203
2025-03-19,2025,3,ZIMA,22.354575845314294,50.017433932946375,15085.492177146163,1919.4254564460778
2025-03-19,2025,3,ZIMA,22.417457915202657,50.017433932946375,13479.4325917546,1918.6458796771303
2025-03-19,2025,3,ZIMA,22.480339985091025,50.017433932946375,13286.800817179106,1919.8841165938732
2025-03-19,2025,3,ZIMA,22.543222054979392,50.017433932946375,14563.789322484645,1921.038693042009
2025-03-19,2025,3,ZIMA,22.60610412486776,50.017433932946375,16982.046877098484,1921.0199568887817
2025-03-19,2025,3,ZIMA,22.668986194756126,50.017433932946375,20134.47338387348,1920.7086662905347
2025-03-19,2025,3,ZIMA,22.73186826464449,50.017433932946375,23730.259141340277,1918.0518134235308
2025-03-19,2025,3,ZIMA,22.291693775425927,50.08031600283475,23393.92889056244,1915.4364452853415
2025-03-19,2025,3,ZIMA,22.354575845314294,50.08031600283475,21466.04242459771,1916.8649904192375
2025-03-19,2025,3,ZIMA,22.417457915202657,50.08031600283475,20370.90850265545,1919.11252922712
2025-03-19,2025,3,ZIMA,22.480339985091025,50.08031600283475,20244.125442972134,1918.9114922399733
2025-03-19,2025,3,ZIMA,22.543222054979392,50.08031600283475,21103.1530005928,1919.404972079616
2025-03-19,2025,3,ZIMA,22.60610412486776,50.08031600283475,22837.01728511146,1920.4320604048007
2025-03-19,2025,3,ZIMA,22.16242786014974,49.82528594778182,22699.863401704264,1903.6037450698661
2025-03-19,2025,3,ZIMA,22.225309930038108,49.82528594778182,18555.257733334394,1903.6037630172161
2025-03-19,2025,3,ZIMA,22.288191999926475,49.82528594778182,14635.38638075111,1900.386821531725
2025-03-19,2025,3,ZIMA,22.351074069814842,49.82528594778182,11179.210694185098,1895.6738390074934
2025-03-19,2025,3,ZIMA,22.41395613970321,49.82528594778182,8754.330853999618,1895.6738472343736
2025-03-19,2025,3,ZIMA,22.476838209591577,49.82528594778182,8317.75525363363,1895.6738434614965
2025-03-19,2025,3,ZIMA,22.539720279479937,49.82528594778182,10129.901392570879,1895.673836993044
2025-03-19,2025,3,ZIMA,22.16242786014974,49.888168017670196,21190.035965077823,1900.761544573981
2025-03-19,2025,3,ZIMA,22.225309930038108,49.888168017670196,16680.922447759407,1900.6697083291817
2025-03-19,2025,3,ZIMA,22.288191999926475,49.888168017670196,12178.621349547338,1907.493182234546
2025-03-19,2025,3,ZIMA,22.351074069814842,49.888168017670196,7695.105499165169,1910.7060546874293
2025-03-19,2025,3,ZIMA,22.41395613970321,49.888168017670196,3307.677345066955,1910.7060546875246
2025-03-19,2025,3,ZIMA,22.476838209591577,49.888168017670196,1870.0521936467014,1910.7060367489269
2025-03-19,2025,3,ZIMA,22.539720279479937,49.888168017670196,6073.198666981766,1910.6987106159454
2025-03-19,2025,3,ZIMA,22.16242786014974,49.951050087558556,21922.34246452262,1898.4476700794633
2025-03-19,2025,3,ZIMA,22.225309930038108,49.951050087558556,17608.139880996303,1898.35683612096
2025-03-19,2025,3,ZIMA,22.288191999926475,49.951050087558556,13426.88056594184,1908.7110860795856
2025-03-19,2025,3,ZIMA,22.351074069814842,49.951050087558556,9554.726699622017,1910.5907065043596
2025-03-19,2025,3,ZIMA,22.41395613970321,49.951050087558556,6563.667205010626,1910.5814361133537
2025-03-19,2025,3,ZIMA,22.476838209591577,49.951050087558556,5970.578357647499,1910.5768567612374
2025-03-19,2025,3,ZIMA,22.539720279479937,49.951050087558556,8306.079006660024,1910.5751953125698
2025-03-19,2025,3,ZIMA,22.16242786014974,50.01393215744693,24698.211293128992,1904.9665305834003
2025-03-19,2025,3,ZIMA,22.225309930038108,50.01393215744693,20968.579444434803,1905.0075859949836
2025-03-19,2025,3,ZIMA,22.288191999926475,50.01393215744693,17609.230664409366,1916.9778999954397
2025-03-19,2025,3,ZIMA,22.351074069814842,50.01393215744693,14873.22360287433,1917.162528013884
2025-03-19,2025,3,ZIMA,22.41395613970321,50.01393215744693,13155.403252170625,1917.5190714809626
2025-03-19,2025,3,ZIMA,22.476838209591577,50.01393215744693,12870.136155172722,1917.7037466129073
2025-03-19,2025,3,ZIMA,22.539720279479937,50.01393215744693,14104.610591217597,1919.0512582590575
2025-03-19,2025,3,ZIMA,22.602602349368304,50.01393215744693,16521.613265744996,1930.6390458703568
2025-03-19,2025,3,ZIMA,22.66548441925667,50.01393215744693,19690.390482826235,1930.639035316754
2025-03-19,2025,3,ZIMA,22.72836648914504,50.01393215744693,23306.292938701834,1930.6390412800265
2025-03-19,2025,3,ZIMA,22.288191999926475,50.07681422733529,23189.09236761441,1919.7776327379788
2025-03-19,2025,3,ZIMA,22.351074069814842,50.07681422733529,21189.098457688768,1919.7499931395278
2025-03-19,2025,3,ZIMA,22.41395613970321,50.07681422733529,20022.30305707215,1919.693318446665
2025-03-19,2025,3,ZIMA,22.476838209591577,50.07681422733529,19836.281851330667,1919.6645740432484
2025-03-19,2025,3,ZIMA,22.539720279479937,50.07681422733529,20657.54689047746,1922.9612289907018
2025-03-19,2025,3,ZIMA,22.602602349368304,50.07681422733529,22375.459932273214,1932.1425422825682
2025-03-19,2025,3,ZIMA,22.66548441925667,50.07681422733529,24804.416123765553,1932.2555727863064
2025-03-20,2025,3,ZIMA,22.354575845314294,49.703023583504546,23001.98911035394,1914.8272875401926
2025-03-20,2025,3,ZIMA,22.417457915202657,49.703023583504546,21975.346455526636,1917.3358423636184
2025-03-20,2025,3,ZIMA,22.480339985091025,49.703023583504546,21856.94974519855,1917.338481703028
2025-03-20,2025,3,ZIMA,22.543222054979392,49.703023583504546,22661.03902923717,1917.3384801142352
2025-03-20,2025,3,ZIMA,22.60610412486776,49.703023583504546,24296.198188144805,1912.0162371810181
2025-03-20,2025,3,ZIMA,22.291693775425927,49.765905653392906,18978.031889389276,1924.229278183763
2025-03-20,2025,3,ZIMA,22.354575845314294,49.765905653392906,16526.233661248294,1924.4544808539483
2025-03-20,2025,3,ZIMA,22.417457915202657,49.765905653392906,15066.531806853272,1916.7317423709103
2025-03-20,2025,3,ZIMA,22.480339985091025,49.765905653392906,14893.538410765585,1915.433761312874
2025-03-20,2025,3,ZIMA,22.543222054979392,49.765905653392906,16048.91545535083,1916.7147673376096
2025-03-20,2025,3,ZIMA,22.60610412486776,49.765905653392906,18282.53620624142,1917.3385027097797
2025-03-20,2025,3,ZIMA,22.668986194756126,49.765905653392906,21257.1846990577,1917.3385012946069
2025-03-20,2025,3,ZIMA,22.73186826464449,49.765905653392906,24706.637829025414,1912.0162278868484
2025-03-20,2025,3,ZIMA,22.291693775425927,49.82878772328128,14209.525042067644,1923.3487736296145
2025-03-20,2025,3,ZIMA,22.354575845314294,49.82878772328128,10722.583398780149,1923.7568840671788
2025-03-20,2025,3,ZIMA,22.417457915202657,49.82878772328128,8301.649065314678,1924.4349937568732
2025-03-20,2025,3,ZIMA,22.480339985091025,49.82878772328128,7983.807939159483,1916.559135456763
2025-03-20,2025,3,ZIMA,22.543222054979392,49.82878772328128,9972.220017912965,1914.8273365722737
2025-03-20,2025,3,ZIMA,22.60610412486776,49.82878772328128,13267.61214866327,1916.7649221496088
2025-03-20,2025,3,ZIMA,22.668986194756126,49.82878772328128,17131.67359445209,1917.3384954164974
2025-03-20,2025,3,ZIMA,22.165929635649192,49.89166979316964,20919.391463104264,1926.039193389913
2025-03-20,2025,3,ZIMA,22.22881170553756,49.89166979316964,16405.560705198463,1925.6315565550842
2025-03-20,2025,3,ZIMA,22.291693775425927,49.89166979316964,11895.00110721875,1920.8972924201416
2025-03-20,2025,3,ZIMA,22.354575845314294,49.89166979316964,7393.707934749382,1920.762945314422
2025-03-20,2025,3,ZIMA,22.417457915202657,49.89166979316964,2944.500050124817,1923.1341389385125
2025-03-20,2025,3,ZIMA,22.480339985091025,49.89166979316964,1870.9821680215873,1923.8047205702442
2025-03-20,2025,3,ZIMA,22.543222054979392,49.89166979316964,6257.667310553245,1924.3480963941017
2025-03-20,2025,3,ZIMA,22.60610412486776,49.89166979316964,10753.768425853132,1919.72173115246
2025-03-20,2025,3,ZIMA,22.668986194756126,49.89166979316964,15262.893735083717,1919.8485123762975
2025-03-20,2025,3,ZIMA,22.73186826464449,49.89166979316964,19776.134276070505,1919.9698588128217
2025-03-20,2025,3,ZIMA,22.794750334532857,49.89166979316964,24291.194065453536,1919.969817928078
2025-03-20,2025,3,ZIMA,22.165929635649192,49.954551863058015,21786.570287916154,1930.8821525790468
2025-03-20,2025,3,ZIMA,22.22881170553756,49.954551863058015,17504.14593586278,1928.211408363648
2025-03-20,2025,3,ZIMA,22.291693775425927,49.954551863058015,13375.713008895505,1925.592722188953
2025-03-20,2025,3,ZIMA,22.354575845314294,49.954551863058015,9602.00371929549,1923.091168363805
2025-03-20,2025,3,ZIMA,22.417457915202657,49.954551863058015,6801.584066412853,1920.7883112063919
2025-03-20,2025,3,ZIMA,22.480339985091025,49.954551863058015,6410.8337029859895,1923.163686708789
2025-03-20,2025,3,ZIMA,22.543222054979392,49.954551863058015,8758.432559269975,1923.36975159773
2025-03-20,2025,3,ZIMA,22.60610412486776,49.954551863058015,12373.188316296972,1919.2761238041312
2025-03-20,2025,3,ZIMA,22.668986194756126,49.954551863058015,16439.454591696005,1919.1742046233137
2025-03-20,2025,3,ZIMA,22.73186826464449,49.954551863058015,20692.74432795608,1919.8535346587498
2025-03-20,2025,3,ZIMA,22.165929635649192,50.017433932946375,24688.65400458408,1915.9882812499702
2025-03-20,2025,3,ZIMA,22.22881170553756,50.017433932946375,21011.64844441782,1919.0239725980157
2025-03-20,2025,3,ZIMA,22.291693775425927,50.017433932946375,17724.845643369907,1931.4752387103895
2025-03-20,2025,3,ZIMA,22.354575845314294,50.017433932946375,15085.492177146163,1930.6864629095662
2025-03-20,2025,3,ZIMA,22.417457915202657,50.017433932946375,13479.4325917546,1926.0901716366204
2025-03-20,2025,3,ZIMA,22.480339985091025,50.017433932946375,13286.800817179106,1920.4943584747882
2025-03-20,2025,3,ZIMA,22.543222054979392,50.017433932946375,14563.789322484645,1914.2796928003856
2025-03-20,2025,3,ZIMA,22.60610412486776,50.017433932946375,16982.046877098484,1917.3422760645776
2025-03-20,2025,3,ZIMA,22.668986194756126,50.017433932946375,20134.47338387348,1920.015070628773
2025-03-20,2025,3,ZIMA,22.73186826464449,50.017433932946375,23730.259141340277,1919.8027980614522
2025-03-20,2025,3,ZIMA,22.291693775425927,50.08031600283475,23393.92889056244,1917.2297198113108
2025-03-20,2025,3,ZIMA,22.354575845314294,50.08031600283475,21466.04242459771,1915.9882812499372
2025-03-20,2025,3,ZIMA,22.417457915202657,50.08031600283475,20370.90850265545,1926.8632466773402
2025-03-20,2025,3,ZIMA,22.480339985091025,50.08031600283475,20244.125442972134,1913.6553885863614
2025-03-20,2025,3,ZIMA,22.543222054979392,50.08031600283475,21103.1530005928,1911.9615133170018
2025-03-20,2025,3,ZIMA,22.60610412486776,50.08031600283475,22837.01728511146,1911.2705654253293
2025-03-20,2025,3,ZIMA,22.351074069814842,49.69952180800509,23452.044412270043,1900.110961914
2025-03-20,2025,3,ZIMA,22.41395613970321,49.69952180800509,22395.01771344624,1891.4084029830244
2025-03-20,2025,3,ZIMA,22.476838209591577,49.69952180800509,22227.556145717932,1891.2841141170722
2025-03-20,2025,3,ZIMA,22.539720279479937,49.69952180800509,22969.12425616453,1892.2552700452081
2025-03-20,2025,3,ZIMA,22.602602349368304,49.69952180800509,24537.443721451007,1898.0778208062209
2025-03-20,2025,3,ZIMA,22.225309930038108,49.76240387789346,22542.784189467628,1898.800168781897
2025-03-20,2025,3,ZIMA,22.288191999926475,49.76240387789346,19439.794954990113,1898.5856910379955
2025-03-20,2025,3,ZIMA,22.351074069814842,49.76240387789346,16987.360292640155,1898.6472063846388
2025-03-20,2025,3,ZIMA,22.41395613970321,49.76240387789346,15497.464920780965,1898.5131965169785
2025-03-20,2025,3,ZIMA,22.476838209591577,49.76240387789346,15254.786361490895,1898.1943911085243
2025-03-20,2025,3,ZIMA,22.539720279479937,49.76240387789346,16315.073828270395,1903.6125811925722
2025-03-20,2025,3,ZIMA,22.602602349368304,49.76240387789346,18455.106028910457,1905.7429791189863
2025-03-20,2025,3,ZIMA,22.66548441925667,49.76240387789346,21352.669999731086,1905.5916713770798
2025-03-20,2025,3,ZIMA,22.72836648914504,49.76240387789346,24743.046081811666,1911.531275810575
2025-03-20,2025,3,ZIMA,22.16242786014974,49.82528594778182,22699.863401704264,1904.914566129819
2025-03-20,2025,3,ZIMA,22.225309930038108,49.82528594778182,18555.257733334394,1903.8023607902728
2025-03-20,2025,3,ZIMA,22.288191999926475,49.82528594778182,14635.38638075111,1903.2786136522202
2025-03-20,2025,3,ZIMA,22.351074069814842,49.82528594778182,11179.210694185098,1901.8160673310836
2025-03-20,2025,3,ZIMA,22.41395613970321,49.82528594778182,8754.330853999618,1901.0668430449705
2025-03-20,2025,3,ZIMA,22.476838209591577,49.82528594778182,8317.75525363363,1901.33713984345
2025-03-20,2025,3,ZIMA,22.539720279479937,49.82528594778182,10129.901392570879,1908.6428084730567
2025-03-20,2025,3,ZIMA,22.602602349368304,49.82528594778182,13301.431085979808,1908.9449684208203
2025-03-20,2025,3,ZIMA,22.66548441925667,49.82528594778182,17091.651306454667,1909.0017583529502
2025-03-20,2025,3,ZIMA,22.72836648914504,49.82528594778182,21170.83415196752,1915.0039010526018
2025-03-20,2025,3,ZIMA,22.16242786014974,49.888168017670196,21190.035965077823,1906.7416376276913
2025-03-20,2025,3,ZIMA,22.225309930038108,49.888168017670196,16680.922447759407,1907.0003589401438
2025-03-20,2025,3,ZIMA,22.288191999926475,49.888168017670196,12178.621349547338,1907.0009765625286
2025-03-20,2025,3,ZIMA,22.351074069814842,49.888168017670196,7695.105499165169,1905.7535726408087
2025-03-20,2025,3,ZIMA,22.41395613970321,49.888168017670196,3307.677345066955,1905.459350585962
2025-03-20,2025,3,ZIMA,22.476838209591577,49.888168017670196,1870.0521936467014,1905.4593505859661
2025-03-20,2025,3,ZIMA,22.539720279479937,49.888168017670196,6073.198666981766,1914.09411848656
2025-03-20,2025,3,ZIMA,22.602602349368304,49.888168017670196,10540.42966692191,1913.7492098048347
2025-03-20,2025,3,ZIMA,22.66548441925667,49.888168017670196,15038.210857955384,1912.769329849978
2025-03-20,2025,3,ZIMA,22.72836648914504,49.888168017670196,19545.46099596916,1908.8300370537168
2025-03-20,2025,3,ZIMA,22.791248559033406,49.888168017670196,24056.856130994598,1908.875118534344
2025-03-20,2025,3,ZIMA,22.16242786014974,49.951050087558556,21922.34246452262,1899.6137695312202
2025-03-20,2025,3,ZIMA,22.225309930038108,49.951050087558556,17608.139880996303,1899.6934042085534
2025-03-20,2025,3,ZIMA,22.288191999926475,49.951050087558556,13426.88056594184,1900.7994443809132
2025-03-20,2025,3,ZIMA,22.351074069814842,49.951050087558556,9554.726699622017,1907.6516309100823
2025-03-20,2025,3,ZIMA,22.41395613970321,49.951050087558556,6563.667205010626,1907.5294383969763
2025-03-20,2025,3,ZIMA,22.476838209591577,49.951050087558556,5970.578357647499,1907.4614203447481
2025-03-20,2025,3,ZIMA,22.539720279479937,49.951050087558556,8306.079006660024,1912.3527721164537
2025-03-20,2025,3,ZIMA,22.602602349368304,49.951050087558556,11962.915358252178,1912.4639810923354
2025-03-20,2025,3,ZIMA,22.66548441925667,49.951050087558556,16062.65624984055,1911.969558449956
2025-03-20,2025,3,ZIMA,22.72836648914504,49.951050087558556,20339.21309497792,1910.6748227240996
2025-03-20,2025,3,ZIMA,22.791248559033406,49.951050087558556,24700.915289333472,1910.6019698300345
2025-03-20,2025,3,ZIMA,22.16242786014974,50.01393215744693,24698.211293128992,1911.3170414832816
2025-03-20,2025,3,ZIMA,22.225309930038108,50.01393215744693,20968.579444434803,1911.2328639596435
2025-03-20,2025,3,ZIMA,22.288191999926475,50.01393215744693,17609.230664409366,1913.2863532910155
2025-03-20,2025,3,ZIMA,22.351074069814842,50.01393215744693,14873.22360287433,1914.5399177618563
2025-03-20,2025,3,ZIMA,22.41395613970321,50.01393215744693,13155.403252170625,1914.2900833049812
2025-03-20,2025,3,ZIMA,22.476838209591577,50.01393215744693,12870.136155172722,1912.9459133012774
2025-03-20,2025,3,ZIMA,22.539720279479937,50.01393215744693,14104.610591217597,1910.3785141952724
2025-03-20,2025,3,ZIMA,22.602602349368304,50.01393215744693,16521.613265744996,1910.3640245500878
2025-03-20,2025,3,ZIMA,22.66548441925667,50.01393215744693,19690.390482826235,1911.0537822349152
2025-03-20,2025,3,ZIMA,22.72836648914504,50.01393215744693,23306.292938701834,1910.7557551222017
2025-03-20,2025,3,ZIMA,22.288191999926475,50.07681422733529,23189.09236761441,1914.851326430251
2025-03-20,2025,3,ZIMA,22.351074069814842,50.07681422733529,21189.098457688768,1915.5776352144119
2025-03-20,2025,3,ZIMA,22.41395613970321,50.07681422733529,20022.30305707215,1915.966426906304
2025-03-20,2025,3,ZIMA,22.476838209591577,50.07681422733529,19836.281851330667,1913.2307166780085
2025-03-20,2025,3,ZIMA,22.539720279479937,50.07681422733529,20657.54689047746,1910.8201472868698
2025-03-20,2025,3,ZIMA,22.602602349368304,50.07681422733529,22375.459932273214,1911.6258845489363
2025-03-20,2025,3,ZIMA,22.66548441925667,50.07681422733529,24804.416123765553,1915.3725531301845
2025-03-21,2025,3,ZIMA,22.354575845314294,49.69952180800509,23371.391012607663,1875.5076916601513
2025-03-21,2025,3,ZIMA,22.417457915202657,49.69952180800509,22361.640058020268,1867.5423335189826
2025-03-21,2025,3,ZIMA,22.480339985091025,49.69952180800509,22245.2910319783,1885.8910040158478
2025-03-21,2025,3,ZIMA,22.543222054979392,49.69952180800509,23035.884730309586,1887.1759207041496
2025-03-21,2025,3,ZIMA,22.60610412486776,49.69952180800509,24646.299142270702,1876.7183837891312
2025-03-21,2025,3,ZIMA,22.22881170553756,49.76240387789346,22357.240643962203,1884.4276438505924
2025-03-21,2025,3,ZIMA,22.291693775425927,49.76240387789346,19283.52600904167,1882.1557232975997
2025-03-21,2025,3,ZIMA,22.354575845314294,49.76240387789346,16875.983395697032,1874.4025750622707
2025-03-21,2025,3,ZIMA,22.417457915202657,49.76240387789346,15449.254885918082,1869.0079518176601
2025-03-21,2025,3,ZIMA,22.480339985091025,49.76240387789346,15280.582736033293,1891.4921002947565
2025-03-21,2025,3,ZIMA,22.543222054979392,49.76240387789346,16408.80813967663,1889.9651533495548
2025-03-21,2025,3,ZIMA,22.60610412486776,49.76240387789346,18599.40714762564,1883.1169151399724
2025-03-21,2025,3,ZIMA,22.668986194756126,49.76240387789346,21530.517461289655,1883.0284860282793
2025-03-21,2025,3,ZIMA,22.165929635649192,49.82528594778182,22465.239064481284,1884.5630013937798
2025-03-21,2025,3,ZIMA,22.22881170553756,49.82528594778182,18329.687783427857,1886.0530613214219
2025-03-21,2025,3,ZIMA,22.291693775425927,49.82528594778182,14427.442708710765,1886.904993047647
2025-03-21,2025,3,ZIMA,22.354575845314294,49.82528594778182,11009.451858717412,1884.9517901944032
2025-03-21,2025,3,ZIMA,22.417457915202657,49.82528594778182,8668.811688531829,1883.8910414339284
2025-03-21,2025,3,ZIMA,22.480339985091025,49.82528594778182,8364.910925655025,1887.0939484897908
2025-03-21,2025,3,ZIMA,22.543222054979392,49.82528594778182,10279.994621733003,1886.182028337661
2025-03-21,2025,3,ZIMA,22.60610412486776,49.82528594778182,13500.672840002302,1883.575932489757
2025-03-21,2025,3,ZIMA,22.668986194756126,49.82528594778182,17313.039839930232,1893.1104305548984
2025-03-21,2025,3,ZIMA,22.73186826464449,49.82528594778182,21403.217561258676,1909.1120390257481
2025-03-21,2025,3,ZIMA,22.165929635649192,49.888168017670196,20938.828431125166,1881.9034125520861
2025-03-21,2025,3,ZIMA,22.22881170553756,49.888168017670196,16429.967383078936,1879.8878784887936
2025-03-21,2025,3,ZIMA,22.291693775425927,49.888168017670196,11928.253055981215,1876.4722142897979
2025-03-21,2025,3,ZIMA,22.354575845314294,49.888168017670196,7446.66397724712,1874.4208230389463
2025-03-21,2025,3,ZIMA,22.417457915202657,49.888168017670196,3074.514721122871,1889.883713325693
2025-03-21,2025,3,ZIMA,22.480339985091025,49.888168017670196,2069.4834926347785,1888.8897794908064
2025-03-21,2025,3,ZIMA,22.543222054979392,49.888168017670196,6320.060558431165,1894.9650851478018
2025-03-21,2025,3,ZIMA,22.60610412486776,49.888168017670196,10790.451090415234,1896.5302218479815
2025-03-21,2025,3,ZIMA,22.668986194756126,49.888168017670196,15289.038980818357,1912.924118170987
2025-03-21,2025,3,ZIMA,22.73186826464449,49.888168017670196,19796.60873250256,1910.7293970678863
2025-03-21,2025,3,ZIMA,22.794750334532857,49.888168017670196,24308.16192807342,1898.9332928048739
2025-03-21,2025,3,ZIMA,22.165929635649192,49.951050087558556,21679.93924257712,1880.362889441384
2025-03-21,2025,3,ZIMA,22.22881170553756,49.951050087558556,17370.89647818328,1880.0890319074547
2025-03-21,2025,3,ZIMA,22.291693775425927,49.951050087558556,13200.506447282789,1880.684258918711
2025-03-21,2025,3,ZIMA,22.354575845314294,49.951050087558556,9356.05959577829,1879.7576425435404
2025-03-21,2025,3,ZIMA,22.417457915202657,49.951050087558556,6449.463503522993,1900.3273531324455
2025-03-21,2025,3,ZIMA,22.480339985091025,49.951050087558556,6035.92968457141,1899.5554493838683
2025-03-21,2025,3,ZIMA,22.543222054979392,49.951050087558556,8488.014515583563,1899.8742675781941
2025-03-21,2025,3,ZIMA,22.60610412486776,49.951050087558556,12183.496529160348,1904.1980198869298
2025-03-21,2025,3,ZIMA,22.668986194756126,49.951050087558556,16297.422058664732,1911.4938365145952
2025-03-21,2025,3,ZIMA,22.73186826464449,49.951050087558556,20580.364897815263,1905.9809296565716
2025-03-21,2025,3,ZIMA,22.165929635649192,50.01393215744693,24483.587887641654,1888.744566008397
2025-03-21,2025,3,ZIMA,22.22881170553756,50.01393215744693,20770.01666928234,1889.0549247209499
2025-03-21,2025,3,ZIMA,22.291693775425927,50.01393215744693,17437.462940627076,1893.0792236328818
2025-03-21,2025,3,ZIMA,22.354575845314294,50.01393215744693,14746.549875526754,1893.9388075085521
2025-03-21,2025,3,ZIMA,22.417457915202657,50.01393215744693,13098.87114480219,1910.6450800615721
2025-03-21,2025,3,ZIMA,22.480339985091025,50.01393215744693,12900.543537993839,1893.8512830826085
2025-03-21,2025,3,ZIMA,22.543222054979392,50.01393215744693,14212.371125290249,1893.759827057043
2025-03-21,2025,3,ZIMA,22.60610412486776,50.01393215744693,16681.816476025313,1907.5989293527557
2025-03-21,2025,3,ZIMA,22.668986194756126,50.01393215744693,19882.117986891742,1907.4320312222403
2025-03-21,2025,3,ZIMA,22.73186826464449,50.01393215744693,23516.765613865737,1898.366602104448
2025-03-21,2025,3,ZIMA,22.291693775425927,50.07681422733529,23059.097543008764,1892.158667112446
2025-03-21,2025,3,ZIMA,22.354575845314294,50.07681422733529,21100.49163971171,1897.320322605581
2025-03-21,2025,3,ZIMA,22.417457915202657,50.07681422733529,19985.253244146686,1907.5648233111842
2025-03-21,2025,3,ZIMA,22.480339985091025,50.07681422733529,19855.998443066313,1892.5543147153044
2025-03-21,2025,3,ZIMA,22.543222054979392,50.07681422733529,20731.177284802678,1892.7957204558356
2025-03-21,2025,3,ZIMA,22.60610412486776,50.07681422733529,22493.85589765938,1908.9391071249975
2025-03-22,2025,3,ZIMA,22.354575845314294,49.703023583504546,23001.98911035394,1874.0011950020282
2025-03-22,2025,3,ZIMA,22.417457915202657,49.703023583504546,21975.346455526636,1877.9467101499504
2025-03-22,2025,3,ZIMA,22.480339985091025,49.703023583504546,21856.94974519855,1883.0293387976296
2025-03-22,2025,3,ZIMA,22.543222054979392,49.703023583504546,22661.03902923717,1886.2101036270533
2025-03-22,2025,3,ZIMA,22.60610412486776,49.703023583504546,24296.198188144805,1888.9612131991491
2025-03-22,2025,3,ZIMA,22.22881170553756,49.765905653392906,22094.07877149692,1871.7868012896176
2025-03-22,2025,3,ZIMA,22.291693775425927,49.765905653392906,18978.031889389276,1878.453893306456
2025-03-22,2025,3,ZIMA,22.354575845314294,49.765905653392906,16526.233661248294,1880.6531657684752
2025-03-22,2025,3,ZIMA,22.417457915202657,49.765905653392906,15066.531806853272,1884.963673991324
2025-03-22,2025,3,ZIMA,22.480339985091025,49.765905653392906,14893.538410765585,1888.4805485120983
2025-03-22,2025,3,ZIMA,22.543222054979392,49.765905653392906,16048.91545535083,1896.5741833987854
2025-03-22,2025,3,ZIMA,22.60610412486776,49.765905653392906,18282.53620624142,1893.4117589218633
2025-03-22,2025,3,ZIMA,22.668986194756126,49.765905653392906,21257.1846990577,1892.9333971435408
2025-03-22,2025,3,ZIMA,22.73186826464449,49.765905653392906,24706.637829025414,1904.8051460566528
2025-03-22,2025,3,ZIMA,22.165929635649192,49.82878772328128,22325.43538520545,1886.8158024468305
2025-03-22,2025,3,ZIMA,22.22881170553756,49.82878772328128,18158.406619754358,1879.2214512510768
2025-03-22,2025,3,ZIMA,22.291693775425927,49.82878772328128,14209.525042067644,1893.1220095471258
2025-03-22,2025,3,ZIMA,22.354575845314294,49.82878772328128,10722.583398780149,1894.4908692996676
2025-03-22,2025,3,ZIMA,22.417457915202657,49.82878772328128,8301.649065314678,1890.9735308218133
2025-03-22,2025,3,ZIMA,22.480339985091025,49.82878772328128,7983.807939159483,1892.1681540506224
2025-03-22,2025,3,ZIMA,22.543222054979392,49.82878772328128,9972.220017912965,1895.8399932048508
2025-03-22,2025,3,ZIMA,22.60610412486776,49.82878772328128,13267.61214866327,1895.6032570945395
2025-03-22,2025,3,ZIMA,22.668986194756126,49.82878772328128,17131.67359445209,1895.5411066567938
2025-03-22,2025,3,ZIMA,22.73186826464449,49.82878772328128,21256.509218593656,1905.9461105490427
2025-03-22,2025,3,ZIMA,22.165929635649192,49.89166979316964,20919.391463104264,1870.439399986989
2025-03-22,2025,3,ZIMA,22.22881170553756,49.89166979316964,16405.560705198463,1871.132991010259
2025-03-22,2025,3,ZIMA,22.291693775425927,49.89166979316964,11895.00110721875,1889.4313676525653
2025-03-22,2025,3,ZIMA,22.354575845314294,49.89166979316964,7393.707934749382,1888.2722037935273
2025-03-22,2025,3,ZIMA,22.417457915202657,49.89166979316964,2944.500050124817,1880.0975103256353
2025-03-22,2025,3,ZIMA,22.480339985091025,49.89166979316964,1870.9821680215873,1902.450283258373
2025-03-22,2025,3,ZIMA,22.543222054979392,49.89166979316964,6257.667310553245,1902.4969417902623
2025-03-22,2025,3,ZIMA,22.60610412486776,49.89166979316964,10753.768425853132,1902.4061146906574
2025-03-22,2025,3,ZIMA,22.668986194756126,49.89166979316964,15262.893735083717,1905.7896828713306
2025-03-22,2025,3,ZIMA,22.73186826464449,49.89166979316964,19776.134276070505,1913.817343332666
2025-03-22,2025,3,ZIMA,22.794750334532857,49.89166979316964,24291.194065453536,1901.8874911858745
2025-03-22,2025,3,ZIMA,22.165929635649192,49.954551863058015,21786.570287916154,1869.7677560297727
2025-03-22,2025,3,ZIMA,22.22881170553756,49.954551863058015,17504.14593586278,1877.2060147257453
2025-03-22,2025,3,ZIMA,22.291693775425927,49.954551863058015,13375.713008895505,1888.6269464131353
2025-03-22,2025,3,ZIMA,22.354575845314294,49.954551863058015,9602.00371929549,1886.7198097521336
2025-03-22,2025,3,ZIMA,22.417457915202657,49.954551863058015,6801.584066412853,1885.7107912766369
2025-03-22,2025,3,ZIMA,22.480339985091025,49.954551863058015,6410.8337029859895,1901.2325224196916
2025-03-22,2025,3,ZIMA,22.543222054979392,49.954551863058015,8758.432559269975,1902.2144012748677
2025-03-22,2025,3,ZIMA,22.60610412486776,49.954551863058015,12373.188316296972,1904.4026116958253
2025-03-22,2025,3,ZIMA,22.668986194756126,49.954551863058015,16439.454591696005,1910.3266600234383
2025-03-22,2025,3,ZIMA,22.73186826464449,49.954551863058015,20692.74432795608,1906.5334987440324
2025-03-22,2025,3,ZIMA,22.165929635649192,50.017433932946375,24688.65400458408,1883.7714632533846
2025-03-22,2025,3,ZIMA,22.22881170553756,50.017433932946375,21011.64844441782,1899.678133024047
2025-03-22,2025,3,ZIMA,22.291693775425927,50.017433932946375,17724.845643369907,1897.8722751818643
2025-03-22,2025,3,ZIMA,22.354575845314294,50.017433932946375,15085.492177146163,1897.2884009005534
2025-03-22,2025,3,ZIMA,22.417457915202657,50.017433932946375,13479.4325917546,1906.137853576915
2025-03-22,2025,3,ZIMA,22.480339985091025,50.017433932946375,13286.800817179106,1904.8491394429132
2025-03-22,2025,3,ZIMA,22.543222054979392,50.017433932946375,14563.789322484645,1905.2864652676612
2025-03-22,2025,3,ZIMA,22.60610412486776,50.017433932946375,16982.046877098484,1906.721983153373
2025-03-22,2025,3,ZIMA,22.668986194756126,50.017433932946375,20134.47338387348,1907.974654840337
2025-03-22,2025,3,ZIMA,22.73186826464449,50.017433932946375,23730.259141340277,1893.5651161423345
2025-03-22,2025,3,ZIMA,22.291693775425927,50.08031600283475,23393.92889056244,1892.3067672966433
2025-03-22,2025,3,ZIMA,22.354575845314294,50.08031600283475,21466.04242459771,1893.775624723841
2025-03-22,2025,3,ZIMA,22.417457915202657,50.08031600283475,20370.90850265545,1907.6010947239124
2025-03-22,2025,3,ZIMA,22.480339985091025,50.08031600283475,20244.125442972134,1902.3260464482912
2025-03-22,2025,3,ZIMA,22.543222054979392,50.08031600283475,21103.1530005928,1903.0600036501373
2025-03-22,2025,3,ZIMA,22.60610412486776,50.08031600283475,22837.01728511146,1910.5534914423456
2025-03-26,2025,3,ZIMA,22.351074069814842,49.69952180800509,23452.044412270043,1867.1625756677997
2025-03-26,2025,3,ZIMA,22.41395613970321,49.69952180800509,22395.01771344624,1870.1787046954173
2025-03-26,2025,3,ZIMA,22.476838209591577,49.69952180800509,22227.556145717932,1865.8714585889943
2025-03-26,2025,3,ZIMA,22.539720279479937,49.69952180800509,22969.12425616453,1857.0679421925963
2025-03-26,2025,3,ZIMA,22.602602349368304,49.69952180800509,24537.443721451007,1877.824454365456
2025-03-26,2025,3,ZIMA,22.225309930038108,49.76240387789346,22542.784189467628,1870.8182483734308
2025-03-26,2025,3,ZIMA,22.288191999926475,49.76240387789346,19439.794954990113,1870.3763939964365
2025-03-26,2025,3,ZIMA,22.351074069814842,49.76240387789346,16987.360292640155,1872.9297997842739
2025-03-26,2025,3,ZIMA,22.41395613970321,49.76240387789346,15497.464920780965,1870.2928679959748
2025-03-26,2025,3,ZIMA,22.476838209591577,49.76240387789346,15254.786361490895,1863.2517134729817
2025-03-26,2025,3,ZIMA,22.539720279479937,49.76240387789346,16315.073828270395,1861.6139815147312
2025-03-26,2025,3,ZIMA,22.602602349368304,49.76240387789346,18455.106028910457,1878.877685546919
2025-03-26,2025,3,ZIMA,22.66548441925667,49.76240387789346,21352.669999731086,1878.8679667051829
2025-03-26,2025,3,ZIMA,22.72836648914504,49.76240387789346,24743.046081811666,1881.0198776868974
2025-03-26,2025,3,ZIMA,22.16242786014974,49.82528594778182,22699.863401704264,1875.7045979705995
2025-03-26,2025,3,ZIMA,22.225309930038108,49.82528594778182,18555.257733334394,1874.524902243875
2025-03-26,2025,3,ZIMA,22.288191999926475,49.82528594778182,14635.38638075111,1877.0942136433853
2025-03-26,2025,3,ZIMA,22.351074069814842,49.82528594778182,11179.210694185098,1880.6575952832775
2025-03-26,2025,3,ZIMA,22.41395613970321,49.82528594778182,8754.330853999618,1878.2538426003473
2025-03-26,2025,3,ZIMA,22.476838209591577,49.82528594778182,8317.75525363363,1870.2702636719357
2025-03-26,2025,3,ZIMA,22.539720279479937,49.82528594778182,10129.901392570879,1870.7908192306252
2025-03-26,2025,3,ZIMA,22.602602349368304,49.82528594778182,13301.431085979808,1879.029525192738
2025-03-26,2025,3,ZIMA,22.66548441925667,49.82528594778182,17091.651306454667,1879.01568207219
2025-03-26,2025,3,ZIMA,22.72836648914504,49.82528594778182,21170.83415196752,1884.141189935429
2025-03-26,2025,3,ZIMA,22.16242786014974,49.888168017670196,21190.035965077823,1866.400883924911
2025-03-26,2025,3,ZIMA,22.225309930038108,49.888168017670196,16680.922447759407,1866.4029541014897
2025-03-26,2025,3,ZIMA,22.288191999926475,49.888168017670196,12178.621349547338,1871.4679604739554
2025-03-26,2025,3,ZIMA,22.351074069814842,49.888168017670196,7695.105499165169,1871.7682095520656
2025-03-26,2025,3,ZIMA,22.41395613970321,49.888168017670196,3307.677345066955,1872.7458598274434
2025-03-26,2025,3,ZIMA,22.476838209591577,49.888168017670196,1870.0521936467014,1870.6579040688991
2025-03-26,2025,3,ZIMA,22.539720279479937,49.888168017670196,6073.198666981766,1880.9660352409946
2025-03-26,2025,3,ZIMA,22.602602349368304,49.888168017670196,10540.42966692191,1887.6218692039938
2025-03-26,2025,3,ZIMA,22.66548441925667,49.888168017670196,15038.210857955384,1888.7209516073567
2025-03-26,2025,3,ZIMA,22.72836648914504,49.888168017670196,19545.46099596916,1890.3958853591398
2025-03-26,2025,3,ZIMA,22.791248559033406,49.888168017670196,24056.856130994598,1890.2844757408075
2025-03-26,2025,3,ZIMA,22.16242786014974,49.951050087558556,21922.34246452262,1865.3025341533603
2025-03-26,2025,3,ZIMA,22.225309930038108,49.951050087558556,17608.139880996303,1865.395340247352
2025-03-26,2025,3,ZIMA,22.288191999926475,49.951050087558556,13426.88056594184,1877.431891192576
2025-03-26,2025,3,ZIMA,22.351074069814842,49.951050087558556,9554.726699622017,1876.7527083227278
2025-03-26,2025,3,ZIMA,22.41395613970321,49.951050087558556,6563.667205010626,1879.476595415301
2025-03-26,2025,3,ZIMA,22.476838209591577,49.951050087558556,5970.578357647499,1879.1373295453234
2025-03-26,2025,3,ZIMA,22.539720279479937,49.951050087558556,8306.079006660024,1886.9471998850738
2025-03-26,2025,3,ZIMA,22.602602349368304,49.951050087558556,11962.915358252178,1887.4946855608953
2025-03-26,2025,3,ZIMA,22.66548441925667,49.951050087558556,16062.65624984055,1889.2397245678658
2025-03-26,2025,3,ZIMA,22.72836648914504,49.951050087558556,20339.21309497792,1889.8909912108716
2025-03-26,2025,3,ZIMA,22.791248559033406,49.951050087558556,24700.915289333472,1886.7926221833409
2025-03-26,2025,3,ZIMA,22.16242786014974,50.01393215744693,24698.211293128992,1870.1002456067683
2025-03-26,2025,3,ZIMA,22.225309930038108,50.01393215744693,20968.579444434803,1874.4631644945116
2025-03-26,2025,3,ZIMA,22.288191999926475,50.01393215744693,17609.230664409366,1893.6782566258191
2025-03-26,2025,3,ZIMA,22.351074069814842,50.01393215744693,14873.22360287433,1893.1341527067677
2025-03-26,2025,3,ZIMA,22.41395613970321,50.01393215744693,13155.403252170625,1890.288537245802
2025-03-26,2025,3,ZIMA,22.476838209591577,50.01393215744693,12870.136155172722,1890.2879638672566
2025-03-26,2025,3,ZIMA,22.539720279479937,50.01393215744693,14104.610591217597,1893.255548605733
2025-03-26,2025,3,ZIMA,22.602602349368304,50.01393215744693,16521.613265744996,1888.7024229531212
2025-03-26,2025,3,ZIMA,22.66548441925667,50.01393215744693,19690.390482826235,1883.7905466779819
2025-03-26,2025,3,ZIMA,22.72836648914504,50.01393215744693,23306.292938701834,1884.1307557135158
2025-03-26,2025,3,ZIMA,22.288191999926475,50.07681422733529,23189.09236761441,1897.9984568051993
2025-03-26,2025,3,ZIMA,22.351074069814842,50.07681422733529,21189.098457688768,1895.9549265271435
2025-03-26,2025,3,ZIMA,22.41395613970321,50.07681422733529,20022.30305707215,1890.4786783782695
2025-03-26,2025,3,ZIMA,22.476838209591577,50.07681422733529,19836.281851330667,1890.469033933088
2025-03-26,2025,3,ZIMA,22.539720279479937,50.07681422733529,20657.54689047746,1891.2795726997454
2025-03-26,2025,3,ZIMA,22.602602349368304,50.07681422733529,22375.459932273214,1886.0060520516533
2025-03-26,2025,3,ZIMA,22.66548441925667,50.07681422733529,24804.416123765553,1883.4993427589056
2025-06-01,2025,6,LATO,22.784245008034503,49.89166979316964,23536.808419606954,1870.7375075018035
2025-06-01,2025,6,LATO,22.784245008034503,49.954551863058015,24307.690331532653,1870.737486390645
2025-06-04,2025,6,LATO,22.337066967817037,49.69952180800509,23798.642779824004,1869.6602225911035
2025-06-04,2025,6,LATO,22.211302828040303,49.76240387789346,23297.43014966018,1876.703620260712
2025-06-04,2025,6,LATO,22.274184897928663,49.76240387789346,20084.325581679834,1873.6891332567666
2025-06-04,2025,6,LATO,22.337066967817037,49.76240387789346,17462.138504798262,1872.4202911590528
2025-06-04,2025,6,LATO,22.14842075815193,49.82528594778182,23641.89018325943,1877.9294433593707
2025-06-04,2025,6,LATO,22.211302828040303,49.82528594778182,19463.96616925134,1878.170026358153
2025-06-04,2025,6,LATO,22.274184897928663,49.82528594778182,15480.184497359925,1877.3604482183184
2025-06-04,2025,6,LATO,22.14842075815193,49.888168017670196,22194.95834228595,1879.8875575692061
2025-06-04,2025,6,LATO,22.211302828040303,49.888168017670196,17684.930267546475,1874.613401899754
2025-06-04,2025,6,LATO,22.274184897928663,49.888168017670196,13180.569477918174,1874.6134076062046
2025-06-04,2025,6,LATO,22.14842075815193,49.951050087558556,22893.907202909,1874.7150886617185
2025-06-04,2025,6,LATO,22.7772414570356,49.951050087558556,23724.361235882607,1892.178494204107
2025-06-04,2025,6,LATO,22.651477317258866,50.01393215744693,18937.41900727087,1880.8581661999283
2025-06-04,2025,6,LATO,22.714359387147226,50.01393215744693,22472.79028849216,1880.8581606677556
2025-06-04,2025,6,LATO,22.651477317258866,50.07681422733529,24211.80329746599,1878.394362269493
2025-06-05,2025,6,LATO,22.337066967817037,49.703023583504546,23435.94535299783,1845.484970672698
2025-06-05,2025,6,LATO,22.399949037705397,49.703023583504546,22173.310884549213,1841.743227493946
2025-06-05,2025,6,LATO,22.46283110759377,49.703023583504546,21795.732838383163,1836.2718221610608
2025-06-05,2025,6,LATO,22.52571317748213,49.703023583504546,22348.115225202644,1837.387810476622
2025-06-05,2025,6,LATO,22.588595247370506,49.703023583504546,23765.702793344415,1840.9237844481563
2025-06-05,2025,6,LATO,22.211302828040303,49.765905653392906,23044.940206446532,1858.4846785721354
2025-06-05,2025,6,LATO,22.274184897928663,49.765905653392906,19791.139041156755,1852.9487343241738
2025-06-05,2025,6,LATO,22.337066967817037,49.765905653392906,17124.322354940865,1854.0057180265023
2025-06-05,2025,6,LATO,22.399949037705397,49.765905653392906,15353.46715675865,1852.1477630688653
2025-06-05,2025,6,LATO,22.46283110759377,49.765905653392906,14803.670401760957,1845.7174263736854
2025-06-05,2025,6,LATO,22.52571317748213,49.765905653392906,15604.532676742472,1847.7196424370352
2025-06-05,2025,6,LATO,22.588595247370506,49.765905653392906,17572.348165759362,1869.1789368366822
2025-06-05,2025,6,LATO,22.651477317258866,49.765905653392906,20371.71370341612,1860.711112743334
2025-06-05,2025,6,LATO,22.714359387147226,49.765905653392906,23709.899247344183,1861.1054134588123
2025-06-05,2025,6,LATO,22.14842075815193,49.82878772328128,23509.001546003838,1859.7571310702776
2025-06-05,2025,6,LATO,22.211302828040303,49.82878772328128,19302.672401242962,1861.399976222287
2025-06-05,2025,6,LATO,22.274184897928663,49.82878772328128,15277.216372643947,1861.643920898433
2025-06-05,2025,6,LATO,22.337066967817037,49.82878772328128,11622.125849843118,1850.7860160945752
2025-06-05,2025,6,LATO,22.399949037705397,49.82878772328128,8811.053425103102,1852.9349053674612
2025-06-05,2025,6,LATO,22.46283110759377,49.82878772328128,7815.101725436394,1852.9269725728914
2025-06-05,2025,6,LATO,22.52571317748213,49.82878772328128,9241.055230812668,1855.1300030152067
2025-06-05,2025,6,LATO,22.588595247370506,49.82878772328128,12271.867329400819,1861.1888013490757
2025-06-05,2025,6,LATO,22.651477317258866,49.82878772328128,16021.258563246713,1865.1898244106267
2025-06-05,2025,6,LATO,22.714359387147226,49.82878772328128,20090.86840189349,1863.6021291394006
2025-06-05,2025,6,LATO,22.7772414570356,49.82878772328128,24320.4729780271,1870.0963128459562
2025-06-05,2025,6,LATO,22.14842075815193,49.89166979316964,22176.533966168987,1854.476562065867
2025-06-05,2025,6,LATO,22.211302828040303,49.89166979316964,17662.170160851372,1850.2035930429402
2025-06-05,2025,6,LATO,22.274184897928663,49.89166979316964,13150.397981968348,1849.5355444824725
2025-06-05,2025,6,LATO,22.337066967817037,49.89166979316964,8645.281580533669,1837.079100290837
2025-06-05,2025,6,LATO,22.399949037705397,49.89166979316964,4168.4653838731665,1841.4195194048564
2025-06-05,2025,6,LATO,22.46283110759377,49.89166979316964,915.7735323810977,1846.508234954572
2025-06-05,2025,6,LATO,22.52571317748213,49.89166979316964,5012.8341822749335,1866.6749761560038
2025-06-05,2025,6,LATO,22.588595247370506,49.89166979316964,9499.773366756152,1865.5865768203312
2025-06-05,2025,6,LATO,22.651477317258866,49.89166979316964,14006.789569911276,1872.1405119836222
2025-06-05,2025,6,LATO,22.714359387147226,49.89166979316964,18519.228167731453,1870.3152604468937
2025-06-05,2025,6,LATO,22.7772414570356,49.89166979316964,23033.900325477673,1870.8888097526105
2025-06-05,2025,6,LATO,22.14842075815193,49.954551863058015,22994.824269715486,1854.4765830942836
2025-06-05,2025,6,LATO,22.337066967817037,49.954551863058015,10594.637249937323,1841.5231393004042
2025-06-05,2025,6,LATO,22.399949037705397,49.954551863058015,7413.245892451485,1852.4350620222183
2025-06-05,2025,6,LATO,22.46283110759377,49.954551863058015,6200.026734374416,1854.1152595946432
2025-06-05,2025,6,LATO,22.52571317748213,49.954551863058015,7918.239441228203,1873.0534667969434
2025-06-05,2025,6,LATO,22.588595247370506,49.954551863058015,11301.812859466689,1871.574284171
2025-06-05,2025,6,LATO,22.651477317258866,49.954551863058015,15281.939992676336,1871.4369197922376
2025-06-05,2025,6,LATO,22.714359387147226,49.954551863058015,19496.629429511904,1868.255069609142
2025-06-05,2025,6,LATO,22.7772414570356,49.954551863058015,23821.701564440966,1866.780874161258
2025-06-05,2025,6,LATO,22.337066967817037,50.017433932946375,15735.112606983354,1862.6829930431195
2025-06-05,2025,6,LATO,22.399949037705397,50.017433932946375,13797.768999143414,1861.3635657586092
2025-06-05,2025,6,LATO,22.46283110759377,50.017433932946375,13186.511359927295,1876.7978872722642
2025-06-05,2025,6,LATO,22.52571317748213,50.017433932946375,14075.177645224507,1873.368931087152
2025-06-05,2025,6,LATO,22.588595247370506,50.017433932946375,16219.068898947891,1868.517584100605
2025-06-05,2025,6,LATO,22.651477317258866,50.017433932946375,19202.26311576868,1862.5146703330527
2025-06-05,2025,6,LATO,22.714359387147226,50.017433932946375,22696.183105903077,1860.1339584443676
2025-06-05,2025,6,LATO,22.274184897928663,50.08031600283475,24054.002161830544,1846.2226158866865
2025-06-05,2025,6,LATO,22.337066967817037,50.08031600283475,21926.844631874275,1847.1110227058475
2025-06-05,2025,6,LATO,22.399949037705397,50.08031600283475,20582.660303117143,1851.473587949756
2025-06-05,2025,6,LATO,22.46283110759377,50.08031600283475,20178.530303468786,1875.5825169053821
2025-06-05,2025,6,LATO,22.52571317748213,50.08031600283475,20769.400725010888,1873.3161621094434
2025-06-05,2025,6,LATO,22.588595247370506,50.08031600283475,22276.237062725868,1873.1128400951866
2025-06-05,2025,6,LATO,22.651477317258866,50.08031600283475,24530.825063316166,1856.0889530306436
2025-06-06,2025,6,LATO,22.337066967817037,49.703023583504546,23435.94535299783,1827.2109882386826
2025-06-06,2025,6,LATO,22.211302828040303,49.765905653392906,23044.940206446532,1836.861928555955
2025-06-06,2025,6,LATO,22.274184897928663,49.765905653392906,19791.139041156755,1836.8619441417054
2025-06-06,2025,6,LATO,22.211302828040303,49.82878772328128,19302.672401242962,1836.861896030217
2025-06-06,2025,6,LATO,22.274184897928663,49.82878772328128,15277.216372643947,1836.8618923094707
2025-06-06,2025,6,LATO,22.52571317748213,49.89166979316964,5012.8341822749335,1887.5938566151224
2025-06-06,2025,6,LATO,22.588595247370506,49.89166979316964,9499.773366756152,1887.5938600968539
2025-06-06,2025,6,LATO,22.46283110759377,49.954551863058015,6200.026734374416,1887.5938774979616
2025-06-06,2025,6,LATO,22.52571317748213,49.954551863058015,7918.239441228203,1887.5938745432866
2025-06-06,2025,6,LATO,22.588595247370506,49.954551863058015,11301.812859466689,1887.5938770132989
2025-06-06,2025,6,LATO,22.651477317258866,50.08031600283475,24530.825063316166,1851.707515597786
2025-06-10,2025,6,LATO,22.7772414570356,49.89166979316964,23033.900325477673,1883.3527806841983
2025-06-10,2025,6,LATO,22.7772414570356,49.954551863058015,23821.701564440966,1883.3527647598617
2025-06-15,2025,6,LATO,22.337066967817037,49.703023583504546,23435.94535299783,1881.0071714805683
2025-06-15,2025,6,LATO,22.399949037705397,49.703023583504546,22173.310884549213,1878.5583909231143
2025-06-15,2025,6,LATO,22.46283110759377,49.703023583504546,21795.732838383163,1879.022999451524
2025-06-15,2025,6,LATO,22.52571317748213,49.703023583504546,22348.115225202644,1874.5633212841326
2025-06-15,2025,6,LATO,22.588595247370506,49.703023583504546,23765.702793344415,1870.6245675380405
2025-06-15,2025,6,LATO,22.211302828040303,49.765905653392906,23044.940206446532,1892.1349005908075
2025-06-15,2025,6,LATO,22.274184897928663,49.765905653392906,19791.139041156755,1890.2753377805711
2025-06-15,2025,6,LATO,22.337066967817037,49.765905653392906,17124.322354940865,1881.6690673827586
2025-06-15,2025,6,LATO,22.399949037705397,49.765905653392906,15353.46715675865,1882.3101427514891
2025-06-15,2025,6,LATO,22.46283110759377,49.765905653392906,14803.670401760957,1889.0943724508597
2025-06-15,2025,6,LATO,22.52571317748213,49.765905653392906,15604.532676742472,1878.3032143884423
2025-06-15,2025,6,LATO,22.588595247370506,49.765905653392906,17572.348165759362,1878.093131336708
2025-06-15,2025,6,LATO,22.651477317258866,49.765905653392906,20371.71370341612,1900.5482177733832
2025-06-15,2025,6,LATO,22.714359387147226,49.765905653392906,23709.899247344183,1900.1597314356325
2025-06-15,2025,6,LATO,22.14842075815193,49.82878772328128,23509.001546003838,1882.6350655916588
2025-06-15,2025,6,LATO,22.211302828040303,49.82878772328128,19302.672401242962,1899.5865699663577
2025-06-15,2025,6,LATO,22.274184897928663,49.82878772328128,15277.216372643947,1898.8616602631819
2025-06-15,2025,6,LATO,22.337066967817037,49.82878772328128,11622.125849843118,1884.0551730123907
2025-06-15,2025,6,LATO,22.399949037705397,49.82878772328128,8811.053425103102,1885.4349304980042
2025-06-15,2025,6,LATO,22.46283110759377,49.82878772328128,7815.101725436394,1892.368706253013
2025-06-15,2025,6,LATO,22.52571317748213,49.82878772328128,9241.055230812668,1879.2675874264582
2025-06-15,2025,6,LATO,22.588595247370506,49.82878772328128,12271.867329400819,1882.7117313226304
2025-06-15,2025,6,LATO,22.651477317258866,49.82878772328128,16021.258563246713,1900.8491950418534
2025-06-15,2025,6,LATO,22.714359387147226,49.82878772328128,20090.86840189349,1907.535064152168
2025-06-15,2025,6,LATO,22.7772414570356,49.82878772328128,24320.4729780271,1908.2709607358147
2025-06-15,2025,6,LATO,22.14842075815193,49.89166979316964,22176.533966168987,1887.2936872137473
2025-06-15,2025,6,LATO,22.211302828040303,49.89166979316964,17662.170160851372,1895.1980822239586
2025-06-15,2025,6,LATO,22.274184897928663,49.89166979316964,13150.397981968348,1873.9627913508293
2025-06-15,2025,6,LATO,22.337066967817037,49.89166979316964,8645.281580533669,1875.1648693152374
2025-06-15,2025,6,LATO,22.399949037705397,49.89166979316964,4168.4653838731665,1881.1289460611317
2025-06-15,2025,6,LATO,22.46283110759377,49.89166979316964,915.7735323810977,1889.0049304344077
2025-06-15,2025,6,LATO,22.52571317748213,49.89166979316964,5012.8341822749335,1891.7059310848686
2025-06-15,2025,6,LATO,22.588595247370506,49.89166979316964,9499.773366756152,1911.633179396176
2025-06-15,2025,6,LATO,22.651477317258866,49.89166979316964,14006.789569911276,1914.100219685736
2025-06-15,2025,6,LATO,22.714359387147226,49.89166979316964,18519.228167731453,1919.038639968663
2025-06-15,2025,6,LATO,22.7772414570356,49.89166979316964,23033.900325477673,1930.6796413704626
2025-06-15,2025,6,LATO,22.14842075815193,49.954551863058015,22994.824269715486,1892.9835278747014
2025-06-15,2025,6,LATO,22.211302828040303,49.954551863058015,18685.537456604256,1886.4907866262545
2025-06-15,2025,6,LATO,22.274184897928663,49.954551863058015,14502.094242152669,1865.6900209040832
2025-06-15,2025,6,LATO,22.337066967817037,49.954551863058015,10594.637249937323,1876.326087159689
2025-06-15,2025,6,LATO,22.399949037705397,49.954551863058015,7413.245892451485,1882.3819912584024
2025-06-15,2025,6,LATO,22.46283110759377,49.954551863058015,6200.026734374416,1890.8939426553904
2025-06-15,2025,6,LATO,22.52571317748213,49.954551863058015,7918.239441228203,1899.4361447439599
2025-06-15,2025,6,LATO,22.588595247370506,49.954551863058015,11301.812859466689,1911.4097028021095
2025-06-15,2025,6,LATO,22.651477317258866,49.954551863058015,15281.939992676336,1911.2763158100036
2025-06-15,2025,6,LATO,22.714359387147226,49.954551863058015,19496.629429511904,1910.534091672043
2025-06-15,2025,6,LATO,22.7772414570356,49.954551863058015,23821.701564440966,1924.4842165469918
2025-06-15,2025,6,LATO,22.211302828040303,50.017433932946375,22004.268573433346,1883.3314473425282
2025-06-15,2025,6,LATO,22.274184897928663,50.017433932946375,18588.443756014225,1882.6814281346467
2025-06-15,2025,6,LATO,22.337066967817037,50.017433932946375,15735.112606983354,1885.7859636246956
2025-06-15,2025,6,LATO,22.399949037705397,50.017433932946375,13797.768999143414,1887.090853198937
2025-06-15,2025,6,LATO,22.46283110759377,50.017433932946375,13186.511359927295,1883.3369320571644
2025-06-15,2025,6,LATO,22.52571317748213,50.017433932946375,14075.177645224507,1911.9879150391323
2025-06-15,2025,6,LATO,22.588595247370506,50.017433932946375,16219.068898947891,1911.3780607579743
2025-06-15,2025,6,LATO,22.651477317258866,50.017433932946375,19202.26311576868,1906.8018663892117
2025-06-15,2025,6,LATO,22.714359387147226,50.017433932946375,22696.183105903077,1908.8899665392787
2025-06-15,2025,6,LATO,22.274184897928663,50.08031600283475,24054.002161830544,1885.0851457648569
2025-06-15,2025,6,LATO,22.337066967817037,50.08031600283475,21926.844631874275,1880.3347385734744
2025-06-15,2025,6,LATO,22.399949037705397,50.08031600283475,20582.660303117143,1888.1277959952258
2025-06-15,2025,6,LATO,22.46283110759377,50.08031600283475,20178.530303468786,1892.7031988480378
2025-06-15,2025,6,LATO,22.52571317748213,50.08031600283475,20769.400725010888,1907.784912193475
2025-06-15,2025,6,LATO,22.588595247370506,50.08031600283475,22276.237062725868,1906.471189994895
2025-06-15,2025,6,LATO,22.651477317258866,50.08031600283475,24530.825063316166,1901.289143811757
2025-06-16,2025,6,LATO,22.337066967817037,49.703023583504546,23435.94535299783,1851.2527623962142
2025-06-16,2025,6,LATO,22.399949037705397,49.703023583504546,22173.310884549213,1850.9891363909455
2025-06-16,2025,6,LATO,22.46283110759377,49.703023583504546,21795.732838383163,1858.0250353094316
2025-06-16,2025,6,LATO,22.52571317748213,49.703023583504546,22348.115225202644,1866.851568723002
2025-06-16,2025,6,LATO,22.588595247370506,49.703023583504546,23765.702793344415,1859.971677897426
2025-06-16,2025,6,LATO,22.211302828040303,49.765905653392906,23044.940206446532,1860.4118353084782
2025-06-16,2025,6,LATO,22.274184897928663,49.765905653392906,19791.139041156755,1857.8971167836737
2025-06-16,2025,6,LATO,22.337066967817037,49.765905653392906,17124.322354940865,1860.480102539009
2025-06-16,2025,6,LATO,22.399949037705397,49.765905653392906,15353.46715675865,1860.0330342217037
2025-06-16,2025,6,LATO,22.46283110759377,49.765905653392906,14803.670401760957,1880.0065721714375
2025-06-16,2025,6,LATO,22.52571317748213,49.765905653392906,15604.532676742472,1869.3386707673312
2025-06-16,2025,6,LATO,22.588595247370506,49.765905653392906,17572.348165759362,1863.2819098901741
2025-06-16,2025,6,LATO,22.651477317258866,49.765905653392906,20371.71370341612,1875.1783177798166
2025-06-16,2025,6,LATO,22.714359387147226,49.765905653392906,23709.899247344183,1885.2657438080037
2025-06-16,2025,6,LATO,22.14842075815193,49.82878772328128,23509.001546003838,1876.7232712085258
2025-06-16,2025,6,LATO,22.211302828040303,49.82878772328128,19302.672401242962,1865.6983568970074
2025-06-16,2025,6,LATO,22.274184897928663,49.82878772328128,15277.216372643947,1864.7863361353748
2025-06-16,2025,6,LATO,22.337066967817037,49.82878772328128,11622.125849843118,1870.1479309722074
2025-06-16,2025,6,LATO,22.399949037705397,49.82878772328128,8811.053425103102,1867.1754270968822
2025-06-16,2025,6,LATO,22.46283110759377,49.82878772328128,7815.101725436394,1887.5734242003307
2025-06-16,2025,6,LATO,22.52571317748213,49.82878772328128,9241.055230812668,1855.1052292483112
2025-06-16,2025,6,LATO,22.588595247370506,49.82878772328128,12271.867329400819,1857.0684753470514
2025-06-16,2025,6,LATO,22.651477317258866,49.82878772328128,16021.258563246713,1885.775552752037
2025-06-16,2025,6,LATO,22.714359387147226,49.82878772328128,20090.86840189349,1885.4169921875612
2025-06-16,2025,6,LATO,22.7772414570356,49.82878772328128,24320.4729780271,1900.2304072254365
2025-06-16,2025,6,LATO,22.14842075815193,49.89166979316964,22176.533966168987,1863.2213686673476
2025-06-16,2025,6,LATO,22.211302828040303,49.89166979316964,17662.170160851372,1863.1524430143204
2025-06-16,2025,6,LATO,22.274184897928663,49.89166979316964,13150.397981968348,1856.3356757653273
2025-06-16,2025,6,LATO,22.337066967817037,49.89166979316964,8645.281580533669,1861.2421987797502
2025-06-16,2025,6,LATO,22.399949037705397,49.89166979316964,4168.4653838731665,1884.9222747318508
2025-06-16,2025,6,LATO,22.46283110759377,49.89166979316964,915.7735323810977,1881.2891992034852
2025-06-16,2025,6,LATO,22.52571317748213,49.89166979316964,5012.8341822749335,1876.7872526174137
2025-06-16,2025,6,LATO,22.588595247370506,49.89166979316964,9499.773366756152,1881.0247947311225
2025-06-16,2025,6,LATO,22.651477317258866,49.89166979316964,14006.789569911276,1901.2482510483778
2025-06-16,2025,6,LATO,22.714359387147226,49.89166979316964,18519.228167731453,1900.0328193457397
2025-06-16,2025,6,LATO,22.7772414570356,49.89166979316964,23033.900325477673,1901.5350851461337
2025-06-16,2025,6,LATO,22.14842075815193,49.954551863058015,22994.824269715486,1858.9707798462666
2025-06-16,2025,6,LATO,22.211302828040303,49.954551863058015,18685.537456604256,1858.595819438578
2025-06-16,2025,6,LATO,22.274184897928663,49.954551863058015,14502.094242152669,1855.2718759205547
2025-06-16,2025,6,LATO,22.337066967817037,49.954551863058015,10594.637249937323,1874.2852904283657
2025-06-16,2025,6,LATO,22.399949037705397,49.954551863058015,7413.245892451485,1886.7282964176163
2025-06-16,2025,6,LATO,22.46283110759377,49.954551863058015,6200.026734374416,1881.7324068161415
2025-06-16,2025,6,LATO,22.52571317748213,49.954551863058015,7918.239441228203,1880.9869143903268
2025-06-16,2025,6,LATO,22.588595247370506,49.954551863058015,11301.812859466689,1892.1586471225835
2025-06-16,2025,6,LATO,22.651477317258866,49.954551863058015,15281.939992676336,1900.0909414859627
2025-06-16,2025,6,LATO,22.714359387147226,49.954551863058015,19496.629429511904,1897.3262245503574
2025-06-16,2025,6,LATO,22.7772414570356,49.954551863058015,23821.701564440966,1895.967389101915
2025-06-16,2025,6,LATO,22.211302828040303,50.017433932946375,22004.268573433346,1875.4782714843745
2025-06-16,2025,6,LATO,22.274184897928663,50.017433932946375,18588.443756014225,1873.4316109588035
2025-06-16,2025,6,LATO,22.337066967817037,50.017433932946375,15735.112606983354,1896.7007872410234
2025-06-16,2025,6,LATO,22.399949037705397,50.017433932946375,13797.768999143414,1894.9829045704719
2025-06-16,2025,6,LATO,22.46283110759377,50.017433932946375,13186.511359927295,1878.9457355807176
2025-06-16,2025,6,LATO,22.52571317748213,50.017433932946375,14075.177645224507,1896.0774344541232
2025-06-16,2025,6,LATO,22.588595247370506,50.017433932946375,16219.068898947891,1899.6152934679237
2025-06-16,2025,6,LATO,22.651477317258866,50.017433932946375,19202.26311576868,1896.3742005572385
2025-06-16,2025,6,LATO,22.714359387147226,50.017433932946375,22696.183105903077,1896.3800941431045
2025-06-16,2025,6,LATO,22.274184897928663,50.08031600283475,24054.002161830544,1886.7296135174413
2025-06-16,2025,6,LATO,22.337066967817037,50.08031600283475,21926.844631874275,1891.691362614254
2025-06-16,2025,6,LATO,22.399949037705397,50.08031600283475,20582.660303117143,1868.867149478279
2025-06-16,2025,6,LATO,22.46283110759377,50.08031600283475,20178.530303468786,1868.404581239512
2025-06-16,2025,6,LATO,22.52571317748213,50.08031600283475,20769.400725010888,1888.5659818449885
2025-06-16,2025,6,LATO,22.588595247370506,50.08031600283475,22276.237062725868,1892.2987015160156
2025-06-16,2025,6,LATO,22.651477317258866,50.08031600283475,24530.825063316166,1884.5129464893478
2025-06-18,2025,6,LATO,22.34056874331648,49.703023583504546,23344.35519977606,1844.2991577515675
2025-06-18,2025,6,LATO,22.403450813204856,49.703023583504546,22128.116388623414,1837.2397848134115
2025-06-18,2025,6,LATO,22.214804603539747,49.765905653392906,22852.37839536346,1837.9033597677608
2025-06-18,2025,6,LATO,22.27768667342812,49.765905653392906,19624.74472750713,1837.903314742223
2025-06-18,2025,6,LATO,22.34056874331648,49.765905653392906,16998.921493318117,1837.9033339662217
2025-06-30,2025,6,LATO,22.337066967817037,49.69952180800509,23798.642779824004,1894.593544851884
2025-06-30,2025,6,LATO,22.399949037705397,49.69952180800509,22556.228374056132,1894.708812561872
2025-06-30,2025,6,LATO,22.46283110759377,49.69952180800509,22185.141393624843,1893.9168565715993
2025-06-30,2025,6,LATO,22.52571317748213,49.69952180800509,22728.10015635487,1893.3163924065414
2025-06-30,2025,6,LATO,22.588595247370506,49.69952180800509,24123.465996680585,1881.4497556440183
2025-06-30,2025,6,LATO,22.211302828040303,49.76240387789346,23297.43014966018,1879.968801224875
2025-06-30,2025,6,LATO,22.274184897928663,49.76240387789346,20084.325581679834,1884.0660775192205
2025-06-30,2025,6,LATO,22.337066967817037,49.76240387789346,17462.138504798262,1893.2843017577582
2025-06-30,2025,6,LATO,22.399949037705397,49.76240387789346,15729.230063651448,1893.2167037742963
2025-06-30,2025,6,LATO,22.46283110759377,49.76240387789346,15192.997971835897,1892.2077249780114
2025-06-30,2025,6,LATO,22.52571317748213,49.76240387789346,15974.408424553021,1881.3061556026792
2025-06-30,2025,6,LATO,22.588595247370506,49.76240387789346,17901.74303758733,1877.6143201559291
2025-06-30,2025,6,LATO,22.651477317258866,49.76240387789346,20656.70222709244,1888.429647015643
2025-06-30,2025,6,LATO,22.714359387147226,49.76240387789346,23955.428263195714,1904.9663672909041
2025-06-30,2025,6,LATO,22.14842075815193,49.82528594778182,23641.89018325943,1888.7398183352648
2025-06-30,2025,6,LATO,22.211302828040303,49.82528594778182,19463.96616925134,1888.0239257812088
2025-06-30,2025,6,LATO,22.274184897928663,49.82528594778182,15480.184497359925,1893.8979820254247
2025-06-30,2025,6,LATO,22.337066967817037,49.82528594778182,11887.366931208315,1896.584631707381
2025-06-30,2025,6,LATO,22.399949037705397,49.82528594778182,9157.849606774353,1894.2532267081106
2025-06-30,2025,6,LATO,22.46283110759377,49.82528594778182,8204.033652045058,1891.3668902452098
2025-06-30,2025,6,LATO,22.52571317748213,49.82528594778182,9572.314647283383,1881.6693719196683
2025-06-30,2025,6,LATO,22.588595247370506,49.82528594778182,12523.39928650536,1881.113574583713
2025-06-30,2025,6,LATO,22.651477317258866,49.82528594778182,16214.96771392276,1899.9992941853973
2025-06-30,2025,6,LATO,22.714359387147226,49.82528594778182,20245.93914025034,1907.5931743283445
2025-06-30,2025,6,LATO,22.7772414570356,49.82528594778182,24449.00869040225,1904.309496187888
2025-06-30,2025,6,LATO,22.14842075815193,49.888168017670196,22194.95834228595,1887.326539012966
2025-06-30,2025,6,LATO,22.211302828040303,49.888168017670196,17684.930267546475,1889.4161851084805
2025-06-30,2025,6,LATO,22.274184897928663,49.888168017670196,13180.569477918174,1893.6539608739915
2025-06-30,2025,6,LATO,22.337066967817037,49.888168017670196,8690.698097369475,1893.6862263408907
2025-06-30,2025,6,LATO,22.399949037705397,49.888168017670196,4261.372221183644,1902.036911739861
2025-06-30,2025,6,LATO,22.46283110759377,49.888168017670196,1273.0433310313379,1903.0854248435185
2025-06-30,2025,6,LATO,22.52571317748213,49.888168017670196,5090.408316686635,1889.5269503128873
2025-06-30,2025,6,LATO,22.588595247370506,49.888168017670196,9541.182091163437,1889.4621818507328
2025-06-30,2025,6,LATO,22.651477317258866,49.888168017670196,14035.180140061455,1911.0584716796168
2025-06-30,2025,6,LATO,22.714359387147226,49.888168017670196,18540.996723111853,1911.0552223582765
2025-06-30,2025,6,LATO,22.7772414570356,49.888168017670196,23051.700284254595,1899.9226690325863
2025-06-30,2025,6,LATO,22.14842075815193,49.951050087558556,22893.907202909,1885.3704369576046
2025-06-30,2025,6,LATO,22.211302828040303,49.951050087558556,18560.85477720908,1891.9840960712997
2025-06-30,2025,6,LATO,22.274184897928663,49.951050087558556,14340.735255699794,1894.9607280792263
2025-06-30,2025,6,LATO,22.337066967817037,49.951050087558556,10372.327171727175,1896.107572045491
2025-06-30,2025,6,LATO,22.399949037705397,49.951050087558556,7091.606383134769,1898.8933756604827
2025-06-30,2025,6,LATO,22.46283110759377,49.951050087558556,5811.522776035262,1898.5795705237547
2025-06-30,2025,6,LATO,22.52571317748213,49.951050087558556,7617.9883071137265,1890.7595214844441
2025-06-30,2025,6,LATO,22.588595247370506,49.951050087558556,11093.733863096215,1890.7320922601168
2025-06-30,2025,6,LATO,22.651477317258866,49.951050087558556,15128.95651222953,1908.085473467498
2025-06-30,2025,6,LATO,22.714359387147226,49.951050087558556,19377.224385232876,1908.3336890911858
2025-06-30,2025,6,LATO,22.7772414570356,49.951050087558556,23724.361235882607,1897.7125015149304
2025-06-30,2025,6,LATO,22.211302828040303,50.01393215744693,21773.7264251313,1900.779174804687
2025-06-30,2025,6,LATO,22.274184897928663,50.01393215744693,18314.679458187293,1900.7791748046582
2025-06-30,2025,6,LATO,22.337066967817037,50.01393215744693,15410.51215008078,1900.3197111158572
2025-06-30,2025,6,LATO,22.399949037705397,50.01393215744693,13426.257215633463,1900.0817854945449
2025-06-30,2025,6,LATO,22.46283110759377,50.01393215744693,12797.219877605483,1893.0984411494442
2025-06-30,2025,6,LATO,22.52571317748213,50.01393215744693,13711.204960252908,1889.6842622465651
2025-06-30,2025,6,LATO,22.588595247370506,50.01393215744693,15904.384216903703,1894.5331996009909
2025-06-30,2025,6,LATO,22.651477317258866,50.01393215744693,18937.41900727087,1906.1384341877167
2025-06-30,2025,6,LATO,22.714359387147226,50.01393215744693,22472.79028849216,1906.2340618521223
2025-06-30,2025,6,LATO,22.274184897928663,50.07681422733529,23728.53498633054,1900.130724631408
2025-06-30,2025,6,LATO,22.337066967817037,50.07681422733529,21569.138647775435,1899.008279075548
2025-06-30,2025,6,LATO,22.399949037705397,50.07681422733529,20201.063596434968,1899.1809677600872
2025-06-30,2025,6,LATO,22.46283110759377,50.07681422733529,19789.111941992756,1891.3823062764752
2025-06-30,2025,6,LATO,22.52571317748213,50.07681422733529,20391.3127076881,1890.8994509943764
2025-06-30,2025,6,LATO,22.588595247370506,50.07681422733529,21924.25800871821,1899.3934659226081
2025-06-30,2025,6,LATO,22.651477317258866,50.07681422733529,24211.80329746599,1904.9830164843117
2025-07-01,2025,7,LATO,22.337066967817037,49.703023583504546,23435.94535299783,1884.6595545495625
2025-07-01,2025,7,LATO,22.399949037705397,49.703023583504546,22173.310884549213,1883.1976317792178
2025-07-01,2025,7,LATO,22.46283110759377,49.703023583504546,21795.732838383163,1884.2809542708665
2025-07-01,2025,7,LATO,22.52571317748213,49.703023583504546,22348.115225202644,1875.8409611030904
2025-07-01,2025,7,LATO,22.588595247370506,49.703023583504546,23765.702793344415,1875.9956054686845
2025-07-01,2025,7,LATO,22.211302828040303,49.765905653392906,23044.940206446532,1892.7313630995654
2025-07-01,2025,7,LATO,22.274184897928663,49.765905653392906,19791.139041156755,1891.232598001609
2025-07-01,2025,7,LATO,22.337066967817037,49.765905653392906,17124.322354940865,1881.047022264765
2025-07-01,2025,7,LATO,22.399949037705397,49.765905653392906,15353.46715675865,1884.8931311748297
2025-07-01,2025,7,LATO,22.46283110759377,49.765905653392906,14803.670401760957,1888.5959841021856
2025-07-01,2025,7,LATO,22.52571317748213,49.765905653392906,15604.532676742472,1877.9022189454622
2025-07-01,2025,7,LATO,22.588595247370506,49.765905653392906,17572.348165759362,1882.916140909634
2025-07-01,2025,7,LATO,22.651477317258866,49.765905653392906,20371.71370341612,1894.7108094763119
2025-07-01,2025,7,LATO,22.714359387147226,49.765905653392906,23709.899247344183,1898.0605435507737
2025-07-01,2025,7,LATO,22.14842075815193,49.82878772328128,23509.001546003838,1883.0445490541729
2025-07-01,2025,7,LATO,22.211302828040303,49.82878772328128,19302.672401242962,1898.9115204459654
2025-07-01,2025,7,LATO,22.274184897928663,49.82878772328128,15277.216372643947,1888.0636701493086
2025-07-01,2025,7,LATO,22.337066967817037,49.82878772328128,11622.125849843118,1884.8370076947567
2025-07-01,2025,7,LATO,22.399949037705397,49.82878772328128,8811.053425103102,1888.2657474119262
2025-07-01,2025,7,LATO,22.46283110759377,49.82878772328128,7815.101725436394,1884.8315604284314
2025-07-01,2025,7,LATO,22.52571317748213,49.82878772328128,9241.055230812668,1879.3966247424112
2025-07-01,2025,7,LATO,22.588595247370506,49.82878772328128,12271.867329400819,1893.5593895272586
2025-07-01,2025,7,LATO,22.651477317258866,49.82878772328128,16021.258563246713,1898.1713524001514
2025-07-01,2025,7,LATO,22.714359387147226,49.82878772328128,20090.86840189349,1894.5593839952753
2025-07-01,2025,7,LATO,22.7772414570356,49.82878772328128,24320.4729780271,1911.2200203043624
2025-07-01,2025,7,LATO,22.14842075815193,49.89166979316964,22176.533966168987,1891.4331812385012
2025-07-01,2025,7,LATO,22.211302828040303,49.89166979316964,17662.170160851372,1883.9034286864487
2025-07-01,2025,7,LATO,22.274184897928663,49.89166979316964,13150.397981968348,1876.3509313286859
2025-07-01,2025,7,LATO,22.337066967817037,49.89166979316964,8645.281580533669,1879.1974175198202
2025-07-01,2025,7,LATO,22.399949037705397,49.89166979316964,4168.4653838731665,1879.1952151796909
2025-07-01,2025,7,LATO,22.46283110759377,49.89166979316964,915.7735323810977,1885.7026608786582
2025-07-01,2025,7,LATO,22.52571317748213,49.89166979316964,5012.8341822749335,1892.5498611043486
2025-07-01,2025,7,LATO,22.588595247370506,49.89166979316964,9499.773366756152,1896.849945960763
2025-07-01,2025,7,LATO,22.651477317258866,49.89166979316964,14006.789569911276,1900.2555660713533
2025-07-01,2025,7,LATO,22.714359387147226,49.89166979316964,18519.228167731453,1900.413992696055
2025-07-01,2025,7,LATO,22.7772414570356,49.89166979316964,23033.900325477673,1923.8902490416847
2025-07-01,2025,7,LATO,22.14842075815193,49.954551863058015,22994.824269715486,1898.193185670575
2025-07-01,2025,7,LATO,22.211302828040303,49.954551863058015,18685.537456604256,1878.1651993527464
2025-07-01,2025,7,LATO,22.274184897928663,49.954551863058015,14502.094242152669,1875.249134044472
2025-07-01,2025,7,LATO,22.337066967817037,49.954551863058015,10594.637249937323,1881.6430813624327
2025-07-01,2025,7,LATO,22.399949037705397,49.954551863058015,7413.245892451485,1881.0533683374956
2025-07-01,2025,7,LATO,22.46283110759377,49.954551863058015,6200.026734374416,1884.7474365235066
2025-07-01,2025,7,LATO,22.52571317748213,49.954551863058015,7918.239441228203,1896.780376663381
2025-07-01,2025,7,LATO,22.588595247370506,49.954551863058015,11301.812859466689,1897.191258996541
2025-07-01,2025,7,LATO,22.651477317258866,49.954551863058015,15281.939992676336,1899.9749043682775
2025-07-01,2025,7,LATO,22.714359387147226,49.954551863058015,19496.629429511904,1900.2941644367706
2025-07-01,2025,7,LATO,22.7772414570356,49.954551863058015,23821.701564440966,1918.0814208984743
2025-07-01,2025,7,LATO,22.211302828040303,50.017433932946375,22004.268573433346,1877.9943067130473
2025-07-01,2025,7,LATO,22.274184897928663,50.017433932946375,18588.443756014225,1879.4071454443276
2025-07-01,2025,7,LATO,22.337066967817037,50.017433932946375,15735.112606983354,1888.4901123046257
2025-07-01,2025,7,LATO,22.399949037705397,50.017433932946375,13797.768999143414,1885.420709655297
2025-07-01,2025,7,LATO,22.46283110759377,50.017433932946375,13186.511359927295,1882.2053312369555
2025-07-01,2025,7,LATO,22.52571317748213,50.017433932946375,14075.177645224507,1901.7144130123352
2025-07-01,2025,7,LATO,22.588595247370506,50.017433932946375,16219.068898947891,1900.7257131804583
2025-07-01,2025,7,LATO,22.651477317258866,50.017433932946375,19202.26311576868,1900.038331984215
2025-07-01,2025,7,LATO,22.714359387147226,50.017433932946375,22696.183105903077,1907.5651986362932
2025-07-01,2025,7,LATO,22.274184897928663,50.08031600283475,24054.002161830544,1884.846592191959
2025-07-01,2025,7,LATO,22.337066967817037,50.08031600283475,21926.844631874275,1883.32020064428
2025-07-01,2025,7,LATO,22.399949037705397,50.08031600283475,20582.660303117143,1883.3778969757884
2025-07-01,2025,7,LATO,22.46283110759377,50.08031600283475,20178.530303468786,1895.841284037647
2025-07-01,2025,7,LATO,22.52571317748213,50.08031600283475,20769.400725010888,1897.7803582357078
2025-07-01,2025,7,LATO,22.588595247370506,50.08031600283475,22276.237062725868,1889.875204190807
2025-07-01,2025,7,LATO,22.651477317258866,50.08031600283475,24530.825063316166,1898.2821219663233
2025-07-02,2025,7,LATO,22.337066967817037,49.703023583504546,23435.94535299783,1865.1463980692822
2025-07-02,2025,7,LATO,22.399949037705397,49.703023583504546,22173.310884549213,1864.912314272056
2025-07-02,2025,7,LATO,22.46283110759377,49.703023583504546,21795.732838383163,1885.3625736178128
2025-07-02,2025,7,LATO,22.52571317748213,49.703023583504546,22348.115225202644,1888.6598148721816
2025-07-02,2025,7,LATO,22.588595247370506,49.703023583504546,23765.702793344415,1862.2950516002998
2025-07-02,2025,7,LATO,22.211302828040303,49.765905653392906,23044.940206446532,1873.9619140625077
2025-07-02,2025,7,LATO,22.274184897928663,49.765905653392906,19791.139041156755,1873.533009325169
2025-07-02,2025,7,LATO,22.337066967817037,49.765905653392906,17124.322354940865,1872.962699617475
2025-07-02,2025,7,LATO,22.399949037705397,49.765905653392906,15353.46715675865,1871.995567066292
2025-07-02,2025,7,LATO,22.46283110759377,49.765905653392906,14803.670401760957,1886.2450773806045
2025-07-02,2025,7,LATO,22.52571317748213,49.765905653392906,15604.532676742472,1871.998300199115
2025-07-02,2025,7,LATO,22.588595247370506,49.765905653392906,17572.348165759362,1868.6563341994338
2025-07-02,2025,7,LATO,22.651477317258866,49.765905653392906,20371.71370341612,1887.0866479684971
2025-07-02,2025,7,LATO,22.714359387147226,49.765905653392906,23709.899247344183,1886.9902433057316
2025-07-02,2025,7,LATO,22.14842075815193,49.82878772328128,23509.001546003838,1879.9414578349258
2025-07-02,2025,7,LATO,22.211302828040303,49.82878772328128,19302.672401242962,1873.5907150900996
2025-07-02,2025,7,LATO,22.274184897928663,49.82878772328128,15277.216372643947,1876.4212090977117
2025-07-02,2025,7,LATO,22.337066967817037,49.82878772328128,11622.125849843118,1879.2049486633366
2025-07-02,2025,7,LATO,22.399949037705397,49.82878772328128,8811.053425103102,1889.5501453217005
2025-07-02,2025,7,LATO,22.46283110759377,49.82878772328128,7815.101725436394,1892.6477054931624
2025-07-02,2025,7,LATO,22.52571317748213,49.82878772328128,9241.055230812668,1878.5327449111921
2025-07-02,2025,7,LATO,22.588595247370506,49.82878772328128,12271.867329400819,1878.7191162108963
2025-07-02,2025,7,LATO,22.651477317258866,49.82878772328128,16021.258563246713,1890.2008445550468
2025-07-02,2025,7,LATO,22.714359387147226,49.82878772328128,20090.86840189349,1888.9923321204974
2025-07-02,2025,7,LATO,22.7772414570356,49.82878772328128,24320.4729780271,1896.0679931640582
2025-07-02,2025,7,LATO,22.14842075815193,49.89166979316964,22176.533966168987,1872.637124691614
2025-07-02,2025,7,LATO,22.211302828040303,49.89166979316964,17662.170160851372,1875.1092000217677
2025-07-02,2025,7,LATO,22.274184897928663,49.89166979316964,13150.397981968348,1875.4943847656532
2025-07-02,2025,7,LATO,22.337066967817037,49.89166979316964,8645.281580533669,1887.1611113598854
2025-07-02,2025,7,LATO,22.399949037705397,49.89166979316964,4168.4653838731665,1891.79772780401
2025-07-02,2025,7,LATO,22.46283110759377,49.89166979316964,915.7735323810977,1886.1882703694284
2025-07-02,2025,7,LATO,22.52571317748213,49.89166979316964,5012.8341822749335,1881.4979505603956
2025-07-02,2025,7,LATO,22.588595247370506,49.89166979316964,9499.773366756152,1894.4803076505875
2025-07-02,2025,7,LATO,22.651477317258866,49.89166979316964,14006.789569911276,1899.7808521599786
2025-07-02,2025,7,LATO,22.714359387147226,49.89166979316964,18519.228167731453,1899.784609373279
2025-07-02,2025,7,LATO,22.7772414570356,49.89166979316964,23033.900325477673,1898.1992203952125
2025-07-02,2025,7,LATO,22.14842075815193,49.954551863058015,22994.824269715486,1870.8085093014477
2025-07-02,2025,7,LATO,22.211302828040303,49.954551863058015,18685.537456604256,1869.9619281709154
2025-07-02,2025,7,LATO,22.274184897928663,49.954551863058015,14502.094242152669,1870.938270043974
2025-07-02,2025,7,LATO,22.337066967817037,49.954551863058015,10594.637249937323,1894.9376563596416
2025-07-02,2025,7,LATO,22.399949037705397,49.954551863058015,7413.245892451485,1894.1394196478477
2025-07-02,2025,7,LATO,22.46283110759377,49.954551863058015,6200.026734374416,1883.277486342135
2025-07-02,2025,7,LATO,22.52571317748213,49.954551863058015,7918.239441228203,1888.0096248975435
2025-07-02,2025,7,LATO,22.588595247370506,49.954551863058015,11301.812859466689,1900.2248889660586
2025-07-02,2025,7,LATO,22.651477317258866,49.954551863058015,15281.939992676336,1898.5539444396761
2025-07-02,2025,7,LATO,22.714359387147226,49.954551863058015,19496.629429511904,1896.5321302294
2025-07-02,2025,7,LATO,22.7772414570356,49.954551863058015,23821.701564440966,1893.780763578884
2025-07-02,2025,7,LATO,22.211302828040303,50.017433932946375,22004.268573433346,1884.4486545884897
2025-07-02,2025,7,LATO,22.274184897928663,50.017433932946375,18588.443756014225,1889.1959740133645
2025-07-02,2025,7,LATO,22.337066967817037,50.017433932946375,15735.112606983354,1901.1560413161799
2025-07-02,2025,7,LATO,22.399949037705397,50.017433932946375,13797.768999143414,1896.1827683340737
2025-07-02,2025,7,LATO,22.46283110759377,50.017433932946375,13186.511359927295,1880.3192983140882
2025-07-02,2025,7,LATO,22.52571317748213,50.017433932946375,14075.177645224507,1901.5754197453189
2025-07-02,2025,7,LATO,22.588595247370506,50.017433932946375,16219.068898947891,1900.2829353774569
2025-07-02,2025,7,LATO,22.651477317258866,50.017433932946375,19202.26311576868,1894.5665780510747
2025-07-02,2025,7,LATO,22.714359387147226,50.017433932946375,22696.183105903077,1894.5292516152174
2025-07-02,2025,7,LATO,22.274184897928663,50.08031600283475,24054.002161830544,1896.635252243731
2025-07-02,2025,7,LATO,22.337066967817037,50.08031600283475,21926.844631874275,1893.199929973372
2025-07-02,2025,7,LATO,22.399949037705397,50.08031600283475,20582.660303117143,1882.5774029810477
2025-07-02,2025,7,LATO,22.46283110759377,50.08031600283475,20178.530303468786,1889.1728597145875
2025-07-02,2025,7,LATO,22.52571317748213,50.08031600283475,20769.400725010888,1901.4668345861867
2025-07-02,2025,7,LATO,22.588595247370506,50.08031600283475,22276.237062725868,1897.0074206292888
2025-07-02,2025,7,LATO,22.651477317258866,50.08031600283475,24530.825063316166,1890.7204764995706
2025-07-03,2025,7,LATO,22.337066967817037,49.703023583504546,23435.94535299783,1874.5599463426379
2025-07-03,2025,7,LATO,22.399949037705397,49.703023583504546,22173.310884549213,1860.9047065074792
2025-07-03,2025,7,LATO,22.46283110759377,49.703023583504546,21795.732838383163,1860.6063359857344
2025-07-03,2025,7,LATO,22.52571317748213,49.703023583504546,22348.115225202644,1870.6685853522108
2025-07-03,2025,7,LATO,22.588595247370506,49.703023583504546,23765.702793344415,1878.6887251838787
2025-07-03,2025,7,LATO,22.211302828040303,49.765905653392906,23044.940206446532,1885.2985677206875
2025-07-03,2025,7,LATO,22.274184897928663,49.765905653392906,19791.139041156755,1882.5971687182464
2025-07-03,2025,7,LATO,22.337066967817037,49.765905653392906,17124.322354940865,1869.207895859738
2025-07-03,2025,7,LATO,22.399949037705397,49.765905653392906,15353.46715675865,1868.8121462085244
2025-07-03,2025,7,LATO,22.46283110759377,49.765905653392906,14803.670401760957,1863.975018503718
2025-07-03,2025,7,LATO,22.52571317748213,49.765905653392906,15604.532676742472,1887.8037126338459
2025-07-03,2025,7,LATO,22.588595247370506,49.765905653392906,17572.348165759362,1887.8037198674408
2025-07-03,2025,7,LATO,22.651477317258866,49.765905653392906,20371.71370341612,1897.3049758462332
2025-07-03,2025,7,LATO,22.714359387147226,49.765905653392906,23709.899247344183,1897.6580717459433
2025-07-03,2025,7,LATO,22.14842075815193,49.82878772328128,23509.001546003838,1881.575596606989
2025-07-03,2025,7,LATO,22.211302828040303,49.82878772328128,19302.672401242962,1883.113941560263
2025-07-03,2025,7,LATO,22.274184897928663,49.82878772328128,15277.216372643947,1883.5836580384998
2025-07-03,2025,7,LATO,22.337066967817037,49.82878772328128,11622.125849843118,1872.788869406098
2025-07-03,2025,7,LATO,22.399949037705397,49.82878772328128,8811.053425103102,1871.4345501244256
2025-07-03,2025,7,LATO,22.46283110759377,49.82878772328128,7815.101725436394,1879.010630208422
2025-07-03,2025,7,LATO,22.52571317748213,49.82878772328128,9241.055230812668,1886.7117757786252
2025-07-03,2025,7,LATO,22.588595247370506,49.82878772328128,12271.867329400819,1887.4089687978553
2025-07-03,2025,7,LATO,22.651477317258866,49.82878772328128,16021.258563246713,1901.2613370633019
2025-07-03,2025,7,LATO,22.714359387147226,49.82878772328128,20090.86840189349,1899.8992637383135
2025-07-03,2025,7,LATO,22.7772414570356,49.82878772328128,24320.4729780271,1897.2938701269677
2025-07-03,2025,7,LATO,22.14842075815193,49.89166979316964,22176.533966168987,1879.8417659134514
2025-07-03,2025,7,LATO,22.211302828040303,49.89166979316964,17662.170160851372,1879.010501623412
2025-07-03,2025,7,LATO,22.274184897928663,49.89166979316964,13150.397981968348,1878.0215212741134
2025-07-03,2025,7,LATO,22.337066967817037,49.89166979316964,8645.281580533669,1876.4410533504547
2025-07-03,2025,7,LATO,22.399949037705397,49.89166979316964,4168.4653838731665,1876.5327773771803
2025-07-03,2025,7,LATO,22.46283110759377,49.89166979316964,915.7735323810977,1890.681424205052
2025-07-03,2025,7,LATO,22.52571317748213,49.89166979316964,5012.8341822749335,1894.1435744282885
2025-07-03,2025,7,LATO,22.588595247370506,49.89166979316964,9499.773366756152,1897.47762353667
2025-07-03,2025,7,LATO,22.651477317258866,49.89166979316964,14006.789569911276,1903.7236175809032
2025-07-03,2025,7,LATO,22.714359387147226,49.89166979316964,18519.228167731453,1903.7899281565412
2025-07-03,2025,7,LATO,22.7772414570356,49.89166979316964,23033.900325477673,1893.418722266967
2025-07-03,2025,7,LATO,22.14842075815193,49.954551863058015,22994.824269715486,1880.621261734717
2025-07-03,2025,7,LATO,22.211302828040303,49.954551863058015,18685.537456604256,1883.107781707247
2025-07-03,2025,7,LATO,22.274184897928663,49.954551863058015,14502.094242152669,1880.854386503203
2025-07-03,2025,7,LATO,22.337066967817037,49.954551863058015,10594.637249937323,1878.4262757988326
2025-07-03,2025,7,LATO,22.399949037705397,49.954551863058015,7413.245892451485,1880.967033445115
2025-07-03,2025,7,LATO,22.46283110759377,49.954551863058015,6200.026734374416,1885.6919455036632
2025-07-03,2025,7,LATO,22.52571317748213,49.954551863058015,7918.239441228203,1891.0822267920666
2025-07-03,2025,7,LATO,22.588595247370506,49.954551863058015,11301.812859466689,1902.5480547663344
2025-07-03,2025,7,LATO,22.651477317258866,49.954551863058015,15281.939992676336,1902.7968732389452
2025-07-03,2025,7,LATO,22.714359387147226,49.954551863058015,19496.629429511904,1902.8462167349162
2025-07-03,2025,7,LATO,22.7772414570356,49.954551863058015,23821.701564440966,1896.5766923596861
2025-07-03,2025,7,LATO,22.211302828040303,50.017433932946375,22004.268573433346,1882.406572396732
2025-07-03,2025,7,LATO,22.274184897928663,50.017433932946375,18588.443756014225,1882.6778879372816
2025-07-03,2025,7,LATO,22.337066967817037,50.017433932946375,15735.112606983354,1890.5500362157463
2025-07-03,2025,7,LATO,22.399949037705397,50.017433932946375,13797.768999143414,1891.354626165592
2025-07-03,2025,7,LATO,22.46283110759377,50.017433932946375,13186.511359927295,1887.6528912577303
2025-07-03,2025,7,LATO,22.52571317748213,50.017433932946375,14075.177645224507,1900.7331542969443
2025-07-03,2025,7,LATO,22.588595247370506,50.017433932946375,16219.068898947891,1900.963371372875
2025-07-03,2025,7,LATO,22.651477317258866,50.017433932946375,19202.26311576868,1900.4124871377267
2025-07-03,2025,7,LATO,22.714359387147226,50.017433932946375,22696.183105903077,1889.213891233802
2025-07-03,2025,7,LATO,22.274184897928663,50.08031600283475,24054.002161830544,1885.650102633147
2025-07-03,2025,7,LATO,22.337066967817037,50.08031600283475,21926.844631874275,1889.9757999896112
2025-07-03,2025,7,LATO,22.399949037705397,50.08031600283475,20582.660303117143,1891.892194741798
2025-07-03,2025,7,LATO,22.46283110759377,50.08031600283475,20178.530303468786,1892.7179814106264
2025-07-03,2025,7,LATO,22.52571317748213,50.08031600283475,20769.400725010888,1896.6498759702174
2025-07-03,2025,7,LATO,22.588595247370506,50.08031600283475,22276.237062725868,1898.996927952242
2025-07-03,2025,7,LATO,22.651477317258866,50.08031600283475,24530.825063316166,1886.4628151310922
2025-07-05,2025,7,LATO,22.34056874331648,49.69952180800509,23708.447339702383,1892.3867731496061
2025-07-05,2025,7,LATO,22.403450813204856,49.69952180800509,22511.79943458476,1890.0313720702466
2025-07-05,2025,7,LATO,22.466332883093216,49.69952180800509,22191.457085013295,1890.0313720703816
2025-07-05,2025,7,LATO,22.52921495298159,49.69952180800509,22784.411337093177,1893.9806995951653
2025-07-05,2025,7,LATO,22.59209702286995,49.69952180800509,24223.688294239473,1894.7432160151648
2025-07-05,2025,7,LATO,22.214804603539747,49.76240387789346,23106.95878895339,1891.2276515803942
2025-07-05,2025,7,LATO,22.27768667342812,49.76240387789346,19920.368549401377,1891.152047402873
2025-07-05,2025,7,LATO,22.34056874331648,49.76240387789346,17339.17209749968,1890.9284278464816
2025-07-05,2025,7,LATO,22.403450813204856,49.76240387789346,15665.533506039988,1889.8270478105999
2025-07-05,2025,7,LATO,22.466332883093216,49.76240387789346,15202.206883558265,1889.6288125025878
2025-07-05,2025,7,LATO,22.52921495298159,49.76240387789346,16054.322721754423,1891.3533103911302
2025-07-05,2025,7,LATO,22.59209702286995,49.76240387789346,18036.396898334293,1891.4570460989805
2025-07-05,2025,7,LATO,22.654979092758325,49.76240387789346,20828.303217884408,1899.114391683998
2025-07-05,2025,7,LATO,22.717861162646685,49.76240387789346,24150.798456227407,1904.1134288056362
2025-07-05,2025,7,LATO,22.151922533651387,49.82528594778182,23405.875365687345,1892.3907438447302
2025-07-05,2025,7,LATO,22.214804603539747,49.82528594778182,19235.870255178615,1896.2903762874168
2025-07-05,2025,7,LATO,22.27768667342812,49.82528594778182,15267.139218884548,1895.9305996520284
2025-07-05,2025,7,LATO,22.34056874331648,49.82528594778182,11706.221813903036,1895.6982229510952
2025-07-05,2025,7,LATO,22.403450813204856,49.82528594778182,9048.152108412338,1895.2234942713167
2025-07-05,2025,7,LATO,22.466332883093216,49.82528594778182,8221.053008191087,1894.7872778314531
2025-07-05,2025,7,LATO,22.52921495298159,49.82528594778182,9704.919022807882,1891.5848660180923
2025-07-05,2025,7,LATO,22.59209702286995,49.82528594778182,12714.892309233675,1891.4080914579124
2025-07-05,2025,7,LATO,22.654979092758325,49.82528594778182,16432.736899822812,1904.2571858415065
2025-07-05,2025,7,LATO,22.717861162646685,49.82528594778182,20476.435638590574,1906.586886889377
2025-07-05,2025,7,LATO,22.780743232535045,49.82528594778182,24686.374461595908,1906.538795303619
2025-07-05,2025,7,LATO,22.151922533651387,49.888168017670196,21943.714546477226,1891.835335443715
2025-07-05,2025,7,LATO,22.214804603539747,49.888168017670196,17433.901799682266,1898.4264261486842
2025-07-05,2025,7,LATO,22.27768667342812,49.888168017670196,12930.016723886381,1898.4177991461984
2025-07-05,2025,7,LATO,22.34056874331648,49.888168017670196,8441.558273147151,1900.425256503105
2025-07-05,2025,7,LATO,22.403450813204856,49.888168017670196,4020.5373898623593,1900.1841341053748
2025-07-05,2025,7,LATO,22.466332883093216,49.888168017670196,1378.340236700597,1900.5530421822748
2025-07-05,2025,7,LATO,22.52921495298159,49.888168017670196,5335.278517147574,1901.5084228515911
2025-07-05,2025,7,LATO,22.59209702286995,49.888168017670196,9790.855433427152,1901.508422851587
2025-07-05,2025,7,LATO,22.654979092758325,49.888168017670196,14285.892584658062,1905.742411684523
2025-07-05,2025,7,LATO,22.717861162646685,49.888168017670196,18792.09277355952,1905.7424426968494
2025-07-05,2025,7,LATO,22.780743232535045,49.888168017670196,23302.978707872066,1898.623827622591
2025-07-05,2025,7,LATO,22.151922533651387,49.951050087558556,22650.735794942564,1892.4570751299057
2025-07-05,2025,7,LATO,22.214804603539747,49.951050087558556,18322.14401951243,1898.5708141300206
2025-07-05,2025,7,LATO,22.27768667342812,49.951050087558556,14111.098897429001,1898.557250976533
2025-07-05,2025,7,LATO,22.34056874331648,49.951050087558556,10164.762378835938,1903.3044433593127
2025-07-05,2025,7,LATO,22.403450813204856,49.951050087558556,6949.741580528598,1903.263245254106
2025-07-05,2025,7,LATO,22.466332883093216,49.951050087558556,5835.461932606336,1898.9130524497891
2025-07-05,2025,7,LATO,22.52921495298159,49.951050087558556,7783.5314425577835,1896.313904756974
2025-07-05,2025,7,LATO,22.59209702286995,49.951050087558556,11308.905775643625,1896.5948357231189
2025-07-05,2025,7,LATO,22.780743232535045,49.951050087558556,23968.272952673648,1895.999618244138
2025-07-05,2025,7,LATO,22.214804603539747,50.01393215744693,21570.866138367957,1902.7647830917406
2025-07-05,2025,7,LATO,22.27768667342812,50.01393215744693,18135.667247950434,1902.7647658366618
2025-07-05,2025,7,LATO,22.34056874331648,50.01393215744693,15271.760579885215,1904.59336744318
2025-07-05,2025,7,LATO,22.403450813204856,50.01393215744693,13351.96649113589,1903.0287343089112
2025-07-05,2025,7,LATO,22.466332883093216,50.01393215744693,12808.094803621061,1898.8173680323787
2025-07-05,2025,7,LATO,22.52921495298159,50.01393215744693,13803.746921521719,1898.5749917825353
2025-07-05,2025,7,LATO,22.59209702286995,50.01393215744693,16055.016871001992,1900.0101257838544
2025-07-05,2025,7,LATO,22.654979092758325,50.01393215744693,19123.488466698425,1904.2796554901263
2025-07-05,2025,7,LATO,22.717861162646685,50.01393215744693,22679.86140924711,1904.301559207326
2025-07-05,2025,7,LATO,22.27768667342812,50.07681422733529,23590.82111100567,1902.0094280314977
2025-07-05,2025,7,LATO,22.403450813204856,50.07681422733529,20151.828542088526,1900.1043784912183
2025-07-05,2025,7,LATO,22.466332883093216,50.07681422733529,19796.13709963228,1900.1577871176262
2025-07-05,2025,7,LATO,22.52921495298159,50.07681422733529,20453.571741219614,1900.1847543998163
2025-07-05,2025,7,LATO,22.59209702286995,50.07681422733529,22033.6317672701,1901.7301773305853
2025-07-05,2025,7,LATO,22.654979092758325,50.07681422733529,24357.42472151566,1903.7914533944295
2025-07-06,2025,7,LATO,22.651477317258866,49.82528594778182,16214.96771392276,1860.8645522427948
2025-07-06,2025,7,LATO,22.714359387147226,49.82528594778182,20245.93914025034,1860.8646399981376
2025-07-06,2025,7,LATO,22.7772414570356,49.82528594778182,24449.00869040225,1871.8332939872414
2025-07-06,2025,7,LATO,22.14842075815193,49.888168017670196,22194.95834228595,1896.9196760216644
2025-07-06,2025,7,LATO,22.211302828040303,49.888168017670196,17684.930267546475,1896.9196927544494
2025-07-06,2025,7,LATO,22.714359387147226,49.888168017670196,18540.996723111853,1860.8646859567273
2025-07-06,2025,7,LATO,22.7772414570356,49.888168017670196,23051.700284254595,1893.1308873941218
2025-07-06,2025,7,LATO,22.714359387147226,50.01393215744693,22472.79028849216,1899.6503980096709
2025-07-15,2025,7,LATO,22.211302828040303,50.01393215744693,21773.7264251313,1896.2101203611312
2025-07-15,2025,7,LATO,22.274184897928663,50.01393215744693,18314.679458187293,1896.1529068571538
2025-07-15,2025,7,LATO,22.274184897928663,50.07681422733529,23728.53498633054,1897.2114257529956
2025-07-22,2025,7,LATO,22.399949037705397,49.703023583504546,22173.310884549213,1867.727868131236
2025-07-22,2025,7,LATO,22.399949037705397,49.765905653392906,15353.46715675865,1867.7278846222364
2025-07-22,2025,7,LATO,22.46283110759377,49.765905653392906,14803.670401760957,1867.7279018891375
2025-07-22,2025,7,LATO,22.651477317258866,49.89166979316964,14006.789569911276,1886.0197768826065
2025-07-22,2025,7,LATO,22.714359387147226,49.89166979316964,18519.228167731453,1886.01978287137
2025-07-22,2025,7,LATO,22.52571317748213,49.954551863058015,7918.239441228203,1869.7626802153825
2025-07-22,2025,7,LATO,22.588595247370506,49.954551863058015,11301.812859466689,1869.7626923824434
2025-07-22,2025,7,LATO,22.651477317258866,49.954551863058015,15281.939992676336,1886.0934045594245
2025-07-22,2025,7,LATO,22.714359387147226,49.954551863058015,19496.629429511904,1886.019775390694
2025-07-22,2025,7,LATO,22.7772414570356,49.954551863058015,23821.701564440966,1889.6799326919377
2025-07-22,2025,7,LATO,22.52571317748213,50.017433932946375,14075.177645224507,1877.998413086006
2025-07-22,2025,7,LATO,22.588595247370506,50.017433932946375,16219.068898947891,1878.1678682987101
2025-07-22,2025,7,LATO,22.651477317258866,50.017433932946375,19202.26311576868,1882.8366253562033
2025-07-22,2025,7,LATO,22.714359387147226,50.017433932946375,22696.183105903077,1887.7628102957904
2025-07-22,2025,7,LATO,22.588595247370506,50.08031600283475,22276.237062725868,1888.5659247342815
2025-07-22,2025,7,LATO,22.651477317258866,50.08031600283475,24530.825063316166,1887.9211074026173
2025-07-24,2025,7,LATO,22.214804603539747,49.765905653392906,22852.37839536346,1858.9175813268857
2025-08-05,2025,8,LATO,22.34407051881594,49.703023583504546,23255.137262703734,1853.4419433904661
2025-08-05,2025,8,LATO,22.4069525887043,49.703023583504546,22085.707102393648,1833.4518932306762
2025-08-05,2025,8,LATO,22.469834658592674,49.703023583504546,21811.500894878358,1833.4519351875076
2025-08-05,2025,8,LATO,22.218306379039205,49.765905653392906,22660.981171845084,1876.9245730207313
2025-08-05,2025,8,LATO,22.281188448927566,49.765905653392906,19460.18928820575,1870.8341157962093
2025-08-05,2025,8,LATO,22.34407051881594,49.765905653392906,16876.349965413232,1854.4550627501778
2025-08-05,2025,8,LATO,22.4069525887043,49.765905653392906,15226.84159524863,1843.7680849620808
2025-08-05,2025,8,LATO,22.469834658592674,49.765905653392906,14826.846263880092,1839.0391584792244
2025-08-05,2025,8,LATO,22.532716728481034,49.765905653392906,15771.718948820126,1833.4519076694623
2025-08-05,2025,8,LATO,22.59559879836941,49.765905653392906,17849.1479538247,1856.419660011026
2025-08-05,2025,8,LATO,22.65848086825777,49.765905653392906,20721.25408852988,1901.0095214843207
2025-08-05,2025,8,LATO,22.721362938146143,49.765905653392906,24105.641550652217,1901.0095168837076
2025-08-05,2025,8,LATO,22.15542430915083,49.82878772328128,23034.617265911897,1876.0738389809303
2025-08-05,2025,8,LATO,22.218306379039205,49.82878772328128,18843.212638873254,1874.7839132401316
2025-08-05,2025,8,LATO,22.281188448927566,49.82878772328128,14846.545618054737,1877.5177368167542
2025-08-05,2025,8,LATO,22.34407051881594,49.82878772328128,11254.042585435333,1874.3729162573006
2025-08-05,2025,8,LATO,22.4069525887043,49.82878772328128,8588.79621870295,1857.2531516576146
2025-08-05,2025,8,LATO,22.469834658592674,49.82878772328128,7858.857339596868,1845.9874893144722
2025-08-05,2025,8,LATO,22.532716728481034,49.82878772328128,9520.294167600396,1846.5660438081986
2025-08-05,2025,8,LATO,22.59559879836941,49.82878772328128,12664.545823118542,1889.374978741231
2025-08-05,2025,8,LATO,22.65848086825777,49.82878772328128,16462.861357514073,1894.2741105051748
2025-08-05,2025,8,LATO,22.721362938146143,49.82878772328128,20555.805582780067,1900.9279365812693
2025-08-05,2025,8,LATO,22.784245008034503,49.82878772328128,24797.915498238333,1901.0095281747808
2025-08-05,2025,8,LATO,22.15542430915083,49.89166979316964,21673.66463551955,1874.9053595976322
2025-08-05,2025,8,LATO,22.218306379039205,49.89166979316964,17159.501401782156,1887.7674268081944
2025-08-05,2025,8,LATO,22.281188448927566,49.89166979316964,12648.176412927016,1887.7297728818053
2025-08-05,2025,8,LATO,22.34407051881594,49.89166979316964,8144.413309122736,1886.9999501635225
2025-08-05,2025,8,LATO,22.4069525887043,49.89166979316964,3676.120132065583,1885.0900293322254
2025-08-05,2025,8,LATO,22.469834658592674,49.89166979316964,1234.3332592430152,1879.7718188693245
2025-08-05,2025,8,LATO,22.532716728481034,49.89166979316964,5510.047998282455,1915.004149576319
2025-08-05,2025,8,LATO,22.59559879836941,49.89166979316964,10001.249720505602,1912.3972626499685
2025-08-05,2025,8,LATO,22.65848086825777,49.89166979316964,14509.191178276815,1907.8392333983668
2025-08-05,2025,8,LATO,22.721362938146143,49.89166979316964,19021.972796300142,1897.649081098387
2025-08-05,2025,8,LATO,22.784245008034503,49.89166979316964,23536.808419606954,1883.3658696346229
2025-08-05,2025,8,LATO,22.15542430915083,49.954551863058015,22510.8792662599,1875.0123912610195
2025-08-05,2025,8,LATO,22.218306379039205,49.954551863058015,18211.76257979477,1907.8442268746412
2025-08-05,2025,8,LATO,22.281188448927566,49.954551863058015,14048.878285394561,1892.2702723133134
2025-08-05,2025,8,LATO,22.34407051881594,49.954551863058015,10190.576603239142,1888.1632080077504
2025-08-05,2025,8,LATO,22.4069525887043,49.954551863058015,7148.356855025623,1887.1518558806445
2025-08-05,2025,8,LATO,22.469834658592674,49.954551863058015,6254.948067902238,1896.9891143812702
2025-08-05,2025,8,LATO,22.532716728481034,49.954551863058015,8241.591098191455,1918.2508328121273
2025-08-05,2025,8,LATO,22.59559879836941,49.954551863058015,11725.935301088623,1915.8469737923363
2025-08-05,2025,8,LATO,22.65848086825777,49.954551863058015,15743.110891885131,1913.1639791279867
2025-08-05,2025,8,LATO,22.721362938146143,49.954551863058015,19974.174910830076,1900.7918379154723
2025-08-05,2025,8,LATO,22.784245008034503,49.954551863058015,24307.690331532653,1882.1023451071148
2025-08-05,2025,8,LATO,22.218306379039205,50.017433932946375,21603.925642499682,1909.1770717648785
2025-08-05,2025,8,LATO,22.281188448927566,50.017433932946375,18237.52611427792,1909.0212971303492
2025-08-05,2025,8,LATO,22.34407051881594,50.017433932946375,15466.293793761843,1908.427923668937
2025-08-05,2025,8,LATO,22.4069525887043,50.017433932946375,13657.461448845475,1918.2704495741632
2025-08-05,2025,8,LATO,22.469834658592674,50.017433932946375,13212.389441694519,1923.6553018485745
2025-08-05,2025,8,LATO,22.532716728481034,50.017433932946375,14259.351764241463,1925.4444039795442
2025-08-05,2025,8,LATO,22.59559879836941,50.017433932946375,16517.022631493433,1923.6013968264238
2025-08-05,2025,8,LATO,22.65848086825777,50.017433932946375,19570.797270048133,1920.0560151118905
2025-08-05,2025,8,LATO,22.721362938146143,50.017433932946375,23107.169243358545,1883.8662915077623
2025-08-05,2025,8,LATO,22.281188448927566,50.08031600283475,23784.217944379117,1906.4673888918521
2025-08-05,2025,8,LATO,22.34407051881594,50.08031600283475,21734.993638187294,1908.6474248043762
2025-08-05,2025,8,LATO,22.4069525887043,50.08031600283475,20488.99113317238,1906.8649067953368
2025-08-05,2025,8,LATO,22.469834658592674,50.08031600283475,20195.42885761202,1908.7244060392939
2025-08-05,2025,8,LATO,22.532716728481034,50.08031600283475,20894.489209014744,1920.002456923503
2025-08-05,2025,8,LATO,22.59559879836941,50.08031600283475,22493.81768028525,1920.7968372472726
2025-08-05,2025,8,LATO,22.65848086825777,50.08031600283475,24819.99003576218,1868.5567766988927
2025-08-05,2025,8,LATO,22.214804603539747,49.76240387789346,23106.95878895339,1865.3309281045726
2025-08-05,2025,8,LATO,22.27768667342812,49.76240387789346,19920.368549401377,1865.50113115039
2025-08-05,2025,8,LATO,22.151922533651387,49.82528594778182,23405.875365687345,1878.8560791015582
2025-08-05,2025,8,LATO,22.214804603539747,49.82528594778182,19235.870255178615,1878.8560791015216
2025-08-05,2025,8,LATO,22.27768667342812,49.82528594778182,15267.139218884548,1878.856088307672
2025-08-05,2025,8,LATO,22.151922533651387,49.888168017670196,21943.714546477226,1878.3764843015572
2025-08-05,2025,8,LATO,22.214804603539747,49.888168017670196,17433.901799682266,1878.5698595607653
2025-08-05,2025,8,LATO,22.27768667342812,49.888168017670196,12930.016723886381,1878.61093733403
2025-08-05,2025,8,LATO,22.151922533651387,49.951050087558556,22650.735794942564,1877.788593908318
2025-08-05,2025,8,LATO,22.214804603539747,49.951050087558556,18322.14401951243,1877.6001397777554
2025-08-05,2025,8,LATO,22.27768667342812,49.951050087558556,14111.098897429001,1877.5579896768947
2025-08-08,2025,8,LATO,22.721362938146143,49.765905653392906,24105.641550652217,1889.4786236372101
2025-08-08,2025,8,LATO,22.784245008034503,49.82878772328128,24797.915498238333,1893.471804488275
2025-08-08,2025,8,LATO,22.784245008034503,49.89166979316964,23536.808419606954,1891.8569348693707
2025-08-08,2025,8,LATO,22.721362938146143,49.954551863058015,19974.174910830076,1899.187759443763
2025-08-08,2025,8,LATO,22.784245008034503,49.954551863058015,24307.690331532653,1899.1877523768708
2025-08-09,2025,8,LATO,22.281188448927566,50.08031600283475,23784.217944379117,1900.7619984866644
2025-08-09,2025,8,LATO,22.34407051881594,50.08031600283475,21734.993638187294,1923.6252435324468
2025-08-09,2025,8,LATO,22.4069525887043,50.08031600283475,20488.99113317238,1925.637209017531
2025-08-09,2025,8,LATO,22.469834658592674,50.08031600283475,20195.42885761202,1914.1317349565054
2025-08-09,2025,8,LATO,22.532716728481034,50.08031600283475,20894.489209014744,1899.872528257489
2025-08-09,2025,8,LATO,22.59559879836941,50.08031600283475,22493.81768028525,1900.0034155129135
2025-08-09,2025,8,LATO,22.65848086825777,50.08031600283475,24819.99003576218,1909.8791312493775
2025-08-12,2025,8,LATO,22.34407051881594,49.69952180800509,23620.59833694739,1890.0994577513611
2025-08-12,2025,8,LATO,22.4069525887043,49.69952180800509,22470.111308591022,1904.5705704559173
2025-08-12,2025,8,LATO,22.469834658592674,49.69952180800509,22200.633987480778,1904.4051820913146
2025-08-12,2025,8,LATO,22.532716728481034,49.69952180800509,22843.366136554745,1893.717775280541
2025-08-12,2025,8,LATO,22.59559879836941,49.69952180800509,24326.11047779367,1893.932023979858
2025-08-12,2025,8,LATO,22.218306379039205,49.76240387789346,22917.674111146174,1892.2406605804056
2025-08-12,2025,8,LATO,22.281188448927566,49.76240387789346,19758.26363322222,1889.9434814453568
2025-08-12,2025,8,LATO,22.34407051881594,49.76240387789346,17219.01409544969,1891.9548722038705
2025-08-12,2025,8,LATO,22.4069525887043,49.76240387789346,15605.644834167053,1911.9425343596654
2025-08-12,2025,8,LATO,22.469834658592674,49.76240387789346,15215.582461313063,1909.5807120939594
2025-08-12,2025,8,LATO,22.532716728481034,49.76240387789346,16137.774964274748,1898.428674377318
2025-08-12,2025,8,LATO,22.59559879836941,49.76240387789346,18173.545937952676,1899.9284423614588
2025-08-12,2025,8,LATO,22.65848086825777,49.76240387789346,21001.524527867983,1908.0924397361628
2025-08-12,2025,8,LATO,22.721362938146143,49.76240387789346,24347.208013343,1906.825416778747
2025-08-12,2025,8,LATO,22.15542430915083,49.82528594778182,23170.192407185114,1901.1199906459256
2025-08-12,2025,8,LATO,22.218306379039205,49.82528594778182,19008.37222621388,1899.2949112795852
2025-08-12,2025,8,LATO,22.281188448927566,49.82528594778182,15055.289865737017,1894.9906602692795
2025-08-12,2025,8,LATO,22.34407051881594,49.82528594778182,11527.729664371389,1901.8060848476703
2025-08-12,2025,8,LATO,22.4069525887043,49.82528594778182,8944.198615953264,1912.3804460952235
2025-08-12,2025,8,LATO,22.469834658592674,49.82528594778182,8245.72867546027,1906.158239961804
2025-08-12,2025,8,LATO,22.532716728481034,49.82528594778182,9842.178831541656,1899.073060109203
2025-08-12,2025,8,LATO,22.59559879836941,49.82528594778182,12908.455700405992,1904.6992564718319
2025-08-12,2025,8,LATO,22.65848086825777,49.82528594778182,16651.465134353297,1909.8508300780543
2025-08-12,2025,8,LATO,22.721362938146143,49.82528594778182,20707.427795604613,1906.8252234831607
2025-08-12,2025,8,LATO,22.15542430915083,49.888168017670196,21692.4793474479,1895.1936333397678
2025-08-12,2025,8,LATO,22.218306379039205,49.888168017670196,17182.890490330894,1893.152153038551
2025-08-12,2025,8,LATO,22.281188448927566,49.888168017670196,12679.5060528994,1897.4193598186835
2025-08-12,2025,8,LATO,22.34407051881594,49.888168017670196,8192.569773676416,1908.1935640065326
2025-08-12,2025,8,LATO,22.4069525887043,49.888168017670196,3781.1069142950564,1906.4337244110588
2025-08-12,2025,8,LATO,22.469834658592674,49.888168017670196,1518.428519452143,1902.2553710937784
2025-08-12,2025,8,LATO,22.532716728481034,49.888168017670196,5580.748851021591,1904.8994740393616
2025-08-12,2025,8,LATO,22.59559879836941,49.888168017670196,10040.625739657073,1914.8387937063492
2025-08-12,2025,8,LATO,22.65848086825777,49.888168017670196,14536.636226576622,1913.8660075069608
2025-08-12,2025,8,LATO,22.721362938146143,49.888168017670196,19043.202521501644,1906.3909968539049
2025-08-12,2025,8,LATO,22.784245008034503,49.888168017670196,23554.26430713341,1910.0262858110511
2025-08-12,2025,8,LATO,22.15542430915083,49.951050087558556,22407.747151401403,1898.535601084573
2025-08-12,2025,8,LATO,22.218306379039205,49.951050087558556,18083.778603949715,1891.4219855854274
2025-08-12,2025,8,LATO,22.281188448927566,49.951050087558556,13882.218574993138,1900.7110167371443
2025-08-12,2025,8,LATO,22.34407051881594,49.951050087558556,9959.22054435593,1911.3832999402644
2025-08-12,2025,8,LATO,22.4069525887043,49.951050087558556,6814.205118417799,1910.921745432253
2025-08-12,2025,8,LATO,22.469834658592674,49.951050087558556,5870.08436150904,1909.868071265407
2025-08-12,2025,8,LATO,22.532716728481034,49.951050087558556,7953.579955612904,1910.5418728219547
2025-08-12,2025,8,LATO,22.59559879836941,49.951050087558556,11525.546621918342,1913.219323437964
2025-08-12,2025,8,LATO,22.65848086825777,49.951050087558556,15594.685428118373,1912.4806194211405
2025-08-12,2025,8,LATO,22.721362938146143,49.951050087558556,19857.675995479847,1909.2761240975622
2025-08-12,2025,8,LATO,22.784245008034503,49.951050087558556,24212.33891618957,1919.59394421438
2025-08-12,2025,8,LATO,22.218306379039205,50.01393215744693,21369.035090490735,1902.4990219889648
2025-08-12,2025,8,LATO,22.281188448927566,50.01393215744693,17958.38692550476,1924.3521323721206
2025-08-12,2025,8,LATO,22.34407051881594,50.01393215744693,15135.90926618548,1923.4239713059803
2025-08-12,2025,8,LATO,22.4069525887043,50.01393215744693,13282.01515752109,1907.917984353355
2025-08-12,2025,8,LATO,22.469834658592674,50.01393215744693,12823.885492817533,1908.2322103632393
2025-08-12,2025,8,LATO,22.532716728481034,50.01393215744693,13900.216113367866,1913.2612834989548
2025-08-12,2025,8,LATO,22.59559879836941,50.01393215744693,16208.145723529628,1913.1698217677301
2025-08-12,2025,8,LATO,22.65848086825777,50.01393215744693,19311.035060108297,1902.316284179625
2025-08-12,2025,8,LATO,22.721362938146143,50.01393215744693,22887.818044151572,1906.4588239214338
2025-08-12,2025,8,LATO,22.281188448927566,50.07681422733529,23454.987431866073,1924.368906707686
2025-08-12,2025,8,LATO,22.34407051881594,50.07681422733529,21374.062898508386,1924.7356440233084
2025-08-12,2025,8,LATO,22.4069525887043,50.07681422733529,20105.609736342074,1905.0966985118507
2025-08-12,2025,8,LATO,22.469834658592674,50.07681422733529,19806.343999861874,1905.674699714859
2025-08-12,2025,8,LATO,22.532716728481034,50.07681422733529,20518.715511302635,1914.00878906257
2025-08-12,2025,8,LATO,22.59559879836941,50.07681422733529,22145.31316208404,1914.0087890624334
2025-08-12,2025,8,LATO,22.65848086825777,50.07681422733529,24504.754351744,1902.954726777776
2025-08-13,2025,8,LATO,22.34407051881594,49.703023583504546,23255.137262703734,1897.2817594616672
2025-08-13,2025,8,LATO,22.4069525887043,49.703023583504546,22085.707102393648,1897.0894749749561
2025-08-13,2025,8,LATO,22.469834658592674,49.703023583504546,21811.500894878358,1899.0990275874653
2025-08-13,2025,8,LATO,22.532716728481034,49.703023583504546,22465.3225243492,1883.345902473226
2025-08-13,2025,8,LATO,22.59559879836941,49.703023583504546,23971.357135078226,1871.1892901182923
2025-08-13,2025,8,LATO,22.218306379039205,49.765905653392906,22660.981171845084,1906.4344985133557
2025-08-13,2025,8,LATO,22.281188448927566,49.765905653392906,19460.18928820575,1898.9593249909065
2025-08-13,2025,8,LATO,22.34407051881594,49.765905653392906,16876.349965413232,1894.2147440321341
2025-08-13,2025,8,LATO,22.4069525887043,49.765905653392906,15226.84159524863,1901.2171323160728
2025-08-13,2025,8,LATO,22.469834658592674,49.765905653392906,14826.846263880092,1899.4470565750853
2025-08-13,2025,8,LATO,22.532716728481034,49.765905653392906,15771.718948820126,1891.177100033517
2025-08-13,2025,8,LATO,22.59559879836941,49.765905653392906,17849.1479538247,1889.1217195037689
2025-08-13,2025,8,LATO,22.65848086825777,49.765905653392906,20721.25408852988,1902.5520655572236
2025-08-13,2025,8,LATO,22.721362938146143,49.765905653392906,24105.641550652217,1914.1850880514885
2025-08-13,2025,8,LATO,22.15542430915083,49.82878772328128,23034.617265911897,1888.8611251569484
2025-08-13,2025,8,LATO,22.218306379039205,49.82878772328128,18843.212638873254,1915.2697697248998
2025-08-13,2025,8,LATO,22.281188448927566,49.82878772328128,14846.545618054737,1898.957166171834
2025-08-13,2025,8,LATO,22.34407051881594,49.82878772328128,11254.042585435333,1898.275126352277
2025-08-13,2025,8,LATO,22.4069525887043,49.82878772328128,8588.79621870295,1910.2689481859607
2025-08-13,2025,8,LATO,22.469834658592674,49.82878772328128,7858.857339596868,1909.5448150418927
2025-08-13,2025,8,LATO,22.532716728481034,49.82878772328128,9520.294167600396,1889.367840633292
2025-08-13,2025,8,LATO,22.59559879836941,49.82878772328128,12664.545823118542,1894.1022915886465
2025-08-13,2025,8,LATO,22.65848086825777,49.82878772328128,16462.861357514073,1907.1701938468996
2025-08-13,2025,8,LATO,22.721362938146143,49.82878772328128,20555.805582780067,1916.9402015347264
2025-08-13,2025,8,LATO,22.784245008034503,49.82878772328128,24797.915498238333,1915.963442164493
2025-08-13,2025,8,LATO,22.15542430915083,49.89166979316964,21673.66463551955,1900.9550694283814
2025-08-13,2025,8,LATO,22.218306379039205,49.89166979316964,17159.501401782156,1905.515947321231
2025-08-13,2025,8,LATO,22.281188448927566,49.89166979316964,12648.176412927016,1895.3481445312782
2025-08-13,2025,8,LATO,22.34407051881594,49.89166979316964,8144.413309122736,1898.6162629321402
2025-08-13,2025,8,LATO,22.4069525887043,49.89166979316964,3676.120132065583,1901.409628554088
2025-08-13,2025,8,LATO,22.469834658592674,49.89166979316964,1234.3332592430152,1896.8327842811236
2025-08-13,2025,8,LATO,22.532716728481034,49.89166979316964,5510.047998282455,1895.1441818492121
2025-08-13,2025,8,LATO,22.59559879836941,49.89166979316964,10001.249720505602,1904.6130371093998
2025-08-13,2025,8,LATO,22.65848086825777,49.89166979316964,14509.191178276815,1909.6120534044137
2025-08-13,2025,8,LATO,22.721362938146143,49.89166979316964,19021.972796300142,1912.5610429046149
2025-08-13,2025,8,LATO,22.784245008034503,49.89166979316964,23536.808419606954,1909.8123359581905
2025-08-13,2025,8,LATO,22.15542430915083,49.954551863058015,22510.8792662599,1904.2906174092134
2025-08-13,2025,8,LATO,22.218306379039205,49.954551863058015,18211.76257979477,1897.7026755833474
2025-08-13,2025,8,LATO,22.281188448927566,49.954551863058015,14048.878285394561,1893.8361347825983
2025-08-13,2025,8,LATO,22.34407051881594,49.954551863058015,10190.576603239142,1908.8078351439935
2025-08-13,2025,8,LATO,22.4069525887043,49.954551863058015,7148.356855025623,1904.1160470489206
2025-08-13,2025,8,LATO,22.469834658592674,49.954551863058015,6254.948067902238,1901.4245997024052
2025-08-13,2025,8,LATO,22.532716728481034,49.954551863058015,8241.591098191455,1902.3891050438813
2025-08-13,2025,8,LATO,22.59559879836941,49.954551863058015,11725.935301088623,1903.0945078199377
2025-08-13,2025,8,LATO,22.65848086825777,49.954551863058015,15743.110891885131,1914.7508534349408
2025-08-13,2025,8,LATO,22.721362938146143,49.954551863058015,19974.174910830076,1913.0578248464096
2025-08-13,2025,8,LATO,22.784245008034503,49.954551863058015,24307.690331532653,1911.3572998047246
2025-08-13,2025,8,LATO,22.218306379039205,50.017433932946375,21603.925642499682,1905.891311556488
2025-08-13,2025,8,LATO,22.281188448927566,50.017433932946375,18237.52611427792,1915.8050644588825
2025-08-13,2025,8,LATO,22.34407051881594,50.017433932946375,15466.293793761843,1917.0411824280907
2025-08-13,2025,8,LATO,22.4069525887043,50.017433932946375,13657.461448845475,1903.313130034109
2025-08-13,2025,8,LATO,22.469834658592674,50.017433932946375,13212.389441694519,1902.752586778346
2025-08-13,2025,8,LATO,22.532716728481034,50.017433932946375,14259.351764241463,1902.2616336106432
2025-08-13,2025,8,LATO,22.59559879836941,50.017433932946375,16517.022631493433,1901.2773922463405
2025-08-13,2025,8,LATO,22.65848086825777,50.017433932946375,19570.797270048133,1912.5092773436872
2025-08-13,2025,8,LATO,22.721362938146143,50.017433932946375,23107.169243358545,1907.4720130506003
2025-08-13,2025,8,LATO,22.281188448927566,50.08031600283475,23784.217944379117,1912.0133145384107
2025-08-13,2025,8,LATO,22.34407051881594,50.08031600283475,21734.993638187294,1910.18772270531
2025-08-13,2025,8,LATO,22.4069525887043,50.08031600283475,20488.99113317238,1894.1768144409384
2025-08-13,2025,8,LATO,22.469834658592674,50.08031600283475,20195.42885761202,1897.4487317153753
2025-08-13,2025,8,LATO,22.532716728481034,50.08031600283475,20894.489209014744,1898.121960126671
2025-08-13,2025,8,LATO,22.59559879836941,50.08031600283475,22493.81768028525,1907.3516151064855
2025-08-13,2025,8,LATO,22.65848086825777,50.08031600283475,24819.99003576218,1903.8804402311732
2025-08-14,2025,8,LATO,22.34407051881594,49.703023583504546,23255.137262703734,1883.8927361372243
2025-08-14,2025,8,LATO,22.4069525887043,49.703023583504546,22085.707102393648,1902.8225132089433
2025-08-14,2025,8,LATO,22.469834658592674,49.703023583504546,21811.500894878358,1901.8845414649945
2025-08-14,2025,8,LATO,22.532716728481034,49.703023583504546,22465.3225243492,1887.2196217763437
2025-08-14,2025,8,LATO,22.59559879836941,49.703023583504546,23971.357135078226,1886.6275310900185
2025-08-14,2025,8,LATO,22.218306379039205,49.765905653392906,22660.981171845084,1893.2285644484273
2025-08-14,2025,8,LATO,22.281188448927566,49.765905653392906,19460.18928820575,1888.2255967391047
2025-08-14,2025,8,LATO,22.34407051881594,49.765905653392906,16876.349965413232,1891.6853424608476
2025-08-14,2025,8,LATO,22.4069525887043,49.765905653392906,15226.84159524863,1900.530942515886
2025-08-14,2025,8,LATO,22.469834658592674,49.765905653392906,14826.846263880092,1900.68918278169
2025-08-14,2025,8,LATO,22.532716728481034,49.765905653392906,15771.718948820126,1893.3189103664738
2025-08-14,2025,8,LATO,22.59559879836941,49.765905653392906,17849.1479538247,1892.9777905063913
2025-08-14,2025,8,LATO,22.65848086825777,49.765905653392906,20721.25408852988,1902.6493886095632
2025-08-14,2025,8,LATO,22.721362938146143,49.765905653392906,24105.641550652217,1895.6434857151073
2025-08-14,2025,8,LATO,22.15542430915083,49.82878772328128,23034.617265911897,1907.4718948105644
2025-08-14,2025,8,LATO,22.218306379039205,49.82878772328128,18843.212638873254,1897.7005546182822
2025-08-14,2025,8,LATO,22.281188448927566,49.82878772328128,14846.545618054737,1893.7971699480834
2025-08-14,2025,8,LATO,22.34407051881594,49.82878772328128,11254.042585435333,1907.9076970026047
2025-08-14,2025,8,LATO,22.4069525887043,49.82878772328128,8588.79621870295,1907.934968282417
2025-08-14,2025,8,LATO,22.469834658592674,49.82878772328128,7858.857339596868,1898.6687687651226
2025-08-14,2025,8,LATO,22.532716728481034,49.82878772328128,9520.294167600396,1894.4428569850274
2025-08-14,2025,8,LATO,22.59559879836941,49.82878772328128,12664.545823118542,1897.3307219451829
2025-08-14,2025,8,LATO,22.65848086825777,49.82878772328128,16462.861357514073,1905.2742252162354
2025-08-14,2025,8,LATO,22.721362938146143,49.82878772328128,20555.805582780067,1894.438239379946
2025-08-14,2025,8,LATO,22.784245008034503,49.82878772328128,24797.915498238333,1894.2119757581343
2025-08-14,2025,8,LATO,22.15542430915083,49.89166979316964,21673.66463551955,1897.4023570205688
2025-08-14,2025,8,LATO,22.218306379039205,49.89166979316964,17159.501401782156,1891.0027103002278
2025-08-14,2025,8,LATO,22.281188448927566,49.89166979316964,12648.176412927016,1906.5735768272475
2025-08-14,2025,8,LATO,22.34407051881594,49.89166979316964,8144.413309122736,1907.8508242773605
2025-08-14,2025,8,LATO,22.4069525887043,49.89166979316964,3676.120132065583,1907.2637228855306
2025-08-14,2025,8,LATO,22.469834658592674,49.89166979316964,1234.3332592430152,1906.4465812642388
2025-08-14,2025,8,LATO,22.532716728481034,49.89166979316964,5510.047998282455,1904.4759939885173
2025-08-14,2025,8,LATO,22.59559879836941,49.89166979316964,10001.249720505602,1910.6550420765266
2025-08-14,2025,8,LATO,22.65848086825777,49.89166979316964,14509.191178276815,1908.3958305606286
2025-08-14,2025,8,LATO,22.721362938146143,49.89166979316964,19021.972796300142,1899.3401930982193
2025-08-14,2025,8,LATO,22.784245008034503,49.89166979316964,23536.808419606954,1899.2148801728677
2025-08-14,2025,8,LATO,22.15542430915083,49.954551863058015,22510.8792662599,1891.7244335464388
2025-08-14,2025,8,LATO,22.218306379039205,49.954551863058015,18211.76257979477,1887.784421145351
2025-08-14,2025,8,LATO,22.281188448927566,49.954551863058015,14048.878285394561,1911.6272614265729
2025-08-14,2025,8,LATO,22.34407051881594,49.954551863058015,10190.576603239142,1908.8939782299399
2025-08-14,2025,8,LATO,22.4069525887043,49.954551863058015,7148.356855025623,1909.0998610174513
2025-08-14,2025,8,LATO,22.469834658592674,49.954551863058015,6254.948067902238,1908.3856343487075
2025-08-14,2025,8,LATO,22.532716728481034,49.954551863058015,8241.591098191455,1909.5581983054801
2025-08-14,2025,8,LATO,22.59559879836941,49.954551863058015,11725.935301088623,1910.6249999999334
2025-08-14,2025,8,LATO,22.65848086825777,49.954551863058015,15743.110891885131,1900.9825485550691
2025-08-14,2025,8,LATO,22.721362938146143,49.954551863058015,19974.174910830076,1899.6140227447968
2025-08-14,2025,8,LATO,22.784245008034503,49.954551863058015,24307.690331532653,1901.9022991998454
2025-08-14,2025,8,LATO,22.218306379039205,50.017433932946375,21603.925642499682,1915.855522973956
2025-08-14,2025,8,LATO,22.281188448927566,50.017433932946375,18237.52611427792,1924.4784843494576
2025-08-14,2025,8,LATO,22.34407051881594,50.017433932946375,15466.293793761843,1916.3920640865992
2025-08-14,2025,8,LATO,22.4069525887043,50.017433932946375,13657.461448845475,1907.579666508108
2025-08-14,2025,8,LATO,22.469834658592674,50.017433932946375,13212.389441694519,1908.6204865969798
2025-08-14,2025,8,LATO,22.532716728481034,50.017433932946375,14259.351764241463,1911.805001178358
2025-08-14,2025,8,LATO,22.59559879836941,50.017433932946375,16517.022631493433,1907.6990727401094
2025-08-14,2025,8,LATO,22.65848086825777,50.017433932946375,19570.797270048133,1890.811523437438
2025-08-14,2025,8,LATO,22.721362938146143,50.017433932946375,23107.169243358545,1895.8972639998847
2025-08-14,2025,8,LATO,22.281188448927566,50.08031600283475,23784.217944379117,1906.9367803166942
2025-08-14,2025,8,LATO,22.34407051881594,50.08031600283475,21734.993638187294,1903.081643724305
2025-08-14,2025,8,LATO,22.4069525887043,50.08031600283475,20488.99113317238,1904.4318153588222
2025-08-14,2025,8,LATO,22.469834658592674,50.08031600283475,20195.42885761202,1903.4407926376134
2025-08-14,2025,8,LATO,22.532716728481034,50.08031600283475,20894.489209014744,1901.881952918569
2025-08-14,2025,8,LATO,22.59559879836941,50.08031600283475,22493.81768028525,1892.093130372646
2025-08-14,2025,8,LATO,22.65848086825777,50.08031600283475,24819.99003576218,1893.1133594653961
2025-08-15,2025,8,LATO,22.34407051881594,49.703023583504546,23255.137262703734,1864.6249529602949
2025-08-15,2025,8,LATO,22.4069525887043,49.703023583504546,22085.707102393648,1868.5606820445394
2025-08-15,2025,8,LATO,22.469834658592674,49.703023583504546,21811.500894878358,1866.859314916234
2025-08-15,2025,8,LATO,22.532716728481034,49.703023583504546,22465.3225243492,1857.7044233408142
2025-08-15,2025,8,LATO,22.59559879836941,49.703023583504546,23971.357135078226,1857.9296077107088
2025-08-15,2025,8,LATO,22.218306379039205,49.765905653392906,22660.981171845084,1873.1185075141996
2025-08-15,2025,8,LATO,22.281188448927566,49.765905653392906,19460.18928820575,1873.5203047071175
2025-08-15,2025,8,LATO,22.34407051881594,49.765905653392906,16876.349965413232,1875.587237608311
2025-08-15,2025,8,LATO,22.4069525887043,49.765905653392906,15226.84159524863,1874.1949292507306
2025-08-15,2025,8,LATO,22.469834658592674,49.765905653392906,14826.846263880092,1872.7805445792326
2025-08-15,2025,8,LATO,22.532716728481034,49.765905653392906,15771.718948820126,1875.0508487316358
2025-08-15,2025,8,LATO,22.59559879836941,49.765905653392906,17849.1479538247,1879.8309303473818
2025-08-15,2025,8,LATO,22.65848086825777,49.765905653392906,20721.25408852988,1877.633670184657
2025-08-15,2025,8,LATO,22.721362938146143,49.765905653392906,24105.641550652217,1876.7339405323005
2025-08-15,2025,8,LATO,22.15542430915083,49.82878772328128,23034.617265911897,1877.3700879866153
2025-08-15,2025,8,LATO,22.218306379039205,49.82878772328128,18843.212638873254,1874.5639659261929
2025-08-15,2025,8,LATO,22.281188448927566,49.82878772328128,14846.545618054737,1875.5217069144917
2025-08-15,2025,8,LATO,22.34407051881594,49.82878772328128,11254.042585435333,1881.7611969697184
2025-08-15,2025,8,LATO,22.4069525887043,49.82878772328128,8588.79621870295,1877.5888653761808
2025-08-15,2025,8,LATO,22.469834658592674,49.82878772328128,7858.857339596868,1877.0663353070668
2025-08-15,2025,8,LATO,22.532716728481034,49.82878772328128,9520.294167600396,1886.1871653372505
2025-08-15,2025,8,LATO,22.59559879836941,49.82878772328128,12664.545823118542,1885.3543577475468
2025-08-15,2025,8,LATO,22.65848086825777,49.82878772328128,16462.861357514073,1881.3128761210367
2025-08-15,2025,8,LATO,22.721362938146143,49.82878772328128,20555.805582780067,1891.17957006657
2025-08-15,2025,8,LATO,22.784245008034503,49.82878772328128,24797.915498238333,1891.3693085944399
2025-08-15,2025,8,LATO,22.15542430915083,49.89166979316964,21673.66463551955,1875.3574019261841
2025-08-15,2025,8,LATO,22.218306379039205,49.89166979316964,17159.501401782156,1875.1403381775665
2025-08-15,2025,8,LATO,22.281188448927566,49.89166979316964,12648.176412927016,1893.3295107490728
2025-08-15,2025,8,LATO,22.34407051881594,49.89166979316964,8144.413309122736,1894.0726523393455
2025-08-15,2025,8,LATO,22.4069525887043,49.89166979316964,3676.120132065583,1887.920991760478
2025-08-15,2025,8,LATO,22.469834658592674,49.89166979316964,1234.3332592430152,1890.8915549890385
2025-08-15,2025,8,LATO,22.532716728481034,49.89166979316964,5510.047998282455,1900.370475792042
2025-08-15,2025,8,LATO,22.59559879836941,49.89166979316964,10001.249720505602,1899.8690318536278
2025-08-15,2025,8,LATO,22.65848086825777,49.89166979316964,14509.191178276815,1897.7580680674218
2025-08-15,2025,8,LATO,22.721362938146143,49.89166979316964,19021.972796300142,1893.9273449840964
2025-08-15,2025,8,LATO,22.784245008034503,49.89166979316964,23536.808419606954,1893.2955322264922
2025-08-15,2025,8,LATO,22.15542430915083,49.954551863058015,22510.8792662599,1877.4539794921586
2025-08-15,2025,8,LATO,22.218306379039205,49.954551863058015,18211.76257979477,1880.8086584878897
2025-08-15,2025,8,LATO,22.281188448927566,49.954551863058015,14048.878285394561,1886.7015212795723
2025-08-15,2025,8,LATO,22.34407051881594,49.954551863058015,10190.576603239142,1888.9137235691037
2025-08-15,2025,8,LATO,22.4069525887043,49.954551863058015,7148.356855025623,1894.4073596626465
2025-08-15,2025,8,LATO,22.469834658592674,49.954551863058015,6254.948067902238,1897.5110073500239
2025-08-15,2025,8,LATO,22.532716728481034,49.954551863058015,8241.591098191455,1900.184719999311
2025-08-15,2025,8,LATO,22.59559879836941,49.954551863058015,11725.935301088623,1900.8123779296213
2025-08-15,2025,8,LATO,22.65848086825777,49.954551863058015,15743.110891885131,1895.6357958935307
2025-08-15,2025,8,LATO,22.721362938146143,49.954551863058015,19974.174910830076,1897.0581268487124
2025-08-15,2025,8,LATO,22.784245008034503,49.954551863058015,24307.690331532653,1896.2301174401866
2025-08-15,2025,8,LATO,22.218306379039205,50.017433932946375,21603.925642499682,1901.5614744259053
2025-08-15,2025,8,LATO,22.281188448927566,50.017433932946375,18237.52611427792,1901.5135422837702
2025-08-15,2025,8,LATO,22.34407051881594,50.017433932946375,15466.293793761843,1901.504272460875
2025-08-15,2025,8,LATO,22.4069525887043,50.017433932946375,13657.461448845475,1901.2312071294273
2025-08-15,2025,8,LATO,22.469834658592674,50.017433932946375,13212.389441694519,1900.734941196135
2025-08-15,2025,8,LATO,22.532716728481034,50.017433932946375,14259.351764241463,1899.7674804498993
2025-08-15,2025,8,LATO,22.59559879836941,50.017433932946375,16517.022631493433,1896.5812328124578
2025-08-15,2025,8,LATO,22.65848086825777,50.017433932946375,19570.797270048133,1893.6690208262642
2025-08-15,2025,8,LATO,22.721362938146143,50.017433932946375,23107.169243358545,1893.4967562349698
2025-08-15,2025,8,LATO,22.281188448927566,50.08031600283475,23784.217944379117,1893.0232256999034
2025-08-15,2025,8,LATO,22.34407051881594,50.08031600283475,21734.993638187294,1895.8718732880188
2025-08-15,2025,8,LATO,22.4069525887043,50.08031600283475,20488.99113317238,1895.728545415317
2025-08-15,2025,8,LATO,22.469834658592674,50.08031600283475,20195.42885761202,1898.1516831250487
2025-08-15,2025,8,LATO,22.532716728481034,50.08031600283475,20894.489209014744,1888.0285940252963
2025-08-15,2025,8,LATO,22.59559879836941,50.08031600283475,22493.81768028525,1882.9926886289888
2025-08-15,2025,8,LATO,22.65848086825777,50.08031600283475,24819.99003576218,1890.4622413192465
2025-08-15,2025,8,LATO,22.34056874331648,49.69952180800509,23708.447339702383,1861.30373745489
2025-08-15,2025,8,LATO,22.403450813204856,49.69952180800509,22511.79943458476,1861.295335334926
2025-08-15,2025,8,LATO,22.466332883093216,49.69952180800509,22191.457085013295,1861.2910469235144
2025-08-15,2025,8,LATO,22.52921495298159,49.69952180800509,22784.411337093177,1861.2824572476886
2025-08-15,2025,8,LATO,22.59209702286995,49.69952180800509,24223.688294239473,1872.3385554435029
2025-08-15,2025,8,LATO,22.214804603539747,49.76240387789346,23106.95878895339,1877.2451792595284
2025-08-15,2025,8,LATO,22.27768667342812,49.76240387789346,19920.368549401377,1868.969726562479
2025-08-15,2025,8,LATO,22.34056874331648,49.76240387789346,17339.17209749968,1868.895072412074
2025-08-15,2025,8,LATO,22.403450813204856,49.76240387789346,15665.533506039988,1868.5732930043525
2025-08-15,2025,8,LATO,22.466332883093216,49.76240387789346,15202.206883558265,1868.4123466811727
2025-08-15,2025,8,LATO,22.52921495298159,49.76240387789346,16054.322721754423,1868.0976414091153
2025-08-15,2025,8,LATO,22.59209702286995,49.76240387789346,18036.396898334293,1880.3707035089794
2025-08-15,2025,8,LATO,22.654979092758325,49.76240387789346,20828.303217884408,1888.9251472226465
2025-08-15,2025,8,LATO,22.717861162646685,49.76240387789346,24150.798456227407,1888.584974577958
2025-08-15,2025,8,LATO,22.151922533651387,49.82528594778182,23405.875365687345,1882.8487879976356
2025-08-15,2025,8,LATO,22.214804603539747,49.82528594778182,19235.870255178615,1878.375630975059
2025-08-15,2025,8,LATO,22.27768667342812,49.82528594778182,15267.139218884548,1866.3234033872939
2025-08-15,2025,8,LATO,22.34056874331648,49.82528594778182,11706.221813903036,1866.0832504183898
2025-08-15,2025,8,LATO,22.403450813204856,49.82528594778182,9048.152108412338,1866.0832519530843
2025-08-15,2025,8,LATO,22.466332883093216,49.82528594778182,8221.053008191087,1866.0994967047732
2025-08-15,2025,8,LATO,22.52921495298159,49.82528594778182,9704.919022807882,1866.9120667836582
2025-08-15,2025,8,LATO,22.59209702286995,49.82528594778182,12714.892309233675,1882.063311244955
2025-08-15,2025,8,LATO,22.654979092758325,49.82528594778182,16432.736899822812,1890.2013032917525
2025-08-15,2025,8,LATO,22.717861162646685,49.82528594778182,20476.435638590574,1891.1567678643441
2025-08-15,2025,8,LATO,22.780743232535045,49.82528594778182,24686.374461595908,1893.076799593302
2025-08-15,2025,8,LATO,22.151922533651387,49.888168017670196,21943.714546477226,1882.035161902877
2025-08-15,2025,8,LATO,22.214804603539747,49.888168017670196,17433.901799682266,1881.8147289938456
2025-08-15,2025,8,LATO,22.27768667342812,49.888168017670196,12930.016723886381,1881.825697426578
2025-08-15,2025,8,LATO,22.34056874331648,49.888168017670196,8441.558273147151,1883.4198840889371
2025-08-15,2025,8,LATO,22.403450813204856,49.888168017670196,4020.5373898623593,1885.0209633758177
2025-08-15,2025,8,LATO,22.466332883093216,49.888168017670196,1378.340236700597,1885.7939454439888
2025-08-15,2025,8,LATO,22.52921495298159,49.888168017670196,5335.278517147574,1887.401460691153
2025-08-15,2025,8,LATO,22.59209702286995,49.888168017670196,9790.855433427152,1894.1549800410228
2025-08-15,2025,8,LATO,22.654979092758325,49.888168017670196,14285.892584658062,1894.2788085936797
2025-08-15,2025,8,LATO,22.717861162646685,49.888168017670196,18792.09277355952,1894.2788085937786
2025-08-15,2025,8,LATO,22.780743232535045,49.888168017670196,23302.978707872066,1894.375110993331
2025-08-15,2025,8,LATO,22.151922533651387,49.951050087558556,22650.735794942564,1882.0059535039204
2025-08-15,2025,8,LATO,22.214804603539747,49.951050087558556,18322.14401951243,1889.0118935591022
2025-08-15,2025,8,LATO,22.27768667342812,49.951050087558556,14111.098897429001,1892.542437133011
2025-08-15,2025,8,LATO,22.34056874331648,49.951050087558556,10164.762378835938,1893.8786696481975
2025-08-15,2025,8,LATO,22.403450813204856,49.951050087558556,6949.741580528598,1895.1865813134734
2025-08-15,2025,8,LATO,22.466332883093216,49.951050087558556,5835.461932606336,1895.8544401757338
2025-08-15,2025,8,LATO,22.52921495298159,49.951050087558556,7783.5314425577835,1896.9547646060714
2025-08-15,2025,8,LATO,22.59209702286995,49.951050087558556,11308.905775643625,1895.8919721112247
2025-08-15,2025,8,LATO,22.654979092758325,49.951050087558556,15361.527964304421,1896.1454367105398
2025-08-15,2025,8,LATO,22.717861162646685,49.951050087558556,19617.30951502362,1896.273416925474
2025-08-15,2025,8,LATO,22.780743232535045,49.951050087558556,23968.272952673648,1896.4279785156614
2025-08-15,2025,8,LATO,22.214804603539747,50.01393215744693,21570.866138367957,1895.2626263586644
2025-08-15,2025,8,LATO,22.27768667342812,50.01393215744693,18135.667247950434,1895.2376708984082
2025-08-15,2025,8,LATO,22.34056874331648,50.01393215744693,15271.760579885215,1895.3154311213523
2025-08-15,2025,8,LATO,22.403450813204856,50.01393215744693,13351.96649113589,1896.1160306684228
2025-08-15,2025,8,LATO,22.466332883093216,50.01393215744693,12808.094803621061,1896.5320318930014
2025-08-15,2025,8,LATO,22.52921495298159,50.01393215744693,13803.746921521719,1895.7474220596273
2025-08-15,2025,8,LATO,22.59209702286995,50.01393215744693,16055.016871001992,1890.3307980545912
2025-08-15,2025,8,LATO,22.654979092758325,50.01393215744693,19123.488466698425,1890.3308138947848
2025-08-15,2025,8,LATO,22.717861162646685,50.01393215744693,22679.86140924711,1890.3308322744847
2025-08-15,2025,8,LATO,22.27768667342812,50.07681422733529,23590.82111100567,1901.9016593622728
2025-08-15,2025,8,LATO,22.34056874331648,50.07681422733529,21470.353750102357,1902.6446818512738
2025-08-15,2025,8,LATO,22.403450813204856,50.07681422733529,20151.828542088526,1902.669555663996
2025-08-15,2025,8,LATO,22.466332883093216,50.07681422733529,19796.13709963228,1902.6695556641318
2025-08-15,2025,8,LATO,22.52921495298159,50.07681422733529,20453.571741219614,1901.9300594596425
2025-08-16,2025,8,LATO,22.34757229431539,49.703023583504546,23168.31894664425,1880.360940145435
2025-08-16,2025,8,LATO,22.41045436420376,49.703023583504546,22046.099098923332,1855.8872093250702
2025-08-16,2025,8,LATO,22.47333643409212,49.703023583504546,21823.749167416576,1855.8872184497109
2025-08-16,2025,8,LATO,22.536218503980486,49.703023583504546,22527.929404562703,1855.873732779135
2025-08-16,2025,8,LATO,22.599100573868853,49.703023583504546,24077.48504958372,1855.6997987358072
2025-08-16,2025,8,LATO,22.221808154538657,49.765905653392906,22470.778294886353,1874.953348413285
2025-08-16,2025,8,LATO,22.284690224427024,49.765905653392906,19297.51976535863,1874.4935239207546
2025-08-16,2025,8,LATO,22.34757229431539,49.765905653392906,16756.669858777605,1874.4934915554236
2025-08-16,2025,8,LATO,22.599100573868853,49.765905653392906,17991.24300006665,1855.8872652254142
2025-08-16,2025,8,LATO,22.66198264375722,49.765905653392906,20898.38767561532,1900.4143645918284
2025-08-16,2025,8,LATO,22.724864713645587,49.765905653392906,24305.01348882692,1911.5005637377117
2025-08-16,2025,8,LATO,22.15892608465029,49.82878772328128,22797.8940880918,1873.9208229002008
2025-08-16,2025,8,LATO,22.221808154538657,49.82878772328128,18614.33792429808,1874.9436573620735
2025-08-16,2025,8,LATO,22.284690224427024,49.82878772328128,14632.954900984281,1874.8445518694266
2025-08-16,2025,8,LATO,22.66198264375722,49.82878772328128,16684.978481748632,1911.4166586062227
2025-08-16,2025,8,LATO,22.724864713645587,49.82878772328128,20788.948539635192,1911.4166227318376
2025-08-16,2025,8,LATO,22.15892608465029,49.89166979316964,21422.235989645214,1870.7533312189319
2025-08-16,2025,8,LATO,22.221808154538657,49.89166979316964,16908.179138844593,1878.5099347533203
2025-08-16,2025,8,LATO,22.284690224427024,49.89166979316964,12397.09576514118,1877.7154575554073
2025-08-16,2025,8,LATO,22.34757229431539,49.89166979316964,7894.09100685643,1877.7154778829417
2025-08-16,2025,8,LATO,22.15892608465029,49.954551863058015,22269.22148748908,1875.9538330067446
2025-08-16,2025,8,LATO,22.221808154538657,49.954551863058015,17975.468261573984,1883.267744236647
2025-08-16,2025,8,LATO,22.284690224427024,49.954551863058015,13823.558632900227,1880.6908010961927
2025-08-16,2025,8,LATO,22.34757229431539,49.954551863058015,9991.910672302422,1878.4735201625733
2025-08-16,2025,8,LATO,22.41045436420376,49.954551863058015,7025.672353207316,1877.7154523108763
2025-08-16,2025,8,LATO,22.47333643409212,49.954551863058015,6297.306306392534,1877.7154585202545
2025-08-16,2025,8,LATO,22.221808154538657,50.017433932946375,21405.371057849297,1888.9394739431832
2025-08-16,2025,8,LATO,22.284690224427024,50.017433932946375,18064.754111782622,1892.7587155839003
2025-08-16,2025,8,LATO,22.34757229431539,50.017433932946375,15336.293712145525,1888.7809832619469
2025-08-16,2025,8,LATO,22.41045436420376,50.017433932946375,13593.733408909844,1882.460506387117
2025-08-16,2025,8,LATO,22.47333643409212,50.017433932946375,13232.468914192901,1898.9883767932026
2025-08-16,2025,8,LATO,22.536218503980486,50.017433932946375,14357.150812042579,1911.8158947860643
2025-08-16,2025,8,LATO,22.599100573868853,50.017433932946375,16669.684479512252,1911.8159232721166
2025-08-16,2025,8,LATO,22.66198264375722,50.017433932946375,19757.280373050577,1911.8159113096485
2025-08-16,2025,8,LATO,22.284690224427024,50.08031600283475,23652.171169138048,1884.196998027395
2025-08-16,2025,8,LATO,22.34757229431539,50.08031600283475,21642.801132084838,1884.8764508325637
2025-08-16,2025,8,LATO,22.41045436420376,50.08031600283475,20446.622197484277,1896.3610690141531
2025-08-16,2025,8,LATO,22.47333643409212,50.08031600283475,20208.55394839451,1895.041490721876
2025-08-16,2025,8,LATO,22.536218503980486,50.08031600283475,20961.26645273533,1904.7938761540215
2025-08-16,2025,8,LATO,22.599100573868853,50.08031600283475,22606.007121646166,1907.509643554621
2025-08-16,2025,8,LATO,22.66198264375722,50.08031600283475,24967.10526008387,1910.3340688048888
2025-08-16,2025,8,LATO,22.34056874331648,49.69952180800509,23708.447339702383,1883.5191137840663
2025-08-16,2025,8,LATO,22.403450813204856,49.69952180800509,22511.79943458476,1884.1187744139968
2025-08-16,2025,8,LATO,22.466332883093216,49.69952180800509,22191.457085013295,1884.1187744141316
2025-08-16,2025,8,LATO,22.52921495298159,49.69952180800509,22784.411337093177,1893.975020118281
2025-08-16,2025,8,LATO,22.59209702286995,49.69952180800509,24223.688294239473,1903.401977538996
2025-08-16,2025,8,LATO,22.214804603539747,49.76240387789346,23106.95878895339,1888.6006800461373
2025-08-16,2025,8,LATO,22.27768667342812,49.76240387789346,19920.368549401377,1888.5928573046317
2025-08-16,2025,8,LATO,22.34056874331648,49.76240387789346,17339.17209749968,1890.6927237582981
2025-08-16,2025,8,LATO,22.403450813204856,49.76240387789346,15665.533506039988,1890.6857476301245
2025-08-16,2025,8,LATO,22.466332883093216,49.76240387789346,15202.206883558265,1890.6822603445646
2025-08-16,2025,8,LATO,22.52921495298159,49.76240387789346,16054.322721754423,1894.5154887734304
2025-08-16,2025,8,LATO,22.59209702286995,49.76240387789346,18036.396898334293,1894.9497135193242
2025-08-16,2025,8,LATO,22.654979092758325,49.76240387789346,20828.303217884408,1894.9311605292285
2025-08-16,2025,8,LATO,22.717861162646685,49.76240387789346,24150.798456227407,1894.9218998409233
2025-08-16,2025,8,LATO,22.151922533651387,49.82528594778182,23405.875365687345,1892.787080669458
2025-08-16,2025,8,LATO,22.214804603539747,49.82528594778182,19235.870255178615,1892.725340827984
2025-08-16,2025,8,LATO,22.27768667342812,49.82528594778182,15267.139218884548,1892.6944602345097
2025-08-16,2025,8,LATO,22.34056874331648,49.82528594778182,11706.221813903036,1892.5379422762437
2025-08-16,2025,8,LATO,22.403450813204856,49.82528594778182,9048.152108412338,1892.5373881067935
2025-08-16,2025,8,LATO,22.466332883093216,49.82528594778182,8221.053008191087,1892.5371074627435
2025-08-16,2025,8,LATO,22.52921495298159,49.82528594778182,9704.919022807882,1896.11428266092
2025-08-16,2025,8,LATO,22.59209702286995,49.82528594778182,12714.892309233675,1896.130994728829
2025-08-16,2025,8,LATO,22.654979092758325,49.82528594778182,16432.736899822812,1896.1644331419216
2025-08-16,2025,8,LATO,22.717861162646685,49.82528594778182,20476.435638590574,1896.1811594888215
2025-08-16,2025,8,LATO,22.780743232535045,49.82528594778182,24686.374461595908,1904.9664601776753
2025-08-16,2025,8,LATO,22.151922533651387,49.888168017670196,21943.714546477226,1885.482543945341
2025-08-16,2025,8,LATO,22.214804603539747,49.888168017670196,17433.901799682266,1885.4825439452388
2025-08-16,2025,8,LATO,22.27768667342812,49.888168017670196,12930.016723886381,1885.482543945341
2025-08-16,2025,8,LATO,22.34056874331648,49.888168017670196,8441.558273147151,1907.7078857421168
2025-08-16,2025,8,LATO,22.403450813204856,49.888168017670196,4020.5373898623593,1907.707885742212
2025-08-16,2025,8,LATO,22.466332883093216,49.888168017670196,1378.340236700597,1907.7078857422161
2025-08-16,2025,8,LATO,22.52921495298159,49.888168017670196,5335.278517147574,1908.9372558594036
2025-08-16,2025,8,LATO,22.59209702286995,49.888168017670196,9790.855433427152,1908.9372558593998
2025-08-16,2025,8,LATO,22.654979092758325,49.888168017670196,14285.892584658062,1908.9372558593043
2025-08-16,2025,8,LATO,22.717861162646685,49.888168017670196,18792.09277355952,1907.4748365266157
2025-08-16,2025,8,LATO,22.780743232535045,49.888168017670196,23302.978707872066,1904.1699218749295
2025-08-16,2025,8,LATO,22.151922533651387,49.951050087558556,22650.735794942564,1888.5208566627068
2025-08-16,2025,8,LATO,22.214804603539747,49.951050087558556,18322.14401951243,1888.4981126899843
2025-08-16,2025,8,LATO,22.27768667342812,49.951050087558556,14111.098897429001,1889.7421098756195
2025-08-16,2025,8,LATO,22.34056874331648,49.951050087558556,10164.762378835938,1913.8474087644017
2025-08-16,2025,8,LATO,22.403450813204856,49.951050087558556,6949.741580528598,1913.8376396800775
2025-08-16,2025,8,LATO,22.466332883093216,49.951050087558556,5835.461932606336,1913.8327767170217
2025-08-16,2025,8,LATO,22.52921495298159,49.951050087558556,7783.5314425577835,1905.5340958324261
2025-08-16,2025,8,LATO,22.59209702286995,49.951050087558556,11308.905775643625,1905.5264340195827
2025-08-16,2025,8,LATO,22.654979092758325,49.951050087558556,15361.527964304421,1905.5111357454073
2025-08-16,2025,8,LATO,22.717861162646685,49.951050087558556,19617.30951502362,1906.2709456242926
2025-08-16,2025,8,LATO,22.780743232535045,49.951050087558556,23968.272952673648,1906.9183016636475
2025-08-16,2025,8,LATO,22.214804603539747,50.01393215744693,21570.866138367957,1903.4447762470181
2025-08-16,2025,8,LATO,22.27768667342812,50.01393215744693,18135.667247950434,1910.071061167237
2025-08-16,2025,8,LATO,22.34056874331648,50.01393215744693,15271.760579885215,1917.1252547704228
2025-08-16,2025,8,LATO,22.403450813204856,50.01393215744693,13351.96649113589,1917.1230695615573
2025-08-16,2025,8,LATO,22.466332883093216,50.01393215744693,12808.094803621061,1913.6630858403585
2025-08-16,2025,8,LATO,22.52921495298159,50.01393215744693,13803.746921521719,1904.8210713289445
2025-08-16,2025,8,LATO,22.59209702286995,50.01393215744693,16055.016871001992,1904.8239397658601
2025-08-16,2025,8,LATO,22.654979092758325,50.01393215744693,19123.488466698425,1904.7995036028874
2025-08-16,2025,8,LATO,22.717861162646685,50.01393215744693,22679.86140924711,1900.923888541103
2025-08-16,2025,8,LATO,22.27768667342812,50.07681422733529,23590.82111100567,1912.7841504317116
2025-08-16,2025,8,LATO,22.34056874331648,50.07681422733529,21470.353750102357,1916.8393827031416
2025-08-16,2025,8,LATO,22.403450813204856,50.07681422733529,20151.828542088526,1916.8446439254078
2025-08-16,2025,8,LATO,22.466332883093216,50.07681422733529,19796.13709963228,1911.0205949117862
2025-08-16,2025,8,LATO,22.52921495298159,50.07681422733529,20453.571741219614,1905.1144918374962
2025-08-16,2025,8,LATO,22.59209702286995,50.07681422733529,22033.6317672701,1905.1114491244743
2025-08-16,2025,8,LATO,22.654979092758325,50.07681422733529,24357.42472151566,1904.0663148260426
2025-08-28,2025,8,LATO,22.34407051881594,49.703023583504546,23255.137262703734,1880.6423339843134
2025-08-28,2025,8,LATO,22.4069525887043,49.703023583504546,22085.707102393648,1871.329991510447
2025-08-28,2025,8,LATO,22.469834658592674,49.703023583504546,21811.500894878358,1871.4410327590467
2025-08-28,2025,8,LATO,22.532716728481034,49.703023583504546,22465.3225243492,1863.0051749435393
2025-08-28,2025,8,LATO,22.59559879836941,49.703023583504546,23971.357135078226,1855.8238569431098
2025-08-28,2025,8,LATO,22.218306379039205,49.765905653392906,22660.981171845084,1874.0378904696129
2025-08-28,2025,8,LATO,22.281188448927566,49.765905653392906,19460.18928820575,1854.2392798735937
2025-08-28,2025,8,LATO,22.34407051881594,49.765905653392906,16876.349965413232,1853.4395287908249
2025-08-28,2025,8,LATO,22.4069525887043,49.765905653392906,15226.84159524863,1880.162471917016
2025-08-28,2025,8,LATO,22.469834658592674,49.765905653392906,14826.846263880092,1880.1624825685592
2025-08-28,2025,8,LATO,22.532716728481034,49.765905653392906,15771.718948820126,1830.257625966068
2025-08-28,2025,8,LATO,22.59559879836941,49.765905653392906,17849.1479538247,1826.181243006361
2025-08-28,2025,8,LATO,22.65848086825777,49.765905653392906,20721.25408852988,1884.9139404296334
2025-08-28,2025,8,LATO,22.721362938146143,49.765905653392906,24105.641550652217,1882.6142257005572
2025-08-28,2025,8,LATO,22.15542430915083,49.82878772328128,23034.617265911897,1890.8841033155918
2025-08-28,2025,8,LATO,22.218306379039205,49.82878772328128,18843.212638873254,1890.710687068898
2025-08-28,2025,8,LATO,22.281188448927566,49.82878772328128,14846.545618054737,1870.3030582785877
2025-08-28,2025,8,LATO,22.34407051881594,49.82878772328128,11254.042585435333,1867.242764029285
2025-08-28,2025,8,LATO,22.4069525887043,49.82878772328128,8588.79621870295,1880.0257659142846
2025-08-28,2025,8,LATO,22.469834658592674,49.82878772328128,7858.857339596868,1879.723749193943
2025-08-28,2025,8,LATO,22.532716728481034,49.82878772328128,9520.294167600396,1864.2884521484978
2025-08-28,2025,8,LATO,22.59559879836941,49.82878772328128,12664.545823118542,1865.2641099245911
2025-08-28,2025,8,LATO,22.65848086825777,49.82878772328128,16462.861357514073,1888.3823377165272
2025-08-28,2025,8,LATO,22.721362938146143,49.82878772328128,20555.805582780067,1887.0714958484243
2025-08-28,2025,8,LATO,22.15542430915083,49.89166979316964,21673.66463551955,1887.1587483112587
2025-08-28,2025,8,LATO,22.218306379039205,49.89166979316964,17159.501401782156,1889.2840168983464
2025-08-28,2025,8,LATO,22.281188448927566,49.89166979316964,12648.176412927016,1888.7693276321693
2025-08-28,2025,8,LATO,22.34407051881594,49.89166979316964,8144.413309122736,1902.7060216203918
2025-08-28,2025,8,LATO,22.4069525887043,49.89166979316964,3676.120132065583,1908.601142161894
2025-08-28,2025,8,LATO,22.469834658592674,49.89166979316964,1234.3332592430152,1899.467219313691
2025-08-28,2025,8,LATO,22.532716728481034,49.89166979316964,5510.047998282455,1891.8800692383766
2025-08-28,2025,8,LATO,22.59559879836941,49.89166979316964,10001.249720505602,1907.3391188779553
2025-08-28,2025,8,LATO,22.65848086825777,49.89166979316964,14509.191178276815,1916.600590331586
2025-08-28,2025,8,LATO,22.15542430915083,49.954551863058015,22510.8792662599,1881.008682372264
2025-08-28,2025,8,LATO,22.218306379039205,49.954551863058015,18211.76257979477,1887.0729379926786
2025-08-28,2025,8,LATO,22.281188448927566,49.954551863058015,14048.878285394561,1889.1419614488852
2025-08-28,2025,8,LATO,22.34407051881594,49.954551863058015,10190.576603239142,1918.672122429844
2025-08-28,2025,8,LATO,22.4069525887043,49.954551863058015,7148.356855025623,1916.57730910101
2025-08-28,2025,8,LATO,22.469834658592674,49.954551863058015,6254.948067902238,1900.3896960471127
2025-08-28,2025,8,LATO,22.532716728481034,49.954551863058015,8241.591098191455,1900.2455423411207
2025-08-28,2025,8,LATO,22.59559879836941,49.954551863058015,11725.935301088623,1908.808529946718
2025-08-28,2025,8,LATO,22.65848086825777,49.954551863058015,15743.110891885131,1914.1688889012669
2025-08-28,2025,8,LATO,22.784245008034503,49.954551863058015,24307.690331532653,1920.4104366989584
2025-08-28,2025,8,LATO,22.218306379039205,50.017433932946375,21603.925642499682,1891.238319797743
2025-08-28,2025,8,LATO,22.281188448927566,50.017433932946375,18237.52611427792,1922.6183635478396
2025-08-28,2025,8,LATO,22.34407051881594,50.017433932946375,15466.293793761843,1933.317970481183
2025-08-28,2025,8,LATO,22.4069525887043,50.017433932946375,13657.461448845475,1906.4501871889295
2025-08-28,2025,8,LATO,22.469834658592674,50.017433932946375,13212.389441694519,1896.7140814395282
2025-08-28,2025,8,LATO,22.532716728481034,50.017433932946375,14259.351764241463,1886.3383267929744
2025-08-28,2025,8,LATO,22.59559879836941,50.017433932946375,16517.022631493433,1883.2683106514207
2025-08-28,2025,8,LATO,22.65848086825777,50.017433932946375,19570.797270048133,1886.290272956708
2025-08-28,2025,8,LATO,22.721362938146143,50.017433932946375,23107.169243358545,1891.9175564265618
2025-08-28,2025,8,LATO,22.281188448927566,50.08031600283475,23784.217944379117,1921.9608154297578
2025-08-28,2025,8,LATO,22.34407051881594,50.08031600283475,21734.993638187294,1921.9608154296245
2025-08-28,2025,8,LATO,22.4069525887043,50.08031600283475,20488.99113317238,1898.7623472283517
2025-08-28,2025,8,LATO,22.469834658592674,50.08031600283475,20195.42885761202,1899.4271589959758
2025-08-28,2025,8,LATO,22.532716728481034,50.08031600283475,20894.489209014744,1872.8444738772662
2025-08-28,2025,8,LATO,22.59559879836941,50.08031600283475,22493.81768028525,1872.6354797447161
2025-08-28,2025,8,LATO,22.65848086825777,50.08031600283475,24819.99003576218,1861.2405776513895
2025-08-30,2025,8,LATO,22.165929635649192,49.89166979316964,20919.391463104264,1895.3359519879823
2025-08-30,2025,8,LATO,22.291693775425927,49.89166979316964,11895.00110721875,1900.4159935839875
2025-08-30,2025,8,LATO,22.354575845314294,49.89166979316964,7393.707934749382,1900.4160072778914
2025-08-30,2025,8,LATO,22.417457915202657,49.89166979316964,2944.500050124817,1900.4160144451148
2025-08-30,2025,8,LATO,22.165929635649192,49.954551863058015,21786.570287916154,1895.3359421472674
2025-08-30,2025,8,LATO,22.22881170553756,49.954551863058015,17504.14593586278,1895.3359388121662
2025-08-30,2025,8,LATO,22.291693775425927,49.954551863058015,13375.713008895505,1925.7512097155225
2025-08-30,2025,8,LATO,22.417457915202657,49.954551863058015,6801.584066412853,1900.416010334873
2025-08-30,2025,8,LATO,22.291693775425927,50.017433932946375,17724.845643369907,1925.751223020196
2025-08-30,2025,8,LATO,22.354575845314294,50.017433932946375,15085.492177146163,1925.7512272043848
2026-01-21,2026,1,ZIMA,22.536218503980486,49.692518257006185,23660.184691371272,1915.705208884265
2026-01-21,2026,1,ZIMA,22.221808154538657,49.755400326894545,23258.189037849254,1919.3251854491057
2026-01-21,2026,1,ZIMA,22.536218503980486,49.755400326894545,16956.212429499712,1922.2519592028339
2026-01-21,2026,1,ZIMA,22.599100573868853,49.755400326894545,18964.523985177868,1922.2519448913495
2026-01-21,2026,1,ZIMA,22.66198264375722,49.755400326894545,21742.47827481829,1922.4937744139913
2026-01-21,2026,1,ZIMA,22.15892608465029,49.818282396782934,23225.94448047629,1930.5045622848895
2026-01-21,2026,1,ZIMA,22.221808154538657,49.818282396782934,19135.21833200979,1924.4499545129186
2026-01-21,2026,1,ZIMA,22.284690224427024,49.818282396782934,15289.137390932094,1930.808292481744
2026-01-21,2026,1,ZIMA,22.34757229431539,49.818282396782934,11926.778344816486,1938.5735617256155
2026-01-21,2026,1,ZIMA,22.41045436420376,49.818282396782934,9572.230642658014,1937.7060452309731
2026-01-21,2026,1,ZIMA,22.47333643409212,49.818282396782934,9049.654382607228,1907.1361656929116
2026-01-21,2026,1,ZIMA,22.536218503980486,49.818282396782934,10632.679795794855,1893.6096205576841
2026-01-21,2026,1,ZIMA,22.599100573868853,49.818282396782934,13605.172278566286,1902.2419993828203
2026-01-21,2026,1,ZIMA,22.66198264375722,49.818282396782934,17263.741409774582,1922.4276807847432
2026-01-21,2026,1,ZIMA,22.724864713645587,49.818282396782934,21257.044477377534,1929.9106664601481
2026-01-21,2026,1,ZIMA,22.15892608465029,49.881164466671294,21500.414739416832,1932.2795613578824
2026-01-21,2026,1,ZIMA,22.221808154538657,49.881164466671294,17006.016674282488,1928.634249568501
2026-01-21,2026,1,ZIMA,22.284690224427024,49.881164466671294,12529.060990181875,1938.3116444998973
2026-01-21,2026,1,ZIMA,22.34757229431539,49.881164466671294,8098.532345804513,1944.0118033224805
2026-01-21,2026,1,ZIMA,22.41045436420376,49.881164466671294,3877.014629316937,1919.7484199120142
2026-01-21,2026,1,ZIMA,22.47333643409212,49.881164466671294,2304.876794838073,1913.3868213364576
2026-01-21,2026,1,ZIMA,22.536218503980486,49.881164466671294,6035.713291423505,1915.126120702511
2026-01-21,2026,1,ZIMA,22.599100573868853,49.881164466671294,10410.73506866996,1920.1321958599895
2026-01-21,2026,1,ZIMA,22.66198264375722,49.881164466671294,14871.889598567435,1919.8334395872516
2026-01-21,2026,1,ZIMA,22.15892608465029,49.944046536559654,21975.633593364182,1931.5250436045892
2026-01-21,2026,1,ZIMA,22.221808154538657,49.944046536559654,17609.375834365088,1928.414769489538
2026-01-21,2026,1,ZIMA,22.284690224427024,49.944046536559654,13342.964626498831,1946.602189323851
2026-01-21,2026,1,ZIMA,22.34757229431539,49.944046536559654,9314.630394668055,1941.186460230895
2026-01-21,2026,1,ZIMA,22.41045436420376,49.944046536559654,6022.716749809715,1907.322688587045
2026-01-21,2026,1,ZIMA,22.47333643409212,49.944046536559654,5154.318050563603,1908.836583256919
2026-01-21,2026,1,ZIMA,22.536218503980486,49.944046536559654,7592.355351408062,1913.3913748718455
2026-01-21,2026,1,ZIMA,22.66198264375722,49.944046536559654,15561.07373584025,1920.1321779075786
2026-01-21,2026,1,ZIMA,22.15892608465029,50.006928606448014,24524.064839066075,1936.6145015953725
2026-01-21,2026,1,ZIMA,22.221808154538657,50.006928606448014,20707.885345985815,1936.6144781079174
2026-01-21,2026,1,ZIMA,22.34757229431539,50.006928606448014,14345.028566231058,1954.8387224957194
2026-02-01,2026,2,ZIMA,22.668986194756126,49.818282396782934,17695.925250540768,1916.3335429084018
2026-02-01,2026,2,ZIMA,22.60610412486776,49.881164466671294,10905.258517402252,1920.6148009765768
2026-02-01,2026,2,ZIMA,22.668986194756126,49.881164466671294,15370.833327011827,1919.7110371735846
2026-02-01,2026,2,ZIMA,22.73186826464449,49.881164466671294,19860.423092579564,1916.8896760328053
2026-02-01,2026,2,ZIMA,22.794750334532857,49.881164466671294,24360.75155742461,1933.2776500776363
2026-02-01,2026,2,ZIMA,22.417457915202657,49.944046536559654,5759.680046957223,1937.8737304167576
2026-02-01,2026,2,ZIMA,22.480339985091025,49.944046536559654,5292.450368233288,1937.873649685728
2026-02-01,2026,2,ZIMA,22.543222054979392,49.944046536559654,7976.788686317586,1937.8736816403075
2026-02-01,2026,2,ZIMA,22.60610412486776,49.944046536559654,11833.48850859346,1920.6578316133275
2026-02-01,2026,2,ZIMA,22.668986194756126,49.944046536559654,16037.980704463247,1920.6578579174272
2026-02-01,2026,2,ZIMA,22.73186826464449,49.944046536559654,20376.093396314827,1921.5286477560537
2026-02-01,2026,2,ZIMA,22.794750334532857,49.944046536559654,24777.740103857333,1927.418797555853
2026-02-01,2026,2,ZIMA,22.480339985091025,50.006928606448014,12128.65266097527,1937.8736554733603
2026-02-01,2026,2,ZIMA,22.543222054979392,50.006928606448014,13515.800272744598,1937.8736810771288
2026-02-17,2026,2,ZIMA,22.73186826464449,49.881164466671294,19860.423092579564,1985.4783678966255
2026-02-17,2026,2,ZIMA,22.668986194756126,49.944046536559654,16037.980704463247,1985.4784122082565
2026-02-17,2026,2,ZIMA,22.73186826464449,49.944046536559654,20376.093396314827,1985.4783929869045
2026-02-17,2026,2,ZIMA,22.794750334532857,49.944046536559654,24777.740103857333,1985.4784011370302
2026-02-26,2026,2,ZIMA,22.354575845314294,49.692518257006185,24112.090228048502,1876.3176498641787
2026-02-26,2026,2,ZIMA,22.417457915202657,49.692518257006185,23134.547378102303,1877.4284964198923
2026-02-26,2026,2,ZIMA,22.480339985091025,49.692518257006185,23022.08858500473,1876.7690392727316
2026-02-26,2026,2,ZIMA,22.543222054979392,49.692518257006185,23786.98643868175,1874.7471514020579
2026-02-26,2026,2,ZIMA,22.22881170553756,49.755400326894545,22894.36986324161,1900.2592281018822
2026-02-26,2026,2,ZIMA,22.291693775425927,49.755400326894545,19903.314178415047,1885.535562723579
2026-02-26,2026,2,ZIMA,22.354575845314294,49.755400326894545,17580.495625769614,1879.6922071067013
2026-02-26,2026,2,ZIMA,22.417457915202657,49.755400326894545,16215.66667820542,1877.003711769959
2026-02-26,2026,2,ZIMA,22.480339985091025,49.755400326894545,16055.025104151813,1885.0346429195774
2026-02-26,2026,2,ZIMA,22.543222054979392,49.755400326894545,17132.476668509815,1882.7236706157141
2026-02-26,2026,2,ZIMA,22.60610412486776,49.755400326894545,19241.147484226796,1878.9499361417104
2026-02-26,2026,2,ZIMA,22.668986194756126,49.755400326894545,22087.641825604678,1877.843927870357
2026-02-26,2026,2,ZIMA,22.165929635649192,49.818282396782934,22762.27075808762,1903.0039677551251
2026-02-26,2026,2,ZIMA,22.22881170553756,49.818282396782934,18691.89945697382,1881.0162795108574
2026-02-26,2026,2,ZIMA,22.291693775425927,49.818282396782934,14884.29752506612,1883.0489105392983
2026-02-26,2026,2,ZIMA,22.354575845314294,49.818282396782934,11601.151230090853,1888.5547811772942
2026-02-26,2026,2,ZIMA,22.417457915202657,49.818282396782934,9408.524932013164,1883.539962338381
2026-02-26,2026,2,ZIMA,22.480339985091025,49.818282396782934,9129.240569089454,1880.3922408578392
2026-02-26,2026,2,ZIMA,22.543222054979392,49.818282396782934,10911.220491147085,1878.2057021433031
2026-02-26,2026,2,ZIMA,22.60610412486776,49.818282396782934,13987.696201742643,1883.1973784981062
2026-02-26,2026,2,ZIMA,22.668986194756126,49.818282396782934,17695.925250540768,1882.3686797110386
2026-02-26,2026,2,ZIMA,22.73186826464449,49.818282396782934,21714.62640675995,1901.6692443261015
2026-02-26,2026,2,ZIMA,22.165929635649192,49.881164466671294,20999.33229321837,1882.2237738902443
2026-02-26,2026,2,ZIMA,22.22881170553756,49.881164466671294,16506.267562304827,1879.8346964819384
2026-02-26,2026,2,ZIMA,22.291693775425927,49.881164466671294,12032.364262771302,1887.1103289401613
2026-02-26,2026,2,ZIMA,22.354575845314294,49.881164466671294,7611.491975228226,1887.1710187029887
2026-02-26,2026,2,ZIMA,22.417457915202657,49.881164466671294,3453.693223036827,1875.3583318046449
2026-02-26,2026,2,ZIMA,22.480339985091025,49.881164466671294,2599.495245792041,1889.4241012707823
2026-02-26,2026,2,ZIMA,22.543222054979392,49.881164466671294,6513.288539257984,1891.1700804376478
2026-02-26,2026,2,ZIMA,22.60610412486776,49.881164466671294,10905.258517402252,1881.0969271678205
2026-02-26,2026,2,ZIMA,22.668986194756126,49.881164466671294,15370.833327011827,1882.52381560452
2026-02-26,2026,2,ZIMA,22.73186826464449,49.881164466671294,19860.423092579564,1903.3971397023272
2026-02-26,2026,2,ZIMA,22.794750334532857,49.881164466671294,24360.75155742461,1899.161883572872
2026-02-26,2026,2,ZIMA,22.165929635649192,49.944046536559654,21486.28087913054,1882.9877929687211
2026-02-26,2026,2,ZIMA,22.22881170553756,49.944046536559654,17127.876258600787,1882.9565860157209
2026-02-26,2026,2,ZIMA,22.291693775425927,49.944046536559654,12878.31429302353,1889.977783382124
2026-02-26,2026,2,ZIMA,22.354575845314294,49.944046536559654,8894.991312628392,1887.4715388324855
2026-02-26,2026,2,ZIMA,22.417457915202657,49.944046536559654,5759.680046957223,1881.8232816400036
2026-02-26,2026,2,ZIMA,22.480339985091025,49.944046536559654,5292.450368233288,1879.6643066405634
2026-02-26,2026,2,ZIMA,22.543222054979392,49.944046536559654,7976.788686317586,1880.1205359280962
2026-02-26,2026,2,ZIMA,22.60610412486776,49.944046536559654,11833.48850859346,1879.616023176614
2026-02-26,2026,2,ZIMA,22.668986194756126,49.944046536559654,16037.980704463247,1886.2563397399251
2026-02-26,2026,2,ZIMA,22.73186826464449,49.944046536559654,20376.093396314827,1903.3792593120756
2026-02-26,2026,2,ZIMA,22.794750334532857,49.944046536559654,24777.740103857333,1890.2395763442573
2026-02-26,2026,2,ZIMA,22.165929635649192,50.006928606448014,24087.11788566591,1878.8558810820243
2026-02-26,2026,2,ZIMA,22.22881170553756,50.006928606448014,20300.550055771535,1883.5132754739004
2026-02-26,2026,2,ZIMA,22.291693775425927,50.006928606448014,16874.99133361886,1886.4551050893929
2026-02-26,2026,2,ZIMA,22.354575845314294,50.006928606448014,14076.517619419135,1880.4996636902636
2026-02-26,2026,2,ZIMA,22.417457915202657,50.006928606448014,12339.42325907192,1881.8259897790365
2026-02-26,2026,2,ZIMA,22.480339985091025,50.006928606448014,12128.65266097527,1883.8519115077743
2026-02-26,2026,2,ZIMA,22.543222054979392,50.006928606448014,13515.800272744598,1883.6046490185824
2026-02-26,2026,2,ZIMA,22.60610412486776,50.006928606448014,16092.839025049043,1885.386004382715
2026-02-26,2026,2,ZIMA,22.668986194756126,50.006928606448014,19391.031598309888,1897.841686703956
2026-02-26,2026,2,ZIMA,22.73186826464449,50.006928606448014,23103.564470285364,1893.7397384861918
2026-02-26,2026,2,ZIMA,22.291693775425927,50.069810676336374,22394.741498546697,1886.1937259204205
2026-02-26,2026,2,ZIMA,22.354575845314294,50.069810676336374,20372.0547241168,1882.867176327493
2026-02-26,2026,2,ZIMA,22.417457915202657,50.069810676336374,19214.409734969002,1884.1484074349212
2026-02-26,2026,2,ZIMA,22.480339985091025,50.069810676336374,19079.914015941584,1884.6375608262967
2026-02-26,2026,2,ZIMA,22.543222054979392,50.069810676336374,19989.23029615635,1884.7330818458906
2026-02-26,2026,2,ZIMA,22.60610412486776,50.069810676336374,21812.20457988765,1891.7780812445485
2026-02-26,2026,2,ZIMA,22.668986194756126,50.069810676336374,24344.445570191427,1896.6165223183045
2026-02-27,2026,2,ZIMA,22.354575845314294,49.692518257006185,24112.090228048502,1899.0044031306309
2026-02-27,2026,2,ZIMA,22.417457915202657,49.692518257006185,23134.547378102303,1873.6159603843055
2026-02-27,2026,2,ZIMA,22.480339985091025,49.692518257006185,23022.08858500473,1882.0989812192909
2026-02-27,2026,2,ZIMA,22.543222054979392,49.692518257006185,23786.98643868175,1880.1224523540807
2026-02-27,2026,2,ZIMA,22.22881170553756,49.755400326894545,22894.36986324161,1900.3623104108256
2026-02-27,2026,2,ZIMA,22.291693775425927,49.755400326894545,19903.314178415047,1905.3058036380817
2026-02-27,2026,2,ZIMA,22.354575845314294,49.755400326894545,17580.495625769614,1889.9119039803024
2026-02-27,2026,2,ZIMA,22.417457915202657,49.755400326894545,16215.66667820542,1879.3646457319103
2026-02-27,2026,2,ZIMA,22.480339985091025,49.755400326894545,16055.025104151813,1884.0988053206606
2026-02-27,2026,2,ZIMA,22.543222054979392,49.755400326894545,17132.476668509815,1884.026491815304
2026-02-27,2026,2,ZIMA,22.60610412486776,49.755400326894545,19241.147484226796,1899.3298162063213
2026-02-27,2026,2,ZIMA,22.668986194756126,49.755400326894545,22087.641825604678,1897.3193276789536
2026-02-27,2026,2,ZIMA,22.165929635649192,49.818282396782934,22762.27075808762,1900.6687338282643
2026-02-27,2026,2,ZIMA,22.22881170553756,49.818282396782934,18691.89945697382,1901.8601343593268
2026-02-27,2026,2,ZIMA,22.291693775425927,49.818282396782934,14884.29752506612,1886.9526019830541
2026-02-27,2026,2,ZIMA,22.354575845314294,49.818282396782934,11601.151230090853,1881.595220716881
2026-02-27,2026,2,ZIMA,22.417457915202657,49.818282396782934,9408.524932013164,1881.13453540015
2026-02-27,2026,2,ZIMA,22.480339985091025,49.818282396782934,9129.240569089454,1881.1464898050872
2026-02-27,2026,2,ZIMA,22.543222054979392,49.818282396782934,10911.220491147085,1895.4702937244283
2026-02-27,2026,2,ZIMA,22.60610412486776,49.818282396782934,13987.696201742643,1900.487713605961
2026-02-27,2026,2,ZIMA,22.668986194756126,49.818282396782934,17695.925250540768,1899.5561751623502
2026-02-27,2026,2,ZIMA,22.73186826464449,49.818282396782934,21714.62640675995,1898.2297304176514
2026-02-27,2026,2,ZIMA,22.165929635649192,49.881164466671294,20999.33229321837,1906.9467773437784
2026-02-27,2026,2,ZIMA,22.22881170553756,49.881164466671294,16506.267562304827,1906.8131897530395
2026-02-27,2026,2,ZIMA,22.291693775425927,49.881164466671294,12032.364262771302,1885.096623696515
2026-02-27,2026,2,ZIMA,22.354575845314294,49.881164466671294,7611.491975228226,1885.7188724554442
2026-02-27,2026,2,ZIMA,22.417457915202657,49.881164466671294,3453.693223036827,1890.2924216889876
2026-02-27,2026,2,ZIMA,22.480339985091025,49.881164466671294,2599.495245792041,1902.336679996984
2026-02-27,2026,2,ZIMA,22.543222054979392,49.881164466671294,6513.288539257984,1908.1112623521394
2026-02-27,2026,2,ZIMA,22.60610412486776,49.881164466671294,10905.258517402252,1897.358207539923
2026-02-27,2026,2,ZIMA,22.668986194756126,49.881164466671294,15370.833327011827,1895.8362481288234
2026-02-27,2026,2,ZIMA,22.73186826464449,49.881164466671294,19860.423092579564,1907.1380425392888
2026-02-27,2026,2,ZIMA,22.794750334532857,49.881164466671294,24360.75155742461,1909.0429687499293
2026-02-27,2026,2,ZIMA,22.165929635649192,49.944046536559654,21486.28087913054,1905.4742489812456
2026-02-27,2026,2,ZIMA,22.22881170553756,49.944046536559654,17127.876258600787,1898.3374839864164
2026-02-27,2026,2,ZIMA,22.291693775425927,49.944046536559654,12878.31429302353,1883.4477127929028
2026-02-27,2026,2,ZIMA,22.354575845314294,49.944046536559654,8894.991312628392,1885.8198756358258
2026-02-27,2026,2,ZIMA,22.417457915202657,49.944046536559654,5759.680046957223,1891.481648157572
2026-02-27,2026,2,ZIMA,22.480339985091025,49.944046536559654,5292.450368233288,1909.250258034329
2026-02-27,2026,2,ZIMA,22.543222054979392,49.944046536559654,7976.788686317586,1909.2704832090349
2026-02-27,2026,2,ZIMA,22.60610412486776,49.944046536559654,11833.48850859346,1892.5501999786052
2026-02-27,2026,2,ZIMA,22.668986194756126,49.944046536559654,16037.980704463247,1893.5885075603287
2026-02-27,2026,2,ZIMA,22.73186826464449,49.944046536559654,20376.093396314827,1905.9325615168816
2026-02-27,2026,2,ZIMA,22.794750334532857,49.944046536559654,24777.740103857333,1906.3847634485132
2026-02-27,2026,2,ZIMA,22.165929635649192,50.006928606448014,24087.11788566591,1880.869852176809
2026-02-27,2026,2,ZIMA,22.22881170553756,50.006928606448014,20300.550055771535,1862.2157061739495
2026-02-27,2026,2,ZIMA,22.291693775425927,50.006928606448014,16874.99133361886,1875.1580817702693
2026-02-27,2026,2,ZIMA,22.354575845314294,50.006928606448014,14076.517619419135,1881.632535627302
2026-02-27,2026,2,ZIMA,22.417457915202657,50.006928606448014,12339.42325907192,1889.523244716882
2026-02-27,2026,2,ZIMA,22.480339985091025,50.006928606448014,12128.65266097527,1904.565124257752
2026-02-27,2026,2,ZIMA,22.543222054979392,50.006928606448014,13515.800272744598,1900.1535809374989
2026-02-27,2026,2,ZIMA,22.60610412486776,50.006928606448014,16092.839025049043,1893.3582763672568
2026-02-27,2026,2,ZIMA,22.668986194756126,50.006928606448014,19391.031598309888,1900.571111429373
2026-02-27,2026,2,ZIMA,22.73186826464449,50.006928606448014,23103.564470285364,1907.335669440499
2026-02-27,2026,2,ZIMA,22.291693775425927,50.069810676336374,22394.741498546697,1877.4976323466963
2026-02-27,2026,2,ZIMA,22.354575845314294,50.069810676336374,20372.0547241168,1882.3718138155061
2026-02-27,2026,2,ZIMA,22.417457915202657,50.069810676336374,19214.409734969002,1902.059972921646
2026-02-27,2026,2,ZIMA,22.480339985091025,50.069810676336374,19079.914015941584,1902.2279531729034
2026-02-27,2026,2,ZIMA,22.543222054979392,50.069810676336374,19989.23029615635,1890.4111898347344
2026-02-27,2026,2,ZIMA,22.60610412486776,50.069810676336374,21812.20457988765,1891.0850844373583
2026-02-27,2026,2,ZIMA,22.668986194756126,50.069810676336374,24344.445570191427,1905.195038986024
2026-02-28,2026,2,ZIMA,22.354575845314294,49.692518257006185,24112.090228048502,1869.2176742497386
2026-02-28,2026,2,ZIMA,22.417457915202657,49.692518257006185,23134.547378102303,1859.580758280297
2026-02-28,2026,2,ZIMA,22.480339985091025,49.692518257006185,23022.08858500473,1866.463608334124
2026-02-28,2026,2,ZIMA,22.543222054979392,49.692518257006185,23786.98643868175,1868.7456796760978
2026-02-28,2026,2,ZIMA,22.22881170553756,49.755400326894545,22894.36986324161,1863.595968616434
2026-02-28,2026,2,ZIMA,22.291693775425927,49.755400326894545,19903.314178415047,1867.4520144212818
2026-02-28,2026,2,ZIMA,22.354575845314294,49.755400326894545,17580.495625769614,1872.5333617108406
2026-02-28,2026,2,ZIMA,22.417457915202657,49.755400326894545,16215.66667820542,1868.7880856845502
2026-02-28,2026,2,ZIMA,22.480339985091025,49.755400326894545,16055.025104151813,1866.3825754363943
2026-02-28,2026,2,ZIMA,22.543222054979392,49.755400326894545,17132.476668509815,1869.2331399257587
2026-02-28,2026,2,ZIMA,22.60610412486776,49.755400326894545,19241.147484226796,1868.835975773507
2026-02-28,2026,2,ZIMA,22.668986194756126,49.755400326894545,22087.641825604678,1875.011525163946
2026-02-28,2026,2,ZIMA,22.165929635649192,49.818282396782934,22762.27075808762,1877.9093310518053
2026-02-28,2026,2,ZIMA,22.22881170553756,49.818282396782934,18691.89945697382,1874.21025711352
2026-02-28,2026,2,ZIMA,22.291693775425927,49.818282396782934,14884.29752506612,1873.9827253859535
2026-02-28,2026,2,ZIMA,22.354575845314294,49.818282396782934,11601.151230090853,1873.2867471421937
2026-02-28,2026,2,ZIMA,22.417457915202657,49.818282396782934,9408.524932013164,1871.6398306908184
2026-02-28,2026,2,ZIMA,22.480339985091025,49.818282396782934,9129.240569089454,1863.1778328960806
2026-02-28,2026,2,ZIMA,22.543222054979392,49.818282396782934,10911.220491147085,1860.520713799289
2026-02-28,2026,2,ZIMA,22.60610412486776,49.818282396782934,13987.696201742643,1876.1269449409274
2026-02-28,2026,2,ZIMA,22.668986194756126,49.818282396782934,17695.925250540768,1888.5807084333517
2026-02-28,2026,2,ZIMA,22.73186826464449,49.818282396782934,21714.62640675995,1890.7252197265213
2026-02-28,2026,2,ZIMA,22.165929635649192,49.881164466671294,20999.33229321837,1881.116360978681
2026-02-28,2026,2,ZIMA,22.22881170553756,49.881164466671294,16506.267562304827,1886.670152634514
2026-02-28,2026,2,ZIMA,22.291693775425927,49.881164466671294,12032.364262771302,1881.2756296093776
2026-02-28,2026,2,ZIMA,22.354575845314294,49.881164466671294,7611.491975228226,1880.6322884918552
2026-02-28,2026,2,ZIMA,22.417457915202657,49.881164466671294,3453.693223036827,1875.3037604120627
2026-02-28,2026,2,ZIMA,22.480339985091025,49.881164466671294,2599.495245792041,1872.8771940680533
2026-02-28,2026,2,ZIMA,22.543222054979392,49.881164466671294,6513.288539257984,1871.4730806592574
2026-02-28,2026,2,ZIMA,22.60610412486776,49.881164466671294,10905.258517402252,1880.5197334686982
2026-02-28,2026,2,ZIMA,22.668986194756126,49.881164466671294,15370.833327011827,1880.525281899822
2026-02-28,2026,2,ZIMA,22.73186826464449,49.881164466671294,19860.423092579564,1884.7755987365772
2026-02-28,2026,2,ZIMA,22.165929635649192,49.944046536559654,21486.28087913054,1883.6277840364576
2026-02-28,2026,2,ZIMA,22.22881170553756,49.944046536559654,17127.876258600787,1888.3755442748009
2026-02-28,2026,2,ZIMA,22.291693775425927,49.944046536559654,12878.31429302353,1889.4063900048873
2026-02-28,2026,2,ZIMA,22.354575845314294,49.944046536559654,8894.991312628392,1886.0633585841408
2026-02-28,2026,2,ZIMA,22.417457915202657,49.944046536559654,5759.680046957223,1879.2427024029578
2026-02-28,2026,2,ZIMA,22.480339985091025,49.944046536559654,5292.450368233288,1876.9695262711982
2026-02-28,2026,2,ZIMA,22.543222054979392,49.944046536559654,7976.788686317586,1878.2817791623443
2026-02-28,2026,2,ZIMA,22.60610412486776,49.944046536559654,11833.48850859346,1882.8993873347035
2026-02-28,2026,2,ZIMA,22.668986194756126,49.944046536559654,16037.980704463247,1882.0535899152924
2026-02-28,2026,2,ZIMA,22.73186826464449,49.944046536559654,20376.093396314827,1880.4152788090296
2026-02-28,2026,2,ZIMA,22.165929635649192,50.006928606448014,24087.11788566591,1888.8929443359082
2026-02-28,2026,2,ZIMA,22.22881170553756,50.006928606448014,20300.550055771535,1888.509147223585
2026-02-28,2026,2,ZIMA,22.291693775425927,50.006928606448014,16874.99133361886,1886.252692434879
2026-02-28,2026,2,ZIMA,22.354575845314294,50.006928606448014,14076.517619419135,1886.419163161667
2026-02-28,2026,2,ZIMA,22.417457915202657,50.006928606448014,12339.42325907192,1883.6967625482273
2026-02-28,2026,2,ZIMA,22.480339985091025,50.006928606448014,12128.65266097527,1886.7870083973235
2026-02-28,2026,2,ZIMA,22.543222054979392,50.006928606448014,13515.800272744598,1886.735717089124
2026-02-28,2026,2,ZIMA,22.60610412486776,50.006928606448014,16092.839025049043,1880.4050825665024
2026-02-28,2026,2,ZIMA,22.668986194756126,50.006928606448014,19391.031598309888,1881.1311654777269
2026-02-28,2026,2,ZIMA,22.73186826464449,50.006928606448014,23103.564470285364,1883.4724183033088
2026-02-28,2026,2,ZIMA,22.291693775425927,50.069810676336374,22394.741498546697,1885.9331720976743
2026-02-28,2026,2,ZIMA,22.354575845314294,50.069810676336374,20372.0547241168,1885.741661286686
2026-02-28,2026,2,ZIMA,22.417457915202657,50.069810676336374,19214.409734969002,1886.3585672974689
2026-02-28,2026,2,ZIMA,22.480339985091025,50.069810676336374,19079.914015941584,1888.1892200001043
2026-02-28,2026,2,ZIMA,22.543222054979392,50.069810676336374,19989.23029615635,1888.1892109173848
2026-02-28,2026,2,ZIMA,22.60610412486776,50.069810676336374,21812.20457988765,1888.7269552192902
2026-02-28,2026,2,ZIMA,22.668986194756126,50.069810676336374,24344.445570191427,1890.4572263486966
2026-03-01,2026,3,ZIMA,22.417457915202657,49.692518257006185,23134.547378102303,1876.1310905319206
2026-03-01,2026,3,ZIMA,22.480339985091025,49.692518257006185,23022.08858500473,1876.1311018239026
2026-03-01,2026,3,ZIMA,22.543222054979392,49.692518257006185,23786.98643868175,1880.276757682681
2026-03-01,2026,3,ZIMA,22.480339985091025,49.755400326894545,16055.025104151813,1876.1311398251728
2026-03-01,2026,3,ZIMA,22.543222054979392,49.755400326894545,17132.476668509815,1876.131030024656
2026-03-01,2026,3,ZIMA,22.60610412486776,49.755400326894545,19241.147484226796,1916.0251623133056
2026-03-01,2026,3,ZIMA,22.668986194756126,49.755400326894545,22087.641825604678,1916.0251297733016
2026-03-01,2026,3,ZIMA,22.351074069814842,49.692518257006185,24190.285392836526,1875.7358273058937
2026-03-01,2026,3,ZIMA,22.41395613970321,49.692518257006185,23166.81612948473,1875.4709443409029
2026-03-01,2026,3,ZIMA,22.476838209591577,49.692518257006185,23004.950086141587,1876.632529946726
2026-03-01,2026,3,ZIMA,22.539720279479937,49.692518257006185,23722.33053402328,1884.3717572171754
2026-03-01,2026,3,ZIMA,22.225309930038108,49.755400326894545,23075.62091358676,1886.934083697895
2026-03-01,2026,3,ZIMA,22.288191999926475,49.755400326894545,20054.775957172795,1868.0847167969357
2026-03-01,2026,3,ZIMA,22.351074069814842,49.755400326894545,17687.45214846048,1868.084716796806
2026-03-01,2026,3,ZIMA,22.41395613970321,49.755400326894545,16261.611335671701,1868.0847167968343
2026-03-01,2026,3,ZIMA,22.476838209591577,49.755400326894545,16030.471476220679,1872.8702225575237
2026-03-01,2026,3,ZIMA,22.539720279479937,49.755400326894545,17042.710013347772,1882.683593750061
2026-03-01,2026,3,ZIMA,22.602602349368304,49.755400326894545,19101.674777579803,1882.683593750061
2026-03-01,2026,3,ZIMA,22.66548441925667,49.755400326894545,21914.29117237456,1882.6819112952076
2026-03-01,2026,3,ZIMA,22.16242786014974,49.818282396782934,22993.89771570689,1900.258864558474
2026-03-01,2026,3,ZIMA,22.225309930038108,49.818282396782934,18913.18168296834,1889.2510434272606
2026-03-01,2026,3,ZIMA,22.288191999926475,49.818282396782934,15085.974138612986,1884.081898840406
2026-03-01,2026,3,ZIMA,22.351074069814842,49.818282396782934,11762.396604778049,1884.2035487939777
2026-03-01,2026,3,ZIMA,22.41395613970321,49.818282396782934,9487.389990687023,1884.4468632407343
2026-03-01,2026,3,ZIMA,22.476838209591577,49.818282396782934,9086.046306825554,1881.5378231844907
2026-03-01,2026,3,ZIMA,22.539720279479937,49.818282396782934,10769.907347387072,1880.5657851009935
2026-03-01,2026,3,ZIMA,22.602602349368304,49.818282396782934,13795.462190407134,1880.4973818211529
2026-03-01,2026,3,ZIMA,22.66548441925667,49.818282396782934,17479.35546032421,1880.460888046398
2026-03-01,2026,3,ZIMA,22.16242786014974,49.881164466671294,21249.860616887832,1896.3828303310086
2026-03-01,2026,3,ZIMA,22.225309930038108,49.881164466671294,16756.11579897442,1886.4163890630095
2026-03-01,2026,3,ZIMA,22.288191999926475,49.881164466671294,12280.645751248541,1886.2572462632015
2026-03-01,2026,3,ZIMA,22.351074069814842,49.881164466671294,7854.756429353045,1886.1809661907675
2026-03-01,2026,3,ZIMA,22.41395613970321,49.881164466671294,3662.826773873633,1886.2448047735486
2026-03-01,2026,3,ZIMA,22.476838209591577,49.881164466671294,2443.685044444684,1887.5372505674882
2026-03-01,2026,3,ZIMA,22.539720279479937,49.881164466671294,6273.998858484071,1887.4515375878302
2026-03-01,2026,3,ZIMA,22.602602349368304,49.881164466671294,10657.89446856776,1887.36581735376
2026-03-01,2026,3,ZIMA,22.66548441925667,49.881164466671294,15121.325647202782,1887.3247238187987
2026-03-01,2026,3,ZIMA,22.16242786014974,49.944046536559654,21730.87968921617,1894.2879692634012
2026-03-01,2026,3,ZIMA,22.225309930038108,49.944046536559654,17368.474145849043,1882.4750976562498
2026-03-01,2026,3,ZIMA,22.288191999926475,49.944046536559654,13110.286221926865,1882.475097656319
2026-03-01,2026,3,ZIMA,22.351074069814842,49.944046536559654,9103.755684438656,1882.4904862614756
2026-03-01,2026,3,ZIMA,22.41395613970321,49.944046536559654,5887.298046828058,1883.859964307087
2026-03-01,2026,3,ZIMA,22.476838209591577,49.944046536559654,5217.7845571906855,1886.2195894466956
2026-03-01,2026,3,ZIMA,22.539720279479937,49.944046536559654,7782.88322853803,1886.4806196930147
2026-03-01,2026,3,ZIMA,22.602602349368304,49.944046536559654,11606.223911688516,1886.7416292571677
2026-03-01,2026,3,ZIMA,22.66548441925667,49.944046536559654,15799.32540761907,1886.7248190964199
2026-03-01,2026,3,ZIMA,22.16242786014974,50.006928606448014,24305.27406858883,1898.7017373148174
2026-03-01,2026,3,ZIMA,22.225309930038108,50.006928606448014,20503.689161433696,1897.7237317305255
2026-03-01,2026,3,ZIMA,22.288191999926475,50.006928606448014,17052.451413993313,1897.688679880663
2026-03-01,2026,3,ZIMA,22.351074069814842,50.006928606448014,14209.185108303696,1897.6696908976887
2026-03-01,2026,3,ZIMA,22.41395613970321,50.006928606448014,12399.427065448039,1895.917801163394
2026-03-01,2026,3,ZIMA,22.476838209591577,50.006928606448014,12096.300368318187,1895.0986536489138
2026-03-01,2026,3,ZIMA,22.539720279479937,50.006928606448014,13402.423659929149,1895.2095825114072
2026-03-01,2026,3,ZIMA,22.602602349368304,50.006928606448014,15926.688222586916,1895.3204836663913
2026-03-01,2026,3,ZIMA,22.66548441925667,50.006928606448014,19194.370650338067,1894.4542763200132
2026-03-01,2026,3,ZIMA,22.72836648914504,50.006928606448014,22889.261329786274,1893.7137435956736
2026-03-01,2026,3,ZIMA,22.288191999926475,50.069810676336374,22528.58957328347,1897.2157074537658
2026-03-01,2026,3,ZIMA,22.351074069814842,50.069810676336374,20463.829199069023,1897.209816379276
2026-03-01,2026,3,ZIMA,22.41395613970321,50.069810676336374,19252.94859761089,1893.909055554774
2026-03-01,2026,3,ZIMA,22.476838209591577,50.069810676336374,19059.391608038903,1893.4916341836367
2026-03-01,2026,3,ZIMA,22.539720279479937,50.069810676336374,19912.845501312324,1893.3626341534477
2026-03-01,2026,3,ZIMA,22.602602349368304,50.069810676336374,21690.07027748715,1893.2336341182652
2026-03-01,2026,3,ZIMA,22.66548441925667,50.069810676336374,24188.296744026244,1896.4923739063622
2026-03-03,2026,3,ZIMA,22.41395613970321,49.692518257006185,23166.81612948473,1873.4875859570793
2026-03-03,2026,3,ZIMA,22.476838209591577,49.692518257006185,23004.950086141587,1881.324641908196
2026-03-03,2026,3,ZIMA,22.539720279479937,49.692518257006185,23722.33053402328,1904.813689866879
2026-03-03,2026,3,ZIMA,22.225309930038108,49.755400326894545,23075.62091358676,1905.600713643049
2026-03-03,2026,3,ZIMA,22.476838209591577,49.755400326894545,16030.471476220679,1903.1874489870238
2026-03-03,2026,3,ZIMA,22.539720279479937,49.755400326894545,17042.710013347772,1901.9081344183287
2026-03-03,2026,3,ZIMA,22.602602349368304,49.755400326894545,19101.674777579803,1916.2883928794586
2026-03-03,2026,3,ZIMA,22.66548441925667,49.755400326894545,21914.29117237456,1916.307491470399
2026-03-03,2026,3,ZIMA,22.16242786014974,49.818282396782934,22993.89771570689,1905.600706080497
2026-03-03,2026,3,ZIMA,22.225309930038108,49.818282396782934,18913.18168296834,1905.6006982784602
2026-03-03,2026,3,ZIMA,22.288191999926475,49.818282396782934,15085.974138612986,1902.7915519889627
2026-03-03,2026,3,ZIMA,22.351074069814842,49.818282396782934,11762.396604778049,1902.7915403244135
2026-03-03,2026,3,ZIMA,22.41395613970321,49.818282396782934,9487.389990687023,1895.4036456562342
2026-03-03,2026,3,ZIMA,22.476838209591577,49.818282396782934,9086.046306825554,1891.4532246867548
2026-03-03,2026,3,ZIMA,22.539720279479937,49.818282396782934,10769.907347387072,1893.5368008452408
2026-03-03,2026,3,ZIMA,22.602602349368304,49.818282396782934,13795.462190407134,1900.127115309855
2026-03-03,2026,3,ZIMA,22.66548441925667,49.818282396782934,17479.35546032421,1893.529923897321
2026-03-03,2026,3,ZIMA,22.72836648914504,49.818282396782934,21485.578151212052,1889.4160216684609
2026-03-03,2026,3,ZIMA,22.288191999926475,49.881164466671294,12280.645751248541,1901.5138384912111
2026-03-03,2026,3,ZIMA,22.351074069814842,49.881164466671294,7854.756429353045,1901.5223388671172
2026-03-03,2026,3,ZIMA,22.41395613970321,49.881164466671294,3662.826773873633,1908.851460002755
2026-03-03,2026,3,ZIMA,22.476838209591577,49.881164466671294,2443.685044444684,1907.9943839541556
2026-03-03,2026,3,ZIMA,22.539720279479937,49.881164466671294,6273.998858484071,1902.1845599523672
2026-03-03,2026,3,ZIMA,22.602602349368304,49.881164466671294,10657.89446856776,1898.8107013928532
2026-03-03,2026,3,ZIMA,22.66548441925667,49.881164466671294,15121.325647202782,1900.0110162721267
2026-03-03,2026,3,ZIMA,22.72836648914504,49.881164466671294,19610.05619446446,1900.3275225205086
2026-03-03,2026,3,ZIMA,22.16242786014974,49.944046536559654,21730.87968921617,1874.4437528541353
2026-03-03,2026,3,ZIMA,22.225309930038108,49.944046536559654,17368.474145849043,1873.2528092308514
2026-03-03,2026,3,ZIMA,22.288191999926475,49.944046536559654,13110.286221926865,1886.6328806422684
2026-03-03,2026,3,ZIMA,22.351074069814842,49.944046536559654,9103.755684438656,1888.7941426994723
2026-03-03,2026,3,ZIMA,22.41395613970321,49.944046536559654,5887.298046828058,1897.8688345657888
2026-03-03,2026,3,ZIMA,22.476838209591577,49.944046536559654,5217.7845571906855,1901.178186373241
2026-03-03,2026,3,ZIMA,22.539720279479937,49.944046536559654,7782.88322853803,1904.6165875375505
2026-03-03,2026,3,ZIMA,22.602602349368304,49.944046536559654,11606.223911688516,1884.2649269051183
2026-03-03,2026,3,ZIMA,22.66548441925667,49.944046536559654,15799.32540761907,1882.204211216077
2026-03-03,2026,3,ZIMA,22.72836648914504,49.944046536559654,20132.459394701837,1900.3275680196168
2026-03-03,2026,3,ZIMA,22.16242786014974,50.006928606448014,24305.27406858883,1891.6394943051287
2026-03-03,2026,3,ZIMA,22.225309930038108,50.006928606448014,20503.689161433696,1888.5320969829706
2026-03-03,2026,3,ZIMA,22.288191999926475,50.006928606448014,17052.451413993313,1897.7817205189606
2026-03-03,2026,3,ZIMA,22.351074069814842,50.006928606448014,14209.185108303696,1895.7623668025085
2026-03-03,2026,3,ZIMA,22.41395613970321,50.006928606448014,12399.427065448039,1891.5412836366936
2026-03-03,2026,3,ZIMA,22.476838209591577,50.006928606448014,12096.300368318187,1891.37232722196
2026-03-03,2026,3,ZIMA,22.539720279479937,50.006928606448014,13402.423659929149,1893.6447680946867
2026-03-03,2026,3,ZIMA,22.602602349368304,50.006928606448014,15926.688222586916,1861.1428253160484
2026-03-03,2026,3,ZIMA,22.66548441925667,50.006928606448014,19194.370650338067,1861.142818426042
2026-03-03,2026,3,ZIMA,22.288191999926475,50.069810676336374,22528.58957328347,1907.5121902210658
2026-03-03,2026,3,ZIMA,22.351074069814842,50.069810676336374,20463.829199069023,1911.3882734247857
2026-03-03,2026,3,ZIMA,22.41395613970321,50.069810676336374,19252.94859761089,1913.2812418632757
2026-03-03,2026,3,ZIMA,22.476838209591577,50.069810676336374,19059.391608038903,1909.6568263957754
2026-03-04,2026,3,ZIMA,22.354575845314294,49.692518257006185,24112.090228048502,1901.0642826856483
2026-03-04,2026,3,ZIMA,22.417457915202657,49.692518257006185,23134.547378102303,1888.339887494527
2026-03-04,2026,3,ZIMA,22.480339985091025,49.692518257006185,23022.08858500473,1883.9874395819477
2026-03-04,2026,3,ZIMA,22.543222054979392,49.692518257006185,23786.98643868175,1894.907205987276
2026-03-04,2026,3,ZIMA,22.22881170553756,49.755400326894545,22894.36986324161,1896.0886811931098
2026-03-04,2026,3,ZIMA,22.291693775425927,49.755400326894545,19903.314178415047,1897.8375253522636
2026-03-04,2026,3,ZIMA,22.354575845314294,49.755400326894545,17580.495625769614,1897.743737161814
2026-03-04,2026,3,ZIMA,22.417457915202657,49.755400326894545,16215.66667820542,1891.1352826727355
2026-03-04,2026,3,ZIMA,22.480339985091025,49.755400326894545,16055.025104151813,1886.7795459405727
2026-03-04,2026,3,ZIMA,22.543222054979392,49.755400326894545,17132.476668509815,1885.1320800781862
2026-03-04,2026,3,ZIMA,22.60610412486776,49.755400326894545,19241.147484226796,1891.7442416967776
2026-03-04,2026,3,ZIMA,22.668986194756126,49.755400326894545,22087.641825604678,1890.298390538948
2026-03-04,2026,3,ZIMA,22.165929635649192,49.818282396782934,22762.27075808762,1903.9973925052816
2026-03-04,2026,3,ZIMA,22.22881170553756,49.818282396782934,18691.89945697382,1905.848597431565
2026-03-04,2026,3,ZIMA,22.291693775425927,49.818282396782934,14884.29752506612,1912.1591469610987
2026-03-04,2026,3,ZIMA,22.354575845314294,49.818282396782934,11601.151230090853,1904.7946367664024
2026-03-04,2026,3,ZIMA,22.417457915202657,49.818282396782934,9408.524932013164,1897.014467028976
2026-03-04,2026,3,ZIMA,22.480339985091025,49.818282396782934,9129.240569089454,1893.1384794357893
2026-03-04,2026,3,ZIMA,22.543222054979392,49.818282396782934,10911.220491147085,1893.492625721607
2026-03-04,2026,3,ZIMA,22.60610412486776,49.818282396782934,13987.696201742643,1896.3732651594748
2026-03-04,2026,3,ZIMA,22.668986194756126,49.818282396782934,17695.925250540768,1900.4680189700925
2026-03-04,2026,3,ZIMA,22.73186826464449,49.818282396782934,21714.62640675995,1914.2628552101658
2026-03-04,2026,3,ZIMA,22.165929635649192,49.881164466671294,20999.33229321837,1902.1371397653338
2026-03-04,2026,3,ZIMA,22.22881170553756,49.881164466671294,16506.267562304827,1909.7229941844155
2026-03-04,2026,3,ZIMA,22.291693775425927,49.881164466671294,12032.364262771302,1900.9417903604706
2026-03-04,2026,3,ZIMA,22.354575845314294,49.881164466671294,7611.491975228226,1889.8837369781513
2026-03-04,2026,3,ZIMA,22.417457915202657,49.881164466671294,3453.693223036827,1893.672283878409
2026-03-04,2026,3,ZIMA,22.480339985091025,49.881164466671294,2599.495245792041,1895.164062754919
2026-03-04,2026,3,ZIMA,22.543222054979392,49.881164466671294,6513.288539257984,1891.900509673164
2026-03-04,2026,3,ZIMA,22.60610412486776,49.881164466671294,10905.258517402252,1895.9815677377105
2026-03-04,2026,3,ZIMA,22.668986194756126,49.881164466671294,15370.833327011827,1911.09301435726
2026-03-04,2026,3,ZIMA,22.73186826464449,49.881164466671294,19860.423092579564,1911.1733382691814
2026-03-04,2026,3,ZIMA,22.165929635649192,49.944046536559654,21486.28087913054,1907.6338544961416
2026-03-04,2026,3,ZIMA,22.22881170553756,49.944046536559654,17127.876258600787,1910.8549858451815
2026-03-04,2026,3,ZIMA,22.291693775425927,49.944046536559654,12878.31429302353,1898.3096121458525
2026-03-04,2026,3,ZIMA,22.354575845314294,49.944046536559654,8894.991312628392,1895.102570733831
2026-03-04,2026,3,ZIMA,22.417457915202657,49.944046536559654,5759.680046957223,1894.0545137594213
2026-03-04,2026,3,ZIMA,22.480339985091025,49.944046536559654,5292.450368233288,1895.204107765107
2026-03-04,2026,3,ZIMA,22.543222054979392,49.944046536559654,7976.788686317586,1896.7332254625599
2026-03-04,2026,3,ZIMA,22.60610412486776,49.944046536559654,11833.48850859346,1907.1773274581867
2026-03-04,2026,3,ZIMA,22.668986194756126,49.944046536559654,16037.980704463247,1911.9101545187273
2026-03-04,2026,3,ZIMA,22.73186826464449,49.944046536559654,20376.093396314827,1911.0932281126932
2026-03-04,2026,3,ZIMA,22.165929635649192,50.006928606448014,24087.11788566591,1906.6324620479102
2026-03-04,2026,3,ZIMA,22.22881170553756,50.006928606448014,20300.550055771535,1907.4361650275341
2026-03-04,2026,3,ZIMA,22.291693775425927,50.006928606448014,16874.99133361886,1897.483801296595
2026-03-04,2026,3,ZIMA,22.354575845314294,50.006928606448014,14076.517619419135,1897.322433617087
2026-03-04,2026,3,ZIMA,22.417457915202657,50.006928606448014,12339.42325907192,1901.1146129359897
2026-03-04,2026,3,ZIMA,22.480339985091025,50.006928606448014,12128.65266097527,1898.4555925478273
2026-03-04,2026,3,ZIMA,22.543222054979392,50.006928606448014,13515.800272744598,1897.8302203273593
2026-03-04,2026,3,ZIMA,22.60610412486776,50.006928606448014,16092.839025049043,1909.7705667058055
2026-03-04,2026,3,ZIMA,22.668986194756126,50.006928606448014,19391.031598309888,1910.6904423128706
2026-03-04,2026,3,ZIMA,22.73186826464449,50.006928606448014,23103.564470285364,1906.8977284639996
2026-03-04,2026,3,ZIMA,22.291693775425927,50.069810676336374,22394.741498546697,1901.7154426834468
2026-03-04,2026,3,ZIMA,22.354575845314294,50.069810676336374,20372.0547241168,1902.646913572684
2026-03-04,2026,3,ZIMA,22.417457915202657,50.069810676336374,19214.409734969002,1902.4146003971084
2026-03-04,2026,3,ZIMA,22.480339985091025,50.069810676336374,19079.914015941584,1900.069260924136
2026-03-04,2026,3,ZIMA,22.543222054979392,50.069810676336374,19989.23029615635,1902.4836101276032
2026-03-04,2026,3,ZIMA,22.60610412486776,50.069810676336374,21812.20457988765,1911.7693356961327
2026-03-04,2026,3,ZIMA,22.668986194756126,50.069810676336374,24344.445570191427,1909.601779530801
2026-03-05,2026,3,ZIMA,22.354575845314294,49.692518257006185,24112.090228048502,1904.9776580932441
2026-03-05,2026,3,ZIMA,22.417457915202657,49.692518257006185,23134.547378102303,1906.0614629029153
2026-03-05,2026,3,ZIMA,22.480339985091025,49.692518257006185,23022.08858500473,1903.1009175932597
2026-03-05,2026,3,ZIMA,22.543222054979392,49.692518257006185,23786.98643868175,1904.0904400924458
2026-03-05,2026,3,ZIMA,22.22881170553756,49.755400326894545,22894.36986324161,1901.8693047051556
2026-03-05,2026,3,ZIMA,22.291693775425927,49.755400326894545,19903.314178415047,1898.8944482777167
2026-03-05,2026,3,ZIMA,22.354575845314294,49.755400326894545,17580.495625769614,1898.8691745585957
2026-03-05,2026,3,ZIMA,22.417457915202657,49.755400326894545,16215.66667820542,1900.2205843991528
2026-03-05,2026,3,ZIMA,22.480339985091025,49.755400326894545,16055.025104151813,1891.608862188275
2026-03-05,2026,3,ZIMA,22.543222054979392,49.755400326894545,17132.476668509815,1894.8979248110209
2026-03-05,2026,3,ZIMA,22.60610412486776,49.755400326894545,19241.147484226796,1889.4167094777447
2026-03-05,2026,3,ZIMA,22.668986194756126,49.755400326894545,22087.641825604678,1889.6955533848836
2026-03-05,2026,3,ZIMA,22.165929635649192,49.818282396782934,22762.27075808762,1892.2203358445613
2026-03-05,2026,3,ZIMA,22.22881170553756,49.818282396782934,18691.89945697382,1892.2203286020929
2026-03-05,2026,3,ZIMA,22.417457915202657,49.818282396782934,9408.524932013164,1887.7684395658068
2026-03-05,2026,3,ZIMA,22.480339985091025,49.818282396782934,9129.240569089454,1887.7684284169516
2026-03-05,2026,3,ZIMA,22.543222054979392,49.818282396782934,10911.220491147085,1885.146847897815
2026-03-05,2026,3,ZIMA,22.60610412486776,49.818282396782934,13987.696201742643,1884.1947307863281
2026-03-05,2026,3,ZIMA,22.668986194756126,49.818282396782934,17695.925250540768,1884.9656037751847
2026-03-05,2026,3,ZIMA,22.73186826464449,49.818282396782934,21714.62640675995,1903.727760762803
2026-03-05,2026,3,ZIMA,22.668986194756126,49.881164466671294,15370.833327011827,1883.3681647541443
2026-03-06,2026,3,ZIMA,22.354575845314294,49.692518257006185,24112.090228048502,1883.6723716945037
2026-03-06,2026,3,ZIMA,22.22881170553756,49.755400326894545,22894.36986324161,1878.4109521360253
2026-03-06,2026,3,ZIMA,22.291693775425927,49.755400326894545,19903.314178415047,1882.4916499611109
2026-03-06,2026,3,ZIMA,22.354575845314294,49.755400326894545,17580.495625769614,1884.9895561787912
2026-03-06,2026,3,ZIMA,22.417457915202657,49.755400326894545,16215.66667820542,1884.3118837557588
2026-03-06,2026,3,ZIMA,22.480339985091025,49.755400326894545,16055.025104151813,1884.3118593067754
2026-03-06,2026,3,ZIMA,22.543222054979392,49.755400326894545,17132.476668509815,1908.2675770563062
2026-03-06,2026,3,ZIMA,22.60610412486776,49.755400326894545,19241.147484226796,1904.3526996205367
2026-03-06,2026,3,ZIMA,22.668986194756126,49.755400326894545,22087.641825604678,1903.7984238604934
2026-03-06,2026,3,ZIMA,22.165929635649192,49.818282396782934,22762.27075808762,1881.6983873092554
2026-03-06,2026,3,ZIMA,22.22881170553756,49.818282396782934,18691.89945697382,1881.6816204054917
2026-03-06,2026,3,ZIMA,22.291693775425927,49.818282396782934,14884.29752506612,1884.7634873577365
2026-03-06,2026,3,ZIMA,22.354575845314294,49.818282396782934,11601.151230090853,1886.642918017194
2026-03-06,2026,3,ZIMA,22.417457915202657,49.818282396782934,9408.524932013164,1889.8933105468338
2026-03-06,2026,3,ZIMA,22.480339985091025,49.818282396782934,9129.240569089454,1893.2561918117838
2026-03-06,2026,3,ZIMA,22.543222054979392,49.818282396782934,10911.220491147085,1902.3980946445856
2026-03-06,2026,3,ZIMA,22.60610412486776,49.818282396782934,13987.696201742643,1904.6065271878629
2026-03-06,2026,3,ZIMA,22.668986194756126,49.818282396782934,17695.925250540768,1907.1388325256426
2026-03-06,2026,3,ZIMA,22.73186826464449,49.818282396782934,21714.62640675995,1907.3813383000358
2026-03-06,2026,3,ZIMA,22.165929635649192,49.881164466671294,20999.33229321837,1874.9938717862444
2026-03-06,2026,3,ZIMA,22.22881170553756,49.881164466671294,16506.267562304827,1875.6715001502068
2026-03-06,2026,3,ZIMA,22.291693775425927,49.881164466671294,12032.364262771302,1880.3411014522874
2026-03-06,2026,3,ZIMA,22.354575845314294,49.881164466671294,7611.491975228226,1880.81634972845
2026-03-06,2026,3,ZIMA,22.417457915202657,49.881164466671294,3453.693223036827,1884.1552365995074
2026-03-06,2026,3,ZIMA,22.480339985091025,49.881164466671294,2599.495245792041,1896.3364238704353
2026-03-06,2026,3,ZIMA,22.543222054979392,49.881164466671294,6513.288539257984,1900.202248179309
2026-03-06,2026,3,ZIMA,22.60610412486776,49.881164466671294,10905.258517402252,1904.5848019924927
2026-03-06,2026,3,ZIMA,22.668986194756126,49.881164466671294,15370.833327011827,1903.8997016273804
2026-03-06,2026,3,ZIMA,22.165929635649192,49.944046536559654,21486.28087913054,1884.978511810808
2026-03-06,2026,3,ZIMA,22.22881170553756,49.944046536559654,17127.876258600787,1879.7781270011362
2026-03-06,2026,3,ZIMA,22.291693775425927,49.944046536559654,12878.31429302353,1875.2051899250291
2026-03-06,2026,3,ZIMA,22.354575845314294,49.944046536559654,8894.991312628392,1877.262159846105
2026-03-06,2026,3,ZIMA,22.417457915202657,49.944046536559654,5759.680046957223,1893.4212417430858
2026-03-06,2026,3,ZIMA,22.480339985091025,49.944046536559654,5292.450368233288,1897.9641159524551
2026-03-06,2026,3,ZIMA,22.543222054979392,49.944046536559654,7976.788686317586,1895.5015535341013
2026-03-06,2026,3,ZIMA,22.60610412486776,49.944046536559654,11833.48850859346,1898.8031956512184
2026-03-06,2026,3,ZIMA,22.668986194756126,49.944046536559654,16037.980704463247,1902.6795680338548
2026-03-06,2026,3,ZIMA,22.22881170553756,50.006928606448014,20300.550055771535,1887.1316227471925
2026-03-06,2026,3,ZIMA,22.291693775425927,50.006928606448014,16874.99133361886,1887.1315944713472
2026-03-06,2026,3,ZIMA,22.354575845314294,50.006928606448014,14076.517619419135,1889.9697971210815
2026-03-06,2026,3,ZIMA,22.417457915202657,50.006928606448014,12339.42325907192,1909.8749751122205
2026-03-06,2026,3,ZIMA,22.480339985091025,50.006928606448014,12128.65266097527,1908.4619361328362
2026-03-06,2026,3,ZIMA,22.543222054979392,50.006928606448014,13515.800272744598,1905.5116806109454
2026-03-06,2026,3,ZIMA,22.60610412486776,50.006928606448014,16092.839025049043,1907.4393167182002
2026-03-06,2026,3,ZIMA,22.668986194756126,50.006928606448014,19391.031598309888,1908.29393924868
2026-03-06,2026,3,ZIMA,22.73186826464449,50.006928606448014,23103.564470285364,1908.293884467303
2026-03-06,2026,3,ZIMA,22.291693775425927,50.069810676336374,22394.741498546697,1893.5372705235577
2026-03-06,2026,3,ZIMA,22.354575845314294,50.069810676336374,20372.0547241168,1904.5836324085153
2026-03-06,2026,3,ZIMA,22.417457915202657,50.069810676336374,19214.409734969002,1911.6166992186834
2026-03-06,2026,3,ZIMA,22.480339985091025,50.069810676336374,19079.914015941584,1910.220659537513
2026-03-06,2026,3,ZIMA,22.543222054979392,50.069810676336374,19989.23029615635,1909.3879058719083
2026-03-06,2026,3,ZIMA,22.60610412486776,50.069810676336374,21812.20457988765,1901.7733830780478
2026-03-06,2026,3,ZIMA,22.668986194756126,50.069810676336374,24344.445570191427,1906.1682080595901
2026-03-06,2026,3,ZIMA,22.539720279479937,49.692518257006185,23722.33053402328,1874.0245491597752
2026-03-06,2026,3,ZIMA,22.72836648914504,50.006928606448014,22889.261329786274,1888.3961109290785
2026-03-07,2026,3,ZIMA,22.165929635649192,49.818282396782934,22762.27075808762,1916.6157262175477
2026-03-07,2026,3,ZIMA,22.22881170553756,49.818282396782934,18691.89945697382,1916.615715144004
2026-03-07,2026,3,ZIMA,22.291693775425927,49.818282396782934,14884.29752506612,1916.6157549546856
2026-03-07,2026,3,ZIMA,22.165929635649192,49.881164466671294,20999.33229321837,1915.0107587468524
2026-03-07,2026,3,ZIMA,22.22881170553756,49.881164466671294,16506.267562304827,1913.6944630350592
2026-03-07,2026,3,ZIMA,22.291693775425927,49.881164466671294,12032.364262771302,1916.0974265218324
2026-03-07,2026,3,ZIMA,22.354575845314294,49.881164466671294,7611.491975228226,1916.615720821825
2026-03-07,2026,3,ZIMA,22.417457915202657,49.881164466671294,3453.693223036827,1916.6157298101855
2026-03-07,2026,3,ZIMA,22.165929635649192,49.944046536559654,21486.28087913054,1923.3784665713506
2026-03-07,2026,3,ZIMA,22.22881170553756,49.944046536559654,17127.876258600787,1919.6455531843624
2026-03-07,2026,3,ZIMA,22.291693775425927,49.944046536559654,12878.31429302353,1913.7044005823661
2026-03-07,2026,3,ZIMA,22.354575845314294,49.944046536559654,8894.991312628392,1914.6866178113728
2026-03-07,2026,3,ZIMA,22.417457915202657,49.944046536559654,5759.680046957223,1916.6157236350919
2026-03-07,2026,3,ZIMA,22.165929635649192,50.006928606448014,24087.11788566591,1918.64220649817
2026-03-07,2026,3,ZIMA,22.22881170553756,50.006928606448014,20300.550055771535,1918.9306444086546
2026-03-07,2026,3,ZIMA,22.291693775425927,50.006928606448014,16874.99133361886,1923.2787204526653
2026-03-07,2026,3,ZIMA,22.354575845314294,50.006928606448014,14076.517619419135,1923.2269178782888
2026-03-07,2026,3,ZIMA,22.417457915202657,50.006928606448014,12339.42325907192,1908.4395942858362
2026-03-07,2026,3,ZIMA,22.480339985091025,50.006928606448014,12128.65266097527,1908.1168251962538
2026-03-07,2026,3,ZIMA,22.543222054979392,50.006928606448014,13515.800272744598,1908.1168325440253
2026-03-07,2026,3,ZIMA,22.291693775425927,50.069810676336374,22394.741498546697,1918.9894748917156
2026-03-07,2026,3,ZIMA,22.354575845314294,50.069810676336374,20372.0547241168,1920.0273154459844
2026-03-07,2026,3,ZIMA,22.417457915202657,50.069810676336374,19214.409734969002,1907.130890069625
2026-03-07,2026,3,ZIMA,22.480339985091025,50.069810676336374,19079.914015941584,1908.031569199127
2026-03-07,2026,3,ZIMA,22.543222054979392,50.069810676336374,19989.23029615635,1908.1168164911269
2026-03-07,2026,3,ZIMA,22.60610412486776,50.069810676336374,21812.20457988765,1908.116839934477
2026-03-07,2026,3,ZIMA,22.351074069814842,49.692518257006185,24190.285392836526,1898.364655141205
2026-03-07,2026,3,ZIMA,22.41395613970321,49.692518257006185,23166.81612948473,1898.3609926865956
2026-03-07,2026,3,ZIMA,22.476838209591577,49.692518257006185,23004.950086141587,1896.4702540473209
2026-03-07,2026,3,ZIMA,22.539720279479937,49.692518257006185,23722.33053402328,1896.2672119141318
2026-03-07,2026,3,ZIMA,22.225309930038108,49.755400326894545,23075.62091358676,1893.8936767577713
2026-03-07,2026,3,ZIMA,22.288191999926475,49.755400326894545,20054.775957172795,1897.6241455078741
2026-03-07,2026,3,ZIMA,22.351074069814842,49.755400326894545,17687.45214846048,1897.6271165688838
2026-03-07,2026,3,ZIMA,22.41395613970321,49.755400326894545,16261.611335671701,1898.8167971108737
2026-03-07,2026,3,ZIMA,22.476838209591577,49.755400326894545,16030.471476220679,1903.9592285029528
2026-03-07,2026,3,ZIMA,22.539720279479937,49.755400326894545,17042.710013347772,1903.5238608302914
2026-03-07,2026,3,ZIMA,22.602602349368304,49.755400326894545,19101.674777579803,1909.547090365901
2026-03-07,2026,3,ZIMA,22.66548441925667,49.755400326894545,21914.29117237456,1911.381301507084
2026-03-07,2026,3,ZIMA,22.16242786014974,49.818282396782934,22993.89771570689,1907.8382805980905
2026-03-07,2026,3,ZIMA,22.225309930038108,49.818282396782934,18913.18168296834,1907.5581392266856
2026-03-07,2026,3,ZIMA,22.288191999926475,49.818282396782934,15085.974138612986,1904.4233084276575
2026-03-07,2026,3,ZIMA,22.351074069814842,49.818282396782934,11762.396604778049,1904.4830565733089
2026-03-07,2026,3,ZIMA,22.41395613970321,49.818282396782934,9487.389990687023,1902.9199992985964
2026-03-07,2026,3,ZIMA,22.476838209591577,49.818282396782934,9086.046306825554,1902.414888314068
2026-03-07,2026,3,ZIMA,22.539720279479937,49.818282396782934,10769.907347387072,1902.6642989822549
2026-03-07,2026,3,ZIMA,22.602602349368304,49.818282396782934,13795.462190407134,1917.7688510119524
2026-03-07,2026,3,ZIMA,22.66548441925667,49.818282396782934,17479.35546032421,1917.7770075861881
2026-03-07,2026,3,ZIMA,22.72836648914504,49.818282396782934,21485.578151212052,1917.7933426430993
2026-03-07,2026,3,ZIMA,22.16242786014974,49.881164466671294,21249.860616887832,1900.928320982786
2026-03-07,2026,3,ZIMA,22.225309930038108,49.881164466671294,16756.11579897442,1902.7658364086165
2026-03-07,2026,3,ZIMA,22.288191999926475,49.881164466671294,12280.645751248541,1904.1326488439684
2026-03-07,2026,3,ZIMA,22.351074069814842,49.881164466671294,7854.756429353045,1904.0179982935501
2026-03-07,2026,3,ZIMA,22.41395613970321,49.881164466671294,3662.826773873633,1909.6729779219597
2026-03-07,2026,3,ZIMA,22.476838209591577,49.881164466671294,2443.685044444684,1909.7578402537247
2026-03-07,2026,3,ZIMA,22.539720279479937,49.881164466671294,6273.998858484071,1909.7642822265911
2026-03-07,2026,3,ZIMA,22.602602349368304,49.881164466671294,10657.89446856776,1915.9769287109661
2026-03-07,2026,3,ZIMA,22.66548441925667,49.881164466671294,15121.325647202782,1915.9769287108666
2026-03-07,2026,3,ZIMA,22.72836648914504,49.881164466671294,19610.05619446446,1915.9769365866698
2026-03-07,2026,3,ZIMA,22.16242786014974,49.944046536559654,21730.87968921617,1899.9295654296577
2026-03-07,2026,3,ZIMA,22.225309930038108,49.944046536559654,17368.474145849043,1905.97300605197
2026-03-07,2026,3,ZIMA,22.288191999926475,49.944046536559654,13110.286221926865,1907.7459716797573
2026-03-07,2026,3,ZIMA,22.351074069814842,49.944046536559654,9103.755684438656,1907.7459716796252
2026-03-07,2026,3,ZIMA,22.41395613970321,49.944046536559654,5887.298046828058,1905.5747070311836
2026-03-07,2026,3,ZIMA,22.476838209591577,49.944046536559654,5217.7845571906855,1905.5915711963614
2026-03-07,2026,3,ZIMA,22.539720279479937,49.944046536559654,7782.88322853803,1906.506575050372
2026-03-07,2026,3,ZIMA,22.602602349368304,49.944046536559654,11606.223911688516,1912.6286550006803
2026-03-07,2026,3,ZIMA,22.66548441925667,49.944046536559654,15799.32540761907,1912.7146713731486
2026-03-07,2026,3,ZIMA,22.72836648914504,49.944046536559654,20132.459394701837,1912.8812999853617
2026-03-07,2026,3,ZIMA,22.16242786014974,50.006928606448014,24305.27406858883,1904.6182577714803
2026-03-07,2026,3,ZIMA,22.225309930038108,50.006928606448014,20503.689161433696,1908.472370316466
2026-03-07,2026,3,ZIMA,22.288191999926475,50.006928606448014,17052.451413993313,1908.4759410089362
2026-03-07,2026,3,ZIMA,22.351074069814842,50.006928606448014,14209.185108303696,1908.4136119339314
2026-03-07,2026,3,ZIMA,22.41395613970321,50.006928606448014,12399.427065448039,1906.5422554037111
2026-03-07,2026,3,ZIMA,22.476838209591577,50.006928606448014,12096.300368318187,1906.5445108170456
2026-03-07,2026,3,ZIMA,22.539720279479937,50.006928606448014,13402.423659929149,1911.981309299702
2026-03-07,2026,3,ZIMA,22.602602349368304,50.006928606448014,15926.688222586916,1915.0029264608727
2026-03-07,2026,3,ZIMA,22.66548441925667,50.006928606448014,19194.370650338067,1914.9345353113802
2026-03-07,2026,3,ZIMA,22.72836648914504,50.006928606448014,22889.261329786274,1913.6514846000546
2026-03-07,2026,3,ZIMA,22.288191999926475,50.069810676336374,22528.58957328347,1907.3158357620478
2026-03-07,2026,3,ZIMA,22.351074069814842,50.069810676336374,20463.829199069023,1907.909139960251
2026-03-07,2026,3,ZIMA,22.41395613970321,50.069810676336374,19252.94859761089,1908.2330683730902
2026-03-07,2026,3,ZIMA,22.476838209591577,50.069810676336374,19059.391608038903,1908.1007082317196
2026-03-07,2026,3,ZIMA,22.539720279479937,50.069810676336374,19912.845501312324,1914.3410426108042
2026-03-07,2026,3,ZIMA,22.602602349368304,50.069810676336374,21690.07027748715,1915.6813267191228
2026-03-07,2026,3,ZIMA,22.66548441925667,50.069810676336374,24188.296744026244,1915.7849020407677
2026-03-09,2026,3,ZIMA,22.354575845314294,49.703023583504546,23001.98911035394,1894.712513916926
2026-03-09,2026,3,ZIMA,22.417457915202657,49.703023583504546,21975.346455526636,1890.7137506926654
2026-03-09,2026,3,ZIMA,22.480339985091025,49.703023583504546,21856.94974519855,1907.7949397754426
2026-03-09,2026,3,ZIMA,22.543222054979392,49.703023583504546,22661.03902923717,1906.707187495607
2026-03-09,2026,3,ZIMA,22.60610412486776,49.703023583504546,24296.198188144805,1902.4413337461813
2026-03-09,2026,3,ZIMA,22.22881170553756,49.765905653392906,22094.07877149692,1907.152540617999
2026-03-09,2026,3,ZIMA,22.291693775425927,49.765905653392906,18978.031889389276,1906.075942697871
2026-03-09,2026,3,ZIMA,22.354575845314294,49.765905653392906,16526.233661248294,1897.9944713188174
2026-03-09,2026,3,ZIMA,22.417457915202657,49.765905653392906,15066.531806853272,1906.4962408619567
2026-03-09,2026,3,ZIMA,22.480339985091025,49.765905653392906,14893.538410765585,1911.451059295778
2026-03-09,2026,3,ZIMA,22.543222054979392,49.765905653392906,16048.91545535083,1913.0439968347903
2026-03-09,2026,3,ZIMA,22.60610412486776,49.765905653392906,18282.53620624142,1917.8444459653213
2026-03-09,2026,3,ZIMA,22.668986194756126,49.765905653392906,21257.1846990577,1926.8584332124717
2026-03-09,2026,3,ZIMA,22.73186826464449,49.765905653392906,24706.637829025414,1912.2226701407578
2026-03-09,2026,3,ZIMA,22.165929635649192,49.82878772328128,22325.43538520545,1900.5072954932064
2026-03-09,2026,3,ZIMA,22.22881170553756,49.82878772328128,18158.406619754358,1914.8420565161848
2026-03-09,2026,3,ZIMA,22.291693775425927,49.82878772328128,14209.525042067644,1903.9813374890098
2026-03-09,2026,3,ZIMA,22.354575845314294,49.82878772328128,10722.583398780149,1899.0717161040673
2026-03-09,2026,3,ZIMA,22.417457915202657,49.82878772328128,8301.649065314678,1913.3944175494992
2026-03-09,2026,3,ZIMA,22.480339985091025,49.82878772328128,7983.807939159483,1910.5533761303666
2026-03-09,2026,3,ZIMA,22.543222054979392,49.82878772328128,9972.220017912965,1903.917340136994
2026-03-09,2026,3,ZIMA,22.60610412486776,49.82878772328128,13267.61214866327,1922.891045658879
2026-03-09,2026,3,ZIMA,22.668986194756126,49.82878772328128,17131.67359445209,1926.6462105299977
2026-03-09,2026,3,ZIMA,22.73186826464449,49.82878772328128,21256.509218593656,1910.5314741561428
2026-03-09,2026,3,ZIMA,22.165929635649192,49.89166979316964,20919.391463104264,1910.4401202857598
2026-03-09,2026,3,ZIMA,22.22881170553756,49.89166979316964,16405.560705198463,1910.8454021474254
2026-03-09,2026,3,ZIMA,22.291693775425927,49.89166979316964,11895.00110721875,1900.7958831519265
2026-03-09,2026,3,ZIMA,22.354575845314294,49.89166979316964,7393.707934749382,1900.708387165275
2026-03-09,2026,3,ZIMA,22.417457915202657,49.89166979316964,2944.500050124817,1914.8197775235583
2026-03-09,2026,3,ZIMA,22.480339985091025,49.89166979316964,1870.9821680215873,1914.1657870041593
2026-03-09,2026,3,ZIMA,22.543222054979392,49.89166979316964,6257.667310553245,1912.7421752711734
2026-03-09,2026,3,ZIMA,22.60610412486776,49.89166979316964,10753.768425853132,1927.9865724203032
2026-03-09,2026,3,ZIMA,22.668986194756126,49.89166979316964,15262.893735083717,1926.0219602942057
2026-03-09,2026,3,ZIMA,22.73186826464449,49.89166979316964,19776.134276070505,1915.541156570234
2026-03-09,2026,3,ZIMA,22.794750334532857,49.89166979316964,24291.194065453536,1915.3532907534336
2026-03-09,2026,3,ZIMA,22.165929635649192,49.954551863058015,21786.570287916154,1911.990949059402
2026-03-09,2026,3,ZIMA,22.22881170553756,49.954551863058015,17504.14593586278,1910.4722154124088
2026-03-09,2026,3,ZIMA,22.291693775425927,49.954551863058015,13375.713008895505,1904.7718718217632
2026-03-09,2026,3,ZIMA,22.354575845314294,49.954551863058015,9602.00371929549,1911.5158008112837
2026-03-09,2026,3,ZIMA,22.417457915202657,49.954551863058015,6801.584066412853,1917.7749840376125
2026-03-09,2026,3,ZIMA,22.480339985091025,49.954551863058015,6410.8337029859895,1917.1850882188373
2026-03-09,2026,3,ZIMA,22.543222054979392,49.954551863058015,8758.432559269975,1920.7539601486578
2026-03-09,2026,3,ZIMA,22.60610412486776,49.954551863058015,12373.188316296972,1931.9104686284743
2026-03-09,2026,3,ZIMA,22.668986194756126,49.954551863058015,16439.454591696005,1919.411987686837
2026-03-09,2026,3,ZIMA,22.73186826464449,49.954551863058015,20692.74432795608,1914.1816168563387
2026-03-09,2026,3,ZIMA,22.165929635649192,50.017433932946375,24688.65400458408,1912.5900554770644
2026-03-09,2026,3,ZIMA,22.22881170553756,50.017433932946375,21011.64844441782,1905.7231738299101
2026-03-09,2026,3,ZIMA,22.291693775425927,50.017433932946375,17724.845643369907,1911.689070217647
2026-03-09,2026,3,ZIMA,22.354575845314294,50.017433932946375,15085.492177146163,1921.1222941291726
2026-03-09,2026,3,ZIMA,22.417457915202657,50.017433932946375,13479.4325917546,1921.0134102569268
2026-03-09,2026,3,ZIMA,22.480339985091025,50.017433932946375,13286.800817179106,1921.2690887559863
2026-03-09,2026,3,ZIMA,22.543222054979392,50.017433932946375,14563.789322484645,1925.876299706647
2026-03-09,2026,3,ZIMA,22.60610412486776,50.017433932946375,16982.046877098484,1915.954303434172
2026-03-09,2026,3,ZIMA,22.668986194756126,50.017433932946375,20134.47338387348,1905.8618279112525
2026-03-09,2026,3,ZIMA,22.73186826464449,50.017433932946375,23730.259141340277,1912.9907364779542
2026-03-09,2026,3,ZIMA,22.291693775425927,50.08031600283475,23393.92889056244,1918.670368775198
2026-03-09,2026,3,ZIMA,22.354575845314294,50.08031600283475,21466.04242459771,1918.7406988079788
2026-03-09,2026,3,ZIMA,22.417457915202657,50.08031600283475,20370.90850265545,1915.9136516510853
2026-03-09,2026,3,ZIMA,22.480339985091025,50.08031600283475,20244.125442972134,1924.6770854538895
2026-03-09,2026,3,ZIMA,22.543222054979392,50.08031600283475,21103.1530005928,1925.9594287215334
2026-03-09,2026,3,ZIMA,22.60610412486776,50.08031600283475,22837.01728511146,1910.3544400346902
2026-03-10,2026,3,ZIMA,22.354575845314294,49.692518257006185,24112.090228048502,1896.2458466489174
2026-03-10,2026,3,ZIMA,22.417457915202657,49.692518257006185,23134.547378102303,1905.7369951404023
2026-03-10,2026,3,ZIMA,22.480339985091025,49.692518257006185,23022.08858500473,1898.3641577091853
2026-03-10,2026,3,ZIMA,22.543222054979392,49.692518257006185,23786.98643868175,1896.7568850401508
2026-03-10,2026,3,ZIMA,22.291693775425927,49.755400326894545,19903.314178415047,1901.6674023515661
2026-03-10,2026,3,ZIMA,22.354575845314294,49.755400326894545,17580.495625769614,1901.7187223456701
2026-03-10,2026,3,ZIMA,22.417457915202657,49.755400326894545,16215.66667820542,1903.9713502700208
2026-03-10,2026,3,ZIMA,22.480339985091025,49.755400326894545,16055.025104151813,1895.356442286755
2026-03-10,2026,3,ZIMA,22.543222054979392,49.755400326894545,17132.476668509815,1895.4661451928694
2026-03-10,2026,3,ZIMA,22.60610412486776,49.755400326894545,19241.147484226796,1910.7437562744415
2026-03-10,2026,3,ZIMA,22.668986194756126,49.755400326894545,22087.641825604678,1910.5689748002717
2026-03-10,2026,3,ZIMA,22.417457915202657,49.818282396782934,9408.524932013164,1901.6673592678287
2026-03-10,2026,3,ZIMA,22.60610412486776,49.818282396782934,13987.696201742643,1914.8340669472047
2026-03-10,2026,3,ZIMA,22.668986194756126,49.818282396782934,17695.925250540768,1914.8341035881074
2026-03-10,2026,3,ZIMA,22.73186826464449,49.818282396782934,21714.62640675995,1904.3343534205815
2026-03-10,2026,3,ZIMA,22.73186826464449,49.944046536559654,20376.093396314827,1907.9562566520997
2026-03-10,2026,3,ZIMA,22.794750334532857,49.944046536559654,24777.740103857333,1907.9563605036697
2026-03-10,2026,3,ZIMA,22.73186826464449,50.006928606448014,23103.564470285364,1912.1370532912006
2026-03-10,2026,3,ZIMA,22.543222054979392,50.069810676336374,19989.23029615635,1909.477184750052
2026-03-10,2026,3,ZIMA,22.60610412486776,50.069810676336374,21812.20457988765,1909.4771855939787
2026-03-10,2026,3,ZIMA,22.668986194756126,50.069810676336374,24344.445570191427,1913.6528838715305
2026-03-11,2026,3,ZIMA,22.354575845314294,49.69602003250564,23741.434569694928,1900.698120117125
2026-03-11,2026,3,ZIMA,22.417457915202657,49.69602003250564,22748.042182096517,1896.5987056210338
2026-03-11,2026,3,ZIMA,22.480339985091025,49.69602003250564,22633.671306974964,1890.5735152017512
2026-03-11,2026,3,ZIMA,22.543222054979392,49.69602003250564,23411.20807382834,1891.5158249188519
2026-03-11,2026,3,ZIMA,22.22881170553756,49.758902102394,22624.046814957903,1902.3306896913698
2026-03-11,2026,3,ZIMA,22.291693775425927,49.758902102394,19591.99962129339,1904.872011423915
2026-03-11,2026,3,ZIMA,22.354575845314294,49.758902102394,17227.438140962277,1903.991094851303
2026-03-11,2026,3,ZIMA,22.417457915202657,49.758902102394,15832.307636339392,1894.2807972678327
2026-03-11,2026,3,ZIMA,22.480339985091025,49.758902102394,15667.747886586207,1890.5515095769824
2026-03-11,2026,3,ZIMA,22.543222054979392,49.758902102394,16770.023094391185,1890.5515308269655
2026-03-11,2026,3,ZIMA,22.60610412486776,49.758902102394,18918.989276004908,1894.9696765785218
2026-03-11,2026,3,ZIMA,22.668986194756126,49.758902102394,21807.38076196634,1899.1230118179922
2026-03-11,2026,3,ZIMA,22.165929635649192,49.82178417228238,22610.888262467266,1900.8284759220394
2026-03-11,2026,3,ZIMA,22.22881170553756,49.82178417228238,18507.581667229533,1900.9247826142082
2026-03-11,2026,3,ZIMA,22.291693775425927,49.82178417228238,14652.474429487585,1900.2582882655543
2026-03-11,2026,3,ZIMA,22.354575845314294,49.82178417228238,11302.46295250511,1900.0321662884455
2026-03-11,2026,3,ZIMA,22.417457915202657,49.82178417228238,9037.843640830239,1891.0721430323958
2026-03-11,2026,3,ZIMA,22.480339985091025,49.82178417228238,8746.752713537466,1891.0721401459377
2026-03-11,2026,3,ZIMA,22.543222054979392,49.82178417228238,10593.14919137746,1896.1705038162615
2026-03-11,2026,3,ZIMA,22.60610412486776,49.82178417228238,13740.822571317345,1903.9977654545828
2026-03-11,2026,3,ZIMA,22.668986194756126,49.82178417228238,17501.19592369996,1903.7495880164518
2026-03-11,2026,3,ZIMA,22.73186826464449,49.82178417228238,21555.965780585146,1897.6787158372606
2026-03-11,2026,3,ZIMA,22.165929635649192,49.88466624217074,20965.48454243477,1896.6096900630664
2026-03-11,2026,3,ZIMA,22.22881170553756,49.88466624217074,16463.55502224266,1897.5762754210618
2026-03-11,2026,3,ZIMA,22.291693775425927,49.88466624217074,11974.088716404958,1894.8797452384333
2026-03-11,2026,3,ZIMA,22.354575845314294,49.88466624217074,7519.4482632486,1895.894310126329
2026-03-11,2026,3,ZIMA,22.417457915202657,49.88466624217074,3246.3229762535266,1897.0964358701974
2026-03-11,2026,3,ZIMA,22.480339985091025,49.88466624217074,2316.972690361665,1903.9527259697452
2026-03-11,2026,3,ZIMA,22.543222054979392,49.88466624217074,6405.571118368106,1904.8871337181652
2026-03-11,2026,3,ZIMA,22.60610412486776,49.88466624217074,10841.01213922893,1904.7470829723563
2026-03-11,2026,3,ZIMA,22.668986194756126,49.88466624217074,15325.041939678733,1904.6308642063289
2026-03-11,2026,3,ZIMA,22.73186826464449,49.88466624217074,19824.715810900747,1908.243218059012
2026-03-11,2026,3,ZIMA,22.794750334532857,49.88466624217074,24331.353687567986,1909.1217335964914
2026-03-11,2026,3,ZIMA,22.165929635649192,49.94754831205911,21579.812467858832,1895.6348401933294
2026-03-11,2026,3,ZIMA,22.22881170553756,49.94754831205911,17245.416340154075,1895.4140166441912
2026-03-11,2026,3,ZIMA,22.291693775425927,49.94754831205911,13034.58722823578,1895.1899675322015
2026-03-11,2026,3,ZIMA,22.354575845314294,49.94754831205911,9120.123338587056,1893.8457917475134
2026-03-11,2026,3,ZIMA,22.417457915202657,49.94754831205911,6101.88788802132,1895.2365403477932
2026-03-11,2026,3,ZIMA,22.480339985091025,49.94754831205911,5662.996384288863,1902.9284667968125
2026-03-11,2026,3,ZIMA,22.543222054979392,49.94754831205911,8227.15399717367,1903.2431762333758
2026-03-11,2026,3,ZIMA,22.60610412486776,49.94754831205911,12003.449849944192,1904.740094327664
2026-03-11,2026,3,ZIMA,22.668986194756126,49.94754831205911,16163.529480174113,1904.03828146796
2026-03-11,2026,3,ZIMA,22.73186826464449,49.94754831205911,20474.77938760979,1905.4505713960982
2026-03-11,2026,3,ZIMA,22.165929635649192,50.01043038194747,24283.038247886205,1896.8712695435554
2026-03-11,2026,3,ZIMA,22.22881170553756,50.01043038194747,20532.930787115496,1891.6037000830686
2026-03-11,2026,3,ZIMA,22.291693775425927,50.01043038194747,17154.110502445375,1898.586787403995
2026-03-11,2026,3,ZIMA,22.354575845314294,50.01043038194747,14410.163939478029,1898.5867911637533
2026-03-11,2026,3,ZIMA,22.417457915202657,50.01043038194747,12718.8513596271,1904.5032626680718
2026-03-11,2026,3,ZIMA,22.480339985091025,50.01043038194747,12514.487746784618,1901.7763775891424
2026-03-11,2026,3,ZIMA,22.543222054979392,50.01043038194747,13862.98882068102,1899.897804835411
2026-03-11,2026,3,ZIMA,22.60610412486776,50.01043038194747,16385.34462160376,1901.9947476153418
2026-03-11,2026,3,ZIMA,22.668986194756126,50.01043038194747,19634.246743118325,1901.8156730259188
2026-03-11,2026,3,ZIMA,22.73186826464449,50.01043038194747,23307.826208769628,1901.440970290582
2026-03-11,2026,3,ZIMA,22.291693775425927,50.07331245183585,22726.009158975274,1888.3711139533998
2026-03-11,2026,3,ZIMA,22.354575845314294,50.07331245183585,20735.813456964195,1888.371095596851
2026-03-11,2026,3,ZIMA,22.417457915202657,50.07331245183585,19599.750597808397,1900.2043178365348
2026-03-11,2026,3,ZIMA,22.480339985091025,50.07331245183585,19467.92684536346,1906.4157275300638
2026-03-11,2026,3,ZIMA,22.543222054979392,50.07331245183585,20359.857535977364,1905.6812792328233
2026-03-11,2026,3,ZIMA,22.60610412486776,50.07331245183585,22152.2276541762,1902.8388809935811
2026-03-11,2026,3,ZIMA,22.668986194756126,50.07331245183585,24649.390198663055,1903.0037522113198
2026-03-11,2026,3,ZIMA,22.476838209591577,49.82178417228238,8701.663285040688,1892.2249843806992
2026-03-11,2026,3,ZIMA,22.539720279479937,49.82178417228238,10447.545263544589,1892.2249741319076
2026-03-11,2026,3,ZIMA,22.602602349368304,49.82178417228238,13545.099550319965,1892.2249680755242
2026-03-11,2026,3,ZIMA,22.66548441925667,49.82178417228238,17282.201974640804,1892.2249639475156
2026-03-11,2026,3,ZIMA,22.72836648914504,49.82178417228238,21325.230205519878,1892.2249780002203
2026-03-11,2026,3,ZIMA,22.791248559033406,49.94754831205911,24613.287359316066,1900.0247545620866
2026-03-12,2026,3,ZIMA,22.165929635649192,49.89166979316964,20919.391463104264,1894.1474127553422
2026-03-12,2026,3,ZIMA,22.22881170553756,49.89166979316964,16405.560705198463,1893.3780545384034
2026-03-12,2026,3,ZIMA,22.291693775425927,49.89166979316964,11895.00110721875,1893.3780535696956
2026-03-12,2026,3,ZIMA,22.165929635649192,49.954551863058015,21786.570287916154,1907.4038440071708
2026-03-12,2026,3,ZIMA,22.22881170553756,49.954551863058015,17504.14593586278,1900.8263569018488
2026-03-12,2026,3,ZIMA,22.291693775425927,49.954551863058015,13375.713008895505,1893.378056776316
2026-03-12,2026,3,ZIMA,22.354575845314294,49.954551863058015,9602.00371929549,1893.378047132049
2026-03-12,2026,3,ZIMA,22.165929635649192,50.017433932946375,24688.65400458408,1906.025651660692
2026-03-12,2026,3,ZIMA,22.22881170553756,50.017433932946375,21011.64844441782,1908.4823055026623
2026-03-12,2026,3,ZIMA,22.291693775425927,50.017433932946375,17724.845643369907,1908.477391506279
2026-03-12,2026,3,ZIMA,22.354575845314294,50.017433932946375,15085.492177146163,1900.0225860885555
2026-03-12,2026,3,ZIMA,22.417457915202657,50.017433932946375,13479.4325917546,1894.927493703242
2026-03-12,2026,3,ZIMA,22.291693775425927,50.08031600283475,23393.92889056244,1901.111294373488
2026-03-12,2026,3,ZIMA,22.354575845314294,50.08031600283475,21466.04242459771,1901.2275310193081
2026-03-12,2026,3,ZIMA,22.417457915202657,50.08031600283475,20370.90850265545,1898.1681018006343
2026-03-12,2026,3,ZIMA,22.480339985091025,50.08031600283475,20244.125442972134,1894.9274954404655
2026-03-12,2026,3,ZIMA,22.543222054979392,50.08031600283475,21103.1530005928,1894.9275046027158
2026-03-12,2026,3,ZIMA,22.354575845314294,49.69602003250564,23741.434569694928,1865.0528445422035
2026-03-12,2026,3,ZIMA,22.22881170553756,49.758902102394,22624.046814957903,1871.8409356011855
2026-03-12,2026,3,ZIMA,22.291693775425927,49.758902102394,19591.99962129339,1871.644015638879
2026-03-12,2026,3,ZIMA,22.354575845314294,49.758902102394,17227.438140962277,1871.5455715087692
2026-03-12,2026,3,ZIMA,22.165929635649192,49.82178417228238,22610.888262467266,1889.1847043902094
2026-03-12,2026,3,ZIMA,22.22881170553756,49.82178417228238,18507.581667229533,1889.1460861005185
2026-03-12,2026,3,ZIMA,22.291693775425927,49.82178417228238,14652.474429487585,1889.0688315595855
2026-03-12,2026,3,ZIMA,22.354575845314294,49.82178417228238,11302.46295250511,1889.018251834069
2026-03-12,2026,3,ZIMA,22.165929635649192,49.88466624217074,20965.48454243477,1890.364127321902
2026-03-12,2026,3,ZIMA,22.22881170553756,49.88466624217074,16463.55502224266,1890.3995295107245
2026-03-12,2026,3,ZIMA,22.291693775425927,49.88466624217074,11974.088716404958,1890.4702983374757
2026-03-12,2026,3,ZIMA,22.354575845314294,49.88466624217074,7519.4482632486,1895.1028338408423
2026-03-12,2026,3,ZIMA,22.417457915202657,49.88466624217074,3246.3229762535266,1895.844845486953
2026-03-12,2026,3,ZIMA,22.480339985091025,49.88466624217074,2316.972690361665,1895.8448406777304
2026-03-12,2026,3,ZIMA,22.543222054979392,49.88466624217074,6405.571118368106,1895.8448516396327
2026-03-12,2026,3,ZIMA,22.165929635649192,49.94754831205911,21579.812467858832,1889.407357551435
2026-03-12,2026,3,ZIMA,22.22881170553756,49.94754831205911,17245.416340154075,1889.407335506913
2026-03-12,2026,3,ZIMA,22.291693775425927,49.94754831205911,13034.58722823578,1892.5532374712272
2026-03-12,2026,3,ZIMA,22.354575845314294,49.94754831205911,9120.123338587056,1900.4117118873185
2026-03-12,2026,3,ZIMA,22.417457915202657,49.94754831205911,6101.88788802132,1900.3694178931214
2026-03-12,2026,3,ZIMA,22.480339985091025,49.94754831205911,5662.996384288863,1900.3045156851197
2026-03-12,2026,3,ZIMA,22.543222054979392,49.94754831205911,8227.15399717367,1898.8096610038947
2026-03-12,2026,3,ZIMA,22.291693775425927,50.01043038194747,17154.110502445375,1884.805183636873
2026-03-12,2026,3,ZIMA,22.354575845314294,50.01043038194747,14410.163939478029,1884.844211966932
2026-03-12,2026,3,ZIMA,22.417457915202657,50.01043038194747,12718.8513596271,1884.8591776372828
2026-03-12,2026,3,ZIMA,22.480339985091025,50.01043038194747,12514.487746784618,1884.9472962664306
2026-03-12,2026,3,ZIMA,22.291693775425927,50.07331245183585,22726.009158975274,1883.188119300781
2026-03-12,2026,3,ZIMA,22.354575845314294,50.07331245183585,20735.813456964195,1883.1881103515007
2026-03-12,2026,3,ZIMA,22.417457915202657,50.07331245183585,19599.750597808397,1883.1881103514968
2026-03-12,2026,3,ZIMA,22.480339985091025,50.07331245183585,19467.92684536346,1883.1881145225682
2026-03-14,2026,3,ZIMA,22.354575845314294,49.69602003250564,23741.434569694928,1879.547708212075
2026-03-14,2026,3,ZIMA,22.417457915202657,49.69602003250564,22748.042182096517,1880.4391169278267
2026-03-14,2026,3,ZIMA,22.480339985091025,49.69602003250564,22633.671306974964,1879.4043613895344
2026-03-14,2026,3,ZIMA,22.543222054979392,49.69602003250564,23411.20807382834,1869.7439755777675
2026-03-14,2026,3,ZIMA,22.22881170553756,49.758902102394,22624.046814957903,1902.4205195939455
2026-03-14,2026,3,ZIMA,22.291693775425927,49.758902102394,19591.99962129339,1889.1652598790379
2026-03-14,2026,3,ZIMA,22.354575845314294,49.758902102394,17227.438140962277,1876.5433268867027
2026-03-14,2026,3,ZIMA,22.417457915202657,49.758902102394,15832.307636339392,1884.7291175683104
2026-03-14,2026,3,ZIMA,22.480339985091025,49.758902102394,15667.747886586207,1883.784331688594
2026-03-14,2026,3,ZIMA,22.543222054979392,49.758902102394,16770.023094391185,1876.9912384310453
2026-03-14,2026,3,ZIMA,22.60610412486776,49.758902102394,18918.989276004908,1880.3576830107288
2026-03-14,2026,3,ZIMA,22.668986194756126,49.758902102394,21807.38076196634,1885.1003057160392
2026-03-14,2026,3,ZIMA,22.165929635649192,49.82178417228238,22610.888262467266,1909.023397919717
2026-03-14,2026,3,ZIMA,22.22881170553756,49.82178417228238,18507.581667229533,1908.8811067546965
2026-03-14,2026,3,ZIMA,22.291693775425927,49.82178417228238,14652.474429487585,1885.9273164570745
2026-03-14,2026,3,ZIMA,22.354575845314294,49.82178417228238,11302.46295250511,1885.205677440058
2026-03-14,2026,3,ZIMA,22.417457915202657,49.82178417228238,9037.843640830239,1895.0078050627594
2026-03-14,2026,3,ZIMA,22.480339985091025,49.82178417228238,8746.752713537466,1885.8735670891467
2026-03-14,2026,3,ZIMA,22.543222054979392,49.82178417228238,10593.14919137746,1887.5211886402867
2026-03-14,2026,3,ZIMA,22.60610412486776,49.82178417228238,13740.822571317345,1887.2786401353117
2026-03-14,2026,3,ZIMA,22.668986194756126,49.82178417228238,17501.19592369996,1887.2875788742547
2026-03-14,2026,3,ZIMA,22.73186826464449,49.82178417228238,21555.965780585146,1890.9615484834703
2026-03-14,2026,3,ZIMA,22.165929635649192,49.88466624217074,20965.48454243477,1904.0982833213247
2026-03-14,2026,3,ZIMA,22.22881170553756,49.88466624217074,16463.55502224266,1901.6792896590068
2026-03-14,2026,3,ZIMA,22.291693775425927,49.88466624217074,11974.088716404958,1886.7268944690543
2026-03-14,2026,3,ZIMA,22.354575845314294,49.88466624217074,7519.4482632486,1889.688255697394
2026-03-14,2026,3,ZIMA,22.417457915202657,49.88466624217074,3246.3229762535266,1889.3130524577123
2026-03-14,2026,3,ZIMA,22.480339985091025,49.88466624217074,2316.972690361665,1877.7547686073513
2026-03-14,2026,3,ZIMA,22.543222054979392,49.88466624217074,6405.571118368106,1889.2334121284105
2026-03-14,2026,3,ZIMA,22.60610412486776,49.88466624217074,10841.01213922893,1892.7880692093142
2026-03-14,2026,3,ZIMA,22.668986194756126,49.88466624217074,15325.041939678733,1896.377306718045
2026-03-14,2026,3,ZIMA,22.73186826464449,49.88466624217074,19824.715810900747,1901.2819145465878
2026-03-14,2026,3,ZIMA,22.794750334532857,49.88466624217074,24331.353687567986,1927.4502629201622
2026-03-14,2026,3,ZIMA,22.165929635649192,49.94754831205911,21579.812467858832,1904.804248436307
2026-03-14,2026,3,ZIMA,22.22881170553756,49.94754831205911,17245.416340154075,1892.2656378286736
2026-03-14,2026,3,ZIMA,22.291693775425927,49.94754831205911,13034.58722823578,1885.1203749204294
2026-03-14,2026,3,ZIMA,22.354575845314294,49.94754831205911,9120.123338587056,1893.8117267759235
2026-03-14,2026,3,ZIMA,22.417457915202657,49.94754831205911,6101.88788802132,1893.8968722090751
2026-03-14,2026,3,ZIMA,22.543222054979392,49.94754831205911,8227.15399717367,1894.7064218505227
2026-03-14,2026,3,ZIMA,22.60610412486776,49.94754831205911,12003.449849944192,1895.6971959435755
2026-03-14,2026,3,ZIMA,22.668986194756126,49.94754831205911,16163.529480174113,1900.6440098203457
2026-03-14,2026,3,ZIMA,22.73186826464449,49.94754831205911,20474.77938760979,1911.4085332742427
2026-03-14,2026,3,ZIMA,22.165929635649192,50.01043038194747,24283.038247886205,1900.5569532778188
2026-03-14,2026,3,ZIMA,22.22881170553756,50.01043038194747,20532.930787115496,1895.8372852001091
2026-03-14,2026,3,ZIMA,22.291693775425927,50.01043038194747,17154.110502445375,1892.8526985775513
2026-03-14,2026,3,ZIMA,22.354575845314294,50.01043038194747,14410.163939478029,1889.75769020021
2026-03-14,2026,3,ZIMA,22.60610412486776,50.01043038194747,16385.34462160376,1896.163476454929
2026-03-14,2026,3,ZIMA,22.668986194756126,50.01043038194747,19634.246743118325,1895.95045247929
2026-03-14,2026,3,ZIMA,22.73186826464449,50.01043038194747,23307.826208769628,1919.3800544305545
2026-03-14,2026,3,ZIMA,22.417457915202657,50.07331245183585,19599.750597808397,1888.314456335757
2026-03-14,2026,3,ZIMA,22.60610412486776,50.07331245183585,22152.2276541762,1896.3791476332576
2026-03-14,2026,3,ZIMA,22.668986194756126,50.07331245183585,24649.390198663055,1897.8166366627609
2026-03-15,2026,3,ZIMA,22.354575845314294,49.69602003250564,23741.434569694928,1915.9981346520353
2026-03-15,2026,3,ZIMA,22.417457915202657,49.69602003250564,22748.042182096517,1900.6260595875463
2026-03-15,2026,3,ZIMA,22.480339985091025,49.69602003250564,22633.671306974964,1892.5478356040444
2026-03-15,2026,3,ZIMA,22.543222054979392,49.69602003250564,23411.20807382834,1897.4702736938652
2026-03-15,2026,3,ZIMA,22.22881170553756,49.758902102394,22624.046814957903,1902.0265815940877
2026-03-15,2026,3,ZIMA,22.291693775425927,49.758902102394,19591.99962129339,1911.708968066651
2026-03-15,2026,3,ZIMA,22.354575845314294,49.758902102394,17227.438140962277,1911.7851096399165
2026-03-15,2026,3,ZIMA,22.417457915202657,49.758902102394,15832.307636339392,1898.315682261514
2026-03-15,2026,3,ZIMA,22.480339985091025,49.758902102394,15667.747886586207,1895.844762912436
2026-03-15,2026,3,ZIMA,22.543222054979392,49.758902102394,16770.023094391185,1904.7568165828914
2026-03-15,2026,3,ZIMA,22.60610412486776,49.758902102394,18918.989276004908,1906.4535821064048
2026-03-15,2026,3,ZIMA,22.668986194756126,49.758902102394,21807.38076196634,1919.8036076923217
2026-03-15,2026,3,ZIMA,22.165929635649192,49.82178417228238,22610.888262467266,1907.0603094133096
2026-03-15,2026,3,ZIMA,22.22881170553756,49.82178417228238,18507.581667229533,1911.1354130342584
2026-03-15,2026,3,ZIMA,22.291693775425927,49.82178417228238,14652.474429487585,1919.3254358244394
2026-03-15,2026,3,ZIMA,22.354575845314294,49.82178417228238,11302.46295250511,1913.4596766938419
2026-03-15,2026,3,ZIMA,22.417457915202657,49.82178417228238,9037.843640830239,1902.1952773683254
2026-03-15,2026,3,ZIMA,22.480339985091025,49.82178417228238,8746.752713537466,1907.3369807343686
2026-03-15,2026,3,ZIMA,22.543222054979392,49.82178417228238,10593.14919137746,1907.3093720157653
2026-03-15,2026,3,ZIMA,22.60610412486776,49.82178417228238,13740.822571317345,1922.775381611102
2026-03-15,2026,3,ZIMA,22.668986194756126,49.82178417228238,17501.19592369996,1922.7252589568443
2026-03-15,2026,3,ZIMA,22.73186826464449,49.82178417228238,21555.965780585146,1913.119404976358
2026-03-15,2026,3,ZIMA,22.165929635649192,49.88466624217074,20965.48454243477,1908.500315419969
2026-03-15,2026,3,ZIMA,22.22881170553756,49.88466624217074,16463.55502224266,1915.5741131170232
2026-03-15,2026,3,ZIMA,22.291693775425927,49.88466624217074,11974.088716404958,1909.63780965273
2026-03-15,2026,3,ZIMA,22.354575845314294,49.88466624217074,7519.4482632486,1894.2719403644915
2026-03-15,2026,3,ZIMA,22.417457915202657,49.88466624217074,3246.3229762535266,1900.1892564714753
2026-03-15,2026,3,ZIMA,22.480339985091025,49.88466624217074,2316.972690361665,1912.7750244139918
2026-03-15,2026,3,ZIMA,22.543222054979392,49.88466624217074,6405.571118368106,1918.3209241877585
2026-03-15,2026,3,ZIMA,22.60610412486776,49.88466624217074,10841.01213922893,1927.3502238666913
2026-03-15,2026,3,ZIMA,22.668986194756126,49.88466624217074,15325.041939678733,1923.0158666978448
2026-03-15,2026,3,ZIMA,22.73186826464449,49.88466624217074,19824.715810900747,1918.2398073082113
2026-03-15,2026,3,ZIMA,22.794750334532857,49.88466624217074,24331.353687567986,1923.334832902793
2026-03-15,2026,3,ZIMA,22.165929635649192,49.94754831205911,21579.812467858832,1912.7829242064124
2026-03-15,2026,3,ZIMA,22.22881170553756,49.94754831205911,17245.416340154075,1911.491639537677
2026-03-15,2026,3,ZIMA,22.291693775425927,49.94754831205911,13034.58722823578,1898.657010279113
2026-03-15,2026,3,ZIMA,22.354575845314294,49.94754831205911,9120.123338587056,1895.8033008768678
2026-03-15,2026,3,ZIMA,22.417457915202657,49.94754831205911,6101.88788802132,1906.5331734465562
2026-03-15,2026,3,ZIMA,22.480339985091025,49.94754831205911,5662.996384288863,1909.3259315993275
2026-03-15,2026,3,ZIMA,22.543222054979392,49.94754831205911,8227.15399717367,1923.6085075811461
2026-03-15,2026,3,ZIMA,22.60610412486776,49.94754831205911,12003.449849944192,1927.9700842058714
2026-03-15,2026,3,ZIMA,22.668986194756126,49.94754831205911,16163.529480174113,1914.569514330702
2026-03-15,2026,3,ZIMA,22.73186826464449,49.94754831205911,20474.77938760979,1915.512398720165
2026-03-15,2026,3,ZIMA,22.165929635649192,50.01043038194747,24283.038247886205,1917.8146789299797
2026-03-15,2026,3,ZIMA,22.22881170553756,50.01043038194747,20532.930787115496,1917.3217846586751
2026-03-15,2026,3,ZIMA,22.291693775425927,50.01043038194747,17154.110502445375,1909.262442357781
2026-03-15,2026,3,ZIMA,22.354575845314294,50.01043038194747,14410.163939478029,1909.8814077158709
2026-03-15,2026,3,ZIMA,22.417457915202657,50.01043038194747,12718.8513596271,1916.0584052874767
2026-03-15,2026,3,ZIMA,22.480339985091025,50.01043038194747,12514.487746784618,1927.0435559498924
2026-03-15,2026,3,ZIMA,22.543222054979392,50.01043038194747,13862.98882068102,1928.1098632813203
2026-03-15,2026,3,ZIMA,22.60610412486776,50.01043038194747,16385.34462160376,1908.1249211256109
2026-03-15,2026,3,ZIMA,22.668986194756126,50.01043038194747,19634.246743118325,1906.024623360481
2026-03-15,2026,3,ZIMA,22.73186826464449,50.01043038194747,23307.826208769628,1922.390315317436
2026-03-15,2026,3,ZIMA,22.291693775425927,50.07331245183585,22726.009158975274,1907.5306804568656
2026-03-15,2026,3,ZIMA,22.354575845314294,50.07331245183585,20735.813456964195,1910.5202488080222
2026-03-15,2026,3,ZIMA,22.417457915202657,50.07331245183585,19599.750597808397,1916.0566121246022
2026-03-15,2026,3,ZIMA,22.480339985091025,50.07331245183585,19467.92684536346,1929.464052012279
2026-03-15,2026,3,ZIMA,22.543222054979392,50.07331245183585,20359.857535977364,1929.2651848980397
2026-03-15,2026,3,ZIMA,22.60610412486776,50.07331245183585,22152.2276541762,1908.4363195463977
2026-03-15,2026,3,ZIMA,22.668986194756126,50.07331245183585,24649.390198663055,1907.954547986303
2026-03-16,2026,3,ZIMA,22.354575845314294,49.703023583504546,23001.98911035394,1889.9181037088285
2026-03-16,2026,3,ZIMA,22.417457915202657,49.703023583504546,21975.346455526636,1887.3905374514663
2026-03-16,2026,3,ZIMA,22.480339985091025,49.703023583504546,21856.94974519855,1887.2169402653988
2026-03-16,2026,3,ZIMA,22.543222054979392,49.703023583504546,22661.03902923717,1887.6817623678899
2026-03-16,2026,3,ZIMA,22.60610412486776,49.703023583504546,24296.198188144805,1896.294579359659
2026-03-16,2026,3,ZIMA,22.22881170553756,49.765905653392906,22094.07877149692,1889.503450209841
2026-03-16,2026,3,ZIMA,22.291693775425927,49.765905653392906,18978.031889389276,1891.8846052257281
2026-03-16,2026,3,ZIMA,22.354575845314294,49.765905653392906,16526.233661248294,1893.2105885660935
2026-03-16,2026,3,ZIMA,22.417457915202657,49.765905653392906,15066.531806853272,1892.3898413711806
2026-03-16,2026,3,ZIMA,22.480339985091025,49.765905653392906,14893.538410765585,1890.7194636637166
2026-03-16,2026,3,ZIMA,22.543222054979392,49.765905653392906,16048.91545535083,1893.9531258049456
2026-03-16,2026,3,ZIMA,22.60610412486776,49.765905653392906,18282.53620624142,1894.8656878706208
2026-03-16,2026,3,ZIMA,22.668986194756126,49.765905653392906,21257.1846990577,1894.7800745611544
2026-03-16,2026,3,ZIMA,22.73186826464449,49.765905653392906,24706.637829025414,1906.425496231028
2026-03-16,2026,3,ZIMA,22.165929635649192,49.82878772328128,22325.43538520545,1884.9618311317633
2026-03-16,2026,3,ZIMA,22.22881170553756,49.82878772328128,18158.406619754358,1884.4073404080134
2026-03-16,2026,3,ZIMA,22.291693775425927,49.82878772328128,14209.525042067644,1890.0259171049133
2026-03-16,2026,3,ZIMA,22.354575845314294,49.82878772328128,10722.583398780149,1894.5029402818564
2026-03-16,2026,3,ZIMA,22.417457915202657,49.82878772328128,8301.649065314678,1895.2060631181305
2026-03-16,2026,3,ZIMA,22.480339985091025,49.82878772328128,7983.807939159483,1893.1961113403022
2026-03-16,2026,3,ZIMA,22.543222054979392,49.82878772328128,9972.220017912965,1891.1626007772647
2026-03-16,2026,3,ZIMA,22.60610412486776,49.82878772328128,13267.61214866327,1892.9569237223086
2026-03-16,2026,3,ZIMA,22.668986194756126,49.82878772328128,17131.67359445209,1903.2301544943882
2026-03-16,2026,3,ZIMA,22.73186826464449,49.82878772328128,21256.509218593656,1911.9317829787412
2026-03-16,2026,3,ZIMA,22.165929635649192,49.89166979316964,20919.391463104264,1882.4814357958483
2026-03-16,2026,3,ZIMA,22.22881170553756,49.89166979316964,16405.560705198463,1884.4663497708116
2026-03-16,2026,3,ZIMA,22.291693775425927,49.89166979316964,11895.00110721875,1894.4719745147138
2026-03-16,2026,3,ZIMA,22.354575845314294,49.89166979316964,7393.707934749382,1893.6642611446805
2026-03-16,2026,3,ZIMA,22.417457915202657,49.89166979316964,2944.500050124817,1893.6177246777372
2026-03-16,2026,3,ZIMA,22.480339985091025,49.89166979316964,1870.9821680215873,1901.6250913621448
2026-03-16,2026,3,ZIMA,22.543222054979392,49.89166979316964,6257.667310553245,1901.5469411937272
2026-03-16,2026,3,ZIMA,22.60610412486776,49.89166979316964,10753.768425853132,1912.436084008589
2026-03-16,2026,3,ZIMA,22.668986194756126,49.89166979316964,15262.893735083717,1915.2069809691277
2026-03-16,2026,3,ZIMA,22.73186826464449,49.89166979316964,19776.134276070505,1913.475380133049
2026-03-16,2026,3,ZIMA,22.794750334532857,49.89166979316964,24291.194065453536,1918.5595308231775
2026-03-16,2026,3,ZIMA,22.165929635649192,49.954551863058015,21786.570287916154,1881.1752075454865
2026-03-16,2026,3,ZIMA,22.22881170553756,49.954551863058015,17504.14593586278,1888.6478964292264
2026-03-16,2026,3,ZIMA,22.291693775425927,49.954551863058015,13375.713008895505,1897.4313912799348
2026-03-16,2026,3,ZIMA,22.354575845314294,49.954551863058015,9602.00371929549,1895.8599737476284
2026-03-16,2026,3,ZIMA,22.417457915202657,49.954551863058015,6801.584066412853,1899.3172532543065
2026-03-16,2026,3,ZIMA,22.480339985091025,49.954551863058015,6410.8337029859895,1901.2250328568894
2026-03-16,2026,3,ZIMA,22.543222054979392,49.954551863058015,8758.432559269975,1901.6535619230058
2026-03-16,2026,3,ZIMA,22.60610412486776,49.954551863058015,12373.188316296972,1913.0290330585326
2026-03-16,2026,3,ZIMA,22.668986194756126,49.954551863058015,16439.454591696005,1914.6644523505604
2026-03-16,2026,3,ZIMA,22.73186826464449,49.954551863058015,20692.74432795608,1916.5697820240805
2026-03-16,2026,3,ZIMA,22.165929635649192,50.017433932946375,24688.65400458408,1892.695489778245
2026-03-16,2026,3,ZIMA,22.22881170553756,50.017433932946375,21011.64844441782,1897.7817576416537
2026-03-16,2026,3,ZIMA,22.291693775425927,50.017433932946375,17724.845643369907,1903.0561523438193
2026-03-16,2026,3,ZIMA,22.354575845314294,50.017433932946375,15085.492177146163,1902.806576875033
2026-03-16,2026,3,ZIMA,22.417457915202657,50.017433932946375,13479.4325917546,1903.3467070180682
2026-03-16,2026,3,ZIMA,22.480339985091025,50.017433932946375,13286.800817179106,1902.7075283000843
2026-03-16,2026,3,ZIMA,22.543222054979392,50.017433932946375,14563.789322484645,1909.2526902645097
2026-03-16,2026,3,ZIMA,22.60610412486776,50.017433932946375,16982.046877098484,1912.7396240235075
2026-03-16,2026,3,ZIMA,22.668986194756126,50.017433932946375,20134.47338387348,1912.5268569192035
2026-03-16,2026,3,ZIMA,22.73186826464449,50.017433932946375,23730.259141340277,1921.8739470658306
2026-03-16,2026,3,ZIMA,22.291693775425927,50.08031600283475,23393.92889056244,1892.8846376983797
2026-03-16,2026,3,ZIMA,22.354575845314294,50.08031600283475,21466.04242459771,1894.2973501668075
2026-03-16,2026,3,ZIMA,22.417457915202657,50.08031600283475,20370.90850265545,1897.478613710865
2026-03-16,2026,3,ZIMA,22.480339985091025,50.08031600283475,20244.125442972134,1901.7355075638768
2026-03-16,2026,3,ZIMA,22.543222054979392,50.08031600283475,21103.1530005928,1901.659839497019
2026-03-16,2026,3,ZIMA,22.60610412486776,50.08031600283475,22837.01728511146,1908.859376170709
2026-03-18,2026,3,ZIMA,22.351074069814842,49.69952180800509,23452.044412270043,1872.5915317792042
2026-03-18,2026,3,ZIMA,22.41395613970321,49.69952180800509,22395.01771344624,1873.0239340535284
2026-03-18,2026,3,ZIMA,22.476838209591577,49.69952180800509,22227.556145717932,1873.5921270810936
2026-03-18,2026,3,ZIMA,22.225309930038108,49.76240387789346,22542.784189467628,1891.4630126953198
2026-03-18,2026,3,ZIMA,22.288191999926475,49.76240387789346,19439.794954990113,1878.3995328993378
2026-03-18,2026,3,ZIMA,22.351074069814842,49.76240387789346,16987.360292640155,1878.1935192610538
2026-03-18,2026,3,ZIMA,22.41395613970321,49.76240387789346,15497.464920780965,1876.5404179147763
2026-03-18,2026,3,ZIMA,22.476838209591577,49.76240387789346,15254.786361490895,1876.2776532511425
2026-03-18,2026,3,ZIMA,22.539720279479937,49.76240387789346,16315.073828270395,1875.9332960839502
2026-03-18,2026,3,ZIMA,22.16242786014974,49.82528594778182,22699.863401704264,1900.077134136945
2026-03-18,2026,3,ZIMA,22.225309930038108,49.82528594778182,18555.257733334394,1899.5431123632577
2026-03-18,2026,3,ZIMA,22.288191999926475,49.82528594778182,14635.38638075111,1885.8586495711493
2026-03-18,2026,3,ZIMA,22.351074069814842,49.82528594778182,11179.210694185098,1885.3629766125068
2026-03-18,2026,3,ZIMA,22.41395613970321,49.82528594778182,8754.330853999618,1877.441388871624
2026-03-18,2026,3,ZIMA,22.476838209591577,49.82528594778182,8317.75525363363,1877.3986539507823
2026-03-18,2026,3,ZIMA,22.539720279479937,49.82528594778182,10129.901392570879,1877.265279631755
2026-03-18,2026,3,ZIMA,22.16242786014974,49.888168017670196,21190.035965077823,1891.7543338502755
2026-03-18,2026,3,ZIMA,22.225309930038108,49.888168017670196,16680.922447759407,1892.0917681669346
2026-03-18,2026,3,ZIMA,22.16242786014974,49.951050087558556,21922.34246452262,1891.1376881990136
2026-03-18,2026,3,ZIMA,22.225309930038108,49.951050087558556,17608.139880996303,1890.8875070935235
2026-03-18,2026,3,ZIMA,22.16242786014974,50.01393215744693,24698.211293128992,1895.8422426586421
2026-03-18,2026,3,ZIMA,22.225309930038108,50.01393215744693,20968.579444434803,1892.3576665012868
2026-03-18,2026,3,ZIMA,22.288191999926475,50.01393215744693,17609.230664409366,1892.357660958496
2026-03-18,2026,3,ZIMA,22.351074069814842,50.01393215744693,14873.22360287433,1890.6204007670485
2026-03-18,2026,3,ZIMA,22.41395613970321,50.01393215744693,13155.403252170625,1889.76417024446
2026-03-18,2026,3,ZIMA,22.476838209591577,50.01393215744693,12870.136155172722,1889.7641659961644
2026-03-18,2026,3,ZIMA,22.288191999926475,50.07681422733529,23189.09236761441,1888.8888122642952
2026-03-18,2026,3,ZIMA,22.351074069814842,50.07681422733529,21189.098457688768,1892.7689647415552
2026-03-18,2026,3,ZIMA,22.41395613970321,50.07681422733529,20022.30305707215,1892.1158448090052
2026-03-18,2026,3,ZIMA,22.476838209591577,50.07681422733529,19836.281851330667,1891.4465755623633
2026-03-21,2026,3,ZIMA,22.291693775425927,49.89166979316964,11895.00110721875,1890.7170324857434
2026-03-21,2026,3,ZIMA,22.354575845314294,49.89166979316964,7393.707934749382,1890.7170482206543
2026-03-21,2026,3,ZIMA,22.417457915202657,49.89166979316964,2944.500050124817,1890.7170049563995
2026-03-21,2026,3,ZIMA,22.291693775425927,49.954551863058015,13375.713008895505,1890.717062037911
2026-03-21,2026,3,ZIMA,22.354575845314294,49.954551863058015,9602.00371929549,1890.7170407360456
2026-03-21,2026,3,ZIMA,22.417457915202657,49.954551863058015,6801.584066412853,1890.7170452724056
2026-06-03,2026,6,LATO,22.466332883093216,50.08031600283475,20185.419430504728,1884.68484642556
2026-06-03,2026,6,LATO,22.52921495298159,50.08031600283475,20830.525302317543,1891.9579090964364
2026-06-03,2026,6,LATO,22.59209702286995,50.08031600283475,22383.883199038224,1868.2518165060062
2026-06-03,2026,6,LATO,22.654979092758325,50.08031600283475,24674.55335184584,1855.2793104353636
2026-06-16,2026,6,LATO,22.333565192317593,49.69952180800509,23891.158082399845,1876.5082413531607
2026-06-16,2026,6,LATO,22.207801052540844,49.76240387789346,23489.05932460228,1875.6200098831268
2026-06-16,2026,6,LATO,22.270683122429205,49.76240387789346,20250.08974230532,1875.6199895828258
2026-06-20,2026,6,LATO,22.7772414570356,49.82878772328128,24320.4729780271,1883.8870964524497
2026-06-21,2026,6,LATO,22.588595247370506,49.765905653392906,17572.348165759362,1888.1725948011303
2026-06-21,2026,6,LATO,22.651477317258866,49.765905653392906,20371.71370341612,1888.1049680282072
2026-06-21,2026,6,LATO,22.714359387147226,49.765905653392906,23709.899247344183,1888.0381488587861
2026-06-21,2026,6,LATO,22.588595247370506,49.82878772328128,12271.867329400819,1888.1726374901357
2026-06-21,2026,6,LATO,22.651477317258866,49.82878772328128,16021.258563246713,1888.1725948154512
2026-06-21,2026,6,LATO,22.714359387147226,49.82878772328128,20090.86840189349,1888.1704349883053
2026-06-21,2026,6,LATO,22.7772414570356,49.82878772328128,24320.4729780271,1888.0517036206666
2026-06-21,2026,6,LATO,22.7772414570356,49.89166979316964,23033.900325477673,1865.4707563016802
2026-06-21,2026,6,LATO,22.7772414570356,49.954551863058015,23821.701564440966,1861.4745604663178
2026-06-21,2026,6,LATO,22.399949037705397,50.017433932946375,13797.768999143414,1915.1066499205256
2026-06-21,2026,6,LATO,22.46283110759377,50.017433932946375,13186.511359927295,1916.1691924614638
2026-06-21,2026,6,LATO,22.52571317748213,50.017433932946375,14075.177645224507,1916.169178484506
2026-06-21,2026,6,LATO,22.588595247370506,50.017433932946375,16219.068898947891,1916.1692624830664
2026-06-21,2026,6,LATO,22.651477317258866,50.017433932946375,19202.26311576868,1867.4242218256804
2026-06-21,2026,6,LATO,22.714359387147226,50.017433932946375,22696.183105903077,1873.5619702195136
2026-06-21,2026,6,LATO,22.337066967817037,50.08031600283475,21926.844631874275,1908.9370127829811
2026-06-21,2026,6,LATO,22.399949037705397,50.08031600283475,20582.660303117143,1909.1630357056702
2026-06-21,2026,6,LATO,22.46283110759377,50.08031600283475,20178.530303468786,1913.7263385717433
2026-06-21,2026,6,LATO,22.52571317748213,50.08031600283475,20769.400725010888,1914.9561880422068
2026-06-21,2026,6,LATO,22.588595247370506,50.08031600283475,22276.237062725868,1915.6582911484682
2026-06-21,2026,6,LATO,22.651477317258866,50.08031600283475,24530.825063316166,1857.744998176337
2026-06-21,2026,6,LATO,22.773739681536142,49.82878772328128,24082.150337768224,1887.1366764884065
2026-06-21,2026,6,LATO,22.773739681536142,49.89166979316964,22782.45129234894,1883.638809854991
2026-06-24,2026,6,LATO,22.274184897928663,50.017433932946375,18588.443756014225,1870.7818542202529
2026-06-24,2026,6,LATO,22.399949037705397,50.017433932946375,13797.768999143414,1895.9907172215214
2026-06-24,2026,6,LATO,22.46283110759377,50.017433932946375,13186.511359927295,1895.9141615078383
2026-06-24,2026,6,LATO,22.274184897928663,50.08031600283475,24054.002161830544,1870.7818607417637
2026-06-24,2026,6,LATO,22.337066967817037,50.08031600283475,21926.844631874275,1884.6688521065557
2026-06-24,2026,6,LATO,22.399949037705397,50.08031600283475,20582.660303117143,1898.8571468346
2026-06-24,2026,6,LATO,22.46283110759377,50.08031600283475,20178.530303468786,1883.8045347314771
2026-06-24,2026,6,LATO,22.52571317748213,50.08031600283475,20769.400725010888,1882.287424095529
2026-06-24,2026,6,LATO,22.588595247370506,50.08031600283475,22276.237062725868,1873.712429888936
2026-06-25,2026,6,LATO,22.337066967817037,49.703023583504546,23435.94535299783,1861.6856059608942
2026-06-25,2026,6,LATO,22.399949037705397,49.703023583504546,22173.310884549213,1859.917160361712
2026-06-25,2026,6,LATO,22.46283110759377,49.703023583504546,21795.732838383163,1840.4240356888579
2026-06-25,2026,6,LATO,22.52571317748213,49.703023583504546,22348.115225202644,1841.4665994102409
2026-06-25,2026,6,LATO,22.588595247370506,49.703023583504546,23765.702793344415,1872.35577128437
2026-06-25,2026,6,LATO,22.211302828040303,49.765905653392906,23044.940206446532,1871.8392372997473
2026-06-25,2026,6,LATO,22.274184897928663,49.765905653392906,19791.139041156755,1867.2142636219269
2026-06-25,2026,6,LATO,22.337066967817037,49.765905653392906,17124.322354940865,1865.2261615535667
2026-06-25,2026,6,LATO,22.399949037705397,49.765905653392906,15353.46715675865,1861.9828948460688
2026-06-25,2026,6,LATO,22.46283110759377,49.765905653392906,14803.670401760957,1851.9088524638469
2026-06-25,2026,6,LATO,22.52571317748213,49.765905653392906,15604.532676742472,1877.2428495626414
2026-06-25,2026,6,LATO,22.588595247370506,49.765905653392906,17572.348165759362,1877.3988719914712
2026-06-25,2026,6,LATO,22.651477317258866,49.765905653392906,20371.71370341612,1872.8160514290978
2026-06-25,2026,6,LATO,22.714359387147226,49.765905653392906,23709.899247344183,1867.223219166861
2026-06-25,2026,6,LATO,22.14842075815193,49.82878772328128,23509.001546003838,1871.7179374103703
2026-06-25,2026,6,LATO,22.211302828040303,49.82878772328128,19302.672401242962,1877.8632453786313
2026-06-25,2026,6,LATO,22.274184897928663,49.82878772328128,15277.216372643947,1877.6011962890582
2026-06-25,2026,6,LATO,22.337066967817037,49.82878772328128,11622.125849843118,1869.293671986417
2026-06-25,2026,6,LATO,22.399949037705397,49.82878772328128,8811.053425103102,1868.1867335934282
2026-06-25,2026,6,LATO,22.46283110759377,49.82878772328128,7815.101725436394,1866.6117420236735
2026-06-25,2026,6,LATO,22.52571317748213,49.82878772328128,9241.055230812668,1879.0366774846786
2026-06-25,2026,6,LATO,22.588595247370506,49.82878772328128,12271.867329400819,1877.7040547385025
2026-06-25,2026,6,LATO,22.651477317258866,49.82878772328128,16021.258563246713,1870.3823890579754
2026-06-25,2026,6,LATO,22.714359387147226,49.82878772328128,20090.86840189349,1868.831199728078
2026-06-25,2026,6,LATO,22.7772414570356,49.82878772328128,24320.4729780271,1872.7735544974564
2026-06-25,2026,6,LATO,22.14842075815193,49.89166979316964,22176.533966168987,1875.8991394340205
2026-06-25,2026,6,LATO,22.211302828040303,49.89166979316964,17662.170160851372,1878.1576191350498
2026-06-25,2026,6,LATO,22.274184897928663,49.89166979316964,13150.397981968348,1878.9923413973333
2026-06-25,2026,6,LATO,22.337066967817037,49.89166979316964,8645.281580533669,1868.0694761598113
2026-06-25,2026,6,LATO,22.399949037705397,49.89166979316964,4168.4653838731665,1868.3699344886818
2026-06-25,2026,6,LATO,22.46283110759377,49.89166979316964,915.7735323810977,1887.95919336705
2026-06-25,2026,6,LATO,22.52571317748213,49.89166979316964,5012.8341822749335,1888.0016992123556
2026-06-25,2026,6,LATO,22.588595247370506,49.89166979316964,9499.773366756152,1882.4011842479438
2026-06-25,2026,6,LATO,22.651477317258866,49.89166979316964,14006.789569911276,1872.8408879007566
2026-06-25,2026,6,LATO,22.714359387147226,49.89166979316964,18519.228167731453,1872.7064046676078
2026-06-25,2026,6,LATO,22.7772414570356,49.89166979316964,23033.900325477673,1885.553161922997
2026-06-25,2026,6,LATO,22.14842075815193,49.954551863058015,22994.824269715486,1880.6724627359383
2026-06-25,2026,6,LATO,22.211302828040303,49.954551863058015,18685.537456604256,1878.2504381585404
2026-06-25,2026,6,LATO,22.274184897928663,49.954551863058015,14502.094242152669,1874.3037829257398
2026-06-25,2026,6,LATO,22.337066967817037,49.954551863058015,10594.637249937323,1869.675639872146
2026-06-25,2026,6,LATO,22.399949037705397,49.954551863058015,7413.245892451485,1868.8807352211593
2026-06-25,2026,6,LATO,22.46283110759377,49.954551863058015,6200.026734374416,1892.115965342121
2026-06-25,2026,6,LATO,22.52571317748213,49.954551863058015,7918.239441228203,1889.9165026697005
2026-06-25,2026,6,LATO,22.588595247370506,49.954551863058015,11301.812859466689,1876.0639555676366
2026-06-25,2026,6,LATO,22.651477317258866,49.954551863058015,15281.939992676336,1873.274941599924
2026-06-25,2026,6,LATO,22.714359387147226,49.954551863058015,19496.629429511904,1874.8451543557553
2026-06-25,2026,6,LATO,22.7772414570356,49.954551863058015,23821.701564440966,1887.6964645627263
2026-06-25,2026,6,LATO,22.211302828040303,50.017433932946375,22004.268573433346,1882.6996366460464
2026-06-25,2026,6,LATO,22.274184897928663,50.017433932946375,18588.443756014225,1879.630950980146
2026-06-25,2026,6,LATO,22.337066967817037,50.017433932946375,15735.112606983354,1879.5777387865635
2026-06-25,2026,6,LATO,22.399949037705397,50.017433932946375,13797.768999143414,1898.6745222613772
2026-06-25,2026,6,LATO,22.46283110759377,50.017433932946375,13186.511359927295,1898.504646762328
2026-06-25,2026,6,LATO,22.52571317748213,50.017433932946375,14075.177645224507,1876.5968799776938
2026-06-25,2026,6,LATO,22.588595247370506,50.017433932946375,16219.068898947891,1875.8416822169038
2026-06-25,2026,6,LATO,22.651477317258866,50.017433932946375,19202.26311576868,1881.1550850356869
2026-06-25,2026,6,LATO,22.714359387147226,50.017433932946375,22696.183105903077,1890.4766289545612
2026-06-25,2026,6,LATO,22.274184897928663,50.08031600283475,24054.002161830544,1881.5442371311312
2026-06-25,2026,6,LATO,22.337066967817037,50.08031600283475,21926.844631874275,1894.9860890531484
2026-06-25,2026,6,LATO,22.399949037705397,50.08031600283475,20582.660303117143,1895.3765461751161
2026-06-25,2026,6,LATO,22.46283110759377,50.08031600283475,20178.530303468786,1889.7423346616538
2026-06-25,2026,6,LATO,22.52571317748213,50.08031600283475,20769.400725010888,1870.273290253968
2026-06-25,2026,6,LATO,22.588595247370506,50.08031600283475,22276.237062725868,1869.4989298333771
2026-06-25,2026,6,LATO,22.651477317258866,50.08031600283475,24530.825063316166,1872.3576542799356
2026-06-27,2026,6,LATO,22.34056874331648,49.703023583504546,23344.35519977606,1852.7724491611552
2026-06-27,2026,6,LATO,22.403450813204856,49.703023583504546,22128.116388623414,1853.84206528837
2026-06-27,2026,6,LATO,22.466332883093216,49.703023583504546,21802.160872306937,1847.6207909264913
2026-06-27,2026,6,LATO,22.52921495298159,49.703023583504546,22405.377325172958,1844.5292748828592
2026-06-27,2026,6,LATO,22.59209702286995,49.703023583504546,23867.42013466341,1857.488606185277
2026-06-27,2026,6,LATO,22.214804603539747,49.765905653392906,22852.37839536346,1867.9808486669265
2026-06-27,2026,6,LATO,22.27768667342812,49.765905653392906,19624.74472750713,1866.132662510449
2026-06-27,2026,6,LATO,22.34056874331648,49.765905653392906,16998.921493318117,1862.032715335339
2026-06-27,2026,6,LATO,22.403450813204856,49.765905653392906,15288.209816847784,1851.6970838473667
2026-06-27,2026,6,LATO,22.466332883093216,49.765905653392906,14813.120668811092,1851.809936523481
2026-06-27,2026,6,LATO,22.52921495298159,49.765905653392906,15686.325551029668,1846.6916655201371
2026-06-27,2026,6,LATO,22.59209702286995,49.765905653392906,17709.496919357385,1844.542624354699
2026-06-27,2026,6,LATO,22.654979092758325,49.765905653392906,20545.68263458272,1844.529291588714
2026-06-27,2026,6,LATO,22.717861162646685,49.765905653392906,23907.261834768902,1844.5292517054884
2026-06-27,2026,6,LATO,22.151922533651387,49.82878772328128,23271.656269837393,1869.5640974157084
2026-06-27,2026,6,LATO,22.214804603539747,49.82878772328128,19072.664323169367,1868.7555130440198
2026-06-27,2026,6,LATO,22.27768667342812,49.82878772328128,15061.316026485298,1868.150676658436
2026-06-27,2026,6,LATO,22.34056874331648,49.82878772328128,11436.793857621571,1862.8738123126318
2026-06-27,2026,6,LATO,22.403450813204856,49.82878772328128,8696.991057537094,1851.3198685215987
2026-06-27,2026,6,LATO,22.466332883093216,49.82878772328128,7832.964904433147,1851.4533160397193
2026-06-27,2026,6,LATO,22.52921495298159,49.82878772328128,9378.33478176888,1851.8099365234978
2026-06-27,2026,6,LATO,22.59209702286995,49.82878772328128,12467.210442492144,1850.2824567943983
2026-06-27,2026,6,LATO,22.654979092758325,49.82878772328128,16241.609436094317,1844.5371375811649
2026-06-27,2026,6,LATO,22.717861162646685,49.82878772328128,20323.107055819728,1844.5293060084132
2026-06-27,2026,6,LATO,22.780743232535045,49.82878772328128,24559.063946725546,1866.6753273037923
2026-06-27,2026,6,LATO,22.151922533651387,49.89166979316964,21925.097340562013,1871.0448945046394
2026-06-27,2026,6,LATO,22.214804603539747,49.89166979316964,17410.831859237383,1872.6723654771652
2026-06-27,2026,6,LATO,22.27768667342812,49.89166979316964,12899.277543149625,1870.550549152342
2026-06-27,2026,6,LATO,22.34056874331648,49.89166979316964,8394.81239100924,1857.4047214902782
2026-06-27,2026,6,LATO,22.403450813204856,49.89166979316964,3921.947931872362,1855.0742939568304
2026-06-27,2026,6,LATO,22.466332883093216,49.89166979316964,1057.2624589446846,1854.7628558014846
2026-06-27,2026,6,LATO,22.52921495298159,49.89166979316964,5261.298499013597,1851.8400168776936
2026-06-27,2026,6,LATO,22.59209702286995,49.89166979316964,9750.489178739446,1851.3204379175506
2026-06-27,2026,6,LATO,22.654979092758325,49.89166979316964,14257.98322691555,1853.5626503266935
2026-06-27,2026,6,LATO,22.717861162646685,49.89166979316964,18770.59735346509,1867.9680063967028
2026-06-27,2026,6,LATO,22.780743232535045,49.89166979316964,23285.352737507972,1870.2936864870398
2026-06-27,2026,6,LATO,22.151922533651387,49.954551863058015,22752.749090905298,1868.8857841216904
2026-06-27,2026,6,LATO,22.214804603539747,49.954551863058015,18448.457384727142,1870.9675078629418
2026-06-27,2026,6,LATO,22.27768667342812,49.954551863058015,14275.070430447342,1867.5904735052027
2026-06-27,2026,6,LATO,22.34056874331648,49.954551863058015,10391.528827387052,1861.7612830404464
2026-06-27,2026,6,LATO,22.403450813204856,49.954551863058015,7277.66353940265,1857.3946505422005
2026-06-27,2026,6,LATO,22.466332883093216,49.954551863058015,6222.46978946018,1856.3123107846327
2026-06-27,2026,6,LATO,22.52921495298159,49.954551863058015,8077.620080747443,1854.7548801010935
2026-06-27,2026,6,LATO,22.59209702286995,49.954551863058015,11513.081374454347,1853.5165307383545
2026-06-27,2026,6,LATO,22.654979092758325,49.954551863058015,15512.201386264802,1859.3468504932887
2026-06-27,2026,6,LATO,22.717861162646685,49.954551863058015,19735.24481785987,1863.7432149926115
2026-06-27,2026,6,LATO,22.780743232535045,49.954551863058015,24064.60916645256,1869.7480468750362
2026-06-27,2026,6,LATO,22.214804603539747,50.017433932946375,21803.568017263882,1854.4948026444276
2026-06-27,2026,6,LATO,22.27768667342812,50.017433932946375,18412.10631143794,1859.233807540208
2026-06-27,2026,6,LATO,22.34056874331648,50.017433932946375,15599.258476611207,1862.9002645554149
2026-06-27,2026,6,LATO,22.403450813204856,50.017433932946375,13725.494538791854,1865.9768648141437
2026-06-27,2026,6,LATO,22.466332883093216,50.017433932946375,13197.064731342465,1865.4431093176224
2026-06-27,2026,6,LATO,22.52921495298159,50.017433932946375,14165.33544195222,1857.9098114846786
2026-06-27,2026,6,LATO,22.59209702286995,50.017433932946375,16366.79489221886,1853.8265888409167
2026-06-27,2026,6,LATO,22.654979092758325,50.017433932946375,19385.77741856333,1869.0784135657875
2026-06-27,2026,6,LATO,22.717861162646685,50.017433932946375,22901.219575545034,1870.7895109486817
2026-06-27,2026,6,LATO,22.27768667342812,50.08031600283475,23918.172231338074,1854.4548801437204
2026-06-27,2026,6,LATO,22.34056874331648,50.08031600283475,21829.685598637745,1852.9438475515312
2026-06-27,2026,6,LATO,22.403450813204856,50.08031600283475,20534.34374257188,1859.448659077615
2026-06-27,2026,6,LATO,22.466332883093216,50.08031600283475,20185.419430504728,1862.4602675999524
2026-06-27,2026,6,LATO,22.52921495298159,50.08031600283475,20830.525302317543,1848.8231036588202
2026-06-27,2026,6,LATO,22.59209702286995,50.08031600283475,22383.883199038224,1840.6184074529833
2026-06-27,2026,6,LATO,22.654979092758325,50.08031600283475,24674.55335184584,1845.31606674152
2026-06-27,2026,6,LATO,22.333565192317593,49.69952180800509,23891.158082399845,1887.4222739431927
2026-06-27,2026,6,LATO,22.396447262205953,49.69952180800509,22603.381965435598,1887.5373685362645
2026-06-27,2026,6,LATO,22.459329332094313,49.69952180800509,22181.689357232593,1883.3122580889265
2026-06-27,2026,6,LATO,22.522211401982673,49.69952180800509,22674.452289942332,1883.6757633066097
2026-06-27,2026,6,LATO,22.585093471871062,49.69952180800509,24025.47111534203,1888.89834993422
2026-06-27,2026,6,LATO,22.207801052540844,49.76240387789346,23489.05932460228,1886.8754160230762
2026-06-27,2026,6,LATO,22.270683122429205,49.76240387789346,20250.08974230532,1887.5557381337462
2026-06-27,2026,6,LATO,22.333565192317593,49.76240387789346,17587.854412564127,1887.4447211229112
2026-06-27,2026,6,LATO,22.396447262205953,49.76240387789346,15796.688444781606,1887.868413765473
2026-06-27,2026,6,LATO,22.459329332094313,49.76240387789346,15187.963305053838,1888.6153998499838
2026-06-27,2026,6,LATO,22.522211401982673,49.76240387789346,15898.08542390479,1888.520219715229
2026-06-27,2026,6,LATO,22.585093471871062,49.76240387789346,17769.6410790609,1890.8134907941753
2026-06-27,2026,6,LATO,22.647975541759422,49.76240387789346,20486.762272159733,1891.1065673827584
2026-06-27,2026,6,LATO,22.710857611647782,49.76240387789346,23761.123072531143,1891.1065673828568
2026-06-27,2026,6,LATO,22.144918982652484,49.82528594778182,23878.227018980557,1883.079497388669
2026-06-27,2026,6,LATO,22.207801052540844,49.82528594778182,19692.639192329443,1888.9570018771453
2026-06-27,2026,6,LATO,22.270683122429205,49.82528594778182,15694.376997888892,1889.3886718749955
2026-06-27,2026,6,LATO,22.333565192317593,49.82528594778182,12071.0455805133,1889.38867187493
2026-06-27,2026,6,LATO,22.396447262205953,49.82528594778182,9273.087267191588,1891.63801410568
2026-06-27,2026,6,LATO,22.459329332094313,49.82528594778182,8194.718309214784,1893.263305664124
2026-06-27,2026,6,LATO,22.522211401982673,49.82528594778182,9444.561796179989,1893.1544710177768
2026-06-27,2026,6,LATO,22.585093471871062,49.82528594778182,12334.07306392557,1893.1792921405358
2026-06-27,2026,6,LATO,22.647975541759422,49.82528594778182,15998.196741363345,1893.0898927373817
2026-06-27,2026,6,LATO,22.710857611647782,49.82528594778182,20015.9554246408,1893.0451993393726
2026-06-27,2026,6,LATO,22.773739681536142,49.82528594778182,24211.93408361242,1900.6234086715451
2026-06-27,2026,6,LATO,22.144918982652484,49.888168017670196,22446.21044565735,1882.842011096839
2026-06-27,2026,6,LATO,22.207801052540844,49.888168017670196,17935.975172945095,1888.1844624837177
2026-06-27,2026,6,LATO,22.270683122429205,49.888168017670196,13431.161959335906,1888.2695059091225
2026-06-27,2026,6,LATO,22.333565192317593,49.888168017670196,8939.97659444241,1889.360118015144
2026-06-27,2026,6,LATO,22.396447262205953,49.888168017670196,4503.386103975331,1896.7601035447951
2026-06-27,2026,6,LATO,22.459329332094313,49.888168017670196,1211.6424067069865,1896.7893785909184
2026-06-27,2026,6,LATO,22.522211401982673,49.888168017670196,4846.229221811759,1895.5772369229126
2026-06-27,2026,6,LATO,22.585093471871062,49.888168017670196,9291.613529944845,1894.7935026388086
2026-06-27,2026,6,LATO,22.647975541759422,49.888168017670196,13784.500595602445,1894.7223660539241
2026-06-27,2026,6,LATO,22.710857611647782,49.888168017670196,18289.914934864282,1895.549148277198
2026-06-27,2026,6,LATO,22.773739681536142,49.888168017670196,22800.429274080365,1901.597418648736
2026-06-27,2026,6,LATO,22.144918982652484,49.951050087558556,23137.25561222987,1882.994495806174
2026-06-27,2026,6,LATO,22.207801052540844,49.951050087558556,18799.897721608202,1890.6662809068441
2026-06-27,2026,6,LATO,22.270683122429205,49.951050087558556,14571.091904494382,1890.4836870667405
2026-06-27,2026,6,LATO,22.333565192317593,49.951050087558556,10581.795880218768,1892.511573322932
2026-06-27,2026,6,LATO,22.396447262205953,49.951050087558556,7239.427505212513,1897.2226711880162
2026-06-27,2026,6,LATO,22.459329332094313,49.951050087558556,5798.399209655717,1897.1501086652197
2026-06-27,2026,6,LATO,22.522211401982673,49.951050087558556,7457.250598911932,1893.620109320203
2026-06-27,2026,6,LATO,22.585093471871062,49.951050087558556,10880.118037064636,1893.6533938793439
2026-06-27,2026,6,LATO,22.647975541759422,49.951050087558556,14896.998518918397,1893.941950401958
2026-06-27,2026,6,LATO,22.710857611647782,49.951050087558556,19137.43119556903,1896.6987292128738
2026-06-27,2026,6,LATO,22.773739681536142,49.951050087558556,23480.608573214267,1901.1066933980464
2026-06-27,2026,6,LATO,22.207801052540844,50.01393215744693,21977.58744964162,1895.9956495704225
2026-06-27,2026,6,LATO,22.270683122429205,50.01393215744693,18495.373268328247,1895.9749881857047
2026-06-27,2026,6,LATO,22.333565192317593,50.01393215744693,15552.086351361719,1898.147499581208
2026-06-27,2026,6,LATO,22.396447262205953,50.01393215744693,13504.815719002623,1898.4621582031946
2026-06-27,2026,6,LATO,22.459329332094313,50.01393215744693,12791.273252318308,1898.4621582031943
2026-06-27,2026,6,LATO,22.522211401982673,50.01393215744693,13622.670264209384,1896.3153076172568
2026-06-27,2026,6,LATO,22.585093471871062,50.01393215744693,15756.31935336086,1896.3153076171213
2026-06-27,2026,6,LATO,22.647975541759422,50.01393215744693,18752.870651542085,1896.3129952645236
2026-06-27,2026,6,LATO,22.710857611647782,50.01393215744693,22266.629387274854,1897.732514189849
2026-06-27,2026,6,LATO,22.270683122429205,50.07681422733529,23868.096512834974,1896.9162777953945
2026-06-27,2026,6,LATO,22.333565192317593,50.07681422733529,21670.383484460835,1901.8362018571115
2026-06-27,2026,6,LATO,22.396447262205953,50.07681422733529,20253.292902690024,1901.7543311458944
2026-06-27,2026,6,LATO,22.459329332094313,50.07681422733529,19785.271916080557,1901.5905398716254
2026-06-27,2026,6,LATO,22.522211401982673,50.07681422733529,20331.96491047302,1888.0996502940163
2026-06-27,2026,6,LATO,22.585093471871062,50.07681422733529,21817.2265919699,1888.299679336869
2026-06-27,2026,6,LATO,22.647975541759422,50.07681422733529,24067.921085906597,1890.4708191778768
2026-06-28,2026,6,LATO,22.7772414570356,49.888168017670196,23051.700284254595,1911.7135660630186
2026-06-28,2026,6,LATO,22.337066967817037,49.951050087558556,10372.327171727175,1923.5241664409311
2026-06-28,2026,6,LATO,22.399949037705397,49.951050087558556,7091.606383134769,1923.5241520307409
2026-06-28,2026,6,LATO,22.46283110759377,49.951050087558556,5811.522776035262,1905.794333584624
2026-06-28,2026,6,LATO,22.7772414570356,49.951050087558556,23724.361235882607,1911.0611495777746
2026-06-28,2026,6,LATO,22.211302828040303,50.01393215744693,21773.7264251313,1905.338008844662
2026-06-28,2026,6,LATO,22.274184897928663,50.01393215744693,18314.679458187293,1907.146721513101
2026-06-28,2026,6,LATO,22.337066967817037,50.01393215744693,15410.51215008078,1921.5387108888017
2026-06-28,2026,6,LATO,22.399949037705397,50.01393215744693,13426.257215633463,1920.2376062020558
2026-06-28,2026,6,LATO,22.46283110759377,50.01393215744693,12797.219877605483,1909.8503854135856
2026-06-28,2026,6,LATO,22.52571317748213,50.01393215744693,13711.204960252908,1909.8530125751763
2026-06-28,2026,6,LATO,22.588595247370506,50.01393215744693,15904.384216903703,1909.5334200857956
2026-06-28,2026,6,LATO,22.651477317258866,50.01393215744693,18937.41900727087,1908.1742127562093
2026-06-28,2026,6,LATO,22.274184897928663,50.07681422733529,23728.53498633054,1911.960985472725
2026-06-28,2026,6,LATO,22.337066967817037,50.07681422733529,21569.138647775435,1921.5367216443249
2026-06-28,2026,6,LATO,22.399949037705397,50.07681422733529,20201.063596434968,1917.5094874212473
2026-06-28,2026,6,LATO,22.46283110759377,50.07681422733529,19789.111941992756,1911.383798572761
2026-06-28,2026,6,LATO,22.52571317748213,50.07681422733529,20391.3127076881,1911.4012563479425
2026-06-28,2026,6,LATO,22.588595247370506,50.07681422733529,21924.25800871821,1911.4012531944147
2026-06-29,2026,6,LATO,22.651477317258866,49.89166979316964,14006.789569911276,1914.0290574476899
2026-06-29,2026,6,LATO,22.714359387147226,49.89166979316964,18519.228167731453,1914.0290498078423
2026-06-29,2026,6,LATO,22.7772414570356,49.89166979316964,23033.900325477673,1907.6402587181944
2026-06-29,2026,6,LATO,22.651477317258866,49.954551863058015,15281.939992676336,1912.8840398750342
2026-06-29,2026,6,LATO,22.714359387147226,49.954551863058015,19496.629429511904,1913.581995709782
2026-06-29,2026,6,LATO,22.7772414570356,49.954551863058015,23821.701564440966,1907.640285469899
2026-06-29,2026,6,LATO,22.651477317258866,50.017433932946375,19202.26311576868,1910.4041548597402
2026-06-29,2026,6,LATO,22.714359387147226,50.017433932946375,22696.183105903077,1910.404168946321
2026-06-30,2026,6,LATO,22.337066967817037,49.703023583504546,23435.94535299783,1882.1550730358142
2026-06-30,2026,6,LATO,22.399949037705397,49.703023583504546,22173.310884549213,1884.9655450655744
2026-06-30,2026,6,LATO,22.46283110759377,49.703023583504546,21795.732838383163,1896.5151424786413
2026-06-30,2026,6,LATO,22.52571317748213,49.703023583504546,22348.115225202644,1881.8624062541471
2026-06-30,2026,6,LATO,22.588595247370506,49.703023583504546,23765.702793344415,1880.4028298412204
2026-06-30,2026,6,LATO,22.211302828040303,49.765905653392906,23044.940206446532,1886.531021975462
2026-06-30,2026,6,LATO,22.274184897928663,49.765905653392906,19791.139041156755,1883.3711286247533
2026-06-30,2026,6,LATO,22.337066967817037,49.765905653392906,17124.322354940865,1887.3207172785028
2026-06-30,2026,6,LATO,22.399949037705397,49.765905653392906,15353.46715675865,1898.53677825883
2026-06-30,2026,6,LATO,22.46283110759377,49.765905653392906,14803.670401760957,1894.3784816778127
2026-06-30,2026,6,LATO,22.52571317748213,49.765905653392906,15604.532676742472,1884.4130723346445
2026-06-30,2026,6,LATO,22.588595247370506,49.765905653392906,17572.348165759362,1888.1242415768465
2026-06-30,2026,6,LATO,22.651477317258866,49.765905653392906,20371.71370341612,1889.6441690674578
2026-06-30,2026,6,LATO,22.714359387147226,49.765905653392906,23709.899247344183,1889.7304959939104
2026-06-30,2026,6,LATO,22.14842075815193,49.82878772328128,23509.001546003838,1893.2536026321773
2026-06-30,2026,6,LATO,22.211302828040303,49.82878772328128,19302.672401242962,1893.1230509295885
2026-06-30,2026,6,LATO,22.274184897928663,49.82878772328128,15277.216372643947,1889.9794499610955
2026-06-30,2026,6,LATO,22.337066967817037,49.82878772328128,11622.125849843118,1905.9000495105415
2026-06-30,2026,6,LATO,22.399949037705397,49.82878772328128,8811.053425103102,1907.7926537864107
2026-06-30,2026,6,LATO,22.46283110759377,49.82878772328128,7815.101725436394,1887.4436638866662
2026-06-30,2026,6,LATO,22.52571317748213,49.82878772328128,9241.055230812668,1872.613953929106
2026-06-30,2026,6,LATO,22.588595247370506,49.82878772328128,12271.867329400819,1880.1719847523432
2026-06-30,2026,6,LATO,22.651477317258866,49.82878772328128,16021.258563246713,1890.3142260829502
2026-06-30,2026,6,LATO,22.714359387147226,49.82878772328128,20090.86840189349,1890.4096400458245
2026-06-30,2026,6,LATO,22.7772414570356,49.82878772328128,24320.4729780271,1894.5423043325427
2026-06-30,2026,6,LATO,22.14842075815193,49.89166979316964,22176.533966168987,1890.466624173424
2026-06-30,2026,6,LATO,22.211302828040303,49.89166979316964,17662.170160851372,1892.5578105383875
2026-06-30,2026,6,LATO,22.274184897928663,49.89166979316964,13150.397981968348,1894.4562402558718
2026-06-30,2026,6,LATO,22.337066967817037,49.89166979316964,8645.281580533669,1904.5781978893526
2026-06-30,2026,6,LATO,22.399949037705397,49.89166979316964,4168.4653838731665,1905.6605964140763
2026-06-30,2026,6,LATO,22.46283110759377,49.89166979316964,915.7735323810977,1898.6154839539663
2026-06-30,2026,6,LATO,22.52571317748213,49.89166979316964,5012.8341822749335,1893.6891589386196
2026-06-30,2026,6,LATO,22.588595247370506,49.89166979316964,9499.773366756152,1897.2591351384795
2026-06-30,2026,6,LATO,22.651477317258866,49.89166979316964,14006.789569911276,1894.4358857512973
2026-06-30,2026,6,LATO,22.714359387147226,49.89166979316964,18519.228167731453,1886.098750369922
2026-06-30,2026,6,LATO,22.7772414570356,49.89166979316964,23033.900325477673,1890.5477395609157
2026-06-30,2026,6,LATO,22.14842075815193,49.954551863058015,22994.824269715486,1888.8771107892435
2026-06-30,2026,6,LATO,22.211302828040303,49.954551863058015,18685.537456604256,1889.2934863924781
2026-06-30,2026,6,LATO,22.274184897928663,49.954551863058015,14502.094242152669,1902.847858692934
2026-06-30,2026,6,LATO,22.337066967817037,49.954551863058015,10594.637249937323,1904.3618932594504
2026-06-30,2026,6,LATO,22.399949037705397,49.954551863058015,7413.245892451485,1900.9773675035694
2026-06-30,2026,6,LATO,22.46283110759377,49.954551863058015,6200.026734374416,1897.7337711679265
2026-06-30,2026,6,LATO,22.52571317748213,49.954551863058015,7918.239441228203,1893.8855110601614
2026-06-30,2026,6,LATO,22.588595247370506,49.954551863058015,11301.812859466689,1893.4439697264963
2026-06-30,2026,6,LATO,22.651477317258866,49.954551863058015,15281.939992676336,1889.4460988668673
2026-06-30,2026,6,LATO,22.714359387147226,49.954551863058015,19496.629429511904,1885.641181877692
2026-06-30,2026,6,LATO,22.7772414570356,49.954551863058015,23821.701564440966,1885.251390725251
2026-06-30,2026,6,LATO,22.211302828040303,50.017433932946375,22004.268573433346,1910.1809383655702
2026-06-30,2026,6,LATO,22.274184897928663,50.017433932946375,18588.443756014225,1915.100301832121
2026-06-30,2026,6,LATO,22.337066967817037,50.017433932946375,15735.112606983354,1904.5286358996468
2026-06-30,2026,6,LATO,22.399949037705397,50.017433932946375,13797.768999143414,1896.259541821041
2026-06-30,2026,6,LATO,22.46283110759377,50.017433932946375,13186.511359927295,1897.1540837675398
2026-06-30,2026,6,LATO,22.52571317748213,50.017433932946375,14075.177645224507,1895.5558623321158
2026-06-30,2026,6,LATO,22.588595247370506,50.017433932946375,16219.068898947891,1894.9848285532232
2026-06-30,2026,6,LATO,22.651477317258866,50.017433932946375,19202.26311576868,1885.8018798827507
2026-06-30,2026,6,LATO,22.714359387147226,50.017433932946375,22696.183105903077,1886.152650368084
2026-06-30,2026,6,LATO,22.274184897928663,50.08031600283475,24054.002161830544,1914.203627647093
2026-06-30,2026,6,LATO,22.337066967817037,50.08031600283475,21926.844631874275,1889.7661105224922
2026-06-30,2026,6,LATO,22.399949037705397,50.08031600283475,20582.660303117143,1889.7691175160705
2026-06-30,2026,6,LATO,22.46283110759377,50.08031600283475,20178.530303468786,1893.5392560677658
2026-06-30,2026,6,LATO,22.52571317748213,50.08031600283475,20769.400725010888,1894.2370025225007
2026-06-30,2026,6,LATO,22.588595247370506,50.08031600283475,22276.237062725868,1884.7343949605913
2026-06-30,2026,6,LATO,22.651477317258866,50.08031600283475,24530.825063316166,1882.3361608947416
