Data,Rok,Miesiac,Sezon,Lon,Lat,odleglosc_m,CH4_column_volume_mixing_ratio_dry_air
2019-02-07,2019,2,ZIMA,22.857632404421224,49.566754117229465,24087.918656515034,1827.7645290248533
2019-02-07,2019,2,ZIMA,22.857632404421224,49.629636187117825,17175.280556231522,1830.275102604233
2019-02-07,2019,2,ZIMA,22.92051447430959,49.629636187117825,18537.599130204857,1827.764522593047
2019-02-07,2019,2,ZIMA,22.794750334532857,49.692518257006185,10004.241321725396,1833.43937493706
2019-02-07,2019,2,ZIMA,22.857632404421224,49.692518257006185,10372.088566275866,1835.9883200556224
2019-02-07,2019,2,ZIMA,22.668986194756126,49.755400326894545,10893.482693503986,1811.1357489005316
2019-02-07,2019,2,ZIMA,22.73186826464449,49.755400326894545,6638.588268421608,1811.1357406928971
2019-02-07,2019,2,ZIMA,22.794750334532857,49.755400326894545,3242.7147797909784,1830.5131201642828
2019-02-07,2019,2,ZIMA,22.857632404421224,49.755400326894545,4242.750117470005,1832.6613794062496
2019-02-07,2019,2,ZIMA,22.668986194756126,49.818282396782934,11260.207883350295,1811.1357580503052
2019-02-07,2019,2,ZIMA,22.73186826464449,49.818282396782934,7231.299147808723,1819.795304169179
2019-02-07,2019,2,ZIMA,22.794750334532857,49.818282396782934,4333.529104672702,1833.2277700406428
2019-02-07,2019,2,ZIMA,22.857632404421224,49.818282396782934,5124.013005619986,1835.0822275344217
2019-02-07,2019,2,ZIMA,22.92051447430959,49.818282396782934,8644.065763073844,1836.0233030602558
2019-02-07,2019,2,ZIMA,22.857632404421224,49.881164466671294,11504.225194953451,1833.3085964433367
2019-02-07,2019,2,ZIMA,22.92051447430959,49.881164466671294,13444.276202874242,1833.3086403032444
2019-02-16,2019,2,ZIMA,22.98339654419796,49.629636187117825,20819.277434833377,1812.37522553964
2019-02-16,2019,2,ZIMA,23.046278614086322,49.629636187117825,23756.883535444897,1813.6778296687942
2019-02-16,2019,2,ZIMA,23.046278614086322,49.692518257006185,19407.030795445455,1812.3752159726923
2019-02-16,2019,2,ZIMA,23.10916068397469,49.692518257006185,23420.202641510772,1812.3752474960888
2019-02-16,2019,2,ZIMA,22.854130628921773,49.566754117229465,24056.725713120413,1836.8620582526632
2019-02-16,2019,2,ZIMA,22.854130628921773,49.629636187117825,17131.56210672741,1835.9231711066116
2019-02-16,2019,2,ZIMA,22.91701269881014,49.629636187117825,18435.057018274965,1836.067469347812
2019-02-16,2019,2,ZIMA,22.979894768698507,49.629636187117825,20672.67857890848,1836.3340841279373
2019-02-16,2019,2,ZIMA,23.042776838586875,49.629636187117825,23579.97928474416,1836.8620019586513
2019-02-16,2019,2,ZIMA,22.854130628921773,49.692518257006185,10299.62673390637,1828.9407933581642
2019-02-16,2019,2,ZIMA,22.91701269881014,49.692518257006185,12344.37343835812,1828.9407995242173
2019-02-16,2019,2,ZIMA,22.979894768698507,49.692518257006185,15484.808820475711,1828.9407913780403
2019-02-16,2019,2,ZIMA,22.476838209591577,49.755400326894545,24513.756494661226,1817.0302695314417
2019-02-16,2019,2,ZIMA,22.539720279479937,49.755400326894545,20022.931887797098,1817.9759597308966
2019-02-16,2019,2,ZIMA,22.602602349368304,49.755400326894545,15554.823004131229,1817.9759517919401
2019-02-16,2019,2,ZIMA,22.66548441925667,49.755400326894545,11136.809320053131,1821.7179331411157
2019-02-16,2019,2,ZIMA,22.72836648914504,49.755400326894545,6866.287022907041,1821.9227426853988
2019-02-16,2019,2,ZIMA,22.791248559033406,49.755400326894545,3362.249941296639,1821.9227343586388
2019-02-16,2019,2,ZIMA,22.476838209591577,49.818282396782934,24666.266596140897,1815.127976922654
2019-02-16,2019,2,ZIMA,22.539720279479937,49.818282396782934,20215.760816857834,1815.5648679255323
2019-02-16,2019,2,ZIMA,22.602602349368304,49.818282396782934,15808.774328444597,1817.7853510330574
2019-02-16,2019,2,ZIMA,22.66548441925667,49.818282396782934,11495.473161355667,1821.51786654591
2019-02-16,2019,2,ZIMA,22.72836648914504,49.818282396782934,7440.6149762951945,1821.5505498725172
2019-02-16,2019,2,ZIMA,22.791248559033406,49.818282396782934,4423.570697140966,1821.5668922716845
2019-02-16,2019,2,ZIMA,22.539720279479937,49.881164466671294,22677.575525458135,1820.0027673879936
2019-02-16,2019,2,ZIMA,22.602602349368304,49.881164466671294,18860.505318536558,1828.7780492633285
2019-02-16,2019,2,ZIMA,22.66548441925667,49.881164466671294,15430.489903487243,1830.2863261642603
2019-02-16,2019,2,ZIMA,22.72836648914504,49.881164466671294,12704.983171083419,1829.8914391825008
2019-02-16,2019,2,ZIMA,22.791248559033406,49.881164466671294,11210.189660367188,1829.12939238618
2019-02-16,2019,2,ZIMA,22.602602349368304,49.944046536559654,23650.796654295005,1831.243401826849
2019-02-16,2019,2,ZIMA,22.66548441925667,49.944046536559654,21021.287100953763,1831.279529915085
2019-02-16,2019,2,ZIMA,22.72836648914504,49.944046536559654,19113.10624508674,1831.2795329138935
2019-02-16,2019,2,ZIMA,22.791248559033406,49.944046536559654,18155.13830749242,1831.2795426983039
2019-02-17,2019,2,ZIMA,22.72836648914504,49.566754117229465,24687.76147519708,1816.2303372430172
2019-02-17,2019,2,ZIMA,22.791248559033406,49.566754117229465,23947.979043783063,1816.2303300749654
2019-02-17,2019,2,ZIMA,22.72836648914504,49.629636187117825,18005.843188393046,1816.2303569781075
2019-02-17,2019,2,ZIMA,22.791248559033406,49.629636187117825,16978.715557289725,1816.2303466796595
2019-02-17,2019,2,ZIMA,22.854130628921773,49.629636187117825,17131.56210672741,1820.1658616889727
2019-02-17,2019,2,ZIMA,22.91701269881014,49.629636187117825,18435.057018274965,1821.3153097781535
2019-02-17,2019,2,ZIMA,22.979894768698507,49.629636187117825,20672.67857890848,1820.8600711370457
2019-02-17,2019,2,ZIMA,23.042776838586875,49.629636187117825,23579.97928474416,1820.6301207094493
2019-02-17,2019,2,ZIMA,22.539720279479937,49.692518257006185,22158.330550777733,1821.489125364259
2019-02-17,2019,2,ZIMA,22.602602349368304,49.692518257006185,18215.951582114703,1810.0108113211238
2019-02-17,2019,2,ZIMA,22.66548441925667,49.692518257006185,14620.005683513065,1809.6203103901119
2019-02-17,2019,2,ZIMA,22.72836648914504,49.692518257006185,11694.560227462764,1821.2060546874366
2019-02-17,2019,2,ZIMA,22.791248559033406,49.692518257006185,10043.67405264085,1821.2060546875352
2019-02-17,2019,2,ZIMA,22.854130628921773,49.692518257006185,10299.62673390637,1820.658691406222
2019-02-17,2019,2,ZIMA,22.91701269881014,49.692518257006185,12344.37343835812,1820.6586914062812
2019-02-17,2019,2,ZIMA,22.476838209591577,49.755400326894545,24513.756494661226,1821.5255000945463
2019-02-17,2019,2,ZIMA,22.539720279479937,49.755400326894545,20022.931887797098,1821.4891357422466
2019-02-17,2019,2,ZIMA,22.602602349368304,49.755400326894545,15554.823004131229,1812.974243164121
2019-02-17,2019,2,ZIMA,22.66548441925667,49.755400326894545,11136.809320053131,1812.9742431639954
2019-02-17,2019,2,ZIMA,22.72836648914504,49.755400326894545,6866.287022907041,1812.666119232288
2019-02-17,2019,2,ZIMA,22.791248559033406,49.755400326894545,3362.249941296639,1813.59754910916
2019-02-17,2019,2,ZIMA,22.854130628921773,49.755400326894545,4062.627863714707,1824.409274799065
2019-02-17,2019,2,ZIMA,22.91701269881014,49.755400326894545,7921.275087909723,1823.8234322280375
2019-02-17,2019,2,ZIMA,22.979894768698507,49.755400326894545,12248.660458942983,1810.0048869140494
2019-02-17,2019,2,ZIMA,23.042776838586875,49.755400326894545,16683.947962636168,1819.8006733698226
2019-02-17,2019,2,ZIMA,23.10565890847524,49.755400326894545,21159.39073217833,1820.957254760257
2019-02-17,2019,2,ZIMA,22.476838209591577,49.818282396782934,24666.266596140897,1824.4486680846574
2019-02-17,2019,2,ZIMA,22.539720279479937,49.818282396782934,20215.760816857834,1819.119758944991
2019-02-17,2019,2,ZIMA,22.602602349368304,49.818282396782934,15808.774328444597,1811.3875906048777
2019-02-17,2019,2,ZIMA,22.66548441925667,49.818282396782934,11495.473161355667,1818.7087180609196
2019-02-17,2019,2,ZIMA,22.72836648914504,49.818282396782934,7440.6149762951945,1825.9998779296477
2019-02-17,2019,2,ZIMA,22.791248559033406,49.818282396782934,4423.570697140966,1829.5369740445142
2019-02-17,2019,2,ZIMA,22.854130628921773,49.818282396782934,4976.089158139522,1832.92226077069
2019-02-17,2019,2,ZIMA,22.91701269881014,49.818282396782934,8422.782538277832,1830.0899088511
2019-02-17,2019,2,ZIMA,22.979894768698507,49.818282396782934,12574.316159913311,1823.895546458366
2019-02-17,2019,2,ZIMA,23.042776838586875,49.818282396782934,16919.570209750305,1816.8782240052612
2019-02-17,2019,2,ZIMA,23.10565890847524,49.818282396782934,21340.53550770972,1817.5827635801597
2019-02-17,2019,2,ZIMA,22.539720279479937,49.881164466671294,22677.575525458135,1828.0911842039275
2019-02-17,2019,2,ZIMA,22.602602349368304,49.881164466671294,18860.505318536558,1827.1292118521733
2019-02-17,2019,2,ZIMA,22.66548441925667,49.881164466671294,15430.489903487243,1842.0458980015903
2019-02-17,2019,2,ZIMA,22.72836648914504,49.881164466671294,12704.983171083419,1840.7796625348892
2019-02-17,2019,2,ZIMA,22.791248559033406,49.881164466671294,11210.189660367188,1833.9441686917648
2019-02-17,2019,2,ZIMA,22.854130628921773,49.881164466671294,11439.191094318843,1834.0617919908254
2019-02-17,2019,2,ZIMA,22.91701269881014,49.881164466671294,13303.26510918997,1834.6092529297114
2019-02-17,2019,2,ZIMA,22.979894768698507,49.881164466671294,16249.118123546832,1832.6526814661063
2019-02-17,2019,2,ZIMA,23.042776838586875,49.881164466671294,19799.647021355635,1819.3966187579615
2019-02-17,2019,2,ZIMA,23.10565890847524,49.881164466671294,23684.452735753315,1819.5097296534748
2019-02-17,2019,2,ZIMA,22.602602349368304,49.944046536559654,23650.796654295005,1838.7828476778927
2019-02-17,2019,2,ZIMA,22.66548441925667,49.944046536559654,21021.287100953763,1840.5079345702522
2019-02-17,2019,2,ZIMA,22.72836648914504,49.944046536559654,19113.10624508674,1840.561274793722
2019-02-17,2019,2,ZIMA,22.791248559033406,49.944046536559654,18155.13830749242,1840.3509502494849
2019-02-17,2019,2,ZIMA,22.854130628921773,49.944046536559654,18297.241600451296,1833.8940553473171
2019-02-17,2019,2,ZIMA,22.91701269881014,49.944046536559654,19515.400592907314,1830.3499973329453
2019-02-17,2019,2,ZIMA,22.979894768698507,49.944046536559654,21628.559806799563,1824.5217602062908
2019-02-17,2019,2,ZIMA,23.042776838586875,49.944046536559654,24405.334149727278,1818.018819493906
2019-02-18,2019,2,ZIMA,22.794750334532857,49.566754117229465,23931.425303122436,1803.8327559812221
2019-02-18,2019,2,ZIMA,22.857632404421224,49.566754117229465,24087.918656515034,1803.8327562505833
2019-02-18,2019,2,ZIMA,22.73186826464449,49.629636187117825,17920.028331001893,1833.4606822022713
2019-02-18,2019,2,ZIMA,22.794750334532857,49.629636187117825,16955.389057071137,1825.066251311741
2019-02-18,2019,2,ZIMA,22.857632404421224,49.629636187117825,17175.280556231522,1811.814390685773
2019-02-18,2019,2,ZIMA,23.046278614086322,49.629636187117825,23756.883535444897,1829.6523105165145
2019-02-18,2019,2,ZIMA,22.543222054979392,49.692518257006185,21932.788399926114,1810.4165626024585
2019-02-18,2019,2,ZIMA,22.60610412486776,49.692518257006185,18004.58127120856,1818.6593987962167
2019-02-18,2019,2,ZIMA,22.668986194756126,49.692518257006185,14435.272366544037,1821.793908755916
2019-02-18,2019,2,ZIMA,22.73186826464449,49.692518257006185,11562.168138112624,1828.8847289021944
2019-02-18,2019,2,ZIMA,22.794750334532857,49.692518257006185,10004.241321725396,1829.486204211363
2019-02-18,2019,2,ZIMA,22.857632404421224,49.692518257006185,10372.088566275866,1839.2067814401526
2019-02-18,2019,2,ZIMA,22.92051447430959,49.692518257006185,12496.796907081667,1837.6975235424866
2019-02-18,2019,2,ZIMA,22.98339654419796,49.692518257006185,15679.736994618235,1837.5243317743098
2019-02-18,2019,2,ZIMA,23.046278614086322,49.692518257006185,19407.030795445455,1831.279054888283
2019-02-18,2019,2,ZIMA,23.10916068397469,49.692518257006185,23420.202641510772,1831.2790527344064
2019-02-18,2019,2,ZIMA,22.480339985091025,49.755400326894545,24263.288966442815,1808.2802022478518
2019-02-18,2019,2,ZIMA,22.543222054979392,49.755400326894545,19773.371791734648,1805.2260742188084
2019-02-18,2019,2,ZIMA,22.60610412486776,49.755400326894545,15307.071991672923,1819.9202208181982
2019-02-18,2019,2,ZIMA,22.668986194756126,49.755400326894545,10893.482693503986,1820.7415418931685
2019-02-18,2019,2,ZIMA,22.73186826464449,49.755400326894545,6638.588268421608,1831.8036819927224
2019-02-18,2019,2,ZIMA,22.794750334532857,49.755400326894545,3242.7147797909784,1830.9681716958664
2019-02-18,2019,2,ZIMA,22.857632404421224,49.755400326894545,4242.750117470005,1839.2186516125255
2019-02-18,2019,2,ZIMA,22.92051447430959,49.755400326894545,8156.47590057038,1837.5242919921834
2019-02-18,2019,2,ZIMA,22.98339654419796,49.755400326894545,12493.86630456317,1837.5242946324095
2019-02-18,2019,2,ZIMA,23.046278614086322,49.755400326894545,16932.41386754635,1834.930991641984
2019-02-18,2019,2,ZIMA,23.10916068397469,49.755400326894545,21409.293252281375,1833.779289348283
2019-02-18,2019,2,ZIMA,22.480339985091025,49.818282396782934,24417.687156783137,1828.282972479371
2019-02-18,2019,2,ZIMA,22.543222054979392,49.818282396782934,19968.932465393333,1827.853716440002
2019-02-18,2019,2,ZIMA,22.60610412486776,49.818282396782934,15565.383751527352,1815.3250732422464
2019-02-18,2019,2,ZIMA,22.668986194756126,49.818282396782934,11260.207883350295,1819.5264188434005
2019-02-18,2019,2,ZIMA,22.73186826464449,49.818282396782934,7231.299147808723,1828.9910448587377
2019-02-18,2019,2,ZIMA,22.794750334532857,49.818282396782934,4333.529104672702,1842.4026577770742
2019-02-18,2019,2,ZIMA,22.857632404421224,49.818282396782934,5124.013005619986,1843.1525047827724
2019-02-18,2019,2,ZIMA,22.92051447430959,49.818282396782934,8644.065763073844,1843.855712890621
2019-02-18,2019,2,ZIMA,22.98339654419796,49.818282396782934,12812.985222879366,1831.6650033815395
2019-02-18,2019,2,ZIMA,23.046278614086322,49.818282396782934,17164.31095927946,1821.5342503671932
2019-02-18,2019,2,ZIMA,23.10916068397469,49.818282396782934,21588.022501435902,1826.874294759379
2019-02-18,2019,2,ZIMA,22.543222054979392,49.881164466671294,22458.10700503757,1826.211582121473
2019-02-18,2019,2,ZIMA,22.60610412486776,49.881164466671294,18657.2342735173,1826.796629774293
2019-02-18,2019,2,ZIMA,22.668986194756126,49.881164466671294,15256.25598101692,1841.3437499999318
2019-02-18,2019,2,ZIMA,22.73186826464449,49.881164466671294,12583.700795204135,1844.9156550701794
2019-02-18,2019,2,ZIMA,22.794750334532857,49.881164466671294,11175.011060680648,1847.0587460119086
2019-02-18,2019,2,ZIMA,22.857632404421224,49.881164466671294,11504.225194953451,1848.9022573337018
2019-02-18,2019,2,ZIMA,23.046278614086322,49.881164466671294,20008.920984734334,1829.2092289770906
2019-02-18,2019,2,ZIMA,23.10916068397469,49.881164466671294,23907.400258968875,1829.2092285156482
2019-02-18,2019,2,ZIMA,22.60610412486776,49.944046536559654,23489.227935689778,1832.6147142993332
2019-02-18,2019,2,ZIMA,22.668986194756126,49.944046536559654,20893.893703687518,1834.765259159679
2019-02-18,2019,2,ZIMA,22.73186826464449,49.944046536559654,19032.807114747964,1846.4283768793541
2019-02-18,2019,2,ZIMA,22.794750334532857,49.944046536559654,18133.466014703823,1846.7133963059525
2019-02-18,2019,2,ZIMA,23.046278614086322,49.944046536559654,24575.198885019752,1823.7837594656585
2019-02-19,2019,2,ZIMA,22.60610412486776,49.629636187117825,22624.190624154453,1825.9670546697064
2019-02-19,2019,2,ZIMA,22.668986194756126,49.629636187117825,19897.662582212422,1825.9670628569681
2019-02-19,2019,2,ZIMA,23.046278614086322,49.629636187117825,23756.883535444897,1803.0094397134424
2019-02-19,2019,2,ZIMA,22.543222054979392,49.692518257006185,21932.788399926114,1830.8503417969416
2019-02-19,2019,2,ZIMA,22.60610412486776,49.692518257006185,18004.58127120856,1827.0238153752096
2019-02-19,2019,2,ZIMA,22.668986194756126,49.692518257006185,14435.272366544037,1826.9647080430418
2019-02-19,2019,2,ZIMA,22.98339654419796,49.692518257006185,15679.736994618235,1815.592149275585
2019-02-19,2019,2,ZIMA,23.046278614086322,49.692518257006185,19407.030795445455,1814.7283458714794
2019-02-19,2019,2,ZIMA,23.10916068397469,49.692518257006185,23420.202641510772,1810.821141564604
2019-02-19,2019,2,ZIMA,22.480339985091025,49.755400326894545,24263.288966442815,1833.7056812585936
2019-02-19,2019,2,ZIMA,22.543222054979392,49.755400326894545,19773.371791734648,1832.5626443191127
2019-02-19,2019,2,ZIMA,22.60610412486776,49.755400326894545,15307.071991672923,1826.9647273576602
2019-02-19,2019,2,ZIMA,22.668986194756126,49.755400326894545,10893.482693503986,1826.96472167962
2019-02-19,2019,2,ZIMA,22.73186826464449,49.755400326894545,6638.588268421608,1833.2529806925934
2019-02-19,2019,2,ZIMA,22.794750334532857,49.755400326894545,3242.7147797909784,1833.2580515019054
2019-02-19,2019,2,ZIMA,22.857632404421224,49.755400326894545,4242.750117470005,1839.6944999419657
2019-02-19,2019,2,ZIMA,22.92051447430959,49.755400326894545,8156.47590057038,1812.6864627956568
2019-02-19,2019,2,ZIMA,22.98339654419796,49.755400326894545,12493.86630456317,1813.3498212589727
2019-02-19,2019,2,ZIMA,23.046278614086322,49.755400326894545,16932.41386754635,1815.047763783876
2019-02-19,2019,2,ZIMA,23.10916068397469,49.755400326894545,21409.293252281375,1815.5764839711371
2019-02-19,2019,2,ZIMA,22.480339985091025,49.818282396782934,24417.687156783137,1836.7608494825752
2019-02-19,2019,2,ZIMA,22.543222054979392,49.818282396782934,19968.932465393333,1831.6372609216128
2019-02-19,2019,2,ZIMA,22.60610412486776,49.818282396782934,15565.383751527352,1825.2462634111655
2019-02-19,2019,2,ZIMA,22.668986194756126,49.818282396782934,11260.207883350295,1829.4323086984746
2019-02-19,2019,2,ZIMA,22.73186826464449,49.818282396782934,7231.299147808723,1838.96295782523
2019-02-19,2019,2,ZIMA,22.794750334532857,49.818282396782934,4333.529104672702,1837.5339045804344
2019-02-19,2019,2,ZIMA,22.857632404421224,49.818282396782934,5124.013005619986,1839.835984443533
2019-02-19,2019,2,ZIMA,22.92051447430959,49.818282396782934,8644.065763073844,1832.3905599023135
2019-02-19,2019,2,ZIMA,22.98339654419796,49.818282396782934,12812.985222879366,1830.220279067616
2019-02-19,2019,2,ZIMA,23.046278614086322,49.818282396782934,17164.31095927946,1819.188285697567
2019-02-19,2019,2,ZIMA,22.543222054979392,49.881164466671294,22458.10700503757,1846.231554059262
2019-02-19,2019,2,ZIMA,22.60610412486776,49.881164466671294,18657.2342735173,1840.120073847942
2019-02-19,2019,2,ZIMA,22.668986194756126,49.881164466671294,15256.25598101692,1848.0806725556438
2019-02-19,2019,2,ZIMA,22.73186826464449,49.881164466671294,12583.700795204135,1847.705904723025
2019-02-19,2019,2,ZIMA,22.794750334532857,49.881164466671294,11175.011060680648,1844.9629829561447
2019-02-19,2019,2,ZIMA,22.857632404421224,49.881164466671294,11504.225194953451,1842.5339999195928
2019-02-19,2019,2,ZIMA,22.92051447430959,49.881164466671294,13444.276202874242,1840.9984130858695
2019-02-19,2019,2,ZIMA,22.98339654419796,49.881164466671294,16434.26726118871,1840.9713379179666
2019-02-19,2019,2,ZIMA,23.046278614086322,49.881164466671294,20008.920984734334,1825.3361794104887
2019-02-19,2019,2,ZIMA,23.10916068397469,49.881164466671294,23907.400258968875,1825.3361993892513
2019-02-19,2019,2,ZIMA,22.60610412486776,49.944046536559654,23489.227935689778,1843.4100943874407
2019-02-19,2019,2,ZIMA,22.668986194756126,49.944046536559654,20893.893703687518,1843.259764003546
2019-02-19,2019,2,ZIMA,22.73186826464449,49.944046536559654,19032.807114747964,1844.3867197876107
2019-02-19,2019,2,ZIMA,22.794750334532857,49.944046536559654,18133.466014703823,1844.8933266946894
2019-02-19,2019,2,ZIMA,22.857632404421224,49.944046536559654,18337.917441995833,1845.7890779968752
2019-02-19,2019,2,ZIMA,22.92051447430959,49.944046536559654,19611.67139609482,1844.809005181326
2019-02-19,2019,2,ZIMA,22.98339654419796,49.944046536559654,21767.82095314391,1838.00632322583
2019-02-19,2019,2,ZIMA,23.046278614086322,49.944046536559654,24575.198885019752,1825.338657402374
2019-02-28,2019,2,ZIMA,22.73186826464449,49.818282396782934,7231.299147808723,1858.2507628083702
2019-02-28,2019,2,ZIMA,22.794750334532857,49.818282396782934,4333.529104672702,1858.250851094215
2019-02-28,2019,2,ZIMA,22.857632404421224,49.818282396782934,5124.013005619986,1858.6577640505636
2019-02-28,2019,2,ZIMA,22.92051447430959,49.818282396782934,8644.065763073844,1861.442640012861
2019-02-28,2019,2,ZIMA,22.98339654419796,49.818282396782934,12812.985222879366,1861.4426130488073
2019-02-28,2019,2,ZIMA,22.857632404421224,49.881164466671294,11504.225194953451,1860.418373863244
2019-02-28,2019,2,ZIMA,22.92051447430959,49.881164466671294,13444.276202874242,1861.4426271987077
2019-02-28,2019,2,ZIMA,22.98339654419796,49.881164466671294,16434.26726118871,1861.4426278458068
2019-03-23,2019,3,ZIMA,22.73186826464449,49.57725944372781,23493.2693373508,1815.1745661743623
2019-03-23,2019,3,ZIMA,22.794750334532857,49.57725944372781,22765.22415051175,1818.6916982939845
2019-03-23,2019,3,ZIMA,22.60610412486776,49.64014151361617,21764.45074750315,1812.1353775606706
2019-03-23,2019,3,ZIMA,22.668986194756126,49.64014151361617,18915.05239248048,1827.1137654885663
2019-03-23,2019,3,ZIMA,22.73186826464449,49.64014151361617,16822.773898113886,1832.1420484057512
2019-03-23,2019,3,ZIMA,22.794750334532857,49.64014151361617,15791.477478126646,1826.9078814106808
2019-03-23,2019,3,ZIMA,23.046278614086322,49.64014151361617,22939.388354842766,1835.3781852203642
2019-03-23,2019,3,ZIMA,22.543222054979392,49.703023583504546,21428.823452632554,1812.4173566536206
2019-03-23,2019,3,ZIMA,22.60610412486776,49.703023583504546,17388.09997969512,1813.9225360074063
2019-03-23,2019,3,ZIMA,22.668986194756126,49.703023583504546,13659.542302594182,1819.3364080103522
2019-03-23,2019,3,ZIMA,22.73186826464449,49.703023583504546,10578.554156056924,1828.910280794899
2019-03-23,2019,3,ZIMA,22.794750334532857,49.703023583504546,8849.528317586586,1832.6971567911212
2019-03-23,2019,3,ZIMA,22.480339985091025,49.765905653392906,24148.621374600574,1818.6743521235683
2019-03-23,2019,3,ZIMA,22.543222054979392,49.765905653392906,19633.58536118644,1814.680151907792
2019-03-23,2019,3,ZIMA,22.668986194756126,49.765905653392906,10640.406085574949,1817.3706227399925
2019-03-23,2019,3,ZIMA,22.73186826464449,49.765905653392906,6215.886208794365,1832.7344557564027
2019-03-23,2019,3,ZIMA,22.794750334532857,49.765905653392906,2255.8386657603014,1833.1104780976902
2019-03-23,2019,3,ZIMA,22.857632404421224,49.765905653392906,3545.833307069924,1823.0926613294532
2019-03-23,2019,3,ZIMA,22.92051447430959,49.765905653392906,7815.986039923903,1821.5689677399475
2019-03-23,2019,3,ZIMA,22.98339654419796,49.765905653392906,12273.503404588548,1821.5689724768727
2019-03-23,2019,3,ZIMA,22.480339985091025,49.82878772328128,24637.71098163613,1825.305297851495
2019-03-23,2019,3,ZIMA,22.543222054979392,49.82878772328128,20238.437926157472,1825.3053035296714
2019-03-23,2019,3,ZIMA,22.857632404421224,49.82878772328128,6096.910818244094,1821.568952664954
2019-03-23,2019,3,ZIMA,22.92051447430959,49.82878772328128,9253.44027674539,1821.5689642569564
2019-03-23,2019,3,ZIMA,22.98339654419796,49.82878772328128,13231.00488394699,1821.5689242052317
2019-03-23,2019,3,ZIMA,22.543222054979392,49.89166979316964,23055.323741507742,1828.8069197653392
2019-03-31,2019,3,ZIMA,22.599100573868853,49.64014151361617,22116.672890423062,1840.2764994958375
2019-03-31,2019,3,ZIMA,22.66198264375722,49.64014151361617,19200.34521697126,1850.6359059234157
2019-03-31,2019,3,ZIMA,22.724864713645587,49.64014151361617,17008.7600886529,1851.770768992362
2019-03-31,2019,3,ZIMA,22.787746783533954,49.64014151361617,15845.539573045135,1851.5702098905047
2019-03-31,2019,3,ZIMA,22.536218503980486,49.703023583504546,21890.78370889809,1837.436279296942
2019-03-31,2019,3,ZIMA,22.599100573868853,49.703023583504546,17826.441743989133,1837.436279296811
2019-03-31,2019,3,ZIMA,22.66198264375722,49.703023583504546,14051.446688060518,1855.7841278755861
2019-03-31,2019,3,ZIMA,22.724864713645587,49.703023583504546,10871.51830374456,1855.7845458983727
2019-03-31,2019,3,ZIMA,22.787746783533954,49.703023583504546,8945.519032962426,1855.7845557411517
2019-03-31,2019,3,ZIMA,22.66198264375722,49.765905653392906,11138.41491782244,1843.8994108159318
2019-03-31,2019,3,ZIMA,22.724864713645587,49.765905653392906,6701.734753036744,1843.9019864522593
2019-03-31,2019,3,ZIMA,22.787746783533954,49.765905653392906,2606.677978394436,1855.665072497592
2019-03-31,2019,3,ZIMA,22.85062885342232,49.765905653392906,3115.904004449003,1857.437988281229
2019-03-31,2019,3,ZIMA,22.91351092331069,49.765905653392906,7324.992758829133,1857.437988635213
2019-03-31,2019,3,ZIMA,22.66198264375722,49.82878772328128,12186.848884949166,1843.8994303818038
2019-03-31,2019,3,ZIMA,22.724864713645587,49.82878772328128,8334.909506155102,1844.285735744347
2019-03-31,2019,3,ZIMA,22.787746783533954,49.82878772328128,5603.718360422836,1857.4379658468529
2019-03-31,2019,3,ZIMA,22.85062885342232,49.82878772328128,5857.641446856119,1857.437996953095
2019-03-31,2019,3,ZIMA,22.91351092331069,49.82878772328128,8843.170503844822,1857.4379824147413
2019-03-31,2019,3,ZIMA,22.599100573868853,49.954551863058015,24711.559766770268,1874.4544880745796
2019-06-10,2019,6,LATO,22.7772414570356,49.82878772328128,5908.502699683845,1855.195910342036
2019-06-10,2019,6,LATO,22.84012352692396,49.82878772328128,5565.478544359213,1855.1958822008648
2019-06-10,2019,6,LATO,22.714359387147226,49.89166979316964,14219.960460467935,1849.2080990687296
2019-06-10,2019,6,LATO,22.7772414570356,49.89166979316964,12543.938902384274,1850.138972332223
2019-06-10,2019,6,LATO,22.84012352692396,49.89166979316964,12386.26901971219,1855.1958354136223
2019-06-10,2019,6,LATO,22.714359387147226,49.954551863058015,20553.09728768775,1849.207989365108
2019-06-10,2019,6,LATO,22.7772414570356,49.954551863058015,19432.73675666003,1849.2080056814991
2019-06-11,2019,6,LATO,22.90650737231178,49.765905653392906,6835.963182596178,1839.7665700727323
2019-06-11,2019,6,LATO,22.52921495298159,49.82878772328128,21213.749383161125,1825.847563230824
2019-06-11,2019,6,LATO,22.59209702286995,49.82878772328128,16865.697102093472,1825.847596316524
2019-06-11,2019,6,LATO,22.84362530242342,49.82878772328128,5653.312196730159,1839.7665885876095
2019-06-11,2019,6,LATO,22.90650737231178,49.82878772328128,8443.074489630133,1839.7666040870959
2019-06-11,2019,6,LATO,22.969389442200153,49.82878772328128,12312.212884683175,1839.7665936127364
2019-06-11,2019,6,LATO,22.52921495298159,49.89166979316964,23914.93899028903,1833.2349325964908
2019-06-11,2019,6,LATO,22.59209702286995,49.89166979316964,20163.52320440159,1825.8475288925595
2019-06-11,2019,6,LATO,22.969389442200153,49.89166979316964,16549.288935805096,1839.7666065207595
2019-06-12,2019,6,LATO,22.543222054979392,49.89166979316964,23055.323741507742,1848.530268120677
2019-06-12,2019,6,LATO,22.60610412486776,49.89166979316964,19372.8599092558,1846.0832519531525
2019-06-12,2019,6,LATO,22.668986194756126,49.89166979316964,16124.320549651156,1846.0832539085875
2019-06-12,2019,6,LATO,22.73186826464449,49.89166979316964,13623.731614643058,1844.515606694559
2019-06-12,2019,6,LATO,22.794750334532857,49.89166979316964,12334.694064801255,1844.4896548505426
2019-06-12,2019,6,LATO,22.857632404421224,49.89166979316964,12633.660695484874,1844.6073039807602
2019-06-12,2019,6,LATO,22.92051447430959,49.89166979316964,14422.21314753677,1845.9138087793144
2019-06-12,2019,6,LATO,22.98339654419796,49.89166979316964,17242.89404715196,1850.4365540367687
2019-06-12,2019,6,LATO,22.60610412486776,49.954551863058015,24398.873749480455,1849.1112941565784
2019-06-12,2019,6,LATO,22.668986194756126,49.954551863058015,21912.12152600626,1847.2065060666748
2019-06-12,2019,6,LATO,22.73186826464449,49.954551863058015,20145.72377669812,1840.403968588083
2019-06-12,2019,6,LATO,22.794750334532857,49.954551863058015,19298.50501956277,1839.9365299303927
2019-06-12,2019,6,LATO,22.857632404421224,49.954551863058015,19490.69782676635,1843.7978439000271
2019-06-12,2019,6,LATO,22.92051447430959,49.954551863058015,20693.361969813795,1849.2618787586907
2019-06-12,2019,6,LATO,22.98339654419796,49.954551863058015,22746.784219170553,1850.436531818441
2019-06-13,2019,6,LATO,22.96238589120125,49.888168017670196,15922.874507480621,1844.6411985123852
2019-06-13,2019,6,LATO,23.02526796108961,49.888168017670196,19238.379445562026,1844.6411325509043
2019-06-13,2019,6,LATO,23.08815003097797,49.888168017670196,22970.018996073344,1844.6411349106156
2019-06-13,2019,6,LATO,22.96238589120125,49.951050087558556,21638.688368898416,1844.6411076533902
2019-06-13,2019,6,LATO,23.02526796108961,49.951050087558556,24179.71255159853,1844.6411132812218
2019-06-15,2019,6,LATO,22.847127077922863,49.57725944372781,22839.601460497255,1833.4128443911327
2019-06-15,2019,6,LATO,22.910009147811238,49.57725944372781,23737.528821185646,1833.4128352452776
2019-06-15,2019,6,LATO,22.721362938146143,49.64014151361617,17106.588908797177,1832.8905047851306
2019-06-15,2019,6,LATO,22.784245008034503,49.64014151361617,15878.528602308194,1832.8905054435445
2019-06-15,2019,6,LATO,22.847127077922863,49.64014151361617,15898.37606674912,1834.308059763005
2019-06-15,2019,6,LATO,22.910009147811238,49.64014151361617,17161.80236162699,1834.0760842715888
2019-06-15,2019,6,LATO,22.721362938146143,49.703023583504546,11023.750752286034,1828.5713925812795
2019-06-15,2019,6,LATO,22.784245008034503,49.703023583504546,9003.74969105232,1830.1896677588165
2019-06-15,2019,6,LATO,22.847127077922863,49.703023583504546,9038.66068024557,1834.7078058386855
2019-06-15,2019,6,LATO,22.910009147811238,49.703023583504546,11109.12789583884,1834.8037091028789
2019-06-15,2019,6,LATO,22.721362938146143,49.765905653392906,6945.655089638345,1823.80068701274
2019-06-15,2019,6,LATO,22.784245008034503,49.765905653392906,2799.754239036753,1825.3612388951399
2019-06-15,2019,6,LATO,22.847127077922863,49.765905653392906,2909.9299496572144,1828.4035262363543
2019-06-15,2019,6,LATO,22.910009147811238,49.765905653392906,7080.207037852592,1838.367206144309
2019-06-15,2019,6,LATO,22.847127077922863,49.82878772328128,5750.861621632254,1838.3671976870367
2019-06-15,2019,6,LATO,22.910009147811238,49.82878772328128,8641.76161762721,1838.3671875000239
2019-06-15,2019,6,LATO,22.972891217699598,49.82878772328128,12540.621480203294,1838.3672179553662
2019-06-15,2019,6,LATO,22.847127077922863,49.89166979316964,12470.557128002267,1837.6383251281807
2019-06-15,2019,6,LATO,22.910009147811238,49.89166979316964,14038.103410697095,1837.6400169955677
2019-06-15,2019,6,LATO,22.784245008034503,49.954551863058015,19369.342116810156,1837.517575602242
2019-06-15,2019,6,LATO,22.847127077922863,49.954551863058015,19385.51095194934,1837.5208766436422
2019-06-15,2019,6,LATO,22.910009147811238,49.954551863058015,20427.862442196416,1837.5420495565843
2019-06-16,2019,6,LATO,22.52921495298159,49.765905653392906,20638.77062021848,1810.827023847199
2019-06-16,2019,6,LATO,22.59209702286995,49.765905653392906,16129.875636589464,1810.8270399713283
2019-06-16,2019,6,LATO,22.52921495298159,49.82878772328128,21213.749383161125,1810.8270261001264
2019-06-16,2019,6,LATO,22.969389442200153,49.89166979316964,16549.288935805096,1832.32655443541
2019-06-16,2019,6,LATO,23.032271512088514,49.89166979316964,19874.758845354678,1832.326538085965
2019-06-16,2019,6,LATO,23.095153581976888,49.89166979316964,23602.105020718893,1826.5476696039777
2019-06-16,2019,6,LATO,22.969389442200153,49.954551863058015,22226.296487740947,1832.3265434428256
2019-06-16,2019,6,LATO,23.032271512088514,49.954551863058015,24798.74504417711,1832.3265299609477
2019-06-20,2019,6,LATO,22.84362530242342,49.954551863058015,19356.87092457476,1850.328629574873
2019-06-20,2019,6,LATO,22.90650737231178,49.954551863058015,20344.823639693168,1850.3285962173584
2019-06-26,2019,6,LATO,22.52571317748213,49.89166979316964,24131.63257145798,1809.1658893615972
2019-06-26,2019,6,LATO,22.588595247370506,49.89166979316964,20364.18316448082,1809.1658610226502
2019-06-30,2019,6,LATO,22.585093471871062,49.63663973811673,23108.675838976807,1814.286049040847
2019-06-30,2019,6,LATO,22.647975541759422,49.63663973811673,20108.305218846428,1817.0639145137545
2019-06-30,2019,6,LATO,22.710857611647782,49.63663973811673,17771.284525958312,1823.531866356732
2019-06-30,2019,6,LATO,22.773739681536142,49.63663973811673,16383.976490202293,1823.5318965382337
2019-06-30,2019,6,LATO,22.522211401982673,49.69952180800509,22972.690528148636,1817.0276865202886
2019-06-30,2019,6,LATO,22.585093471871062,49.69952180800509,18898.571534232142,1816.9056432404336
2019-06-30,2019,6,LATO,22.647975541759422,49.69952180800509,15088.271817015364,1823.5318373330792
2019-06-30,2019,6,LATO,22.710857611647782,49.69952180800509,11800.188539993918,1823.5318496480324
2019-06-30,2019,6,LATO,22.773739681536142,49.69952180800509,9587.573281007191,1819.8625644123404
2019-06-30,2019,6,LATO,22.836621751424502,49.69952180800509,9256.733154797244,1819.4021031536965
2019-06-30,2019,6,LATO,22.89950382131289,49.69952180800509,10979.117805988644,1819.4020812782428
2019-06-30,2019,6,LATO,22.522211401982673,49.76240387789346,21177.822024514586,1817.87829589848
2019-06-30,2019,6,LATO,22.585093471871062,49.76240387789346,16677.286728336796,1818.666922063093
2019-06-30,2019,6,LATO,22.647975541759422,49.76240387789346,12198.318928605378,1830.0413829732033
2019-06-30,2019,6,LATO,22.710857611647782,49.76240387789346,7778.271883640568,1830.0413868969251
2019-06-30,2019,6,LATO,22.773739681536142,49.76240387789346,3638.6189531583773,1823.9307039443204
2019-06-30,2019,6,LATO,22.836621751424502,49.76240387789346,2648.2285373622026,1823.490024512371
2019-06-30,2019,6,LATO,22.96238589120125,49.76240387789346,10847.432209507839,1837.6675008045454
2019-06-30,2019,6,LATO,23.02526796108961,49.76240387789346,15314.922269643697,1837.6674967522993
2019-06-30,2019,6,LATO,23.08815003097797,49.76240387789346,19810.66073058297,1837.6674682135958
2019-06-30,2019,6,LATO,23.15103210086636,49.76240387789346,24318.983896724174,1830.4034868366537
2019-06-30,2019,6,LATO,22.522211401982673,49.82528594778182,21612.2429850413,1817.1265594709762
2019-06-30,2019,6,LATO,22.585093471871062,49.82528594778182,17231.98299275845,1822.4468821385424
2019-06-30,2019,6,LATO,22.647975541759422,49.82528594778182,12952.825335035941,1830.8240903612727
2019-06-30,2019,6,LATO,22.710857611647782,49.82528594778182,8921.462219068182,1830.124212853798
2019-06-30,2019,6,LATO,22.773739681536142,49.82528594778182,5691.374642989685,1825.4599359803751
2019-06-30,2019,6,LATO,22.836621751424502,49.82528594778182,5115.993499263652,1825.425518750249
2019-06-30,2019,6,LATO,22.96238589120125,49.82528594778182,11691.183537563493,1837.6674776032821
2019-06-30,2019,6,LATO,23.02526796108961,49.82528594778182,15918.937977582504,1837.667480468746
2019-06-30,2019,6,LATO,23.08815003097797,49.82528594778182,20276.185247339086,1837.6674824393526
2019-06-30,2019,6,LATO,23.15103210086636,49.82528594778182,24694.47230118494,1837.6675229692603
2019-06-30,2019,6,LATO,22.522211401982673,49.888168017670196,24156.04586155313,1822.1516048693443
2019-06-30,2019,6,LATO,22.585093471871062,49.888168017670196,20336.84891660171,1832.2190383558757
2019-06-30,2019,6,LATO,22.647975541759422,49.888168017670196,16869.779982279415,1832.5163625972702
2019-06-30,2019,6,LATO,22.710857611647782,49.888168017670196,14018.58815455293,1831.9310181113271
2019-06-30,2019,6,LATO,22.773739681536142,49.888168017670196,12222.169535160607,1830.2500439494574
2019-06-30,2019,6,LATO,22.836621751424502,49.888168017670196,11965.41458788537,1829.6870639533931
2019-06-30,2019,6,LATO,22.96238589120125,49.888168017670196,15922.874507480621,1837.5114881885434
2019-06-30,2019,6,LATO,23.02526796108961,49.888168017670196,19238.379445562026,1837.511475404342
2019-06-30,2019,6,LATO,23.08815003097797,49.888168017670196,22970.018996073344,1837.5114595474477
2019-06-30,2019,6,LATO,22.647975541759422,49.951050087558556,22343.768308375453,1832.9810257839206
2019-06-30,2019,6,LATO,22.710857611647782,49.951050087558556,20280.28322966142,1833.92223243919
2019-06-30,2019,6,LATO,22.773739681536142,49.951050087558556,19084.33367367535,1833.9440917969102
2019-06-30,2019,6,LATO,22.836621751424502,49.951050087558556,18921.141041467326,1833.9440876203432
2019-07-29,2019,7,LATO,22.717861162646685,49.57725944372781,23770.680769692324,1804.5548073599275
2019-07-29,2019,7,LATO,22.780743232535045,49.57725944372781,22851.510375417707,1805.0068415724863
2019-07-29,2019,7,LATO,22.59209702286995,49.64014151361617,22474.728721047504,1816.7103903632128
2019-07-29,2019,7,LATO,22.654979092758325,49.64014151361617,19494.553455866462,1816.2875351574855
2019-07-29,2019,7,LATO,22.717861162646685,49.64014151361617,17207.568838300576,1818.8809364001816
2019-07-29,2019,7,LATO,22.780743232535045,49.64014151361617,15915.45767958923,1818.3253100791785
2019-07-29,2019,7,LATO,22.52921495298159,49.703023583504546,22354.596757050298,1817.1512297984368
2019-07-29,2019,7,LATO,22.59209702286995,49.703023583504546,18268.21499736369,1819.6044888239176
2019-07-29,2019,7,LATO,22.654979092758325,49.703023583504546,14450.358582796438,1819.1362304686904
2019-07-29,2019,7,LATO,22.717861162646685,49.703023583504546,11179.609293972992,1819.1033358626676
2019-07-29,2019,7,LATO,22.780743232535045,49.703023583504546,9068.63376435645,1818.8807166046952
2019-07-29,2019,7,LATO,22.52921495298159,49.765905653392906,20638.77062021848,1810.7258318329564
2019-07-29,2019,7,LATO,22.59209702286995,49.765905653392906,16129.875636589464,1810.725848844453
2019-07-29,2019,7,LATO,22.717861162646685,49.765905653392906,7190.149421692453,1819.1362521390354
2019-08-19,2019,8,LATO,22.721362938146143,49.57725944372781,23697.5898107481,1824.2897538015548
2019-08-19,2019,8,LATO,22.784245008034503,49.57725944372781,22825.772528221212,1827.4277484619809
2019-08-19,2019,8,LATO,22.847127077922863,49.57725944372781,22839.601460497255,1820.1334528519812
2019-08-19,2019,8,LATO,22.59559879836941,49.64014151361617,22294.98905424956,1822.7268133532987
2019-08-19,2019,8,LATO,22.532716728481034,49.703023583504546,22122.465906806905,1823.8312990049667
2019-08-19,2019,8,LATO,22.59559879836941,49.703023583504546,18046.915138960532,1823.8336727547155
2019-08-19,2019,8,LATO,22.469834658592674,49.765905653392906,24903.43217975922,1818.597684355711
2019-08-19,2019,8,LATO,22.532716728481034,49.765905653392906,20387.43944261555,1828.2401136634346
2019-08-19,2019,8,LATO,22.59559879836941,49.765905653392906,15879.128789225302,1826.2717301733692
2019-08-19,2019,8,LATO,22.532716728481034,49.82878772328128,20969.629003077862,1831.7650184301956
2019-08-19,2019,8,LATO,22.59559879836941,49.82878772328128,16626.36365896378,1831.7650163779763
2019-08-26,2019,8,LATO,22.787746783533954,49.64014151361617,15845.539573045135,1840.024829706185
2019-08-26,2019,8,LATO,22.85062885342232,49.64014151361617,15937.463035133447,1842.9984133056628
2019-08-26,2019,8,LATO,22.91351092331069,49.64014151361617,17264.493785833045,1843.515011591495
2019-08-26,2019,8,LATO,22.976392993199056,49.64014151361617,19577.061179141197,1843.515016160048
2019-08-26,2019,8,LATO,23.039275063087423,49.64014151361617,22574.28914999624,1843.5150671460983
2019-08-26,2019,8,LATO,22.724864713645587,49.703023583504546,10871.51830374456,1842.4028382527792
2019-08-26,2019,8,LATO,22.787746783533954,49.703023583504546,8945.519032962426,1841.1941922641793
2019-08-26,2019,8,LATO,22.85062885342232,49.703023583504546,9107.148301808795,1839.776247920852
2019-08-26,2019,8,LATO,22.91351092331069,49.703023583504546,11266.918823389366,1840.8585004145805
2019-08-26,2019,8,LATO,22.976392993199056,49.703023583504546,14561.333209871907,1843.4917198045289
2019-08-26,2019,8,LATO,23.039275063087423,49.703023583504546,18390.405207042757,1843.5149573273688
2019-08-26,2019,8,LATO,22.47333643409212,49.765905653392906,24651.815633903832,1818.4807772876106
2019-08-26,2019,8,LATO,22.536218503980486,49.765905653392906,20136.130926417543,1818.1022942226593
2019-08-26,2019,8,LATO,22.599100573868853,49.765905653392906,15628.429923101376,1818.1022852968438
2019-08-26,2019,8,LATO,22.66198264375722,49.765905653392906,11138.41491782244,1847.4338302236924
2019-08-26,2019,8,LATO,22.724864713645587,49.765905653392906,6701.734753036744,1843.9434935275287
2019-08-26,2019,8,LATO,22.787746783533954,49.765905653392906,2606.677978394436,1843.8091051957279
2019-08-26,2019,8,LATO,22.85062885342232,49.765905653392906,3115.904004449003,1842.9179399817071
2019-08-26,2019,8,LATO,22.91351092331069,49.765905653392906,7324.992758829133,1842.746004202653
2019-08-26,2019,8,LATO,22.976392993199056,49.765905653392906,11774.325067524063,1835.7441742972214
2019-08-26,2019,8,LATO,23.039275063087423,49.765905653392906,16267.957126843003,1835.0835932960824
2019-08-26,2019,8,LATO,23.10215713297579,49.765905653392906,20777.163542255905,1835.027828741714
2019-08-26,2019,8,LATO,22.536218503980486,49.82878772328128,20725.699043858,1819.8619423645594
2019-08-26,2019,8,LATO,22.599100573868853,49.82878772328128,16387.41228401805,1818.1022935398748
2019-08-26,2019,8,LATO,22.66198264375722,49.82878772328128,12186.848884949166,1842.7381272866342
2019-08-26,2019,8,LATO,22.724864713645587,49.82878772328128,8334.909506155102,1847.066394721099
2019-08-26,2019,8,LATO,22.787746783533954,49.82878772328128,5603.718360422836,1845.6251413789098
2019-08-26,2019,8,LATO,22.85062885342232,49.82878772328128,5857.641446856119,1843.8688399572131
2019-08-26,2019,8,LATO,22.91351092331069,49.82878772328128,8843.170503844822,1841.5840018862866
2019-08-26,2019,8,LATO,22.976392993199056,49.82878772328128,12769.920574218599,1837.0095755804732
2019-08-26,2019,8,LATO,23.039275063087423,49.82878772328128,16997.63190947467,1836.8268736419152
2019-08-26,2019,8,LATO,23.10215713297579,49.82878772328128,21348.241564267842,1835.260211929397
2019-08-26,2019,8,LATO,22.536218503980486,49.89166979316964,23483.66014293553,1840.7677347108033
2019-08-26,2019,8,LATO,22.599100573868853,49.89166979316964,19765.724057895426,1841.2221392060226
2019-08-26,2019,8,LATO,22.66198264375722,49.89166979316964,16456.355986961058,1859.2953949060036
2019-08-26,2019,8,LATO,22.724864713645587,49.89166979316964,13851.562803841809,1848.1617546513253
2019-08-26,2019,8,LATO,22.787746783533954,49.89166979316964,12403.475882054427,1847.8207853158478
2019-08-26,2019,8,LATO,22.85062885342232,49.89166979316964,12520.093430716617,1848.1372237439832
2019-08-26,2019,8,LATO,22.91351092331069,49.89166979316964,14162.817171179935,1848.9921875000236
2019-08-26,2019,8,LATO,22.976392993199056,49.89166979316964,16892.138472518378,1842.9899618470918
2019-08-26,2019,8,LATO,23.039275063087423,49.89166979316964,20273.86551387971,1839.615690149328
2019-08-26,2019,8,LATO,23.10215713297579,49.89166979316964,24034.16604271177,1838.058614862988
2019-08-26,2019,8,LATO,22.599100573868853,49.954551863058015,24711.559766770268,1846.9845276072244
2019-08-26,2019,8,LATO,22.66198264375722,49.954551863058015,22157.277232385266,1858.9232229942963
2019-08-26,2019,8,LATO,22.724864713645587,49.954551863058015,20300.290021989516,1861.2232687647881
2019-08-26,2019,8,LATO,22.787746783533954,49.954551863058015,19342.482303947774,1855.2512331665494
2019-08-26,2019,8,LATO,22.85062885342232,49.954551863058015,19417.37291141194,1845.266460699865
2019-08-26,2019,8,LATO,22.91351092331069,49.954551863058015,20513.654779173983,1846.2636258149519
2019-08-26,2019,8,LATO,22.976392993199056,49.954551863058015,22482.40904732688,1848.9487472696528
2019-08-27,2019,8,LATO,22.92051447430959,49.57725944372781,23968.166495009584,1830.914927255547
2019-08-27,2019,8,LATO,22.60610412486776,49.64014151361617,21764.45074750315,1846.8239834034998
2019-08-27,2019,8,LATO,22.668986194756126,49.64014151361617,18915.05239248048,1846.8239671527958
2019-08-27,2019,8,LATO,22.73186826464449,49.64014151361617,16822.773898113886,1846.823976451527
2019-08-27,2019,8,LATO,22.794750334532857,49.64014151361617,15791.477478126646,1846.8239669642812
2019-08-27,2019,8,LATO,22.857632404421224,49.64014151361617,16027.29515834017,1838.9953350984088
2019-08-27,2019,8,LATO,22.92051447430959,49.64014151361617,17479.017342413288,1838.4235899140995
2019-08-27,2019,8,LATO,22.98339654419796,49.64014151361617,19882.064266925787,1838.3087369019158
2019-08-27,2019,8,LATO,23.046278614086322,49.64014151361617,22939.388354842766,1832.402662574412
2019-08-27,2019,8,LATO,22.73186826464449,49.703023583504546,10578.554156056924,1846.8239740152483
2019-08-27,2019,8,LATO,22.794750334532857,49.703023583504546,8849.528317586586,1846.823973527124
2019-08-27,2019,8,LATO,22.857632404421224,49.703023583504546,9263.256096580859,1836.8836732601999
2019-08-27,2019,8,LATO,22.92051447430959,49.703023583504546,11592.548159691261,1838.9965891820848
2019-08-27,2019,8,LATO,22.98339654419796,49.703023583504546,14968.36972927753,1838.7528264352306
2019-08-27,2019,8,LATO,23.046278614086322,49.703023583504546,18836.204875113814,1838.3044886631246
2019-08-27,2019,8,LATO,23.10916068397469,49.703023583504546,22948.6082092133,1836.0658368392808
2019-08-27,2019,8,LATO,22.73186826464449,49.765905653392906,6215.886208794365,1859.5798317167714
2019-08-27,2019,8,LATO,22.794750334532857,49.765905653392906,2255.8386657603014,1845.3915242463145
2019-08-27,2019,8,LATO,22.857632404421224,49.765905653392906,3545.833307069924,1835.4053946458885
2019-08-27,2019,8,LATO,22.92051447430959,49.765905653392906,7815.986039923903,1835.2299977562175
2019-08-27,2019,8,LATO,22.98339654419796,49.765905653392906,12273.503404588548,1835.3702951564421
2019-08-27,2019,8,LATO,23.046278614086322,49.765905653392906,16769.633620027365,1838.6760223925387
2019-08-27,2019,8,LATO,23.10916068397469,49.765905653392906,21279.91361633516,1838.994505315055
2019-08-27,2019,8,LATO,22.73186826464449,49.82878772328128,7950.021305988564,1861.187918464379
2019-08-27,2019,8,LATO,22.794750334532857,49.82878772328128,5449.57910022521,1859.6128529568762
2019-08-27,2019,8,LATO,22.857632404421224,49.82878772328128,6096.910818244094,1845.1925275245828
2019-08-27,2019,8,LATO,22.92051447430959,49.82878772328128,9253.44027674539,1835.404695430144
2019-08-27,2019,8,LATO,22.98339654419796,49.82878772328128,13231.00488394699,1835.3142806600583
2019-08-27,2019,8,LATO,23.046278614086322,49.82878772328128,17477.763716287656,1835.37995117899
2019-08-27,2019,8,LATO,23.10916068397469,49.82878772328128,21837.221769753294,1835.3917895185934
2019-08-27,2019,8,LATO,22.543222054979392,49.89166979316964,23055.323741507742,1850.6325832856621
2019-08-27,2019,8,LATO,22.60610412486776,49.89166979316964,19372.8599092558,1856.4673390423663
2019-08-27,2019,8,LATO,22.668986194756126,49.89166979316964,16124.320549651156,1864.357769049382
2019-08-27,2019,8,LATO,22.73186826464449,49.89166979316964,13623.731614643058,1866.3399392282836
2019-08-27,2019,8,LATO,22.794750334532857,49.89166979316964,12334.694064801255,1865.0172546078018
2019-08-27,2019,8,LATO,22.857632404421224,49.89166979316964,12633.660695484874,1863.4920942058152
2019-08-27,2019,8,LATO,22.92051447430959,49.89166979316964,14422.21314753677,1859.6027803664012
2019-08-27,2019,8,LATO,22.98339654419796,49.89166979316964,17242.89404715196,1856.5224556343424
2019-08-27,2019,8,LATO,23.046278614086322,49.89166979316964,20677.545318090793,1827.587814200571
2019-08-27,2019,8,LATO,23.10916068397469,49.89166979316964,24468.971890557703,1825.0059825524788
2019-08-27,2019,8,LATO,22.60610412486776,49.954551863058015,24398.873749480455,1854.7103410616623
2019-08-27,2019,8,LATO,22.668986194756126,49.954551863058015,21912.12152600626,1856.512427389417
2019-08-27,2019,8,LATO,22.73186826464449,49.954551863058015,20145.72377669812,1865.0564622818792
2019-08-27,2019,8,LATO,22.794750334532857,49.954551863058015,19298.50501956277,1866.9764404297237
2019-08-27,2019,8,LATO,22.857632404421224,49.954551863058015,19490.69782676635,1864.9985360957194
2019-08-27,2019,8,LATO,22.92051447430959,49.954551863058015,20693.361969813795,1863.4640615621754
2019-08-27,2019,8,LATO,22.98339654419796,49.954551863058015,22746.784219170553,1861.0833375334576
2019-08-28,2019,8,LATO,22.847127077922863,49.64014151361617,15898.37606674912,1844.3817191153385
2019-08-28,2019,8,LATO,22.910009147811238,49.64014151361617,17161.80236162699,1844.3817056688163
2019-08-28,2019,8,LATO,22.972891217699598,49.64014151361617,19427.689326518714,1844.3817489234807
2019-08-28,2019,8,LATO,22.847127077922863,49.703023583504546,9038.66068024557,1852.5717222037176
2019-08-28,2019,8,LATO,22.910009147811238,49.703023583504546,11109.12789583884,1850.5544934391423
2019-08-28,2019,8,LATO,22.972891217699598,49.703023583504546,14360.143110542414,1847.033165778928
2019-08-31,2019,8,LATO,22.543222054979392,49.703023583504546,21428.823452632554,1813.4560672268149
2019-08-31,2019,8,LATO,22.480339985091025,49.765905653392906,24148.621374600574,1832.5732364956216
2019-08-31,2019,8,LATO,22.543222054979392,49.765905653392906,19633.58536118644,1832.573239329396
2019-08-31,2019,8,LATO,22.480339985091025,49.82878772328128,24637.71098163613,1846.9813599335146
2019-08-31,2019,8,LATO,22.543222054979392,49.82878772328128,20238.437926157472,1835.6722909201812
2019-08-31,2019,8,LATO,22.60610412486776,49.82878772328128,15910.724569619551,1832.5732417631095
2019-08-31,2019,8,LATO,22.668986194756126,49.82878772328128,11734.02227692739,1851.422912803967
2019-08-31,2019,8,LATO,22.543222054979392,49.89166979316964,23055.323741507742,1862.7194732019916
2019-08-31,2019,8,LATO,22.60610412486776,49.89166979316964,19372.8599092558,1861.9999914766768
2019-08-31,2019,8,LATO,22.668986194756126,49.89166979316964,16124.320549651156,1867.987775487312
2019-08-31,2019,8,LATO,22.73186826464449,49.89166979316964,13623.731614643058,1867.9877996999278
2019-08-31,2019,8,LATO,22.794750334532857,49.89166979316964,12334.694064801255,1867.9877909481174
2019-08-31,2019,8,LATO,22.73186826464449,49.954551863058015,20145.72377669812,1867.9877665654878
2019-08-31,2019,8,LATO,22.794750334532857,49.954551863058015,19298.50501956277,1867.9877844974965
2020-01-21,2020,1,ZIMA,22.794750334532857,49.566754117229465,23931.425303122436,1815.4660918073478
2020-01-21,2020,1,ZIMA,22.857632404421224,49.566754117229465,24087.918656515034,1831.715043346176
2020-01-21,2020,1,ZIMA,22.60610412486776,49.629636187117825,22624.190624154453,1804.4237827465736
2020-01-21,2020,1,ZIMA,22.668986194756126,49.629636187117825,19897.662582212422,1805.2445314001122
2020-01-21,2020,1,ZIMA,22.794750334532857,49.629636187117825,16955.389057071137,1836.8972822232527
2020-01-21,2020,1,ZIMA,22.857632404421224,49.629636187117825,17175.280556231522,1837.9377612988426
2020-01-21,2020,1,ZIMA,22.92051447430959,49.629636187117825,18537.599130204857,1816.2572609578272
2020-01-21,2020,1,ZIMA,22.98339654419796,49.629636187117825,20819.277434833377,1817.9269576050438
2020-01-21,2020,1,ZIMA,23.046278614086322,49.629636187117825,23756.883535444897,1843.7103463847245
2020-01-21,2020,1,ZIMA,22.543222054979392,49.692518257006185,21932.788399926114,1822.5508638350354
2020-01-21,2020,1,ZIMA,22.60610412486776,49.692518257006185,18004.58127120856,1799.2994854647482
2020-01-21,2020,1,ZIMA,22.668986194756126,49.692518257006185,14435.272366544037,1801.3000562699476
2020-01-21,2020,1,ZIMA,22.73186826464449,49.692518257006185,11562.168138112624,1832.5938211831863
2020-01-21,2020,1,ZIMA,22.794750334532857,49.692518257006185,10004.241321725396,1848.2524414062857
2020-01-21,2020,1,ZIMA,22.857632404421224,49.692518257006185,10372.088566275866,1841.0940770044485
2020-01-21,2020,1,ZIMA,22.92051447430959,49.692518257006185,12496.796907081667,1826.2356826232015
2020-01-21,2020,1,ZIMA,22.98339654419796,49.692518257006185,15679.736994618235,1829.4213690713348
2020-01-21,2020,1,ZIMA,23.046278614086322,49.692518257006185,19407.030795445455,1837.704145312277
2020-01-21,2020,1,ZIMA,23.10916068397469,49.692518257006185,23420.202641510772,1827.9770708158353
2020-01-21,2020,1,ZIMA,22.480339985091025,49.755400326894545,24263.288966442815,1829.6819633577916
2020-01-21,2020,1,ZIMA,22.543222054979392,49.755400326894545,19773.371791734648,1830.9263916016218
2020-01-21,2020,1,ZIMA,22.60610412486776,49.755400326894545,15307.071991672923,1800.7733512561988
2020-01-21,2020,1,ZIMA,22.668986194756126,49.755400326894545,10893.482693503986,1797.744312220733
2020-01-21,2020,1,ZIMA,22.73186826464449,49.755400326894545,6638.588268421608,1820.3218017433219
2020-01-21,2020,1,ZIMA,22.794750334532857,49.755400326894545,3242.7147797909784,1825.6567653622756
2020-01-21,2020,1,ZIMA,22.857632404421224,49.755400326894545,4242.750117470005,1841.5421389218452
2020-01-21,2020,1,ZIMA,22.92051447430959,49.755400326894545,8156.47590057038,1841.8988377852306
2020-01-21,2020,1,ZIMA,22.98339654419796,49.755400326894545,12493.86630456317,1844.4077230880314
2020-01-21,2020,1,ZIMA,23.046278614086322,49.755400326894545,16932.41386754635,1851.767612204651
2020-01-21,2020,1,ZIMA,23.10916068397469,49.755400326894545,21409.293252281375,1842.611173044072
2020-01-21,2020,1,ZIMA,22.480339985091025,49.818282396782934,24417.687156783137,1822.7228175462674
2020-01-21,2020,1,ZIMA,22.543222054979392,49.818282396782934,19968.932465393333,1814.952083871004
2020-01-21,2020,1,ZIMA,22.60610412486776,49.818282396782934,15565.383751527352,1808.498170257584
2020-01-21,2020,1,ZIMA,22.668986194756126,49.818282396782934,11260.207883350295,1815.828897549859
2020-01-21,2020,1,ZIMA,22.73186826464449,49.818282396782934,7231.299147808723,1830.0164925788954
2020-01-21,2020,1,ZIMA,22.794750334532857,49.818282396782934,4333.529104672702,1827.9228411222516
2020-01-21,2020,1,ZIMA,22.857632404421224,49.818282396782934,5124.013005619986,1839.4022537342883
2020-01-21,2020,1,ZIMA,22.92051447430959,49.818282396782934,8644.065763073844,1840.5264887558192
2020-01-21,2020,1,ZIMA,22.98339654419796,49.818282396782934,12812.985222879366,1840.859564331488
2020-01-21,2020,1,ZIMA,23.046278614086322,49.818282396782934,17164.31095927946,1841.84662645689
2020-01-21,2020,1,ZIMA,23.10916068397469,49.818282396782934,21588.022501435902,1840.8795220064433
2020-01-21,2020,1,ZIMA,22.543222054979392,49.881164466671294,22458.10700503757,1841.5781907195167
2020-01-21,2020,1,ZIMA,22.60610412486776,49.881164466671294,18657.2342735173,1831.178288286629
2020-01-21,2020,1,ZIMA,22.668986194756126,49.881164466671294,15256.25598101692,1852.1436733708365
2020-01-21,2020,1,ZIMA,22.73186826464449,49.881164466671294,12583.700795204135,1850.4614173860216
2020-01-21,2020,1,ZIMA,22.794750334532857,49.881164466671294,11175.011060680648,1844.9629318271848
2020-01-21,2020,1,ZIMA,22.857632404421224,49.881164466671294,11504.225194953451,1842.8431575392872
2020-01-21,2020,1,ZIMA,22.92051447430959,49.881164466671294,13444.276202874242,1844.2050889185114
2020-01-21,2020,1,ZIMA,22.98339654419796,49.881164466671294,16434.26726118871,1843.985973035667
2020-01-21,2020,1,ZIMA,23.046278614086322,49.881164466671294,20008.920984734334,1844.588257871072
2020-01-21,2020,1,ZIMA,23.10916068397469,49.881164466671294,23907.400258968875,1844.5872678277608
2020-01-21,2020,1,ZIMA,22.60610412486776,49.944046536559654,23489.227935689778,1841.9813107746438
2020-01-21,2020,1,ZIMA,22.73186826464449,49.944046536559654,19032.807114747964,1848.6649399304163
2020-01-21,2020,1,ZIMA,22.794750334532857,49.944046536559654,18133.466014703823,1846.3084714177123
2020-01-21,2020,1,ZIMA,22.857632404421224,49.944046536559654,18337.917441995833,1846.2206393961326
2020-01-21,2020,1,ZIMA,22.92051447430959,49.944046536559654,19611.67139609482,1844.2871216472313
2020-01-21,2020,1,ZIMA,22.98339654419796,49.944046536559654,21767.82095314391,1844.2871110891724
2020-01-21,2020,1,ZIMA,23.046278614086322,49.944046536559654,24575.198885019752,1844.5882086653723
2020-01-25,2020,1,ZIMA,22.73186826464449,49.566754117229465,24625.162439086525,1826.7236156630888
2020-01-25,2020,1,ZIMA,22.794750334532857,49.566754117229465,23931.425303122436,1830.7093602691434
2020-01-25,2020,1,ZIMA,22.857632404421224,49.566754117229465,24087.918656515034,1832.1809275725611
2020-01-25,2020,1,ZIMA,22.73186826464449,49.629636187117825,17920.028331001893,1813.8430137961059
2020-01-25,2020,1,ZIMA,22.794750334532857,49.629636187117825,16955.389057071137,1813.843017578097
2020-01-25,2020,1,ZIMA,22.857632404421224,49.629636187117825,17175.280556231522,1842.6677426127392
2020-01-25,2020,1,ZIMA,22.92051447430959,49.629636187117825,18537.599130204857,1832.0798745698112
2020-01-25,2020,1,ZIMA,22.98339654419796,49.629636187117825,20819.277434833377,1833.025533639265
2020-01-25,2020,1,ZIMA,23.046278614086322,49.629636187117825,23756.883535444897,1834.5016722314722
2020-01-25,2020,1,ZIMA,22.543222054979392,49.692518257006185,21932.788399926114,1819.902686527222
2020-01-25,2020,1,ZIMA,22.60610412486776,49.692518257006185,18004.58127120856,1814.2540879726935
2020-01-25,2020,1,ZIMA,22.794750334532857,49.692518257006185,10004.241321725396,1851.7796006329443
2020-01-25,2020,1,ZIMA,22.857632404421224,49.692518257006185,10372.088566275866,1851.2467855318234
2020-01-25,2020,1,ZIMA,22.98339654419796,49.692518257006185,15679.736994618235,1828.004182026021
2020-01-25,2020,1,ZIMA,23.046278614086322,49.692518257006185,19407.030795445455,1820.1236781188993
2020-01-25,2020,1,ZIMA,23.10916068397469,49.692518257006185,23420.202641510772,1826.654786219581
2020-01-25,2020,1,ZIMA,22.480339985091025,49.755400326894545,24263.288966442815,1817.752561826738
2020-01-25,2020,1,ZIMA,22.543222054979392,49.755400326894545,19773.371791734648,1815.980058138017
2020-01-25,2020,1,ZIMA,22.60610412486776,49.755400326894545,15307.071991672923,1814.2541504239673
2020-01-25,2020,1,ZIMA,22.668986194756126,49.755400326894545,10893.482693503986,1814.666991943327
2020-01-25,2020,1,ZIMA,22.73186826464449,49.755400326894545,6638.588268421608,1815.6905520737291
2020-01-25,2020,1,ZIMA,22.794750334532857,49.755400326894545,3242.7147797909784,1846.0727456400843
2020-01-25,2020,1,ZIMA,22.857632404421224,49.755400326894545,4242.750117470005,1852.1203780443486
2020-01-25,2020,1,ZIMA,23.046278614086322,49.755400326894545,16932.41386754635,1835.0966587320831
2020-01-25,2020,1,ZIMA,23.10916068397469,49.755400326894545,21409.293252281375,1834.422709535592
2020-01-25,2020,1,ZIMA,22.480339985091025,49.818282396782934,24417.687156783137,1833.9945282191075
2020-01-25,2020,1,ZIMA,22.543222054979392,49.818282396782934,19968.932465393333,1832.1129941467593
2020-01-25,2020,1,ZIMA,22.60610412486776,49.818282396782934,15565.383751527352,1831.216390138863
2020-01-25,2020,1,ZIMA,22.668986194756126,49.818282396782934,11260.207883350295,1831.5589527120599
2020-01-25,2020,1,ZIMA,22.73186826464449,49.818282396782934,7231.299147808723,1840.021725398486
2020-01-25,2020,1,ZIMA,22.794750334532857,49.818282396782934,4333.529104672702,1847.3792708079736
2020-01-25,2020,1,ZIMA,22.857632404421224,49.818282396782934,5124.013005619986,1857.9213863547575
2020-01-25,2020,1,ZIMA,22.92051447430959,49.818282396782934,8644.065763073844,1861.1751502433622
2020-01-25,2020,1,ZIMA,23.10916068397469,49.818282396782934,21588.022501435902,1835.0966853054542
2020-01-25,2020,1,ZIMA,22.73186826464449,49.881164466671294,12583.700795204135,1862.6004082444726
2020-01-25,2020,1,ZIMA,22.794750334532857,49.881164466671294,11175.011060680648,1861.568034575677
2020-01-25,2020,1,ZIMA,22.857632404421224,49.881164466671294,11504.225194953451,1865.939720967741
2020-01-25,2020,1,ZIMA,22.92051447430959,49.881164466671294,13444.276202874242,1866.9926038871545
2020-01-25,2020,1,ZIMA,22.73186826464449,49.944046536559654,19032.807114747964,1863.5631731449441
2020-01-25,2020,1,ZIMA,22.794750334532857,49.944046536559654,18133.466014703823,1863.2285460315316
2020-01-25,2020,1,ZIMA,22.857632404421224,49.944046536559654,18337.917441995833,1855.1391601562216
2020-02-09,2020,2,ZIMA,22.857632404421224,49.692518257006185,10372.088566275866,1844.2935686768385
2020-02-09,2020,2,ZIMA,22.92051447430959,49.692518257006185,12496.796907081667,1844.2091782515147
2020-02-09,2020,2,ZIMA,22.98339654419796,49.692518257006185,15679.736994618235,1844.1897998485545
2020-02-09,2020,2,ZIMA,23.046278614086322,49.692518257006185,19407.030795445455,1843.2386844151115
2020-02-09,2020,2,ZIMA,23.10916068397469,49.692518257006185,23420.202641510772,1842.7156813898023
2020-02-09,2020,2,ZIMA,22.857632404421224,49.755400326894545,4242.750117470005,1844.0255399576147
2020-02-09,2020,2,ZIMA,22.92051447430959,49.755400326894545,8156.47590057038,1844.2481092158098
2020-02-09,2020,2,ZIMA,22.98339654419796,49.755400326894545,12493.86630456317,1844.867010656974
2020-02-09,2020,2,ZIMA,23.046278614086322,49.755400326894545,16932.41386754635,1850.0755615234332
2020-02-09,2020,2,ZIMA,23.10916068397469,49.755400326894545,21409.293252281375,1850.0755615234611
2020-02-09,2020,2,ZIMA,22.857632404421224,49.818282396782934,5124.013005619986,1849.6255157546943
2020-02-09,2020,2,ZIMA,22.92051447430959,49.818282396782934,8644.065763073844,1848.7237039657762
2020-02-09,2020,2,ZIMA,22.98339654419796,49.818282396782934,12812.985222879366,1842.6508799889152
2020-02-09,2020,2,ZIMA,23.046278614086322,49.818282396782934,17164.31095927946,1840.3500374790897
2020-02-09,2020,2,ZIMA,23.10916068397469,49.818282396782934,21588.022501435902,1838.9379947151633
2020-02-09,2020,2,ZIMA,22.92051447430959,49.881164466671294,13444.276202874242,1840.2975152906133
2020-02-09,2020,2,ZIMA,22.98339654419796,49.881164466671294,16434.26726118871,1840.1311716940222
2020-02-09,2020,2,ZIMA,23.046278614086322,49.881164466671294,20008.920984734334,1839.9336813656964
2020-02-09,2020,2,ZIMA,23.10916068397469,49.881164466671294,23907.400258968875,1840.1749661182416
2020-02-09,2020,2,ZIMA,22.92051447430959,49.944046536559654,19611.67139609482,1838.7016167475308
2020-02-09,2020,2,ZIMA,22.98339654419796,49.944046536559654,21767.82095314391,1840.487038318223
2020-02-09,2020,2,ZIMA,23.046278614086322,49.944046536559654,24575.198885019752,1841.2188648130882
2020-02-22,2020,2,ZIMA,22.794750334532857,49.566754117229465,23931.425303122436,1845.4492319576016
2020-02-22,2020,2,ZIMA,22.857632404421224,49.566754117229465,24087.918656515034,1844.3660612751114
2020-02-22,2020,2,ZIMA,22.73186826464449,49.629636187117825,17920.028331001893,1849.1291489380296
2020-02-22,2020,2,ZIMA,22.794750334532857,49.629636187117825,16955.389057071137,1848.0385809654015
2020-02-22,2020,2,ZIMA,22.857632404421224,49.629636187117825,17175.280556231522,1845.1391044148802
2020-02-22,2020,2,ZIMA,22.92051447430959,49.629636187117825,18537.599130204857,1832.2282707938991
2020-02-22,2020,2,ZIMA,22.98339654419796,49.629636187117825,20819.277434833377,1833.9494545128232
2020-02-22,2020,2,ZIMA,23.046278614086322,49.629636187117825,23756.883535444897,1851.9721543399485
2020-02-22,2020,2,ZIMA,22.60610412486776,49.692518257006185,18004.58127120856,1823.447867937423
2020-02-22,2020,2,ZIMA,22.668986194756126,49.692518257006185,14435.272366544037,1823.4478792884133
2020-02-22,2020,2,ZIMA,22.73186826464449,49.692518257006185,11562.168138112624,1851.416688834982
2020-02-22,2020,2,ZIMA,22.794750334532857,49.692518257006185,10004.241321725396,1852.6734619140982
2020-02-22,2020,2,ZIMA,22.857632404421224,49.692518257006185,10372.088566275866,1838.8435053173941
2020-02-22,2020,2,ZIMA,22.92051447430959,49.692518257006185,12496.796907081667,1836.1904278663412
2020-02-22,2020,2,ZIMA,22.98339654419796,49.692518257006185,15679.736994618235,1845.2326134218388
2020-02-22,2020,2,ZIMA,23.046278614086322,49.692518257006185,19407.030795445455,1839.9503268185156
2020-02-22,2020,2,ZIMA,23.10916068397469,49.692518257006185,23420.202641510772,1841.9175651547043
2020-02-22,2020,2,ZIMA,22.543222054979392,49.755400326894545,19773.371791734648,1836.0886210576489
2020-02-22,2020,2,ZIMA,22.60610412486776,49.755400326894545,15307.071991672923,1831.137485508577
2020-02-22,2020,2,ZIMA,22.668986194756126,49.755400326894545,10893.482693503986,1827.544419323898
2020-02-22,2020,2,ZIMA,22.73186826464449,49.755400326894545,6638.588268421608,1840.9954880590328
2020-02-22,2020,2,ZIMA,22.794750334532857,49.755400326894545,3242.7147797909784,1843.1819778026036
2020-02-22,2020,2,ZIMA,22.857632404421224,49.755400326894545,4242.750117470005,1841.1415116761675
2020-02-22,2020,2,ZIMA,22.92051447430959,49.755400326894545,8156.47590057038,1840.8476817708868
2020-02-22,2020,2,ZIMA,22.98339654419796,49.755400326894545,12493.86630456317,1844.0093907793648
2020-02-22,2020,2,ZIMA,23.046278614086322,49.755400326894545,16932.41386754635,1849.2928455137642
2020-02-22,2020,2,ZIMA,23.10916068397469,49.755400326894545,21409.293252281375,1860.460789538712
2020-02-22,2020,2,ZIMA,22.480339985091025,49.818282396782934,24417.687156783137,1826.0835176953813
2020-02-22,2020,2,ZIMA,22.543222054979392,49.818282396782934,19968.932465393333,1827.5664969651532
2020-02-22,2020,2,ZIMA,22.60610412486776,49.818282396782934,15565.383751527352,1829.8125374928725
2020-02-22,2020,2,ZIMA,22.668986194756126,49.818282396782934,11260.207883350295,1839.4739700109658
2020-02-22,2020,2,ZIMA,22.73186826464449,49.818282396782934,7231.299147808723,1844.6391803429435
2020-02-22,2020,2,ZIMA,22.794750334532857,49.818282396782934,4333.529104672702,1847.362309718017
2020-02-22,2020,2,ZIMA,22.857632404421224,49.818282396782934,5124.013005619986,1847.2150715821897
2020-02-22,2020,2,ZIMA,22.92051447430959,49.818282396782934,8644.065763073844,1854.4241515120086
2020-02-22,2020,2,ZIMA,22.98339654419796,49.818282396782934,12812.985222879366,1853.350695748879
2020-02-22,2020,2,ZIMA,22.543222054979392,49.881164466671294,22458.10700503757,1843.3470837254538
2020-02-22,2020,2,ZIMA,22.60610412486776,49.881164466671294,18657.2342735173,1857.7151756473454
2020-02-22,2020,2,ZIMA,22.668986194756126,49.881164466671294,15256.25598101692,1856.2599070870724
2020-02-22,2020,2,ZIMA,22.73186826464449,49.881164466671294,12583.700795204135,1857.050524964179
2020-02-22,2020,2,ZIMA,22.794750334532857,49.881164466671294,11175.011060680648,1855.4008530029512
2020-02-22,2020,2,ZIMA,22.857632404421224,49.881164466671294,11504.225194953451,1858.9901857612663
2020-02-22,2020,2,ZIMA,22.92051447430959,49.881164466671294,13444.276202874242,1863.8947976603674
2020-02-22,2020,2,ZIMA,22.98339654419796,49.881164466671294,16434.26726118871,1858.4246559148778
2020-02-22,2020,2,ZIMA,23.046278614086322,49.881164466671294,20008.920984734334,1853.2660963047847
2020-02-22,2020,2,ZIMA,22.60610412486776,49.944046536559654,23489.227935689778,1862.6061028109282
2020-02-22,2020,2,ZIMA,22.668986194756126,49.944046536559654,20893.893703687518,1863.0839843749388
2020-02-22,2020,2,ZIMA,22.73186826464449,49.944046536559654,19032.807114747964,1855.265116721265
2020-02-22,2020,2,ZIMA,22.794750334532857,49.944046536559654,18133.466014703823,1856.699216420919
2020-02-22,2020,2,ZIMA,22.857632404421224,49.944046536559654,18337.917441995833,1861.6694883259179
2020-02-22,2020,2,ZIMA,22.92051447430959,49.944046536559654,19611.67139609482,1862.539304071743
2020-02-22,2020,2,ZIMA,22.98339654419796,49.944046536559654,21767.82095314391,1853.5472557569412
2020-02-22,2020,2,ZIMA,23.046278614086322,49.944046536559654,24575.198885019752,1853.266103901372
2020-03-10,2020,3,ZIMA,22.73186826464449,49.89166979316964,13623.731614643058,1868.7005599500126
2020-03-10,2020,3,ZIMA,22.794750334532857,49.89166979316964,12334.694064801255,1868.7005777147103
2020-03-10,2020,3,ZIMA,23.10916068397469,49.89166979316964,24468.971890557703,1858.4460270531874
2020-03-10,2020,3,ZIMA,22.668986194756126,49.954551863058015,21912.12152600626,1861.6724337037206
2020-03-10,2020,3,ZIMA,22.73186826464449,49.954551863058015,20145.72377669812,1868.3981136088712
2020-03-10,2020,3,ZIMA,22.794750334532857,49.954551863058015,19298.50501956277,1868.700560360804
2020-03-10,2020,3,ZIMA,22.857632404421224,49.954551863058015,19490.69782676635,1868.382243200896
2020-03-12,2020,3,ZIMA,22.92051447430959,49.57725944372781,23968.166495009584,1845.5814137872414
2020-03-15,2020,3,ZIMA,22.857632404421224,49.57725944372781,22929.642924141328,1854.43677002992
2020-03-15,2020,3,ZIMA,22.60610412486776,49.64014151361617,21764.45074750315,1848.9298004922164
2020-03-15,2020,3,ZIMA,22.668986194756126,49.64014151361617,18915.05239248048,1848.9298492824598
2020-03-15,2020,3,ZIMA,22.857632404421224,49.64014151361617,16027.29515834017,1854.4367610453785
2020-03-15,2020,3,ZIMA,22.92051447430959,49.64014151361617,17479.017342413288,1854.4367661275407
2020-03-15,2020,3,ZIMA,22.98339654419796,49.64014151361617,19882.064266925787,1854.4367670073352
2020-03-15,2020,3,ZIMA,22.60610412486776,49.703023583504546,17388.09997969512,1848.9298093799985
2020-03-15,2020,3,ZIMA,22.668986194756126,49.703023583504546,13659.542302594182,1848.9298188287326
2020-03-15,2020,3,ZIMA,22.73186826464449,49.703023583504546,10578.554156056924,1848.9297788357403
2020-03-18,2020,3,ZIMA,22.92051447430959,49.69952180800509,11888.84787029563,1846.2392582346624
2020-03-18,2020,3,ZIMA,22.98339654419796,49.69952180800509,15199.212373557164,1846.239255353355
2020-03-18,2020,3,ZIMA,22.98339654419796,49.76240387789346,12335.10272367173,1864.4865737119403
2020-03-18,2020,3,ZIMA,23.046278614086322,49.76240387789346,16815.049560980915,1864.4865754548798
2020-03-18,2020,3,ZIMA,23.10916068397469,49.76240387789346,21316.011966862818,1864.4866058214266
2020-03-18,2020,3,ZIMA,23.046278614086322,49.82528594778182,17365.173961940247,1864.4865465906096
2020-03-19,2020,3,ZIMA,22.92051447430959,49.64014151361617,17479.017342413288,1844.3090827050505
2020-03-19,2020,3,ZIMA,22.98339654419796,49.64014151361617,19882.064266925787,1844.309092057226
2020-03-19,2020,3,ZIMA,23.046278614086322,49.64014151361617,22939.388354842766,1864.0680053218355
2020-03-19,2020,3,ZIMA,22.92051447430959,49.703023583504546,11592.548159691261,1853.8466013159407
2020-03-19,2020,3,ZIMA,22.98339654419796,49.703023583504546,14968.36972927753,1849.9564562146168
2020-03-19,2020,3,ZIMA,23.046278614086322,49.703023583504546,18836.204875113814,1864.0679931640987
2020-03-19,2020,3,ZIMA,23.10916068397469,49.703023583504546,22948.6082092133,1864.0680016051933
2020-03-19,2020,3,ZIMA,22.98339654419796,49.765905653392906,12273.503404588548,1866.8354650070314
2020-03-19,2020,3,ZIMA,23.046278614086322,49.765905653392906,16769.633620027365,1875.6076746162587
2020-03-19,2020,3,ZIMA,23.10916068397469,49.765905653392906,21279.91361633516,1875.6076715552879
2020-03-27,2020,3,ZIMA,22.668986194756126,49.587764770226165,23980.257458714557,1830.5693392646597
2020-03-27,2020,3,ZIMA,22.73186826464449,49.587764770226165,22365.13156087827,1832.0957758120176
2020-03-27,2020,3,ZIMA,22.794750334532857,49.587764770226165,21599.26089706848,1835.1901902293105
2020-03-27,2020,3,ZIMA,22.857632404421224,49.587764770226165,21772.449356842735,1846.0632150204472
2020-03-27,2020,3,ZIMA,22.92051447430959,49.587764770226165,22863.36742565989,1845.6781285190207
2020-03-27,2020,3,ZIMA,22.98339654419796,49.587764770226165,24750.964154831458,1845.476081647716
2020-03-27,2020,3,ZIMA,22.543222054979392,49.65064684011453,24398.27816097442,1826.6520286144241
2020-03-27,2020,3,ZIMA,22.60610412486776,49.65064684011453,20934.63751524833,1823.7392641272488
2020-03-27,2020,3,ZIMA,22.668986194756126,49.65064684011453,17954.71679938917,1823.7392590042011
2020-03-27,2020,3,ZIMA,22.73186826464449,49.65064684011453,15735.769584217398,1830.5692816567594
2020-03-27,2020,3,ZIMA,22.794750334532857,49.65064684011453,14628.284939402442,1832.341592470448
2020-03-27,2020,3,ZIMA,22.857632404421224,49.65064684011453,14882.49086578936,1856.0527340885533
2020-03-27,2020,3,ZIMA,22.92051447430959,49.65064684011453,16435.325670878912,1853.7998536208995
2020-03-27,2020,3,ZIMA,22.98339654419796,49.65064684011453,18970.53145593602,1852.4600914809782
2020-03-27,2020,3,ZIMA,23.046278614086322,49.65064684011453,22153.3739247852,1849.0101203658762
2020-03-27,2020,3,ZIMA,22.543222054979392,49.7135289100029,20977.898707265183,1829.1771881633201
2020-03-27,2020,3,ZIMA,22.60610412486776,49.7135289100029,16830.258338838703,1826.8999440781654
2020-03-27,2020,3,ZIMA,22.668986194756126,49.7135289100029,12942.93674173579,1824.319386578666
2020-03-27,2020,3,ZIMA,22.73186826464449,49.7135289100029,9636.305970203026,1823.7392516823752
2020-03-27,2020,3,ZIMA,22.857632404421224,49.7135289100029,8171.053303497974,1856.0527096587161
2020-03-27,2020,3,ZIMA,22.92051447430959,49.7135289100029,10739.409772332836,1856.052737610159
2020-03-27,2020,3,ZIMA,22.98339654419796,49.7135289100029,14317.141411954517,1855.6518998671975
2020-03-27,2020,3,ZIMA,23.046278614086322,49.7135289100029,18322.196414514874,1852.5361015872238
2020-03-27,2020,3,ZIMA,23.10916068397469,49.7135289100029,22527.801371397654,1852.371328396108
2020-03-27,2020,3,ZIMA,22.480339985091025,49.77641097989127,24090.14732884619,1822.0872543557089
2020-03-27,2020,3,ZIMA,22.543222054979392,49.77641097989127,19562.711527657215,1822.081058632837
2020-03-27,2020,3,ZIMA,22.60610412486776,49.77641097989127,15036.209977118731,1822.5096979757934
2020-03-27,2020,3,ZIMA,22.668986194756126,49.77641097989127,10511.854869328756,1825.601340872909
2020-03-27,2020,3,ZIMA,22.543222054979392,49.83929304977963,20570.880822308223,1822.2919102561182
2020-03-27,2020,3,ZIMA,22.60610412486776,49.83929304977963,16332.538415993462,1822.0816263154331
2020-03-27,2020,3,ZIMA,22.668986194756126,49.83929304977963,12300.933102048777,1823.4229621064085
2020-03-27,2020,3,ZIMA,22.543222054979392,49.902175119668,23695.14933074373,1844.1750077195459
2020-03-27,2020,3,ZIMA,22.60610412486776,49.902175119668,20130.91613602248,1854.0720737568568
2020-03-27,2020,3,ZIMA,22.668986194756126,49.902175119668,17028.354467268193,1862.5405212815008
2020-03-27,2020,3,ZIMA,22.73186826464449,49.902175119668,14683.098276440429,1862.54053140976
2020-03-27,2020,3,ZIMA,22.794750334532857,49.902175119668,13495.897770942029,1862.5405104299916
2020-03-27,2020,3,ZIMA,22.794750334532857,49.96505718955636,20463.94060096957,1862.5405753283296
2020-03-27,2020,3,ZIMA,22.857632404421224,49.96505718955636,20645.247636008487,1862.5405351356953
2020-03-27,2020,3,ZIMA,22.72836648914504,49.57375766822835,23934.74062003905,1851.06127826278
2020-03-27,2020,3,ZIMA,22.791248559033406,49.57375766822835,23171.03997588284,1851.0612851312726
2020-03-27,2020,3,ZIMA,22.602602349368304,49.63663973811673,22221.015838680374,1829.671862859458
2020-03-27,2020,3,ZIMA,22.539720279479937,49.69952180800509,21820.135385377285,1834.4852244297294
2020-03-27,2020,3,ZIMA,22.602602349368304,49.69952180800509,17803.664050746822,1859.9621704729832
2020-03-27,2020,3,ZIMA,22.66548441925667,49.69952180800509,14103.583896755159,1859.9593194252377
2020-03-27,2020,3,ZIMA,22.72836648914504,49.69952180800509,11042.657847244038,1859.953596341459
2020-03-27,2020,3,ZIMA,22.791248559033406,49.69952180800509,9276.750010689626,1859.9520172713906
2020-03-27,2020,3,ZIMA,22.476838209591577,49.76240387789346,24431.91051318653,1838.0194111861747
2020-03-27,2020,3,ZIMA,22.539720279479937,49.76240387789346,19923.368274673587,1838.0194147012937
2020-03-27,2020,3,ZIMA,22.602602349368304,49.76240387789346,15427.190835483087,1843.5899674319837
2020-03-27,2020,3,ZIMA,22.66548441925667,49.76240387789346,10958.613241493711,1843.5899646613693
2020-03-27,2020,3,ZIMA,22.72836648914504,49.76240387789346,6574.1652570221095,1843.5899580427704
2020-03-27,2020,3,ZIMA,22.791248559033406,49.76240387789346,2717.281532980523,1843.589965359796
2020-03-29,2020,3,ZIMA,22.857632404421224,49.57725944372781,22929.642924141328,1845.0550537109089
2020-03-29,2020,3,ZIMA,22.92051447430959,49.57725944372781,23968.166495009584,1864.480886987078
2020-03-29,2020,3,ZIMA,22.60610412486776,49.64014151361617,21764.45074750315,1824.8152239373724
2020-03-29,2020,3,ZIMA,22.668986194756126,49.64014151361617,18915.05239248048,1824.8151877629753
2020-03-29,2020,3,ZIMA,22.794750334532857,49.64014151361617,15791.477478126646,1861.1970865050762
2020-03-29,2020,3,ZIMA,22.857632404421224,49.64014151361617,16027.29515834017,1859.6698206522092
2020-03-29,2020,3,ZIMA,22.92051447430959,49.64014151361617,17479.017342413288,1854.5607538733868
2020-03-29,2020,3,ZIMA,22.98339654419796,49.64014151361617,19882.064266925787,1850.5388510788243
2020-03-29,2020,3,ZIMA,23.046278614086322,49.64014151361617,22939.388354842766,1837.055906197925
2020-03-29,2020,3,ZIMA,22.543222054979392,49.703023583504546,21428.823452632554,1833.557141389292
2020-03-29,2020,3,ZIMA,22.60610412486776,49.703023583504546,17388.09997969512,1824.8151855469416
2020-03-29,2020,3,ZIMA,22.668986194756126,49.703023583504546,13659.542302594182,1830.7627236414646
2020-03-29,2020,3,ZIMA,22.73186826464449,49.703023583504546,10578.554156056924,1838.342330102797
2020-03-29,2020,3,ZIMA,22.794750334532857,49.703023583504546,8849.528317586586,1860.6202697953543
2020-03-29,2020,3,ZIMA,22.857632404421224,49.703023583504546,9263.256096580859,1861.608095350378
2020-03-29,2020,3,ZIMA,22.92051447430959,49.703023583504546,11592.548159691261,1858.8033447265982
2020-03-29,2020,3,ZIMA,22.98339654419796,49.703023583504546,14968.36972927753,1856.5845826697298
2020-03-29,2020,3,ZIMA,23.046278614086322,49.703023583504546,18836.204875113814,1837.0559199827935
2020-03-29,2020,3,ZIMA,23.10916068397469,49.703023583504546,22948.6082092133,1826.2644719314942
2020-03-29,2020,3,ZIMA,22.480339985091025,49.765905653392906,24148.621374600574,1843.2376545011396
2020-03-29,2020,3,ZIMA,22.543222054979392,49.765905653392906,19633.58536118644,1842.1521941201602
2020-03-29,2020,3,ZIMA,22.60610412486776,49.765905653392906,15127.185678551421,1839.3085742580765
2020-03-29,2020,3,ZIMA,22.668986194756126,49.765905653392906,10640.406085574949,1836.300114858462
2020-03-29,2020,3,ZIMA,22.73186826464449,49.765905653392906,6215.886208794365,1851.361656554303
2020-03-29,2020,3,ZIMA,22.794750334532857,49.765905653392906,2255.8386657603014,1859.9917948553239
2020-03-29,2020,3,ZIMA,22.857632404421224,49.765905653392906,3545.833307069924,1868.1452788690306
2020-03-29,2020,3,ZIMA,22.92051447430959,49.765905653392906,7815.986039923903,1866.001709086615
2020-03-29,2020,3,ZIMA,22.480339985091025,49.82878772328128,24637.71098163613,1843.2376853595706
2020-03-29,2020,3,ZIMA,22.543222054979392,49.82878772328128,20238.437926157472,1843.2376678178557
2020-03-29,2020,3,ZIMA,22.60610412486776,49.82878772328128,15910.724569619551,1842.4526308795953
2020-03-29,2020,3,ZIMA,22.668986194756126,49.82878772328128,11734.02227692739,1842.0623841285778
2020-03-29,2020,3,ZIMA,22.73186826464449,49.82878772328128,7950.021305988564,1864.7058087411212
2020-03-29,2020,3,ZIMA,22.794750334532857,49.82878772328128,5449.57910022521,1864.8508927596527
2020-03-29,2020,3,ZIMA,22.857632404421224,49.82878772328128,6096.910818244094,1869.414156062735
2020-03-29,2020,3,ZIMA,22.92051447430959,49.82878772328128,9253.44027674539,1869.0723561917957
2020-03-29,2020,3,ZIMA,22.543222054979392,49.89166979316964,23055.323741507742,1860.59274355755
2020-03-29,2020,3,ZIMA,22.794750334532857,49.89166979316964,12334.694064801255,1880.292700948977
2020-03-29,2020,3,ZIMA,22.857632404421224,49.89166979316964,12633.660695484874,1884.8032482820995
2020-03-29,2020,3,ZIMA,22.60610412486776,49.954551863058015,24398.873749480455,1863.3145881265575
2020-03-29,2020,3,ZIMA,22.668986194756126,49.954551863058015,21912.12152600626,1865.6505084720468
2020-03-29,2020,3,ZIMA,22.73186826464449,49.954551863058015,20145.72377669812,1869.1879825777567
2020-03-29,2020,3,ZIMA,22.794750334532857,49.954551863058015,19298.50501956277,1873.949427999546
2020-03-29,2020,3,ZIMA,22.857632404421224,49.954551863058015,19490.69782676635,1874.3472563136593
2020-06-13,2020,6,LATO,23.09165180647743,49.89166979316964,23387.151398022725,1837.7810106928184
2020-06-28,2020,6,LATO,23.02876973658907,49.954551863058015,24640.7490788335,1843.163969434307
2020-07-19,2020,7,LATO,22.532716728481034,49.89166979316964,23698.94177557943,1845.507932257304
2020-07-19,2020,7,LATO,22.59559879836941,49.89166979316964,19964.02510849638,1845.5079273175966
2020-07-20,2020,7,LATO,22.717861162646685,49.64014151361617,17207.568838300576,1870.5332155723179
2020-07-20,2020,7,LATO,22.780743232535045,49.64014151361617,15915.45767958923,1870.5332054869834
2020-07-20,2020,7,LATO,22.84362530242342,49.64014151361617,15863.214412557072,1867.9251658161602
2020-07-20,2020,7,LATO,22.717861162646685,49.703023583504546,11179.609293972992,1870.5332222608354
2020-07-20,2020,7,LATO,22.780743232535045,49.703023583504546,9068.63376435645,1870.3587605514963
2020-07-20,2020,7,LATO,22.84362530242342,49.703023583504546,8976.749731993239,1867.9251782885967
2020-07-20,2020,7,LATO,22.90650737231178,49.703023583504546,10954.88011534553,1868.7662121992985
2020-07-20,2020,7,LATO,22.969389442200153,49.703023583504546,14160.593497162869,1874.2988471050999
2020-07-20,2020,7,LATO,22.84362530242342,49.765905653392906,2711.7845216005016,1853.8294625199999
2020-07-20,2020,7,LATO,22.90650737231178,49.765905653392906,6835.963182596178,1853.8294630905118
2020-07-20,2020,7,LATO,22.969389442200153,49.765905653392906,11275.618279068221,1858.8607753254191
2020-07-20,2020,7,LATO,23.032271512088514,49.765905653392906,15766.459244749018,1856.2636732760773
2020-07-20,2020,7,LATO,23.095153581976888,49.765905653392906,20274.499141863576,1854.462037356386
2020-07-20,2020,7,LATO,22.90650737231178,49.82878772328128,8443.074489630133,1853.829482308805
2020-07-20,2020,7,LATO,22.969389442200153,49.82878772328128,12312.212884683175,1854.2429277821864
2020-07-20,2020,7,LATO,23.032271512088514,49.82878772328128,16518.931220972747,1854.4620247588307
2020-07-20,2020,7,LATO,23.095153581976888,49.82878772328128,20859.98350400866,1854.4620365144176
2020-07-20,2020,7,LATO,22.59209702286995,49.89166979316964,20163.52320440159,1870.9979229912333
2020-07-20,2020,7,LATO,22.654979092758325,49.89166979316964,16796.942183041385,1870.9979392584403
2020-07-20,2020,7,LATO,22.717861162646685,49.89166979316964,14093.728948783195,1870.3625041307578
2020-07-20,2020,7,LATO,22.654979092758325,49.954551863058015,22411.0645353704,1870.6092024987806
2020-07-20,2020,7,LATO,22.717861162646685,49.954551863058015,20466.07869100656,1870.0602861786028
2020-07-20,2020,7,LATO,22.780743232535045,49.954551863058015,19399.431935623354,1870.0523785478138
2020-07-28,2020,7,LATO,22.52921495298159,49.69952180800509,22510.259127914844,1843.2348616439447
2020-07-28,2020,7,LATO,22.59209702286995,49.69952180800509,18458.047580135986,1843.2348753682268
2020-07-28,2020,7,LATO,22.654979092758325,49.69952180800509,14689.306778990278,1843.2348665699512
2020-07-28,2020,7,LATO,22.52921495298159,49.76240387789346,20675.941557456,1839.5540774649269
2020-07-28,2020,7,LATO,22.59209702286995,49.76240387789346,16177.040885910497,1839.5540699060205
2020-07-28,2020,7,LATO,22.654979092758325,49.76240387789346,11701.884510076845,1847.738309179596
2020-07-28,2020,7,LATO,22.717861162646685,49.76240387789346,7294.312554399394,1851.233768256946
2020-07-28,2020,7,LATO,22.780743232535045,49.76240387789346,3242.746274651169,1851.2337658909871
2020-07-30,2020,7,LATO,22.84362530242342,49.57725944372781,22815.108290191674,1854.0576760658823
2020-07-30,2020,7,LATO,22.90650737231178,49.57725944372781,23665.548368800108,1854.0577347357946
2020-08-06,2020,8,LATO,22.721362938146143,49.57725944372781,23697.5898107481,1854.0325686559015
2020-08-06,2020,8,LATO,22.784245008034503,49.57725944372781,22825.772528221212,1853.0281968647585
2020-08-06,2020,8,LATO,22.847127077922863,49.57725944372781,22839.601460497255,1851.384644570156
2020-08-06,2020,8,LATO,22.910009147811238,49.57725944372781,23737.528821185646,1863.7062438968776
2020-08-06,2020,8,LATO,22.59559879836941,49.64014151361617,22294.98905424956,1834.367774842514
2020-08-06,2020,8,LATO,22.65848086825777,49.64014151361617,19346.360042072225,1844.279990345167
2020-08-06,2020,8,LATO,22.721362938146143,49.64014151361617,17106.588908797177,1872.4724181753372
2020-08-06,2020,8,LATO,22.784245008034503,49.64014151361617,15878.528602308194,1869.445866324642
2020-08-06,2020,8,LATO,22.847127077922863,49.64014151361617,15898.37606674912,1873.2127595616569
2020-08-06,2020,8,LATO,22.910009147811238,49.64014151361617,17161.80236162699,1878.468001995808
2020-08-06,2020,8,LATO,22.972891217699598,49.64014151361617,19427.689326518714,1872.3723762109241
2020-08-06,2020,8,LATO,23.035773287587972,49.64014151361617,22393.780214513983,1863.6649623248343
2020-08-06,2020,8,LATO,22.532716728481034,49.703023583504546,22122.465906806905,1851.9317280363834
2020-08-06,2020,8,LATO,22.59559879836941,49.703023583504546,18046.915138960532,1847.1686621218028
2020-08-06,2020,8,LATO,22.65848086825777,49.703023583504546,14250.063235972633,1857.457444678145
2020-08-06,2020,8,LATO,22.721362938146143,49.703023583504546,11023.750752286034,1866.3489506573821
2020-08-06,2020,8,LATO,22.784245008034503,49.703023583504546,9003.74969105232,1869.5997471545581
2020-08-06,2020,8,LATO,22.847127077922863,49.703023583504546,9038.66068024557,1871.8006063165433
2020-08-06,2020,8,LATO,22.910009147811238,49.703023583504546,11109.12789583884,1873.8553139273433
2020-08-06,2020,8,LATO,22.972891217699598,49.703023583504546,14360.143110542414,1878.1352269042397
2020-08-06,2020,8,LATO,23.035773287587972,49.703023583504546,18168.663048577168,1875.5647136019923
2020-08-06,2020,8,LATO,23.098655357476332,49.703023583504546,22250.223097835118,1861.209219398367
2020-08-06,2020,8,LATO,22.469834658592674,49.765905653392906,24903.43217975922,1861.115690545262
2020-08-06,2020,8,LATO,22.532716728481034,49.765905653392906,20387.43944261555,1852.0846653025985
2020-08-06,2020,8,LATO,22.59559879836941,49.765905653392906,15879.128789225302,1850.9713537408331
2020-08-06,2020,8,LATO,22.65848086825777,49.765905653392906,11387.63283000417,1857.9758141946172
2020-08-06,2020,8,LATO,22.721362938146143,49.765905653392906,6945.655089638345,1855.7341308593502
2020-08-06,2020,8,LATO,22.784245008034503,49.765905653392906,2799.754239036753,1871.1956516479206
2020-08-06,2020,8,LATO,22.847127077922863,49.765905653392906,2909.9299496572144,1873.5239083705585
2020-08-06,2020,8,LATO,22.910009147811238,49.765905653392906,7080.207037852592,1872.3278808594148
2020-08-06,2020,8,LATO,22.972891217699598,49.765905653392906,11524.908902168252,1867.3529362022336
2020-08-06,2020,8,LATO,23.035773287587972,49.765905653392906,16017.184810434974,1870.9753352797184
2020-08-06,2020,8,LATO,23.098655357476332,49.765905653392906,20525.820239153934,1872.0466226917101
2020-08-06,2020,8,LATO,22.532716728481034,49.82878772328128,20969.629003077862,1862.1424284400482
2020-08-06,2020,8,LATO,22.59559879836941,49.82878772328128,16626.36365896378,1863.163112107836
2020-08-06,2020,8,LATO,22.65848086825777,49.82878772328128,12414.745842026043,1860.444033521786
2020-08-06,2020,8,LATO,22.721362938146143,49.82878772328128,8532.01505542116,1868.7534857319051
2020-08-06,2020,8,LATO,22.784245008034503,49.82878772328128,5695.977327613162,1885.4973607732816
2020-08-06,2020,8,LATO,22.847127077922863,49.82878772328128,5750.861621632254,1879.663025965583
2020-08-06,2020,8,LATO,22.910009147811238,49.82878772328128,8641.76161762721,1878.592507019629
2020-08-06,2020,8,LATO,22.972891217699598,49.82878772328128,12540.621480203294,1864.8108933848525
2020-08-06,2020,8,LATO,23.035773287587972,49.82878772328128,16758.09500148916,1862.4685454398634
2020-08-06,2020,8,LATO,23.098655357476332,49.82878772328128,21104.019131336558,1864.4105733948682
2020-08-06,2020,8,LATO,22.532716728481034,49.89166979316964,23698.94177557943,1874.4164005620084
2020-08-06,2020,8,LATO,22.59559879836941,49.89166979316964,19964.02510849638,1874.6135532278827
2020-08-06,2020,8,LATO,22.65848086825777,49.89166979316964,16625.61277503751,1871.3175358927858
2020-08-06,2020,8,LATO,22.721362938146143,49.89166979316964,13970.899561599594,1888.042670889822
2020-08-06,2020,8,LATO,22.784245008034503,49.89166979316964,12445.375005463568,1888.1865129595317
2020-08-06,2020,8,LATO,22.847127077922863,49.89166979316964,12470.557128002267,1889.6503107474634
2020-08-06,2020,8,LATO,22.910009147811238,49.89166979316964,14038.103410697095,1888.3887938764456
2020-08-06,2020,8,LATO,22.972891217699598,49.89166979316964,16719.694789104768,1888.099450140823
2020-08-06,2020,8,LATO,23.035773287587972,49.89166979316964,20073.723416020704,1886.7871184110527
2020-08-06,2020,8,LATO,23.098655357476332,49.89166979316964,23817.78306999105,1864.5227785919287
2020-08-06,2020,8,LATO,22.65848086825777,49.954551863058015,22283.110131735197,1878.6055463527962
2020-08-06,2020,8,LATO,22.721362938146143,49.954551863058015,20381.79823470954,1890.235658637839
2020-08-06,2020,8,LATO,22.784245008034503,49.954551863058015,19369.342116810156,1889.394425706834
2020-08-06,2020,8,LATO,22.847127077922863,49.954551863058015,19385.51095194934,1877.023780440372
2020-08-06,2020,8,LATO,22.910009147811238,49.954551863058015,20427.862442196416,1875.9487620360799
2020-08-06,2020,8,LATO,22.972891217699598,49.954551863058015,22353.301975925337,1885.655181209129
2020-08-07,2020,8,LATO,22.721362938146143,49.57725944372781,23697.5898107481,1864.3652189732613
2020-08-07,2020,8,LATO,22.784245008034503,49.57725944372781,22825.772528221212,1869.3171404027617
2020-08-07,2020,8,LATO,22.847127077922863,49.57725944372781,22839.601460497255,1869.3171752163087
2020-08-07,2020,8,LATO,22.59559879836941,49.64014151361617,22294.98905424956,1842.929571673746
2020-08-07,2020,8,LATO,22.65848086825777,49.64014151361617,19346.360042072225,1842.929565235561
2020-08-07,2020,8,LATO,22.721362938146143,49.64014151361617,17106.588908797177,1886.185186707132
2020-08-07,2020,8,LATO,22.784245008034503,49.64014151361617,15878.528602308194,1884.9020807767927
2020-08-07,2020,8,LATO,22.847127077922863,49.64014151361617,15898.37606674912,1878.8020792451935
2020-08-07,2020,8,LATO,22.910009147811238,49.64014151361617,17161.80236162699,1871.9011417848812
2020-08-07,2020,8,LATO,22.972891217699598,49.64014151361617,19427.689326518714,1869.3171393860284
2020-08-07,2020,8,LATO,22.65848086825777,49.703023583504546,14250.063235972633,1864.9266592638555
2020-08-07,2020,8,LATO,22.721362938146143,49.703023583504546,11023.750752286034,1887.7365443594138
2020-08-07,2020,8,LATO,22.784245008034503,49.703023583504546,9003.74969105232,1887.7911528689638
2020-08-07,2020,8,LATO,22.847127077922863,49.703023583504546,9038.66068024557,1885.0888197321892
2020-08-07,2020,8,LATO,22.910009147811238,49.703023583504546,11109.12789583884,1884.659607457831
2020-08-07,2020,8,LATO,22.972891217699598,49.703023583504546,14360.143110542414,1869.317165839397
2020-08-07,2020,8,LATO,22.59559879836941,49.765905653392906,15879.128789225302,1888.1698141897637
2020-08-07,2020,8,LATO,22.65848086825777,49.765905653392906,11387.63283000417,1883.6216752695348
2020-08-07,2020,8,LATO,22.721362938146143,49.765905653392906,6945.655089638345,1880.4695771078927
2020-08-07,2020,8,LATO,22.784245008034503,49.765905653392906,2799.754239036753,1878.5217219230194
2020-08-07,2020,8,LATO,22.847127077922863,49.765905653392906,2909.9299496572144,1882.4903100306908
2020-08-07,2020,8,LATO,22.910009147811238,49.765905653392906,7080.207037852592,1886.742856943018
2020-08-07,2020,8,LATO,22.59559879836941,49.82878772328128,16626.36365896378,1888.4757491831276
2020-08-07,2020,8,LATO,22.65848086825777,49.82878772328128,12414.745842026043,1887.1857069803548
2020-08-07,2020,8,LATO,22.721362938146143,49.82878772328128,8532.01505542116,1883.6761257992855
2020-08-07,2020,8,LATO,22.784245008034503,49.82878772328128,5695.977327613162,1883.1803823258713
2020-08-07,2020,8,LATO,22.847127077922863,49.82878772328128,5750.861621632254,1878.8018550886113
2020-08-07,2020,8,LATO,22.532716728481034,49.89166979316964,23698.94177557943,1891.2906967650533
2020-08-07,2020,8,LATO,22.59559879836941,49.89166979316964,19964.02510849638,1890.6344732156037
2020-08-07,2020,8,LATO,22.65848086825777,49.89166979316964,16625.61277503751,1889.4064941405552
2020-08-07,2020,8,LATO,22.721362938146143,49.89166979316964,13970.899561599594,1888.6085902721625
2020-08-07,2020,8,LATO,22.784245008034503,49.89166979316964,12445.375005463568,1888.192189871103
2020-08-07,2020,8,LATO,22.65848086825777,49.954551863058015,22283.110131735197,1890.8177705852706
2020-08-07,2020,8,LATO,22.721362938146143,49.954551863058015,20381.79823470954,1889.4127826654992
2020-08-07,2020,8,LATO,22.784245008034503,49.954551863058015,19369.342116810156,1889.2886640146282
2020-08-14,2020,8,LATO,22.721362938146143,49.57375766822835,24071.31192737161,1840.9148233052265
2020-08-14,2020,8,LATO,22.784245008034503,49.57375766822835,23213.47200254646,1859.1125133040593
2020-08-14,2020,8,LATO,22.847127077922863,49.57375766822835,23227.071081055376,1860.2825821427427
2020-08-14,2020,8,LATO,22.910009147811238,49.57375766822835,24110.634691470696,1862.1783018230915
2020-08-14,2020,8,LATO,22.59559879836941,49.63663973811673,22571.790540453218,1827.238647460937
2020-08-14,2020,8,LATO,22.65848086825777,49.63663973811673,19664.486772395037,1835.7010940917335
2020-08-14,2020,8,LATO,22.721362938146143,49.63663973811673,17465.392259012075,1867.4703988353215
2020-08-14,2020,8,LATO,22.784245008034503,49.63663973811673,16264.356998053161,1870.4457585585074
2020-08-14,2020,8,LATO,22.847127077922863,49.63663973811673,16283.735590929136,1862.0371734008404
2020-08-14,2020,8,LATO,22.910009147811238,49.63663973811673,17519.478833120265,1861.7440857290337
2020-08-14,2020,8,LATO,22.972891217699598,49.63663973811673,19744.511431068626,1866.2938869024244
2020-08-14,2020,8,LATO,23.035773287587972,49.63663973811673,22669.38243449943,1870.8747074136388
2020-08-14,2020,8,LATO,22.532716728481034,49.69952180800509,22279.733517436514,1844.9095353592584
2020-08-14,2020,8,LATO,22.59559879836941,49.69952180800509,18239.035335458964,1844.8017451156059
2020-08-14,2020,8,LATO,22.65848086825777,49.69952180800509,14492.300027643201,1847.2448394647051
2020-08-14,2020,8,LATO,22.721362938146143,49.69952180800509,11334.888138469481,1888.3258879295888
2020-08-14,2020,8,LATO,22.784245008034503,49.69952180800509,9381.962224519051,1888.1959316361235
2020-08-14,2020,8,LATO,22.847127077922863,49.69952180800509,9415.473371933953,1861.0659179687214
2020-08-14,2020,8,LATO,22.910009147811238,49.69952180800509,11417.9449356954,1861.065917968782
2020-08-14,2020,8,LATO,22.972891217699598,49.69952180800509,14600.561429913467,1878.3292070272814
2020-08-14,2020,8,LATO,23.035773287587972,49.69952180800509,18359.5179038259,1874.2781293818791
2020-08-14,2020,8,LATO,22.469834658592674,49.76240387789346,24934.526910916018,1852.8934831781828
2020-08-14,2020,8,LATO,22.532716728481034,49.76240387789346,20425.049591277475,1853.0732816805755
2020-08-14,2020,8,LATO,22.59559879836941,49.76240387789346,15927.018449726114,1856.3600615249882
2020-08-14,2020,8,LATO,22.65848086825777,49.76240387789346,11453.93141995099,1858.4743502484473
2020-08-14,2020,8,LATO,22.721362938146143,49.76240387789346,7053.412131536549,1874.010905507305
2020-08-14,2020,8,LATO,22.784245008034503,49.76240387789346,3056.8313002920936,1875.2600979517474
2020-08-14,2020,8,LATO,22.847127077922863,49.76240387789346,3158.0581094985164,1866.56321111383
2020-08-14,2020,8,LATO,22.910009147811238,49.76240387789346,7185.956141010244,1865.603326882541
2020-08-14,2020,8,LATO,22.532716728481034,49.82528594778182,20876.112526345794,1856.4603508928215
2020-08-14,2020,8,LATO,22.59559879836941,49.82528594778182,16507.904605744377,1851.7877197265223
2020-08-14,2020,8,LATO,22.65848086825777,49.82528594778182,12255.285727747369,1861.385058230558
2020-08-14,2020,8,LATO,22.721362938146143,49.82528594778182,8297.922383707672,1877.0675760588645
2020-08-14,2020,8,LATO,22.784245008034503,49.82528594778182,5338.676667401633,1875.6906585948761
2020-08-14,2020,8,LATO,22.847127077922863,49.82528594778182,5397.199806568097,1872.6600638440457
2020-08-14,2020,8,LATO,22.910009147811238,49.82528594778182,8410.732146713255,1871.3968331518256
2020-08-14,2020,8,LATO,22.532716728481034,49.888168017670196,23500.598725923315,1875.9034202643984
2020-08-14,2020,8,LATO,22.59559879836941,49.888168017670196,19727.868454144005,1875.0250998561623
2020-08-14,2020,8,LATO,22.65848086825777,49.888168017670196,16341.011246888356,1891.3243969677912
2020-08-14,2020,8,LATO,22.721362938146143,49.888168017670196,13630.766576823631,1891.109878184572
2020-08-14,2020,8,LATO,22.784245008034503,49.888168017670196,12062.180720151893,1890.6626562005695
2020-08-14,2020,8,LATO,22.59559879836941,49.951050087558556,24570.454659828032,1878.9035065968178
2020-08-14,2020,8,LATO,22.65848086825777,49.951050087558556,21947.801702061053,1893.389171073626
2020-08-14,2020,8,LATO,22.721362938146143,49.951050087558556,20014.515181710412,1893.389162719277
2020-08-16,2020,8,LATO,22.59559879836941,49.64014151361617,22294.98905424956,1847.0842113493156
2020-08-16,2020,8,LATO,22.721362938146143,49.64014151361617,17106.588908797177,1888.1466208337263
2020-08-16,2020,8,LATO,22.784245008034503,49.64014151361617,15878.528602308194,1888.1466642100033
2020-08-16,2020,8,LATO,22.532716728481034,49.703023583504546,22122.465906806905,1858.6857790700021
2020-08-16,2020,8,LATO,22.59559879836941,49.703023583504546,18046.915138960532,1858.7407329497632
2020-08-16,2020,8,LATO,22.721362938146143,49.703023583504546,11023.750752286034,1887.5322265842078
2020-08-16,2020,8,LATO,22.784245008034503,49.703023583504546,9003.74969105232,1888.1466046816436
2020-08-16,2020,8,LATO,22.847127077922863,49.703023583504546,9038.66068024557,1866.9404158874052
2020-08-16,2020,8,LATO,22.910009147811238,49.703023583504546,11109.12789583884,1859.803327912094
2020-08-16,2020,8,LATO,22.469834658592674,49.765905653392906,24903.43217975922,1863.317938980447
2020-08-16,2020,8,LATO,22.532716728481034,49.765905653392906,20387.43944261555,1856.0875017120222
2020-08-16,2020,8,LATO,22.59559879836941,49.765905653392906,15879.128789225302,1853.2006910710995
2020-08-16,2020,8,LATO,22.65848086825777,49.765905653392906,11387.63283000417,1853.8574196841162
2020-08-16,2020,8,LATO,22.721362938146143,49.765905653392906,6945.655089638345,1859.6086466512477
2020-08-16,2020,8,LATO,22.784245008034503,49.765905653392906,2799.754239036753,1861.67984096296
2020-08-16,2020,8,LATO,22.847127077922863,49.765905653392906,2909.9299496572144,1861.5300078182847
2020-08-16,2020,8,LATO,22.910009147811238,49.765905653392906,7080.207037852592,1861.161389803786
2020-08-16,2020,8,LATO,22.972891217699598,49.765905653392906,11524.908902168252,1855.3111676815745
2020-08-16,2020,8,LATO,23.035773287587972,49.765905653392906,16017.184810434974,1855.31123290063
2020-08-16,2020,8,LATO,22.65848086825777,49.82878772328128,12414.745842026043,1855.630297283412
2020-08-16,2020,8,LATO,22.721362938146143,49.82878772328128,8532.01505542116,1856.8012766761938
2020-08-16,2020,8,LATO,22.784245008034503,49.82878772328128,5695.977327613162,1856.8012637431002
2020-08-16,2020,8,LATO,22.847127077922863,49.82878772328128,5750.861621632254,1861.544673777651
2020-08-16,2020,8,LATO,22.910009147811238,49.82878772328128,8641.76161762721,1860.5764589982218
2020-08-16,2020,8,LATO,22.972891217699598,49.82878772328128,12540.621480203294,1855.3111572265584
2020-08-16,2020,8,LATO,23.035773287587972,49.82878772328128,16758.09500148916,1855.3239878248398
2020-08-16,2020,8,LATO,23.098655357476332,49.82878772328128,21104.019131336558,1855.8764795563502
2020-08-16,2020,8,LATO,22.59559879836941,49.89166979316964,19964.02510849638,1883.1570812334485
2020-08-16,2020,8,LATO,22.65848086825777,49.89166979316964,16625.61277503751,1877.9651265941513
2020-08-16,2020,8,LATO,22.721362938146143,49.89166979316964,13970.899561599594,1877.6822706878606
2020-08-16,2020,8,LATO,23.098655357476332,49.89166979316964,23817.78306999105,1855.8765106191652
2020-08-16,2020,8,LATO,22.65848086825777,49.954551863058015,22283.110131735197,1883.0200574650175
2020-08-16,2020,8,LATO,22.721362938146143,49.954551863058015,20381.79823470954,1877.6822981648463
2020-08-21,2020,8,LATO,22.972891217699598,49.703023583504546,14360.143110542414,1883.6508137562876
2020-08-21,2020,8,LATO,23.035773287587972,49.703023583504546,18168.663048577168,1883.6508792104805
2020-08-21,2020,8,LATO,22.972891217699598,49.765905653392906,11524.908902168252,1883.650845537801
2020-08-21,2020,8,LATO,23.035773287587972,49.765905653392906,16017.184810434974,1883.6508639440028
2020-08-21,2020,8,LATO,23.098655357476332,49.765905653392906,20525.820239153934,1854.990239138434
2020-08-21,2020,8,LATO,23.098655357476332,49.82878772328128,21104.019131336558,1862.0752069988052
2020-08-22,2020,8,LATO,22.721362938146143,49.57725944372781,23697.5898107481,1828.9004098925652
2020-08-22,2020,8,LATO,22.784245008034503,49.57725944372781,22825.772528221212,1844.6569822244844
2020-08-22,2020,8,LATO,22.847127077922863,49.57725944372781,22839.601460497255,1848.2723849866723
2020-08-22,2020,8,LATO,22.910009147811238,49.57725944372781,23737.528821185646,1843.6372740543118
2020-08-22,2020,8,LATO,22.784245008034503,49.64014151361617,15878.528602308194,1851.7230416396396
2020-08-22,2020,8,LATO,22.847127077922863,49.64014151361617,15898.37606674912,1851.7230192718177
2020-08-22,2020,8,LATO,22.910009147811238,49.64014151361617,17161.80236162699,1854.4654133285233
2020-08-22,2020,8,LATO,22.972891217699598,49.64014151361617,19427.689326518714,1850.4926516909018
2020-08-22,2020,8,LATO,23.035773287587972,49.64014151361617,22393.780214513983,1846.017772061181
2020-08-22,2020,8,LATO,22.847127077922863,49.703023583504546,9038.66068024557,1863.5393072590753
2020-08-22,2020,8,LATO,22.910009147811238,49.703023583504546,11109.12789583884,1862.8129743677794
2020-08-22,2020,8,LATO,22.972891217699598,49.703023583504546,14360.143110542414,1857.3208701622848
2020-08-22,2020,8,LATO,23.035773287587972,49.703023583504546,18168.663048577168,1856.725315535704
2020-08-22,2020,8,LATO,23.098655357476332,49.703023583504546,22250.223097835118,1851.980294478687
2020-08-22,2020,8,LATO,22.469834658592674,49.765905653392906,24903.43217975922,1804.333123403982
2020-08-22,2020,8,LATO,22.532716728481034,49.765905653392906,20387.43944261555,1804.333142492021
2020-08-22,2020,8,LATO,22.59559879836941,49.765905653392906,15879.128789225302,1804.333127661199
2020-08-22,2020,8,LATO,22.847127077922863,49.765905653392906,2909.9299496572144,1862.8753212162444
2020-08-22,2020,8,LATO,22.910009147811238,49.765905653392906,7080.207037852592,1860.001904201703
2020-08-22,2020,8,LATO,22.972891217699598,49.765905653392906,11524.908902168252,1859.8929093781394
2020-08-22,2020,8,LATO,23.035773287587972,49.765905653392906,16017.184810434974,1851.8984880287098
2020-08-22,2020,8,LATO,23.098655357476332,49.765905653392906,20525.820239153934,1853.218096566176
2020-08-22,2020,8,LATO,22.532716728481034,49.82878772328128,20969.629003077862,1804.3331267133547
2020-08-22,2020,8,LATO,22.59559879836941,49.82878772328128,16626.36365896378,1804.3331280793223
2020-08-22,2020,8,LATO,22.65848086825777,49.82878772328128,12414.745842026043,1856.2722148551459
2020-08-22,2020,8,LATO,22.784245008034503,49.82878772328128,5695.977327613162,1874.219030629429
2020-08-22,2020,8,LATO,22.847127077922863,49.82878772328128,5750.861621632254,1870.7047911764844
2020-08-22,2020,8,LATO,22.910009147811238,49.82878772328128,8641.76161762721,1869.648728392325
2020-08-22,2020,8,LATO,22.972891217699598,49.82878772328128,12540.621480203294,1854.0645364252139
2020-08-22,2020,8,LATO,23.035773287587972,49.82878772328128,16758.09500148916,1848.0335188105917
2020-08-22,2020,8,LATO,23.098655357476332,49.82878772328128,21104.019131336558,1850.1538368858762
2020-08-22,2020,8,LATO,22.65848086825777,49.89166979316964,16625.61277503751,1856.2722275702347
2020-08-22,2020,8,LATO,22.721362938146143,49.89166979316964,13970.899561599594,1864.958444753546
2020-08-22,2020,8,LATO,22.784245008034503,49.89166979316964,12445.375005463568,1877.8495159391944
2020-08-22,2020,8,LATO,22.847127077922863,49.89166979316964,12470.557128002267,1876.3878935380649
2020-08-22,2020,8,LATO,22.910009147811238,49.89166979316964,14038.103410697095,1875.4633831604667
2020-08-22,2020,8,LATO,22.972891217699598,49.89166979316964,16719.694789104768,1871.7681226208097
2020-08-22,2020,8,LATO,23.035773287587972,49.89166979316964,20073.723416020704,1868.0964023377435
2020-08-22,2020,8,LATO,23.098655357476332,49.89166979316964,23817.78306999105,1853.9011400811735
2020-08-22,2020,8,LATO,22.721362938146143,49.954551863058015,20381.79823470954,1879.4158229849147
2020-08-22,2020,8,LATO,22.784245008034503,49.954551863058015,19369.342116810156,1878.9529523403096
2020-08-22,2020,8,LATO,22.847127077922863,49.954551863058015,19385.51095194934,1877.9043120386057
2020-08-22,2020,8,LATO,22.910009147811238,49.954551863058015,20427.862442196416,1865.4490297394511
2020-08-22,2020,8,LATO,22.972891217699598,49.954551863058015,22353.301975925337,1869.1700863093124
2020-08-28,2020,8,LATO,22.857632404421224,49.57725944372781,22929.642924141328,1829.2874931152023
2020-08-28,2020,8,LATO,22.721362938146143,49.57375766822835,24071.31192737161,1852.49077721907
2020-08-28,2020,8,LATO,22.784245008034503,49.57375766822835,23213.47200254646,1852.473468065926
2020-08-28,2020,8,LATO,22.847127077922863,49.57375766822835,23227.071081055376,1852.437001825871
2020-08-28,2020,8,LATO,22.910009147811238,49.57375766822835,24110.634691470696,1852.4187756761853
2020-08-28,2020,8,LATO,22.59559879836941,49.63663973811673,22571.790540453218,1816.054315233863
2020-08-28,2020,8,LATO,22.65848086825777,49.63663973811673,19664.486772395037,1840.4547625047455
2020-08-28,2020,8,LATO,22.721362938146143,49.63663973811673,17465.392259012075,1852.3677729687927
2020-08-28,2020,8,LATO,22.784245008034503,49.63663973811673,16264.356998053161,1852.36778330824
2020-08-28,2020,8,LATO,22.847127077922863,49.63663973811673,16283.735590929136,1852.3678081106261
2020-08-28,2020,8,LATO,22.910009147811238,49.63663973811673,17519.478833120265,1852.3677821450633
2020-08-28,2020,8,LATO,22.972891217699598,49.63663973811673,19744.511431068626,1876.8540933640586
2020-08-28,2020,8,LATO,23.035773287587972,49.63663973811673,22669.38243449943,1877.0261436899723
2020-08-28,2020,8,LATO,22.972891217699598,49.69952180800509,14600.561429913467,1874.9042793213923
2020-08-28,2020,8,LATO,23.035773287587972,49.69952180800509,18359.5179038259,1875.1160539277992
2020-08-28,2020,8,LATO,23.098655357476332,49.69952180800509,22406.60311471157,1875.539523954461
2020-08-28,2020,8,LATO,22.910009147811238,49.76240387789346,7185.956141010244,1869.897960558902
2020-08-28,2020,8,LATO,22.972891217699598,49.76240387789346,11590.432057281076,1869.897949218729
2020-08-28,2020,8,LATO,23.035773287587972,49.76240387789346,16064.67279646741,1869.897949218729
2020-08-28,2020,8,LATO,23.098655357476332,49.76240387789346,20563.18720723159,1869.8229695472455
2020-08-28,2020,8,LATO,22.910009147811238,49.82528594778182,8410.732146713255,1868.6677149927712
2020-08-28,2020,8,LATO,22.972891217699598,49.82528594778182,12382.791606070135,1868.6440030490855
2020-08-28,2020,8,LATO,23.035773287587972,49.82528594778182,16640.583268996892,1868.5872242012595
2020-08-28,2020,8,LATO,23.098655357476332,49.82528594778182,21011.110521215884,1868.5518798828366
2020-08-28,2020,8,LATO,22.532716728481034,49.888168017670196,23500.598725923315,1848.6849311993776
2020-08-28,2020,8,LATO,22.59559879836941,49.888168017670196,19727.868454144005,1848.6849416720675
2020-08-30,2020,8,LATO,22.784245008034503,49.57725944372781,22825.772528221212,1849.764902191706
2020-08-30,2020,8,LATO,22.847127077922863,49.57725944372781,22839.601460497255,1848.1232910155966
2020-08-30,2020,8,LATO,22.910009147811238,49.57725944372781,23737.528821185646,1848.0408536820605
2020-08-30,2020,8,LATO,22.59559879836941,49.64014151361617,22294.98905424956,1817.265839576406
2020-08-30,2020,8,LATO,22.65848086825777,49.64014151361617,19346.360042072225,1847.9589069635254
2020-08-30,2020,8,LATO,22.721362938146143,49.64014151361617,17106.588908797177,1851.1427610924625
2020-08-30,2020,8,LATO,22.784245008034503,49.64014151361617,15878.528602308194,1862.6689205890525
2020-08-30,2020,8,LATO,22.847127077922863,49.64014151361617,15898.37606674912,1860.1017003255786
2020-08-30,2020,8,LATO,22.910009147811238,49.64014151361617,17161.80236162699,1847.0181412837521
2020-08-30,2020,8,LATO,22.972891217699598,49.64014151361617,19427.689326518714,1845.0677169338421
2020-08-30,2020,8,LATO,23.035773287587972,49.64014151361617,22393.780214513983,1833.0074832039777
2020-08-30,2020,8,LATO,22.532716728481034,49.703023583504546,22122.465906806905,1816.044311523504
2020-08-30,2020,8,LATO,22.59559879836941,49.703023583504546,18046.915138960532,1816.044311523374
2020-08-30,2020,8,LATO,22.65848086825777,49.703023583504546,14250.063235972633,1842.1035297720168
2020-08-30,2020,8,LATO,22.721362938146143,49.703023583504546,11023.750752286034,1855.4383383143304
2020-08-30,2020,8,LATO,22.784245008034503,49.703023583504546,9003.74969105232,1870.1981786435783
2020-08-30,2020,8,LATO,22.847127077922863,49.703023583504546,9038.66068024557,1861.0900587389638
2020-08-30,2020,8,LATO,22.910009147811238,49.703023583504546,11109.12789583884,1851.5701822142105
2020-08-30,2020,8,LATO,22.972891217699598,49.703023583504546,14360.143110542414,1849.3937529520563
2020-08-30,2020,8,LATO,23.035773287587972,49.703023583504546,18168.663048577168,1849.5191650390339
2020-08-30,2020,8,LATO,23.098655357476332,49.703023583504546,22250.223097835118,1849.1788859168207
2020-08-30,2020,8,LATO,22.469834658592674,49.765905653392906,24903.43217975922,1827.4320213574488
2020-08-30,2020,8,LATO,22.532716728481034,49.765905653392906,20387.43944261555,1826.5491133934424
2020-08-30,2020,8,LATO,22.59559879836941,49.765905653392906,15879.128789225302,1824.3966863433213
2020-08-30,2020,8,LATO,22.65848086825777,49.765905653392906,11387.63283000417,1835.1273977620835
2020-08-30,2020,8,LATO,22.721362938146143,49.765905653392906,6945.655089638345,1861.7065670094821
2020-08-30,2020,8,LATO,22.784245008034503,49.765905653392906,2799.754239036753,1861.7143186115416
2020-08-30,2020,8,LATO,22.847127077922863,49.765905653392906,2909.9299496572144,1850.682570412365
2020-08-30,2020,8,LATO,22.910009147811238,49.765905653392906,7080.207037852592,1851.1253535369347
2020-08-30,2020,8,LATO,22.972891217699598,49.765905653392906,11524.908902168252,1838.079515207466
2020-08-30,2020,8,LATO,23.035773287587972,49.765905653392906,16017.184810434974,1840.9233381567421
2020-08-30,2020,8,LATO,22.532716728481034,49.82878772328128,20969.629003077862,1830.9383088284735
2020-08-30,2020,8,LATO,22.59559879836941,49.82878772328128,16626.36365896378,1835.8090754739335
2020-08-30,2020,8,LATO,22.65848086825777,49.82878772328128,12414.745842026043,1838.9551578435592
2020-08-30,2020,8,LATO,22.721362938146143,49.82878772328128,8532.01505542116,1863.9938964843343
2020-08-30,2020,8,LATO,22.784245008034503,49.82878772328128,5695.977327613162,1863.9702825218799
2020-08-30,2020,8,LATO,22.847127077922863,49.82878772328128,5750.861621632254,1867.0181769375174
2020-08-30,2020,8,LATO,22.910009147811238,49.82878772328128,8641.76161762721,1864.9603569818032
2020-08-30,2020,8,LATO,22.972891217699598,49.82878772328128,12540.621480203294,1831.0727638539015
2020-08-30,2020,8,LATO,23.035773287587972,49.82878772328128,16758.09500148916,1831.0727536303602
2020-08-30,2020,8,LATO,22.532716728481034,49.89166979316964,23698.94177557943,1846.2797983490884
2020-08-30,2020,8,LATO,22.59559879836941,49.89166979316964,19964.02510849638,1868.4084809787823
2020-08-30,2020,8,LATO,22.65848086825777,49.89166979316964,16625.61277503751,1866.1673220360076
2020-08-30,2020,8,LATO,22.721362938146143,49.89166979316964,13970.899561599594,1876.4964835437693
2020-08-30,2020,8,LATO,22.784245008034503,49.89166979316964,12445.375005463568,1872.692967859053
2020-08-30,2020,8,LATO,22.847127077922863,49.89166979316964,12470.557128002267,1861.1314687578658
2020-08-30,2020,8,LATO,22.910009147811238,49.89166979316964,14038.103410697095,1861.0533429796383
2020-08-30,2020,8,LATO,22.65848086825777,49.954551863058015,22283.110131735197,1868.4053750602266
2020-08-30,2020,8,LATO,22.721362938146143,49.954551863058015,20381.79823470954,1878.2757533498082
2020-08-30,2020,8,LATO,22.784245008034503,49.954551863058015,19369.342116810156,1868.7126284189724
2020-08-30,2020,8,LATO,22.847127077922863,49.954551863058015,19385.51095194934,1861.5695762083255
2020-08-30,2020,8,LATO,22.910009147811238,49.954551863058015,20427.862442196416,1861.569584970949
2021-01-29,2021,1,ZIMA,22.861134179920676,49.692518257006185,10450.14695243319,1888.73998928866
2021-01-29,2021,1,ZIMA,22.98689831969741,49.692518257006185,15876.285473084476,1893.683804637975
2021-01-29,2021,1,ZIMA,23.049780389585777,49.692518257006185,19624.566174656124,1883.7440821428165
2021-01-29,2021,1,ZIMA,23.11266245947414,49.692518257006185,23649.209347101292,1882.0053710937823
2021-01-29,2021,1,ZIMA,22.483841760590476,49.755400326894545,24012.859053863882,1845.3557310384394
2021-01-29,2021,1,ZIMA,22.546723830478843,49.755400326894545,19523.88121143617,1845.3557405355632
2021-01-29,2021,1,ZIMA,22.60960590036721,49.755400326894545,15059.470856687929,1854.982654482492
2021-01-29,2021,1,ZIMA,22.672487970255577,49.755400326894545,10650.572006925577,1854.9826626607594
2021-01-29,2021,1,ZIMA,22.79825211003231,49.755400326894545,3138.940779505504,1890.6493434489041
2021-01-29,2021,1,ZIMA,22.861134179920676,49.755400326894545,4429.919630012029,1888.8734571201344
2021-01-29,2021,1,ZIMA,22.924016249809043,49.755400326894545,8392.667923454517,1888.414430957342
2021-01-29,2021,1,ZIMA,22.98689831969741,49.755400326894545,12739.347819477345,1886.9031193186509
2021-01-29,2021,1,ZIMA,23.049780389585777,49.755400326894545,17180.99049197357,1896.0296539203944
2021-01-29,2021,1,ZIMA,23.11266245947414,49.755400326894545,21659.250534901363,1892.7670950253412
2021-01-29,2021,1,ZIMA,22.483841760590476,49.818282396782934,24169.180669174882,1845.3556746143602
2021-01-29,2021,1,ZIMA,22.546723830478843,49.818282396782934,19722.23751204563,1845.3556829024747
2021-01-29,2021,1,ZIMA,22.672487970255577,49.818282396782934,11025.686865254307,1854.9826329588914
2021-01-29,2021,1,ZIMA,22.73537004014394,49.818282396782934,7024.794281715901,1864.6169318212767
2021-01-29,2021,1,ZIMA,22.79825211003231,49.818282396782934,4256.534029352301,1876.113892905405
2021-01-29,2021,1,ZIMA,22.861134179920676,49.818282396782934,5279.835841271699,1881.9363427211777
2021-01-29,2021,1,ZIMA,22.924016249809043,49.818282396782934,8866.994486443255,1890.7817921602748
2021-01-29,2021,1,ZIMA,22.98689831969741,49.818282396782934,13052.15938295671,1873.9695047173736
2021-01-29,2021,1,ZIMA,23.049780389585777,49.818282396782934,17409.26178311288,1873.9694854706788
2021-01-29,2021,1,ZIMA,23.11266245947414,49.818282396782934,21835.615068330917,1873.969470672088
2021-02-02,2021,2,ZIMA,22.92051447430959,49.629636187117825,18537.599130204857,1792.0188032846365
2021-02-02,2021,2,ZIMA,22.98339654419796,49.629636187117825,20819.277434833377,1793.5829436724982
2021-02-02,2021,2,ZIMA,23.046278614086322,49.629636187117825,23756.883535444897,1791.888821930041
2021-02-02,2021,2,ZIMA,22.73186826464449,49.692518257006185,11562.168138112624,1851.9300987103397
2021-02-02,2021,2,ZIMA,22.794750334532857,49.692518257006185,10004.241321725396,1840.538017533013
2021-02-02,2021,2,ZIMA,22.857632404421224,49.692518257006185,10372.088566275866,1825.2101868729565
2021-02-02,2021,2,ZIMA,22.92051447430959,49.692518257006185,12496.796907081667,1801.0130732317177
2021-02-02,2021,2,ZIMA,22.98339654419796,49.692518257006185,15679.736994618235,1796.5017700384815
2021-02-02,2021,2,ZIMA,23.046278614086322,49.692518257006185,19407.030795445455,1817.4211569046897
2021-02-02,2021,2,ZIMA,23.10916068397469,49.692518257006185,23420.202641510772,1800.498188367327
2021-02-02,2021,2,ZIMA,22.73186826464449,49.755400326894545,6638.588268421608,1838.4361416762454
2021-02-02,2021,2,ZIMA,22.794750334532857,49.755400326894545,3242.7147797909784,1847.6574513182966
2021-02-02,2021,2,ZIMA,22.857632404421224,49.755400326894545,4242.750117470005,1826.1174955828499
2021-02-02,2021,2,ZIMA,22.92051447430959,49.755400326894545,8156.47590057038,1808.3022389763873
2021-02-02,2021,2,ZIMA,22.98339654419796,49.755400326894545,12493.86630456317,1795.6806994868216
2021-02-02,2021,2,ZIMA,23.046278614086322,49.755400326894545,16932.41386754635,1816.5670841454062
2021-02-02,2021,2,ZIMA,23.10916068397469,49.755400326894545,21409.293252281375,1819.0301068644803
2021-02-02,2021,2,ZIMA,22.73186826464449,49.818282396782934,7231.299147808723,1836.354674128264
2021-02-02,2021,2,ZIMA,22.794750334532857,49.818282396782934,4333.529104672702,1833.8521364999801
2021-02-02,2021,2,ZIMA,22.857632404421224,49.818282396782934,5124.013005619986,1836.0610870513012
2021-02-02,2021,2,ZIMA,22.92051447430959,49.818282396782934,8644.065763073844,1811.4486065987355
2021-02-02,2021,2,ZIMA,22.98339654419796,49.818282396782934,12812.985222879366,1810.2210226731981
2021-02-02,2021,2,ZIMA,23.046278614086322,49.818282396782934,17164.31095927946,1812.0114892506112
2021-02-02,2021,2,ZIMA,23.10916068397469,49.818282396782934,21588.022501435902,1812.011478610597
2021-02-02,2021,2,ZIMA,22.668986194756126,49.881164466671294,15256.25598101692,1849.7995985438122
2021-02-02,2021,2,ZIMA,22.73186826464449,49.881164466671294,12583.700795204135,1852.1792471803446
2021-02-02,2021,2,ZIMA,22.794750334532857,49.881164466671294,11175.011060680648,1849.3902814490812
2021-02-02,2021,2,ZIMA,22.857632404421224,49.881164466671294,11504.225194953451,1846.0614959411973
2021-02-02,2021,2,ZIMA,22.98339654419796,49.881164466671294,16434.26726118871,1807.8664713771636
2021-02-02,2021,2,ZIMA,23.046278614086322,49.881164466671294,20008.920984734334,1799.9371946120968
2021-02-02,2021,2,ZIMA,23.10916068397469,49.881164466671294,23907.400258968875,1800.8242869289224
2021-02-02,2021,2,ZIMA,22.60610412486776,49.944046536559654,23489.227935689778,1851.43557072088
2021-02-02,2021,2,ZIMA,22.668986194756126,49.944046536559654,20893.893703687518,1850.3906963996296
2021-02-02,2021,2,ZIMA,22.73186826464449,49.944046536559654,19032.807114747964,1849.9079533437941
2021-02-02,2021,2,ZIMA,22.794750334532857,49.944046536559654,18133.466014703823,1853.5193827675544
2021-02-02,2021,2,ZIMA,22.857632404421224,49.944046536559654,18337.917441995833,1841.868493296371
2021-02-02,2021,2,ZIMA,22.92051447430959,49.944046536559654,19611.67139609482,1827.0295355448059
2021-02-02,2021,2,ZIMA,22.98339654419796,49.944046536559654,21767.82095314391,1818.402992616102
2021-02-02,2021,2,ZIMA,23.046278614086322,49.944046536559654,24575.198885019752,1816.8075212454173
2021-02-09,2021,2,ZIMA,22.924016249809043,49.692518257006185,12652.420742269685,1913.4327576644323
2021-02-09,2021,2,ZIMA,23.11266245947414,49.692518257006185,23649.209347101292,1908.9221530726538
2021-02-09,2021,2,ZIMA,22.861134179920676,49.755400326894545,4429.919630012029,1919.2264887669317
2021-02-09,2021,2,ZIMA,22.924016249809043,49.755400326894545,8392.667923454517,1913.4327348119537
2021-02-09,2021,2,ZIMA,22.98689831969741,49.755400326894545,12739.347819477345,1913.4327466978148
2021-02-09,2021,2,ZIMA,23.049780389585777,49.755400326894545,17180.99049197357,1912.0126086784614
2021-02-09,2021,2,ZIMA,23.11266245947414,49.755400326894545,21659.250534901363,1909.156722822284
2021-02-09,2021,2,ZIMA,22.861134179920676,49.818282396782934,5279.835841271699,1926.0927531435239
2021-02-09,2021,2,ZIMA,22.924016249809043,49.818282396782934,8866.994486443255,1920.3517328653172
2021-02-09,2021,2,ZIMA,22.98689831969741,49.818282396782934,13052.15938295671,1919.2265624999957
2021-02-09,2021,2,ZIMA,23.049780389585777,49.818282396782934,17409.26178311288,1899.9817310579072
2021-02-09,2021,2,ZIMA,23.11266245947414,49.818282396782934,21835.615068330917,1900.2321077301283
2021-02-09,2021,2,ZIMA,22.79825211003231,49.881164466671294,11145.417786980564,1927.4388581425947
2021-02-09,2021,2,ZIMA,22.861134179920676,49.881164466671294,11574.378925148674,1927.438840864994
2021-02-09,2021,2,ZIMA,22.924016249809043,49.881164466671294,13588.495465710865,1927.246466836088
2021-02-09,2021,2,ZIMA,22.98689831969741,49.881164466671294,16621.17286173414,1926.988111654737
2021-02-09,2021,2,ZIMA,23.049780389585777,49.881164466671294,20219.168174901068,1898.1681907786613
2021-02-09,2021,2,ZIMA,23.11266245947414,49.881164466671294,24130.91830745205,1898.1682154599484
2021-02-09,2021,2,ZIMA,22.861134179920676,49.944046536559654,18381.952091290725,1927.438804878253
2021-02-09,2021,2,ZIMA,22.924016249809043,49.944046536559654,19710.688234553636,1927.4388432472986
2021-02-09,2021,2,ZIMA,22.98689831969741,49.944046536559654,21909.090352292624,1927.4388608328127
2021-02-16,2021,2,ZIMA,22.73186826464449,49.566754117229465,24625.162439086525,1838.2825706272506
2021-02-16,2021,2,ZIMA,22.794750334532857,49.566754117229465,23931.425303122436,1837.765680700521
2021-02-16,2021,2,ZIMA,22.857632404421224,49.566754117229465,24087.918656515034,1855.7738927118205
2021-02-16,2021,2,ZIMA,22.60610412486776,49.629636187117825,22624.190624154453,1850.9114514450805
2021-02-16,2021,2,ZIMA,22.668986194756126,49.629636187117825,19897.662582212422,1842.3553299851803
2021-02-16,2021,2,ZIMA,22.73186826464449,49.629636187117825,17920.028331001893,1836.94009051837
2021-02-16,2021,2,ZIMA,22.794750334532857,49.629636187117825,16955.389057071137,1837.015814653046
2021-02-16,2021,2,ZIMA,22.857632404421224,49.629636187117825,17175.280556231522,1855.311353134159
2021-02-16,2021,2,ZIMA,22.92051447430959,49.629636187117825,18537.599130204857,1855.3655566594905
2021-02-16,2021,2,ZIMA,22.98339654419796,49.629636187117825,20819.277434833377,1855.9610263616855
2021-02-16,2021,2,ZIMA,23.046278614086322,49.629636187117825,23756.883535444897,1858.4622092128955
2021-02-16,2021,2,ZIMA,22.543222054979392,49.692518257006185,21932.788399926114,1836.023235537291
2021-02-16,2021,2,ZIMA,22.60610412486776,49.692518257006185,18004.58127120856,1837.4755639006644
2021-02-16,2021,2,ZIMA,22.668986194756126,49.692518257006185,14435.272366544037,1840.142334111017
2021-02-16,2021,2,ZIMA,22.73186826464449,49.692518257006185,11562.168138112624,1839.5108966035118
2021-02-16,2021,2,ZIMA,22.794750334532857,49.692518257006185,10004.241321725396,1845.9198654306158
2021-02-16,2021,2,ZIMA,22.857632404421224,49.692518257006185,10372.088566275866,1859.676158697136
2021-02-16,2021,2,ZIMA,22.92051447430959,49.692518257006185,12496.796907081667,1859.22870454231
2021-02-16,2021,2,ZIMA,22.98339654419796,49.692518257006185,15679.736994618235,1858.3438346956918
2021-02-16,2021,2,ZIMA,23.046278614086322,49.692518257006185,19407.030795445455,1857.9930419922232
2021-02-16,2021,2,ZIMA,23.10916068397469,49.692518257006185,23420.202641510772,1861.0159847065986
2021-02-16,2021,2,ZIMA,22.480339985091025,49.755400326894545,24263.288966442815,1839.6305046134146
2021-02-16,2021,2,ZIMA,22.543222054979392,49.755400326894545,19773.371791734648,1838.8350548290177
2021-02-16,2021,2,ZIMA,22.60610412486776,49.755400326894545,15307.071991672923,1838.82793016724
2021-02-16,2021,2,ZIMA,22.668986194756126,49.755400326894545,10893.482693503986,1842.3727746870447
2021-02-16,2021,2,ZIMA,22.73186826464449,49.755400326894545,6638.588268421608,1843.5306239205584
2021-02-16,2021,2,ZIMA,22.794750334532857,49.755400326894545,3242.7147797909784,1853.9646466037789
2021-02-16,2021,2,ZIMA,22.857632404421224,49.755400326894545,4242.750117470005,1860.257080078121
2021-02-16,2021,2,ZIMA,22.92051447430959,49.755400326894545,8156.47590057038,1864.0713706303986
2021-02-16,2021,2,ZIMA,22.98339654419796,49.755400326894545,12493.86630456317,1865.534912109371
2021-02-16,2021,2,ZIMA,23.046278614086322,49.755400326894545,16932.41386754635,1865.2950628851024
2021-02-16,2021,2,ZIMA,23.10916068397469,49.755400326894545,21409.293252281375,1870.9561658815103
2021-02-16,2021,2,ZIMA,22.480339985091025,49.818282396782934,24417.687156783137,1846.8669433593068
2021-02-16,2021,2,ZIMA,22.543222054979392,49.818282396782934,19968.932465393333,1846.8669433594348
2021-02-16,2021,2,ZIMA,22.60610412486776,49.818282396782934,15565.383751527352,1834.63130037718
2021-02-16,2021,2,ZIMA,22.668986194756126,49.818282396782934,11260.207883350295,1834.1937721058582
2021-02-16,2021,2,ZIMA,22.73186826464449,49.818282396782934,7231.299147808723,1838.4164970155425
2021-02-16,2021,2,ZIMA,22.794750334532857,49.818282396782934,4333.529104672702,1858.076567838236
2021-02-16,2021,2,ZIMA,22.857632404421224,49.818282396782934,5124.013005619986,1857.6056842025432
2021-02-16,2021,2,ZIMA,22.92051447430959,49.818282396782934,8644.065763073844,1858.2635856598667
2021-02-16,2021,2,ZIMA,22.98339654419796,49.818282396782934,12812.985222879366,1857.9744676847902
2021-02-16,2021,2,ZIMA,23.046278614086322,49.818282396782934,17164.31095927946,1860.3374235666456
2021-02-16,2021,2,ZIMA,23.10916068397469,49.818282396782934,21588.022501435902,1866.8308290795433
2021-02-16,2021,2,ZIMA,22.543222054979392,49.881164466671294,22458.10700503757,1852.9296236411149
2021-02-16,2021,2,ZIMA,22.60610412486776,49.881164466671294,18657.2342735173,1854.0817684592569
2021-02-16,2021,2,ZIMA,22.668986194756126,49.881164466671294,15256.25598101692,1853.3028063855709
2021-02-16,2021,2,ZIMA,22.73186826464449,49.881164466671294,12583.700795204135,1861.9979055131257
2021-02-16,2021,2,ZIMA,22.794750334532857,49.881164466671294,11175.011060680648,1864.9392836921854
2021-02-16,2021,2,ZIMA,22.857632404421224,49.881164466671294,11504.225194953451,1863.737557229873
2021-02-16,2021,2,ZIMA,22.92051447430959,49.881164466671294,13444.276202874242,1864.9964019557547
2021-02-16,2021,2,ZIMA,22.98339654419796,49.881164466671294,16434.26726118871,1864.962399973073
2021-02-16,2021,2,ZIMA,23.046278614086322,49.881164466671294,20008.920984734334,1861.9347431761325
2021-02-16,2021,2,ZIMA,23.10916068397469,49.881164466671294,23907.400258968875,1861.409527970767
2021-02-16,2021,2,ZIMA,22.60610412486776,49.944046536559654,23489.227935689778,1861.9892036278181
2021-02-16,2021,2,ZIMA,22.668986194756126,49.944046536559654,20893.893703687518,1862.1581601650437
2021-02-16,2021,2,ZIMA,22.73186826464449,49.944046536559654,19032.807114747964,1874.4199462383615
2021-02-16,2021,2,ZIMA,22.794750334532857,49.944046536559654,18133.466014703823,1874.7356222647193
2021-02-16,2021,2,ZIMA,22.857632404421224,49.944046536559654,18337.917441995833,1873.7249539283932
2021-02-16,2021,2,ZIMA,22.92051447430959,49.944046536559654,19611.67139609482,1865.7154541015984
2021-02-16,2021,2,ZIMA,22.98339654419796,49.944046536559654,21767.82095314391,1865.7154541015339
2021-02-16,2021,2,ZIMA,23.046278614086322,49.944046536559654,24575.198885019752,1864.9694824219112
2021-02-20,2021,2,ZIMA,22.924016249809043,49.818282396782934,8866.994486443255,1803.630137951267
2021-02-20,2021,2,ZIMA,22.98689831969741,49.818282396782934,13052.15938295671,1803.630125442863
2021-02-20,2021,2,ZIMA,23.049780389585777,49.818282396782934,17409.26178311288,1803.6301184112813
2021-02-20,2021,2,ZIMA,23.11266245947414,49.818282396782934,21835.615068330917,1803.6301295886258
2021-02-20,2021,2,ZIMA,23.11266245947414,49.881164466671294,24130.91830745205,1803.6301432363882
2021-02-28,2021,2,ZIMA,22.539720279479937,49.881164466671294,22677.575525458135,1866.0893295754563
2021-02-28,2021,2,ZIMA,22.602602349368304,49.944046536559654,23650.796654295005,1866.5899619846002
2021-03-03,2021,3,ZIMA,22.60610412486776,49.629636187117825,22624.190624154453,1873.4207771886968
2021-03-03,2021,3,ZIMA,22.668986194756126,49.629636187117825,19897.662582212422,1873.4208230870133
2021-03-03,2021,3,ZIMA,22.543222054979392,49.692518257006185,21932.788399926114,1870.5371214153133
2021-03-03,2021,3,ZIMA,22.60610412486776,49.692518257006185,18004.58127120856,1873.1892182964714
2021-03-03,2021,3,ZIMA,22.668986194756126,49.692518257006185,14435.272366544037,1873.292073393468
2021-03-03,2021,3,ZIMA,22.73186826464449,49.692518257006185,11562.168138112624,1873.4207720953643
2021-03-03,2021,3,ZIMA,22.794750334532857,49.692518257006185,10004.241321725396,1873.4207771422266
2021-03-03,2021,3,ZIMA,22.480339985091025,49.755400326894545,24263.288966442815,1863.2199557888985
2021-03-03,2021,3,ZIMA,22.543222054979392,49.755400326894545,19773.371791734648,1865.581493666626
2021-03-03,2021,3,ZIMA,22.60610412486776,49.755400326894545,15307.071991672923,1869.8099687681072
2021-03-03,2021,3,ZIMA,22.668986194756126,49.755400326894545,10893.482693503986,1872.7723090630468
2021-03-03,2021,3,ZIMA,22.73186826464449,49.755400326894545,6638.588268421608,1873.286149218838
2021-03-03,2021,3,ZIMA,22.480339985091025,49.818282396782934,24417.687156783137,1879.7869020920657
2021-03-03,2021,3,ZIMA,22.543222054979392,49.818282396782934,19968.932465393333,1866.0924563353594
2021-03-03,2021,3,ZIMA,22.60610412486776,49.818282396782934,15565.383751527352,1857.864280295609
2021-03-03,2021,3,ZIMA,22.668986194756126,49.818282396782934,11260.207883350295,1861.5609794529314
2021-03-03,2021,3,ZIMA,22.543222054979392,49.881164466671294,22458.10700503757,1887.2801397736087
2021-03-03,2021,3,ZIMA,22.60610412486776,49.881164466671294,18657.2342735173,1887.2801202894766
2021-03-21,2021,3,ZIMA,22.794750334532857,49.57725944372781,22765.22415051175,1857.5672801976893
2021-03-21,2021,3,ZIMA,22.857632404421224,49.57725944372781,22929.642924141328,1849.0274724185872
2021-03-21,2021,3,ZIMA,22.92051447430959,49.57725944372781,23968.166495009584,1853.8627929687857
2021-03-21,2021,3,ZIMA,22.668986194756126,49.64014151361617,18915.05239248048,1842.2508976405
2021-03-21,2021,3,ZIMA,22.73186826464449,49.64014151361617,16822.773898113886,1847.3375865672394
2021-03-21,2021,3,ZIMA,22.794750334532857,49.64014151361617,15791.477478126646,1866.445288250775
2021-03-21,2021,3,ZIMA,22.857632404421224,49.64014151361617,16027.29515834017,1865.7290025489845
2021-03-21,2021,3,ZIMA,22.92051447430959,49.64014151361617,17479.017342413288,1857.220069948456
2021-03-21,2021,3,ZIMA,22.98339654419796,49.64014151361617,19882.064266925787,1857.3860034581528
2021-03-21,2021,3,ZIMA,23.046278614086322,49.64014151361617,22939.388354842766,1856.2490210402666
2021-03-21,2021,3,ZIMA,22.60610412486776,49.703023583504546,17388.09997969512,1823.9023536682623
2021-03-21,2021,3,ZIMA,22.668986194756126,49.703023583504546,13659.542302594182,1823.902345543775
2021-03-21,2021,3,ZIMA,22.73186826464449,49.703023583504546,10578.554156056924,1840.1150890540257
2021-03-21,2021,3,ZIMA,22.794750334532857,49.703023583504546,8849.528317586586,1869.8910547606633
2021-03-21,2021,3,ZIMA,22.857632404421224,49.703023583504546,9263.256096580859,1863.6934590311064
2021-03-21,2021,3,ZIMA,22.92051447430959,49.703023583504546,11592.548159691261,1857.3654110698335
2021-03-21,2021,3,ZIMA,22.98339654419796,49.703023583504546,14968.36972927753,1856.7733714651813
2021-03-21,2021,3,ZIMA,23.046278614086322,49.703023583504546,18836.204875113814,1855.606859341055
2021-03-21,2021,3,ZIMA,23.10916068397469,49.703023583504546,22948.6082092133,1848.3790470185652
2021-03-21,2021,3,ZIMA,22.60610412486776,49.765905653392906,15127.185678551421,1836.3634339139394
2021-03-21,2021,3,ZIMA,22.668986194756126,49.765905653392906,10640.406085574949,1836.3633776931379
2021-03-21,2021,3,ZIMA,22.73186826464449,49.765905653392906,6215.886208794365,1855.5562220291831
2021-03-21,2021,3,ZIMA,22.794750334532857,49.765905653392906,2255.8386657603014,1857.7055542200922
2021-03-21,2021,3,ZIMA,22.92051447430959,49.765905653392906,7815.986039923903,1862.011366020638
2021-03-21,2021,3,ZIMA,22.98339654419796,49.765905653392906,12273.503404588548,1861.5803156787094
2021-03-21,2021,3,ZIMA,23.046278614086322,49.765905653392906,16769.633620027365,1855.3722487335554
2021-03-21,2021,3,ZIMA,23.10916068397469,49.765905653392906,21279.91361633516,1852.794304273151
2021-03-21,2021,3,ZIMA,22.73186826464449,49.82878772328128,7950.021305988564,1847.1210873792643
2021-03-21,2021,3,ZIMA,22.794750334532857,49.82878772328128,5449.57910022521,1847.121093749996
2021-03-21,2021,3,ZIMA,23.10916068397469,49.89166979316964,24468.971890557703,1835.822754630737
2021-03-24,2021,3,ZIMA,22.857632404421224,49.57725944372781,22929.642924141328,1850.6082770137955
2021-03-24,2021,3,ZIMA,22.92051447430959,49.57725944372781,23968.166495009584,1850.6082703089203
2021-03-24,2021,3,ZIMA,22.60610412486776,49.64014151361617,21764.45074750315,1865.0186297440746
2021-03-24,2021,3,ZIMA,22.668986194756126,49.64014151361617,18915.05239248048,1865.029912137042
2021-03-24,2021,3,ZIMA,22.73186826464449,49.64014151361617,16822.773898113886,1865.0298912419753
2021-03-24,2021,3,ZIMA,22.794750334532857,49.64014151361617,15791.477478126646,1861.6329335075432
2021-03-24,2021,3,ZIMA,22.857632404421224,49.64014151361617,16027.29515834017,1859.5887833585234
2021-03-24,2021,3,ZIMA,22.92051447430959,49.64014151361617,17479.017342413288,1858.0147009954262
2021-03-24,2021,3,ZIMA,22.98339654419796,49.64014151361617,19882.064266925787,1854.7396128876653
2021-03-24,2021,3,ZIMA,23.046278614086322,49.64014151361617,22939.388354842766,1864.1810244418982
2021-03-24,2021,3,ZIMA,22.543222054979392,49.703023583504546,21428.823452632554,1855.7914143712055
2021-03-24,2021,3,ZIMA,22.60610412486776,49.703023583504546,17388.09997969512,1857.5390940695208
2021-03-24,2021,3,ZIMA,22.668986194756126,49.703023583504546,13659.542302594182,1861.398401770552
2021-03-24,2021,3,ZIMA,22.73186826464449,49.703023583504546,10578.554156056924,1865.0299104610608
2021-03-24,2021,3,ZIMA,22.794750334532857,49.703023583504546,8849.528317586586,1862.7234639563696
2021-03-24,2021,3,ZIMA,22.857632404421224,49.703023583504546,9263.256096580859,1861.6329345702839
2021-03-24,2021,3,ZIMA,22.92051447430959,49.703023583504546,11592.548159691261,1860.0403772246234
2021-03-24,2021,3,ZIMA,22.98339654419796,49.703023583504546,14968.36972927753,1859.718606712981
2021-03-24,2021,3,ZIMA,23.046278614086322,49.703023583504546,18836.204875113814,1872.6715926970028
2021-03-24,2021,3,ZIMA,23.10916068397469,49.703023583504546,22948.6082092133,1867.5729503462437
2021-03-24,2021,3,ZIMA,22.480339985091025,49.765905653392906,24148.621374600574,1853.6751639960953
2021-03-24,2021,3,ZIMA,22.543222054979392,49.765905653392906,19633.58536118644,1854.0678252698249
2021-03-24,2021,3,ZIMA,22.60610412486776,49.765905653392906,15127.185678551421,1854.9369103687234
2021-03-24,2021,3,ZIMA,22.668986194756126,49.765905653392906,10640.406085574949,1855.0478034607959
2021-03-24,2021,3,ZIMA,22.73186826464449,49.765905653392906,6215.886208794365,1855.9028295364394
2021-03-24,2021,3,ZIMA,22.92051447430959,49.765905653392906,7815.986039923903,1865.9399675451878
2021-03-24,2021,3,ZIMA,22.98339654419796,49.765905653392906,12273.503404588548,1876.0776337289049
2021-03-24,2021,3,ZIMA,23.046278614086322,49.765905653392906,16769.633620027365,1876.1188251585186
2021-03-24,2021,3,ZIMA,23.10916068397469,49.765905653392906,21279.91361633516,1876.2649935777104
2021-03-24,2021,3,ZIMA,22.480339985091025,49.82878772328128,24637.71098163613,1859.465192505961
2021-03-24,2021,3,ZIMA,22.543222054979392,49.82878772328128,20238.437926157472,1855.4243662356755
2021-03-24,2021,3,ZIMA,22.60610412486776,49.82878772328128,15910.724569619551,1853.8753462239745
2021-03-24,2021,3,ZIMA,22.668986194756126,49.82878772328128,11734.02227692739,1855.1289064426467
2021-03-24,2021,3,ZIMA,23.046278614086322,49.82878772328128,17477.763716287656,1876.1184120748103
2021-03-24,2021,3,ZIMA,23.10916068397469,49.82878772328128,21837.221769753294,1876.118400853615
2021-03-24,2021,3,ZIMA,22.543222054979392,49.89166979316964,23055.323741507742,1863.5592086927745
2021-03-24,2021,3,ZIMA,22.60610412486776,49.89166979316964,19372.8599092558,1865.963846676778
2021-03-24,2021,3,ZIMA,22.668986194756126,49.89166979316964,16124.320549651156,1869.551662007729
2021-03-24,2021,3,ZIMA,22.73186826464449,49.89166979316964,13623.731614643058,1866.0575365335699
2021-03-24,2021,3,ZIMA,22.794750334532857,49.89166979316964,12334.694064801255,1865.6346424201315
2021-03-24,2021,3,ZIMA,22.857632404421224,49.89166979316964,12633.660695484874,1874.0395143658918
2021-03-24,2021,3,ZIMA,22.60610412486776,49.954551863058015,24398.873749480455,1867.329500641085
2021-03-24,2021,3,ZIMA,22.668986194756126,49.954551863058015,21912.12152600626,1868.723242494336
2021-03-24,2021,3,ZIMA,22.73186826464449,49.954551863058015,20145.72377669812,1869.9118187071135
2021-03-24,2021,3,ZIMA,22.794750334532857,49.954551863058015,19298.50501956277,1868.500129972522
2021-03-24,2021,3,ZIMA,22.857632404421224,49.954551863058015,19490.69782676635,1881.6208782407691
2021-03-24,2021,3,ZIMA,22.92051447430959,49.954551863058015,20693.361969813795,1882.0895987944848
2021-03-24,2021,3,ZIMA,22.98339654419796,49.954551863058015,22746.784219170553,1882.0895853451723
2021-03-24,2021,3,ZIMA,22.72836648914504,49.57375766822835,23934.74062003905,1858.1238364397118
2021-03-24,2021,3,ZIMA,22.791248559033406,49.57375766822835,23171.03997588284,1858.4945109131495
2021-03-24,2021,3,ZIMA,22.854130628921773,49.57375766822835,23283.399618043084,1858.4945119214767
2021-03-24,2021,3,ZIMA,22.91701269881014,49.57375766822835,24259.650325481372,1858.494507745196
2021-03-24,2021,3,ZIMA,22.602602349368304,49.63663973811673,22221.015838680374,1849.863164360199
2021-03-24,2021,3,ZIMA,22.66548441925667,49.63663973811673,19379.42308017176,1850.197486590844
2021-03-24,2021,3,ZIMA,22.72836648914504,49.63663973811673,17276.924078610296,1864.8402985614057
2021-03-24,2021,3,ZIMA,22.791248559033406,49.63663973811673,16203.815953358711,1865.2843199514625
2021-03-24,2021,3,ZIMA,22.854130628921773,49.63663973811673,16363.879178447985,1866.1723795934292
2021-03-24,2021,3,ZIMA,22.91701269881014,49.63663973811673,17723.73555961373,1866.5921422884471
2021-03-24,2021,3,ZIMA,22.979894768698507,49.63663973811673,20040.623156352834,1867.47925349969
2021-03-24,2021,3,ZIMA,22.539720279479937,49.69952180800509,21820.135385377285,1854.5600096635133
2021-03-24,2021,3,ZIMA,22.602602349368304,49.69952180800509,17803.664050746822,1854.6609262729305
2021-03-24,2021,3,ZIMA,22.66548441925667,49.69952180800509,14103.583896755159,1854.7199767585603
2021-03-24,2021,3,ZIMA,22.72836648914504,49.69952180800509,11042.657847244038,1869.2406584993282
2021-03-24,2021,3,ZIMA,22.791248559033406,49.69952180800509,9276.750010689626,1869.4944254471754
2021-03-24,2021,3,ZIMA,22.854130628921773,49.69952180800509,9553.233236262362,1869.9872518425725
2021-03-24,2021,3,ZIMA,22.91701269881014,49.69952180800509,11728.549324214437,1870.2410946010896
2021-03-24,2021,3,ZIMA,22.979894768698507,49.69952180800509,14998.069231358255,1870.7102323020124
2021-03-24,2021,3,ZIMA,23.042776838586875,49.69952180800509,18799.30470471293,1866.0120794570917
2021-03-24,2021,3,ZIMA,23.10565890847524,49.69952180800509,22868.626582513712,1866.012086296048
2021-03-24,2021,3,ZIMA,22.476838209591577,49.76240387789346,24431.91051318653,1855.469397541067
2021-03-24,2021,3,ZIMA,22.539720279479937,49.76240387789346,19923.368274673587,1855.4045810792993
2021-03-24,2021,3,ZIMA,22.602602349368304,49.76240387789346,15427.190835483087,1855.3376578300984
2021-03-24,2021,3,ZIMA,22.66548441925667,49.76240387789346,10958.613241493711,1855.304218953412
2021-03-24,2021,3,ZIMA,22.72836648914504,49.76240387789346,6574.1652570221095,1874.1219342729346
2021-03-24,2021,3,ZIMA,22.476838209591577,49.82528594778182,24805.546002160747,1846.2651477753018
2021-03-24,2021,3,ZIMA,22.539720279479937,49.82528594778182,20386.177140635493,1844.8840228189126
2021-03-24,2021,3,ZIMA,22.602602349368304,49.82528594778182,16026.836660499537,1843.4759955928848
2021-03-24,2021,3,ZIMA,22.66548441925667,49.82528594778182,11794.280549012707,1842.7718636199795
2021-03-24,2021,3,ZIMA,22.539720279479937,49.888168017670196,23067.043642845758,1864.5110177814108
2021-03-24,2021,3,ZIMA,22.602602349368304,49.888168017670196,19327.640273898036,1864.5302596602921
2021-03-24,2021,3,ZIMA,22.66548441925667,49.888168017670196,15998.627117241811,1864.5379109231742
2021-03-24,2021,3,ZIMA,22.602602349368304,49.951050087558556,24250.700126710584,1864.6864598509526
2021-03-24,2021,3,ZIMA,22.66548441925667,49.951050087558556,21694.419224661935,1864.644395725304
2021-03-27,2021,3,ZIMA,22.73186826464449,49.57725944372781,23493.2693373508,1838.5347978907132
2021-03-27,2021,3,ZIMA,22.794750334532857,49.57725944372781,22765.22415051175,1838.384973545686
2021-03-27,2021,3,ZIMA,22.857632404421224,49.57725944372781,22929.642924141328,1847.5602787893868
2021-03-27,2021,3,ZIMA,22.92051447430959,49.57725944372781,23968.166495009584,1857.1241177204397
2021-03-27,2021,3,ZIMA,22.60610412486776,49.64014151361617,21764.45074750315,1856.6639346315349
2021-03-27,2021,3,ZIMA,22.668986194756126,49.64014151361617,18915.05239248048,1856.663949738686
2021-03-27,2021,3,ZIMA,22.73186826464449,49.64014151361617,16822.773898113886,1861.3770548273924
2021-03-27,2021,3,ZIMA,22.794750334532857,49.64014151361617,15791.477478126646,1861.1249497380145
2021-03-27,2021,3,ZIMA,22.857632404421224,49.64014151361617,16027.29515834017,1863.150248968495
2021-03-27,2021,3,ZIMA,22.92051447430959,49.64014151361617,17479.017342413288,1863.561864697384
2021-03-27,2021,3,ZIMA,22.98339654419796,49.64014151361617,19882.064266925787,1862.2931085816924
2021-03-27,2021,3,ZIMA,23.046278614086322,49.64014151361617,22939.388354842766,1836.6583386889042
2021-03-27,2021,3,ZIMA,22.543222054979392,49.703023583504546,21428.823452632554,1851.6106704299086
2021-03-27,2021,3,ZIMA,22.60610412486776,49.703023583504546,17388.09997969512,1856.7165530249072
2021-03-27,2021,3,ZIMA,22.668986194756126,49.703023583504546,13659.542302594182,1857.119227507329
2021-03-27,2021,3,ZIMA,22.73186826464449,49.703023583504546,10578.554156056924,1864.7446289061847
2021-03-27,2021,3,ZIMA,22.794750334532857,49.703023583504546,8849.528317586586,1870.9780018739827
2021-03-27,2021,3,ZIMA,22.857632404421224,49.703023583504546,9263.256096580859,1870.1257022573795
2021-03-27,2021,3,ZIMA,22.92051447430959,49.703023583504546,11592.548159691261,1866.8999611272147
2021-03-27,2021,3,ZIMA,22.98339654419796,49.703023583504546,14968.36972927753,1866.5327181439168
2021-03-27,2021,3,ZIMA,23.046278614086322,49.703023583504546,18836.204875113814,1864.4093541340424
2021-03-27,2021,3,ZIMA,23.10916068397469,49.703023583504546,22948.6082092133,1865.262782178263
2021-03-27,2021,3,ZIMA,22.480339985091025,49.765905653392906,24148.621374600574,1851.9416129049928
2021-03-27,2021,3,ZIMA,22.543222054979392,49.765905653392906,19633.58536118644,1858.8957489519596
2021-03-27,2021,3,ZIMA,22.60610412486776,49.765905653392906,15127.185678551421,1864.9942921776424
2021-03-27,2021,3,ZIMA,22.668986194756126,49.765905653392906,10640.406085574949,1859.860069408144
2021-03-27,2021,3,ZIMA,22.73186826464449,49.765905653392906,6215.886208794365,1860.2919875899074
2021-03-27,2021,3,ZIMA,22.794750334532857,49.765905653392906,2255.8386657603014,1865.7418490958958
2021-03-27,2021,3,ZIMA,22.857632404421224,49.765905653392906,3545.833307069924,1872.988887646033
2021-03-27,2021,3,ZIMA,22.92051447430959,49.765905653392906,7815.986039923903,1873.6039719417934
2021-03-27,2021,3,ZIMA,22.98339654419796,49.765905653392906,12273.503404588548,1876.0579751463224
2021-03-27,2021,3,ZIMA,23.046278614086322,49.765905653392906,16769.633620027365,1869.2544282820274
2021-03-27,2021,3,ZIMA,23.10916068397469,49.765905653392906,21279.91361633516,1866.0684842180492
2021-03-27,2021,3,ZIMA,22.480339985091025,49.82878772328128,24637.71098163613,1864.5710856346857
2021-03-27,2021,3,ZIMA,22.543222054979392,49.82878772328128,20238.437926157472,1862.0261489527304
2021-03-27,2021,3,ZIMA,22.60610412486776,49.82878772328128,15910.724569619551,1856.2167875245761
2021-03-27,2021,3,ZIMA,22.668986194756126,49.82878772328128,11734.02227692739,1853.563415124461
2021-03-27,2021,3,ZIMA,22.73186826464449,49.82878772328128,7950.021305988564,1869.3364205784467
2021-03-27,2021,3,ZIMA,22.794750334532857,49.82878772328128,5449.57910022521,1868.9310931913321
2021-03-27,2021,3,ZIMA,22.857632404421224,49.82878772328128,6096.910818244094,1882.5158047378723
2021-03-27,2021,3,ZIMA,22.92051447430959,49.82878772328128,9253.44027674539,1878.105822987407
2021-03-27,2021,3,ZIMA,22.543222054979392,49.89166979316964,23055.323741507742,1871.826185067254
2021-03-27,2021,3,ZIMA,22.60610412486776,49.89166979316964,19372.8599092558,1870.493341563637
2021-03-27,2021,3,ZIMA,22.668986194756126,49.89166979316964,16124.320549651156,1868.8103891479586
2021-03-27,2021,3,ZIMA,22.73186826464449,49.89166979316964,13623.731614643058,1876.309074784813
2021-03-27,2021,3,ZIMA,22.794750334532857,49.89166979316964,12334.694064801255,1878.235213051391
2021-03-27,2021,3,ZIMA,22.857632404421224,49.89166979316964,12633.660695484874,1887.0044049885855
2021-03-27,2021,3,ZIMA,22.92051447430959,49.89166979316964,14422.21314753677,1873.7911054216083
2021-03-27,2021,3,ZIMA,23.10916068397469,49.89166979316964,24468.971890557703,1863.466703790708
2021-03-27,2021,3,ZIMA,22.60610412486776,49.954551863058015,24398.873749480455,1879.4960937500687
2021-03-27,2021,3,ZIMA,22.668986194756126,49.954551863058015,21912.12152600626,1878.1606899279866
2021-03-27,2021,3,ZIMA,22.73186826464449,49.954551863058015,20145.72377669812,1876.2628865997692
2021-03-27,2021,3,ZIMA,22.794750334532857,49.954551863058015,19298.50501956277,1880.5456279751374
2021-03-27,2021,3,ZIMA,22.857632404421224,49.954551863058015,19490.69782676635,1882.8539071293155
2021-03-27,2021,3,ZIMA,22.92051447430959,49.954551863058015,20693.361969813795,1873.791021742847
2021-03-27,2021,3,ZIMA,22.98339654419796,49.954551863058015,22746.784219170553,1876.0377906908238
2021-06-22,2021,6,LATO,23.032271512088514,49.703023583504546,17947.730849060772,1897.1328340251378
2021-06-22,2021,6,LATO,23.095153581976888,49.703023583504546,22018.29212632753,1892.1313712495357
2021-06-22,2021,6,LATO,22.969389442200153,49.765905653392906,11275.618279068221,1895.161153458104
2021-06-22,2021,6,LATO,23.032271512088514,49.765905653392906,15766.459244749018,1895.1611213928047
2021-06-22,2021,6,LATO,23.095153581976888,49.765905653392906,20274.499141863576,1895.1611328125402
2021-06-22,2021,6,LATO,23.158035651865248,49.765905653392906,24790.35474535101,1894.9548191613958
2021-06-22,2021,6,LATO,22.969389442200153,49.82878772328128,12312.212884683175,1873.7615887319919
2021-06-22,2021,6,LATO,23.032271512088514,49.82878772328128,16518.931220972747,1873.7616115359785
2021-06-22,2021,6,LATO,23.095153581976888,49.82878772328128,20859.98350400866,1895.1611298701396
2021-06-22,2021,6,LATO,22.90650737231178,49.89166979316964,13916.83236940334,1874.0335419846028
2021-06-22,2021,6,LATO,22.969389442200153,49.89166979316964,16549.288935805096,1874.0164167419287
2021-06-22,2021,6,LATO,23.032271512088514,49.89166979316964,19874.758845354678,1873.9269496003303
2021-06-22,2021,6,LATO,23.095153581976888,49.89166979316964,23602.105020718893,1873.7615967537527
2021-06-22,2021,6,LATO,22.969389442200153,49.954551863058015,22226.296487740947,1874.0335622928221
2021-06-22,2021,6,LATO,23.032271512088514,49.954551863058015,24798.74504417711,1874.0335671862983
2021-06-24,2021,6,LATO,23.02526796108961,49.703023583504546,17508.418864197356,1877.2779310402973
2021-06-24,2021,6,LATO,23.08815003097797,49.703023583504546,21555.809996945234,1877.2779212368362
2021-06-24,2021,6,LATO,22.96238589120125,49.765905653392906,10777.448504270846,1877.2778993259533
2021-06-24,2021,6,LATO,23.02526796108961,49.765905653392906,15265.157581784584,1877.2779741280403
2021-06-24,2021,6,LATO,23.08815003097797,49.765905653392906,19771.9269539861,1877.2779427060605
2021-06-24,2021,6,LATO,23.15103210086636,49.765905653392906,24287.146059151117,1879.437660085061
2021-06-24,2021,6,LATO,23.15103210086636,49.82878772328128,24773.32576202776,1880.2878315291098
2021-06-24,2021,6,LATO,23.08815003097797,49.89166979316964,23172.94236194198,1876.6437922413393
2021-06-29,2021,6,LATO,22.84362530242342,49.64014151361617,15863.214412557072,1843.6490633718613
2021-06-29,2021,6,LATO,22.780743232535045,49.703023583504546,9068.63376435645,1852.9077192936857
2021-06-29,2021,6,LATO,22.84362530242342,49.703023583504546,8976.749731993239,1843.6490490022165
2021-06-29,2021,6,LATO,22.90650737231178,49.703023583504546,10954.88011534553,1843.649059078388
2021-06-29,2021,6,LATO,22.780743232535045,49.765905653392906,3001.6205564528414,1838.5448539190136
2021-06-29,2021,6,LATO,22.84362530242342,49.765905653392906,2711.7845216005016,1851.5144110200845
2021-06-29,2021,6,LATO,22.90650737231178,49.765905653392906,6835.963182596178,1852.7752710265283
2021-06-29,2021,6,LATO,22.969389442200153,49.765905653392906,11275.618279068221,1844.9473237375569
2021-06-29,2021,6,LATO,23.032271512088514,49.765905653392906,15766.459244749018,1843.6490482332124
2021-06-29,2021,6,LATO,23.095153581976888,49.765905653392906,20274.499141863576,1843.6490402874645
2021-06-29,2021,6,LATO,22.717861162646685,49.82878772328128,8731.948753355113,1846.349544758554
2021-06-29,2021,6,LATO,22.780743232535045,49.82878772328128,5797.735700055515,1841.791293364462
2021-06-29,2021,6,LATO,22.84362530242342,49.82878772328128,5653.312196730159,1838.582885159781
2021-06-29,2021,6,LATO,22.90650737231178,49.82878772328128,8443.074489630133,1844.6848701103931
2021-06-29,2021,6,LATO,22.969389442200153,49.82878772328128,12312.212884683175,1852.7604925516318
2021-06-29,2021,6,LATO,23.032271512088514,49.82878772328128,16518.931220972747,1849.3995334043495
2021-06-29,2021,6,LATO,23.095153581976888,49.82878772328128,20859.98350400866,1843.6490607733854
2021-06-29,2021,6,LATO,22.654979092758325,49.89166979316964,16796.942183041385,1850.3044520420783
2021-06-29,2021,6,LATO,22.717861162646685,49.89166979316964,14093.728948783195,1851.1678559021993
2021-06-29,2021,6,LATO,22.780743232535045,49.89166979316964,12492.214459069874,1851.0400866891855
2021-06-29,2021,6,LATO,22.84362530242342,49.89166979316964,12425.931299741358,1845.9314890107871
2021-06-29,2021,6,LATO,22.90650737231178,49.89166979316964,13916.83236940334,1845.2063216445981
2021-06-29,2021,6,LATO,22.969389442200153,49.89166979316964,16549.288935805096,1838.388026630081
2021-06-29,2021,6,LATO,23.032271512088514,49.89166979316964,19874.758845354678,1838.706247712945
2021-06-29,2021,6,LATO,22.654979092758325,49.954551863058015,22411.0645353704,1848.3695684473694
2021-06-29,2021,6,LATO,22.717861162646685,49.954551863058015,20466.07869100656,1850.013989708665
2021-06-29,2021,6,LATO,22.780743232535045,49.954551863058015,19399.431935623354,1851.1804209212453
2021-06-29,2021,6,LATO,22.84362530242342,49.954551863058015,19356.87092457476,1851.0109690572444
2021-06-29,2021,6,LATO,22.90650737231178,49.954551863058015,20344.823639693168,1848.1499790992268
2021-06-29,2021,6,LATO,22.969389442200153,49.954551863058015,22226.296487740947,1845.176712297699
2021-06-29,2021,6,LATO,23.032271512088514,49.954551863058015,24798.74504417711,1839.3441334323966
2021-07-06,2021,7,LATO,22.7772414570356,49.57725944372781,22880.010970962256,1831.1805203995618
2021-07-06,2021,7,LATO,22.84012352692396,49.57725944372781,22793.391111527922,1827.9814097044903
2021-07-06,2021,7,LATO,22.903005596812335,49.57725944372781,23596.05529717468,1826.485373816132
2021-07-06,2021,7,LATO,22.84012352692396,49.64014151361617,15832.004225340383,1833.4696219424707
2021-07-07,2021,7,LATO,22.84012352692396,49.57725944372781,22793.391111527922,1860.6260951466986
2021-07-07,2021,7,LATO,22.903005596812335,49.57725944372781,23596.05529717468,1860.626101322529
2021-07-07,2021,7,LATO,22.651477317258866,49.64014151361617,19644.87615510022,1846.0683142888954
2021-07-07,2021,7,LATO,22.714359387147226,49.64014151361617,17311.644736144277,1850.538936882671
2021-07-07,2021,7,LATO,22.7772414570356,49.64014151361617,15956.299449220478,1854.1642971683316
2021-07-07,2021,7,LATO,23.02876973658907,49.64014151361617,22037.010834643912,1844.088524449992
2021-07-07,2021,7,LATO,22.651477317258866,49.703023583504546,14652.263880901603,1841.0627433651246
2021-07-07,2021,7,LATO,22.714359387147226,49.703023583504546,11338.944403631276,1841.4242976714454
2021-07-07,2021,7,LATO,22.7772414570356,49.703023583504546,9140.029561753958,1845.3732298652203
2021-07-07,2021,7,LATO,22.588595247370506,49.765905653392906,16380.668261241508,1835.5556633417707
2021-07-07,2021,7,LATO,22.651477317258866,49.765905653392906,11886.450881199358,1836.27286454097
2021-07-07,2021,7,LATO,22.714359387147226,49.765905653392906,7435.161123830869,1837.3959434839244
2021-07-07,2021,7,LATO,22.588595247370506,49.82878772328128,17105.396575522118,1836.9724836044209
2021-07-07,2021,7,LATO,22.651477317258866,49.82878772328128,12873.244408405542,1836.2435980250632
2021-07-07,2021,7,LATO,22.714359387147226,49.82878772328128,8934.520738934094,1835.788978325459
2021-07-08,2021,7,LATO,22.714359387147226,49.57725944372781,23846.226255515205,1852.66885327711
2021-07-08,2021,7,LATO,22.7772414570356,49.57725944372781,22880.010970962256,1856.6389503039222
2021-07-08,2021,7,LATO,22.84012352692396,49.57725944372781,22793.391111527922,1854.6675575851077
2021-07-08,2021,7,LATO,22.903005596812335,49.57725944372781,23596.05529717468,1853.6706865520948
2021-07-08,2021,7,LATO,22.588595247370506,49.64014151361617,22655.85801047727,1858.8196896729464
2021-07-08,2021,7,LATO,22.651477317258866,49.64014151361617,19644.87615510022,1857.7127685546266
2021-07-08,2021,7,LATO,22.714359387147226,49.64014151361617,17311.644736144277,1856.2796375372989
2021-07-08,2021,7,LATO,22.7772414570356,49.64014151361617,15956.299449220478,1855.8680083474806
2021-07-08,2021,7,LATO,22.84012352692396,49.64014151361617,15832.004225340383,1856.4434658857997
2021-07-08,2021,7,LATO,22.903005596812335,49.64014151361617,16965.836855889575,1852.2747878196694
2021-07-08,2021,7,LATO,22.965887666700695,49.64014151361617,19135.44931006767,1851.3897769794921
2021-07-08,2021,7,LATO,23.02876973658907,49.64014151361617,22037.010834643912,1852.6183133762022
2021-07-08,2021,7,LATO,22.52571317748213,49.703023583504546,22587.162426536906,1862.4648101914177
2021-07-08,2021,7,LATO,22.588595247370506,49.703023583504546,18490.311644243488,1860.3901937549401
2021-07-08,2021,7,LATO,22.651477317258866,49.703023583504546,14652.263880901603,1859.3643483300662
2021-07-08,2021,7,LATO,22.714359387147226,49.703023583504546,11338.944403631276,1855.8845470928072
2021-07-08,2021,7,LATO,22.7772414570356,49.703023583504546,9140.029561753958,1853.3699786551672
2021-07-08,2021,7,LATO,22.84012352692396,49.703023583504546,8921.552370794487,1853.737330848993
2021-07-08,2021,7,LATO,22.903005596812335,49.703023583504546,10804.327233564076,1849.8526242303667
2021-07-08,2021,7,LATO,22.965887666700695,49.703023583504546,13962.754705896936,1850.1404062450824
2021-07-08,2021,7,LATO,23.02876973658907,49.703023583504546,17727.63889167577,1851.6028326669327
2021-07-08,2021,7,LATO,23.09165180647743,49.703023583504546,21786.816205965722,1858.4029555574407
2021-07-08,2021,7,LATO,22.52571317748213,49.765905653392906,20890.123640765443,1851.0814572871107
2021-07-08,2021,7,LATO,22.588595247370506,49.765905653392906,16380.668261241508,1856.2192675770787
2021-07-08,2021,7,LATO,22.651477317258866,49.765905653392906,11886.450881199358,1860.0265182570877
2021-07-08,2021,7,LATO,22.714359387147226,49.765905653392906,7435.161123830869,1859.6440532702961
2021-07-08,2021,7,LATO,22.7772414570356,49.765905653392906,3210.619340403136,1858.1289079549713
2021-07-08,2021,7,LATO,22.84012352692396,49.765905653392906,2523.3126508779337,1854.0886440352158
2021-07-08,2021,7,LATO,22.903005596812335,49.765905653392906,6592.32142197454,1853.7088283817968
2021-07-08,2021,7,LATO,22.965887666700695,49.765905653392906,11026.461713720417,1853.6242492276892
2021-07-08,2021,7,LATO,23.02876973658907,49.765905653392906,15515.78269673641,1855.4024363847313
2021-07-08,2021,7,LATO,23.09165180647743,49.765905653392906,20023.20108708745,1858.940196312723
2021-07-08,2021,7,LATO,23.154533876365804,49.765905653392906,24538.74390792931,1859.4376953907201
2021-07-08,2021,7,LATO,22.52571317748213,49.82878772328128,21458.053684533254,1850.8210114798744
2021-07-08,2021,7,LATO,22.588595247370506,49.82878772328128,17105.396575522118,1850.4614913564615
2021-07-08,2021,7,LATO,22.651477317258866,49.82878772328128,12873.244408405542,1857.9349377946398
2021-07-08,2021,7,LATO,22.714359387147226,49.82878772328128,8934.520738934094,1858.6974575956665
2021-07-08,2021,7,LATO,22.7772414570356,49.82878772328128,5908.502699683845,1856.8090028123277
2021-07-08,2021,7,LATO,22.84012352692396,49.82878772328128,5565.478544359213,1851.9466846831408
2021-07-08,2021,7,LATO,22.903005596812335,49.82878772328128,8247.30583412717,1853.5509114368194
2021-07-08,2021,7,LATO,22.965887666700695,49.82878772328128,12084.745281253774,1850.5285851469691
2021-07-08,2021,7,LATO,23.02876973658907,49.82878772328128,16280.157012807253,1852.092100816633
2021-07-08,2021,7,LATO,23.09165180647743,49.82878772328128,20616.141316553247,1854.966308593774
2021-07-08,2021,7,LATO,22.52571317748213,49.89166979316964,24131.63257145798,1874.6995619852255
2021-07-08,2021,7,LATO,22.588595247370506,49.89166979316964,20364.18316448082,1864.2940014036049
2021-07-08,2021,7,LATO,22.651477317258866,49.89166979316964,16970.281436225658,1861.9058943595198
2021-07-08,2021,7,LATO,22.714359387147226,49.89166979316964,14219.960460467935,1861.689134416448
2021-07-08,2021,7,LATO,22.7772414570356,49.89166979316964,12543.938902384274,1861.4351661779892
2021-07-08,2021,7,LATO,22.84012352692396,49.89166979316964,12386.26901971219,1860.499312011539
2021-07-08,2021,7,LATO,22.903005596812335,49.89166979316964,13799.09481397737,1855.7765443846358
2021-07-08,2021,7,LATO,22.965887666700695,49.89166979316964,16380.984509599155,1839.1776140895051
2021-07-08,2021,7,LATO,23.02876973658907,49.89166979316964,19677.007522249452,1838.8496945864497
2021-07-08,2021,7,LATO,23.09165180647743,49.89166979316964,23387.151398022725,1841.116781969926
2021-07-08,2021,7,LATO,22.651477317258866,49.954551863058015,22541.104315333898,1865.0011182192316
2021-07-08,2021,7,LATO,22.714359387147226,49.954551863058015,20553.09728768775,1861.362481580336
2021-07-08,2021,7,LATO,22.7772414570356,49.954551863058015,19432.73675666003,1862.6651763486257
2021-07-08,2021,7,LATO,22.84012352692396,49.954551863058015,19331.467149038792,1861.7704226908727
2021-07-08,2021,7,LATO,22.903005596812335,49.954551863058015,20264.5722208888,1854.3535460265157
2021-07-08,2021,7,LATO,22.965887666700695,49.954551863058015,22101.4288128028,1852.7544363913787
2021-07-08,2021,7,LATO,23.02876973658907,49.954551863058015,24640.7490788335,1847.943219156409
2021-07-11,2021,7,LATO,22.714359387147226,49.57375766822835,24217.66519655963,1836.11445283894
2021-07-11,2021,7,LATO,22.7772414570356,49.57375766822835,23266.810492080956,1841.5455347577051
2021-07-11,2021,7,LATO,22.84012352692396,49.57375766822835,23181.62987085124,1843.2758505930333
2021-07-11,2021,7,LATO,22.903005596812335,49.57375766822835,23971.353255234702,1839.528195021939
2021-07-11,2021,7,LATO,22.588595247370506,49.63663973811673,22928.32867859584,1836.9928678099561
2021-07-11,2021,7,LATO,22.651477317258866,49.63663973811673,19958.266113137925,1847.6961284276313
2021-07-11,2021,7,LATO,22.714359387147226,49.63663973811673,17666.298197156444,1859.563117680923
2021-07-11,2021,7,LATO,22.7772414570356,49.63663973811673,16340.297051275738,1847.6073390079762
2021-07-11,2021,7,LATO,22.84012352692396,49.63663973811673,16218.936152678809,1845.6939409470353
2021-07-11,2021,7,LATO,22.903005596812335,49.63663973811673,17327.54509806988,1841.3754090949055
2021-07-11,2021,7,LATO,22.965887666700695,49.63663973811673,19457.009840422077,1843.1216601544024
2021-07-11,2021,7,LATO,23.02876973658907,49.63663973811673,22316.993932888305,1846.3021876751789
2021-07-11,2021,7,LATO,22.52571317748213,49.69952180800509,22741.24947121939,1836.1998563825216
2021-07-11,2021,7,LATO,22.588595247370506,49.69952180800509,18677.902786448478,1837.9745232412363
2021-07-11,2021,7,LATO,22.651477317258866,49.69952180800509,14887.986065875959,1841.7841276967554
2021-07-11,2021,7,LATO,22.714359387147226,49.69952180800509,11641.68261194455,1841.8453218094394
2021-07-11,2021,7,LATO,22.7772414570356,49.69952180800509,9512.834732500989,1848.0201416015982
2021-07-11,2021,7,LATO,22.84012352692396,49.69952180800509,9303.101501093282,1835.1877565569116
2021-07-11,2021,7,LATO,22.903005596812335,49.69952180800509,11121.589456061673,1833.7692629402438
2021-07-11,2021,7,LATO,22.965887666700695,49.69952180800509,14209.8696362014,1842.5448386656192
2021-07-11,2021,7,LATO,23.02876973658907,49.69952180800509,17923.15887584026,1841.4318730880912
2021-07-11,2021,7,LATO,23.09165180647743,49.69952180800509,21946.46506816156,1839.6739515456138
2021-07-11,2021,7,LATO,22.52571317748213,49.76240387789346,20926.866087883933,1846.2112260449067
2021-07-11,2021,7,LATO,22.588595247370506,49.76240387789346,16427.131332161836,1846.999910962168
2021-07-11,2021,7,LATO,22.651477317258866,49.76240387789346,11950.017335909584,1854.646686669823
2021-07-11,2021,7,LATO,22.714359387147226,49.76240387789346,7535.95554065889,1854.3650816635752
2021-07-11,2021,7,LATO,22.7772414570356,49.76240387789346,3437.1277018518767,1856.060866293259
2021-07-11,2021,7,LATO,22.84012352692396,49.76240387789346,2805.814610497137,1838.911130919598
2021-07-11,2021,7,LATO,22.903005596812335,49.76240387789346,6705.733024471378,1838.941188201879
2021-07-11,2021,7,LATO,22.965887666700695,49.76240387789346,11094.892441910108,1843.8634033202916
2021-07-11,2021,7,LATO,23.02876973658907,49.76240387789346,15564.763941225472,1843.8634017785728
2021-07-11,2021,7,LATO,22.52571317748213,49.82528594778182,21366.71002925093,1845.3685302734973
2021-07-11,2021,7,LATO,22.588595247370506,49.82528594778182,16990.312078691608,1842.0065811444842
2021-07-11,2021,7,LATO,22.651477317258866,49.82528594778182,12719.566542102213,1842.1862814461717
2021-07-11,2021,7,LATO,22.714359387147226,49.82528594778182,8711.28030562575,1851.8795770276133
2021-07-11,2021,7,LATO,22.7772414570356,49.82528594778182,5564.880387908447,1855.7410353923078
2021-07-11,2021,7,LATO,22.965887666700695,49.82528594778182,11920.847219756432,1843.8633876376725
2021-07-11,2021,7,LATO,23.02876973658907,49.82528594778182,16159.134748314964,1843.863390318893
2021-07-11,2021,7,LATO,22.52571317748213,49.888168017670196,23936.906387902236,1837.9961389367643
2021-07-11,2021,7,LATO,22.588595247370506,49.888168017670196,20132.74992486935,1854.9001434687225
2021-07-11,2021,7,LATO,22.651477317258866,49.888168017670196,16691.582889244328,1855.0006542404258
2021-07-11,2021,7,LATO,22.714359387147226,49.888168017670196,13885.947830175188,1855.0953370916886
2021-07-11,2021,7,LATO,22.7772414570356,49.888168017670196,12163.857368911082,1855.0953416666223
2021-07-11,2021,7,LATO,22.714359387147226,49.951050087558556,20188.943391447578,1855.0953801975074
2021-07-11,2021,7,LATO,22.7772414570356,49.951050087558556,19047.0899975272,1855.0953363569008
2021-07-12,2021,7,LATO,23.09165180647743,49.703023583504546,21786.816205965722,1861.9686293667867
2021-07-12,2021,7,LATO,23.09165180647743,49.765905653392906,20023.20108708745,1859.7353891540863
2021-07-12,2021,7,LATO,23.154533876365804,49.765905653392906,24538.74390792931,1859.5375697638412
2021-07-12,2021,7,LATO,23.02876973658907,49.82878772328128,16280.157012807253,1857.446815398053
2021-07-12,2021,7,LATO,23.09165180647743,49.82878772328128,20616.141316553247,1857.9836734291498
2021-07-12,2021,7,LATO,22.965887666700695,49.89166979316964,16380.984509599155,1841.943023519247
2021-07-12,2021,7,LATO,23.02876973658907,49.89166979316964,19677.007522249452,1846.480434064053
2021-07-12,2021,7,LATO,23.09165180647743,49.89166979316964,23387.151398022725,1845.2806629607942
2021-07-12,2021,7,LATO,22.965887666700695,49.954551863058015,22101.4288128028,1842.8651344035497
2021-07-12,2021,7,LATO,23.02876973658907,49.954551863058015,24640.7490788335,1840.3192045391609
2021-07-17,2021,7,LATO,22.972891217699598,49.64014151361617,19427.689326518714,1835.0897175520454
2021-07-17,2021,7,LATO,23.035773287587972,49.64014151361617,22393.780214513983,1835.08972096215
2021-07-17,2021,7,LATO,22.721362938146143,49.82878772328128,8532.01505542116,1855.243534544187
2021-07-17,2021,7,LATO,22.784245008034503,49.82878772328128,5695.977327613162,1855.2435583755018
2021-07-17,2021,7,LATO,22.784245008034503,49.89166979316964,12445.375005463568,1855.243553206912
2021-07-25,2021,7,LATO,22.84362530242342,49.89166979316964,12425.931299741358,1854.43426196288
2021-07-25,2021,7,LATO,22.90650737231178,49.89166979316964,13916.83236940334,1854.468011964296
2021-07-25,2021,7,LATO,22.969389442200153,49.89166979316964,16549.288935805096,1854.468000439056
2021-07-25,2021,7,LATO,22.780743232535045,49.954551863058015,19399.431935623354,1855.6369490105044
2021-07-25,2021,7,LATO,22.84362530242342,49.954551863058015,19356.87092457476,1853.8922962904578
2021-07-25,2021,7,LATO,22.90650737231178,49.954551863058015,20344.823639693168,1854.1314336870737
2021-07-25,2021,7,LATO,22.969389442200153,49.954551863058015,22226.296487740947,1854.46801501104
2021-07-25,2021,7,LATO,23.032271512088514,49.954551863058015,24798.74504417711,1854.4680115752642
2021-07-28,2021,7,LATO,22.52921495298159,49.703023583504546,22354.596757050298,1846.7604872062957
2021-08-08,2021,8,LATO,23.035773287587972,49.89166979316964,20073.723416020704,1876.3460971035038
2021-08-08,2021,8,LATO,23.098655357476332,49.89166979316964,23817.78306999105,1876.3312532389552
2021-08-10,2021,8,LATO,22.784245008034503,49.57725944372781,22825.772528221212,1861.133891341388
2021-08-10,2021,8,LATO,22.847127077922863,49.57725944372781,22839.601460497255,1856.60853719747
2021-08-10,2021,8,LATO,22.910009147811238,49.57725944372781,23737.528821185646,1855.3566894531568
2021-08-10,2021,8,LATO,22.721362938146143,49.64014151361617,17106.588908797177,1866.2442791449776
2021-08-10,2021,8,LATO,22.784245008034503,49.64014151361617,15878.528602308194,1866.7834502746416
2021-08-10,2021,8,LATO,22.847127077922863,49.64014151361617,15898.37606674912,1865.1398360459195
2021-08-10,2021,8,LATO,22.910009147811238,49.64014151361617,17161.80236162699,1862.5361778443776
2021-08-10,2021,8,LATO,22.972891217699598,49.64014151361617,19427.689326518714,1860.281947779655
2021-08-10,2021,8,LATO,23.035773287587972,49.64014151361617,22393.780214513983,1854.9710856967515
2021-08-10,2021,8,LATO,22.721362938146143,49.703023583504546,11023.750752286034,1864.4961924986846
2021-08-10,2021,8,LATO,22.784245008034503,49.703023583504546,9003.74969105232,1865.8355024486275
2021-08-10,2021,8,LATO,22.847127077922863,49.703023583504546,9038.66068024557,1866.702756237198
2021-08-10,2021,8,LATO,22.910009147811238,49.703023583504546,11109.12789583884,1866.8939208984696
2021-08-10,2021,8,LATO,22.972891217699598,49.703023583504546,14360.143110542414,1862.9641643852233
2021-08-10,2021,8,LATO,23.035773287587972,49.703023583504546,18168.663048577168,1861.1338779327536
2021-08-10,2021,8,LATO,23.098655357476332,49.703023583504546,22250.223097835118,1849.7922200641083
2021-08-10,2021,8,LATO,22.469834658592674,49.765905653392906,24903.43217975922,1821.3362048825875
2021-08-10,2021,8,LATO,22.532716728481034,49.765905653392906,20387.43944261555,1824.1033935547302
2021-08-10,2021,8,LATO,22.59559879836941,49.765905653392906,15879.128789225302,1824.1033847577007
2021-08-10,2021,8,LATO,22.65848086825777,49.765905653392906,11387.63283000417,1845.7890397478627
2021-08-10,2021,8,LATO,22.721362938146143,49.765905653392906,6945.655089638345,1844.7847242421867
2021-08-10,2021,8,LATO,22.784245008034503,49.765905653392906,2799.754239036753,1844.051074779471
2021-08-10,2021,8,LATO,22.847127077922863,49.765905653392906,2909.9299496572144,1851.5725040393986
2021-08-10,2021,8,LATO,22.910009147811238,49.765905653392906,7080.207037852592,1861.4386476086495
2021-08-10,2021,8,LATO,22.532716728481034,49.82878772328128,20969.629003077862,1820.954222172073
2021-08-10,2021,8,LATO,22.59559879836941,49.82878772328128,16626.36365896378,1823.1001683430982
2021-08-10,2021,8,LATO,22.65848086825777,49.82878772328128,12414.745842026043,1853.575059593548
2021-08-10,2021,8,LATO,22.721362938146143,49.82878772328128,8532.01505542116,1846.0570085940988
2021-08-10,2021,8,LATO,22.784245008034503,49.82878772328128,5695.977327613162,1845.6339059946235
2021-08-10,2021,8,LATO,22.847127077922863,49.82878772328128,5750.861621632254,1844.1660997559804
2021-08-10,2021,8,LATO,22.910009147811238,49.82878772328128,8641.76161762721,1843.920045022619
2021-08-10,2021,8,LATO,22.532716728481034,49.89166979316964,23698.94177557943,1846.5826564217155
2021-08-10,2021,8,LATO,22.59559879836941,49.89166979316964,19964.02510849638,1829.5456282543512
2021-08-10,2021,8,LATO,22.721362938146143,49.89166979316964,13970.899561599594,1854.9074627151965
2021-08-10,2021,8,LATO,22.784245008034503,49.89166979316964,12445.375005463568,1854.9074727815519
2021-08-10,2021,8,LATO,22.847127077922863,49.89166979316964,12470.557128002267,1849.1228569562486
2021-08-10,2021,8,LATO,22.784245008034503,49.954551863058015,19369.342116810156,1854.907471501028
2021-08-10,2021,8,LATO,22.90650737231178,49.57375766822835,24039.766347064506,1874.4526034210992
2021-08-10,2021,8,LATO,22.90650737231178,49.63663973811673,17421.94552425109,1879.6230682734324
2021-08-10,2021,8,LATO,22.969389442200153,49.63663973811673,19599.660421833694,1879.5605747319914
2021-08-10,2021,8,LATO,23.032271512088514,49.63663973811673,22492.460203715123,1879.7102043599698
2021-08-10,2021,8,LATO,22.654979092758325,49.69952180800509,14689.306778990278,1883.2044556253386
2021-08-10,2021,8,LATO,22.717861162646685,49.69952180800509,11486.536490626851,1883.204470358792
2021-08-10,2021,8,LATO,22.780743232535045,49.69952180800509,9444.252710287055,1883.2044741389261
2021-08-10,2021,8,LATO,22.84362530242342,49.69952180800509,9356.051921678389,1882.369963227781
2021-08-10,2021,8,LATO,22.90650737231178,49.69952180800509,11267.914548674342,1881.3837251831521
2021-08-10,2021,8,LATO,22.969389442200153,49.69952180800509,14404.328641532245,1881.8944970679645
2021-08-10,2021,8,LATO,23.032271512088514,49.69952180800509,18140.89441277294,1882.1498622949318
2021-08-10,2021,8,LATO,23.095153581976888,49.69952180800509,22176.291067084392,1882.6606292283345
2021-08-10,2021,8,LATO,22.654979092758325,49.76240387789346,11701.884510076845,1876.610998304429
2021-08-10,2021,8,LATO,22.717861162646685,49.76240387789346,7294.312554399394,1876.5139153860125
2021-08-10,2021,8,LATO,22.780743232535045,49.76240387789346,3242.746274651169,1876.5092773437614
2021-08-10,2021,8,LATO,22.84362530242342,49.76240387789346,2976.463421841489,1875.3678984536782
2021-08-10,2021,8,LATO,22.90650737231178,49.76240387789346,6945.4144482437805,1874.2843017578527
2021-08-10,2021,8,LATO,22.969389442200153,49.76240387789346,11342.563564434879,1874.2843017577914
2021-08-10,2021,8,LATO,23.032271512088514,49.76240387789346,15814.68197159037,1874.2843017577914
2021-08-10,2021,8,LATO,23.095153581976888,49.76240387789346,20312.310267644792,1874.2806248320303
2021-08-10,2021,8,LATO,22.52921495298159,49.82528594778182,21121.331395592428,1853.0142864881066
2021-08-10,2021,8,LATO,22.59209702286995,49.82528594778182,16748.94812801659,1853.014278451979
2021-08-10,2021,8,LATO,22.654979092758325,49.82528594778182,12487.039456298053,1877.2355728222922
2021-08-10,2021,8,LATO,22.717861162646685,49.82528594778182,8503.376612283444,1877.2543962726666
2021-08-10,2021,8,LATO,22.780743232535045,49.82528594778182,5447.121702081889,1877.2920785474357
2021-08-10,2021,8,LATO,22.84362530242342,49.82528594778182,5293.128995305946,1873.8680575274511
2021-08-10,2021,8,LATO,22.90650737231178,49.82528594778182,8206.43848078303,1872.3909985914715
2021-08-10,2021,8,LATO,22.969389442200153,49.82528594778182,12151.39979284853,1872.2934462554397
2021-08-10,2021,8,LATO,23.032271512088514,49.82528594778182,16399.688337069696,1872.2446719789102
2021-08-10,2021,8,LATO,23.095153581976888,49.82528594778182,20765.96528944484,1872.1620974669524
2021-08-10,2021,8,LATO,22.52921495298159,49.888168017670196,23718.417956339716,1871.751513390592
2021-08-10,2021,8,LATO,22.59209702286995,49.888168017670196,19929.745177140274,1873.3124226211248
2021-08-10,2021,8,LATO,22.654979092758325,49.888168017670196,16515.305930700317,1879.3852725584065
2021-08-10,2021,8,LATO,22.717861162646685,49.888168017670196,13756.642335887627,1879.51214517915
2021-08-10,2021,8,LATO,22.780743232535045,49.888168017670196,12110.505823362373,1879.765828635249
2021-08-10,2021,8,LATO,22.84362530242342,49.888168017670196,12042.116856275741,1862.8428467003325
2021-08-10,2021,8,LATO,22.90650737231178,49.888168017670196,13575.340764207112,1862.8261864074702
2021-08-10,2021,8,LATO,22.969389442200153,49.888168017670196,16263.34618889954,1862.8261602662487
2021-08-10,2021,8,LATO,23.032271512088514,49.888168017670196,19637.52216772455,1862.8261449469153
2021-08-10,2021,8,LATO,23.095153581976888,49.888168017670196,23402.934199081843,1862.8261603575547
2021-08-10,2021,8,LATO,22.59209702286995,49.951050087558556,24732.62580440931,1881.2365892369785
2021-08-10,2021,8,LATO,22.654979092758325,49.951050087558556,22077.708914027855,1882.986130148018
2021-08-10,2021,8,LATO,22.717861162646685,49.951050087558556,20100.34191993483,1882.8942834234024
2021-08-10,2021,8,LATO,22.780743232535045,49.951050087558556,19013.10719544839,1882.7105545809623
2021-08-13,2021,8,LATO,22.59559879836941,49.64014151361617,22294.98905424956,1823.8317825122208
2021-08-13,2021,8,LATO,22.65848086825777,49.64014151361617,19346.360042072225,1827.1896853890644
2021-08-13,2021,8,LATO,22.721362938146143,49.64014151361617,17106.588908797177,1850.9625349782382
2021-08-13,2021,8,LATO,22.784245008034503,49.64014151361617,15878.528602308194,1855.7047590138936
2021-08-13,2021,8,LATO,22.847127077922863,49.64014151361617,15898.37606674912,1864.6822496307507
2021-08-13,2021,8,LATO,22.910009147811238,49.64014151361617,17161.80236162699,1853.7031709480977
2021-08-13,2021,8,LATO,22.972891217699598,49.64014151361617,19427.689326518714,1848.696306983294
2021-08-13,2021,8,LATO,23.035773287587972,49.64014151361617,22393.780214513983,1869.653133943314
2021-08-13,2021,8,LATO,22.59559879836941,49.703023583504546,18046.915138960532,1823.831788357361
2021-08-13,2021,8,LATO,22.65848086825777,49.703023583504546,14250.063235972633,1838.0583590497595
2021-08-13,2021,8,LATO,22.721362938146143,49.703023583504546,11023.750752286034,1851.7854129655948
2021-08-13,2021,8,LATO,22.784245008034503,49.703023583504546,9003.74969105232,1861.1733553806928
2021-08-13,2021,8,LATO,22.847127077922863,49.703023583504546,9038.66068024557,1864.0696497014933
2021-08-13,2021,8,LATO,22.910009147811238,49.703023583504546,11109.12789583884,1854.8444803959458
2021-08-13,2021,8,LATO,22.972891217699598,49.703023583504546,14360.143110542414,1856.530481283817
2021-08-13,2021,8,LATO,23.035773287587972,49.703023583504546,18168.663048577168,1869.6530705423738
2021-08-13,2021,8,LATO,23.098655357476332,49.703023583504546,22250.223097835118,1867.031859778348
2021-08-13,2021,8,LATO,22.910009147811238,49.765905653392906,7080.207037852592,1868.9521799125475
2021-08-14,2021,8,LATO,22.469834658592674,49.765905653392906,24903.43217975922,1855.5617504002346
2021-08-14,2021,8,LATO,22.532716728481034,49.765905653392906,20387.43944261555,1851.8833095841005
2021-08-14,2021,8,LATO,22.532716728481034,49.82878772328128,20969.629003077862,1858.6795002680585
2021-08-14,2021,8,LATO,23.098655357476332,49.82878772328128,21104.019131336558,1843.8554462880275
2021-08-14,2021,8,LATO,22.532716728481034,49.89166979316964,23698.94177557943,1871.5078117720684
2021-08-14,2021,8,LATO,22.59559879836941,49.89166979316964,19964.02510849638,1871.5078026348106
2021-08-14,2021,8,LATO,23.098655357476332,49.89166979316964,23817.78306999105,1849.8151836503616
2021-08-16,2021,8,LATO,22.532716728481034,49.69952180800509,22279.733517436514,1833.36641361957
2021-08-16,2021,8,LATO,22.59559879836941,49.69952180800509,18239.035335458964,1851.3215428436229
2021-08-16,2021,8,LATO,22.65848086825777,49.69952180800509,14492.300027643201,1853.9459047403102
2021-08-16,2021,8,LATO,22.721362938146143,49.69952180800509,11334.888138469481,1858.8604639866562
2021-08-16,2021,8,LATO,22.784245008034503,49.69952180800509,9381.962224519051,1861.560426492536
2021-08-16,2021,8,LATO,22.847127077922863,49.69952180800509,9415.473371933953,1861.0782947693517
2021-08-16,2021,8,LATO,22.910009147811238,49.69952180800509,11417.9449356954,1860.8392148599487
2021-08-16,2021,8,LATO,22.469834658592674,49.76240387789346,24934.526910916018,1832.146475036724
2021-08-16,2021,8,LATO,22.532716728481034,49.76240387789346,20425.049591277475,1837.9991779955135
2021-08-16,2021,8,LATO,22.59559879836941,49.76240387789346,15927.018449726114,1847.7051934352373
2021-08-16,2021,8,LATO,22.65848086825777,49.76240387789346,11453.93141995099,1847.7052108041303
2021-08-16,2021,8,LATO,22.721362938146143,49.76240387789346,7053.412131536549,1861.655959824129
2021-08-16,2021,8,LATO,22.784245008034503,49.76240387789346,3056.8313002920936,1861.8062822901072
2021-08-16,2021,8,LATO,22.847127077922863,49.76240387789346,3158.0581094985164,1861.8062750874817
2021-08-16,2021,8,LATO,22.910009147811238,49.76240387789346,7185.956141010244,1860.8890381571691
2021-08-16,2021,8,LATO,22.972891217699598,49.76240387789346,11590.432057281076,1857.991361246387
2021-08-16,2021,8,LATO,23.035773287587972,49.76240387789346,16064.67279646741,1857.9912713683357
2021-08-16,2021,8,LATO,22.847127077922863,49.82528594778182,5397.199806568097,1857.9913663063062
2021-08-16,2021,8,LATO,22.910009147811238,49.82528594778182,8410.732146713255,1857.991321375234
2021-08-16,2021,8,LATO,22.972891217699598,49.82528594778182,12382.791606070135,1857.9913330078084
2021-08-16,2021,8,LATO,23.035773287587972,49.82528594778182,16640.583268996892,1857.9913361205386
2021-08-16,2021,8,LATO,23.098655357476332,49.82528594778182,21011.110521215884,1852.6864013401807
2022-01-24,2022,1,ZIMA,22.72836648914504,49.566754117229465,24687.76147519708,1895.8079118923872
2022-01-24,2022,1,ZIMA,22.791248559033406,49.566754117229465,23947.979043783063,1895.141126861538
2022-01-24,2022,1,ZIMA,22.854130628921773,49.566754117229465,24056.725713120413,1890.4275955219334
2022-01-24,2022,1,ZIMA,22.602602349368304,49.629636187117825,22792.977256695714,1875.772761550428
2022-01-24,2022,1,ZIMA,22.72836648914504,49.629636187117825,18005.843188393046,1897.3890192890915
2022-01-24,2022,1,ZIMA,22.791248559033406,49.629636187117825,16978.715557289725,1897.128818537807
2022-01-24,2022,1,ZIMA,22.854130628921773,49.629636187117825,17131.56210672741,1892.6204069856833
2022-01-24,2022,1,ZIMA,22.91701269881014,49.629636187117825,18435.057018274965,1892.3370084052792
2022-01-24,2022,1,ZIMA,22.539720279479937,49.692518257006185,22158.330550777733,1879.4965681368665
2022-01-24,2022,1,ZIMA,22.602602349368304,49.692518257006185,18215.951582114703,1898.1897757827112
2022-01-24,2022,1,ZIMA,22.66548441925667,49.692518257006185,14620.005683513065,1899.761941497509
2022-01-24,2022,1,ZIMA,22.72836648914504,49.692518257006185,11694.560227462764,1910.9926281051285
2022-01-24,2022,1,ZIMA,22.791248559033406,49.692518257006185,10043.67405264085,1913.3533245308315
2022-01-24,2022,1,ZIMA,22.476838209591577,49.755400326894545,24513.756494661226,1880.3005038855292
2022-01-24,2022,1,ZIMA,22.539720279479937,49.755400326894545,20022.931887797098,1886.0763083214795
2022-01-24,2022,1,ZIMA,22.602602349368304,49.755400326894545,15554.823004131229,1900.4853330594283
2022-01-24,2022,1,ZIMA,22.66548441925667,49.755400326894545,11136.809320053131,1897.9898609057882
2022-01-24,2022,1,ZIMA,22.72836648914504,49.755400326894545,6866.287022907041,1896.6452374096293
2022-01-24,2022,1,ZIMA,22.791248559033406,49.755400326894545,3362.249941296639,1896.2837595072838
2022-01-24,2022,1,ZIMA,22.476838209591577,49.818282396782934,24666.266596140897,1888.538258359252
2022-01-24,2022,1,ZIMA,22.539720279479937,49.818282396782934,20215.760816857834,1903.5909685441434
2022-01-24,2022,1,ZIMA,22.602602349368304,49.818282396782934,15808.774328444597,1904.3784150909303
2022-01-24,2022,1,ZIMA,22.66548441925667,49.818282396782934,11495.473161355667,1903.3997267409973
2022-01-24,2022,1,ZIMA,22.72836648914504,49.818282396782934,7440.6149762951945,1900.463755536311
2022-01-24,2022,1,ZIMA,22.791248559033406,49.818282396782934,4423.570697140966,1900.4637262548129
2022-02-13,2022,2,ZIMA,22.73186826464449,49.566754117229465,24625.162439086525,1896.1855642096536
2022-02-13,2022,2,ZIMA,22.794750334532857,49.566754117229465,23931.425303122436,1897.1288121210246
2022-02-13,2022,2,ZIMA,22.857632404421224,49.566754117229465,24087.918656515034,1904.808467156888
2022-02-13,2022,2,ZIMA,22.60610412486776,49.629636187117825,22624.190624154453,1890.6908638087746
2022-02-13,2022,2,ZIMA,22.668986194756126,49.629636187117825,19897.662582212422,1891.4404541285514
2022-02-13,2022,2,ZIMA,22.73186826464449,49.629636187117825,17920.028331001893,1892.517686609966
2022-02-13,2022,2,ZIMA,22.794750334532857,49.629636187117825,16955.389057071137,1894.563490378222
2022-02-13,2022,2,ZIMA,22.857632404421224,49.629636187117825,17175.280556231522,1896.8916052072896
2022-02-13,2022,2,ZIMA,22.92051447430959,49.629636187117825,18537.599130204857,1894.2923510990065
2022-02-13,2022,2,ZIMA,22.98339654419796,49.629636187117825,20819.277434833377,1893.9615112338972
2022-02-13,2022,2,ZIMA,23.046278614086322,49.629636187117825,23756.883535444897,1895.1789972574431
2022-02-13,2022,2,ZIMA,22.543222054979392,49.692518257006185,21932.788399926114,1899.9068209308323
2022-02-13,2022,2,ZIMA,22.60610412486776,49.692518257006185,18004.58127120856,1890.29049344001
2022-02-13,2022,2,ZIMA,22.668986194756126,49.692518257006185,14435.272366544037,1890.2905300819018
2022-02-13,2022,2,ZIMA,22.73186826464449,49.692518257006185,11562.168138112624,1890.2905241167066
2022-02-13,2022,2,ZIMA,22.794750334532857,49.692518257006185,10004.241321725396,1890.56154770211
2022-02-13,2022,2,ZIMA,22.857632404421224,49.692518257006185,10372.088566275866,1891.8587575579977
2022-02-13,2022,2,ZIMA,22.92051447430959,49.692518257006185,12496.796907081667,1891.1585741037493
2022-02-13,2022,2,ZIMA,22.98339654419796,49.692518257006185,15679.736994618235,1891.1585727798351
2022-02-13,2022,2,ZIMA,23.046278614086322,49.692518257006185,19407.030795445455,1892.2559617319794
2022-02-13,2022,2,ZIMA,23.10916068397469,49.692518257006185,23420.202641510772,1893.5334548858993
2022-02-13,2022,2,ZIMA,22.480339985091025,49.755400326894545,24263.288966442815,1897.5764323422316
2022-02-13,2022,2,ZIMA,22.73186826464449,49.755400326894545,6638.588268421608,1890.2905232262676
2022-02-13,2022,2,ZIMA,22.794750334532857,49.755400326894545,3242.7147797909784,1890.2905276863635
2022-02-13,2022,2,ZIMA,22.98339654419796,49.755400326894545,12493.86630456317,1891.1586147347602
2022-02-13,2022,2,ZIMA,23.046278614086322,49.755400326894545,16932.41386754635,1891.158572786229
2022-02-13,2022,2,ZIMA,23.10916068397469,49.755400326894545,21409.293252281375,1891.1902344100338
2022-02-13,2022,2,ZIMA,22.73186826464449,49.566754117229465,24625.162439086525,1878.8401598646187
2022-02-13,2022,2,ZIMA,22.794750334532857,49.566754117229465,23931.425303122436,1878.807073375689
2022-02-13,2022,2,ZIMA,22.857632404421224,49.566754117229465,24087.918656515034,1878.7706837291282
2022-02-13,2022,2,ZIMA,22.60610412486776,49.629636187117825,22624.190624154453,1887.927356665929
2022-02-13,2022,2,ZIMA,22.668986194756126,49.629636187117825,19897.662582212422,1887.9231512925903
2022-02-13,2022,2,ZIMA,22.73186826464449,49.629636187117825,17920.028331001893,1873.3088108921338
2022-02-13,2022,2,ZIMA,22.794750334532857,49.629636187117825,16955.389057071137,1873.318412190542
2022-02-13,2022,2,ZIMA,22.857632404421224,49.629636187117825,17175.280556231522,1873.3375795575948
2022-02-13,2022,2,ZIMA,22.92051447430959,49.629636187117825,18537.599130204857,1885.357513464309
2022-02-13,2022,2,ZIMA,22.98339654419796,49.629636187117825,20819.277434833377,1885.3010549859346
2022-02-13,2022,2,ZIMA,23.046278614086322,49.629636187117825,23756.883535444897,1885.188116668096
2022-02-13,2022,2,ZIMA,22.668986194756126,49.692518257006185,14435.272366544037,1881.8028471363034
2022-02-13,2022,2,ZIMA,22.73186826464449,49.692518257006185,11562.168138112624,1881.8028564452468
2022-02-13,2022,2,ZIMA,22.794750334532857,49.692518257006185,10004.241321725396,1881.8028564453489
2022-02-13,2022,2,ZIMA,22.857632404421224,49.692518257006185,10372.088566275866,1881.8028564452832
2022-02-13,2022,2,ZIMA,22.92051447430959,49.692518257006185,12496.796907081667,1883.4709472656614
2022-02-13,2022,2,ZIMA,22.98339654419796,49.692518257006185,15679.736994618235,1883.4709472655961
2022-02-13,2022,2,ZIMA,23.046278614086322,49.692518257006185,19407.030795445455,1883.4709472656612
2022-02-13,2022,2,ZIMA,23.10916068397469,49.692518257006185,23420.202641510772,1883.4709583426302
2022-02-13,2022,2,ZIMA,22.668986194756126,49.755400326894545,10893.482693503986,1881.8028165117867
2022-02-13,2022,2,ZIMA,22.73186826464449,49.755400326894545,6638.588268421608,1881.8028768405752
2022-02-13,2022,2,ZIMA,22.794750334532857,49.755400326894545,3242.7147797909784,1881.8028223174729
2022-02-13,2022,2,ZIMA,22.857632404421224,49.755400326894545,4242.750117470005,1880.4855405925136
2022-02-13,2022,2,ZIMA,22.92051447430959,49.755400326894545,8156.47590057038,1878.6837388766066
2022-02-13,2022,2,ZIMA,22.98339654419796,49.755400326894545,12493.86630456317,1878.6527606981365
2022-02-13,2022,2,ZIMA,23.046278614086322,49.755400326894545,16932.41386754635,1878.5908043412442
2022-02-13,2022,2,ZIMA,23.10916068397469,49.755400326894545,21409.293252281375,1882.619411829079
2022-02-14,2022,2,ZIMA,22.73186826464449,49.566754117229465,24625.162439086525,1860.0814348481813
2022-02-14,2022,2,ZIMA,22.794750334532857,49.566754117229465,23931.425303122436,1860.4229298816615
2022-02-14,2022,2,ZIMA,22.857632404421224,49.566754117229465,24087.918656515034,1864.6693232195262
2022-02-14,2022,2,ZIMA,22.60610412486776,49.629636187117825,22624.190624154453,1867.085423880957
2022-02-14,2022,2,ZIMA,22.668986194756126,49.629636187117825,19897.662582212422,1866.242159565671
2022-02-14,2022,2,ZIMA,22.73186826464449,49.629636187117825,17920.028331001893,1861.1207275390623
2022-02-14,2022,2,ZIMA,22.794750334532857,49.629636187117825,16955.389057071137,1861.1207275390339
2022-02-14,2022,2,ZIMA,22.857632404421224,49.629636187117825,17175.280556231522,1870.982827417268
2022-02-14,2022,2,ZIMA,22.92051447430959,49.629636187117825,18537.599130204857,1871.2787234040284
2022-02-14,2022,2,ZIMA,22.98339654419796,49.629636187117825,20819.277434833377,1865.0326783314745
2022-02-14,2022,2,ZIMA,23.046278614086322,49.629636187117825,23756.883535444897,1861.4376266470686
2022-02-14,2022,2,ZIMA,22.543222054979392,49.692518257006185,21932.788399926114,1864.3530262031413
2022-02-14,2022,2,ZIMA,22.60610412486776,49.692518257006185,18004.58127120856,1862.8351945890665
2022-02-14,2022,2,ZIMA,22.668986194756126,49.692518257006185,14435.272366544037,1864.1058813615593
2022-02-14,2022,2,ZIMA,22.73186826464449,49.692518257006185,11562.168138112624,1869.818694307367
2022-02-14,2022,2,ZIMA,22.794750334532857,49.692518257006185,10004.241321725396,1869.7104702126517
2022-02-14,2022,2,ZIMA,22.857632404421224,49.692518257006185,10372.088566275866,1870.3297260885686
2022-02-14,2022,2,ZIMA,22.92051447430959,49.692518257006185,12496.796907081667,1869.0650246125658
2022-02-14,2022,2,ZIMA,22.98339654419796,49.692518257006185,15679.736994618235,1868.23265925467
2022-02-14,2022,2,ZIMA,23.046278614086322,49.692518257006185,19407.030795445455,1867.4511474893513
2022-02-14,2022,2,ZIMA,23.10916068397469,49.692518257006185,23420.202641510772,1867.5377718159166
2022-02-14,2022,2,ZIMA,22.480339985091025,49.755400326894545,24263.288966442815,1867.191428497188
2022-02-14,2022,2,ZIMA,22.543222054979392,49.755400326894545,19773.371791734648,1870.4489367382143
2022-02-14,2022,2,ZIMA,22.60610412486776,49.755400326894545,15307.071991672923,1870.67577659173
2022-02-14,2022,2,ZIMA,22.668986194756126,49.755400326894545,10893.482693503986,1868.8132802430443
2022-02-14,2022,2,ZIMA,22.73186826464449,49.755400326894545,6638.588268421608,1869.608027709225
2022-02-14,2022,2,ZIMA,22.794750334532857,49.755400326894545,3242.7147797909784,1869.7477124049763
2022-02-14,2022,2,ZIMA,22.857632404421224,49.755400326894545,4242.750117470005,1874.8403092168387
2022-02-14,2022,2,ZIMA,22.92051447430959,49.755400326894545,8156.47590057038,1873.723313129809
2022-02-14,2022,2,ZIMA,22.98339654419796,49.755400326894545,12493.86630456317,1872.7089744471264
2022-02-14,2022,2,ZIMA,23.046278614086322,49.755400326894545,16932.41386754635,1872.531707472161
2022-02-14,2022,2,ZIMA,23.10916068397469,49.755400326894545,21409.293252281375,1870.362894490998
2022-02-14,2022,2,ZIMA,22.60610412486776,49.818282396782934,15565.383751527352,1865.541926754988
2022-02-14,2022,2,ZIMA,22.668986194756126,49.818282396782934,11260.207883350295,1863.5773138992406
2022-02-14,2022,2,ZIMA,22.73186826464449,49.818282396782934,7231.299147808723,1863.480346679647
2022-02-14,2022,2,ZIMA,22.794750334532857,49.818282396782934,4333.529104672702,1870.471753243682
2022-02-14,2022,2,ZIMA,22.857632404421224,49.818282396782934,5124.013005619986,1877.431754040818
2022-02-14,2022,2,ZIMA,22.92051447430959,49.818282396782934,8644.065763073844,1874.3186133756828
2022-02-14,2022,2,ZIMA,22.98339654419796,49.818282396782934,12812.985222879366,1873.8565585646795
2022-02-14,2022,2,ZIMA,23.046278614086322,49.818282396782934,17164.31095927946,1872.147993686923
2022-02-14,2022,2,ZIMA,23.10916068397469,49.818282396782934,21588.022501435902,1871.2016293409083
2022-02-14,2022,2,ZIMA,22.60610412486776,49.881164466671294,18657.2342735173,1872.8656588640404
2022-02-14,2022,2,ZIMA,22.668986194756126,49.881164466671294,15256.25598101692,1872.1157431523545
2022-02-14,2022,2,ZIMA,22.73186826464449,49.881164466671294,12583.700795204135,1871.9938286798308
2022-02-14,2022,2,ZIMA,22.794750334532857,49.881164466671294,11175.011060680648,1879.783880499127
2022-02-14,2022,2,ZIMA,22.857632404421224,49.881164466671294,11504.225194953451,1879.233381244698
2022-02-14,2022,2,ZIMA,22.92051447430959,49.881164466671294,13444.276202874242,1877.0561376477965
2022-02-14,2022,2,ZIMA,22.98339654419796,49.881164466671294,16434.26726118871,1876.5130229954718
2022-02-14,2022,2,ZIMA,23.046278614086322,49.881164466671294,20008.920984734334,1866.4621686159687
2022-02-14,2022,2,ZIMA,23.10916068397469,49.881164466671294,23907.400258968875,1866.252006783661
2022-02-14,2022,2,ZIMA,22.60610412486776,49.944046536559654,23489.227935689778,1873.6357983254143
2022-02-14,2022,2,ZIMA,22.668986194756126,49.944046536559654,20893.893703687518,1873.6673950826987
2022-02-14,2022,2,ZIMA,22.73186826464449,49.944046536559654,19032.807114747964,1877.0559136031504
2022-02-14,2022,2,ZIMA,22.794750334532857,49.944046536559654,18133.466014703823,1881.3066754369702
2022-02-14,2022,2,ZIMA,22.857632404421224,49.944046536559654,18337.917441995833,1881.0640580691033
2022-02-14,2022,2,ZIMA,22.92051447430959,49.944046536559654,19611.67139609482,1881.8327971255924
2022-02-14,2022,2,ZIMA,22.98339654419796,49.944046536559654,21767.82095314391,1882.6400824109448
2022-02-14,2022,2,ZIMA,23.046278614086322,49.944046536559654,24575.198885019752,1869.330322265661
2022-02-24,2022,2,ZIMA,22.60610412486776,49.629636187117825,22624.190624154453,1877.0980391038133
2022-02-24,2022,2,ZIMA,22.668986194756126,49.629636187117825,19897.662582212422,1874.2990862607783
2022-02-24,2022,2,ZIMA,22.73186826464449,49.629636187117825,17920.028331001893,1871.678593268113
2022-02-24,2022,2,ZIMA,22.794750334532857,49.629636187117825,16955.389057071137,1871.6785872540595
2022-02-24,2022,2,ZIMA,22.543222054979392,49.692518257006185,21932.788399926114,1862.5264808336035
2022-02-24,2022,2,ZIMA,22.60610412486776,49.692518257006185,18004.58127120856,1875.6722208652375
2022-02-24,2022,2,ZIMA,22.668986194756126,49.692518257006185,14435.272366544037,1872.433031538236
2022-02-24,2022,2,ZIMA,22.73186826464449,49.692518257006185,11562.168138112624,1866.933129450011
2022-02-24,2022,2,ZIMA,22.794750334532857,49.692518257006185,10004.241321725396,1868.6843723375327
2022-02-24,2022,2,ZIMA,22.857632404421224,49.692518257006185,10372.088566275866,1871.6785855050916
2022-02-24,2022,2,ZIMA,22.92051447430959,49.692518257006185,12496.796907081667,1871.6785895174246
2022-02-24,2022,2,ZIMA,22.480339985091025,49.755400326894545,24263.288966442815,1860.4491775204986
2022-02-24,2022,2,ZIMA,22.543222054979392,49.755400326894545,19773.371791734648,1857.1456734512883
2022-02-24,2022,2,ZIMA,22.60610412486776,49.755400326894545,15307.071991672923,1878.1699106092624
2022-02-24,2022,2,ZIMA,22.668986194756126,49.755400326894545,10893.482693503986,1877.0808609525757
2022-02-24,2022,2,ZIMA,22.73186826464449,49.755400326894545,6638.588268421608,1872.379762436377
2022-02-24,2022,2,ZIMA,22.794750334532857,49.755400326894545,3242.7147797909784,1867.733330183828
2022-02-24,2022,2,ZIMA,22.857632404421224,49.755400326894545,4242.750117470005,1868.7089002957814
2022-02-24,2022,2,ZIMA,22.92051447430959,49.755400326894545,8156.47590057038,1871.6785919072595
2022-02-24,2022,2,ZIMA,22.98339654419796,49.755400326894545,12493.86630456317,1871.6786244101625
2022-02-24,2022,2,ZIMA,22.480339985091025,49.818282396782934,24417.687156783137,1875.1352359213865
2022-02-24,2022,2,ZIMA,22.543222054979392,49.818282396782934,19968.932465393333,1884.3068337355298
2022-02-24,2022,2,ZIMA,22.60610412486776,49.818282396782934,15565.383751527352,1884.6063444801214
2022-02-24,2022,2,ZIMA,22.668986194756126,49.818282396782934,11260.207883350295,1881.8096246082425
2022-02-24,2022,2,ZIMA,22.73186826464449,49.818282396782934,7231.299147808723,1879.302018796453
2022-02-24,2022,2,ZIMA,22.794750334532857,49.818282396782934,4333.529104672702,1878.1418648340605
2022-02-24,2022,2,ZIMA,22.857632404421224,49.818282396782934,5124.013005619986,1876.5009476073822
2022-02-24,2022,2,ZIMA,22.543222054979392,49.881164466671294,22458.10700503757,1878.2070123730946
2022-02-24,2022,2,ZIMA,22.60610412486776,49.881164466671294,18657.2342735173,1882.2191162109657
2022-02-24,2022,2,ZIMA,22.668986194756126,49.881164466671294,15256.25598101692,1882.796605030964
2022-02-24,2022,2,ZIMA,22.73186826464449,49.881164466671294,12583.700795204135,1885.3116275089749
2022-02-24,2022,2,ZIMA,22.794750334532857,49.881164466671294,11175.011060680648,1884.5590874903255
2022-02-24,2022,2,ZIMA,22.857632404421224,49.881164466671294,11504.225194953451,1879.5040482534716
2022-02-24,2022,2,ZIMA,22.60610412486776,49.944046536559654,23489.227935689778,1878.2398291699853
2022-02-24,2022,2,ZIMA,22.668986194756126,49.944046536559654,20893.893703687518,1880.931781794072
2022-02-24,2022,2,ZIMA,22.73186826464449,49.944046536559654,19032.807114747964,1882.8125064576338
2022-02-24,2022,2,ZIMA,22.794750334532857,49.944046536559654,18133.466014703823,1884.3827940379851
2022-02-24,2022,2,ZIMA,22.72836648914504,49.566754117229465,24687.76147519708,1867.565971082469
2022-02-24,2022,2,ZIMA,22.791248559033406,49.566754117229465,23947.979043783063,1867.0997409757574
2022-02-24,2022,2,ZIMA,22.854130628921773,49.566754117229465,24056.725713120413,1866.9601503807448
2022-02-24,2022,2,ZIMA,22.602602349368304,49.629636187117825,22792.977256695714,1874.7772192438354
2022-02-24,2022,2,ZIMA,22.66548441925667,49.629636187117825,20032.25816904509,1874.7772130586336
2022-02-24,2022,2,ZIMA,22.72836648914504,49.629636187117825,18005.843188393046,1870.0207589763895
2022-02-24,2022,2,ZIMA,22.791248559033406,49.629636187117825,16978.715557289725,1869.729693794364
2022-02-24,2022,2,ZIMA,22.854130628921773,49.629636187117825,17131.56210672741,1869.6194668620599
2022-02-24,2022,2,ZIMA,22.91701269881014,49.629636187117825,18435.057018274965,1872.800586187528
2022-02-24,2022,2,ZIMA,22.979894768698507,49.629636187117825,20672.67857890848,1884.8970504339447
2022-02-24,2022,2,ZIMA,23.042776838586875,49.629636187117825,23579.97928474416,1885.400687886025
2022-02-24,2022,2,ZIMA,22.539720279479937,49.692518257006185,22158.330550777733,1853.4062194952246
2022-02-24,2022,2,ZIMA,22.602602349368304,49.692518257006185,18215.951582114703,1855.023437500068
2022-02-24,2022,2,ZIMA,22.66548441925667,49.692518257006185,14620.005683513065,1855.023437499939
2022-02-24,2022,2,ZIMA,22.72836648914504,49.692518257006185,11694.560227462764,1870.314161857549
2022-02-24,2022,2,ZIMA,22.791248559033406,49.692518257006185,10043.67405264085,1870.3481707383928
2022-02-24,2022,2,ZIMA,22.854130628921773,49.692518257006185,10299.62673390637,1870.4162060413414
2022-02-24,2022,2,ZIMA,22.91701269881014,49.692518257006185,12344.37343835812,1878.129170156805
2022-02-24,2022,2,ZIMA,22.979894768698507,49.692518257006185,15484.808820475711,1880.514984449206
2022-02-24,2022,2,ZIMA,23.042776838586875,49.692518257006185,19190.349941089135,1879.2964567556523
2022-02-24,2022,2,ZIMA,23.10565890847524,49.692518257006185,23191.68213339603,1875.432124387492
2022-02-24,2022,2,ZIMA,22.476838209591577,49.755400326894545,24513.756494661226,1850.1182260342148
2022-02-24,2022,2,ZIMA,22.539720279479937,49.755400326894545,20022.931887797098,1860.5879604375702
2022-02-24,2022,2,ZIMA,22.602602349368304,49.755400326894545,15554.823004131229,1861.196744672072
2022-02-24,2022,2,ZIMA,22.66548441925667,49.755400326894545,11136.809320053131,1861.0296223200537
2022-02-24,2022,2,ZIMA,22.72836648914504,49.755400326894545,6866.287022907041,1870.505054514712
2022-02-24,2022,2,ZIMA,22.791248559033406,49.755400326894545,3362.249941296639,1870.499696695929
2022-02-24,2022,2,ZIMA,22.854130628921773,49.755400326894545,4062.627863714707,1870.6934817454448
2022-02-24,2022,2,ZIMA,22.91701269881014,49.755400326894545,7921.275087909723,1881.0060780707747
2022-02-24,2022,2,ZIMA,22.979894768698507,49.755400326894545,12248.660458942983,1881.544599160174
2022-02-24,2022,2,ZIMA,23.042776838586875,49.755400326894545,16683.947962636168,1880.703904217151
2022-02-24,2022,2,ZIMA,23.10565890847524,49.755400326894545,21159.39073217833,1878.7389962866082
2022-02-24,2022,2,ZIMA,22.476838209591577,49.818282396782934,24666.266596140897,1857.639527374303
2022-02-24,2022,2,ZIMA,22.539720279479937,49.818282396782934,20215.760816857834,1869.8823527427153
2022-02-24,2022,2,ZIMA,22.602602349368304,49.818282396782934,15808.774328444597,1870.4892919862202
2022-02-24,2022,2,ZIMA,22.66548441925667,49.818282396782934,11495.473161355667,1871.2973767482497
2022-02-24,2022,2,ZIMA,22.72836648914504,49.818282396782934,7440.6149762951945,1880.1182830315533
2022-02-24,2022,2,ZIMA,22.791248559033406,49.818282396782934,4423.570697140966,1880.0313275949543
2022-02-24,2022,2,ZIMA,22.854130628921773,49.818282396782934,4976.089158139522,1879.584936803517
2022-02-24,2022,2,ZIMA,22.539720279479937,49.881164466671294,22677.575525458135,1881.1418457031534
2022-02-24,2022,2,ZIMA,22.602602349368304,49.881164466671294,18860.505318536558,1881.1418457031532
2022-02-24,2022,2,ZIMA,22.66548441925667,49.881164466671294,15430.489903487243,1883.3170125232798
2022-02-24,2022,2,ZIMA,22.72836648914504,49.881164466671294,12704.983171083419,1885.5833740234618
2022-02-24,2022,2,ZIMA,22.791248559033406,49.881164466671294,11210.189660367188,1885.583374023368
2022-02-24,2022,2,ZIMA,22.854130628921773,49.881164466671294,11439.191094318843,1885.5834130069277
2022-02-24,2022,2,ZIMA,22.602602349368304,49.944046536559654,23650.796654295005,1884.1757484130685
2022-02-24,2022,2,ZIMA,22.66548441925667,49.944046536559654,21021.287100953763,1884.052755009605
2022-02-24,2022,2,ZIMA,22.72836648914504,49.944046536559654,19113.10624508674,1884.1725805062713
2022-02-24,2022,2,ZIMA,22.791248559033406,49.944046536559654,18155.13830749242,1884.2047959394404
2022-03-11,2022,3,ZIMA,22.794750334532857,49.64014151361617,15791.477478126646,1882.5451588468768
2022-03-11,2022,3,ZIMA,22.857632404421224,49.64014151361617,16027.29515834017,1882.5451662884248
2022-03-11,2022,3,ZIMA,22.92051447430959,49.64014151361617,17479.017342413288,1882.5451793795357
2022-03-11,2022,3,ZIMA,22.98339654419796,49.64014151361617,19882.064266925787,1882.5451742017106
2022-03-11,2022,3,ZIMA,23.046278614086322,49.64014151361617,22939.388354842766,1887.0343334112983
2022-03-11,2022,3,ZIMA,22.857632404421224,49.703023583504546,9263.256096580859,1882.5451709833296
2022-03-11,2022,3,ZIMA,22.92051447430959,49.703023583504546,11592.548159691261,1882.5451660156612
2022-03-11,2022,3,ZIMA,22.98339654419796,49.703023583504546,14968.36972927753,1883.123646951725
2022-03-11,2022,3,ZIMA,23.046278614086322,49.703023583504546,18836.204875113814,1890.1353762445922
2022-03-11,2022,3,ZIMA,23.10916068397469,49.703023583504546,22948.6082092133,1890.0941702363873
2022-03-11,2022,3,ZIMA,23.046278614086322,49.765905653392906,16769.633620027365,1886.0555293494006
2022-03-11,2022,3,ZIMA,23.10916068397469,49.765905653392906,21279.91361633516,1886.0555482991108
2022-03-11,2022,3,ZIMA,23.10916068397469,49.82878772328128,21837.221769753294,1886.0555305283626
2022-03-11,2022,3,ZIMA,22.60610412486776,49.89166979316964,19372.8599092558,1893.7363396144972
2022-03-11,2022,3,ZIMA,22.668986194756126,49.89166979316964,16124.320549651156,1895.9910811759466
2022-03-11,2022,3,ZIMA,22.73186826464449,49.89166979316964,13623.731614643058,1896.9565447617506
2022-03-11,2022,3,ZIMA,22.794750334532857,49.89166979316964,12334.694064801255,1896.9565473021778
2022-03-11,2022,3,ZIMA,22.60610412486776,49.954551863058015,24398.873749480455,1891.9011075765113
2022-03-11,2022,3,ZIMA,22.668986194756126,49.954551863058015,21912.12152600626,1892.4017333983752
2022-03-11,2022,3,ZIMA,22.73186826464449,49.954551863058015,20145.72377669812,1895.256279078677
2022-03-11,2022,3,ZIMA,22.794750334532857,49.954551863058015,19298.50501956277,1896.8122818907684
2022-03-11,2022,3,ZIMA,22.857632404421224,49.954551863058015,19490.69782676635,1897.788456391377
2022-03-11,2022,3,ZIMA,22.72836648914504,49.57375766822835,23934.74062003905,1883.2641333559823
2022-03-11,2022,3,ZIMA,22.791248559033406,49.57375766822835,23171.03997588284,1883.2641864115556
2022-03-11,2022,3,ZIMA,22.854130628921773,49.57375766822835,23283.399618043084,1883.2641663750305
2022-03-11,2022,3,ZIMA,22.91701269881014,49.57375766822835,24259.650325481372,1883.2641481803068
2022-03-11,2022,3,ZIMA,22.72836648914504,49.63663973811673,17276.924078610296,1883.1288006724542
2022-03-11,2022,3,ZIMA,22.791248559033406,49.63663973811673,16203.815953358711,1882.8483991480966
2022-03-11,2022,3,ZIMA,22.854130628921773,49.63663973811673,16363.879178447985,1882.2875003729382
2022-03-11,2022,3,ZIMA,22.91701269881014,49.63663973811673,17723.73555961373,1882.0070368590755
2022-03-11,2022,3,ZIMA,22.979894768698507,49.63663973811673,20040.623156352834,1881.4620161907228
2022-03-11,2022,3,ZIMA,23.042776838586875,49.63663973811673,23027.46026329523,1877.338515991255
2022-03-11,2022,3,ZIMA,22.72836648914504,49.69952180800509,11042.657847244038,1879.9574935981786
2022-03-11,2022,3,ZIMA,22.791248559033406,49.69952180800509,9276.750010689626,1880.130681502206
2022-03-11,2022,3,ZIMA,22.854130628921773,49.69952180800509,9553.233236262362,1880.4770040735868
2022-03-11,2022,3,ZIMA,22.91701269881014,49.69952180800509,11728.549324214437,1880.6496221949228
2022-03-11,2022,3,ZIMA,22.979894768698507,49.69952180800509,14998.069231358255,1880.2824023729966
2022-03-11,2022,3,ZIMA,23.042776838586875,49.69952180800509,18799.30470471293,1878.0335693359734
2022-03-11,2022,3,ZIMA,23.10565890847524,49.69952180800509,22868.626582513712,1878.0455594874827
2022-03-11,2022,3,ZIMA,22.72836648914504,49.76240387789346,6574.1652570221095,1877.3281167200607
2022-03-11,2022,3,ZIMA,22.791248559033406,49.76240387789346,2717.281532980523,1877.3281386615224
2022-03-11,2022,3,ZIMA,22.854130628921773,49.76240387789346,3547.2661262813654,1877.3281299474122
2022-03-11,2022,3,ZIMA,22.91701269881014,49.76240387789346,7669.296267977525,1877.3281207017158
2022-03-11,2022,3,ZIMA,22.979894768698507,49.76240387789346,12086.712571358865,1880.1083662163621
2022-03-11,2022,3,ZIMA,23.042776838586875,49.76240387789346,16564.859643632226,1884.0351636904184
2022-03-11,2022,3,ZIMA,23.10565890847524,49.76240387789346,21065.039212487292,1884.03512286349
2022-03-11,2022,3,ZIMA,22.539720279479937,49.888168017670196,23067.043642845758,1882.0120945582128
2022-03-11,2022,3,ZIMA,22.602602349368304,49.888168017670196,19327.640273898036,1882.0120827319877
2022-03-11,2022,3,ZIMA,22.66548441925667,49.888168017670196,15998.627117241811,1882.012078613748
2022-03-11,2022,3,ZIMA,22.602602349368304,49.951050087558556,24250.700126710584,1876.706148824745
2022-03-11,2022,3,ZIMA,22.66548441925667,49.951050087558556,21694.419224661935,1877.1019681572507
2022-03-13,2022,3,ZIMA,22.60610412486776,49.629636187117825,22624.190624154453,1886.7560550780665
2022-03-13,2022,3,ZIMA,22.543222054979392,49.692518257006185,21932.788399926114,1879.8929027418035
2022-03-13,2022,3,ZIMA,22.60610412486776,49.692518257006185,18004.58127120856,1882.1519441846829
2022-03-13,2022,3,ZIMA,22.480339985091025,49.755400326894545,24263.288966442815,1872.8789427640688
2022-03-13,2022,3,ZIMA,22.543222054979392,49.755400326894545,19773.371791734648,1882.1065525210836
2022-03-13,2022,3,ZIMA,22.60610412486776,49.755400326894545,15307.071991672923,1880.977953928858
2022-03-13,2022,3,ZIMA,22.480339985091025,49.818282396782934,24417.687156783137,1887.7971250772816
2022-03-13,2022,3,ZIMA,22.543222054979392,49.818282396782934,19968.932465393333,1887.7971247842033
2022-03-14,2022,3,ZIMA,22.73186826464449,49.566754117229465,24625.162439086525,1857.6654829007496
2022-03-14,2022,3,ZIMA,22.794750334532857,49.566754117229465,23931.425303122436,1859.879807623628
2022-03-14,2022,3,ZIMA,22.857632404421224,49.566754117229465,24087.918656515034,1863.9100216469337
2022-03-14,2022,3,ZIMA,22.60610412486776,49.629636187117825,22624.190624154453,1864.7030167079763
2022-03-14,2022,3,ZIMA,22.668986194756126,49.629636187117825,19897.662582212422,1862.6827455504697
2022-03-14,2022,3,ZIMA,22.73186826464449,49.629636187117825,17920.028331001893,1854.7006166400265
2022-03-14,2022,3,ZIMA,22.794750334532857,49.629636187117825,16955.389057071137,1853.5556092786626
2022-03-14,2022,3,ZIMA,22.857632404421224,49.629636187117825,17175.280556231522,1878.2278175977965
2022-03-14,2022,3,ZIMA,22.92051447430959,49.629636187117825,18537.599130204857,1879.9844686774122
2022-03-14,2022,3,ZIMA,22.98339654419796,49.629636187117825,20819.277434833377,1881.7181769514204
2022-03-14,2022,3,ZIMA,23.046278614086322,49.629636187117825,23756.883535444897,1878.9641258910735
2022-03-14,2022,3,ZIMA,22.543222054979392,49.692518257006185,21932.788399926114,1865.6369407853513
2022-03-14,2022,3,ZIMA,22.60610412486776,49.692518257006185,18004.58127120856,1859.6063777059803
2022-03-14,2022,3,ZIMA,22.668986194756126,49.692518257006185,14435.272366544037,1860.458595105925
2022-03-14,2022,3,ZIMA,22.73186826464449,49.692518257006185,11562.168138112624,1863.0312732766945
2022-03-14,2022,3,ZIMA,22.794750334532857,49.692518257006185,10004.241321725396,1875.124794258389
2022-03-14,2022,3,ZIMA,22.857632404421224,49.692518257006185,10372.088566275866,1875.6462971142203
2022-03-14,2022,3,ZIMA,22.92051447430959,49.692518257006185,12496.796907081667,1877.0364350767168
2022-03-14,2022,3,ZIMA,22.98339654419796,49.692518257006185,15679.736994618235,1878.2065331055642
2022-03-14,2022,3,ZIMA,23.046278614086322,49.692518257006185,19407.030795445455,1870.6342851199533
2022-03-14,2022,3,ZIMA,23.10916068397469,49.692518257006185,23420.202641510772,1872.5586326616324
2022-03-14,2022,3,ZIMA,22.480339985091025,49.755400326894545,24263.288966442815,1867.736186239297
2022-03-14,2022,3,ZIMA,22.543222054979392,49.755400326894545,19773.371791734648,1867.2991541125803
2022-03-14,2022,3,ZIMA,22.60610412486776,49.755400326894545,15307.071991672923,1864.626905832918
2022-03-14,2022,3,ZIMA,22.668986194756126,49.755400326894545,10893.482693503986,1855.4686485651157
2022-03-14,2022,3,ZIMA,22.73186826464449,49.755400326894545,6638.588268421608,1863.5378063184698
2022-03-14,2022,3,ZIMA,22.794750334532857,49.755400326894545,3242.7147797909784,1875.9312103216503
2022-03-14,2022,3,ZIMA,22.857632404421224,49.755400326894545,4242.750117470005,1875.1744071447956
2022-03-14,2022,3,ZIMA,22.92051447430959,49.755400326894545,8156.47590057038,1874.3179555393053
2022-03-14,2022,3,ZIMA,22.98339654419796,49.755400326894545,12493.86630456317,1874.9599050192464
2022-03-14,2022,3,ZIMA,23.046278614086322,49.755400326894545,16932.41386754635,1875.0587358978185
2022-03-14,2022,3,ZIMA,23.10916068397469,49.755400326894545,21409.293252281375,1873.5261304999783
2022-03-14,2022,3,ZIMA,22.480339985091025,49.818282396782934,24417.687156783137,1871.2062373702438
2022-03-14,2022,3,ZIMA,22.543222054979392,49.818282396782934,19968.932465393333,1861.5911285772297
2022-03-14,2022,3,ZIMA,22.60610412486776,49.818282396782934,15565.383751527352,1864.0064076151893
2022-03-14,2022,3,ZIMA,22.668986194756126,49.818282396782934,11260.207883350295,1866.005313456123
2022-03-14,2022,3,ZIMA,22.73186826464449,49.818282396782934,7231.299147808723,1872.2861594091055
2022-03-14,2022,3,ZIMA,22.794750334532857,49.818282396782934,4333.529104672702,1872.260018644668
2022-03-14,2022,3,ZIMA,22.857632404421224,49.818282396782934,5124.013005619986,1887.0041456507029
2022-03-14,2022,3,ZIMA,22.92051447430959,49.818282396782934,8644.065763073844,1876.8650477394365
2022-03-14,2022,3,ZIMA,22.98339654419796,49.818282396782934,12812.985222879366,1875.3185996956836
2022-03-14,2022,3,ZIMA,23.046278614086322,49.818282396782934,17164.31095927946,1870.5322117543888
2022-03-14,2022,3,ZIMA,23.10916068397469,49.818282396782934,21588.022501435902,1870.7229629704689
2022-03-14,2022,3,ZIMA,22.543222054979392,49.881164466671294,22458.10700503757,1874.666244414775
2022-03-14,2022,3,ZIMA,22.60610412486776,49.881164466671294,18657.2342735173,1878.5081787109657
2022-03-14,2022,3,ZIMA,22.668986194756126,49.881164466671294,15256.25598101692,1878.9259614843202
2022-03-14,2022,3,ZIMA,22.73186826464449,49.881164466671294,12583.700795204135,1883.8713450619869
2022-03-14,2022,3,ZIMA,22.794750334532857,49.881164466671294,11175.011060680648,1887.0130029999011
2022-03-14,2022,3,ZIMA,22.857632404421224,49.881164466671294,11504.225194953451,1890.7763136611134
2022-03-14,2022,3,ZIMA,22.92051447430959,49.881164466671294,13444.276202874242,1880.8412183326755
2022-03-14,2022,3,ZIMA,22.98339654419796,49.881164466671294,16434.26726118871,1879.617250919773
2022-03-14,2022,3,ZIMA,23.046278614086322,49.881164466671294,20008.920984734334,1875.8938022767124
2022-03-14,2022,3,ZIMA,23.10916068397469,49.881164466671294,23907.400258968875,1865.494762657186
2022-03-14,2022,3,ZIMA,22.60610412486776,49.944046536559654,23489.227935689778,1880.8829793274092
2022-03-14,2022,3,ZIMA,22.668986194756126,49.944046536559654,20893.893703687518,1880.3841354457666
2022-03-14,2022,3,ZIMA,22.73186826464449,49.944046536559654,19032.807114747964,1882.6404699065404
2022-03-14,2022,3,ZIMA,22.794750334532857,49.944046536559654,18133.466014703823,1887.0535315175591
2022-03-14,2022,3,ZIMA,22.857632404421224,49.944046536559654,18337.917441995833,1885.6839404398638
2022-03-14,2022,3,ZIMA,22.92051447430959,49.944046536559654,19611.67139609482,1881.74658229075
2022-03-14,2022,3,ZIMA,22.98339654419796,49.944046536559654,21767.82095314391,1877.8813547885252
2022-03-14,2022,3,ZIMA,23.046278614086322,49.944046536559654,24575.198885019752,1875.8889278853749
2022-03-15,2022,3,ZIMA,22.60610412486776,49.63313796261727,22334.496360655765,1876.0335699512862
2022-03-15,2022,3,ZIMA,22.92051447430959,49.63313796261727,18183.243881269947,1855.3750835529356
2022-03-15,2022,3,ZIMA,22.98339654419796,49.63313796261727,20504.23508264184,1855.3750903509415
2022-03-15,2022,3,ZIMA,22.543222054979392,49.69602003250564,21759.12626022996,1882.6934529804098
2022-03-15,2022,3,ZIMA,22.60610412486776,49.69602003250564,17792.936331099667,1879.7838711179033
2022-03-15,2022,3,ZIMA,22.668986194756126,49.69602003250564,14170.71047156264,1877.562158912371
2022-03-15,2022,3,ZIMA,22.92051447430959,49.69602003250564,12190.390638070834,1863.230844020046
2022-03-15,2022,3,ZIMA,22.98339654419796,49.69602003250564,15436.431266160615,1860.9119450766789
2022-03-15,2022,3,ZIMA,23.046278614086322,49.69602003250564,19210.744729072256,1874.8243621119334
2022-03-15,2022,3,ZIMA,23.10916068397469,49.69602003250564,23257.54531041787,1874.0665283203446
2022-03-15,2022,3,ZIMA,22.480339985091025,49.758902102394,24218.86394768968,1877.1970087307848
2022-03-15,2022,3,ZIMA,22.543222054979392,49.758902102394,19719.19497998909,1880.6169288352635
2022-03-15,2022,3,ZIMA,22.60610412486776,49.758902102394,15237.393310441405,1880.6127265974053
2022-03-15,2022,3,ZIMA,22.668986194756126,49.758902102394,10795.739629674106,1871.6976034262616
2022-03-15,2022,3,ZIMA,22.857632404421224,49.758902102394,3986.0002559868417,1857.2237617554797
2022-03-15,2022,3,ZIMA,22.92051447430959,49.758902102394,8025.701311788736,1860.0398783963828
2022-03-15,2022,3,ZIMA,22.98339654419796,49.758902102394,12408.62720625713,1861.9492707021616
2022-03-15,2022,3,ZIMA,23.046278614086322,49.758902102394,16869.338095249284,1888.1832401201334
2022-03-15,2022,3,ZIMA,23.10916068397469,49.758902102394,21359.15270679777,1885.3024334915503
2022-03-15,2022,3,ZIMA,22.480339985091025,49.82178417228238,24485.05312281081,1878.4072294503292
2022-03-15,2022,3,ZIMA,22.543222054979392,49.82178417228238,20051.60575327448,1878.664490539676
2022-03-15,2022,3,ZIMA,22.60610412486776,49.82178417228238,15671.665293476939,1866.7741035047293
2022-03-15,2022,3,ZIMA,22.668986194756126,49.82178417228238,11407.039042674794,1868.6507848840556
2022-03-15,2022,3,ZIMA,22.73186826464449,49.82178417228238,7458.239001922648,1882.1953559679205
2022-03-15,2022,3,ZIMA,22.794750334532857,49.82178417228238,4702.716799262997,1882.2038635095519
2022-03-15,2022,3,ZIMA,22.857632404421224,49.82178417228238,5439.764504760876,1868.8761547205486
2022-03-15,2022,3,ZIMA,22.92051447430959,49.82178417228238,8834.698213771855,1862.6122617400247
2022-03-15,2022,3,ZIMA,22.98339654419796,49.82178417228238,12942.107624735587,1873.1365297198706
2022-03-15,2022,3,ZIMA,23.046278614086322,49.82178417228238,17260.640651009067,1862.063857359057
2022-03-15,2022,3,ZIMA,23.10916068397469,49.82178417228238,21664.40605387826,1869.1809612873196
2022-03-15,2022,3,ZIMA,22.543222054979392,49.88466624217074,22652.23197915794,1879.8985022831748
2022-03-15,2022,3,ZIMA,22.60610412486776,49.88466624217074,18890.758126158304,1876.5840812598815
2022-03-15,2022,3,ZIMA,22.668986194756126,49.88466624217074,15541.237084106444,1881.4441233067814
2022-03-15,2022,3,ZIMA,22.73186826464449,49.88466624217074,12927.939498429201,1886.4961612680613
2022-03-15,2022,3,ZIMA,22.794750334532857,49.88466624217074,11561.37487509842,1883.1221639281243
2022-03-15,2022,3,ZIMA,22.857632404421224,49.88466624217074,11879.864226783786,1875.8880404463184
2022-03-15,2022,3,ZIMA,22.92051447430959,49.88466624217074,13766.95441392564,1882.759485410493
2022-03-15,2022,3,ZIMA,22.98339654419796,49.88466624217074,16699.076024239654,1881.0654473955685
2022-03-15,2022,3,ZIMA,23.046278614086322,49.88466624217074,20226.751793249558,1886.8778396767939
2022-03-15,2022,3,ZIMA,23.10916068397469,49.88466624217074,24089.74822236341,1887.5015450031333
2022-03-15,2022,3,ZIMA,22.60610412486776,49.94754831205911,23789.93073825914,1879.3201124400193
2022-03-15,2022,3,ZIMA,22.668986194756126,49.94754831205911,21231.583181349688,1887.5206540622899
2022-03-15,2022,3,ZIMA,22.73186826464449,49.94754831205911,19403.05298248852,1889.6717888412143
2022-03-15,2022,3,ZIMA,22.794750334532857,49.94754831205911,18521.763690421976,1879.3587315889376
2022-03-15,2022,3,ZIMA,22.857632404421224,49.94754831205911,18721.960805825238,1874.8465522943884
2022-03-15,2022,3,ZIMA,22.92051447430959,49.94754831205911,19971.14797894329,1886.6651296810142
2022-03-15,2022,3,ZIMA,22.98339654419796,49.94754831205911,22092.094857474316,1887.240479030195
2022-03-17,2022,3,ZIMA,22.92051447430959,49.57025589272891,24707.950355679503,1892.3579317427802
2022-03-17,2022,3,ZIMA,22.857632404421224,49.63313796261727,16792.305563771337,1911.2091650547989
2022-03-17,2022,3,ZIMA,22.92051447430959,49.63313796261727,18183.243881269947,1888.7935212232424
2022-03-17,2022,3,ZIMA,22.98339654419796,49.63313796261727,20504.23508264184,1888.0953892463729
2022-03-17,2022,3,ZIMA,23.046278614086322,49.63313796261727,23481.087659430355,1897.223302440161
2022-03-17,2022,3,ZIMA,22.857632404421224,49.69602003250564,10000.969786525471,1904.1231685164887
2022-03-17,2022,3,ZIMA,22.92051447430959,49.69602003250564,12190.390638070834,1908.1497272804663
2022-03-17,2022,3,ZIMA,22.98339654419796,49.69602003250564,15436.431266160615,1910.9240115162186
2022-03-17,2022,3,ZIMA,23.046278614086322,49.69602003250564,19210.744729072256,1900.8027754123214
2022-03-17,2022,3,ZIMA,23.10916068397469,49.69602003250564,23257.54531041787,1890.2441863381052
2022-03-17,2022,3,ZIMA,22.857632404421224,49.758902102394,3986.0002559868417,1904.12316085774
2022-03-17,2022,3,ZIMA,22.92051447430959,49.758902102394,8025.701311788736,1904.1231702023922
2022-03-17,2022,3,ZIMA,22.98339654419796,49.758902102394,12408.62720625713,1904.6989058816744
2022-03-17,2022,3,ZIMA,23.046278614086322,49.758902102394,16869.338095249284,1910.7406826956008
2022-03-17,2022,3,ZIMA,23.10916068397469,49.758902102394,21359.15270679777,1909.974247259286
2022-03-17,2022,3,ZIMA,23.046278614086322,49.82178417228238,17260.640651009067,1898.0455867892852
2022-03-17,2022,3,ZIMA,23.10916068397469,49.82178417228238,21664.40605387826,1888.5454023224177
2022-03-17,2022,3,ZIMA,22.72836648914504,49.57375766822835,23934.74062003905,1868.5189208983722
2022-03-17,2022,3,ZIMA,22.791248559033406,49.57375766822835,23171.03997588284,1868.5189208984737
2022-03-17,2022,3,ZIMA,22.854130628921773,49.57375766822835,23283.399618043084,1868.5189208984089
2022-03-17,2022,3,ZIMA,22.91701269881014,49.57375766822835,24259.650325481372,1866.8050081448646
2022-03-17,2022,3,ZIMA,22.602602349368304,49.63663973811673,22221.015838680374,1861.906310124035
2022-03-17,2022,3,ZIMA,22.66548441925667,49.63663973811673,19379.42308017176,1863.7286206418887
2022-03-17,2022,3,ZIMA,22.72836648914504,49.63663973811673,17276.924078610296,1876.7557138009925
2022-03-17,2022,3,ZIMA,22.791248559033406,49.63663973811673,16203.815953358711,1876.7785544313904
2022-03-17,2022,3,ZIMA,22.854130628921773,49.63663973811673,16363.879178447985,1876.8242256961703
2022-03-17,2022,3,ZIMA,22.91701269881014,49.63663973811673,17723.73555961373,1877.4398853960643
2022-03-17,2022,3,ZIMA,22.979894768698507,49.63663973811673,20040.623156352834,1877.6499237384503
2022-03-17,2022,3,ZIMA,23.042776838586875,49.63663973811673,23027.46026329523,1877.7883384248687
2022-03-17,2022,3,ZIMA,22.539720279479937,49.69952180800509,21820.135385377285,1869.5215557187955
2022-03-17,2022,3,ZIMA,22.602602349368304,49.69952180800509,17803.664050746822,1869.5239904588777
2022-03-17,2022,3,ZIMA,22.66548441925667,49.69952180800509,14103.583896755159,1876.325104012281
2022-03-17,2022,3,ZIMA,22.72836648914504,49.69952180800509,11042.657847244038,1881.5249250244094
2022-03-17,2022,3,ZIMA,22.791248559033406,49.69952180800509,9276.750010689626,1881.528779770155
2022-03-17,2022,3,ZIMA,22.854130628921773,49.69952180800509,9553.233236262362,1880.500898864088
2022-03-17,2022,3,ZIMA,22.91701269881014,49.69952180800509,11728.549324214437,1876.1409913914133
2022-03-17,2022,3,ZIMA,22.979894768698507,49.69952180800509,14998.069231358255,1876.3220720045854
2022-03-17,2022,3,ZIMA,23.042776838586875,49.69952180800509,18799.30470471293,1876.503152754289
2022-03-17,2022,3,ZIMA,23.10565890847524,49.69952180800509,22868.626582513712,1877.3428944792288
2022-03-17,2022,3,ZIMA,22.476838209591577,49.76240387789346,24431.91051318653,1873.7044600331835
2022-03-17,2022,3,ZIMA,22.539720279479937,49.76240387789346,19923.368274673587,1873.7093221410094
2022-03-17,2022,3,ZIMA,22.602602349368304,49.76240387789346,15427.190835483087,1873.7381108403868
2022-03-17,2022,3,ZIMA,22.66548441925667,49.76240387789346,10958.613241493711,1874.0636282493165
2022-03-17,2022,3,ZIMA,22.72836648914504,49.76240387789346,6574.1652570221095,1874.1144367678783
2022-03-17,2022,3,ZIMA,22.791248559033406,49.76240387789346,2717.281532980523,1874.1376716137388
2022-03-17,2022,3,ZIMA,22.854130628921773,49.76240387789346,3547.2661262813654,1874.0735295192483
2022-03-17,2022,3,ZIMA,22.476838209591577,49.82528594778182,24805.546002160747,1861.9627685547478
2022-03-17,2022,3,ZIMA,22.539720279479937,49.82528594778182,20386.177140635493,1861.9627685547478
2022-03-17,2022,3,ZIMA,22.602602349368304,49.82528594778182,16026.836660499537,1866.4199232665958
2022-03-17,2022,3,ZIMA,22.66548441925667,49.82528594778182,11794.280549012707,1882.8538818358677
2022-03-17,2022,3,ZIMA,22.72836648914504,49.82528594778182,7895.124989240052,1882.8538818358966
2022-03-17,2022,3,ZIMA,22.791248559033406,49.82528594778182,5152.030032251366,1882.8538818359332
2022-03-17,2022,3,ZIMA,22.854130628921773,49.82528594778182,5633.484352220106,1882.8538931604976
2022-03-17,2022,3,ZIMA,22.539720279479937,49.888168017670196,23067.043642845758,1880.6375260926177
2022-03-17,2022,3,ZIMA,22.602602349368304,49.888168017670196,19327.640273898036,1887.299712492989
2022-03-17,2022,3,ZIMA,22.66548441925667,49.888168017670196,15998.627117241811,1891.9898718655127
2022-03-17,2022,3,ZIMA,22.72836648914504,49.888168017670196,13389.688543906259,1892.004100934553
2022-03-17,2022,3,ZIMA,22.791248559033406,49.888168017670196,11980.846802178985,1892.0112119122298
2022-03-17,2022,3,ZIMA,22.602602349368304,49.951050087558556,24250.700126710584,1891.2920756718622
2022-03-17,2022,3,ZIMA,22.66548441925667,49.951050087558556,21694.419224661935,1891.2521979858097
2022-03-17,2022,3,ZIMA,22.72836648914504,49.951050087558556,19851.328697738627,1891.2234923681065
2022-03-17,2022,3,ZIMA,22.791248559033406,49.951050087558556,18930.891212450206,1891.2091288834783
2022-03-17,2022,3,ZIMA,22.854130628921773,49.951050087558556,19067.194203363055,1876.4317620843763
2022-03-17,2022,3,ZIMA,22.91701269881014,49.951050087558556,20238.898879779277,1876.4317561860898
2022-03-17,2022,3,ZIMA,22.979894768698507,49.951050087558556,22283.270773851415,1876.4317719627168
2022-03-18,2022,3,ZIMA,22.72836648914504,49.57375766822835,23934.74062003905,1867.8055276362695
2022-03-18,2022,3,ZIMA,22.791248559033406,49.57375766822835,23171.03997588284,1868.231819889811
2022-03-18,2022,3,ZIMA,22.854130628921773,49.57375766822835,23283.399618043084,1870.7441166148678
2022-03-18,2022,3,ZIMA,22.91701269881014,49.57375766822835,24259.650325481372,1870.600585937532
2022-03-18,2022,3,ZIMA,22.602602349368304,49.63663973811673,22221.015838680374,1867.763263561872
2022-03-18,2022,3,ZIMA,22.66548441925667,49.63663973811673,19379.42308017176,1866.716242543403
2022-03-18,2022,3,ZIMA,22.72836648914504,49.63663973811673,17276.924078610296,1863.252016641907
2022-03-18,2022,3,ZIMA,22.791248559033406,49.63663973811673,16203.815953358711,1863.2336425780964
2022-03-18,2022,3,ZIMA,22.854130628921773,49.63663973811673,16363.879178447985,1881.1592175331195
2022-03-18,2022,3,ZIMA,22.91701269881014,49.63663973811673,17723.73555961373,1880.5865689971351
2022-03-18,2022,3,ZIMA,22.979894768698507,49.63663973811673,20040.623156352834,1876.517949356139
2022-03-18,2022,3,ZIMA,23.042776838586875,49.63663973811673,23027.46026329523,1876.4939321848287
2022-03-18,2022,3,ZIMA,22.539720279479937,49.69952180800509,21820.135385377285,1869.5435977036955
2022-03-18,2022,3,ZIMA,22.602602349368304,49.69952180800509,17803.664050746822,1870.1979706424106
2022-03-18,2022,3,ZIMA,22.66548441925667,49.69952180800509,14103.583896755159,1878.771221608353
2022-03-18,2022,3,ZIMA,22.72836648914504,49.69952180800509,11042.657847244038,1889.4505389386122
2022-03-18,2022,3,ZIMA,22.791248559033406,49.69952180800509,9276.750010689626,1888.2605473550784
2022-03-18,2022,3,ZIMA,22.854130628921773,49.69952180800509,9553.233236262362,1883.4513653821673
2022-03-18,2022,3,ZIMA,22.91701269881014,49.69952180800509,11728.549324214437,1883.0727496995355
2022-03-18,2022,3,ZIMA,22.979894768698507,49.69952180800509,14998.069231358255,1882.660787712217
2022-03-18,2022,3,ZIMA,23.042776838586875,49.69952180800509,18799.30470471293,1881.8032276569932
2022-03-18,2022,3,ZIMA,23.10565890847524,49.69952180800509,22868.626582513712,1882.0818894933677
2022-03-18,2022,3,ZIMA,22.476838209591577,49.76240387789346,24431.91051318653,1876.2874032329405
2022-03-18,2022,3,ZIMA,22.539720279479937,49.76240387789346,19923.368274673587,1882.3760239701287
2022-03-18,2022,3,ZIMA,22.602602349368304,49.76240387789346,15427.190835483087,1882.7702203688036
2022-03-18,2022,3,ZIMA,22.66548441925667,49.76240387789346,10958.613241493711,1875.1026120581837
2022-03-18,2022,3,ZIMA,22.72836648914504,49.76240387789346,6574.1652570221095,1874.2286737603358
2022-03-18,2022,3,ZIMA,22.791248559033406,49.76240387789346,2717.281532980523,1880.1552132948927
2022-03-18,2022,3,ZIMA,22.854130628921773,49.76240387789346,3547.2661262813654,1882.5417323274892
2022-03-18,2022,3,ZIMA,22.91701269881014,49.76240387789346,7669.296267977525,1881.6055346308826
2022-03-18,2022,3,ZIMA,22.979894768698507,49.76240387789346,12086.712571358865,1879.5364990234164
2022-03-18,2022,3,ZIMA,23.042776838586875,49.76240387789346,16564.859643632226,1883.2589055089707
2022-03-18,2022,3,ZIMA,23.10565890847524,49.76240387789346,21065.039212487292,1884.372817794235
2022-03-18,2022,3,ZIMA,22.476838209591577,49.82528594778182,24805.546002160747,1875.6183759398803
2022-03-18,2022,3,ZIMA,22.539720279479937,49.82528594778182,20386.177140635493,1876.6981016252807
2022-03-18,2022,3,ZIMA,22.602602349368304,49.82528594778182,16026.836660499537,1878.7156416857958
2022-03-18,2022,3,ZIMA,22.66548441925667,49.82528594778182,11794.280549012707,1877.8680705640475
2022-03-18,2022,3,ZIMA,22.72836648914504,49.82528594778182,7895.124989240052,1877.2645830844913
2022-03-18,2022,3,ZIMA,22.791248559033406,49.82528594778182,5152.030032251366,1886.62479179787
2022-03-18,2022,3,ZIMA,22.854130628921773,49.82528594778182,5633.484352220106,1887.1144417150545
2022-03-18,2022,3,ZIMA,22.91701269881014,49.82528594778182,8826.735474993846,1889.021154304132
2022-03-18,2022,3,ZIMA,22.979894768698507,49.82528594778182,12847.91140989925,1888.9213135663636
2022-03-18,2022,3,ZIMA,23.042776838586875,49.82528594778182,17123.339514792737,1884.638803227402
2022-03-18,2022,3,ZIMA,23.10565890847524,49.82528594778182,21501.882306737294,1884.4964401533664
2022-03-18,2022,3,ZIMA,22.539720279479937,49.888168017670196,23067.043642845758,1888.1059570312784
2022-03-18,2022,3,ZIMA,22.602602349368304,49.888168017670196,19327.640273898036,1888.245620595709
2022-03-18,2022,3,ZIMA,22.66548441925667,49.888168017670196,15998.627117241811,1888.0006537918036
2022-03-18,2022,3,ZIMA,22.72836648914504,49.888168017670196,13389.688543906259,1889.172203702896
2022-03-18,2022,3,ZIMA,22.791248559033406,49.888168017670196,11980.846802178985,1890.2228235845819
2022-03-18,2022,3,ZIMA,22.854130628921773,49.888168017670196,12195.354870412208,1889.7560320369578
2022-03-18,2022,3,ZIMA,22.91701269881014,49.888168017670196,13958.573349333137,1888.4895634977477
2022-03-18,2022,3,ZIMA,22.979894768698507,49.888168017670196,16789.46497038539,1887.89511235216
2022-03-18,2022,3,ZIMA,23.042776838586875,49.888168017670196,20244.99405008839,1867.7022726692242
2022-03-18,2022,3,ZIMA,23.10565890847524,49.888168017670196,24057.485695476233,1868.1738258109574
2022-03-18,2022,3,ZIMA,22.602602349368304,49.951050087558556,24250.700126710584,1885.6072624443416
2022-03-18,2022,3,ZIMA,22.66548441925667,49.951050087558556,21694.419224661935,1885.9042254942062
2022-03-18,2022,3,ZIMA,22.72836648914504,49.951050087558556,19851.328697738627,1889.6461213517337
2022-03-18,2022,3,ZIMA,22.791248559033406,49.951050087558556,18930.891212450206,1890.002217254625
2022-03-18,2022,3,ZIMA,22.854130628921773,49.951050087558556,19067.194203363055,1888.6228961640772
2022-03-18,2022,3,ZIMA,22.91701269881014,49.951050087558556,20238.898879779277,1888.342347024799
2022-03-18,2022,3,ZIMA,22.979894768698507,49.951050087558556,22283.270773851415,1887.2121183657862
2022-03-19,2022,3,ZIMA,22.72836648914504,49.57725944372781,23558.86208644758,1870.5428204987581
2022-03-19,2022,3,ZIMA,22.791248559033406,49.57725944372781,22782.62152632054,1872.8421233808647
2022-03-19,2022,3,ZIMA,22.854130628921773,49.57725944372781,22896.87913298879,1861.757995003552
2022-03-19,2022,3,ZIMA,22.91701269881014,49.57725944372781,23888.861155081515,1870.3869048754784
2022-03-19,2022,3,ZIMA,22.602602349368304,49.64014151361617,21939.814938606796,1866.5880402583157
2022-03-19,2022,3,ZIMA,22.66548441925667,49.64014151361617,19056.559058831164,1869.6775951391471
2022-03-19,2022,3,ZIMA,22.72836648914504,49.64014151361617,16914.13705376863,1881.2525084034262
2022-03-19,2022,3,ZIMA,22.791248559033406,49.64014151361617,15816.515244825583,1891.6064453124704
2022-03-19,2022,3,ZIMA,22.854130628921773,49.64014151361617,15980.446515413369,1887.0967063683142
2022-03-19,2022,3,ZIMA,22.91701269881014,49.64014151361617,17370.250660019006,1885.1146104497145
2022-03-19,2022,3,ZIMA,22.979894768698507,49.64014151361617,19728.535510643305,1875.584316996788
2022-03-19,2022,3,ZIMA,23.042776838586875,49.64014151361617,22756.16940304258,1865.0257393403772
2022-03-19,2022,3,ZIMA,22.539720279479937,49.703023583504546,21659.564560962088,1869.5611475983408
2022-03-19,2022,3,ZIMA,22.602602349368304,49.703023583504546,17606.825860113462,1867.8762128685808
2022-03-19,2022,3,ZIMA,22.66548441925667,49.703023583504546,13854.581140689657,1858.054579866977
2022-03-19,2022,3,ZIMA,22.72836648914504,49.703023583504546,10723.066384900048,1885.0071951814252
2022-03-19,2022,3,ZIMA,22.791248559033406,49.703023583504546,8894.07247005096,1895.6895435928407
2022-03-19,2022,3,ZIMA,22.854130628921773,49.703023583504546,9182.065438086835,1883.4331595195613
2022-03-19,2022,3,ZIMA,22.91701269881014,49.703023583504546,11428.106135663511,1883.9963361746554
2022-03-19,2022,3,ZIMA,22.979894768698507,49.703023583504546,14764.0967300497,1891.3001135776933
2022-03-19,2022,3,ZIMA,23.042776838586875,49.703023583504546,18612.928375943913,1882.57047538065
2022-03-19,2022,3,ZIMA,23.10565890847524,49.703023583504546,22715.394410355515,1878.1823216601977
2022-03-19,2022,3,ZIMA,22.476838209591577,49.765905653392906,24400.211898526377,1874.388753697059
2022-03-19,2022,3,ZIMA,22.539720279479937,49.765905653392906,19884.845931381526,1878.8331298828564
2022-03-19,2022,3,ZIMA,22.602602349368304,49.765905653392906,15377.781385443734,1875.4934647473715
2022-03-19,2022,3,ZIMA,22.66548441925667,49.765905653392906,10889.33608058166,1873.8742064320681
2022-03-19,2022,3,ZIMA,22.72836648914504,49.765905653392906,6458.45344820251,1882.6907251685743
2022-03-19,2022,3,ZIMA,22.791248559033406,49.765905653392906,2424.4926980229884,1882.4343436492466
2022-03-19,2022,3,ZIMA,22.854130628921773,49.765905653392906,3328.253538771559,1884.0396728515414
2022-03-19,2022,3,ZIMA,22.91701269881014,49.765905653392906,7570.267781197971,1884.8305811529722
2022-03-19,2022,3,ZIMA,22.979894768698507,49.765905653392906,12023.858962071636,1884.9289727940331
2022-03-19,2022,3,ZIMA,23.042776838586875,49.765905653392906,16518.774064264417,1874.9033275621175
2022-03-19,2022,3,ZIMA,23.10565890847524,49.765905653392906,21028.528254385063,1874.7199689710142
2022-03-19,2022,3,ZIMA,22.476838209591577,49.82878772328128,24884.039517506415,1881.1464748895307
2022-03-19,2022,3,ZIMA,22.539720279479937,49.82878772328128,20481.966309509076,1874.467479115809
2022-03-19,2022,3,ZIMA,22.602602349368304,49.82878772328128,16148.859937994948,1867.2596229081764
2022-03-19,2022,3,ZIMA,22.66548441925667,49.82878772328128,11959.922264102936,1871.1029101591103
2022-03-19,2022,3,ZIMA,22.72836648914504,49.82878772328128,8140.837534137523,1885.3600608102133
2022-03-19,2022,3,ZIMA,22.791248559033406,49.82878772328128,5521.434993099957,1888.1051294126755
2022-03-19,2022,3,ZIMA,22.854130628921773,49.82878772328128,5973.156675591522,1893.9809234597567
2022-03-19,2022,3,ZIMA,22.91701269881014,49.82878772328128,9047.119372070567,1895.0927938515454
2022-03-19,2022,3,ZIMA,22.979894768698507,49.82878772328128,13000.063045510286,1890.0910653418646
2022-03-19,2022,3,ZIMA,23.042776838586875,49.82878772328128,17237.526389175084,1876.045562855928
2022-03-19,2022,3,ZIMA,23.10565890847524,49.82878772328128,21592.6444637045,1873.2099385684585
2022-03-19,2022,3,ZIMA,22.539720279479937,49.89166979316964,23269.113954228815,1877.245337279235
2022-03-19,2022,3,ZIMA,22.602602349368304,49.89166979316964,19568.65644433084,1884.3392378074952
2022-03-19,2022,3,ZIMA,22.66548441925667,49.89166979316964,16289.236427202106,1895.4812952996833
2022-03-19,2022,3,ZIMA,22.72836648914504,49.89166979316964,13735.809706779357,1897.396473787424
2022-03-19,2022,3,ZIMA,22.791248559033406,49.89166979316964,12366.567302553234,1897.191127169913
2022-03-19,2022,3,ZIMA,22.854130628921773,49.89166979316964,12574.48217606422,1896.8529744706861
2022-03-19,2022,3,ZIMA,22.91701269881014,49.89166979316964,14290.883520109854,1896.9008956151076
2022-03-19,2022,3,ZIMA,22.979894768698507,49.89166979316964,17066.558214004926,1879.3295148956975
2022-03-19,2022,3,ZIMA,23.042776838586875,49.89166979316964,20475.15060787519,1875.8022205513853
2022-03-19,2022,3,ZIMA,23.10565890847524,49.89166979316964,24251.235069193517,1870.6636414113975
2022-03-19,2022,3,ZIMA,22.602602349368304,49.954551863058015,24554.423967116636,1888.701356887898
2022-03-19,2022,3,ZIMA,22.66548441925667,49.954551863058015,22033.60218464446,1896.7613232452252
2022-03-19,2022,3,ZIMA,22.72836648914504,49.954551863058015,20221.587574999707,1894.5299035432815
2022-03-19,2022,3,ZIMA,22.791248559033406,49.954551863058015,19318.865969128386,1894.304288304048
2022-03-19,2022,3,ZIMA,22.854130628921773,49.954551863058015,19452.440971355674,1895.3247736343687
2022-03-19,2022,3,ZIMA,22.91701269881014,49.954551863058015,20602.16625205993,1895.1259765625325
2022-03-19,2022,3,ZIMA,22.979894768698507,49.954551863058015,22613.58170655219,1886.3473439687148
2022-03-20,2022,3,ZIMA,22.73186826464449,49.57725944372781,23493.2693373508,1870.4272349189678
2022-03-20,2022,3,ZIMA,22.794750334532857,49.57725944372781,22765.22415051175,1872.4695919030808
2022-03-20,2022,3,ZIMA,22.857632404421224,49.57725944372781,22929.642924141328,1880.0084307570223
2022-03-20,2022,3,ZIMA,22.92051447430959,49.57725944372781,23968.166495009584,1884.9972266135637
2022-03-20,2022,3,ZIMA,22.60610412486776,49.64014151361617,21764.45074750315,1873.198982629823
2022-03-20,2022,3,ZIMA,22.668986194756126,49.64014151361617,18915.05239248048,1873.8654005452809
2022-03-20,2022,3,ZIMA,22.73186826464449,49.64014151361617,16822.773898113886,1881.4764749054095
2022-03-20,2022,3,ZIMA,22.794750334532857,49.64014151361617,15791.477478126646,1877.7226525526137
2022-03-20,2022,3,ZIMA,22.857632404421224,49.64014151361617,16027.29515834017,1877.5836803296725
2022-03-20,2022,3,ZIMA,22.92051447430959,49.64014151361617,17479.017342413288,1872.9701901496544
2022-03-20,2022,3,ZIMA,22.98339654419796,49.64014151361617,19882.064266925787,1873.5727528272785
2022-03-20,2022,3,ZIMA,23.046278614086322,49.64014151361617,22939.388354842766,1870.8264617417917
2022-03-20,2022,3,ZIMA,22.543222054979392,49.703023583504546,21428.823452632554,1860.7748021875307
2022-03-20,2022,3,ZIMA,22.60610412486776,49.703023583504546,17388.09997969512,1871.5572668416883
2022-03-20,2022,3,ZIMA,22.668986194756126,49.703023583504546,13659.542302594182,1871.7851316290557
2022-03-20,2022,3,ZIMA,22.73186826464449,49.703023583504546,10578.554156056924,1875.8724006589862
2022-03-20,2022,3,ZIMA,22.794750334532857,49.703023583504546,8849.528317586586,1879.6780096502293
2022-03-20,2022,3,ZIMA,22.857632404421224,49.703023583504546,9263.256096580859,1875.8601074218461
2022-03-20,2022,3,ZIMA,22.92051447430959,49.703023583504546,11592.548159691261,1871.6546432908635
2022-03-20,2022,3,ZIMA,22.98339654419796,49.703023583504546,14968.36972927753,1871.654661285198
2022-03-20,2022,3,ZIMA,23.046278614086322,49.703023583504546,18836.204875113814,1866.5986306223786
2022-03-20,2022,3,ZIMA,23.10916068397469,49.703023583504546,22948.6082092133,1866.5986275241557
2022-03-20,2022,3,ZIMA,22.480339985091025,49.765905653392906,24148.621374600574,1868.5999470421475
2022-03-20,2022,3,ZIMA,22.543222054979392,49.765905653392906,19633.58536118644,1882.6986836747587
2022-03-20,2022,3,ZIMA,22.60610412486776,49.765905653392906,15127.185678551421,1876.337977747205
2022-03-20,2022,3,ZIMA,22.668986194756126,49.765905653392906,10640.406085574949,1868.066644155377
2022-03-20,2022,3,ZIMA,22.73186826464449,49.765905653392906,6215.886208794365,1869.9347784183453
2022-03-20,2022,3,ZIMA,22.794750334532857,49.765905653392906,2255.8386657603014,1881.0752341880357
2022-03-20,2022,3,ZIMA,22.857632404421224,49.765905653392906,3545.833307069924,1883.8009789768328
2022-03-20,2022,3,ZIMA,22.92051447430959,49.765905653392906,7815.986039923903,1879.2894320024811
2022-03-20,2022,3,ZIMA,22.98339654419796,49.765905653392906,12273.503404588548,1869.9271481910812
2022-03-20,2022,3,ZIMA,23.046278614086322,49.765905653392906,16769.633620027365,1860.3664491439993
2022-03-20,2022,3,ZIMA,23.10916068397469,49.765905653392906,21279.91361633516,1860.3664309154485
2022-03-20,2022,3,ZIMA,22.480339985091025,49.82878772328128,24637.71098163613,1873.0133301639733
2022-03-20,2022,3,ZIMA,22.543222054979392,49.82878772328128,20238.437926157472,1874.3230101558704
2022-03-20,2022,3,ZIMA,22.60610412486776,49.82878772328128,15910.724569619551,1875.1202890786672
2022-03-20,2022,3,ZIMA,22.668986194756126,49.82878772328128,11734.02227692739,1871.9451501788737
2022-03-20,2022,3,ZIMA,22.73186826464449,49.82878772328128,7950.021305988564,1885.7232001183236
2022-03-20,2022,3,ZIMA,22.794750334532857,49.82878772328128,5449.57910022521,1886.7653769609608
2022-03-20,2022,3,ZIMA,22.857632404421224,49.82878772328128,6096.910818244094,1883.0979101301514
2022-03-20,2022,3,ZIMA,22.92051447430959,49.82878772328128,9253.44027674539,1882.4789943097433
2022-03-20,2022,3,ZIMA,22.98339654419796,49.82878772328128,13231.00488394699,1870.4891757577036
2022-03-20,2022,3,ZIMA,23.046278614086322,49.82878772328128,17477.763716287656,1863.8615464312836
2022-03-20,2022,3,ZIMA,23.10916068397469,49.82878772328128,21837.221769753294,1872.0630436450456
2022-03-20,2022,3,ZIMA,22.543222054979392,49.89166979316964,23055.323741507742,1888.7812247071076
2022-03-20,2022,3,ZIMA,22.60610412486776,49.89166979316964,19372.8599092558,1884.7727678889007
2022-03-20,2022,3,ZIMA,22.668986194756126,49.89166979316964,16124.320549651156,1882.6420859626523
2022-03-20,2022,3,ZIMA,22.73186826464449,49.89166979316964,13623.731614643058,1891.769840309438
2022-03-20,2022,3,ZIMA,22.794750334532857,49.89166979316964,12334.694064801255,1890.6125265737712
2022-03-20,2022,3,ZIMA,22.857632404421224,49.89166979316964,12633.660695484874,1885.6635773134528
2022-03-20,2022,3,ZIMA,22.92051447430959,49.89166979316964,14422.21314753677,1876.06926211351
2022-03-20,2022,3,ZIMA,22.98339654419796,49.89166979316964,17242.89404715196,1874.0445127923015
2022-03-20,2022,3,ZIMA,23.046278614086322,49.89166979316964,20677.545318090793,1882.0675758102527
2022-03-20,2022,3,ZIMA,23.10916068397469,49.89166979316964,24468.971890557703,1880.8718252733513
2022-03-20,2022,3,ZIMA,22.60610412486776,49.954551863058015,24398.873749480455,1883.4414067440694
2022-03-20,2022,3,ZIMA,22.668986194756126,49.954551863058015,21912.12152600626,1888.7755922642898
2022-03-20,2022,3,ZIMA,22.73186826464449,49.954551863058015,20145.72377669812,1895.828979492121
2022-03-20,2022,3,ZIMA,22.794750334532857,49.954551863058015,19298.50501956277,1894.338820413959
2022-03-20,2022,3,ZIMA,22.857632404421224,49.954551863058015,19490.69782676635,1889.0431088537416
2022-03-20,2022,3,ZIMA,22.92051447430959,49.954551863058015,20693.361969813795,1882.6840994833155
2022-03-20,2022,3,ZIMA,22.98339654419796,49.954551863058015,22746.784219170553,1882.4369150869672
2022-03-21,2022,3,ZIMA,22.73186826464449,49.57725944372781,23493.2693373508,1860.0898289244926
2022-03-21,2022,3,ZIMA,22.794750334532857,49.57725944372781,22765.22415051175,1839.1423691919917
2022-03-21,2022,3,ZIMA,22.857632404421224,49.57725944372781,22929.642924141328,1812.4754638671593
2022-03-21,2022,3,ZIMA,22.92051447430959,49.57725944372781,23968.166495009584,1872.8667894166995
2022-03-21,2022,3,ZIMA,22.60610412486776,49.64014151361617,21764.45074750315,1866.8995837535992
2022-03-21,2022,3,ZIMA,22.668986194756126,49.64014151361617,18915.05239248048,1870.2117981500594
2022-03-21,2022,3,ZIMA,22.73186826464449,49.64014151361617,16822.773898113886,1884.010283597768
2022-03-21,2022,3,ZIMA,22.794750334532857,49.64014151361617,15791.477478126646,1883.6132927749231
2022-03-21,2022,3,ZIMA,22.857632404421224,49.64014151361617,16027.29515834017,1879.115963153446
2022-03-21,2022,3,ZIMA,22.92051447430959,49.64014151361617,17479.017342413288,1878.7042567832154
2022-03-21,2022,3,ZIMA,22.98339654419796,49.64014151361617,19882.064266925787,1878.0071111313132
2022-03-21,2022,3,ZIMA,23.046278614086322,49.64014151361617,22939.388354842766,1871.8183838587229
2022-03-21,2022,3,ZIMA,22.543222054979392,49.703023583504546,21428.823452632554,1869.2273541077639
2022-03-21,2022,3,ZIMA,22.60610412486776,49.703023583504546,17388.09997969512,1868.243289300642
2022-03-21,2022,3,ZIMA,22.668986194756126,49.703023583504546,13659.542302594182,1876.3637462680347
2022-03-21,2022,3,ZIMA,22.73186826464449,49.703023583504546,10578.554156056924,1882.5633675866914
2022-03-21,2022,3,ZIMA,22.794750334532857,49.703023583504546,8849.528317586586,1883.098548832123
2022-03-21,2022,3,ZIMA,22.857632404421224,49.703023583504546,9263.256096580859,1887.4630993966412
2022-03-21,2022,3,ZIMA,22.92051447430959,49.703023583504546,11592.548159691261,1883.9634626003453
2022-03-21,2022,3,ZIMA,22.98339654419796,49.703023583504546,14968.36972927753,1881.6589061962998
2022-03-21,2022,3,ZIMA,23.046278614086322,49.703023583504546,18836.204875113814,1887.1617042641371
2022-03-21,2022,3,ZIMA,23.10916068397469,49.703023583504546,22948.6082092133,1881.5842651377798
2022-03-21,2022,3,ZIMA,22.480339985091025,49.765905653392906,24148.621374600574,1871.8213122640982
2022-03-21,2022,3,ZIMA,22.543222054979392,49.765905653392906,19633.58536118644,1873.1525138157003
2022-03-21,2022,3,ZIMA,22.60610412486776,49.765905653392906,15127.185678551421,1874.3022810982775
2022-03-21,2022,3,ZIMA,22.668986194756126,49.765905653392906,10640.406085574949,1874.3250602115224
2022-03-21,2022,3,ZIMA,22.73186826464449,49.765905653392906,6215.886208794365,1874.5949560796712
2022-03-21,2022,3,ZIMA,22.794750334532857,49.765905653392906,2255.8386657603014,1879.2627845806396
2022-03-21,2022,3,ZIMA,22.857632404421224,49.765905653392906,3545.833307069924,1880.8827854398987
2022-03-21,2022,3,ZIMA,22.92051447430959,49.765905653392906,7815.986039923903,1879.1601611494948
2022-03-21,2022,3,ZIMA,22.98339654419796,49.765905653392906,12273.503404588548,1879.7028919183995
2022-03-21,2022,3,ZIMA,23.046278614086322,49.765905653392906,16769.633620027365,1887.3213235368335
2022-03-21,2022,3,ZIMA,23.10916068397469,49.765905653392906,21279.91361633516,1886.016507801385
2022-03-21,2022,3,ZIMA,22.480339985091025,49.82878772328128,24637.71098163613,1870.0522817625947
2022-03-21,2022,3,ZIMA,22.543222054979392,49.82878772328128,20238.437926157472,1871.0207950285157
2022-03-21,2022,3,ZIMA,22.60610412486776,49.82878772328128,15910.724569619551,1876.2019478716568
2022-03-21,2022,3,ZIMA,22.668986194756126,49.82878772328128,11734.02227692739,1875.2383737902264
2022-03-21,2022,3,ZIMA,22.73186826464449,49.82878772328128,7950.021305988564,1878.4343291490873
2022-03-21,2022,3,ZIMA,22.794750334532857,49.82878772328128,5449.57910022521,1887.8915922176127
2022-03-21,2022,3,ZIMA,22.857632404421224,49.82878772328128,6096.910818244094,1882.4389843093954
2022-03-21,2022,3,ZIMA,22.92051447430959,49.82878772328128,9253.44027674539,1878.9602122209635
2022-03-21,2022,3,ZIMA,22.98339654419796,49.82878772328128,13231.00488394699,1877.5677621517905
2022-03-21,2022,3,ZIMA,23.046278614086322,49.82878772328128,17477.763716287656,1877.6686498496326
2022-03-21,2022,3,ZIMA,23.10916068397469,49.82878772328128,21837.221769753294,1876.7603124640511
2022-03-21,2022,3,ZIMA,22.543222054979392,49.89166979316964,23055.323741507742,1884.731211107751
2022-03-21,2022,3,ZIMA,22.60610412486776,49.89166979316964,19372.8599092558,1886.948144092703
2022-03-21,2022,3,ZIMA,22.668986194756126,49.89166979316964,16124.320549651156,1886.0905570016823
2022-03-21,2022,3,ZIMA,22.73186826464449,49.89166979316964,13623.731614643058,1892.5354196574604
2022-03-21,2022,3,ZIMA,22.794750334532857,49.89166979316964,12334.694064801255,1892.3590798257371
2022-03-21,2022,3,ZIMA,22.857632404421224,49.89166979316964,12633.660695484874,1891.2452809712067
2022-03-21,2022,3,ZIMA,22.60610412486776,49.954551863058015,24398.873749480455,1886.9007140262383
2022-03-21,2022,3,ZIMA,22.668986194756126,49.954551863058015,21912.12152600626,1886.9627362780427
2022-03-21,2022,3,ZIMA,22.73186826464449,49.954551863058015,20145.72377669812,1893.1951904296213
2022-03-21,2022,3,ZIMA,22.794750334532857,49.954551863058015,19298.50501956277,1893.0717901229607
2022-03-21,2022,3,ZIMA,22.857632404421224,49.954551863058015,19490.69782676635,1889.7945150891599
2022-03-22,2022,3,ZIMA,22.73186826464449,49.57725944372781,23493.2693373508,1901.4597017836172
2022-03-22,2022,3,ZIMA,22.794750334532857,49.57725944372781,22765.22415051175,1898.3934508796324
2022-03-22,2022,3,ZIMA,22.857632404421224,49.57725944372781,22929.642924141328,1891.1922664263448
2022-03-22,2022,3,ZIMA,22.92051447430959,49.57725944372781,23968.166495009584,1886.0308071830968
2022-03-22,2022,3,ZIMA,22.60610412486776,49.64014151361617,21764.45074750315,1891.0205781035809
2022-03-22,2022,3,ZIMA,22.668986194756126,49.64014151361617,18915.05239248048,1891.03930342594
2022-03-22,2022,3,ZIMA,22.73186826464449,49.64014151361617,16822.773898113886,1891.0393640591517
2022-03-22,2022,3,ZIMA,22.794750334532857,49.64014151361617,15791.477478126646,1899.2421295667016
2022-03-22,2022,3,ZIMA,22.857632404421224,49.64014151361617,16027.29515834017,1890.5846584394997
2022-03-22,2022,3,ZIMA,22.92051447430959,49.64014151361617,17479.017342413288,1888.5313452528808
2022-03-22,2022,3,ZIMA,22.98339654419796,49.64014151361617,19882.064266925787,1885.7199908627085
2022-03-22,2022,3,ZIMA,23.046278614086322,49.64014151361617,22939.388354842766,1883.8641590471716
2022-03-22,2022,3,ZIMA,22.543222054979392,49.703023583504546,21428.823452632554,1885.062806692669
2022-03-22,2022,3,ZIMA,22.60610412486776,49.703023583504546,17388.09997969512,1885.9333820522345
2022-03-22,2022,3,ZIMA,22.668986194756126,49.703023583504546,13659.542302594182,1888.7115003550593
2022-03-22,2022,3,ZIMA,22.73186826464449,49.703023583504546,10578.554156056924,1891.0393040585748
2022-03-22,2022,3,ZIMA,22.794750334532857,49.703023583504546,8849.528317586586,1891.5826411474893
2022-03-22,2022,3,ZIMA,22.857632404421224,49.703023583504546,9263.256096580859,1894.1513179193962
2022-03-22,2022,3,ZIMA,22.92051447430959,49.703023583504546,11592.548159691261,1891.0290053864662
2022-03-22,2022,3,ZIMA,22.98339654419796,49.703023583504546,14968.36972927753,1889.8638873350367
2022-03-22,2022,3,ZIMA,23.046278614086322,49.703023583504546,18836.204875113814,1885.5433678753277
2022-03-22,2022,3,ZIMA,23.10916068397469,49.703023583504546,22948.6082092133,1886.9799138763967
2022-03-22,2022,3,ZIMA,22.480339985091025,49.765905653392906,24148.621374600574,1881.6235814676618
2022-03-22,2022,3,ZIMA,22.543222054979392,49.765905653392906,19633.58536118644,1882.9321424557431
2022-03-22,2022,3,ZIMA,22.60610412486776,49.765905653392906,15127.185678551421,1885.8719549529526
2022-03-22,2022,3,ZIMA,22.668986194756126,49.765905653392906,10640.406085574949,1885.7154232010146
2022-03-22,2022,3,ZIMA,22.73186826464449,49.765905653392906,6215.886208794365,1892.9370221229567
2022-03-22,2022,3,ZIMA,22.794750334532857,49.765905653392906,2255.8386657603014,1893.464370574893
2022-03-22,2022,3,ZIMA,22.857632404421224,49.765905653392906,3545.833307069924,1890.3248644524137
2022-03-22,2022,3,ZIMA,22.92051447430959,49.765905653392906,7815.986039923903,1890.8578072008963
2022-03-22,2022,3,ZIMA,22.98339654419796,49.765905653392906,12273.503404588548,1891.900468382661
2022-03-22,2022,3,ZIMA,23.046278614086322,49.765905653392906,16769.633620027365,1882.3027049883274
2022-03-22,2022,3,ZIMA,23.10916068397469,49.765905653392906,21279.91361633516,1882.7565914496022
2022-03-22,2022,3,ZIMA,22.480339985091025,49.82878772328128,24637.71098163613,1894.7400427395976
2022-03-22,2022,3,ZIMA,22.543222054979392,49.82878772328128,20238.437926157472,1885.156548673076
2022-03-22,2022,3,ZIMA,22.60610412486776,49.82878772328128,15910.724569619551,1882.518618183107
2022-03-22,2022,3,ZIMA,22.668986194756126,49.82878772328128,11734.02227692739,1884.6306416490615
2022-03-22,2022,3,ZIMA,22.73186826464449,49.82878772328128,7950.021305988564,1898.582801700582
2022-03-22,2022,3,ZIMA,22.794750334532857,49.82878772328128,5449.57910022521,1896.362605920985
2022-03-22,2022,3,ZIMA,22.857632404421224,49.82878772328128,6096.910818244094,1893.597772849548
2022-03-22,2022,3,ZIMA,22.92051447430959,49.82878772328128,9253.44027674539,1890.6055796641017
2022-03-22,2022,3,ZIMA,22.98339654419796,49.82878772328128,13231.00488394699,1884.0568569096554
2022-03-22,2022,3,ZIMA,23.046278614086322,49.82878772328128,17477.763716287656,1882.1198410639186
2022-03-22,2022,3,ZIMA,23.10916068397469,49.82878772328128,21837.221769753294,1882.1933239816894
2022-03-22,2022,3,ZIMA,22.543222054979392,49.89166979316964,23055.323741507742,1903.694650411502
2022-03-22,2022,3,ZIMA,22.60610412486776,49.89166979316964,19372.8599092558,1903.1278162185924
2022-03-22,2022,3,ZIMA,22.668986194756126,49.89166979316964,16124.320549651156,1902.7959392603527
2022-03-22,2022,3,ZIMA,22.73186826464449,49.89166979316964,13623.731614643058,1900.063135529407
2022-03-22,2022,3,ZIMA,22.794750334532857,49.89166979316964,12334.694064801255,1899.9292869527596
2022-03-22,2022,3,ZIMA,22.857632404421224,49.89166979316964,12633.660695484874,1899.1312345011288
2022-03-22,2022,3,ZIMA,22.92051447430959,49.89166979316964,14422.21314753677,1890.0687069661656
2022-03-22,2022,3,ZIMA,22.98339654419796,49.89166979316964,17242.89404715196,1884.5258896689206
2022-03-22,2022,3,ZIMA,23.046278614086322,49.89166979316964,20677.545318090793,1881.2020915884175
2022-03-22,2022,3,ZIMA,23.10916068397469,49.89166979316964,24468.971890557703,1881.5852115994567
2022-03-22,2022,3,ZIMA,22.60610412486776,49.954551863058015,24398.873749480455,1899.0555182935527
2022-03-22,2022,3,ZIMA,22.668986194756126,49.954551863058015,21912.12152600626,1901.5942462268733
2022-03-22,2022,3,ZIMA,22.73186826464449,49.954551863058015,20145.72377669812,1903.1042004610345
2022-03-22,2022,3,ZIMA,22.794750334532857,49.954551863058015,19298.50501956277,1901.6193059476673
2022-03-22,2022,3,ZIMA,22.857632404421224,49.954551863058015,19490.69782676635,1897.848181424308
2022-03-22,2022,3,ZIMA,22.92051447430959,49.954551863058015,20693.361969813795,1890.1369377372096
2022-03-22,2022,3,ZIMA,22.98339654419796,49.954551863058015,22746.784219170553,1893.3879394530954
2022-03-22,2022,3,ZIMA,22.72836648914504,49.57375766822835,23934.74062003905,1870.841878908927
2022-03-22,2022,3,ZIMA,22.791248559033406,49.57375766822835,23171.03997588284,1870.925286323647
2022-03-22,2022,3,ZIMA,22.854130628921773,49.57375766822835,23283.399618043084,1871.092117752106
2022-03-22,2022,3,ZIMA,22.91701269881014,49.57375766822835,24259.650325481372,1871.1755488133126
2022-03-22,2022,3,ZIMA,22.602602349368304,49.63663973811673,22221.015838680374,1855.7567138672232
2022-03-22,2022,3,ZIMA,22.66548441925667,49.63663973811673,19379.42308017176,1856.4930994654121
2022-03-22,2022,3,ZIMA,22.72836648914504,49.63663973811673,17276.924078610296,1874.0419921874998
2022-03-22,2022,3,ZIMA,22.791248559033406,49.63663973811673,16203.815953358711,1874.0419921874714
2022-03-22,2022,3,ZIMA,22.854130628921773,49.63663973811673,16363.879178447985,1874.0419921875036
2022-03-22,2022,3,ZIMA,22.91701269881014,49.63663973811673,17723.73555961373,1874.0429636412744
2022-03-22,2022,3,ZIMA,22.979894768698507,49.63663973811673,20040.623156352834,1886.0988960895907
2022-03-22,2022,3,ZIMA,23.042776838586875,49.63663973811673,23027.46026329523,1885.0396019150728
2022-03-22,2022,3,ZIMA,22.539720279479937,49.69952180800509,21820.135385377285,1859.7660970793854
2022-03-22,2022,3,ZIMA,22.602602349368304,49.69952180800509,17803.664050746822,1859.4780198161063
2022-03-22,2022,3,ZIMA,22.66548441925667,49.69952180800509,14103.583896755159,1868.4274965489594
2022-03-22,2022,3,ZIMA,22.72836648914504,49.69952180800509,11042.657847244038,1881.4438155885523
2022-03-22,2022,3,ZIMA,22.791248559033406,49.69952180800509,9276.750010689626,1881.5285277567375
2022-03-22,2022,3,ZIMA,22.854130628921773,49.69952180800509,9553.233236262362,1881.6911068918264
2022-03-22,2022,3,ZIMA,22.91701269881014,49.69952180800509,11728.549324214437,1882.3898425818506
2022-03-22,2022,3,ZIMA,22.979894768698507,49.69952180800509,14998.069231358255,1885.2140190278699
2022-03-22,2022,3,ZIMA,23.042776838586875,49.69952180800509,18799.30470471293,1886.3834983184317
2022-03-22,2022,3,ZIMA,23.10565890847524,49.69952180800509,22868.626582513712,1886.968237927574
2022-03-22,2022,3,ZIMA,22.476838209591577,49.76240387789346,24431.91051318653,1862.848670554148
2022-03-22,2022,3,ZIMA,22.539720279479937,49.76240387789346,19923.368274673587,1862.960493885819
2022-03-22,2022,3,ZIMA,22.602602349368304,49.76240387789346,15427.190835483087,1863.0722613981357
2022-03-22,2022,3,ZIMA,22.66548441925667,49.76240387789346,10958.613241493711,1873.8182339415348
2022-03-22,2022,3,ZIMA,22.72836648914504,49.76240387789346,6574.1652570221095,1877.3067737859683
2022-03-22,2022,3,ZIMA,22.791248559033406,49.76240387789346,2717.281532980523,1877.3067611517492
2022-03-22,2022,3,ZIMA,22.854130628921773,49.76240387789346,3547.2661262813654,1877.3067811638996
2022-03-22,2022,3,ZIMA,22.91701269881014,49.76240387789346,7669.296267977525,1888.2914201985886
2022-03-22,2022,3,ZIMA,22.979894768698507,49.76240387789346,12086.712571358865,1900.7563451360363
2022-03-22,2022,3,ZIMA,23.042776838586875,49.76240387789346,16564.859643632226,1900.7563418867542
2022-03-22,2022,3,ZIMA,23.10565890847524,49.76240387789346,21065.039212487292,1900.756345623023
2022-03-22,2022,3,ZIMA,22.476838209591577,49.82528594778182,24805.546002160747,1865.3020019531853
2022-03-22,2022,3,ZIMA,22.539720279479937,49.82528594778182,20386.177140635493,1865.3020019531853
2022-03-22,2022,3,ZIMA,22.602602349368304,49.82528594778182,16026.836660499537,1865.3020015741804
2022-03-22,2022,3,ZIMA,22.66548441925667,49.82528594778182,11794.280549012707,1865.301989581739
2022-03-22,2022,3,ZIMA,22.539720279479937,49.888168017670196,23067.043642845758,1882.3527159198838
2022-03-22,2022,3,ZIMA,22.602602349368304,49.888168017670196,19327.640273898036,1881.7680178473154
2022-03-22,2022,3,ZIMA,22.602602349368304,49.951050087558556,24250.700126710584,1884.3719349529888
2022-03-23,2022,3,ZIMA,22.854130628921773,49.57725944372781,22896.87913298879,1872.8014794766032
2022-03-23,2022,3,ZIMA,22.91701269881014,49.57725944372781,23888.861155081515,1872.864003510801
2022-03-23,2022,3,ZIMA,22.602602349368304,49.64014151361617,21939.814938606796,1878.8035108013235
2022-03-23,2022,3,ZIMA,22.66548441925667,49.64014151361617,19056.559058831164,1879.6738953518584
2022-03-23,2022,3,ZIMA,22.72836648914504,49.64014151361617,16914.13705376863,1879.744044501265
2022-03-23,2022,3,ZIMA,22.791248559033406,49.64014151361617,15816.515244825583,1879.407151617481
2022-03-23,2022,3,ZIMA,22.854130628921773,49.64014151361617,15980.446515413369,1867.5720323514158
2022-03-23,2022,3,ZIMA,22.91701269881014,49.64014151361617,17370.250660019006,1867.691859132377
2022-03-23,2022,3,ZIMA,22.979894768698507,49.64014151361617,19728.535510643305,1873.5658662270596
2022-03-23,2022,3,ZIMA,23.042776838586875,49.64014151361617,22756.16940304258,1872.706101195581
2022-03-23,2022,3,ZIMA,22.539720279479937,49.703023583504546,21659.564560962088,1877.7389854019427
2022-03-23,2022,3,ZIMA,22.602602349368304,49.703023583504546,17606.825860113462,1878.212325999189
2022-03-23,2022,3,ZIMA,22.66548441925667,49.703023583504546,13854.581140689657,1885.792432196188
2022-03-23,2022,3,ZIMA,22.72836648914504,49.703023583504546,10723.066384900048,1885.4633486880728
2022-03-23,2022,3,ZIMA,22.791248559033406,49.703023583504546,8894.07247005096,1883.3800007612995
2022-03-23,2022,3,ZIMA,22.854130628921773,49.703023583504546,9182.065438086835,1866.8560048325394
2022-03-23,2022,3,ZIMA,22.91701269881014,49.703023583504546,11428.106135663511,1866.7592649984772
2022-03-23,2022,3,ZIMA,22.979894768698507,49.703023583504546,14764.0967300497,1881.4453356999352
2022-03-23,2022,3,ZIMA,23.042776838586875,49.703023583504546,18612.928375943913,1881.104467426965
2022-03-23,2022,3,ZIMA,23.10565890847524,49.703023583504546,22715.394410355515,1881.112701538013
2022-03-23,2022,3,ZIMA,22.476838209591577,49.765905653392906,24400.211898526377,1874.4110156725378
2022-03-23,2022,3,ZIMA,22.539720279479937,49.765905653392906,19884.845931381526,1883.6065036540087
2022-03-23,2022,3,ZIMA,22.602602349368304,49.765905653392906,15377.781385443734,1881.0300298022626
2022-03-23,2022,3,ZIMA,22.66548441925667,49.765905653392906,10889.33608058166,1877.9945461130717
2022-03-23,2022,3,ZIMA,22.72836648914504,49.765905653392906,6458.45344820251,1877.920898437475
2022-03-23,2022,3,ZIMA,22.791248559033406,49.765905653392906,2424.4926980229884,1872.8630557976426
2022-03-23,2022,3,ZIMA,22.854130628921773,49.765905653392906,3328.253538771559,1870.106201171854
2022-03-23,2022,3,ZIMA,22.91701269881014,49.765905653392906,7570.267781197971,1870.1053304231143
2022-03-23,2022,3,ZIMA,22.979894768698507,49.765905653392906,12023.858962071636,1884.9661846132844
2022-03-23,2022,3,ZIMA,23.042776838586875,49.765905653392906,16518.774064264417,1884.966230987726
2022-03-23,2022,3,ZIMA,23.10565890847524,49.765905653392906,21028.528254385063,1889.518264181688
2022-03-23,2022,3,ZIMA,22.476838209591577,49.82878772328128,24884.039517506415,1877.6435827351368
2022-03-23,2022,3,ZIMA,22.539720279479937,49.82878772328128,20481.966309509076,1881.9517822266234
2022-03-23,2022,3,ZIMA,22.602602349368304,49.82878772328128,16148.859937994948,1880.335502129208
2022-03-23,2022,3,ZIMA,22.66548441925667,49.82878772328128,11959.922264102936,1879.8613281249307
2022-03-23,2022,3,ZIMA,22.72836648914504,49.82878772328128,8140.837534137523,1879.7194762986978
2022-03-23,2022,3,ZIMA,22.791248559033406,49.82878772328128,5521.434993099957,1874.7575793005612
2022-03-23,2022,3,ZIMA,22.854130628921773,49.82878772328128,5973.156675591522,1873.9130204229548
2022-03-23,2022,3,ZIMA,22.91701269881014,49.82878772328128,9047.119372070567,1873.713931390075
2022-03-23,2022,3,ZIMA,22.539720279479937,49.89166979316964,23269.113954228815,1888.7415725819114
2022-03-23,2022,3,ZIMA,22.602602349368304,49.89166979316964,19568.65644433084,1889.3159073768456
2022-03-23,2022,3,ZIMA,22.66548441925667,49.89166979316964,16289.236427202106,1889.2878082304335
2022-03-23,2022,3,ZIMA,22.72836648914504,49.89166979316964,13735.809706779357,1883.56610678255
2022-03-23,2022,3,ZIMA,22.791248559033406,49.89166979316964,12366.567302553234,1878.042051544861
2022-03-23,2022,3,ZIMA,22.854130628921773,49.89166979316964,12574.48217606422,1878.2281638947115
2022-03-23,2022,3,ZIMA,22.91701269881014,49.89166979316964,14290.883520109854,1878.384680981603
2022-03-23,2022,3,ZIMA,22.602602349368304,49.954551863058015,24554.423967116636,1887.4718512122513
2022-03-23,2022,3,ZIMA,22.66548441925667,49.954551863058015,22033.60218464446,1887.7242627770302
2022-03-23,2022,3,ZIMA,22.72836648914504,49.954551863058015,20221.587574999707,1878.2785051840203
2022-03-23,2022,3,ZIMA,22.791248559033406,49.954551863058015,19318.865969128386,1875.6902653326001
2022-03-23,2022,3,ZIMA,22.854130628921773,49.954551863058015,19452.440971355674,1876.1726736060484
2022-03-23,2022,3,ZIMA,22.91701269881014,49.954551863058015,20602.16625205993,1875.7883784388096
2022-03-23,2022,3,ZIMA,22.979894768698507,49.954551863058015,22613.58170655219,1874.6649183263276
2022-03-24,2022,3,ZIMA,22.72836648914504,49.57725944372781,23558.86208644758,1886.2056738509873
2022-03-24,2022,3,ZIMA,22.791248559033406,49.57725944372781,22782.62152632054,1883.0761178593145
2022-03-24,2022,3,ZIMA,22.854130628921773,49.57725944372781,22896.87913298879,1872.866091402286
2022-03-24,2022,3,ZIMA,22.91701269881014,49.57725944372781,23888.861155081515,1880.2344981059925
2022-03-24,2022,3,ZIMA,22.602602349368304,49.64014151361617,21939.814938606796,1871.1208955916027
2022-03-24,2022,3,ZIMA,22.66548441925667,49.64014151361617,19056.559058831164,1885.5685724326959
2022-03-24,2022,3,ZIMA,22.72836648914504,49.64014151361617,16914.13705376863,1891.1463947792777
2022-03-24,2022,3,ZIMA,22.791248559033406,49.64014151361617,15816.515244825583,1883.4411021060582
2022-03-24,2022,3,ZIMA,22.854130628921773,49.64014151361617,15980.446515413369,1883.1587185773412
2022-03-24,2022,3,ZIMA,22.91701269881014,49.64014151361617,17370.250660019006,1885.4413242273279
2022-03-24,2022,3,ZIMA,22.979894768698507,49.64014151361617,19728.535510643305,1882.3116067362005
2022-03-24,2022,3,ZIMA,23.042776838586875,49.64014151361617,22756.16940304258,1873.0203467051783
2022-03-24,2022,3,ZIMA,22.539720279479937,49.703023583504546,21659.564560962088,1874.6038701808811
2022-03-24,2022,3,ZIMA,22.602602349368304,49.703023583504546,17606.825860113462,1874.9671952225772
2022-03-24,2022,3,ZIMA,22.66548441925667,49.703023583504546,13854.581140689657,1880.1331603323465
2022-03-24,2022,3,ZIMA,22.72836648914504,49.703023583504546,10723.066384900048,1887.0412862323453
2022-03-24,2022,3,ZIMA,22.791248559033406,49.703023583504546,8894.07247005096,1891.4973837159255
2022-03-24,2022,3,ZIMA,22.854130628921773,49.703023583504546,9182.065438086835,1885.8638400061102
2022-03-24,2022,3,ZIMA,22.91701269881014,49.703023583504546,11428.106135663511,1884.6137986169115
2022-03-24,2022,3,ZIMA,22.979894768698507,49.703023583504546,14764.0967300497,1889.9730219441133
2022-03-24,2022,3,ZIMA,23.042776838586875,49.703023583504546,18612.928375943913,1887.9624935473064
2022-03-24,2022,3,ZIMA,23.10565890847524,49.703023583504546,22715.394410355515,1875.8563363356584
2022-03-24,2022,3,ZIMA,22.476838209591577,49.765905653392906,24400.211898526377,1883.309326171919
2022-03-24,2022,3,ZIMA,22.539720279479937,49.765905653392906,19884.845931381526,1885.0254786598177
2022-03-24,2022,3,ZIMA,22.602602349368304,49.765905653392906,15377.781385443734,1882.9522280475596
2022-03-24,2022,3,ZIMA,22.66548441925667,49.765905653392906,10889.33608058166,1881.2824059686818
2022-03-24,2022,3,ZIMA,22.72836648914504,49.765905653392906,6458.45344820251,1875.7752752932442
2022-03-24,2022,3,ZIMA,22.791248559033406,49.765905653392906,2424.4926980229884,1874.7779376849423
2022-03-24,2022,3,ZIMA,22.854130628921773,49.765905653392906,3328.253538771559,1885.5412597656039
2022-03-24,2022,3,ZIMA,22.91701269881014,49.765905653392906,7570.267781197971,1885.5494978065658
2022-03-24,2022,3,ZIMA,22.979894768698507,49.765905653392906,12023.858962071636,1882.2671644527784
2022-03-24,2022,3,ZIMA,23.042776838586875,49.765905653392906,16518.774064264417,1872.7352772570684
2022-03-24,2022,3,ZIMA,23.10565890847524,49.765905653392906,21028.528254385063,1873.503959389036
2022-03-24,2022,3,ZIMA,22.476838209591577,49.82878772328128,24884.039517506415,1888.7049248175554
2022-03-24,2022,3,ZIMA,22.539720279479937,49.82878772328128,20481.966309509076,1877.3981944559105
2022-03-24,2022,3,ZIMA,22.602602349368304,49.82878772328128,16148.859937994948,1885.3271637639505
2022-03-24,2022,3,ZIMA,22.66548441925667,49.82878772328128,11959.922264102936,1886.2917182597298
2022-03-24,2022,3,ZIMA,22.72836648914504,49.82878772328128,8140.837534137523,1881.5038643433295
2022-03-24,2022,3,ZIMA,22.791248559033406,49.82878772328128,5521.434993099957,1881.3992138833926
2022-03-24,2022,3,ZIMA,22.854130628921773,49.82878772328128,5973.156675591522,1894.895310313888
2022-03-24,2022,3,ZIMA,22.91701269881014,49.82878772328128,9047.119372070567,1893.519886419651
2022-03-24,2022,3,ZIMA,22.979894768698507,49.82878772328128,13000.063045510286,1878.2109478066072
2022-03-24,2022,3,ZIMA,23.042776838586875,49.82878772328128,17237.526389175084,1862.419563391584
2022-03-24,2022,3,ZIMA,23.10565890847524,49.82878772328128,21592.6444637045,1862.4195587993183
2022-03-24,2022,3,ZIMA,22.539720279479937,49.89166979316964,23269.113954228815,1886.4491669659267
2022-03-24,2022,3,ZIMA,22.602602349368304,49.89166979316964,19568.65644433084,1899.6547851562784
2022-03-24,2022,3,ZIMA,22.66548441925667,49.89166979316964,16289.236427202106,1896.2657234295639
2022-03-24,2022,3,ZIMA,22.72836648914504,49.89166979316964,13735.809706779357,1890.5573361971678
2022-03-24,2022,3,ZIMA,22.791248559033406,49.89166979316964,12366.567302553234,1891.662051803816
2022-03-24,2022,3,ZIMA,22.854130628921773,49.89166979316964,12574.48217606422,1893.4915097090975
2022-03-24,2022,3,ZIMA,22.91701269881014,49.89166979316964,14290.883520109854,1894.0222969090228
2022-03-24,2022,3,ZIMA,23.10565890847524,49.89166979316964,24251.235069193517,1876.5848321063572
2022-03-24,2022,3,ZIMA,22.602602349368304,49.954551863058015,24554.423967116636,1901.6106683469395
2022-03-24,2022,3,ZIMA,22.66548441925667,49.954551863058015,22033.60218464446,1892.847512033376
2022-03-24,2022,3,ZIMA,22.72836648914504,49.954551863058015,20221.587574999707,1890.059653037099
2022-03-24,2022,3,ZIMA,22.791248559033406,49.954551863058015,19318.865969128386,1890.374353244096
2022-03-24,2022,3,ZIMA,22.854130628921773,49.954551863058015,19452.440971355674,1890.6986547696306
2022-03-25,2022,3,ZIMA,23.10916068397469,49.703023583504546,22948.6082092133,1879.2248444219706
2022-03-25,2022,3,ZIMA,23.046278614086322,49.765905653392906,16769.633620027365,1885.601892833525
2022-03-25,2022,3,ZIMA,23.10916068397469,49.765905653392906,21279.91361633516,1886.279953123353
2022-03-25,2022,3,ZIMA,23.046278614086322,49.82878772328128,17477.763716287656,1885.5052579976646
2022-03-25,2022,3,ZIMA,23.10916068397469,49.82878772328128,21837.221769753294,1885.5052536637586
2022-06-03,2022,6,LATO,22.52571317748213,49.765905653392906,20890.123640765443,1857.2110115156056
2022-06-03,2022,6,LATO,22.588595247370506,49.765905653392906,16380.668261241508,1842.7866493712836
2022-06-03,2022,6,LATO,22.651477317258866,49.765905653392906,11886.450881199358,1874.630357197148
2022-06-03,2022,6,LATO,22.714359387147226,49.765905653392906,7435.161123830869,1874.630393070051
2022-06-03,2022,6,LATO,22.52571317748213,49.82878772328128,21458.053684533254,1846.0469348974216
2022-06-03,2022,6,LATO,22.588595247370506,49.82878772328128,17105.396575522118,1842.786624601853
2022-06-03,2022,6,LATO,22.651477317258866,49.82878772328128,12873.244408405542,1872.3183888183084
2022-06-03,2022,6,LATO,22.714359387147226,49.82878772328128,8934.520738934094,1874.9133750660706
2022-06-03,2022,6,LATO,22.7772414570356,49.82878772328128,5908.502699683845,1873.5977225310205
2022-06-03,2022,6,LATO,22.84012352692396,49.82878772328128,5565.478544359213,1870.4293215822904
2022-06-03,2022,6,LATO,22.903005596812335,49.82878772328128,8247.30583412717,1870.429289589218
2022-06-03,2022,6,LATO,22.52571317748213,49.89166979316964,24131.63257145798,1866.988412349154
2022-06-03,2022,6,LATO,22.588595247370506,49.89166979316964,20364.18316448082,1862.9911677384648
2022-06-03,2022,6,LATO,22.651477317258866,49.89166979316964,16970.281436225658,1893.1568731785437
2022-06-03,2022,6,LATO,22.714359387147226,49.89166979316964,14219.960460467935,1891.351160445323
2022-06-03,2022,6,LATO,22.7772414570356,49.89166979316964,12543.938902384274,1872.3057054013525
2022-06-03,2022,6,LATO,22.84012352692396,49.89166979316964,12386.26901971219,1871.997377475945
2022-06-03,2022,6,LATO,22.903005596812335,49.89166979316964,13799.09481397737,1865.4332655670491
2022-06-03,2022,6,LATO,22.965887666700695,49.89166979316964,16380.984509599155,1857.151962397958
2022-06-03,2022,6,LATO,23.02876973658907,49.89166979316964,19677.007522249452,1856.812738459547
2022-06-03,2022,6,LATO,23.09165180647743,49.89166979316964,23387.151398022725,1856.7382666871583
2022-06-03,2022,6,LATO,22.651477317258866,49.954551863058015,22541.104315333898,1893.8574220764415
2022-06-03,2022,6,LATO,22.714359387147226,49.954551863058015,20553.09728768775,1892.9602372319287
2022-06-03,2022,6,LATO,22.7772414570356,49.954551863058015,19432.73675666003,1872.6954567780413
2022-06-03,2022,6,LATO,22.84012352692396,49.954551863058015,19331.467149038792,1870.994365104189
2022-06-03,2022,6,LATO,22.903005596812335,49.954551863058015,20264.5722208888,1872.710179835611
2022-06-03,2022,6,LATO,22.965887666700695,49.954551863058015,22101.4288128028,1867.7598855507601
2022-06-03,2022,6,LATO,23.02876973658907,49.954551863058015,24640.7490788335,1859.9675197694191
2022-06-06,2022,6,LATO,22.903005596812335,49.63663973811673,17327.54509806988,1869.6164621627152
2022-06-06,2022,6,LATO,22.965887666700695,49.63663973811673,19457.009840422077,1871.5241317000477
2022-06-06,2022,6,LATO,23.02876973658907,49.63663973811673,22316.993932888305,1871.9574476932964
2022-06-06,2022,6,LATO,22.903005596812335,49.69952180800509,11121.589456061673,1861.555124309942
2022-06-06,2022,6,LATO,22.965887666700695,49.69952180800509,14209.8696362014,1862.0941215195144
2022-06-06,2022,6,LATO,23.02876973658907,49.69952180800509,17923.15887584026,1871.8675318516982
2022-06-06,2022,6,LATO,23.09165180647743,49.69952180800509,21946.46506816156,1891.9820442627656
2022-06-06,2022,6,LATO,22.84012352692396,49.76240387789346,2805.814610497137,1865.453115618879
2022-06-06,2022,6,LATO,22.903005596812335,49.76240387789346,6705.733024471378,1865.4531250000398
2022-06-06,2022,6,LATO,22.965887666700695,49.76240387789346,11094.892441910108,1865.7160936625799
2022-06-06,2022,6,LATO,23.02876973658907,49.76240387789346,15564.763941225472,1890.9230401383002
2022-06-06,2022,6,LATO,23.09165180647743,49.76240387789346,20061.467673691197,1891.6692648517553
2022-06-06,2022,6,LATO,23.154533876365804,49.76240387789346,24570.273738820597,1888.516352868702
2022-06-06,2022,6,LATO,22.84012352692396,49.82528594778182,5199.207232076515,1875.5516604573402
2022-06-06,2022,6,LATO,22.903005596812335,49.82528594778182,8004.869935788565,1874.4682737049507
2022-06-06,2022,6,LATO,22.965887666700695,49.82528594778182,11920.847219756432,1876.7742311387751
2022-06-06,2022,6,LATO,23.02876973658907,49.82528594778182,16159.134748314964,1889.1279189809459
2022-06-06,2022,6,LATO,23.09165180647743,49.82528594778182,20520.988166869633,1890.0948102209895
2022-06-06,2022,6,LATO,22.714359387147226,49.888168017670196,13885.947830175188,1882.4289649937105
2022-06-06,2022,6,LATO,22.7772414570356,49.888168017670196,12163.857368911082,1882.4289626988614
2022-06-06,2022,6,LATO,22.84012352692396,49.888168017670196,12001.183223048978,1863.2186205403348
2022-06-06,2022,6,LATO,22.903005596812335,49.888168017670196,13454.606457664584,1863.2186175442323
2022-06-06,2022,6,LATO,22.965887666700695,49.888168017670196,16092.038930260735,1871.7492644556066
2022-06-06,2022,6,LATO,23.02876973658907,49.888168017670196,19437.342834046838,1871.938176373005
2022-06-06,2022,6,LATO,23.09165180647743,49.888168017670196,23186.118417565107,1870.8307059112299
2022-06-06,2022,6,LATO,22.965887666700695,49.951050087558556,21763.307951500377,1878.8127441405961
2022-06-06,2022,6,LATO,23.02876973658907,49.951050087558556,24338.10887346504,1878.8127441405961
2022-06-08,2022,6,LATO,22.84012352692396,49.765905653392906,2523.3126508779337,1863.3130145979012
2022-06-08,2022,6,LATO,22.903005596812335,49.765905653392906,6592.32142197454,1863.3129730466292
2022-06-08,2022,6,LATO,22.965887666700695,49.765905653392906,11026.461713720417,1870.364287650441
2022-06-08,2022,6,LATO,23.02876973658907,49.765905653392906,15515.78269673641,1873.8584251354914
2022-06-08,2022,6,LATO,23.09165180647743,49.765905653392906,20023.20108708745,1878.4774539453908
2022-06-08,2022,6,LATO,23.154533876365804,49.765905653392906,24538.74390792931,1876.7497558593539
2022-06-08,2022,6,LATO,22.84012352692396,49.82878772328128,5565.478544359213,1863.3145440818744
2022-06-08,2022,6,LATO,22.903005596812335,49.82878772328128,8247.30583412717,1863.3129914092092
2022-06-08,2022,6,LATO,22.965887666700695,49.82878772328128,12084.745281253774,1874.9164982870236
2022-06-08,2022,6,LATO,23.02876973658907,49.82878772328128,16280.157012807253,1871.7099459462904
2022-06-08,2022,6,LATO,23.09165180647743,49.82878772328128,20616.141316553247,1877.4697341998865
2022-06-08,2022,6,LATO,22.651477317258866,49.89166979316964,16970.281436225658,1885.4434550544452
2022-06-08,2022,6,LATO,22.714359387147226,49.89166979316964,14219.960460467935,1885.4435012090714
2022-06-08,2022,6,LATO,22.7772414570356,49.89166979316964,12543.938902384274,1869.281101505454
2022-06-08,2022,6,LATO,22.84012352692396,49.89166979316964,12386.26901971219,1866.9833943775584
2022-06-08,2022,6,LATO,22.903005596812335,49.89166979316964,13799.09481397737,1865.8143717979815
2022-06-08,2022,6,LATO,22.965887666700695,49.89166979316964,16380.984509599155,1866.868613530642
2022-06-08,2022,6,LATO,23.02876973658907,49.89166979316964,19677.007522249452,1869.3925022164487
2022-06-08,2022,6,LATO,23.09165180647743,49.89166979316964,23387.151398022725,1869.246002884883
2022-06-08,2022,6,LATO,22.651477317258866,49.954551863058015,22541.104315333898,1883.3918547374187
2022-06-08,2022,6,LATO,22.714359387147226,49.954551863058015,20553.09728768775,1885.443353847614
2022-06-08,2022,6,LATO,22.7772414570356,49.954551863058015,19432.73675666003,1879.545178760082
2022-06-08,2022,6,LATO,22.84012352692396,49.954551863058015,19331.467149038792,1869.6854661674897
2022-06-08,2022,6,LATO,22.903005596812335,49.954551863058015,20264.5722208888,1872.325091204467
2022-06-08,2022,6,LATO,22.965887666700695,49.954551863058015,22101.4288128028,1874.2512008243907
2022-06-08,2022,6,LATO,23.02876973658907,49.954551863058015,24640.7490788335,1866.8313457200748
2022-06-12,2022,6,LATO,22.7772414570356,49.69952180800509,9512.834732500989,1888.812630998492
2022-06-12,2022,6,LATO,22.84012352692396,49.69952180800509,9303.101501093282,1882.317756911894
2022-06-12,2022,6,LATO,22.903005596812335,49.69952180800509,11121.589456061673,1861.133304259896
2022-06-12,2022,6,LATO,22.965887666700695,49.69952180800509,14209.8696362014,1861.1332825036434
2022-06-13,2022,6,LATO,22.714359387147226,49.64014151361617,17311.644736144277,1865.8387303062352
2022-06-13,2022,6,LATO,22.7772414570356,49.64014151361617,15956.299449220478,1866.1059089725732
2022-06-13,2022,6,LATO,22.84012352692396,49.64014151361617,15832.004225340383,1866.7020575534923
2022-06-13,2022,6,LATO,22.903005596812335,49.64014151361617,16965.836855889575,1867.0703869674144
2022-06-13,2022,6,LATO,22.965887666700695,49.64014151361617,19135.44931006767,1864.4715154307694
2022-06-13,2022,6,LATO,23.02876973658907,49.64014151361617,22037.010834643912,1863.073136797022
2022-06-13,2022,6,LATO,22.651477317258866,49.703023583504546,14652.263880901603,1863.0229849735138
2022-06-13,2022,6,LATO,22.714359387147226,49.703023583504546,11338.944403631276,1863.1525019775438
2022-06-13,2022,6,LATO,22.7772414570356,49.703023583504546,9140.029561753958,1863.9827870045722
2022-06-13,2022,6,LATO,22.84012352692396,49.703023583504546,8921.552370794487,1864.4261857480758
2022-06-13,2022,6,LATO,22.903005596812335,49.703023583504546,10804.327233564076,1862.0395981292272
2022-06-13,2022,6,LATO,22.965887666700695,49.703023583504546,13962.754705896936,1861.3846145274945
2022-06-13,2022,6,LATO,23.02876973658907,49.703023583504546,17727.63889167577,1860.190645577871
2022-06-13,2022,6,LATO,23.09165180647743,49.703023583504546,21786.816205965722,1857.8565407868273
2022-06-13,2022,6,LATO,22.651477317258866,49.765905653392906,11886.450881199358,1853.1336084065779
2022-06-13,2022,6,LATO,22.714359387147226,49.765905653392906,7435.161123830869,1851.848410624061
2022-06-13,2022,6,LATO,22.7772414570356,49.765905653392906,3210.619340403136,1862.409423828136
2022-06-13,2022,6,LATO,22.84012352692396,49.765905653392906,2523.3126508779337,1866.552346954772
2022-06-13,2022,6,LATO,22.903005596812335,49.765905653392906,6592.32142197454,1868.969368715627
2022-06-13,2022,6,LATO,22.965887666700695,49.765905653392906,11026.461713720417,1867.862384524686
2022-06-13,2022,6,LATO,23.02876973658907,49.765905653392906,15515.78269673641,1868.041992187479
2022-06-13,2022,6,LATO,23.09165180647743,49.765905653392906,20023.20108708745,1865.7160772643122
2022-06-13,2022,6,LATO,23.154533876365804,49.765905653392906,24538.74390792931,1864.8550316364742
2022-06-13,2022,6,LATO,22.651477317258866,49.82878772328128,12873.244408405542,1855.651470580255
2022-06-13,2022,6,LATO,22.714359387147226,49.82878772328128,8934.520738934094,1855.6431611612732
2022-06-13,2022,6,LATO,22.7772414570356,49.82878772328128,5908.502699683845,1858.6484209504467
2022-06-13,2022,6,LATO,22.84012352692396,49.82878772328128,5565.478544359213,1870.76185227332
2022-06-13,2022,6,LATO,22.903005596812335,49.82878772328128,8247.30583412717,1871.5956550728192
2022-06-13,2022,6,LATO,22.965887666700695,49.82878772328128,12084.745281253774,1870.8198718338722
2022-06-13,2022,6,LATO,23.02876973658907,49.82878772328128,16280.157012807253,1870.2924015121503
2022-06-13,2022,6,LATO,23.09165180647743,49.82878772328128,20616.141316553247,1867.2232507269885
2022-06-13,2022,6,LATO,22.588595247370506,49.89166979316964,20364.18316448082,1862.2947532157928
2022-06-13,2022,6,LATO,22.651477317258866,49.89166979316964,16970.281436225658,1861.3316949468106
2022-06-13,2022,6,LATO,22.714359387147226,49.89166979316964,14219.960460467935,1860.6891132952576
2022-06-13,2022,6,LATO,22.7772414570356,49.89166979316964,12543.938902384274,1861.8871707539022
2022-06-13,2022,6,LATO,22.84012352692396,49.89166979316964,12386.26901971219,1862.0063055399687
2022-06-13,2022,6,LATO,22.903005596812335,49.89166979316964,13799.09481397737,1864.4017598984985
2022-06-13,2022,6,LATO,22.965887666700695,49.89166979316964,16380.984509599155,1864.8373663042596
2022-06-13,2022,6,LATO,23.02876973658907,49.89166979316964,19677.007522249452,1864.279709746146
2022-06-13,2022,6,LATO,23.09165180647743,49.89166979316964,23387.151398022725,1865.0911157395221
2022-06-13,2022,6,LATO,22.651477317258866,49.954551863058015,22541.104315333898,1861.9416196173552
2022-06-13,2022,6,LATO,22.714359387147226,49.954551863058015,20553.09728768775,1859.1766560703
2022-06-13,2022,6,LATO,22.7772414570356,49.954551863058015,19432.73675666003,1863.5870205754752
2022-06-13,2022,6,LATO,22.84012352692396,49.954551863058015,19331.467149038792,1864.8152240383374
2022-06-13,2022,6,LATO,22.903005596812335,49.954551863058015,20264.5722208888,1862.866728932925
2022-06-13,2022,6,LATO,22.965887666700695,49.954551863058015,22101.4288128028,1865.1441197921433
2022-06-13,2022,6,LATO,23.02876973658907,49.954551863058015,24640.7490788335,1859.365173376192
2022-06-19,2022,6,LATO,22.714359387147226,49.57725944372781,23846.226255515205,1845.675820114155
2022-06-19,2022,6,LATO,22.7772414570356,49.57725944372781,22880.010970962256,1844.762796607917
2022-06-19,2022,6,LATO,22.84012352692396,49.57725944372781,22793.391111527922,1850.8189756704435
2022-06-19,2022,6,LATO,22.903005596812335,49.57725944372781,23596.05529717468,1849.107858984301
2022-06-19,2022,6,LATO,22.588595247370506,49.64014151361617,22655.85801047727,1842.5262503767515
2022-06-19,2022,6,LATO,22.651477317258866,49.64014151361617,19644.87615510022,1826.820068359315
2022-06-19,2022,6,LATO,22.714359387147226,49.64014151361617,17311.644736144277,1826.8200638585843
2022-06-19,2022,6,LATO,22.7772414570356,49.64014151361617,15956.299449220478,1854.4759705511012
2022-06-19,2022,6,LATO,22.84012352692396,49.64014151361617,15832.004225340383,1854.6645991415392
2022-06-19,2022,6,LATO,22.903005596812335,49.64014151361617,16965.836855889575,1837.7245169090781
2022-06-19,2022,6,LATO,22.965887666700695,49.64014151361617,19135.44931006767,1832.4327075893573
2022-06-19,2022,6,LATO,23.02876973658907,49.64014151361617,22037.010834643912,1831.4196524466372
2022-06-19,2022,6,LATO,22.52571317748213,49.703023583504546,22587.162426536906,1839.721659959368
2022-06-19,2022,6,LATO,22.588595247370506,49.703023583504546,18490.311644243488,1839.721678223512
2022-06-19,2022,6,LATO,22.651477317258866,49.703023583504546,14652.263880901603,1826.8200816058452
2022-06-19,2022,6,LATO,22.714359387147226,49.703023583504546,11338.944403631276,1826.8200464821552
2022-06-19,2022,6,LATO,22.7772414570356,49.703023583504546,9140.029561753958,1854.041853466068
2022-06-19,2022,6,LATO,22.84012352692396,49.703023583504546,8921.552370794487,1852.6714094966824
2022-06-19,2022,6,LATO,22.903005596812335,49.703023583504546,10804.327233564076,1830.2364187195847
2022-06-19,2022,6,LATO,22.965887666700695,49.703023583504546,13962.754705896936,1830.0707705044063
2022-06-19,2022,6,LATO,23.02876973658907,49.703023583504546,17727.63889167577,1828.124276470912
2022-06-19,2022,6,LATO,23.09165180647743,49.703023583504546,21786.816205965722,1828.8837741423808
2022-06-19,2022,6,LATO,22.52571317748213,49.765905653392906,20890.123640765443,1834.1956881489252
2022-06-19,2022,6,LATO,22.588595247370506,49.765905653392906,16380.668261241508,1824.9802207098626
2022-06-19,2022,6,LATO,22.651477317258866,49.765905653392906,11886.450881199358,1823.6682210717686
2022-06-19,2022,6,LATO,22.714359387147226,49.765905653392906,7435.161123830869,1847.1191973028137
2022-06-19,2022,6,LATO,22.7772414570356,49.765905653392906,3210.619340403136,1855.5314290931433
2022-06-19,2022,6,LATO,22.84012352692396,49.765905653392906,2523.3126508779337,1833.6068680780306
2022-06-19,2022,6,LATO,22.903005596812335,49.765905653392906,6592.32142197454,1833.6159690790403
2022-06-19,2022,6,LATO,22.965887666700695,49.765905653392906,11026.461713720417,1839.0064787995022
2022-06-19,2022,6,LATO,23.02876973658907,49.765905653392906,15515.78269673641,1838.0270109773007
2022-06-19,2022,6,LATO,23.09165180647743,49.765905653392906,20023.20108708745,1832.771913385283
2022-06-19,2022,6,LATO,23.154533876365804,49.765905653392906,24538.74390792931,1830.5500714556297
2022-06-19,2022,6,LATO,22.52571317748213,49.82878772328128,21458.053684533254,1837.8011948612927
2022-06-19,2022,6,LATO,22.651477317258866,49.82878772328128,12873.244408405542,1848.3349220598577
2022-06-19,2022,6,LATO,22.714359387147226,49.82878772328128,8934.520738934094,1853.887771278065
2022-06-19,2022,6,LATO,22.7772414570356,49.82878772328128,5908.502699683845,1854.7486475530395
2022-06-19,2022,6,LATO,22.84012352692396,49.82878772328128,5565.478544359213,1832.930813692283
2022-06-19,2022,6,LATO,22.903005596812335,49.82878772328128,8247.30583412717,1833.1414135797213
2022-06-19,2022,6,LATO,22.965887666700695,49.82878772328128,12084.745281253774,1840.8945376539248
2022-06-19,2022,6,LATO,23.02876973658907,49.82878772328128,16280.157012807253,1840.8942955834561
2022-06-19,2022,6,LATO,23.09165180647743,49.82878772328128,20616.141316553247,1833.523867918411
2022-06-19,2022,6,LATO,22.651477317258866,49.89166979316964,16970.281436225658,1857.215204626242
2022-06-19,2022,6,LATO,22.714359387147226,49.89166979316964,14219.960460467935,1857.2152118941415
2022-06-19,2022,6,LATO,22.7772414570356,49.89166979316964,12543.938902384274,1837.3461581241093
2022-06-19,2022,6,LATO,22.84012352692396,49.89166979316964,12386.26901971219,1831.4702169607283
2022-06-19,2022,6,LATO,22.903005596812335,49.89166979316964,13799.09481397737,1838.7105106361241
2022-06-19,2022,6,LATO,22.965887666700695,49.89166979316964,16380.984509599155,1840.600701931588
2022-06-19,2022,6,LATO,23.02876973658907,49.89166979316964,19677.007522249452,1834.4580033626291
2022-06-19,2022,6,LATO,23.09165180647743,49.89166979316964,23387.151398022725,1830.9498291015861
2022-06-19,2022,6,LATO,22.714359387147226,49.954551863058015,20553.09728768775,1857.2152074564503
2022-06-19,2022,6,LATO,22.84012352692396,49.954551863058015,19331.467149038792,1839.8035713404277
2022-06-19,2022,6,LATO,22.903005596812335,49.954551863058015,20264.5722208888,1839.9043054013855
2022-06-19,2022,6,LATO,22.965887666700695,49.954551863058015,22101.4288128028,1840.4078869887155
2022-06-19,2022,6,LATO,23.02876973658907,49.954551863058015,24640.7490788335,1840.600734372963
2022-06-20,2022,6,LATO,22.717861162646685,49.57725944372781,23770.680769692324,1855.867431819613
2022-06-20,2022,6,LATO,22.780743232535045,49.57725944372781,22851.510375417707,1855.867431640661
2022-06-20,2022,6,LATO,22.84362530242342,49.57725944372781,22815.108290191674,1851.6926678814089
2022-06-20,2022,6,LATO,22.90650737231178,49.57725944372781,23665.548368800108,1852.0418826254966
2022-06-20,2022,6,LATO,22.59209702286995,49.64014151361617,22474.728721047504,1841.0261320796158
2022-06-20,2022,6,LATO,22.654979092758325,49.64014151361617,19494.553455866462,1846.6999323072619
2022-06-20,2022,6,LATO,22.717861162646685,49.64014151361617,17207.568838300576,1847.274169473339
2022-06-20,2022,6,LATO,22.780743232535045,49.64014151361617,15915.45767958923,1844.8762502508564
2022-06-20,2022,6,LATO,22.84362530242342,49.64014151361617,15863.214412557072,1845.448344679258
2022-06-20,2022,6,LATO,22.90650737231178,49.64014151361617,17062.231736255588,1847.5225277239908
2022-06-20,2022,6,LATO,22.969389442200153,49.64014151361617,19280.468818556892,1850.65700089992
2022-06-20,2022,6,LATO,23.032271512088514,49.64014151361617,22214.67602561404,1851.9693314460296
2022-06-20,2022,6,LATO,22.52921495298159,49.703023583504546,22354.596757050298,1841.1950131172493
2022-06-20,2022,6,LATO,22.59209702286995,49.703023583504546,18268.21499736369,1841.5426865744882
2022-06-20,2022,6,LATO,22.654979092758325,49.703023583504546,14450.358582796438,1840.2644944816623
2022-06-20,2022,6,LATO,22.717861162646685,49.703023583504546,11179.609293972992,1842.5660915962528
2022-06-20,2022,6,LATO,22.780743232535045,49.703023583504546,9068.63376435645,1844.2490462179994
2022-06-20,2022,6,LATO,22.84362530242342,49.703023583504546,8976.749731993239,1844.6618876596497
2022-06-20,2022,6,LATO,22.90650737231178,49.703023583504546,10954.88011534553,1845.0277609188852
2022-06-20,2022,6,LATO,22.969389442200153,49.703023583504546,14160.593497162869,1856.7563431701801
2022-06-20,2022,6,LATO,23.032271512088514,49.703023583504546,17947.730849060772,1853.7640150611544
2022-06-20,2022,6,LATO,23.095153581976888,49.703023583504546,22018.29212632753,1850.5892248516932
2022-06-20,2022,6,LATO,22.52921495298159,49.765905653392906,20638.77062021848,1842.5573377584917
2022-06-20,2022,6,LATO,22.59209702286995,49.765905653392906,16129.875636589464,1842.7077612008497
2022-06-20,2022,6,LATO,22.654979092758325,49.765905653392906,11636.98088129893,1844.0557327582799
2022-06-20,2022,6,LATO,22.717861162646685,49.765905653392906,7190.149421692453,1847.6415720076961
2022-06-20,2022,6,LATO,22.780743232535045,49.765905653392906,3001.6205564528414,1848.5666753942178
2022-06-20,2022,6,LATO,22.84362530242342,49.765905653392906,2711.7845216005016,1848.9390194018424
2022-06-20,2022,6,LATO,22.90650737231178,49.765905653392906,6835.963182596178,1857.5420008073968
2022-06-20,2022,6,LATO,22.969389442200153,49.765905653392906,11275.618279068221,1857.6199965230537
2022-06-20,2022,6,LATO,23.032271512088514,49.765905653392906,15766.459244749018,1857.6126471526584
2022-06-20,2022,6,LATO,23.095153581976888,49.765905653392906,20274.499141863576,1853.9893342827265
2022-06-20,2022,6,LATO,23.158035651865248,49.765905653392906,24790.35474535101,1851.7753906249793
2022-06-20,2022,6,LATO,22.52921495298159,49.82878772328128,21213.749383161125,1839.0617495905246
2022-06-20,2022,6,LATO,22.59209702286995,49.82878772328128,16865.697102093472,1840.7291993202828
2022-06-20,2022,6,LATO,22.654979092758325,49.82878772328128,12643.560664584973,1845.8379242211888
2022-06-20,2022,6,LATO,22.717861162646685,49.82878772328128,8731.948753355113,1847.7304043736378
2022-06-20,2022,6,LATO,22.780743232535045,49.82878772328128,5797.735700055515,1848.0582032607554
2022-06-20,2022,6,LATO,22.84362530242342,49.82878772328128,5653.312196730159,1851.697169012392
2022-06-20,2022,6,LATO,22.90650737231178,49.82878772328128,8443.074489630133,1859.9655905780999
2022-06-20,2022,6,LATO,22.969389442200153,49.82878772328128,12312.212884683175,1861.484204288583
2022-06-20,2022,6,LATO,23.032271512088514,49.82878772328128,16518.931220972747,1859.7985986909362
2022-06-20,2022,6,LATO,23.095153581976888,49.82878772328128,20859.98350400866,1854.0740843940766
2022-06-20,2022,6,LATO,22.52921495298159,49.89166979316964,23914.93899028903,1858.1470073108237
2022-06-20,2022,6,LATO,22.59209702286995,49.89166979316964,20163.52320440159,1855.7495754560982
2022-06-20,2022,6,LATO,22.654979092758325,49.89166979316964,16796.942183041385,1851.089597771009
2022-06-20,2022,6,LATO,22.717861162646685,49.89166979316964,14093.728948783195,1851.9691162109652
2022-06-20,2022,6,LATO,22.780743232535045,49.89166979316964,12492.214459069874,1849.6102093686532
2022-06-20,2022,6,LATO,22.84362530242342,49.89166979316964,12425.931299741358,1866.3226227858581
2022-06-20,2022,6,LATO,22.90650737231178,49.89166979316964,13916.83236940334,1862.8504641438292
2022-06-20,2022,6,LATO,22.969389442200153,49.89166979316964,16549.288935805096,1852.8574392817027
2022-06-20,2022,6,LATO,23.032271512088514,49.89166979316964,19874.758845354678,1848.6220466676957
2022-06-20,2022,6,LATO,23.095153581976888,49.89166979316964,23602.105020718893,1852.4053165017383
2022-06-20,2022,6,LATO,22.654979092758325,49.954551863058015,22411.0645353704,1846.9187738394494
2022-06-20,2022,6,LATO,22.717861162646685,49.954551863058015,20466.07869100656,1848.0339424471817
2022-06-20,2022,6,LATO,22.780743232535045,49.954551863058015,19399.431935623354,1852.2187730766484
2022-06-20,2022,6,LATO,22.84362530242342,49.954551863058015,19356.87092457476,1857.2389419262863
2022-06-20,2022,6,LATO,22.90650737231178,49.954551863058015,20344.823639693168,1862.5481649522767
2022-06-20,2022,6,LATO,22.969389442200153,49.954551863058015,22226.296487740947,1861.2365455116567
2022-06-20,2022,6,LATO,23.032271512088514,49.954551863058015,24798.74504417711,1852.0161482915266
2022-06-20,2022,6,LATO,22.710857611647782,49.57375766822835,24294.45528444245,1828.0596923828793
2022-06-20,2022,6,LATO,22.773739681536142,49.57375766822835,23297.546850156592,1828.0596923828477
2022-06-20,2022,6,LATO,22.836621751424502,49.57375766822835,23163.01263633399,1828.2564456758016
2022-06-20,2022,6,LATO,22.89950382131289,49.57375766822835,23905.41649511657,1829.4522286587276
2022-06-20,2022,6,LATO,22.585093471871062,49.63663973811673,23108.675838976807,1817.6667949052999
2022-06-20,2022,6,LATO,22.647975541759422,49.63663973811673,20108.305218846428,1836.6240688916155
2022-06-20,2022,6,LATO,22.710857611647782,49.63663973811673,17771.284525958312,1837.227546479905
2022-06-20,2022,6,LATO,22.773739681536142,49.63663973811673,16383.976490202293,1838.434492355759
2022-06-20,2022,6,LATO,22.836621751424502,49.63663973811673,16192.349759259985,1838.819906288276
2022-06-20,2022,6,LATO,22.89950382131289,49.63663973811673,17236.329028641198,1838.8266601562816
2022-06-20,2022,6,LATO,22.96238589120125,49.63663973811673,19316.60843642679,1841.8077320103246
2022-06-20,2022,6,LATO,23.02526796108961,49.63663973811673,22143.018234475112,1841.479372127558
2022-06-20,2022,6,LATO,22.522211401982673,49.69952180800509,22972.690528148636,1812.2958045455057
2022-06-20,2022,6,LATO,22.585093471871062,49.69952180800509,18898.571534232142,1817.7944378479492
2022-06-20,2022,6,LATO,22.647975541759422,49.69952180800509,15088.271817015364,1828.1786036682115
2022-06-20,2022,6,LATO,22.710857611647782,49.69952180800509,11800.188539993918,1828.2746639448694
2022-06-20,2022,6,LATO,22.773739681536142,49.69952180800509,9587.573281007191,1828.46270094879
2022-06-20,2022,6,LATO,22.836621751424502,49.69952180800509,9256.733154797244,1828.5587543500712
2022-06-20,2022,6,LATO,22.89950382131289,49.69952180800509,10979.117805988644,1828.7508613113423
2022-06-20,2022,6,LATO,22.96238589120125,49.69952180800509,14017.258236885224,1844.320170954983
2022-06-20,2022,6,LATO,23.02526796108961,49.69952180800509,17706.344051279382,1844.8763469598214
2022-06-20,2022,6,LATO,23.08815003097797,49.69952180800509,21717.140549638123,1845.8192817045472
2022-06-20,2022,6,LATO,22.522211401982673,49.76240387789346,21177.822024514586,1820.8870157412473
2022-06-20,2022,6,LATO,22.585093471871062,49.76240387789346,16677.286728336796,1827.9604526610644
2022-06-20,2022,6,LATO,22.647975541759422,49.76240387789346,12198.318928605378,1832.6667487745078
2022-06-20,2022,6,LATO,22.710857611647782,49.76240387789346,7778.271883640568,1832.666570275627
2022-06-20,2022,6,LATO,22.773739681536142,49.76240387789346,3638.6189531583773,1832.66601153829
2022-06-20,2022,6,LATO,22.836621751424502,49.76240387789346,2648.2285373622026,1832.6657356522317
2022-06-20,2022,6,LATO,22.89950382131289,49.76240387789346,6467.007521541004,1832.8924150699936
2022-06-20,2022,6,LATO,22.96238589120125,49.76240387789346,10847.432209507839,1843.4744126515666
2022-06-20,2022,6,LATO,23.02526796108961,49.76240387789346,15314.922269643697,1843.354758937397
2022-06-20,2022,6,LATO,23.08815003097797,49.76240387789346,19810.66073058297,1843.1151943247667
2022-06-20,2022,6,LATO,23.15103210086636,49.76240387789346,24318.983896724174,1842.993859918254
2022-06-20,2022,6,LATO,22.522211401982673,49.82528594778182,21612.2429850413,1817.6152456373823
2022-06-20,2022,6,LATO,22.585093471871062,49.82528594778182,17231.98299275845,1828.58581644266
2022-06-20,2022,6,LATO,22.647975541759422,49.82528594778182,12952.825335035941,1832.6618370297529
2022-06-20,2022,6,LATO,22.710857611647782,49.82528594778182,8921.462219068182,1832.6617431641218
2022-06-20,2022,6,LATO,22.773739681536142,49.82528594778182,5691.374642989685,1832.6617431640582
2022-06-20,2022,6,LATO,22.836621751424502,49.82528594778182,5115.993499263652,1832.6737551778824
2022-06-20,2022,6,LATO,22.89950382131289,49.82528594778182,7806.237615620178,1834.082121891977
2022-06-20,2022,6,LATO,22.96238589120125,49.82528594778182,11691.183537563493,1841.8567842910356
2022-06-20,2022,6,LATO,23.02526796108961,49.82528594778182,15918.937977582504,1841.7384547107097
2022-06-20,2022,6,LATO,23.08815003097797,49.82528594778182,20276.185247339086,1841.4929022205893
2022-06-20,2022,6,LATO,23.15103210086636,49.82528594778182,24694.47230118494,1841.3701225102898
2022-06-20,2022,6,LATO,22.522211401982673,49.888168017670196,24156.04586155313,1827.8304963993544
2022-06-20,2022,6,LATO,22.585093471871062,49.888168017670196,20336.84891660171,1835.717218299746
2022-06-20,2022,6,LATO,22.647975541759422,49.888168017670196,16869.779982279415,1836.206002328095
2022-06-20,2022,6,LATO,22.710857611647782,49.888168017670196,14018.58815455293,1836.3512338832943
2022-06-20,2022,6,LATO,22.773739681536142,49.888168017670196,12222.169535160607,1836.6399191343528
2022-06-20,2022,6,LATO,22.836621751424502,49.888168017670196,11965.41458788537,1836.7807853004585
2022-06-20,2022,6,LATO,22.89950382131289,49.888168017670196,13337.538034994112,1837.053820165044
2022-06-20,2022,6,LATO,22.96238589120125,49.888168017670196,15922.874507480621,1836.8886568633397
2022-06-20,2022,6,LATO,23.02526796108961,49.888168017670196,19238.379445562026,1836.8880615234652
2022-06-20,2022,6,LATO,23.08815003097797,49.888168017670196,22970.018996073344,1836.887684464385
2022-06-20,2022,6,LATO,22.647975541759422,49.951050087558556,22343.768308375453,1837.4114427947745
2022-06-20,2022,6,LATO,22.710857611647782,49.951050087558556,20280.28322966142,1837.426495450795
2022-06-20,2022,6,LATO,22.773739681536142,49.951050087558556,19084.33367367535,1837.455950335036
2022-06-20,2022,6,LATO,22.836621751424502,49.951050087558556,18921.141041467326,1837.4710109211478
2022-06-20,2022,6,LATO,22.89950382131289,49.951050087558556,19816.236401582733,1837.1745235719525
2022-06-20,2022,6,LATO,22.96238589120125,49.951050087558556,21638.688368898416,1836.8419970979196
2022-06-20,2022,6,LATO,23.02526796108961,49.951050087558556,24179.71255159853,1836.8386144302476
2022-06-25,2022,6,LATO,22.7772414570356,49.57725944372781,22880.010970962256,1864.6636105713535
2022-06-25,2022,6,LATO,22.84012352692396,49.57725944372781,22793.391111527922,1865.433338018886
2022-06-25,2022,6,LATO,22.903005596812335,49.57725944372781,23596.05529717468,1865.5313735710884
2022-06-25,2022,6,LATO,22.714359387147226,49.64014151361617,17311.644736144277,1865.656370930357
2022-06-25,2022,6,LATO,22.7772414570356,49.64014151361617,15956.299449220478,1869.75112534653
2022-06-25,2022,6,LATO,22.84012352692396,49.64014151361617,15832.004225340383,1867.902463646388
2022-06-25,2022,6,LATO,22.903005596812335,49.64014151361617,16965.836855889575,1866.713122220555
2022-06-25,2022,6,LATO,22.965887666700695,49.64014151361617,19135.44931006767,1866.395646452246
2022-06-25,2022,6,LATO,23.02876973658907,49.64014151361617,22037.010834643912,1868.391430820593
2022-06-25,2022,6,LATO,22.651477317258866,49.703023583504546,14652.263880901603,1860.765864422395
2022-06-25,2022,6,LATO,22.714359387147226,49.703023583504546,11338.944403631276,1863.306078820489
2022-06-25,2022,6,LATO,22.7772414570356,49.703023583504546,9140.029561753958,1864.602178965605
2022-06-25,2022,6,LATO,22.84012352692396,49.703023583504546,8921.552370794487,1868.4671371991801
2022-06-25,2022,6,LATO,22.903005596812335,49.703023583504546,10804.327233564076,1869.4173010842817
2022-06-25,2022,6,LATO,22.965887666700695,49.703023583504546,13962.754705896936,1867.917815278589
2022-06-25,2022,6,LATO,23.02876973658907,49.703023583504546,17727.63889167577,1867.340598997891
2022-06-25,2022,6,LATO,23.09165180647743,49.703023583504546,21786.816205965722,1871.4667989224158
2022-06-25,2022,6,LATO,22.651477317258866,49.765905653392906,11886.450881199358,1872.4861377859568
2022-06-25,2022,6,LATO,22.714359387147226,49.765905653392906,7435.161123830869,1869.9178651887546
2022-06-25,2022,6,LATO,22.7772414570356,49.765905653392906,3210.619340403136,1861.6341939344918
2022-06-25,2022,6,LATO,22.84012352692396,49.765905653392906,2523.3126508779337,1865.3559252480775
2022-06-25,2022,6,LATO,22.903005596812335,49.765905653392906,6592.32142197454,1864.3567306361601
2022-06-25,2022,6,LATO,22.965887666700695,49.765905653392906,11026.461713720417,1865.1985965258139
2022-06-25,2022,6,LATO,23.02876973658907,49.765905653392906,15515.78269673641,1869.6213881798997
2022-06-25,2022,6,LATO,23.09165180647743,49.765905653392906,20023.20108708745,1872.9906207220165
2022-06-25,2022,6,LATO,23.154533876365804,49.765905653392906,24538.74390792931,1871.5868859246564
2022-06-25,2022,6,LATO,22.588595247370506,49.82878772328128,17105.396575522118,1865.1918844240627
2022-06-25,2022,6,LATO,22.651477317258866,49.82878772328128,12873.244408405542,1867.3595741328809
2022-06-25,2022,6,LATO,22.714359387147226,49.82878772328128,8934.520738934094,1870.030326599184
2022-06-25,2022,6,LATO,22.7772414570356,49.82878772328128,5908.502699683845,1870.1762148174791
2022-06-25,2022,6,LATO,22.84012352692396,49.82878772328128,5565.478544359213,1866.244963934136
2022-06-25,2022,6,LATO,22.903005596812335,49.82878772328128,8247.30583412717,1866.0353881127844
2022-06-25,2022,6,LATO,22.965887666700695,49.82878772328128,12084.745281253774,1866.1863650324142
2022-06-25,2022,6,LATO,23.02876973658907,49.82878772328128,16280.157012807253,1867.4693788740315
2022-06-25,2022,6,LATO,23.09165180647743,49.82878772328128,20616.141316553247,1868.5465092795976
2022-06-25,2022,6,LATO,22.52571317748213,49.89166979316964,24131.63257145798,1871.2570144292583
2022-06-25,2022,6,LATO,22.588595247370506,49.89166979316964,20364.18316448082,1869.3944283120072
2022-06-25,2022,6,LATO,22.651477317258866,49.89166979316964,16970.281436225658,1870.4109959033774
2022-06-25,2022,6,LATO,22.714359387147226,49.89166979316964,14219.960460467935,1869.8271189744394
2022-06-25,2022,6,LATO,22.7772414570356,49.89166979316964,12543.938902384274,1872.496879046798
2022-06-25,2022,6,LATO,22.84012352692396,49.89166979316964,12386.26901971219,1872.025323045571
2022-06-25,2022,6,LATO,22.903005596812335,49.89166979316964,13799.09481397737,1869.5995426525833
2022-06-25,2022,6,LATO,22.965887666700695,49.89166979316964,16380.984509599155,1863.9580078125282
2022-06-25,2022,6,LATO,23.02876973658907,49.89166979316964,19677.007522249452,1864.1396763041996
2022-06-25,2022,6,LATO,23.09165180647743,49.89166979316964,23387.151398022725,1860.0434733748389
2022-06-25,2022,6,LATO,22.651477317258866,49.954551863058015,22541.104315333898,1868.8949224772173
2022-06-25,2022,6,LATO,22.714359387147226,49.954551863058015,20553.09728768775,1869.309448919223
2022-06-25,2022,6,LATO,22.7772414570356,49.954551863058015,19432.73675666003,1871.2438470404888
2022-06-25,2022,6,LATO,22.84012352692396,49.954551863058015,19331.467149038792,1871.8189279281542
2022-06-25,2022,6,LATO,22.903005596812335,49.954551863058015,20264.5722208888,1871.9020434537565
2022-06-25,2022,6,LATO,22.965887666700695,49.954551863058015,22101.4288128028,1870.9438893020101
2022-06-25,2022,6,LATO,23.02876973658907,49.954551863058015,24640.7490788335,1867.8344166892205
2022-06-26,2022,6,LATO,22.7772414570356,49.57725944372781,22880.010970962256,1861.06819795215
2022-06-26,2022,6,LATO,22.84012352692396,49.57725944372781,22793.391111527922,1866.6121835396277
2022-06-26,2022,6,LATO,22.903005596812335,49.57725944372781,23596.05529717468,1866.2486277845765
2022-06-26,2022,6,LATO,22.714359387147226,49.64014151361617,17311.644736144277,1847.99987076722
2022-06-26,2022,6,LATO,22.7772414570356,49.64014151361617,15956.299449220478,1868.6669638067935
2022-06-26,2022,6,LATO,22.84012352692396,49.64014151361617,15832.004225340383,1863.8114834936391
2022-06-26,2022,6,LATO,22.903005596812335,49.64014151361617,16965.836855889575,1860.354911219653
2022-06-26,2022,6,LATO,22.965887666700695,49.64014151361617,19135.44931006767,1862.6213666238912
2022-06-26,2022,6,LATO,23.02876973658907,49.64014151361617,22037.010834643912,1865.4203482341063
2022-06-26,2022,6,LATO,22.714359387147226,49.703023583504546,11338.944403631276,1849.327244924039
2022-06-26,2022,6,LATO,22.7772414570356,49.703023583504546,9140.029561753958,1851.678330064929
2022-06-26,2022,6,LATO,22.84012352692396,49.703023583504546,8921.552370794487,1868.2310936491517
2022-06-26,2022,6,LATO,22.903005596812335,49.703023583504546,10804.327233564076,1868.1894137968725
2022-06-26,2022,6,LATO,22.965887666700695,49.703023583504546,13962.754705896936,1860.9392462420053
2022-06-26,2022,6,LATO,23.02876973658907,49.703023583504546,17727.63889167577,1859.8916003133302
2022-06-26,2022,6,LATO,22.651477317258866,49.765905653392906,11886.450881199358,1853.7345690593656
2022-06-26,2022,6,LATO,22.714359387147226,49.765905653392906,7435.161123830869,1853.734603668137
2022-06-26,2022,6,LATO,22.7772414570356,49.765905653392906,3210.619340403136,1853.7346194809043
2022-06-26,2022,6,LATO,22.84012352692396,49.765905653392906,2523.3126508779337,1850.285959425231
2022-06-26,2022,6,LATO,22.903005596812335,49.765905653392906,6592.32142197454,1848.1877855981265
2022-06-26,2022,6,LATO,22.7772414570356,49.82878772328128,5908.502699683845,1853.7346215440896
2022-06-26,2022,6,LATO,22.84012352692396,49.82878772328128,5565.478544359213,1853.7346203793527
2022-06-26,2022,6,LATO,22.903005596812335,49.82878772328128,8247.30583412717,1852.8501843440374
2022-06-27,2022,6,LATO,22.89950382131289,49.57375766822835,23905.41649511657,1866.9665056387075
2022-06-27,2022,6,LATO,22.710857611647782,49.63663973811673,17771.284525958312,1875.521283828898
2022-06-27,2022,6,LATO,22.773739681536142,49.63663973811673,16383.976490202293,1875.5212469708144
2022-06-27,2022,6,LATO,22.836621751424502,49.63663973811673,16192.349759259985,1875.5212524927947
2022-06-27,2022,6,LATO,22.89950382131289,49.63663973811673,17236.329028641198,1866.626530426885
2022-06-27,2022,6,LATO,22.96238589120125,49.63663973811673,19316.60843642679,1867.4358714786435
2022-06-27,2022,6,LATO,23.02526796108961,49.63663973811673,22143.018234475112,1867.9517426814439
2022-06-27,2022,6,LATO,22.522211401982673,49.69952180800509,22972.690528148636,1847.1821588989455
2022-06-27,2022,6,LATO,22.585093471871062,49.69952180800509,18898.571534232142,1847.1821422173455
2022-06-27,2022,6,LATO,22.647975541759422,49.69952180800509,15088.271817015364,1847.1821086429072
2022-06-27,2022,6,LATO,22.710857611647782,49.69952180800509,11800.188539993918,1864.5174318607949
2022-06-27,2022,6,LATO,22.773739681536142,49.69952180800509,9587.573281007191,1867.2577853009805
2022-06-27,2022,6,LATO,22.836621751424502,49.69952180800509,9256.733154797244,1867.6467105438783
2022-06-27,2022,6,LATO,22.89950382131289,49.69952180800509,10979.117805988644,1859.5557861328446
2022-06-27,2022,6,LATO,22.96238589120125,49.69952180800509,14017.258236885224,1859.6047716403343
2022-06-27,2022,6,LATO,23.02526796108961,49.69952180800509,17706.344051279382,1862.576114028035
2022-06-27,2022,6,LATO,23.08815003097797,49.69952180800509,21717.140549638123,1863.1164562922136
2022-06-27,2022,6,LATO,22.647975541759422,49.76240387789346,12198.318928605378,1847.3095501753842
2022-06-27,2022,6,LATO,22.710857611647782,49.76240387789346,7778.271883640568,1859.202543372065
2022-06-27,2022,6,LATO,22.773739681536142,49.76240387789346,3638.6189531583773,1859.2024981344844
2022-06-27,2022,6,LATO,22.836621751424502,49.76240387789346,2648.2285373622026,1862.1830063965217
2022-06-27,2022,6,LATO,22.89950382131289,49.76240387789346,6467.007521541004,1862.3154635567853
2022-06-27,2022,6,LATO,22.96238589120125,49.76240387789346,10847.432209507839,1864.8463012342793
2022-06-27,2022,6,LATO,23.02526796108961,49.76240387789346,15314.922269643697,1867.9017546833638
2022-06-27,2022,6,LATO,23.08815003097797,49.76240387789346,19810.66073058297,1867.8910397397199
2022-06-27,2022,6,LATO,23.15103210086636,49.76240387789346,24318.983896724174,1866.8845449012692
2022-06-27,2022,6,LATO,22.836621751424502,49.82528594778182,5115.993499263652,1863.92102626869
2022-06-27,2022,6,LATO,22.89950382131289,49.82528594778182,7806.237615620178,1863.9210282773845
2022-06-27,2022,6,LATO,22.96238589120125,49.82528594778182,11691.183537563493,1866.9893124674948
2022-06-27,2022,6,LATO,23.02526796108961,49.82528594778182,15918.937977582504,1867.9597215686522
2022-06-27,2022,6,LATO,23.08815003097797,49.82528594778182,20276.185247339086,1867.9597085535777
2022-06-27,2022,6,LATO,23.15103210086636,49.82528594778182,24694.47230118494,1867.9597618013452
2022-06-27,2022,6,LATO,22.522211401982673,49.888168017670196,24156.04586155313,1874.2556102324743
2022-06-27,2022,6,LATO,22.585093471871062,49.888168017670196,20336.84891660171,1874.255615620312
2022-06-27,2022,6,LATO,22.647975541759422,49.888168017670196,16869.779982279415,1880.961292815244
2022-06-27,2022,6,LATO,22.710857611647782,49.888168017670196,14018.58815455293,1880.9612930780481
2022-06-27,2022,6,LATO,22.773739681536142,49.888168017670196,12222.169535160607,1880.9612620705564
2022-06-27,2022,6,LATO,22.647975541759422,49.951050087558556,22343.768308375453,1880.856989249891
2022-06-27,2022,6,LATO,22.710857611647782,49.951050087558556,20280.28322966142,1880.9613037110064
2022-06-27,2022,6,LATO,22.773739681536142,49.951050087558556,19084.33367367535,1880.9612873260576
2022-06-28,2022,6,LATO,22.84012352692396,49.57375766822835,23181.62987085124,1885.2437110828637
2022-06-28,2022,6,LATO,22.903005596812335,49.57375766822835,23971.353255234702,1885.0897522515609
2022-06-28,2022,6,LATO,22.84012352692396,49.63663973811673,16218.936152678809,1881.3224142388326
2022-06-28,2022,6,LATO,22.903005596812335,49.63663973811673,17327.54509806988,1882.1848655296983
2022-06-28,2022,6,LATO,22.965887666700695,49.63663973811673,19457.009840422077,1875.8022468356974
2022-06-28,2022,6,LATO,23.02876973658907,49.63663973811673,22316.993932888305,1875.0868242879062
2022-06-28,2022,6,LATO,22.651477317258866,49.69952180800509,14887.986065875959,1871.8013845983005
2022-06-28,2022,6,LATO,22.714359387147226,49.69952180800509,11641.68261194455,1871.8013982516868
2022-06-28,2022,6,LATO,22.7772414570356,49.69952180800509,9512.834732500989,1897.0817951081021
2022-06-28,2022,6,LATO,22.84012352692396,49.69952180800509,9303.101501093282,1871.8897526719713
2022-06-28,2022,6,LATO,22.903005596812335,49.69952180800509,11121.589456061673,1872.0978529805932
2022-06-28,2022,6,LATO,22.965887666700695,49.69952180800509,14209.8696362014,1872.0338134765336
2022-06-28,2022,6,LATO,23.02876973658907,49.69952180800509,17923.15887584026,1871.9213279640628
2022-06-28,2022,6,LATO,23.09165180647743,49.69952180800509,21946.46506816156,1876.5118460765482
2022-06-28,2022,6,LATO,22.588595247370506,49.76240387789346,16427.131332161836,1877.6492728116639
2022-06-28,2022,6,LATO,22.651477317258866,49.76240387789346,11950.017335909584,1878.2760562851724
2022-06-28,2022,6,LATO,22.714359387147226,49.76240387789346,7535.95554065889,1881.093086694381
2022-06-28,2022,6,LATO,22.7772414570356,49.76240387789346,3437.1277018518767,1884.666771994804
2022-06-28,2022,6,LATO,22.84012352692396,49.76240387789346,2805.814610497137,1867.6748739188954
2022-06-28,2022,6,LATO,22.903005596812335,49.76240387789346,6705.733024471378,1869.2345766670828
2022-06-28,2022,6,LATO,22.965887666700695,49.76240387789346,11094.892441910108,1875.5536352434237
2022-06-28,2022,6,LATO,23.02876973658907,49.76240387789346,15564.763941225472,1876.9985734082538
2022-06-28,2022,6,LATO,23.09165180647743,49.76240387789346,20061.467673691197,1880.328656022488
2022-06-28,2022,6,LATO,23.154533876365804,49.76240387789346,24570.273738820597,1885.8178482057203
2022-06-28,2022,6,LATO,22.588595247370506,49.82528594778182,16990.312078691608,1877.3056419397278
2022-06-28,2022,6,LATO,22.651477317258866,49.82528594778182,12719.566542102213,1877.4178041279652
2022-06-28,2022,6,LATO,22.714359387147226,49.82528594778182,8711.28030562575,1878.5820418448507
2022-06-28,2022,6,LATO,22.7772414570356,49.82528594778182,5564.880387908447,1878.6495593844957
2022-06-28,2022,6,LATO,22.84012352692396,49.82528594778182,5199.207232076515,1875.3562231812207
2022-06-28,2022,6,LATO,22.903005596812335,49.82528594778182,8004.869935788565,1874.7845907555975
2022-06-28,2022,6,LATO,22.965887666700695,49.82528594778182,11920.847219756432,1876.4483189754897
2022-06-28,2022,6,LATO,23.02876973658907,49.82528594778182,16159.134748314964,1879.9264069530952
2022-06-28,2022,6,LATO,23.09165180647743,49.82528594778182,20520.988166869633,1880.3209414282123
2022-06-28,2022,6,LATO,22.651477317258866,49.888168017670196,16691.582889244328,1883.3997875555503
2022-06-28,2022,6,LATO,22.714359387147226,49.888168017670196,13885.947830175188,1883.9820026047094
2022-06-28,2022,6,LATO,22.7772414570356,49.888168017670196,12163.857368911082,1876.2446204923278
2022-06-28,2022,6,LATO,22.84012352692396,49.888168017670196,12001.183223048978,1874.8287456928992
2022-06-28,2022,6,LATO,22.903005596812335,49.888168017670196,13454.606457664584,1873.4902916683081
2022-06-28,2022,6,LATO,22.965887666700695,49.888168017670196,16092.038930260735,1877.7145193334172
2022-06-28,2022,6,LATO,23.02876973658907,49.888168017670196,19437.342834046838,1881.8328852686552
2022-06-28,2022,6,LATO,23.09165180647743,49.888168017670196,23186.118417565107,1883.0047579053314
2022-06-28,2022,6,LATO,22.651477317258866,49.951050087558556,22209.71015373787,1886.5426119843903
2022-06-28,2022,6,LATO,22.714359387147226,49.951050087558556,20188.943391447578,1885.6323056931722
2022-06-28,2022,6,LATO,22.7772414570356,49.951050087558556,19047.0899975272,1877.5836608408954
2022-06-28,2022,6,LATO,22.84012352692396,49.951050087558556,18943.75140223469,1878.73031248506
2022-06-28,2022,6,LATO,22.903005596812335,49.951050087558556,19895.116498460357,1879.3582462900301
2022-06-28,2022,6,LATO,22.965887666700695,49.951050087558556,21763.307951500377,1879.878294198512
2022-06-28,2022,6,LATO,23.02876973658907,49.951050087558556,24338.10887346504,1880.4751741122304
2022-06-29,2022,6,LATO,22.84012352692396,49.57725944372781,22793.391111527922,1872.2333929960628
2022-06-29,2022,6,LATO,22.903005596812335,49.57725944372781,23596.05529717468,1872.2333872998338
2022-06-29,2022,6,LATO,22.7772414570356,49.64014151361617,15956.299449220478,1871.5024402943966
2022-06-29,2022,6,LATO,22.84012352692396,49.64014151361617,15832.004225340383,1871.901121075849
2022-06-29,2022,6,LATO,22.903005596812335,49.64014151361617,16965.836855889575,1883.3518962903192
2022-06-29,2022,6,LATO,22.965887666700695,49.64014151361617,19135.44931006767,1885.092373531481
2022-06-29,2022,6,LATO,23.02876973658907,49.64014151361617,22037.010834643912,1873.419935929444
2022-06-29,2022,6,LATO,22.7772414570356,49.703023583504546,9140.029561753958,1868.4815315759079
2022-06-29,2022,6,LATO,22.84012352692396,49.703023583504546,8921.552370794487,1873.5250904211637
2022-06-29,2022,6,LATO,22.903005596812335,49.703023583504546,10804.327233564076,1881.1397080027048
2022-06-29,2022,6,LATO,22.965887666700695,49.703023583504546,13962.754705896936,1881.7574929563011
2022-06-29,2022,6,LATO,23.02876973658907,49.703023583504546,17727.63889167577,1880.4818485354192
2022-06-29,2022,6,LATO,23.09165180647743,49.703023583504546,21786.816205965722,1877.9464150904746
2022-06-29,2022,6,LATO,22.52571317748213,49.765905653392906,20890.123640765443,1867.1453859789042
2022-06-29,2022,6,LATO,22.588595247370506,49.765905653392906,16380.668261241508,1867.985512153035
2022-06-29,2022,6,LATO,22.651477317258866,49.765905653392906,11886.450881199358,1873.742065067616
2022-06-29,2022,6,LATO,22.714359387147226,49.765905653392906,7435.161123830869,1873.7217656753635
2022-06-29,2022,6,LATO,22.7772414570356,49.765905653392906,3210.619340403136,1870.0194555991618
2022-06-29,2022,6,LATO,22.84012352692396,49.765905653392906,2523.3126508779337,1878.0898437499789
2022-06-29,2022,6,LATO,22.903005596812335,49.765905653392906,6592.32142197454,1877.924962763273
2022-06-29,2022,6,LATO,22.965887666700695,49.765905653392906,11026.461713720417,1885.1432029831467
2022-06-29,2022,6,LATO,23.02876973658907,49.765905653392906,15515.78269673641,1887.1653132482743
2022-06-29,2022,6,LATO,23.09165180647743,49.765905653392906,20023.20108708745,1880.6950683594148
2022-06-29,2022,6,LATO,23.154533876365804,49.765905653392906,24538.74390792931,1877.548441796402
2022-06-29,2022,6,LATO,22.52571317748213,49.82878772328128,21458.053684533254,1867.1453844200203
2022-06-29,2022,6,LATO,22.588595247370506,49.82878772328128,17105.396575522118,1866.151632875335
2022-06-29,2022,6,LATO,22.651477317258866,49.82878772328128,12873.244408405542,1867.524004942511
2022-06-29,2022,6,LATO,22.714359387147226,49.82878772328128,8934.520738934094,1869.8110174788583
2022-06-29,2022,6,LATO,22.7772414570356,49.82878772328128,5908.502699683845,1873.6259575154047
2022-06-29,2022,6,LATO,22.84012352692396,49.82878772328128,5565.478544359213,1878.835268072687
2022-06-29,2022,6,LATO,22.903005596812335,49.82878772328128,8247.30583412717,1877.820793948229
2022-06-29,2022,6,LATO,22.965887666700695,49.82878772328128,12084.745281253774,1878.952547573373
2022-06-29,2022,6,LATO,23.02876973658907,49.82878772328128,16280.157012807253,1879.2987973687034
2022-06-29,2022,6,LATO,23.09165180647743,49.82878772328128,20616.141316553247,1878.9913346481517
2022-06-29,2022,6,LATO,22.52571317748213,49.89166979316964,24131.63257145798,1873.7282049078688
2022-06-29,2022,6,LATO,22.588595247370506,49.89166979316964,20364.18316448082,1872.5728312394342
2022-06-29,2022,6,LATO,22.651477317258866,49.89166979316964,16970.281436225658,1869.3427850448006
2022-06-29,2022,6,LATO,22.714359387147226,49.89166979316964,14219.960460467935,1867.8782004651175
2022-06-29,2022,6,LATO,22.7772414570356,49.89166979316964,12543.938902384274,1865.8711135674273
2022-06-29,2022,6,LATO,22.965887666700695,49.89166979316964,16380.984509599155,1872.1510050961008
2022-06-29,2022,6,LATO,23.02876973658907,49.89166979316964,19677.007522249452,1872.8092290086884
2022-06-29,2022,6,LATO,23.09165180647743,49.89166979316964,23387.151398022725,1869.0259582027652
2022-06-29,2022,6,LATO,22.651477317258866,49.954551863058015,22541.104315333898,1867.344111496159
2022-06-29,2022,6,LATO,22.714359387147226,49.954551863058015,20553.09728768775,1867.2855477674186
2022-06-29,2022,6,LATO,22.965887666700695,49.954551863058015,22101.4288128028,1871.6276931578725
2022-06-29,2022,6,LATO,23.02876973658907,49.954551863058015,24640.7490788335,1871.6276906067003
2022-06-30,2022,6,LATO,22.714359387147226,49.57725944372781,23846.226255515205,1868.183840542089
2022-06-30,2022,6,LATO,22.7772414570356,49.57725944372781,22880.010970962256,1868.1004018083063
2022-06-30,2022,6,LATO,22.84012352692396,49.57725944372781,22793.391111527922,1847.632330938351
2022-06-30,2022,6,LATO,22.903005596812335,49.57725944372781,23596.05529717468,1845.2989616131586
2022-06-30,2022,6,LATO,22.651477317258866,49.64014151361617,19644.87615510022,1857.6314691970804
2022-06-30,2022,6,LATO,22.714359387147226,49.64014151361617,17311.644736144277,1857.631467030302
2022-06-30,2022,6,LATO,22.7772414570356,49.64014151361617,15956.299449220478,1848.2421551688853
2022-06-30,2022,6,LATO,22.84012352692396,49.64014151361617,15832.004225340383,1849.08589606521
2022-06-30,2022,6,LATO,22.903005596812335,49.64014151361617,16965.836855889575,1854.1307932398843
2022-06-30,2022,6,LATO,22.965887666700695,49.64014151361617,19135.44931006767,1872.019702073993
2022-06-30,2022,6,LATO,23.02876973658907,49.64014151361617,22037.010834643912,1871.8801269531284
2022-06-30,2022,6,LATO,22.651477317258866,49.703023583504546,14652.263880901603,1857.6314490284258
2022-06-30,2022,6,LATO,22.714359387147226,49.703023583504546,11338.944403631276,1857.6314637405223
2022-06-30,2022,6,LATO,22.7772414570356,49.703023583504546,9140.029561753958,1846.6964342085828
2022-06-30,2022,6,LATO,22.84012352692396,49.703023583504546,8921.552370794487,1847.6242464134066
2022-06-30,2022,6,LATO,22.903005596812335,49.703023583504546,10804.327233564076,1866.3242461317766
2022-06-30,2022,6,LATO,22.965887666700695,49.703023583504546,13962.754705896936,1872.7487706614006
2022-06-30,2022,6,LATO,23.02876973658907,49.703023583504546,17727.63889167577,1872.0204406188727
2022-06-30,2022,6,LATO,23.09165180647743,49.703023583504546,21786.816205965722,1867.1603655425222
2022-06-30,2022,6,LATO,22.651477317258866,49.765905653392906,11886.450881199358,1851.5395202854977
2022-06-30,2022,6,LATO,22.714359387147226,49.765905653392906,7435.161123830869,1852.4187011790348
2022-06-30,2022,6,LATO,22.7772414570356,49.765905653392906,3210.619340403136,1847.7805771874193
2022-06-30,2022,6,LATO,22.84012352692396,49.765905653392906,2523.3126508779337,1868.4919772214166
2022-06-30,2022,6,LATO,22.903005596812335,49.765905653392906,6592.32142197454,1870.80671366341
2022-06-30,2022,6,LATO,22.965887666700695,49.765905653392906,11026.461713720417,1868.5652677449953
2022-06-30,2022,6,LATO,23.02876973658907,49.765905653392906,15515.78269673641,1865.8773959832874
2022-06-30,2022,6,LATO,23.09165180647743,49.765905653392906,20023.20108708745,1866.280928539387
2022-06-30,2022,6,LATO,23.154533876365804,49.765905653392906,24538.74390792931,1862.1347569713844
2022-06-30,2022,6,LATO,22.52571317748213,49.82878772328128,21458.053684533254,1856.9665510011139
2022-06-30,2022,6,LATO,22.588595247370506,49.82878772328128,17105.396575522118,1856.9665368949275
2022-06-30,2022,6,LATO,22.651477317258866,49.82878772328128,12873.244408405542,1846.536752318924
2022-06-30,2022,6,LATO,22.714359387147226,49.82878772328128,8934.520738934094,1847.516024097461
2022-06-30,2022,6,LATO,22.7772414570356,49.82878772328128,5908.502699683845,1851.4270820035558
2022-06-30,2022,6,LATO,22.84012352692396,49.82878772328128,5565.478544359213,1870.8647107229026
2022-06-30,2022,6,LATO,22.903005596812335,49.82878772328128,8247.30583412717,1870.864733883436
2022-06-30,2022,6,LATO,22.965887666700695,49.82878772328128,12084.745281253774,1864.308436930596
2022-06-30,2022,6,LATO,23.02876973658907,49.82878772328128,16280.157012807253,1863.041024107938
2022-06-30,2022,6,LATO,23.09165180647743,49.82878772328128,20616.141316553247,1862.9025480337646
2022-06-30,2022,6,LATO,22.52571317748213,49.89166979316964,24131.63257145798,1863.9171206127808
2022-06-30,2022,6,LATO,22.588595247370506,49.89166979316964,20364.18316448082,1863.7142478803662
2022-06-30,2022,6,LATO,22.651477317258866,49.89166979316964,16970.281436225658,1845.0383553041825
2022-06-30,2022,6,LATO,22.714359387147226,49.89166979316964,14219.960460467935,1842.1709653257078
2022-06-30,2022,6,LATO,22.7772414570356,49.89166979316964,12543.938902384274,1843.3038790556836
2022-06-30,2022,6,LATO,23.09165180647743,49.89166979316964,23387.151398022725,1859.740709554876
2022-06-30,2022,6,LATO,22.651477317258866,49.954551863058015,22541.104315333898,1851.40847792691
2022-06-30,2022,6,LATO,22.714359387147226,49.954551863058015,20553.09728768775,1851.084703213512
2022-06-30,2022,6,LATO,22.7772414570356,49.954551863058015,19432.73675666003,1870.5283210479665
2022-07-01,2022,7,LATO,22.780743232535045,49.57725944372781,22851.510375417707,1860.4695910918672
2022-07-01,2022,7,LATO,22.84362530242342,49.57725944372781,22815.108290191674,1870.4753793353666
2022-07-01,2022,7,LATO,22.90650737231178,49.57725944372781,23665.548368800108,1869.403704483165
2022-07-01,2022,7,LATO,22.780743232535045,49.64014151361617,15915.45767958923,1857.0300268450635
2022-07-01,2022,7,LATO,22.84362530242342,49.64014151361617,15863.214412557072,1856.9453110464794
2022-07-01,2022,7,LATO,22.90650737231178,49.64014151361617,17062.231736255588,1856.9066723178846
2022-07-01,2022,7,LATO,22.969389442200153,49.64014151361617,19280.468818556892,1861.231895146657
2022-07-01,2022,7,LATO,23.032271512088514,49.64014151361617,22214.67602561404,1858.328359589116
2022-07-01,2022,7,LATO,22.717861162646685,49.703023583504546,11179.609293972992,1853.1757705866435
2022-07-01,2022,7,LATO,22.780743232535045,49.703023583504546,9068.63376435645,1853.9202380692313
2022-07-01,2022,7,LATO,22.84362530242342,49.703023583504546,8976.749731993239,1857.0221679302083
2022-07-01,2022,7,LATO,22.90650737231178,49.703023583504546,10954.88011534553,1857.0157241973127
2022-07-01,2022,7,LATO,22.969389442200153,49.703023583504546,14160.593497162869,1855.7591477750882
2022-07-01,2022,7,LATO,23.032271512088514,49.703023583504546,17947.730849060772,1855.6110009870745
2022-07-01,2022,7,LATO,23.095153581976888,49.703023583504546,22018.29212632753,1857.846155826199
2022-07-01,2022,7,LATO,22.654979092758325,49.765905653392906,11636.98088129893,1858.4056717634558
2022-07-01,2022,7,LATO,22.717861162646685,49.765905653392906,7190.149421692453,1857.9741418623576
2022-07-01,2022,7,LATO,22.780743232535045,49.765905653392906,3001.6205564528414,1857.3670255226095
2022-07-01,2022,7,LATO,22.84362530242342,49.765905653392906,2711.7845216005016,1854.0762353187795
2022-07-01,2022,7,LATO,22.90650737231178,49.765905653392906,6835.963182596178,1851.0435860675623
2022-07-01,2022,7,LATO,22.969389442200153,49.765905653392906,11275.618279068221,1852.7908854752936
2022-07-01,2022,7,LATO,23.032271512088514,49.765905653392906,15766.459244749018,1855.8073874513868
2022-07-01,2022,7,LATO,23.095153581976888,49.765905653392906,20274.499141863576,1856.617049616047
2022-07-01,2022,7,LATO,23.158035651865248,49.765905653392906,24790.35474535101,1861.1011206290705
2022-07-01,2022,7,LATO,22.654979092758325,49.82878772328128,12643.560664584973,1860.7051749868967
2022-07-01,2022,7,LATO,22.717861162646685,49.82878772328128,8731.948753355113,1858.8513686422255
2022-07-01,2022,7,LATO,22.780743232535045,49.82878772328128,5797.735700055515,1858.1451460095354
2022-07-01,2022,7,LATO,22.84362530242342,49.82878772328128,5653.312196730159,1855.8087129509652
2022-07-01,2022,7,LATO,22.90650737231178,49.82878772328128,8443.074489630133,1850.8846818844452
2022-07-01,2022,7,LATO,22.969389442200153,49.82878772328128,12312.212884683175,1849.7376820126292
2022-07-01,2022,7,LATO,23.032271512088514,49.82878772328128,16518.931220972747,1849.6482374435323
2022-07-01,2022,7,LATO,23.095153581976888,49.82878772328128,20859.98350400866,1858.2363853965169
2022-07-01,2022,7,LATO,22.52921495298159,49.89166979316964,23914.93899028903,1861.489677869686
2022-07-01,2022,7,LATO,22.59209702286995,49.89166979316964,20163.52320440159,1857.0033128570446
2022-07-01,2022,7,LATO,22.654979092758325,49.89166979316964,16796.942183041385,1855.3180143050215
2022-07-01,2022,7,LATO,22.717861162646685,49.89166979316964,14093.728948783195,1858.626272893617
2022-07-01,2022,7,LATO,22.780743232535045,49.89166979316964,12492.214459069874,1863.273088068946
2022-07-01,2022,7,LATO,22.84362530242342,49.89166979316964,12425.931299741358,1855.8414768014836
2022-07-01,2022,7,LATO,22.90650737231178,49.89166979316964,13916.83236940334,1852.9092290431247
2022-07-01,2022,7,LATO,22.969389442200153,49.89166979316964,16549.288935805096,1851.974318362933
2022-07-01,2022,7,LATO,23.032271512088514,49.89166979316964,19874.758845354678,1851.2907586005265
2022-07-01,2022,7,LATO,23.095153581976888,49.89166979316964,23602.105020718893,1868.4559062492829
2022-07-01,2022,7,LATO,22.654979092758325,49.954551863058015,22411.0645353704,1857.8949984016458
2022-07-01,2022,7,LATO,22.717861162646685,49.954551863058015,20466.07869100656,1855.241818942115
2022-07-01,2022,7,LATO,22.780743232535045,49.954551863058015,19399.431935623354,1857.3778732678368
2022-07-01,2022,7,LATO,22.84362530242342,49.954551863058015,19356.87092457476,1861.7259137826386
2022-07-01,2022,7,LATO,22.90650737231178,49.954551863058015,20344.823639693168,1860.8910702276603
2022-07-01,2022,7,LATO,22.969389442200153,49.954551863058015,22226.296487740947,1853.6593043877967
2022-07-01,2022,7,LATO,23.032271512088514,49.954551863058015,24798.74504417711,1858.787342900925
2022-07-01,2022,7,LATO,22.89950382131289,49.82528594778182,7806.237615620178,1865.4148089900277
2022-07-01,2022,7,LATO,22.96238589120125,49.82528594778182,11691.183537563493,1865.4148034606112
2022-07-01,2022,7,LATO,23.02526796108961,49.82528594778182,15918.937977582504,1865.4147872161655
2022-07-01,2022,7,LATO,23.08815003097797,49.82528594778182,20276.185247339086,1865.414792406696
2022-07-01,2022,7,LATO,23.15103210086636,49.82528594778182,24694.47230118494,1865.4147963223454
2022-07-01,2022,7,LATO,22.522211401982673,49.888168017670196,24156.04586155313,1834.8514407241662
2022-07-01,2022,7,LATO,22.585093471871062,49.888168017670196,20336.84891660171,1851.7748317177452
2022-07-01,2022,7,LATO,22.647975541759422,49.888168017670196,16869.779982279415,1857.6086397160607
2022-07-01,2022,7,LATO,22.710857611647782,49.888168017670196,14018.58815455293,1857.6086367206617
2022-07-01,2022,7,LATO,22.773739681536142,49.888168017670196,12222.169535160607,1857.6086414701292
2022-07-01,2022,7,LATO,22.836621751424502,49.888168017670196,11965.41458788537,1857.6086391777533
2022-07-01,2022,7,LATO,22.89950382131289,49.888168017670196,13337.538034994112,1855.2930908203366
2022-07-01,2022,7,LATO,22.96238589120125,49.888168017670196,15922.874507480621,1855.2930908203405
2022-07-01,2022,7,LATO,23.02526796108961,49.888168017670196,19238.379445562026,1855.2930908203405
2022-07-01,2022,7,LATO,23.08815003097797,49.888168017670196,22970.018996073344,1855.5075025983551
2022-07-01,2022,7,LATO,22.647975541759422,49.951050087558556,22343.768308375453,1854.6782285692275
2022-07-01,2022,7,LATO,22.710857611647782,49.951050087558556,20280.28322966142,1854.4862197358775
2022-07-01,2022,7,LATO,22.773739681536142,49.951050087558556,19084.33367367535,1854.102216027443
2022-07-01,2022,7,LATO,22.836621751424502,49.951050087558556,18921.141041467326,1853.916319349494
2022-07-01,2022,7,LATO,22.89950382131289,49.951050087558556,19816.236401582733,1859.6835679501708
2022-07-01,2022,7,LATO,22.96238589120125,49.951050087558556,21638.688368898416,1860.131083219021
2022-07-01,2022,7,LATO,23.02526796108961,49.951050087558556,24179.71255159853,1860.3548415718215
2022-07-20,2022,7,LATO,22.784245008034503,49.57725944372781,22825.772528221212,1875.0556725832403
2022-07-20,2022,7,LATO,22.847127077922863,49.57725944372781,22839.601460497255,1875.0556752303753
2022-07-20,2022,7,LATO,22.59559879836941,49.64014151361617,22294.98905424956,1871.100426916889
2022-07-20,2022,7,LATO,22.65848086825777,49.64014151361617,19346.360042072225,1871.3058071983698
2022-07-20,2022,7,LATO,22.721362938146143,49.64014151361617,17106.588908797177,1875.162863918018
2022-07-20,2022,7,LATO,22.784245008034503,49.64014151361617,15878.528602308194,1878.2835693359082
2022-07-20,2022,7,LATO,22.847127077922863,49.64014151361617,15898.37606674912,1865.2454065867166
2022-07-20,2022,7,LATO,22.910009147811238,49.64014151361617,17161.80236162699,1860.7132147162854
2022-07-20,2022,7,LATO,22.972891217699598,49.64014151361617,19427.689326518714,1861.8036475039642
2022-07-20,2022,7,LATO,23.035773287587972,49.64014151361617,22393.780214513983,1860.7552666017293
2022-07-20,2022,7,LATO,22.532716728481034,49.703023583504546,22122.465906806905,1867.2578563399563
2022-07-20,2022,7,LATO,22.59559879836941,49.703023583504546,18046.915138960532,1869.72636422923
2022-07-20,2022,7,LATO,22.65848086825777,49.703023583504546,14250.063235972633,1868.8639226544062
2022-07-20,2022,7,LATO,22.721362938146143,49.703023583504546,11023.750752286034,1875.4506487849085
2022-07-20,2022,7,LATO,22.784245008034503,49.703023583504546,9003.74969105232,1878.323639809359
2022-07-20,2022,7,LATO,22.847127077922863,49.703023583504546,9038.66068024557,1859.8519380489126
2022-07-20,2022,7,LATO,22.910009147811238,49.703023583504546,11109.12789583884,1858.2693851238537
2022-07-20,2022,7,LATO,22.972891217699598,49.703023583504546,14360.143110542414,1867.9694824218464
2022-07-20,2022,7,LATO,23.035773287587972,49.703023583504546,18168.663048577168,1867.8696859186746
2022-07-20,2022,7,LATO,23.098655357476332,49.703023583504546,22250.223097835118,1874.2118660580284
2022-07-20,2022,7,LATO,22.469834658592674,49.765905653392906,24903.43217975922,1860.656880876779
2022-07-20,2022,7,LATO,22.532716728481034,49.765905653392906,20387.43944261555,1873.438209705899
2022-07-20,2022,7,LATO,22.59559879836941,49.765905653392906,15879.128789225302,1871.8886419201401
2022-07-20,2022,7,LATO,22.65848086825777,49.765905653392906,11387.63283000417,1869.3537629489676
2022-07-20,2022,7,LATO,22.721362938146143,49.765905653392906,6945.655089638345,1877.28540018493
2022-07-20,2022,7,LATO,22.784245008034503,49.765905653392906,2799.754239036753,1877.3346988085943
2022-07-20,2022,7,LATO,22.847127077922863,49.765905653392906,2909.9299496572144,1866.2839629900852
2022-07-20,2022,7,LATO,22.910009147811238,49.765905653392906,7080.207037852592,1868.0541518034831
2022-07-20,2022,7,LATO,22.972891217699598,49.765905653392906,11524.908902168252,1872.5082679766476
2022-07-20,2022,7,LATO,23.035773287587972,49.765905653392906,16017.184810434974,1879.7241194006583
2022-07-20,2022,7,LATO,23.098655357476332,49.765905653392906,20525.820239153934,1884.5848893702826
2022-07-20,2022,7,LATO,22.532716728481034,49.82878772328128,20969.629003077862,1881.3335480433398
2022-07-20,2022,7,LATO,22.59559879836941,49.82878772328128,16626.36365896378,1871.7126944188576
2022-07-20,2022,7,LATO,22.65848086825777,49.82878772328128,12414.745842026043,1868.6976328136673
2022-07-20,2022,7,LATO,22.721362938146143,49.82878772328128,8532.01505542116,1874.7286294539063
2022-07-20,2022,7,LATO,22.784245008034503,49.82878772328128,5695.977327613162,1871.7331592239689
2022-07-20,2022,7,LATO,22.847127077922863,49.82878772328128,5750.861621632254,1867.8673593599035
2022-07-20,2022,7,LATO,22.910009147811238,49.82878772328128,8641.76161762721,1869.6393908512127
2022-07-20,2022,7,LATO,22.972891217699598,49.82878772328128,12540.621480203294,1870.7082016790444
2022-07-20,2022,7,LATO,23.035773287587972,49.82878772328128,16758.09500148916,1870.0956607867174
2022-07-20,2022,7,LATO,23.098655357476332,49.82878772328128,21104.019131336558,1878.6198931951496
2022-07-20,2022,7,LATO,22.532716728481034,49.89166979316964,23698.94177557943,1875.9492403729664
2022-07-20,2022,7,LATO,22.59559879836941,49.89166979316964,19964.02510849638,1877.9318318111686
2022-07-20,2022,7,LATO,22.65848086825777,49.89166979316964,16625.61277503751,1870.635939160202
2022-07-20,2022,7,LATO,22.721362938146143,49.89166979316964,13970.899561599594,1869.7689508275973
2022-07-20,2022,7,LATO,22.784245008034503,49.89166979316964,12445.375005463568,1867.0844467327404
2022-07-20,2022,7,LATO,22.847127077922863,49.89166979316964,12470.557128002267,1865.100897437369
2022-07-20,2022,7,LATO,22.910009147811238,49.89166979316964,14038.103410697095,1865.268673688672
2022-07-20,2022,7,LATO,22.972891217699598,49.89166979316964,16719.694789104768,1872.9169459139111
2022-07-20,2022,7,LATO,23.035773287587972,49.89166979316964,20073.723416020704,1873.6490326319058
2022-07-20,2022,7,LATO,23.098655357476332,49.89166979316964,23817.78306999105,1876.176475362604
2022-07-20,2022,7,LATO,22.65848086825777,49.954551863058015,22283.110131735197,1871.9731877109207
2022-07-20,2022,7,LATO,22.721362938146143,49.954551863058015,20381.79823470954,1866.2320750574668
2022-07-20,2022,7,LATO,22.784245008034503,49.954551863058015,19369.342116810156,1867.0197263430362
2022-07-20,2022,7,LATO,22.847127077922863,49.954551863058015,19385.51095194934,1863.5461425780964
2022-07-20,2022,7,LATO,22.910009147811238,49.954551863058015,20427.862442196416,1863.634752488462
2022-07-20,2022,7,LATO,22.972891217699598,49.954551863058015,22353.301975925337,1870.378510467715
2022-07-21,2022,7,LATO,22.717861162646685,49.57725944372781,23770.680769692324,1849.958244815222
2022-07-21,2022,7,LATO,22.780743232535045,49.57725944372781,22851.510375417707,1865.7577352575909
2022-07-21,2022,7,LATO,22.84362530242342,49.57725944372781,22815.108290191674,1866.78015758966
2022-07-21,2022,7,LATO,22.90650737231178,49.57725944372781,23665.548368800108,1853.1784131981751
2022-07-21,2022,7,LATO,22.59209702286995,49.64014151361617,22474.728721047504,1847.2611231453393
2022-07-21,2022,7,LATO,22.654979092758325,49.64014151361617,19494.553455866462,1847.0941162108768
2022-07-21,2022,7,LATO,22.717861162646685,49.64014151361617,17207.568838300576,1851.8583554010186
2022-07-21,2022,7,LATO,22.780743232535045,49.64014151361617,15915.45767958923,1867.3509669117673
2022-07-21,2022,7,LATO,22.84362530242342,49.64014151361617,15863.214412557072,1845.2007536070878
2022-07-21,2022,7,LATO,22.90650737231178,49.64014151361617,17062.231736255588,1842.9867767497676
2022-07-21,2022,7,LATO,22.969389442200153,49.64014151361617,19280.468818556892,1846.7835534800645
2022-07-21,2022,7,LATO,23.032271512088514,49.64014151361617,22214.67602561404,1846.3371436696768
2022-07-21,2022,7,LATO,22.52921495298159,49.703023583504546,22354.596757050298,1847.019842252555
2022-07-21,2022,7,LATO,22.59209702286995,49.703023583504546,18268.21499736369,1838.0203546264547
2022-07-21,2022,7,LATO,22.654979092758325,49.703023583504546,14450.358582796438,1839.8886100934974
2022-07-21,2022,7,LATO,22.717861162646685,49.703023583504546,11179.609293972992,1859.1219843438644
2022-07-21,2022,7,LATO,22.780743232535045,49.703023583504546,9068.63376435645,1865.238949149479
2022-07-21,2022,7,LATO,22.84362530242342,49.703023583504546,8976.749731993239,1844.3541589070644
2022-07-21,2022,7,LATO,22.90650737231178,49.703023583504546,10954.88011534553,1843.3841425552378
2022-07-21,2022,7,LATO,22.969389442200153,49.703023583504546,14160.593497162869,1851.8455321664478
2022-07-21,2022,7,LATO,23.032271512088514,49.703023583504546,17947.730849060772,1851.2602844412772
2022-07-21,2022,7,LATO,23.095153581976888,49.703023583504546,22018.29212632753,1847.8995449091854
2022-07-21,2022,7,LATO,22.52921495298159,49.765905653392906,20638.77062021848,1843.8789716061917
2022-07-21,2022,7,LATO,22.59209702286995,49.765905653392906,16129.875636589464,1840.985556473517
2022-07-21,2022,7,LATO,22.654979092758325,49.765905653392906,11636.98088129893,1863.703630688944
2022-07-21,2022,7,LATO,22.717861162646685,49.765905653392906,7190.149421692453,1867.816304662206
2022-07-21,2022,7,LATO,22.780743232535045,49.765905653392906,3001.6205564528414,1857.915597833156
2022-07-21,2022,7,LATO,22.84362530242342,49.765905653392906,2711.7845216005016,1850.6094143181222
2022-07-21,2022,7,LATO,22.90650737231178,49.765905653392906,6835.963182596178,1849.3907274152425
2022-07-21,2022,7,LATO,22.969389442200153,49.765905653392906,11275.618279068221,1853.7718370123196
2022-07-21,2022,7,LATO,23.032271512088514,49.765905653392906,15766.459244749018,1855.9690596570463
2022-07-21,2022,7,LATO,23.095153581976888,49.765905653392906,20274.499141863576,1847.9363344626224
2022-07-21,2022,7,LATO,23.158035651865248,49.765905653392906,24790.35474535101,1851.1343939875997
2022-07-21,2022,7,LATO,22.52921495298159,49.82878772328128,21213.749383161125,1840.1690531407592
2022-07-21,2022,7,LATO,22.59209702286995,49.82878772328128,16865.697102093472,1842.6810414032416
2022-07-21,2022,7,LATO,22.654979092758325,49.82878772328128,12643.560664584973,1860.6207094268354
2022-07-21,2022,7,LATO,22.717861162646685,49.82878772328128,8731.948753355113,1862.4601464075763
2022-07-21,2022,7,LATO,22.780743232535045,49.82878772328128,5797.735700055515,1855.9599424233938
2022-07-21,2022,7,LATO,22.84362530242342,49.82878772328128,5653.312196730159,1855.6269085776848
2022-07-21,2022,7,LATO,22.90650737231178,49.82878772328128,8443.074489630133,1847.451129452451
2022-07-21,2022,7,LATO,22.969389442200153,49.82878772328128,12312.212884683175,1846.9320074326365
2022-07-21,2022,7,LATO,23.032271512088514,49.82878772328128,16518.931220972747,1844.4931747603325
2022-07-21,2022,7,LATO,23.095153581976888,49.82878772328128,20859.98350400866,1844.8917604390035
2022-07-21,2022,7,LATO,22.52921495298159,49.89166979316964,23914.93899028903,1848.2609863281527
2022-07-21,2022,7,LATO,22.59209702286995,49.89166979316964,20163.52320440159,1860.0857858658312
2022-07-21,2022,7,LATO,22.654979092758325,49.89166979316964,16796.942183041385,1866.0935335876156
2022-07-21,2022,7,LATO,22.717861162646685,49.89166979316964,14093.728948783195,1860.899986180464
2022-07-21,2022,7,LATO,22.780743232535045,49.89166979316964,12492.214459069874,1851.0655449875173
2022-07-21,2022,7,LATO,22.84362530242342,49.89166979316964,12425.931299741358,1848.3208636513882
2022-07-21,2022,7,LATO,22.90650737231178,49.89166979316964,13916.83236940334,1848.0872700260552
2022-07-21,2022,7,LATO,22.969389442200153,49.89166979316964,16549.288935805096,1845.3507772569621
2022-07-21,2022,7,LATO,23.032271512088514,49.89166979316964,19874.758845354678,1845.3435500873532
2022-07-21,2022,7,LATO,23.095153581976888,49.89166979316964,23602.105020718893,1857.1304593967375
2022-07-21,2022,7,LATO,22.654979092758325,49.954551863058015,22411.0645353704,1868.0601160483354
2022-07-21,2022,7,LATO,22.717861162646685,49.954551863058015,20466.07869100656,1852.2241844960872
2022-07-21,2022,7,LATO,22.780743232535045,49.954551863058015,19399.431935623354,1850.1837872172005
2022-07-21,2022,7,LATO,22.84362530242342,49.954551863058015,19356.87092457476,1847.9135742187216
2022-07-21,2022,7,LATO,22.90650737231178,49.954551863058015,20344.823639693168,1847.93804201645
2022-07-21,2022,7,LATO,22.969389442200153,49.954551863058015,22226.296487740947,1843.0758253115391
2022-07-21,2022,7,LATO,23.032271512088514,49.954551863058015,24798.74504417711,1844.0245924325263
2022-07-22,2022,7,LATO,22.90650737231178,49.64014151361617,17062.231736255588,1849.2275551888115
2022-07-22,2022,7,LATO,22.969389442200153,49.64014151361617,19280.468818556892,1845.3657399432493
2022-07-22,2022,7,LATO,23.032271512088514,49.64014151361617,22214.67602561404,1844.0998943984202
2022-07-22,2022,7,LATO,22.90650737231178,49.703023583504546,10954.88011534553,1849.4546807264528
2022-07-22,2022,7,LATO,22.969389442200153,49.703023583504546,14160.593497162869,1848.5381586134513
2022-07-22,2022,7,LATO,23.032271512088514,49.703023583504546,17947.730849060772,1846.766700417968
2022-07-22,2022,7,LATO,23.095153581976888,49.703023583504546,22018.29212632753,1841.966381529605
2022-07-22,2022,7,LATO,22.84362530242342,49.765905653392906,2711.7845216005016,1842.6977523097125
2022-07-22,2022,7,LATO,22.90650737231178,49.765905653392906,6835.963182596178,1843.2344004534145
2022-07-22,2022,7,LATO,22.969389442200153,49.765905653392906,11275.618279068221,1844.0496826171666
2022-07-22,2022,7,LATO,23.032271512088514,49.765905653392906,15766.459244749018,1844.7540063878796
2022-07-22,2022,7,LATO,23.095153581976888,49.765905653392906,20274.499141863576,1842.835037716077
2022-07-22,2022,7,LATO,23.158035651865248,49.765905653392906,24790.35474535101,1843.3055994837814
2022-07-22,2022,7,LATO,22.84362530242342,49.82878772328128,5653.312196730159,1842.5783840960696
2022-07-22,2022,7,LATO,22.90650737231178,49.82878772328128,8443.074489630133,1842.5783546507932
2022-07-22,2022,7,LATO,22.969389442200153,49.82878772328128,12312.212884683175,1842.9142194959059
2022-07-22,2022,7,LATO,23.032271512088514,49.82878772328128,16518.931220972747,1840.2376998639347
2022-07-22,2022,7,LATO,23.095153581976888,49.82878772328128,20859.98350400866,1837.9131328206033
2022-07-22,2022,7,LATO,22.969389442200153,49.89166979316964,16549.288935805096,1830.0191344785949
2022-07-22,2022,7,LATO,23.032271512088514,49.89166979316964,19874.758845354678,1830.7105696797723
2022-07-22,2022,7,LATO,23.095153581976888,49.89166979316964,23602.105020718893,1836.1114535843424
2022-07-22,2022,7,LATO,22.969389442200153,49.954551863058015,22226.296487740947,1831.8250119567115
2022-07-22,2022,7,LATO,23.032271512088514,49.954551863058015,24798.74504417711,1830.9972004240053
2022-07-22,2022,7,LATO,22.714359387147226,49.57375766822835,24217.66519655963,1850.2487792969428
2022-07-22,2022,7,LATO,22.7772414570356,49.57375766822835,23266.810492080956,1850.2487792969107
2022-07-22,2022,7,LATO,22.84012352692396,49.57375766822835,23181.62987085124,1850.2487815839609
2022-07-22,2022,7,LATO,22.903005596812335,49.57375766822835,23971.353255234702,1850.9245081186548
2022-07-22,2022,7,LATO,22.588595247370506,49.63663973811673,22928.32867859584,1850.2487990929956
2022-07-22,2022,7,LATO,22.651477317258866,49.63663973811673,19958.266113137925,1850.2487610885178
2022-07-22,2022,7,LATO,22.714359387147226,49.63663973811673,17666.298197156444,1850.2488010989719
2022-07-22,2022,7,LATO,22.7772414570356,49.63663973811673,16340.297051275738,1850.2487546624402
2022-07-22,2022,7,LATO,22.903005596812335,49.63663973811673,17327.54509806988,1853.3874532658363
2022-07-22,2022,7,LATO,22.965887666700695,49.63663973811673,19457.009840422077,1853.3874579661178
2022-07-22,2022,7,LATO,23.02876973658907,49.63663973811673,22316.993932888305,1853.387449770288
2022-07-22,2022,7,LATO,22.52571317748213,49.69952180800509,22741.24947121939,1844.6148889077333
2022-07-22,2022,7,LATO,22.588595247370506,49.69952180800509,18677.902786448478,1846.7942192512621
2022-07-22,2022,7,LATO,22.651477317258866,49.69952180800509,14887.986065875959,1847.3316262045203
2022-07-22,2022,7,LATO,22.714359387147226,49.69952180800509,11641.68261194455,1847.6014566599708
2022-07-22,2022,7,LATO,22.7772414570356,49.69952180800509,9512.834732500989,1848.1296437321173
2022-07-22,2022,7,LATO,22.84012352692396,49.69952180800509,9303.101501093282,1848.6652589536816
2022-07-22,2022,7,LATO,22.903005596812335,49.69952180800509,11121.589456061673,1845.5139039437843
2022-07-22,2022,7,LATO,22.52571317748213,49.76240387789346,20926.866087883933,1848.1178049744715
2022-07-22,2022,7,LATO,22.588595247370506,49.76240387789346,16427.131332161836,1848.9099121093502
2022-07-22,2022,7,LATO,22.651477317258866,49.76240387789346,11950.017335909584,1848.909912109322
2022-07-22,2022,7,LATO,22.714359387147226,49.76240387789346,7535.95554065889,1848.8191803338495
2022-07-22,2022,7,LATO,22.7772414570356,49.76240387789346,3437.1277018518767,1848.4105106881339
2022-07-22,2022,7,LATO,22.84012352692396,49.76240387789346,2805.814610497137,1848.1563601298085
2022-07-22,2022,7,LATO,22.52571317748213,49.82528594778182,21366.71002925093,1845.7744683882595
2022-07-22,2022,7,LATO,22.588595247370506,49.82528594778182,16990.312078691608,1845.787389145431
2022-07-22,2022,7,LATO,22.651477317258866,49.82528594778182,12719.566542102213,1845.378383832047
2022-07-22,2022,7,LATO,22.714359387147226,49.82528594778182,8711.28030562575,1845.2729712019561
2022-07-22,2022,7,LATO,22.7772414570356,49.82528594778182,5564.880387908447,1845.272949218746
2022-07-22,2022,7,LATO,22.84012352692396,49.82528594778182,5199.207232076515,1845.5489977485856
2022-07-22,2022,7,LATO,22.52571317748213,49.888168017670196,23936.906387902236,1850.8654988808125
2022-07-22,2022,7,LATO,22.588595247370506,49.888168017670196,20132.74992486935,1850.4516444374474
2022-07-22,2022,7,LATO,22.651477317258866,49.888168017670196,16691.582889244328,1849.6414741744752
2022-07-22,2022,7,LATO,22.714359387147226,49.888168017670196,13885.947830175188,1849.227598856869
2022-07-22,2022,7,LATO,22.7772414570356,49.888168017670196,12163.857368911082,1848.4021858812112
2022-07-22,2022,7,LATO,22.84012352692396,49.888168017670196,12001.183223048978,1846.1606291862113
2022-07-22,2022,7,LATO,22.903005596812335,49.888168017670196,13454.606457664584,1845.0250318164208
2022-07-22,2022,7,LATO,22.965887666700695,49.888168017670196,16092.038930260735,1845.0250239447032
2022-07-22,2022,7,LATO,23.02876973658907,49.888168017670196,19437.342834046838,1845.0250244140902
2022-07-22,2022,7,LATO,23.09165180647743,49.888168017670196,23186.118417565107,1845.0298801847102
2022-07-22,2022,7,LATO,22.651477317258866,49.951050087558556,22209.71015373787,1846.7094130587184
2022-07-22,2022,7,LATO,22.714359387147226,49.951050087558556,20188.943391447578,1846.75520898293
2022-07-22,2022,7,LATO,22.7772414570356,49.951050087558556,19047.0899975272,1846.8449488514923
2022-07-22,2022,7,LATO,22.84012352692396,49.951050087558556,18943.75140223469,1846.0470584671277
2022-07-22,2022,7,LATO,22.903005596812335,49.951050087558556,19895.116498460357,1845.8031076350528
2022-07-22,2022,7,LATO,22.965887666700695,49.951050087558556,21763.307951500377,1845.9344375316982
2022-07-22,2022,7,LATO,23.02876973658907,49.951050087558556,24338.10887346504,1846.0014356553359
2022-07-25,2022,7,LATO,22.90650737231178,49.64014151361617,17062.231736255588,1830.6840404566915
2022-07-25,2022,7,LATO,22.969389442200153,49.64014151361617,19280.468818556892,1830.6840865824224
2022-07-25,2022,7,LATO,23.032271512088514,49.64014151361617,22214.67602561404,1833.9556933948847
2022-07-25,2022,7,LATO,22.969389442200153,49.703023583504546,14160.593497162869,1849.7182748212201
2022-07-25,2022,7,LATO,23.032271512088514,49.703023583504546,17947.730849060772,1849.7182494875824
2022-07-25,2022,7,LATO,23.095153581976888,49.703023583504546,22018.29212632753,1849.7182587182344
2022-07-25,2022,7,LATO,22.969389442200153,49.765905653392906,11275.618279068221,1860.6879179798093
2022-07-25,2022,7,LATO,23.032271512088514,49.765905653392906,15766.459244749018,1864.5275837684687
2022-07-25,2022,7,LATO,23.095153581976888,49.765905653392906,20274.499141863576,1869.3952169658958
2022-07-25,2022,7,LATO,23.158035651865248,49.765905653392906,24790.35474535101,1869.1927474689921
2022-07-25,2022,7,LATO,22.780743232535045,49.82878772328128,5797.735700055515,1852.0338836318572
2022-07-25,2022,7,LATO,22.84362530242342,49.82878772328128,5653.312196730159,1870.7754009163439
2022-07-25,2022,7,LATO,22.90650737231178,49.82878772328128,8443.074489630133,1870.7753934190357
2022-07-25,2022,7,LATO,22.969389442200153,49.82878772328128,12312.212884683175,1857.5542863047785
2022-07-25,2022,7,LATO,23.032271512088514,49.82878772328128,16518.931220972747,1856.6168271752526
2022-07-25,2022,7,LATO,22.717861162646685,49.89166979316964,14093.728948783195,1858.7518414373
2022-07-25,2022,7,LATO,22.780743232535045,49.89166979316964,12492.214459069874,1856.3233329228547
2022-07-25,2022,7,LATO,22.84362530242342,49.89166979316964,12425.931299741358,1867.3420484216044
2022-07-25,2022,7,LATO,22.90650737231178,49.89166979316964,13916.83236940334,1866.5558568345436
2022-07-25,2022,7,LATO,22.969389442200153,49.89166979316964,16549.288935805096,1873.3181152344032
2022-07-25,2022,7,LATO,23.032271512088514,49.89166979316964,19874.758845354678,1872.6408925974501
2022-07-25,2022,7,LATO,22.717861162646685,49.954551863058015,20466.07869100656,1858.7518391864112
2022-07-25,2022,7,LATO,22.780743232535045,49.954551863058015,19399.431935623354,1858.7483803059527
2022-07-25,2022,7,LATO,22.84362530242342,49.954551863058015,19356.87092457476,1870.5750159967617
2022-07-25,2022,7,LATO,22.90650737231178,49.954551863058015,20344.823639693168,1870.9766776174388
2022-07-25,2022,7,LATO,22.969389442200153,49.954551863058015,22226.296487740947,1873.3180791114778
2022-07-25,2022,7,LATO,23.032271512088514,49.954551863058015,24798.74504417711,1873.3181072768887
2022-07-26,2022,7,LATO,22.90650737231178,49.57725944372781,23665.548368800108,1870.525632140528
2023-02-08,2023,2,ZIMA,22.857632404421224,49.566754117229465,24087.918656515034,1912.965340195245
2023-02-08,2023,2,ZIMA,22.857632404421224,49.629636187117825,17175.280556231522,1912.2408054370983
2023-02-08,2023,2,ZIMA,22.92051447430959,49.629636187117825,18537.599130204857,1910.0621061746656
2023-02-08,2023,2,ZIMA,22.98339654419796,49.629636187117825,20819.277434833377,1906.7849121093786
2023-02-08,2023,2,ZIMA,23.046278614086322,49.629636187117825,23756.883535444897,1899.9407255473748
2023-02-08,2023,2,ZIMA,22.60610412486776,49.692518257006185,18004.58127120856,1904.3947753906946
2023-02-08,2023,2,ZIMA,22.668986194756126,49.692518257006185,14435.272366544037,1904.3862301298177
2023-02-08,2023,2,ZIMA,22.73186826464449,49.692518257006185,11562.168138112624,1905.5235888183345
2023-02-08,2023,2,ZIMA,22.794750334532857,49.692518257006185,10004.241321725396,1907.3047912855595
2023-02-08,2023,2,ZIMA,22.857632404421224,49.692518257006185,10372.088566275866,1906.9090576171577
2023-02-08,2023,2,ZIMA,22.92051447430959,49.692518257006185,12496.796907081667,1904.9246935618535
2023-02-08,2023,2,ZIMA,22.98339654419796,49.692518257006185,15679.736994618235,1904.4338788607347
2023-02-08,2023,2,ZIMA,23.046278614086322,49.692518257006185,19407.030795445455,1903.22089984856
2023-02-08,2023,2,ZIMA,23.10916068397469,49.692518257006185,23420.202641510772,1903.5620646574312
2023-02-08,2023,2,ZIMA,22.480339985091025,49.755400326894545,24263.288966442815,1909.7933316355438
2023-02-08,2023,2,ZIMA,22.543222054979392,49.755400326894545,19773.371791734648,1915.3634679978964
2023-02-08,2023,2,ZIMA,22.60610412486776,49.755400326894545,15307.071991672923,1916.2528283830625
2023-02-08,2023,2,ZIMA,22.668986194756126,49.755400326894545,10893.482693503986,1910.0074889350008
2023-02-08,2023,2,ZIMA,22.73186826464449,49.755400326894545,6638.588268421608,1903.127187170943
2023-02-08,2023,2,ZIMA,22.794750334532857,49.755400326894545,3242.7147797909784,1908.0963335143374
2023-02-08,2023,2,ZIMA,22.857632404421224,49.755400326894545,4242.750117470005,1910.58841403496
2023-02-08,2023,2,ZIMA,22.92051447430959,49.755400326894545,8156.47590057038,1905.3999715912275
2023-02-08,2023,2,ZIMA,22.98339654419796,49.755400326894545,12493.86630456317,1903.6490809711331
2023-02-08,2023,2,ZIMA,23.046278614086322,49.755400326894545,16932.41386754635,1897.6166272319435
2023-02-08,2023,2,ZIMA,23.10916068397469,49.755400326894545,21409.293252281375,1901.9194348269714
2023-02-08,2023,2,ZIMA,22.480339985091025,49.818282396782934,24417.687156783137,1915.5249665419003
2023-02-08,2023,2,ZIMA,22.543222054979392,49.818282396782934,19968.932465393333,1906.4005569140477
2023-02-08,2023,2,ZIMA,22.60610412486776,49.818282396782934,15565.383751527352,1912.8268531323492
2023-02-08,2023,2,ZIMA,22.668986194756126,49.818282396782934,11260.207883350295,1908.5525792083017
2023-02-08,2023,2,ZIMA,22.73186826464449,49.818282396782934,7231.299147808723,1910.6853577901913
2023-02-08,2023,2,ZIMA,22.794750334532857,49.818282396782934,4333.529104672702,1913.2387184432212
2023-02-08,2023,2,ZIMA,22.857632404421224,49.818282396782934,5124.013005619986,1908.9731044109951
2023-02-08,2023,2,ZIMA,22.92051447430959,49.818282396782934,8644.065763073844,1905.9975644884535
2023-02-08,2023,2,ZIMA,22.98339654419796,49.818282396782934,12812.985222879366,1900.263402858253
2023-02-08,2023,2,ZIMA,23.046278614086322,49.818282396782934,17164.31095927946,1900.3306066988746
2023-02-08,2023,2,ZIMA,23.10916068397469,49.818282396782934,21588.022501435902,1901.0028772459002
2023-02-08,2023,2,ZIMA,22.543222054979392,49.881164466671294,22458.10700503757,1924.8486327556423
2023-02-08,2023,2,ZIMA,22.60610412486776,49.881164466671294,18657.2342735173,1913.1412797081778
2023-02-08,2023,2,ZIMA,22.668986194756126,49.881164466671294,15256.25598101692,1912.2604735166287
2023-02-08,2023,2,ZIMA,22.73186826464449,49.881164466671294,12583.700795204135,1908.3851378088275
2023-02-08,2023,2,ZIMA,22.794750334532857,49.881164466671294,11175.011060680648,1907.706633423754
2023-02-08,2023,2,ZIMA,22.857632404421224,49.881164466671294,11504.225194953451,1909.7512600246168
2023-02-08,2023,2,ZIMA,22.92051447430959,49.881164466671294,13444.276202874242,1903.3169807283925
2023-02-08,2023,2,ZIMA,22.98339654419796,49.881164466671294,16434.26726118871,1902.8131231268662
2023-02-08,2023,2,ZIMA,23.046278614086322,49.881164466671294,20008.920984734334,1904.6583780774142
2023-02-08,2023,2,ZIMA,23.10916068397469,49.881164466671294,23907.400258968875,1904.8242734848084
2023-02-08,2023,2,ZIMA,22.60610412486776,49.944046536559654,23489.227935689778,1910.2781536716388
2023-02-08,2023,2,ZIMA,22.668986194756126,49.944046536559654,20893.893703687518,1911.8843380188473
2023-02-08,2023,2,ZIMA,22.73186826464449,49.944046536559654,19032.807114747964,1912.0277099608709
2023-02-08,2023,2,ZIMA,22.794750334532857,49.944046536559654,18133.466014703823,1911.8527466346957
2023-02-08,2023,2,ZIMA,22.857632404421224,49.944046536559654,18337.917441995833,1910.7515219553434
2023-02-08,2023,2,ZIMA,22.92051447430959,49.944046536559654,19611.67139609482,1904.31891935155
2023-02-08,2023,2,ZIMA,22.98339654419796,49.944046536559654,21767.82095314391,1904.6666440050008
2023-02-08,2023,2,ZIMA,23.046278614086322,49.944046536559654,24575.198885019752,1906.2163417725494
2023-02-15,2023,2,ZIMA,22.72836648914504,49.566754117229465,24687.76147519708,1871.1727139883642
2023-02-15,2023,2,ZIMA,22.791248559033406,49.566754117229465,23947.979043783063,1875.5491659641734
2023-02-15,2023,2,ZIMA,22.854130628921773,49.566754117229465,24056.725713120413,1878.0894647888329
2023-02-15,2023,2,ZIMA,22.602602349368304,49.629636187117825,22792.977256695714,1878.1573621077393
2023-02-15,2023,2,ZIMA,22.66548441925667,49.629636187117825,20032.25816904509,1878.5971641760927
2023-02-15,2023,2,ZIMA,22.72836648914504,49.629636187117825,18005.843188393046,1879.4618986060304
2023-02-15,2023,2,ZIMA,22.791248559033406,49.629636187117825,16978.715557289725,1881.3615406625586
2023-02-15,2023,2,ZIMA,22.854130628921773,49.629636187117825,17131.56210672741,1883.0065204358245
2023-02-15,2023,2,ZIMA,22.91701269881014,49.629636187117825,18435.057018274965,1883.4174630516864
2023-02-15,2023,2,ZIMA,22.979894768698507,49.629636187117825,20672.67857890848,1884.2508635170575
2023-02-15,2023,2,ZIMA,23.042776838586875,49.629636187117825,23579.97928474416,1884.6992187499711
2023-02-15,2023,2,ZIMA,22.539720279479937,49.692518257006185,22158.330550777733,1879.7612304688187
2023-02-15,2023,2,ZIMA,22.602602349368304,49.692518257006185,18215.951582114703,1879.7739292600604
2023-02-15,2023,2,ZIMA,22.66548441925667,49.692518257006185,14620.005683513065,1879.8199431304054
2023-02-15,2023,2,ZIMA,22.72836648914504,49.692518257006185,11694.560227462764,1879.9154836534003
2023-02-15,2023,2,ZIMA,22.791248559033406,49.692518257006185,10043.67405264085,1879.9340537740663
2023-02-15,2023,2,ZIMA,22.476838209591577,49.755400326894545,24513.756494661226,1880.440920359419
2023-02-15,2023,2,ZIMA,22.539720279479937,49.755400326894545,20022.931887797098,1880.536467311607
2023-02-15,2023,2,ZIMA,22.602602349368304,49.755400326894545,15554.823004131229,1880.6177774311516
2023-02-15,2023,2,ZIMA,22.66548441925667,49.755400326894545,11136.809320053131,1880.6190185546182
2023-02-15,2023,2,ZIMA,22.72836648914504,49.755400326894545,6866.287022907041,1880.619022014526
2023-02-15,2023,2,ZIMA,22.791248559033406,49.755400326894545,3362.249941296639,1880.6190136058326
2023-02-15,2023,2,ZIMA,22.476838209591577,49.818282396782934,24666.266596140897,1879.956224585364
2023-02-15,2023,2,ZIMA,22.539720279479937,49.818282396782934,20215.760816857834,1879.9562380845484
2023-02-15,2023,2,ZIMA,22.602602349368304,49.818282396782934,15808.774328444597,1879.9562515350165
2023-02-15,2023,2,ZIMA,22.66548441925667,49.818282396782934,11495.473161355667,1879.9562583452634
2023-02-15,2023,2,ZIMA,22.72836648914504,49.818282396782934,7440.6149762951945,1879.9562608170281
2023-02-15,2023,2,ZIMA,22.539720279479937,49.881164466671294,22677.575525458135,1887.7242658522998
2023-02-15,2023,2,ZIMA,22.602602349368304,49.881164466671294,18860.505318536558,1887.1973766643268
2023-02-15,2023,2,ZIMA,22.66548441925667,49.881164466671294,15430.489903487243,1886.9401333457356
2023-02-15,2023,2,ZIMA,22.72836648914504,49.881164466671294,12704.983171083419,1886.941282970642
2023-02-15,2023,2,ZIMA,22.602602349368304,49.944046536559654,23650.796654295005,1883.4134201832687
2023-02-15,2023,2,ZIMA,22.66548441925667,49.944046536559654,21021.287100953763,1883.3614742923392
2023-02-15,2023,2,ZIMA,22.72836648914504,49.944046536559654,19113.10624508674,1883.2557349205447
2023-03-01,2023,3,ZIMA,22.73186826464449,49.566754117229465,24625.162439086525,1863.7283747499237
2023-03-01,2023,3,ZIMA,22.794750334532857,49.566754117229465,23931.425303122436,1869.9200080630324
2023-03-01,2023,3,ZIMA,22.857632404421224,49.566754117229465,24087.918656515034,1862.9790315586142
2023-03-01,2023,3,ZIMA,22.60610412486776,49.629636187117825,22624.190624154453,1875.4356893527295
2023-03-01,2023,3,ZIMA,22.73186826464449,49.629636187117825,17920.028331001893,1874.258004982057
2023-03-01,2023,3,ZIMA,22.794750334532857,49.629636187117825,16955.389057071137,1873.7189583158388
2023-03-01,2023,3,ZIMA,22.857632404421224,49.629636187117825,17175.280556231522,1863.0675866128563
2023-03-01,2023,3,ZIMA,22.92051447430959,49.629636187117825,18537.599130204857,1866.2451916671266
2023-03-01,2023,3,ZIMA,22.98339654419796,49.629636187117825,20819.277434833377,1868.413630534725
2023-03-01,2023,3,ZIMA,23.046278614086322,49.629636187117825,23756.883535444897,1872.6300963647452
2023-03-01,2023,3,ZIMA,22.543222054979392,49.692518257006185,21932.788399926114,1877.2514648438184
2023-03-01,2023,3,ZIMA,22.60610412486776,49.692518257006185,18004.58127120856,1870.4090820878223
2023-03-01,2023,3,ZIMA,22.668986194756126,49.692518257006185,14435.272366544037,1871.0785407663445
2023-03-01,2023,3,ZIMA,22.73186826464449,49.692518257006185,11562.168138112624,1877.931025985942
2023-03-01,2023,3,ZIMA,22.794750334532857,49.692518257006185,10004.241321725396,1876.4824183308397
2023-03-01,2023,3,ZIMA,22.857632404421224,49.692518257006185,10372.088566275866,1870.1693855100239
2023-03-01,2023,3,ZIMA,22.92051447430959,49.692518257006185,12496.796907081667,1866.4076452783975
2023-03-01,2023,3,ZIMA,22.98339654419796,49.692518257006185,15679.736994618235,1865.7568181457889
2023-03-01,2023,3,ZIMA,23.046278614086322,49.692518257006185,19407.030795445455,1869.1423159400395
2023-03-01,2023,3,ZIMA,23.10916068397469,49.692518257006185,23420.202641510772,1872.6651164404764
2023-03-01,2023,3,ZIMA,22.480339985091025,49.755400326894545,24263.288966442815,1882.4054098624943
2023-03-01,2023,3,ZIMA,22.543222054979392,49.755400326894545,19773.371791734648,1881.7112604645172
2023-03-01,2023,3,ZIMA,22.60610412486776,49.755400326894545,15307.071991672923,1877.7385327609425
2023-03-01,2023,3,ZIMA,22.668986194756126,49.755400326894545,10893.482693503986,1875.1256429998584
2023-03-01,2023,3,ZIMA,22.73186826464449,49.755400326894545,6638.588268421608,1877.9907226562093
2023-03-01,2023,3,ZIMA,22.794750334532857,49.755400326894545,3242.7147797909784,1869.1805523749308
2023-03-01,2023,3,ZIMA,22.857632404421224,49.755400326894545,4242.750117470005,1866.8506045566337
2023-03-01,2023,3,ZIMA,22.92051447430959,49.755400326894545,8156.47590057038,1868.2401086302727
2023-03-01,2023,3,ZIMA,22.98339654419796,49.755400326894545,12493.86630456317,1871.3401916369162
2023-03-01,2023,3,ZIMA,23.046278614086322,49.755400326894545,16932.41386754635,1873.979320235272
2023-03-01,2023,3,ZIMA,23.10916068397469,49.755400326894545,21409.293252281375,1873.9756164427536
2023-03-01,2023,3,ZIMA,22.480339985091025,49.818282396782934,24417.687156783137,1891.4362218471158
2023-03-01,2023,3,ZIMA,22.543222054979392,49.818282396782934,19968.932465393333,1879.7879813866664
2023-03-01,2023,3,ZIMA,22.60610412486776,49.818282396782934,15565.383751527352,1878.1377384100606
2023-03-01,2023,3,ZIMA,22.668986194756126,49.818282396782934,11260.207883350295,1879.472190543787
2023-03-01,2023,3,ZIMA,22.73186826464449,49.818282396782934,7231.299147808723,1875.6308742786255
2023-03-01,2023,3,ZIMA,22.794750334532857,49.818282396782934,4333.529104672702,1868.5731119184386
2023-03-01,2023,3,ZIMA,22.857632404421224,49.818282396782934,5124.013005619986,1870.8364382452341
2023-03-01,2023,3,ZIMA,22.92051447430959,49.818282396782934,8644.065763073844,1870.4254845087146
2023-03-01,2023,3,ZIMA,22.543222054979392,49.881164466671294,22458.10700503757,1875.928542614511
2023-03-01,2023,3,ZIMA,22.60610412486776,49.881164466671294,18657.2342735173,1884.4927736885088
2023-03-01,2023,3,ZIMA,22.668986194756126,49.881164466671294,15256.25598101692,1884.8653834092406
2023-03-01,2023,3,ZIMA,22.73186826464449,49.881164466671294,12583.700795204135,1869.174292382476
2023-03-01,2023,3,ZIMA,22.794750334532857,49.881164466671294,11175.011060680648,1869.2855953948465
2023-03-01,2023,3,ZIMA,22.857632404421224,49.881164466671294,11504.225194953451,1871.1607374126986
2023-03-01,2023,3,ZIMA,23.10916068397469,49.881164466671294,23907.400258968875,1864.7766080309632
2023-03-01,2023,3,ZIMA,22.60610412486776,49.944046536559654,23489.227935689778,1884.0487364821624
2023-03-01,2023,3,ZIMA,22.668986194756126,49.944046536559654,20893.893703687518,1884.185552412198
2023-03-01,2023,3,ZIMA,22.73186826464449,49.944046536559654,19032.807114747964,1870.8834783845425
2023-03-01,2023,3,ZIMA,22.794750334532857,49.944046536559654,18133.466014703823,1869.0912248142452
2023-03-01,2023,3,ZIMA,22.857632404421224,49.944046536559654,18337.917441995833,1869.4938103672819
2023-03-01,2023,3,ZIMA,22.92051447430959,49.944046536559654,19611.67139609482,1863.2229769831538
2023-03-02,2023,3,ZIMA,22.73186826464449,49.566754117229465,24625.162439086525,1871.2705657359227
2023-03-02,2023,3,ZIMA,22.794750334532857,49.566754117229465,23931.425303122436,1874.1303249251412
2023-03-02,2023,3,ZIMA,22.857632404421224,49.566754117229465,24087.918656515034,1856.3557328246757
2023-03-02,2023,3,ZIMA,22.60610412486776,49.629636187117825,22624.190624154453,1853.6446558775303
2023-03-02,2023,3,ZIMA,22.668986194756126,49.629636187117825,19897.662582212422,1852.1184417042134
2023-03-02,2023,3,ZIMA,22.73186826464449,49.629636187117825,17920.028331001893,1865.451049804687
2023-03-02,2023,3,ZIMA,22.794750334532857,49.629636187117825,16955.389057071137,1866.432900006041
2023-03-02,2023,3,ZIMA,22.857632404421224,49.629636187117825,17175.280556231522,1851.6542648619077
2023-03-02,2023,3,ZIMA,22.92051447430959,49.629636187117825,18537.599130204857,1851.2794238268439
2023-03-02,2023,3,ZIMA,22.98339654419796,49.629636187117825,20819.277434833377,1854.350798108351
2023-03-02,2023,3,ZIMA,23.046278614086322,49.629636187117825,23756.883535444897,1854.574675865382
2023-03-02,2023,3,ZIMA,22.543222054979392,49.692518257006185,21932.788399926114,1855.184070013866
2023-03-02,2023,3,ZIMA,22.60610412486776,49.692518257006185,18004.58127120856,1858.6066281593467
2023-03-02,2023,3,ZIMA,22.668986194756126,49.692518257006185,14435.272366544037,1864.8744492003955
2023-03-02,2023,3,ZIMA,22.73186826464449,49.692518257006185,11562.168138112624,1870.1431583873864
2023-03-02,2023,3,ZIMA,22.794750334532857,49.692518257006185,10004.241321725396,1864.6123113925266
2023-03-02,2023,3,ZIMA,22.857632404421224,49.692518257006185,10372.088566275866,1854.606891220016
2023-03-02,2023,3,ZIMA,22.92051447430959,49.692518257006185,12496.796907081667,1857.1704909243877
2023-03-02,2023,3,ZIMA,22.98339654419796,49.692518257006185,15679.736994618235,1857.7047311994966
2023-03-02,2023,3,ZIMA,23.046278614086322,49.692518257006185,19407.030795445455,1849.6925055276595
2023-03-02,2023,3,ZIMA,23.10916068397469,49.692518257006185,23420.202641510772,1847.1265626268803
2023-03-02,2023,3,ZIMA,22.480339985091025,49.755400326894545,24263.288966442815,1857.8270018603698
2023-03-02,2023,3,ZIMA,22.543222054979392,49.755400326894545,19773.371791734648,1853.3218693180054
2023-03-02,2023,3,ZIMA,22.60610412486776,49.755400326894545,15307.071991672923,1858.4624057311719
2023-03-02,2023,3,ZIMA,22.668986194756126,49.755400326894545,10893.482693503986,1869.6486127633934
2023-03-02,2023,3,ZIMA,22.73186826464449,49.755400326894545,6638.588268421608,1866.4379511147013
2023-03-02,2023,3,ZIMA,22.794750334532857,49.755400326894545,3242.7147797909784,1857.4977605720007
2023-03-02,2023,3,ZIMA,22.857632404421224,49.755400326894545,4242.750117470005,1855.7846360271653
2023-03-02,2023,3,ZIMA,22.92051447430959,49.755400326894545,8156.47590057038,1856.0734222995857
2023-03-02,2023,3,ZIMA,22.98339654419796,49.755400326894545,12493.86630456317,1856.0984946739559
2023-03-02,2023,3,ZIMA,23.046278614086322,49.755400326894545,16932.41386754635,1847.8679352708475
2023-03-02,2023,3,ZIMA,23.10916068397469,49.755400326894545,21409.293252281375,1848.9871596470894
2023-03-02,2023,3,ZIMA,22.480339985091025,49.818282396782934,24417.687156783137,1861.086288273061
2023-03-02,2023,3,ZIMA,22.543222054979392,49.818282396782934,19968.932465393333,1860.5473352766737
2023-03-02,2023,3,ZIMA,22.60610412486776,49.818282396782934,15565.383751527352,1882.9658804351825
2023-03-02,2023,3,ZIMA,22.668986194756126,49.818282396782934,11260.207883350295,1883.555326187066
2023-03-02,2023,3,ZIMA,22.73186826464449,49.818282396782934,7231.299147808723,1861.013984461293
2023-03-02,2023,3,ZIMA,22.794750334532857,49.818282396782934,4333.529104672702,1860.3719362884071
2023-03-02,2023,3,ZIMA,22.857632404421224,49.818282396782934,5124.013005619986,1859.7022826533412
2023-03-02,2023,3,ZIMA,22.92051447430959,49.818282396782934,8644.065763073844,1858.2353615848083
2023-03-02,2023,3,ZIMA,22.98339654419796,49.818282396782934,12812.985222879366,1852.066168717564
2023-03-02,2023,3,ZIMA,23.046278614086322,49.818282396782934,17164.31095927946,1847.54201530725
2023-03-02,2023,3,ZIMA,23.10916068397469,49.818282396782934,21588.022501435902,1854.7962058805504
2023-03-02,2023,3,ZIMA,22.543222054979392,49.881164466671294,22458.10700503757,1870.9759205003422
2023-03-02,2023,3,ZIMA,22.60610412486776,49.881164466671294,18657.2342735173,1875.5522479606423
2023-03-02,2023,3,ZIMA,22.668986194756126,49.881164466671294,15256.25598101692,1873.753401588284
2023-03-02,2023,3,ZIMA,22.73186826464449,49.881164466671294,12583.700795204135,1867.7464966157438
2023-03-02,2023,3,ZIMA,22.794750334532857,49.881164466671294,11175.011060680648,1867.3725618108276
2023-03-02,2023,3,ZIMA,23.046278614086322,49.881164466671294,20008.920984734334,1865.9947954461413
2023-03-02,2023,3,ZIMA,23.10916068397469,49.881164466671294,23907.400258968875,1865.2483677857886
2023-03-02,2023,3,ZIMA,22.60610412486776,49.944046536559654,23489.227935689778,1873.5485730113394
2023-03-02,2023,3,ZIMA,22.668986194756126,49.944046536559654,20893.893703687518,1862.8031870827938
2023-03-02,2023,3,ZIMA,22.73186826464449,49.944046536559654,19032.807114747964,1861.0007032109684
2023-03-02,2023,3,ZIMA,22.794750334532857,49.944046536559654,18133.466014703823,1861.261766176779
2023-03-02,2023,3,ZIMA,22.857632404421224,49.944046536559654,18337.917441995833,1856.9225752293328
2023-03-02,2023,3,ZIMA,23.046278614086322,49.944046536559654,24575.198885019752,1867.3372845895126
2023-03-04,2023,3,ZIMA,22.73186826464449,49.566754117229465,24625.162439086525,1868.8337679603005
2023-03-04,2023,3,ZIMA,22.794750334532857,49.566754117229465,23931.425303122436,1862.4224193503392
2023-03-04,2023,3,ZIMA,22.857632404421224,49.566754117229465,24087.918656515034,1871.772721403783
2023-03-04,2023,3,ZIMA,22.60610412486776,49.629636187117825,22624.190624154453,1876.3044796901636
2023-03-04,2023,3,ZIMA,22.668986194756126,49.629636187117825,19897.662582212422,1874.7195179681783
2023-03-04,2023,3,ZIMA,22.73186826464449,49.629636187117825,17920.028331001893,1862.1415645767138
2023-03-04,2023,3,ZIMA,22.794750334532857,49.629636187117825,16955.389057071137,1862.1416147843804
2023-03-04,2023,3,ZIMA,22.857632404421224,49.629636187117825,17175.280556231522,1862.2910811446209
2023-03-04,2023,3,ZIMA,22.92051447430959,49.629636187117825,18537.599130204857,1871.3969380897192
2023-03-04,2023,3,ZIMA,22.98339654419796,49.629636187117825,20819.277434833377,1873.3264144483414
2023-03-04,2023,3,ZIMA,23.046278614086322,49.629636187117825,23756.883535444897,1870.726023296759
2023-03-04,2023,3,ZIMA,22.668986194756126,49.692518257006185,14435.272366544037,1876.695387768742
2023-03-04,2023,3,ZIMA,22.92051447430959,49.692518257006185,12496.796907081667,1862.141609688064
2023-03-04,2023,3,ZIMA,22.98339654419796,49.692518257006185,15679.736994618235,1862.1416056723904
2023-03-04,2023,3,ZIMA,22.854130628921773,49.57375766822835,23283.399618043084,1885.235350784035
2023-03-04,2023,3,ZIMA,22.91701269881014,49.57375766822835,24259.650325481372,1885.2353515625325
2023-03-04,2023,3,ZIMA,22.854130628921773,49.63663973811673,16363.879178447985,1885.3069657405247
2023-03-04,2023,3,ZIMA,22.91701269881014,49.63663973811673,17723.73555961373,1885.3071457225908
2023-03-04,2023,3,ZIMA,22.979894768698507,49.63663973811673,20040.623156352834,1885.3074773943933
2023-03-04,2023,3,ZIMA,23.042776838586875,49.63663973811673,23027.46026329523,1890.5468335537423
2023-03-04,2023,3,ZIMA,22.854130628921773,49.69952180800509,9553.233236262362,1885.479482743945
2023-03-04,2023,3,ZIMA,22.91701269881014,49.69952180800509,11728.549324214437,1885.4794997356753
2023-03-04,2023,3,ZIMA,22.979894768698507,49.69952180800509,14998.069231358255,1885.479483540139
2023-03-04,2023,3,ZIMA,23.042776838586875,49.69952180800509,18799.30470471293,1885.319103430092
2023-03-04,2023,3,ZIMA,23.10565890847524,49.69952180800509,22868.626582513712,1885.31910486958
2023-03-17,2023,3,ZIMA,22.543222054979392,49.69602003250564,21759.12626022996,1885.3369302419335
2023-03-17,2023,3,ZIMA,22.480339985091025,49.758902102394,24218.86394768968,1885.3018768577056
2023-03-17,2023,3,ZIMA,22.543222054979392,49.758902102394,19719.19497998909,1887.5253685333505
2023-03-17,2023,3,ZIMA,22.480339985091025,49.82178417228238,24485.05312281081,1889.1740828428326
2023-03-17,2023,3,ZIMA,22.543222054979392,49.82178417228238,20051.60575327448,1895.8192075168558
2023-03-17,2023,3,ZIMA,22.60610412486776,49.82178417228238,15671.665293476939,1901.9850362492293
2023-03-18,2023,3,ZIMA,22.794750334532857,49.57025589272891,23542.667354087043,1856.8238310854852
2023-03-18,2023,3,ZIMA,22.857632404421224,49.57025589272891,23701.716314927882,1856.823856862295
2023-03-18,2023,3,ZIMA,22.60610412486776,49.63313796261727,22334.496360655765,1866.1235849685204
2023-03-18,2023,3,ZIMA,22.668986194756126,49.63313796261727,19567.85649260438,1865.383096154247
2023-03-18,2023,3,ZIMA,22.794750334532857,49.63313796261727,16567.348017909964,1856.823860445483
2023-03-18,2023,3,ZIMA,22.857632404421224,49.63313796261727,16792.305563771337,1856.8238492175533
2023-03-18,2023,3,ZIMA,23.046278614086322,49.63313796261727,23481.087659430355,1850.16114383847
2023-03-18,2023,3,ZIMA,22.543222054979392,49.69602003250564,21759.12626022996,1869.4349722542297
2023-03-18,2023,3,ZIMA,22.60610412486776,49.69602003250564,17792.936331099667,1855.4036801757825
2023-03-18,2023,3,ZIMA,22.668986194756126,49.69602003250564,14170.71047156264,1856.6744527911537
2023-03-18,2023,3,ZIMA,22.73186826464449,49.69602003250564,11230.362200721725,1864.2061191989471
2023-03-18,2023,3,ZIMA,22.794750334532857,49.69602003250564,9618.968663516293,1865.9920654297234
2023-03-18,2023,3,ZIMA,22.857632404421224,49.69602003250564,10000.969786525471,1865.992053979733
2023-03-18,2023,3,ZIMA,23.046278614086322,49.69602003250564,19210.744729072256,1844.4157873338784
2023-03-18,2023,3,ZIMA,23.10916068397469,49.69602003250564,23257.54531041787,1844.2687230903234
2023-03-18,2023,3,ZIMA,22.480339985091025,49.758902102394,24218.86394768968,1871.4750998991774
2023-03-18,2023,3,ZIMA,22.543222054979392,49.758902102394,19719.19497998909,1870.7923583984982
2023-03-18,2023,3,ZIMA,22.60610412486776,49.758902102394,15237.393310441405,1864.3147179797013
2023-03-18,2023,3,ZIMA,22.668986194756126,49.758902102394,10795.739629674106,1859.5267360446662
2023-03-18,2023,3,ZIMA,22.73186826464449,49.758902102394,6477.364608232152,1860.0245770321496
2023-03-18,2023,3,ZIMA,22.794750334532857,49.758902102394,2898.793415115452,1861.2747739752322
2023-03-18,2023,3,ZIMA,22.857632404421224,49.758902102394,3986.0002559868417,1865.9920596677723
2023-03-18,2023,3,ZIMA,22.92051447430959,49.758902102394,8025.701311788736,1842.5714109176558
2023-03-18,2023,3,ZIMA,22.98339654419796,49.758902102394,12408.62720625713,1842.5714253872468
2023-03-18,2023,3,ZIMA,23.046278614086322,49.758902102394,16869.338095249284,1842.5713919145928
2023-03-18,2023,3,ZIMA,22.480339985091025,49.82178417228238,24485.05312281081,1876.8520113186155
2023-03-18,2023,3,ZIMA,22.543222054979392,49.82178417228238,20051.60575327448,1867.110868623587
2023-03-18,2023,3,ZIMA,22.60610412486776,49.82178417228238,15671.665293476939,1862.7031250000603
2023-03-18,2023,3,ZIMA,22.668986194756126,49.82178417228238,11407.039042674794,1867.7264120721238
2023-03-18,2023,3,ZIMA,22.73186826464449,49.82178417228238,7458.239001922648,1870.3595324007447
2023-03-18,2023,3,ZIMA,22.794750334532857,49.82178417228238,4702.716799262997,1868.746725112048
2023-03-18,2023,3,ZIMA,22.857632404421224,49.82178417228238,5439.764504760876,1865.81909859993
2023-03-18,2023,3,ZIMA,22.92051447430959,49.82178417228238,8834.698213771855,1865.8191028050526
2023-03-18,2023,3,ZIMA,23.046278614086322,49.82178417228238,17260.640651009067,1842.5713966344344
2023-03-18,2023,3,ZIMA,22.543222054979392,49.88466624217074,22652.23197915794,1877.4474109562982
2023-03-18,2023,3,ZIMA,22.60610412486776,49.88466624217074,18890.758126158304,1879.3397504207946
2023-03-18,2023,3,ZIMA,22.668986194756126,49.88466624217074,15541.237084106444,1884.126456852444
2023-03-18,2023,3,ZIMA,22.73186826464449,49.88466624217074,12927.939498429201,1877.0850370621924
2023-03-18,2023,3,ZIMA,22.794750334532857,49.88466624217074,11561.37487509842,1861.8882807854561
2023-03-18,2023,3,ZIMA,22.857632404421224,49.88466624217074,11879.864226783786,1861.6047915607583
2023-03-18,2023,3,ZIMA,22.60610412486776,49.94754831205911,23789.93073825914,1885.5190583873325
2023-03-18,2023,3,ZIMA,22.668986194756126,49.94754831205911,21231.583181349688,1885.7357678573223
2023-03-18,2023,3,ZIMA,22.73186826464449,49.94754831205911,19403.05298248852,1867.2833159103661
2023-03-18,2023,3,ZIMA,22.794750334532857,49.94754831205911,18521.763690421976,1862.7730279879856
2023-03-18,2023,3,ZIMA,22.857632404421224,49.94754831205911,18721.960805825238,1861.8853194521032
2023-03-18,2023,3,ZIMA,22.92051447430959,49.94754831205911,19971.14797894329,1861.7321693499027
2023-03-18,2023,3,ZIMA,22.98339654419796,49.94754831205911,22092.094857474316,1857.0697297496074
2023-03-19,2023,3,ZIMA,22.73186826464449,49.57025589272891,24247.479926624357,1859.8531493226121
2023-03-19,2023,3,ZIMA,22.794750334532857,49.57025589272891,23542.667354087043,1860.7802807067396
2023-03-19,2023,3,ZIMA,22.857632404421224,49.57025589272891,23701.716314927882,1869.8678284472155
2023-03-19,2023,3,ZIMA,22.92051447430959,49.57025589272891,24707.950355679503,1869.7086337090918
2023-03-19,2023,3,ZIMA,22.60610412486776,49.63313796261727,22334.496360655765,1837.405651158438
2023-03-19,2023,3,ZIMA,22.668986194756126,49.63313796261727,19567.85649260438,1837.4056361058572
2023-03-19,2023,3,ZIMA,22.73186826464449,49.63313796261727,17553.256263421696,1859.8531207866206
2023-03-19,2023,3,ZIMA,22.794750334532857,49.63313796261727,16567.348017909964,1862.1169913867589
2023-03-19,2023,3,ZIMA,22.857632404421224,49.63313796261727,16792.305563771337,1867.6617023019646
2023-03-19,2023,3,ZIMA,22.92051447430959,49.63313796261727,18183.243881269947,1869.3158127893607
2023-03-19,2023,3,ZIMA,22.98339654419796,49.63313796261727,20504.23508264184,1872.2448797799805
2023-03-19,2023,3,ZIMA,23.046278614086322,49.63313796261727,23481.087659430355,1874.746047378245
2023-03-19,2023,3,ZIMA,22.543222054979392,49.69602003250564,21759.12626022996,1836.4344391344773
2023-03-19,2023,3,ZIMA,22.60610412486776,49.69602003250564,17792.936331099667,1836.617888283831
2023-03-19,2023,3,ZIMA,22.668986194756126,49.69602003250564,14170.71047156264,1836.8116630379568
2023-03-19,2023,3,ZIMA,22.73186826464449,49.69602003250564,11230.362200721725,1843.262153930792
2023-03-19,2023,3,ZIMA,22.794750334532857,49.69602003250564,9618.968663516293,1844.7225321703363
2023-03-19,2023,3,ZIMA,22.857632404421224,49.69602003250564,10000.969786525471,1856.2310532460963
2023-03-19,2023,3,ZIMA,22.92051447430959,49.69602003250564,12190.390638070834,1874.7050370929658
2023-03-19,2023,3,ZIMA,22.98339654419796,49.69602003250564,15436.431266160615,1878.609919712574
2023-03-19,2023,3,ZIMA,23.046278614086322,49.69602003250564,19210.744729072256,1879.077392578161
2023-03-19,2023,3,ZIMA,23.10916068397469,49.69602003250564,23257.54531041787,1878.1939326334807
2023-03-19,2023,3,ZIMA,22.480339985091025,49.758902102394,24218.86394768968,1834.6682425580805
2023-03-19,2023,3,ZIMA,22.543222054979392,49.758902102394,19719.19497998909,1835.8463790988853
2023-03-19,2023,3,ZIMA,22.60610412486776,49.758902102394,15237.393310441405,1836.3249822315538
2023-03-19,2023,3,ZIMA,22.668986194756126,49.758902102394,10795.739629674106,1836.4962417652664
2023-03-19,2023,3,ZIMA,22.73186826464449,49.758902102394,6477.364608232152,1835.0651046790044
2023-03-19,2023,3,ZIMA,22.794750334532857,49.758902102394,2898.793415115452,1838.6563772547274
2023-03-19,2023,3,ZIMA,22.857632404421224,49.758902102394,3986.0002559868417,1844.1436767578082
2023-03-19,2023,3,ZIMA,22.92051447430959,49.758902102394,8025.701311788736,1878.176883146765
2023-03-19,2023,3,ZIMA,22.98339654419796,49.758902102394,12408.62720625713,1878.1768877912632
2023-03-19,2023,3,ZIMA,23.046278614086322,49.758902102394,16869.338095249284,1878.415491022253
2023-03-19,2023,3,ZIMA,23.10916068397469,49.758902102394,21359.15270679777,1878.8153899617012
2023-03-19,2023,3,ZIMA,22.480339985091025,49.82178417228238,24485.05312281081,1843.1502042786874
2023-03-19,2023,3,ZIMA,22.543222054979392,49.82178417228238,20051.60575327448,1837.6448691960231
2023-03-19,2023,3,ZIMA,22.60610412486776,49.82178417228238,15671.665293476939,1831.334711439908
2023-03-19,2023,3,ZIMA,22.668986194756126,49.82178417228238,11407.039042674794,1841.8931560186077
2023-03-19,2023,3,ZIMA,22.73186826464449,49.82178417228238,7458.239001922648,1838.1448935418582
2023-03-19,2023,3,ZIMA,22.794750334532857,49.82178417228238,4702.716799262997,1837.7428806478379
2023-03-19,2023,3,ZIMA,22.857632404421224,49.82178417228238,5439.764504760876,1834.8690698100195
2023-03-19,2023,3,ZIMA,22.543222054979392,49.88466624217074,22652.23197915794,1844.8427170472721
2023-03-19,2023,3,ZIMA,22.60610412486776,49.88466624217074,18890.758126158304,1845.6233611398648
2023-03-19,2023,3,ZIMA,22.668986194756126,49.88466624217074,15541.237084106444,1844.4385689506123
2023-03-19,2023,3,ZIMA,22.73186826464449,49.88466624217074,12927.939498429201,1844.139177099326
2023-03-19,2023,3,ZIMA,22.794750334532857,49.88466624217074,11561.37487509842,1845.3584884684212
2023-03-19,2023,3,ZIMA,22.60610412486776,49.94754831205911,23789.93073825914,1848.956420898505
2023-03-19,2023,3,ZIMA,22.668986194756126,49.94754831205911,21231.583181349688,1848.3424389283928
2023-03-19,2023,3,ZIMA,22.73186826464449,49.94754831205911,19403.05298248852,1845.385794052479
2023-03-19,2023,3,ZIMA,22.794750334532857,49.94754831205911,18521.763690421976,1855.4681483481575
2023-03-19,2023,3,ZIMA,22.857632404421224,49.94754831205911,18721.960805825238,1857.3530364858932
2023-03-19,2023,3,ZIMA,22.979894768698507,49.63663973811673,20040.623156352834,1877.9026745378742
2023-03-29,2023,3,ZIMA,22.480339985091025,49.765905653392906,24148.621374600574,1847.1841462741556
2023-03-29,2023,3,ZIMA,22.60610412486776,49.765905653392906,15127.185678551421,1847.4250537780893
2023-03-29,2023,3,ZIMA,22.668986194756126,49.765905653392906,10640.406085574949,1848.3093127200193
2023-03-29,2023,3,ZIMA,22.73186826464449,49.765905653392906,6215.886208794365,1848.3811000877483
2023-03-29,2023,3,ZIMA,22.794750334532857,49.765905653392906,2255.8386657603014,1848.3810951859052
2023-03-29,2023,3,ZIMA,22.480339985091025,49.82878772328128,24637.71098163613,1847.1841990513872
2023-03-29,2023,3,ZIMA,22.543222054979392,49.82878772328128,20238.437926157472,1847.184216057725
2023-03-29,2023,3,ZIMA,22.60610412486776,49.82878772328128,15910.724569619551,1846.2413521038998
2023-03-29,2023,3,ZIMA,22.668986194756126,49.82878772328128,11734.02227692739,1846.3291399318534
2023-03-29,2023,3,ZIMA,22.73186826464449,49.82878772328128,7950.021305988564,1847.700623850235
2023-03-29,2023,3,ZIMA,22.794750334532857,49.82878772328128,5449.57910022521,1848.381122805741
2023-03-29,2023,3,ZIMA,22.543222054979392,49.89166979316964,23055.323741507742,1851.309051522464
2023-03-29,2023,3,ZIMA,22.60610412486776,49.89166979316964,19372.8599092558,1849.2132914950967
2023-03-29,2023,3,ZIMA,22.668986194756126,49.89166979316964,16124.320549651156,1848.6401716511903
2023-03-29,2023,3,ZIMA,22.73186826464449,49.89166979316964,13623.731614643058,1848.371519193792
2023-03-29,2023,3,ZIMA,22.60610412486776,49.954551863058015,24398.873749480455,1850.3178828909975
2023-03-29,2023,3,ZIMA,22.668986194756126,49.954551863058015,21912.12152600626,1850.093055486004
2023-06-01,2023,6,LATO,22.714359387147226,49.57725944372781,23846.226255515205,1858.504345840251
2023-06-01,2023,6,LATO,22.7772414570356,49.57725944372781,22880.010970962256,1885.4443676759224
2023-06-01,2023,6,LATO,22.84012352692396,49.57725944372781,22793.391111527922,1883.5784581991377
2023-06-01,2023,6,LATO,22.903005596812335,49.57725944372781,23596.05529717468,1880.0125389324694
2023-06-01,2023,6,LATO,22.588595247370506,49.64014151361617,22655.85801047727,1833.8907885137314
2023-06-01,2023,6,LATO,22.651477317258866,49.64014151361617,19644.87615510022,1862.464121829369
2023-06-01,2023,6,LATO,22.714359387147226,49.64014151361617,17311.644736144277,1891.803300280877
2023-06-01,2023,6,LATO,22.7772414570356,49.64014151361617,15956.299449220478,1895.29934999024
2023-06-01,2023,6,LATO,22.84012352692396,49.64014151361617,15832.004225340383,1884.3533229938807
2023-06-01,2023,6,LATO,22.903005596812335,49.64014151361617,16965.836855889575,1884.421181045336
2023-06-01,2023,6,LATO,22.965887666700695,49.64014151361617,19135.44931006767,1877.5266868310523
2023-06-01,2023,6,LATO,23.02876973658907,49.64014151361617,22037.010834643912,1874.395049820296
2023-06-01,2023,6,LATO,22.52571317748213,49.703023583504546,22587.162426536906,1846.3467284628744
2023-06-01,2023,6,LATO,22.588595247370506,49.703023583504546,18490.311644243488,1840.7450757593747
2023-06-01,2023,6,LATO,22.651477317258866,49.703023583504546,14652.263880901603,1889.388697776385
2023-06-01,2023,6,LATO,22.714359387147226,49.703023583504546,11338.944403631276,1893.0200053103076
2023-06-01,2023,6,LATO,22.7772414570356,49.703023583504546,9140.029561753958,1889.2707305957936
2023-06-01,2023,6,LATO,22.84012352692396,49.703023583504546,8921.552370794487,1882.9507455423047
2023-06-01,2023,6,LATO,22.903005596812335,49.703023583504546,10804.327233564076,1883.3934922542178
2023-06-01,2023,6,LATO,22.965887666700695,49.703023583504546,13962.754705896936,1881.7799601701706
2023-06-01,2023,6,LATO,23.02876973658907,49.703023583504546,17727.63889167577,1881.0858639390697
2023-06-01,2023,6,LATO,23.09165180647743,49.703023583504546,21786.816205965722,1885.2717377538497
2023-06-01,2023,6,LATO,22.52571317748213,49.765905653392906,20890.123640765443,1851.8726449283224
2023-06-01,2023,6,LATO,22.588595247370506,49.765905653392906,16380.668261241508,1860.0867990579989
2023-06-01,2023,6,LATO,22.651477317258866,49.765905653392906,11886.450881199358,1887.2073692775066
2023-06-01,2023,6,LATO,22.714359387147226,49.765905653392906,7435.161123830869,1886.213541247189
2023-06-01,2023,6,LATO,22.7772414570356,49.765905653392906,3210.619340403136,1880.7008930637971
2023-06-01,2023,6,LATO,22.84012352692396,49.765905653392906,2523.3126508779337,1881.0290150803703
2023-06-01,2023,6,LATO,22.903005596812335,49.765905653392906,6592.32142197454,1877.68114275201
2023-06-01,2023,6,LATO,22.965887666700695,49.765905653392906,11026.461713720417,1883.5474485843204
2023-06-01,2023,6,LATO,23.02876973658907,49.765905653392906,15515.78269673641,1888.5403468643087
2023-06-01,2023,6,LATO,23.09165180647743,49.765905653392906,20023.20108708745,1885.792842805613
2023-06-01,2023,6,LATO,23.154533876365804,49.765905653392906,24538.74390792931,1885.679000287919
2023-06-01,2023,6,LATO,22.52571317748213,49.82878772328128,21458.053684533254,1862.152229518719
2023-06-01,2023,6,LATO,22.588595247370506,49.82878772328128,17105.396575522118,1889.1436000914189
2023-06-01,2023,6,LATO,22.651477317258866,49.82878772328128,12873.244408405542,1889.5032044908935
2023-06-01,2023,6,LATO,22.714359387147226,49.82878772328128,8934.520738934094,1889.3482998132893
2023-06-01,2023,6,LATO,22.7772414570356,49.82878772328128,5908.502699683845,1885.248627000046
2023-06-01,2023,6,LATO,22.84012352692396,49.82878772328128,5565.478544359213,1882.315794086449
2023-06-01,2023,6,LATO,22.903005596812335,49.82878772328128,8247.30583412717,1883.832106095673
2023-06-01,2023,6,LATO,22.965887666700695,49.82878772328128,12084.745281253774,1878.4657997850177
2023-06-01,2023,6,LATO,23.02876973658907,49.82878772328128,16280.157012807253,1877.9812424921947
2023-06-01,2023,6,LATO,23.09165180647743,49.82878772328128,20616.141316553247,1880.9947839772292
2023-06-01,2023,6,LATO,22.52571317748213,49.89166979316964,24131.63257145798,1900.4680513403455
2023-06-01,2023,6,LATO,22.588595247370506,49.89166979316964,20364.18316448082,1903.415405273462
2023-06-01,2023,6,LATO,22.651477317258866,49.89166979316964,16970.281436225658,1898.5948239380684
2023-06-01,2023,6,LATO,22.714359387147226,49.89166979316964,14219.960460467935,1891.9090163409696
2023-06-01,2023,6,LATO,22.7772414570356,49.89166979316964,12543.938902384274,1892.9348476759972
2023-06-01,2023,6,LATO,22.84012352692396,49.89166979316964,12386.26901971219,1885.279649677868
2023-06-01,2023,6,LATO,22.903005596812335,49.89166979316964,13799.09481397737,1882.5846396035492
2023-06-01,2023,6,LATO,22.965887666700695,49.89166979316964,16380.984509599155,1880.6590208801144
2023-06-01,2023,6,LATO,23.02876973658907,49.89166979316964,19677.007522249452,1880.3879156642204
2023-06-01,2023,6,LATO,23.09165180647743,49.89166979316964,23387.151398022725,1881.5650825844448
2023-06-01,2023,6,LATO,22.651477317258866,49.954551863058015,22541.104315333898,1890.6948418774264
2023-06-01,2023,6,LATO,22.714359387147226,49.954551863058015,20553.09728768775,1888.809689753569
2023-06-01,2023,6,LATO,22.7772414570356,49.954551863058015,19432.73675666003,1889.0216847112977
2023-06-01,2023,6,LATO,22.84012352692396,49.954551863058015,19331.467149038792,1890.6780416923839
2023-06-01,2023,6,LATO,22.903005596812335,49.954551863058015,20264.5722208888,1890.7491824357219
2023-06-01,2023,6,LATO,22.965887666700695,49.954551863058015,22101.4288128028,1879.9340613027903
2023-06-01,2023,6,LATO,23.02876973658907,49.954551863058015,24640.7490788335,1880.2692050523679
2023-06-03,2023,6,LATO,22.714359387147226,49.57375766822835,24217.66519655963,1895.3723238322848
2023-06-03,2023,6,LATO,22.7772414570356,49.57375766822835,23266.810492080956,1896.7152262736647
2023-06-03,2023,6,LATO,22.84012352692396,49.57375766822835,23181.62987085124,1909.3915194976553
2023-06-03,2023,6,LATO,22.903005596812335,49.57375766822835,23971.353255234702,1912.1227120896513
2023-06-03,2023,6,LATO,22.588595247370506,49.63663973811673,22928.32867859584,1877.5731601606292
2023-06-03,2023,6,LATO,22.651477317258866,49.63663973811673,19958.266113137925,1885.4410285305264
2023-06-03,2023,6,LATO,22.714359387147226,49.63663973811673,17666.298197156444,1900.1257765837745
2023-06-03,2023,6,LATO,22.7772414570356,49.63663973811673,16340.297051275738,1899.7009448889
2023-06-03,2023,6,LATO,22.84012352692396,49.63663973811673,16218.936152678809,1914.181096792725
2023-06-03,2023,6,LATO,22.903005596812335,49.63663973811673,17327.54509806988,1917.4335412145813
2023-06-03,2023,6,LATO,22.965887666700695,49.63663973811673,19457.009840422077,1918.0528650267634
2023-06-03,2023,6,LATO,23.02876973658907,49.63663973811673,22316.993932888305,1910.4634313540155
2023-06-03,2023,6,LATO,22.52571317748213,49.69952180800509,22741.24947121939,1885.335449218819
2023-06-03,2023,6,LATO,22.588595247370506,49.69952180800509,18677.902786448478,1885.3354492186843
2023-06-03,2023,6,LATO,22.651477317258866,49.69952180800509,14887.986065875959,1905.7755464711013
2023-06-03,2023,6,LATO,22.714359387147226,49.69952180800509,11641.68261194455,1908.9459228516323
2023-06-03,2023,6,LATO,22.7772414570356,49.69952180800509,9512.834732500989,1908.9459228515993
2023-06-03,2023,6,LATO,22.84012352692396,49.69952180800509,9303.101501093282,1906.1759009058248
2023-06-03,2023,6,LATO,22.903005596812335,49.69952180800509,11121.589456061673,1906.1483688791577
2023-06-03,2023,6,LATO,22.965887666700695,49.69952180800509,14209.8696362014,1906.03562188041
2023-06-03,2023,6,LATO,23.02876973658907,49.69952180800509,17923.15887584026,1894.902602965683
2023-06-03,2023,6,LATO,23.09165180647743,49.69952180800509,21946.46506816156,1891.894058536203
2023-06-03,2023,6,LATO,22.52571317748213,49.76240387789346,20926.866087883933,1893.2742422909132
2023-06-03,2023,6,LATO,22.588595247370506,49.76240387789346,16427.131332161836,1893.019107848624
2023-06-03,2023,6,LATO,22.651477317258866,49.76240387789346,11950.017335909584,1898.6014696734387
2023-06-03,2023,6,LATO,22.714359387147226,49.76240387789346,7535.95554065889,1898.4945546200838
2023-06-03,2023,6,LATO,22.7772414570356,49.76240387789346,3437.1277018518767,1898.280731658641
2023-06-03,2023,6,LATO,22.84012352692396,49.76240387789346,2805.814610497137,1900.544260470612
2023-06-03,2023,6,LATO,22.903005596812335,49.76240387789346,6705.733024471378,1900.7994181259048
2023-06-03,2023,6,LATO,22.965887666700695,49.76240387789346,11094.892441910108,1901.278129493093
2023-06-03,2023,6,LATO,23.02876973658907,49.76240387789346,15564.763941225472,1901.2855769641144
2023-06-03,2023,6,LATO,23.09165180647743,49.76240387789346,20061.467673691197,1901.6884398237642
2023-06-03,2023,6,LATO,23.154533876365804,49.76240387789346,24570.273738820597,1901.889919926646
2023-06-03,2023,6,LATO,22.52571317748213,49.82528594778182,21366.71002925093,1887.7862281777452
2023-06-03,2023,6,LATO,22.588595247370506,49.82528594778182,16990.312078691608,1888.1867506648769
2023-06-03,2023,6,LATO,22.651477317258866,49.82528594778182,12719.566542102213,1900.5830095748765
2023-06-03,2023,6,LATO,22.714359387147226,49.82528594778182,8711.28030562575,1900.5830129504504
2023-06-03,2023,6,LATO,22.7772414570356,49.82528594778182,5564.880387908447,1900.101150272265
2023-06-03,2023,6,LATO,22.84012352692396,49.82528594778182,5199.207232076515,1893.6152326699737
2023-06-03,2023,6,LATO,22.903005596812335,49.82528594778182,8004.869935788565,1893.6152278373356
2023-06-03,2023,6,LATO,22.965887666700695,49.82528594778182,11920.847219756432,1895.7167080148263
2023-06-03,2023,6,LATO,23.02876973658907,49.82528594778182,16159.134748314964,1896.2635298631835
2023-06-03,2023,6,LATO,23.09165180647743,49.82528594778182,20520.988166869633,1896.0365813094895
2023-06-03,2023,6,LATO,22.52571317748213,49.888168017670196,23936.906387902236,1905.056744363704
2023-06-03,2023,6,LATO,22.588595247370506,49.888168017670196,20132.74992486935,1905.05593716744
2023-06-03,2023,6,LATO,22.965887666700695,49.888168017670196,16092.038930260735,1883.688352317039
2023-06-03,2023,6,LATO,23.02876973658907,49.888168017670196,19437.342834046838,1883.6883544922157
2023-06-03,2023,6,LATO,23.09165180647743,49.888168017670196,23186.118417565107,1883.6883544922118
2023-06-03,2023,6,LATO,22.965887666700695,49.951050087558556,21763.307951500377,1883.688369789439
2023-06-03,2023,6,LATO,23.02876973658907,49.951050087558556,24338.10887346504,1883.688357719979
2023-06-04,2023,6,LATO,22.84012352692396,49.64014151361617,15832.004225340383,1904.6445289930882
2023-06-04,2023,6,LATO,22.903005596812335,49.64014151361617,16965.836855889575,1904.6445321368005
2023-06-04,2023,6,LATO,22.965887666700695,49.64014151361617,19135.44931006767,1894.1354041316692
2023-06-04,2023,6,LATO,23.02876973658907,49.64014151361617,22037.010834643912,1893.325579640277
2023-06-04,2023,6,LATO,22.84012352692396,49.703023583504546,8921.552370794487,1901.667015175519
2023-06-04,2023,6,LATO,22.903005596812335,49.703023583504546,10804.327233564076,1902.1799047158852
2023-06-04,2023,6,LATO,22.965887666700695,49.703023583504546,13962.754705896936,1903.2291254246798
2023-06-04,2023,6,LATO,23.02876973658907,49.703023583504546,17727.63889167577,1901.4754424767812
2023-06-04,2023,6,LATO,23.09165180647743,49.703023583504546,21786.816205965722,1888.6446502340698
2023-06-04,2023,6,LATO,22.7772414570356,49.765905653392906,3210.619340403136,1891.4300422181614
2023-06-04,2023,6,LATO,22.84012352692396,49.765905653392906,2523.3126508779337,1891.4300494308677
2023-06-04,2023,6,LATO,22.903005596812335,49.765905653392906,6592.32142197454,1891.4300433888209
2023-06-04,2023,6,LATO,22.965887666700695,49.765905653392906,11026.461713720417,1916.919356688442
2023-06-04,2023,6,LATO,23.02876973658907,49.765905653392906,15515.78269673641,1916.9192934622972
2023-06-04,2023,6,LATO,22.84012352692396,49.82878772328128,5565.478544359213,1891.4300916074244
2023-06-04,2023,6,LATO,22.903005596812335,49.82878772328128,8247.30583412717,1891.4300016694297
2023-06-04,2023,6,LATO,22.7772414570356,49.954551863058015,19432.73675666003,1891.2532936668024
2023-06-04,2023,6,LATO,22.84012352692396,49.954551863058015,19331.467149038792,1883.3430199234856
2023-06-04,2023,6,LATO,22.903005596812335,49.954551863058015,20264.5722208888,1881.8040941927661
2023-06-04,2023,6,LATO,22.965887666700695,49.954551863058015,22101.4288128028,1881.8040928836338
2023-06-05,2023,6,LATO,22.52571317748213,49.89166979316964,24131.63257145798,1887.4692319929372
2023-06-05,2023,6,LATO,22.588595247370506,49.89166979316964,20364.18316448082,1887.4692206132809
2023-06-05,2023,6,LATO,22.651477317258866,49.954551863058015,22541.104315333898,1891.5642000970483
2023-06-05,2023,6,LATO,22.714359387147226,49.954551863058015,20553.09728768775,1894.5807124232845
2023-06-05,2023,6,LATO,22.7772414570356,49.954551863058015,19432.73675666003,1900.4598488444396
2023-06-05,2023,6,LATO,22.903005596812335,49.954551863058015,20264.5722208888,1893.184424872872
2023-06-05,2023,6,LATO,22.965887666700695,49.954551863058015,22101.4288128028,1893.1844508305433
2023-06-05,2023,6,LATO,23.02876973658907,49.954551863058015,24640.7490788335,1893.1844427223218
2023-06-15,2023,6,LATO,22.52571317748213,49.76240387789346,20926.866087883933,1879.272328256042
2023-06-15,2023,6,LATO,22.588595247370506,49.76240387789346,16427.131332161836,1879.2723357064347
2023-06-15,2023,6,LATO,22.52571317748213,49.82528594778182,21366.71002925093,1879.2723459673637
2023-06-20,2023,6,LATO,22.969389442200153,49.69952180800509,14404.328641532245,1913.593728576707
2023-06-20,2023,6,LATO,23.032271512088514,49.69952180800509,18140.89441277294,1913.5937034283666
2023-06-20,2023,6,LATO,23.095153581976888,49.69952180800509,22176.291067084392,1885.947208540495
2023-06-20,2023,6,LATO,22.90650737231178,49.76240387789346,6945.4144482437805,1898.9577351804119
2023-06-20,2023,6,LATO,22.969389442200153,49.76240387789346,11342.563564434879,1898.9579775650716
2023-06-20,2023,6,LATO,23.032271512088514,49.76240387789346,15814.68197159037,1899.681471231514
2023-06-20,2023,6,LATO,23.095153581976888,49.76240387789346,20312.310267644792,1885.9471536658002
2023-06-20,2023,6,LATO,23.158035651865248,49.76240387789346,24821.582978122697,1885.9471394017262
2023-06-20,2023,6,LATO,22.90650737231178,49.82528594778182,8206.43848078303,1902.6366932046822
2023-06-20,2023,6,LATO,22.969389442200153,49.82528594778182,12151.39979284853,1901.9367919768054
2023-06-20,2023,6,LATO,23.032271512088514,49.82528594778182,16399.688337069696,1901.331325770348
2023-06-20,2023,6,LATO,22.84362530242342,49.888168017670196,12042.116856275741,1888.5670862365394
2023-06-20,2023,6,LATO,22.90650737231178,49.888168017670196,13575.340764207112,1888.5671256793337
2023-06-20,2023,6,LATO,22.969389442200153,49.888168017670196,16263.34618889954,1888.567137087196
2023-06-20,2023,6,LATO,23.032271512088514,49.888168017670196,19637.52216772455,1888.5671478621869
2023-06-20,2023,6,LATO,22.654979092758325,49.951050087558556,22077.708914027855,1890.7589133213062
2023-06-20,2023,6,LATO,22.717861162646685,49.951050087558556,20100.34191993483,1890.7589044922279
2023-06-21,2023,6,LATO,22.7772414570356,49.57725944372781,22880.010970962256,1867.7023008526717
2023-06-21,2023,6,LATO,22.84012352692396,49.57725944372781,22793.391111527922,1867.7067126452778
2023-06-21,2023,6,LATO,22.903005596812335,49.57725944372781,23596.05529717468,1888.049989326401
2023-06-21,2023,6,LATO,22.84012352692396,49.64014151361617,15832.004225340383,1898.707725519255
2023-06-21,2023,6,LATO,22.903005596812335,49.64014151361617,16965.836855889575,1899.220081879382
2023-06-21,2023,6,LATO,22.965887666700695,49.64014151361617,19135.44931006767,1886.8073582047566
2023-06-21,2023,6,LATO,23.02876973658907,49.64014151361617,22037.010834643912,1883.856794867179
2023-06-21,2023,6,LATO,22.84012352692396,49.703023583504546,8921.552370794487,1896.893344426605
2023-06-21,2023,6,LATO,22.903005596812335,49.703023583504546,10804.327233564076,1897.42740542525
2023-06-21,2023,6,LATO,22.965887666700695,49.703023583504546,13962.754705896936,1901.0209960937204
2023-06-21,2023,6,LATO,23.02876973658907,49.703023583504546,17727.63889167577,1900.3809012990116
2023-06-21,2023,6,LATO,22.7772414570356,49.765905653392906,3210.619340403136,1886.9162486610016
2023-06-21,2023,6,LATO,22.84012352692396,49.765905653392906,2523.3126508779337,1894.0825195312286
2023-06-21,2023,6,LATO,22.903005596812335,49.765905653392906,6592.32142197454,1895.2694329811955
2023-06-21,2023,6,LATO,22.965887666700695,49.765905653392906,11026.461713720417,1907.930048352798
2023-06-21,2023,6,LATO,23.02876973658907,49.765905653392906,15515.78269673641,1907.9300390858912
2023-06-21,2023,6,LATO,22.7772414570356,49.82878772328128,5908.502699683845,1875.1710195653827
2023-06-21,2023,6,LATO,22.84012352692396,49.82878772328128,5565.478544359213,1878.8430592765146
2023-06-21,2023,6,LATO,22.903005596812335,49.82878772328128,8247.30583412717,1883.8130187316365
2023-07-02,2023,7,LATO,22.651477317258866,49.64014151361617,19644.87615510022,1852.5118437086282
2023-07-02,2023,7,LATO,22.714359387147226,49.64014151361617,17311.644736144277,1852.511852516387
2023-07-02,2023,7,LATO,22.651477317258866,49.703023583504546,14652.263880901603,1852.511843869176
2023-07-02,2023,7,LATO,22.714359387147226,49.703023583504546,11338.944403631276,1852.5118408203805
2023-07-02,2023,7,LATO,22.7772414570356,49.703023583504546,9140.029561753958,1864.4753891283726
2023-07-02,2023,7,LATO,22.84012352692396,49.703023583504546,8921.552370794487,1863.1440376247679
2023-07-02,2023,7,LATO,22.903005596812335,49.703023583504546,10804.327233564076,1858.217199014097
2023-07-02,2023,7,LATO,22.714359387147226,49.765905653392906,7435.161123830869,1877.7671119840213
2023-07-02,2023,7,LATO,22.7772414570356,49.765905653392906,3210.619340403136,1877.7670848930395
2023-07-02,2023,7,LATO,22.84012352692396,49.765905653392906,2523.3126508779337,1863.830310190736
2023-07-02,2023,7,LATO,22.903005596812335,49.765905653392906,6592.32142197454,1862.408887703959
2023-07-02,2023,7,LATO,22.965887666700695,49.765905653392906,11026.461713720417,1864.4638025446725
2023-07-02,2023,7,LATO,23.02876973658907,49.765905653392906,15515.78269673641,1864.9076600895119
2023-07-02,2023,7,LATO,22.7772414570356,49.82878772328128,5908.502699683845,1870.9478139547402
2023-07-02,2023,7,LATO,22.84012352692396,49.82878772328128,5565.478544359213,1860.5559547358057
2023-07-02,2023,7,LATO,22.903005596812335,49.82878772328128,8247.30583412717,1861.6841919278486
2023-07-02,2023,7,LATO,22.965887666700695,49.82878772328128,12084.745281253774,1862.6389160156205
2023-07-02,2023,7,LATO,23.02876973658907,49.82878772328128,16280.157012807253,1867.7912486185446
2023-07-02,2023,7,LATO,23.09165180647743,49.82878772328128,20616.141316553247,1875.2598920420617
2023-07-02,2023,7,LATO,22.903005596812335,49.89166979316964,13799.09481397737,1851.04797283113
2023-07-02,2023,7,LATO,22.965887666700695,49.89166979316964,16380.984509599155,1859.4753115229282
2023-07-02,2023,7,LATO,23.02876973658907,49.89166979316964,19677.007522249452,1876.2012962636131
2023-07-02,2023,7,LATO,23.09165180647743,49.89166979316964,23387.151398022725,1871.1783712170736
2023-07-08,2023,7,LATO,22.52571317748213,49.89166979316964,24131.63257145798,1880.2553408882661
2023-07-09,2023,7,LATO,22.969389442200153,49.703023583504546,14160.593497162869,1861.3121326121836
2023-07-09,2023,7,LATO,23.032271512088514,49.703023583504546,17947.730849060772,1861.3121129881806
2023-07-09,2023,7,LATO,23.032271512088514,49.765905653392906,15766.459244749018,1861.3121086501685
2023-07-09,2023,7,LATO,23.095153581976888,49.765905653392906,20274.499141863576,1861.3121192966087
2023-07-09,2023,7,LATO,23.158035651865248,49.765905653392906,24790.35474535101,1852.5048618328453
2023-07-12,2023,7,LATO,23.09165180647743,49.89166979316964,23387.151398022725,1874.9531166533427
2023-07-16,2023,7,LATO,22.714359387147226,49.57375766822835,24217.66519655963,1868.686139298434
2023-07-16,2023,7,LATO,22.7772414570356,49.57375766822835,23266.810492080956,1872.0098876953487
2023-07-16,2023,7,LATO,22.84012352692396,49.57375766822835,23181.62987085124,1869.6517135341214
2023-07-16,2023,7,LATO,22.903005596812335,49.57375766822835,23971.353255234702,1867.9854776029026
2023-07-16,2023,7,LATO,22.588595247370506,49.63663973811673,22928.32867859584,1873.421752929687
2023-07-16,2023,7,LATO,22.651477317258866,49.63663973811673,19958.266113137925,1873.2260297810767
2023-07-16,2023,7,LATO,22.714359387147226,49.63663973811673,17666.298197156444,1867.6715961350274
2023-07-16,2023,7,LATO,22.7772414570356,49.63663973811673,16340.297051275738,1865.9372715957102
2023-07-16,2023,7,LATO,22.84012352692396,49.63663973811673,16218.936152678809,1869.6052154930487
2023-07-16,2023,7,LATO,22.903005596812335,49.63663973811673,17327.54509806988,1869.7530222506598
2023-07-16,2023,7,LATO,22.965887666700695,49.63663973811673,19457.009840422077,1869.5241635173106
2023-07-16,2023,7,LATO,23.02876973658907,49.63663973811673,22316.993932888305,1868.9923727929436
2023-07-16,2023,7,LATO,22.52571317748213,49.69952180800509,22741.24947121939,1866.76745876336
2023-07-16,2023,7,LATO,22.588595247370506,49.69952180800509,18677.902786448478,1867.4919053272804
2023-07-16,2023,7,LATO,22.651477317258866,49.69952180800509,14887.986065875959,1868.297360618833
2023-07-16,2023,7,LATO,22.714359387147226,49.69952180800509,11641.68261194455,1865.5778969992098
2023-07-16,2023,7,LATO,22.7772414570356,49.69952180800509,9512.834732500989,1864.872113689454
2023-07-16,2023,7,LATO,22.84012352692396,49.69952180800509,9303.101501093282,1870.1241341560503
2023-07-16,2023,7,LATO,22.903005596812335,49.69952180800509,11121.589456061673,1870.1370140125655
2023-07-16,2023,7,LATO,22.965887666700695,49.69952180800509,14209.8696362014,1878.3946903065876
2023-07-16,2023,7,LATO,23.02876973658907,49.69952180800509,17923.15887584026,1886.1392725042203
2023-07-16,2023,7,LATO,23.09165180647743,49.69952180800509,21946.46506816156,1886.4240142038975
2023-07-16,2023,7,LATO,22.52571317748213,49.76240387789346,20926.866087883933,1876.8399523679025
2023-07-16,2023,7,LATO,22.588595247370506,49.76240387789346,16427.131332161836,1877.0474304334211
2023-07-16,2023,7,LATO,22.651477317258866,49.76240387789346,11950.017335909584,1876.8095020284754
2023-07-16,2023,7,LATO,22.714359387147226,49.76240387789346,7535.95554065889,1876.9444574988918
2023-07-16,2023,7,LATO,22.7772414570356,49.76240387789346,3437.1277018518767,1876.7984406789803
2023-07-16,2023,7,LATO,22.84012352692396,49.76240387789346,2805.814610497137,1871.1173095702916
2023-07-16,2023,7,LATO,22.903005596812335,49.76240387789346,6705.733024471378,1871.109450992728
2023-07-16,2023,7,LATO,22.965887666700695,49.76240387789346,11094.892441910108,1875.3948308833862
2023-07-16,2023,7,LATO,23.02876973658907,49.76240387789346,15564.763941225472,1875.7768686343904
2023-07-16,2023,7,LATO,23.09165180647743,49.76240387789346,20061.467673691197,1876.4399350455872
2023-07-16,2023,7,LATO,23.154533876365804,49.76240387789346,24570.273738820597,1882.9650361248196
2023-07-16,2023,7,LATO,22.52571317748213,49.82528594778182,21366.71002925093,1873.1864013672482
2023-07-16,2023,7,LATO,22.588595247370506,49.82528594778182,16990.312078691608,1873.1864013671468
2023-07-16,2023,7,LATO,22.651477317258866,49.82528594778182,12719.566542102213,1864.8616767067952
2023-07-16,2023,7,LATO,22.714359387147226,49.82528594778182,8711.28030562575,1865.0950982852178
2023-07-16,2023,7,LATO,22.7772414570356,49.82528594778182,5564.880387908447,1868.0345745975812
2023-07-16,2023,7,LATO,22.84012352692396,49.82528594778182,5199.207232076515,1872.549715238705
2023-07-16,2023,7,LATO,22.903005596812335,49.82528594778182,8004.869935788565,1872.4749440325413
2023-07-16,2023,7,LATO,22.965887666700695,49.82528594778182,11920.847219756432,1872.7812808472727
2023-07-16,2023,7,LATO,23.02876973658907,49.82528594778182,16159.134748314964,1872.89637519657
2023-07-16,2023,7,LATO,23.09165180647743,49.82528594778182,20520.988166869633,1873.1209095621425
2023-07-16,2023,7,LATO,22.52571317748213,49.888168017670196,23936.906387902236,1878.5496514051558
2023-07-16,2023,7,LATO,22.588595247370506,49.888168017670196,20132.74992486935,1877.99166023816
2023-07-16,2023,7,LATO,22.651477317258866,49.888168017670196,16691.582889244328,1876.236797361919
2023-07-16,2023,7,LATO,22.714359387147226,49.888168017670196,13885.947830175188,1875.6180734613
2023-07-16,2023,7,LATO,22.7772414570356,49.888168017670196,12163.857368911082,1870.3943500974312
2023-07-16,2023,7,LATO,22.84012352692396,49.888168017670196,12001.183223048978,1869.4311814618982
2023-07-16,2023,7,LATO,22.903005596812335,49.888168017670196,13454.606457664584,1869.2598251800318
2023-07-16,2023,7,LATO,22.965887666700695,49.888168017670196,16092.038930260735,1870.993908035164
2023-07-16,2023,7,LATO,23.02876973658907,49.888168017670196,19437.342834046838,1870.4494198438827
2023-07-16,2023,7,LATO,23.09165180647743,49.888168017670196,23186.118417565107,1879.0588719572597
2023-07-16,2023,7,LATO,22.651477317258866,49.951050087558556,22209.71015373787,1880.9303229010015
2023-07-16,2023,7,LATO,22.714359387147226,49.951050087558556,20188.943391447578,1881.169322612803
2023-07-16,2023,7,LATO,22.7772414570356,49.951050087558556,19047.0899975272,1872.4924334008101
2023-07-16,2023,7,LATO,22.84012352692396,49.951050087558556,18943.75140223469,1872.6876432266004
2023-07-16,2023,7,LATO,22.903005596812335,49.951050087558556,19895.116498460357,1874.4000445712456
2023-07-16,2023,7,LATO,22.965887666700695,49.951050087558556,21763.307951500377,1881.7714843749711
2023-07-16,2023,7,LATO,23.02876973658907,49.951050087558556,24338.10887346504,1881.7714843749711
2023-07-17,2023,7,LATO,22.714359387147226,49.888168017670196,13885.947830175188,1886.7474334980393
2023-07-17,2023,7,LATO,22.7772414570356,49.888168017670196,12163.857368911082,1886.7474036355188
2023-07-17,2023,7,LATO,22.651477317258866,49.951050087558556,22209.71015373787,1886.9139451775072
2023-07-17,2023,7,LATO,22.714359387147226,49.951050087558556,20188.943391447578,1886.5588471899348
2023-07-17,2023,7,LATO,22.7772414570356,49.951050087558556,19047.0899975272,1886.9879841294987
2023-07-17,2023,7,LATO,22.84012352692396,49.951050087558556,18943.75140223469,1887.7941990221234
2023-07-17,2023,7,LATO,22.903005596812335,49.951050087558556,19895.116498460357,1888.8802027176673
2023-07-17,2023,7,LATO,22.965887666700695,49.951050087558556,21763.307951500377,1889.8903526359106
2023-07-17,2023,7,LATO,23.02876973658907,49.951050087558556,24338.10887346504,1887.655862282814
2023-07-24,2023,7,LATO,22.969389442200153,49.64014151361617,19280.468818556892,1863.0702857607605
2023-07-24,2023,7,LATO,23.032271512088514,49.64014151361617,22214.67602561404,1863.0703088605983
2023-07-24,2023,7,LATO,23.095153581976888,49.703023583504546,22018.29212632753,1863.0702621798648
2023-07-24,2023,7,LATO,23.032271512088514,49.765905653392906,15766.459244749018,1882.0243250051747
2023-07-24,2023,7,LATO,23.095153581976888,49.765905653392906,20274.499141863576,1882.0243096726845
2023-07-24,2023,7,LATO,23.158035651865248,49.765905653392906,24790.35474535101,1882.0242301129808
2023-07-24,2023,7,LATO,23.032271512088514,49.82878772328128,16518.931220972747,1880.0004693535348
2023-07-24,2023,7,LATO,23.095153581976888,49.82878772328128,20859.98350400866,1882.0242919922116
2023-07-24,2023,7,LATO,23.032271512088514,49.89166979316964,19874.758845354678,1877.583530784475
2023-07-24,2023,7,LATO,23.095153581976888,49.89166979316964,23602.105020718893,1879.3283825613617
2023-08-04,2023,8,LATO,22.59559879836941,49.64014151361617,22294.98905424956,1836.485104392824
2023-08-04,2023,8,LATO,22.65848086825777,49.64014151361617,19346.360042072225,1836.4851474236414
2023-08-04,2023,8,LATO,22.532716728481034,49.703023583504546,22122.465906806905,1838.364358748067
2023-08-04,2023,8,LATO,22.59559879836941,49.703023583504546,18046.915138960532,1837.4618985487307
2023-08-04,2023,8,LATO,22.65848086825777,49.703023583504546,14250.063235972633,1836.4850898155196
2023-08-04,2023,8,LATO,22.469834658592674,49.765905653392906,24903.43217975922,1839.7322506114817
2023-08-04,2023,8,LATO,22.532716728481034,49.765905653392906,20387.43944261555,1831.365549164234
2023-08-04,2023,8,LATO,22.59559879836941,49.765905653392906,15879.128789225302,1831.9420868622458
2023-08-04,2023,8,LATO,22.532716728481034,49.82878772328128,20969.629003077862,1844.9379060288913
2023-08-04,2023,8,LATO,22.59559879836941,49.82878772328128,16626.36365896378,1838.8548571505955
2023-08-13,2023,8,LATO,22.721362938146143,49.57725944372781,23697.5898107481,1875.4114429037995
2023-08-13,2023,8,LATO,22.784245008034503,49.57725944372781,22825.772528221212,1874.5960204514117
2023-08-13,2023,8,LATO,22.847127077922863,49.57725944372781,22839.601460497255,1874.4147758325514
2023-08-13,2023,8,LATO,22.910009147811238,49.57725944372781,23737.528821185646,1873.405699049128
2023-08-13,2023,8,LATO,22.59559879836941,49.64014151361617,22294.98905424956,1882.456081204122
2023-08-13,2023,8,LATO,22.65848086825777,49.64014151361617,19346.360042072225,1880.4467777602722
2023-08-13,2023,8,LATO,22.721362938146143,49.64014151361617,17106.588908797177,1886.6578835343303
2023-08-13,2023,8,LATO,22.784245008034503,49.64014151361617,15878.528602308194,1886.5852751910184
2023-08-13,2023,8,LATO,22.847127077922863,49.64014151361617,15898.37606674912,1882.1696777343786
2023-08-13,2023,8,LATO,22.910009147811238,49.64014151361617,17161.80236162699,1881.6604138639955
2023-08-13,2023,8,LATO,22.972891217699598,49.64014151361617,19427.689326518714,1881.8275351731006
2023-08-13,2023,8,LATO,23.035773287587972,49.64014151361617,22393.780214513983,1885.1836844061534
2023-08-13,2023,8,LATO,22.532716728481034,49.703023583504546,22122.465906806905,1885.7125847153452
2023-08-13,2023,8,LATO,22.59559879836941,49.703023583504546,18046.915138960532,1879.8678643623603
2023-08-13,2023,8,LATO,22.65848086825777,49.703023583504546,14250.063235972633,1879.2144298418386
2023-08-13,2023,8,LATO,22.721362938146143,49.703023583504546,11023.750752286034,1884.6978514298987
2023-08-13,2023,8,LATO,22.784245008034503,49.703023583504546,9003.74969105232,1883.7420719674644
2023-08-13,2023,8,LATO,22.847127077922863,49.703023583504546,9038.66068024557,1882.1903236381659
2023-08-13,2023,8,LATO,22.910009147811238,49.703023583504546,11109.12789583884,1881.9734130426305
2023-08-13,2023,8,LATO,22.972891217699598,49.703023583504546,14360.143110542414,1883.237901227479
2023-08-13,2023,8,LATO,23.035773287587972,49.703023583504546,18168.663048577168,1888.8658998875003
2023-08-13,2023,8,LATO,23.098655357476332,49.703023583504546,22250.223097835118,1891.178512979844
2023-08-13,2023,8,LATO,22.469834658592674,49.765905653392906,24903.43217975922,1889.925981213277
2023-08-13,2023,8,LATO,22.532716728481034,49.765905653392906,20387.43944261555,1888.6508751366582
2023-08-13,2023,8,LATO,22.59559879836941,49.765905653392906,15879.128789225302,1890.2158713525796
2023-08-13,2023,8,LATO,22.65848086825777,49.765905653392906,11387.63283000417,1886.6356859127952
2023-08-13,2023,8,LATO,22.721362938146143,49.765905653392906,6945.655089638345,1885.5427063740622
2023-08-13,2023,8,LATO,22.784245008034503,49.765905653392906,2799.754239036753,1886.8419702673646
2023-08-13,2023,8,LATO,22.847127077922863,49.765905653392906,2909.9299496572144,1888.0700635833496
2023-08-13,2023,8,LATO,22.910009147811238,49.765905653392906,7080.207037852592,1886.1179872913483
2023-08-13,2023,8,LATO,22.972891217699598,49.765905653392906,11524.908902168252,1881.6408467090225
2023-08-13,2023,8,LATO,23.035773287587972,49.765905653392906,16017.184810434974,1881.7431734893007
2023-08-13,2023,8,LATO,23.098655357476332,49.765905653392906,20525.820239153934,1906.2677107723978
2023-08-13,2023,8,LATO,22.532716728481034,49.82878772328128,20969.629003077862,1891.77170771353
2023-08-13,2023,8,LATO,22.59559879836941,49.82878772328128,16626.36365896378,1892.0288085937088
2023-08-13,2023,8,LATO,22.65848086825777,49.82878772328128,12414.745842026043,1886.3403890062575
2023-08-13,2023,8,LATO,22.721362938146143,49.82878772328128,8532.01505542116,1888.264398231269
2023-08-13,2023,8,LATO,22.784245008034503,49.82878772328128,5695.977327613162,1888.1254479787233
2023-08-13,2023,8,LATO,22.847127077922863,49.82878772328128,5750.861621632254,1896.0096731241315
2023-08-13,2023,8,LATO,22.910009147811238,49.82878772328128,8641.76161762721,1896.0708007812746
2023-08-13,2023,8,LATO,22.972891217699598,49.82878772328128,12540.621480203294,1881.6200119411592
2023-08-13,2023,8,LATO,23.035773287587972,49.82878772328128,16758.09500148916,1881.6199746374964
2023-08-13,2023,8,LATO,23.098655357476332,49.82878772328128,21104.019131336558,1904.413566016798
2023-08-13,2023,8,LATO,22.532716728481034,49.89166979316964,23698.94177557943,1895.6269253408695
2023-08-13,2023,8,LATO,22.59559879836941,49.89166979316964,19964.02510849638,1893.9110314470222
2023-08-13,2023,8,LATO,22.65848086825777,49.89166979316964,16625.61277503751,1899.8421318541166
2023-08-13,2023,8,LATO,22.721362938146143,49.89166979316964,13970.899561599594,1888.1141144898693
2023-08-13,2023,8,LATO,22.784245008034503,49.89166979316964,12445.375005463568,1888.6612351103433
2023-08-13,2023,8,LATO,22.847127077922863,49.89166979316964,12470.557128002267,1897.9766170296052
2023-08-13,2023,8,LATO,22.910009147811238,49.89166979316964,14038.103410697095,1897.2741389340997
2023-08-13,2023,8,LATO,23.098655357476332,49.89166979316964,23817.78306999105,1887.5532349257699
2023-08-13,2023,8,LATO,22.65848086825777,49.954551863058015,22283.110131735197,1896.4167246124305
2023-08-13,2023,8,LATO,22.721362938146143,49.954551863058015,20381.79823470954,1893.5651293983785
2023-08-13,2023,8,LATO,22.784245008034503,49.954551863058015,19369.342116810156,1894.9206135366321
2023-08-13,2023,8,LATO,22.847127077922863,49.954551863058015,19385.51095194934,1898.7003825957763
2023-08-13,2023,8,LATO,22.910009147811238,49.954551863058015,20427.862442196416,1885.6138748800868
2023-08-13,2023,8,LATO,22.972891217699598,49.954551863058015,22353.301975925337,1874.647775878126
2024-01-29,2024,1,ZIMA,22.546723830478843,49.692518257006185,21707.838232754973,1875.6190434788332
2024-01-29,2024,1,ZIMA,22.60960590036721,49.692518257006185,17794.281143682118,1871.3056640625684
2024-01-29,2024,1,ZIMA,22.672487970255577,49.692518257006185,14252.61557400945,1871.3056507393637
2024-01-29,2024,1,ZIMA,22.483841760590476,49.755400326894545,24012.859053863882,1860.4994992318507
2024-01-29,2024,1,ZIMA,22.546723830478843,49.755400326894545,19523.88121143617,1873.7123756317442
2024-01-29,2024,1,ZIMA,22.60960590036721,49.755400326894545,15059.470856687929,1875.505644467428
2024-01-29,2024,1,ZIMA,22.672487970255577,49.755400326894545,10650.572006925577,1872.4249261096859
2024-01-29,2024,1,ZIMA,22.73537004014394,49.755400326894545,6412.7284882164395,1871.3056570441797
2024-01-29,2024,1,ZIMA,22.483841760590476,49.818282396782934,24169.180669174882,1857.4185951432673
2024-01-29,2024,1,ZIMA,22.546723830478843,49.818282396782934,19722.23751204563,1854.4031082476406
2024-01-29,2024,1,ZIMA,22.60960590036721,49.818282396782934,15322.274880609359,1851.1782793097473
2024-01-29,2024,1,ZIMA,22.672487970255577,49.818282396782934,11025.686865254307,1863.159977498694
2024-01-29,2024,1,ZIMA,22.546723830478843,49.881164466671294,22239.326752898585,1895.8102887292862
2024-01-29,2024,1,ZIMA,22.60960590036721,49.881164466671294,18455.16368543422,1857.725984340239
2024-01-29,2024,1,ZIMA,22.73186826464449,49.566754117229465,24625.162439086525,1895.2119052623011
2024-01-29,2024,1,ZIMA,22.794750334532857,49.566754117229465,23931.425303122436,1895.2119054488437
2024-01-29,2024,1,ZIMA,22.857632404421224,49.566754117229465,24087.918656515034,1895.2119160004181
2024-01-29,2024,1,ZIMA,22.73186826464449,49.629636187117825,17920.028331001893,1897.9437163949342
2024-01-29,2024,1,ZIMA,22.794750334532857,49.629636187117825,16955.389057071137,1897.7881874338077
2024-01-29,2024,1,ZIMA,22.857632404421224,49.629636187117825,17175.280556231522,1897.447392324954
2024-01-29,2024,1,ZIMA,22.92051447430959,49.629636187117825,18537.599130204857,1900.3468356676178
2024-01-29,2024,1,ZIMA,22.98339654419796,49.629636187117825,20819.277434833377,1900.447643719414
2024-01-29,2024,1,ZIMA,23.046278614086322,49.629636187117825,23756.883535444897,1901.0072750812783
2024-01-29,2024,1,ZIMA,22.543222054979392,49.692518257006185,21932.788399926114,1861.620997884986
2024-01-29,2024,1,ZIMA,22.60610412486776,49.692518257006185,18004.58127120856,1861.396153616482
2024-01-29,2024,1,ZIMA,22.668986194756126,49.692518257006185,14435.272366544037,1861.3723144530638
2024-01-29,2024,1,ZIMA,22.73186826464449,49.692518257006185,11562.168138112624,1895.4556884764963
2024-01-29,2024,1,ZIMA,22.794750334532857,49.692518257006185,10004.241321725396,1895.455688476599
2024-01-29,2024,1,ZIMA,22.857632404421224,49.692518257006185,10372.088566275866,1898.2883911333838
2024-01-29,2024,1,ZIMA,22.92051447430959,49.692518257006185,12496.796907081667,1902.0617675781616
2024-01-29,2024,1,ZIMA,22.98339654419796,49.692518257006185,15679.736994618235,1902.0617675780954
2024-01-29,2024,1,ZIMA,23.046278614086322,49.692518257006185,19407.030795445455,1902.0618098804644
2024-01-29,2024,1,ZIMA,22.480339985091025,49.755400326894545,24263.288966442815,1867.8139564485944
2024-01-29,2024,1,ZIMA,22.543222054979392,49.755400326894545,19773.371791734648,1866.0413818359978
2024-01-29,2024,1,ZIMA,22.60610412486776,49.755400326894545,15307.071991672923,1866.0375095252618
2024-01-29,2024,1,ZIMA,22.668986194756126,49.755400326894545,10893.482693503986,1868.4543092963029
2024-01-29,2024,1,ZIMA,22.73186826464449,49.755400326894545,6638.588268421608,1889.5935604158294
2024-01-29,2024,1,ZIMA,22.794750334532857,49.755400326894545,3242.7147797909784,1889.7328824011076
2024-01-29,2024,1,ZIMA,22.857632404421224,49.755400326894545,4242.750117470005,1894.2954806966402
2024-01-29,2024,1,ZIMA,22.92051447430959,49.755400326894545,8156.47590057038,1896.5738201563358
2024-01-29,2024,1,ZIMA,22.98339654419796,49.755400326894545,12493.86630456317,1896.7032004101143
2024-01-29,2024,1,ZIMA,23.046278614086322,49.755400326894545,16932.41386754635,1905.1207361658635
2024-01-29,2024,1,ZIMA,23.10916068397469,49.755400326894545,21409.293252281375,1905.120732292491
2024-01-29,2024,1,ZIMA,22.480339985091025,49.818282396782934,24417.687156783137,1884.1456281949788
2024-01-29,2024,1,ZIMA,22.543222054979392,49.818282396782934,19968.932465393333,1884.1434140306965
2024-01-29,2024,1,ZIMA,22.60610412486776,49.818282396782934,15565.383751527352,1884.3510312173569
2024-01-29,2024,1,ZIMA,22.668986194756126,49.818282396782934,11260.207883350295,1893.4383939452757
2024-01-29,2024,1,ZIMA,22.73186826464449,49.818282396782934,7231.299147808723,1898.1918874120322
2024-01-29,2024,1,ZIMA,22.794750334532857,49.818282396782934,4333.529104672702,1898.0509785891118
2024-01-29,2024,1,ZIMA,22.857632404421224,49.818282396782934,5124.013005619986,1881.6450189524503
2024-01-29,2024,1,ZIMA,22.92051447430959,49.818282396782934,8644.065763073844,1881.6450223553727
2024-01-29,2024,1,ZIMA,22.98339654419796,49.818282396782934,12812.985222879366,1881.6450234924646
2024-01-29,2024,1,ZIMA,23.046278614086322,49.818282396782934,17164.31095927946,1900.4134530138158
2024-01-29,2024,1,ZIMA,23.10916068397469,49.818282396782934,21588.022501435902,1900.4134537062462
2024-01-29,2024,1,ZIMA,22.543222054979392,49.881164466671294,22458.10700503757,1897.4126463911105
2024-01-29,2024,1,ZIMA,22.60610412486776,49.881164466671294,18657.2342735173,1898.6142314142705
2024-01-29,2024,1,ZIMA,22.668986194756126,49.881164466671294,15256.25598101692,1907.509133853269
2024-01-29,2024,1,ZIMA,22.73186826464449,49.881164466671294,12583.700795204135,1907.261070471818
2024-01-29,2024,1,ZIMA,22.794750334532857,49.881164466671294,11175.011060680648,1907.155697837466
2024-01-29,2024,1,ZIMA,22.60610412486776,49.944046536559654,23489.227935689778,1905.1250981148964
2024-01-29,2024,1,ZIMA,22.668986194756126,49.944046536559654,20893.893703687518,1912.753662109312
2024-01-29,2024,1,ZIMA,22.73186826464449,49.944046536559654,19032.807114747964,1912.7536621093084
2024-01-29,2024,1,ZIMA,22.794750334532857,49.944046536559654,18133.466014703823,1912.7419488033001
2024-01-30,2024,1,ZIMA,22.73186826464449,49.566754117229465,24625.162439086525,1918.9848670903784
2024-01-30,2024,1,ZIMA,22.794750334532857,49.566754117229465,23931.425303122436,1918.9848636061067
2024-01-30,2024,1,ZIMA,22.857632404421224,49.566754117229465,24087.918656515034,1892.8542135274138
2024-01-30,2024,1,ZIMA,22.73186826464449,49.629636187117825,17920.028331001893,1919.521982141956
2024-01-30,2024,1,ZIMA,22.794750334532857,49.629636187117825,16955.389057071137,1919.4558397102803
2024-01-30,2024,1,ZIMA,22.857632404421224,49.629636187117825,17175.280556231522,1897.427950619746
2024-01-30,2024,1,ZIMA,22.92051447430959,49.629636187117825,18537.599130204857,1896.8155795532539
2024-01-30,2024,1,ZIMA,22.98339654419796,49.629636187117825,20819.277434833377,1898.519482931795
2024-01-30,2024,1,ZIMA,23.046278614086322,49.629636187117825,23756.883535444897,1900.889078557855
2024-01-30,2024,1,ZIMA,22.668986194756126,49.692518257006185,14435.272366544037,1923.3499255239617
2024-01-30,2024,1,ZIMA,22.73186826464449,49.692518257006185,11562.168138112624,1921.4314231422861
2024-01-30,2024,1,ZIMA,22.794750334532857,49.692518257006185,10004.241321725396,1916.0600618360443
2024-01-30,2024,1,ZIMA,22.857632404421224,49.692518257006185,10372.088566275866,1893.1889252637518
2024-01-30,2024,1,ZIMA,22.92051447430959,49.692518257006185,12496.796907081667,1901.874633789099
2024-01-30,2024,1,ZIMA,22.98339654419796,49.692518257006185,15679.736994618235,1901.736714520282
2024-01-30,2024,1,ZIMA,22.668986194756126,49.755400326894545,10893.482693503986,1923.1414023130133
2024-01-30,2024,1,ZIMA,22.73186826464449,49.755400326894545,6638.588268421608,1925.732959198322
2024-01-30,2024,1,ZIMA,22.794750334532857,49.755400326894545,3242.7147797909784,1910.8239573405453
2024-01-30,2024,1,ZIMA,22.857632404421224,49.755400326894545,4242.750117470005,1896.735934775283
2024-01-30,2024,1,ZIMA,22.92051447430959,49.755400326894545,8156.47590057038,1901.2131895046864
2024-01-30,2024,1,ZIMA,22.98339654419796,49.755400326894545,12493.86630456317,1901.293841560837
2024-01-30,2024,1,ZIMA,22.480339985091025,49.818282396782934,24417.687156783137,1893.6069841192786
2024-01-30,2024,1,ZIMA,22.543222054979392,49.818282396782934,19968.932465393333,1886.738542390414
2024-01-30,2024,1,ZIMA,22.60610412486776,49.818282396782934,15565.383751527352,1893.7266484016077
2024-01-30,2024,1,ZIMA,22.668986194756126,49.818282396782934,11260.207883350295,1925.3331259959175
2024-01-30,2024,1,ZIMA,22.73186826464449,49.818282396782934,7231.299147808723,1917.656841870134
2024-01-30,2024,1,ZIMA,22.794750334532857,49.818282396782934,4333.529104672702,1898.765481631914
2024-01-30,2024,1,ZIMA,22.857632404421224,49.818282396782934,5124.013005619986,1898.2452029398544
2024-01-30,2024,1,ZIMA,23.10916068397469,49.818282396782934,21588.022501435902,1902.2245108795232
2024-01-30,2024,1,ZIMA,22.543222054979392,49.881164466671294,22458.10700503757,1889.4901387505179
2024-01-30,2024,1,ZIMA,22.60610412486776,49.881164466671294,18657.2342735173,1913.1850704714382
2024-01-30,2024,1,ZIMA,22.668986194756126,49.881164466671294,15256.25598101692,1917.328340103654
2024-01-30,2024,1,ZIMA,22.73186826464449,49.881164466671294,12583.700795204135,1900.816449961862
2024-01-30,2024,1,ZIMA,22.794750334532857,49.881164466671294,11175.011060680648,1899.1119732060542
2024-01-30,2024,1,ZIMA,22.857632404421224,49.881164466671294,11504.225194953451,1899.0230717187833
2024-01-30,2024,1,ZIMA,23.10916068397469,49.881164466671294,23907.400258968875,1895.724006349421
2024-01-30,2024,1,ZIMA,22.60610412486776,49.944046536559654,23489.227935689778,1913.746439709358
2024-01-30,2024,1,ZIMA,22.668986194756126,49.944046536559654,20893.893703687518,1914.097415028551
2024-01-30,2024,1,ZIMA,22.73186826464449,49.944046536559654,19032.807114747964,1899.4762959611958
2024-01-30,2024,1,ZIMA,22.794750334532857,49.944046536559654,18133.466014703823,1899.5615234375366
2024-02-16,2024,2,ZIMA,22.73186826464449,49.566754117229465,24625.162439086525,1885.1976285764092
2024-02-16,2024,2,ZIMA,22.794750334532857,49.566754117229465,23931.425303122436,1884.7983351851153
2024-02-16,2024,2,ZIMA,22.857632404421224,49.566754117229465,24087.918656515034,1887.2019773173167
2024-02-16,2024,2,ZIMA,22.60610412486776,49.629636187117825,22624.190624154453,1880.0643927848294
2024-02-16,2024,2,ZIMA,22.73186826464449,49.629636187117825,17920.028331001893,1893.2391951332183
2024-02-16,2024,2,ZIMA,22.794750334532857,49.629636187117825,16955.389057071137,1890.9647484776633
2024-02-16,2024,2,ZIMA,22.857632404421224,49.629636187117825,17175.280556231522,1896.2293942340202
2024-02-16,2024,2,ZIMA,22.92051447430959,49.629636187117825,18537.599130204857,1881.0947531420172
2024-02-16,2024,2,ZIMA,22.98339654419796,49.629636187117825,20819.277434833377,1878.044271270247
2024-02-16,2024,2,ZIMA,23.046278614086322,49.629636187117825,23756.883535444897,1873.3482436065499
2024-02-16,2024,2,ZIMA,22.543222054979392,49.692518257006185,21932.788399926114,1879.7648334502069
2024-02-16,2024,2,ZIMA,22.60610412486776,49.692518257006185,18004.58127120856,1894.2218328357815
2024-02-16,2024,2,ZIMA,22.668986194756126,49.692518257006185,14435.272366544037,1892.2484442865918
2024-02-16,2024,2,ZIMA,22.73186826464449,49.692518257006185,11562.168138112624,1893.398577615922
2024-02-16,2024,2,ZIMA,22.794750334532857,49.692518257006185,10004.241321725396,1895.3304339197186
2024-02-16,2024,2,ZIMA,22.857632404421224,49.692518257006185,10372.088566275866,1894.8055404709355
2024-02-16,2024,2,ZIMA,22.92051447430959,49.692518257006185,12496.796907081667,1873.6419828717596
2024-02-16,2024,2,ZIMA,22.98339654419796,49.692518257006185,15679.736994618235,1879.2339429292197
2024-02-16,2024,2,ZIMA,23.046278614086322,49.692518257006185,19407.030795445455,1888.281177305591
2024-02-16,2024,2,ZIMA,23.10916068397469,49.692518257006185,23420.202641510772,1891.767012181253
2024-02-16,2024,2,ZIMA,22.480339985091025,49.755400326894545,24263.288966442815,1865.3153402699545
2024-02-16,2024,2,ZIMA,22.543222054979392,49.755400326894545,19773.371791734648,1880.9561938680126
2024-02-16,2024,2,ZIMA,22.60610412486776,49.755400326894545,15307.071991672923,1898.2408423867028
2024-02-16,2024,2,ZIMA,22.668986194756126,49.755400326894545,10893.482693503986,1883.7635300745205
2024-02-16,2024,2,ZIMA,22.73186826464449,49.755400326894545,6638.588268421608,1881.1678903316224
2024-02-16,2024,2,ZIMA,22.794750334532857,49.755400326894545,3242.7147797909784,1893.5704662431438
2024-02-16,2024,2,ZIMA,22.857632404421224,49.755400326894545,4242.750117470005,1889.6109180532894
2024-02-16,2024,2,ZIMA,22.92051447430959,49.755400326894545,8156.47590057038,1880.6803942654058
2024-02-16,2024,2,ZIMA,22.98339654419796,49.755400326894545,12493.86630456317,1884.9328924915183
2024-02-16,2024,2,ZIMA,23.046278614086322,49.755400326894545,16932.41386754635,1886.2440975772413
2024-02-16,2024,2,ZIMA,23.10916068397469,49.755400326894545,21409.293252281375,1888.1929677998419
2024-02-16,2024,2,ZIMA,22.480339985091025,49.818282396782934,24417.687156783137,1873.6006052625653
2024-02-16,2024,2,ZIMA,22.543222054979392,49.818282396782934,19968.932465393333,1890.2376904227913
2024-02-16,2024,2,ZIMA,22.60610412486776,49.818282396782934,15565.383751527352,1882.9020146817343
2024-02-16,2024,2,ZIMA,22.668986194756126,49.818282396782934,11260.207883350295,1879.696539566417
2024-02-16,2024,2,ZIMA,22.73186826464449,49.818282396782934,7231.299147808723,1903.570658535418
2024-02-16,2024,2,ZIMA,22.794750334532857,49.818282396782934,4333.529104672702,1904.103032616196
2024-02-16,2024,2,ZIMA,22.857632404421224,49.818282396782934,5124.013005619986,1890.346557617183
2024-02-16,2024,2,ZIMA,22.92051447430959,49.818282396782934,8644.065763073844,1884.7725459955286
2024-02-16,2024,2,ZIMA,22.98339654419796,49.818282396782934,12812.985222879366,1884.3416256916812
2024-02-16,2024,2,ZIMA,23.046278614086322,49.818282396782934,17164.31095927946,1893.064879930748
2024-02-16,2024,2,ZIMA,23.10916068397469,49.818282396782934,21588.022501435902,1892.0580074914667
2024-02-16,2024,2,ZIMA,22.543222054979392,49.881164466671294,22458.10700503757,1898.876471240592
2024-02-16,2024,2,ZIMA,22.60610412486776,49.881164466671294,18657.2342735173,1893.6185010042484
2024-02-16,2024,2,ZIMA,22.668986194756126,49.881164466671294,15256.25598101692,1893.3891059939835
2024-02-16,2024,2,ZIMA,22.73186826464449,49.881164466671294,12583.700795204135,1907.0668945312746
2024-02-16,2024,2,ZIMA,22.794750334532857,49.881164466671294,11175.011060680648,1901.248651999568
2024-02-16,2024,2,ZIMA,22.857632404421224,49.881164466671294,11504.225194953451,1892.2020527261197
2024-02-16,2024,2,ZIMA,22.92051447430959,49.881164466671294,13444.276202874242,1885.6935197430098
2024-02-16,2024,2,ZIMA,22.98339654419796,49.881164466671294,16434.26726118871,1887.6016742997551
2024-02-16,2024,2,ZIMA,23.046278614086322,49.881164466671294,20008.920984734334,1901.73620493448
2024-02-16,2024,2,ZIMA,23.10916068397469,49.881164466671294,23907.400258968875,1894.622459952778
2024-02-16,2024,2,ZIMA,22.60610412486776,49.944046536559654,23489.227935689778,1895.226016434089
2024-02-16,2024,2,ZIMA,22.668986194756126,49.944046536559654,20893.893703687518,1896.7994843190882
2024-02-16,2024,2,ZIMA,22.73186826464449,49.944046536559654,19032.807114747964,1900.0230291778216
2024-02-16,2024,2,ZIMA,22.794750334532857,49.944046536559654,18133.466014703823,1890.0453478131774
2024-02-16,2024,2,ZIMA,22.857632404421224,49.944046536559654,18337.917441995833,1889.3189002248523
2024-02-16,2024,2,ZIMA,22.92051447430959,49.944046536559654,19611.67139609482,1890.5644531250364
2024-02-16,2024,2,ZIMA,22.98339654419796,49.944046536559654,21767.82095314391,1895.4261433211716
2024-02-16,2024,2,ZIMA,23.046278614086322,49.944046536559654,24575.198885019752,1899.899692550377
2024-02-29,2024,2,ZIMA,22.73186826464449,49.566754117229465,24625.162439086525,1859.5367545970896
2024-02-29,2024,2,ZIMA,22.794750334532857,49.566754117229465,23931.425303122436,1859.452373121033
2024-02-29,2024,2,ZIMA,22.857632404421224,49.566754117229465,24087.918656515034,1845.1058900219716
2024-02-29,2024,2,ZIMA,22.60610412486776,49.629636187117825,22624.190624154453,1861.126007481775
2024-02-29,2024,2,ZIMA,22.668986194756126,49.629636187117825,19897.662582212422,1860.3950974526767
2024-02-29,2024,2,ZIMA,22.73186826464449,49.629636187117825,17920.028331001893,1859.5441008177615
2024-02-29,2024,2,ZIMA,22.794750334532857,49.629636187117825,16955.389057071137,1854.3850527837371
2024-02-29,2024,2,ZIMA,22.857632404421224,49.629636187117825,17175.280556231522,1847.9405669403911
2024-02-29,2024,2,ZIMA,22.92051447430959,49.629636187117825,18537.599130204857,1845.755386198179
2024-02-29,2024,2,ZIMA,22.98339654419796,49.629636187117825,20819.277434833377,1844.0533933976085
2024-02-29,2024,2,ZIMA,23.046278614086322,49.629636187117825,23756.883535444897,1850.1760771073903
2024-02-29,2024,2,ZIMA,22.543222054979392,49.692518257006185,21932.788399926114,1854.980208480655
2024-02-29,2024,2,ZIMA,22.60610412486776,49.692518257006185,18004.58127120856,1854.9802267272496
2024-02-29,2024,2,ZIMA,22.668986194756126,49.692518257006185,14435.272366544037,1855.3841647285246
2024-02-29,2024,2,ZIMA,22.73186826464449,49.692518257006185,11562.168138112624,1852.8119710538615
2024-02-29,2024,2,ZIMA,22.794750334532857,49.692518257006185,10004.241321725396,1851.2970014777225
2024-02-29,2024,2,ZIMA,22.857632404421224,49.692518257006185,10372.088566275866,1849.4388644913047
2024-02-29,2024,2,ZIMA,22.92051447430959,49.692518257006185,12496.796907081667,1848.575413743221
2024-02-29,2024,2,ZIMA,22.98339654419796,49.692518257006185,15679.736994618235,1855.7568103385117
2024-02-29,2024,2,ZIMA,23.046278614086322,49.692518257006185,19407.030795445455,1859.3546142578487
2024-02-29,2024,2,ZIMA,23.10916068397469,49.692518257006185,23420.202641510772,1857.3275272612525
2024-02-29,2024,2,ZIMA,22.60610412486776,49.755400326894545,15307.071991672923,1854.9802579716998
2024-02-29,2024,2,ZIMA,22.668986194756126,49.755400326894545,10893.482693503986,1854.9802238655548
2024-02-29,2024,2,ZIMA,22.73186826464449,49.755400326894545,6638.588268421608,1851.297513408405
2024-02-29,2024,2,ZIMA,22.794750334532857,49.755400326894545,3242.7147797909784,1851.2976027778752
2024-02-29,2024,2,ZIMA,22.857632404421224,49.755400326894545,4242.750117470005,1851.2976063828446
2024-02-29,2024,2,ZIMA,22.92051447430959,49.755400326894545,8156.47590057038,1852.2781802073039
2024-02-29,2024,2,ZIMA,22.98339654419796,49.755400326894545,12493.86630456317,1856.8165385940804
2024-02-29,2024,2,ZIMA,23.046278614086322,49.755400326894545,16932.41386754635,1857.4940955205939
2024-02-29,2024,2,ZIMA,23.10916068397469,49.755400326894545,21409.293252281375,1858.5584879614685
2024-02-29,2024,2,ZIMA,23.10916068397469,49.818282396782934,21588.022501435902,1856.816535441954
2024-02-29,2024,2,ZIMA,22.72836648914504,49.566754117229465,24687.76147519708,1854.42018694324
2024-02-29,2024,2,ZIMA,22.791248559033406,49.566754117229465,23947.979043783063,1854.7275787060858
2024-02-29,2024,2,ZIMA,22.854130628921773,49.566754117229465,24056.725713120413,1855.3572231882956
2024-02-29,2024,2,ZIMA,22.602602349368304,49.629636187117825,22792.977256695714,1862.3793520143045
2024-02-29,2024,2,ZIMA,22.66548441925667,49.629636187117825,20032.25816904509,1861.5125503234176
2024-02-29,2024,2,ZIMA,22.72836648914504,49.629636187117825,18005.843188393046,1862.5557171456387
2024-02-29,2024,2,ZIMA,22.791248559033406,49.629636187117825,16978.715557289725,1863.0945706939735
2024-02-29,2024,2,ZIMA,22.854130628921773,49.629636187117825,17131.56210672741,1864.1722847652472
2024-02-29,2024,2,ZIMA,22.91701269881014,49.629636187117825,18435.057018274965,1865.6769082186238
2024-02-29,2024,2,ZIMA,22.979894768698507,49.629636187117825,20672.67857890848,1870.8993598919485
2024-02-29,2024,2,ZIMA,23.042776838586875,49.629636187117825,23579.97928474416,1870.5939366047069
2024-02-29,2024,2,ZIMA,22.539720279479937,49.692518257006185,22158.330550777733,1845.4145514837862
2024-02-29,2024,2,ZIMA,22.602602349368304,49.692518257006185,18215.951582114703,1865.0483628525221
2024-02-29,2024,2,ZIMA,22.66548441925667,49.692518257006185,14620.005683513065,1871.3619008671276
2024-02-29,2024,2,ZIMA,22.72836648914504,49.692518257006185,11694.560227462764,1871.3610839843097
2024-02-29,2024,2,ZIMA,22.791248559033406,49.692518257006185,10043.67405264085,1871.3610839844112
2024-02-29,2024,2,ZIMA,22.854130628921773,49.692518257006185,10299.62673390637,1871.3624988201618
2024-02-29,2024,2,ZIMA,22.91701269881014,49.692518257006185,12344.37343835812,1871.8300892304228
2024-02-29,2024,2,ZIMA,22.979894768698507,49.692518257006185,15484.808820475711,1872.2494056827934
2024-02-29,2024,2,ZIMA,23.042776838586875,49.692518257006185,19190.349941089135,1872.235563547705
2024-02-29,2024,2,ZIMA,23.10565890847524,49.692518257006185,23191.68213339603,1872.228757795408
2024-02-29,2024,2,ZIMA,22.476838209591577,49.755400326894545,24513.756494661226,1851.875359783567
2024-02-29,2024,2,ZIMA,22.539720279479937,49.755400326894545,20022.931887797098,1852.6171704551302
2024-02-29,2024,2,ZIMA,22.602602349368304,49.755400326894545,15554.823004131229,1870.1686482734929
2024-02-29,2024,2,ZIMA,22.66548441925667,49.755400326894545,11136.809320053131,1871.9857778840087
2024-02-29,2024,2,ZIMA,22.72836648914504,49.755400326894545,6866.287022907041,1872.0464618362432
2024-02-29,2024,2,ZIMA,22.791248559033406,49.755400326894545,3362.249941296639,1872.0767897341957
2024-02-29,2024,2,ZIMA,22.854130628921773,49.755400326894545,4062.627863714707,1872.1354096109687
2024-02-29,2024,2,ZIMA,22.91701269881014,49.755400326894545,7921.275087909723,1872.1167322736283
2024-02-29,2024,2,ZIMA,22.979894768698507,49.755400326894545,12248.660458942983,1872.1043701171834
2024-02-29,2024,2,ZIMA,23.042776838586875,49.755400326894545,16683.947962636168,1872.1043701270003
2024-02-29,2024,2,ZIMA,23.10565890847524,49.755400326894545,21159.39073217833,1872.1043747177062
2024-03-05,2024,3,ZIMA,23.046278614086322,49.755400326894545,16932.41386754635,1886.9986088721319
2024-03-05,2024,3,ZIMA,23.10916068397469,49.755400326894545,21409.293252281375,1886.9986768325452
2024-03-05,2024,3,ZIMA,23.046278614086322,49.818282396782934,17164.31095927946,1886.998636623406
2024-03-05,2024,3,ZIMA,23.10916068397469,49.818282396782934,21588.022501435902,1886.998656178728
2024-03-09,2024,3,ZIMA,23.10916068397469,49.692518257006185,23420.202641510772,1873.8747939632644
2024-03-09,2024,3,ZIMA,23.046278614086322,49.755400326894545,16932.41386754635,1879.3050170669912
2024-03-09,2024,3,ZIMA,23.10916068397469,49.755400326894545,21409.293252281375,1879.3027598601511
2024-03-09,2024,3,ZIMA,22.794750334532857,49.818282396782934,4333.529104672702,1865.9126657918396
2024-03-09,2024,3,ZIMA,22.857632404421224,49.818282396782934,5124.013005619986,1865.9127147209915
2024-03-09,2024,3,ZIMA,23.046278614086322,49.818282396782934,17164.31095927946,1882.3334949119144
2024-03-09,2024,3,ZIMA,23.10916068397469,49.818282396782934,21588.022501435902,1882.333495233908
2024-03-09,2024,3,ZIMA,22.73186826464449,49.881164466671294,12583.700795204135,1874.8372305065084
2024-03-09,2024,3,ZIMA,22.794750334532857,49.881164466671294,11175.011060680648,1871.877624440743
2024-03-09,2024,3,ZIMA,22.857632404421224,49.881164466671294,11504.225194953451,1869.5836281691186
2024-03-09,2024,3,ZIMA,23.10916068397469,49.881164466671294,23907.400258968875,1874.1904348625972
2024-03-09,2024,3,ZIMA,22.73186826464449,49.944046536559654,19032.807114747964,1871.047536739932
2024-03-09,2024,3,ZIMA,22.794750334532857,49.944046536559654,18133.466014703823,1874.286511412763
2024-03-09,2024,3,ZIMA,22.857632404421224,49.944046536559654,18337.917441995833,1875.1581439165261
2024-03-09,2024,3,ZIMA,22.92051447430959,49.944046536559654,19611.67139609482,1876.6021836334137
2024-03-09,2024,3,ZIMA,22.98339654419796,49.944046536559654,21767.82095314391,1876.5136547848983
2024-03-21,2024,3,ZIMA,22.543222054979392,49.88466624217074,22652.23197915794,1856.876920420533
2024-03-21,2024,3,ZIMA,22.60610412486776,49.94754831205911,23789.93073825914,1856.8404487791202
2024-03-21,2024,3,ZIMA,22.668986194756126,49.94754831205911,21231.583181349688,1856.8404631198684
2024-03-21,2024,3,ZIMA,22.854130628921773,49.57375766822835,23283.399618043084,1869.909279169734
2024-03-21,2024,3,ZIMA,22.91701269881014,49.57375766822835,24259.650325481372,1869.9093082526663
2024-03-21,2024,3,ZIMA,22.854130628921773,49.63663973811673,16363.879178447985,1870.9474921154738
2024-03-21,2024,3,ZIMA,22.91701269881014,49.63663973811673,17723.73555961373,1870.946960528063
2024-03-21,2024,3,ZIMA,22.979894768698507,49.63663973811673,20040.623156352834,1871.1304043938687
2024-03-21,2024,3,ZIMA,23.042776838586875,49.63663973811673,23027.46026329523,1871.3175855824727
2024-03-21,2024,3,ZIMA,22.854130628921773,49.69952180800509,9553.233236262362,1869.7559641564967
2024-03-21,2024,3,ZIMA,22.91701269881014,49.69952180800509,11728.549324214437,1869.755984253615
2024-03-21,2024,3,ZIMA,22.979894768698507,49.69952180800509,14998.069231358255,1869.755993684613
2024-03-21,2024,3,ZIMA,23.042776838586875,49.69952180800509,18799.30470471293,1869.755988139966
2024-03-21,2024,3,ZIMA,23.10565890847524,49.69952180800509,22868.626582513712,1869.7559699225744
2024-03-29,2024,3,ZIMA,22.73186826464449,49.57725944372781,23493.2693373508,1900.2072821007287
2024-03-29,2024,3,ZIMA,22.794750334532857,49.57725944372781,22765.22415051175,1890.0634806889516
2024-03-29,2024,3,ZIMA,22.857632404421224,49.57725944372781,22929.642924141328,1872.9463091514212
2024-03-29,2024,3,ZIMA,22.92051447430959,49.57725944372781,23968.166495009584,1867.3206787109737
2024-03-29,2024,3,ZIMA,22.60610412486776,49.64014151361617,21764.45074750315,1881.8275386390405
2024-03-29,2024,3,ZIMA,22.668986194756126,49.64014151361617,18915.05239248048,1893.8725273971938
2024-03-29,2024,3,ZIMA,22.73186826464449,49.64014151361617,16822.773898113886,1896.3175006054003
2024-03-29,2024,3,ZIMA,22.794750334532857,49.64014151361617,15791.477478126646,1882.6837926457931
2024-03-29,2024,3,ZIMA,22.857632404421224,49.64014151361617,16027.29515834017,1880.2352905995579
2024-03-29,2024,3,ZIMA,22.92051447430959,49.64014151361617,17479.017342413288,1878.1707870362766
2024-03-29,2024,3,ZIMA,22.98339654419796,49.64014151361617,19882.064266925787,1881.3230552189327
2024-03-29,2024,3,ZIMA,23.046278614086322,49.64014151361617,22939.388354842766,1879.718888590006
2024-03-29,2024,3,ZIMA,22.543222054979392,49.703023583504546,21428.823452632554,1880.907052574877
2024-03-29,2024,3,ZIMA,22.60610412486776,49.703023583504546,17388.09997969512,1884.3537191795995
2024-03-29,2024,3,ZIMA,22.668986194756126,49.703023583504546,13659.542302594182,1891.706542968688
2024-03-29,2024,3,ZIMA,22.73186826464449,49.703023583504546,10578.554156056924,1888.6167102490833
2024-03-29,2024,3,ZIMA,22.794750334532857,49.703023583504546,8849.528317586586,1884.3439403235363
2024-03-29,2024,3,ZIMA,22.857632404421224,49.703023583504546,9263.256096580859,1881.388311708256
2024-03-29,2024,3,ZIMA,22.92051447430959,49.703023583504546,11592.548159691261,1879.070383888997
2024-03-29,2024,3,ZIMA,22.98339654419796,49.703023583504546,14968.36972927753,1888.1557284542598
2024-03-29,2024,3,ZIMA,23.046278614086322,49.703023583504546,18836.204875113814,1888.029374157709
2024-03-29,2024,3,ZIMA,23.10916068397469,49.703023583504546,22948.6082092133,1887.40083861294
2024-03-29,2024,3,ZIMA,22.480339985091025,49.765905653392906,24148.621374600574,1888.250494079621
2024-03-29,2024,3,ZIMA,22.543222054979392,49.765905653392906,19633.58536118644,1893.551907035699
2024-03-29,2024,3,ZIMA,22.60610412486776,49.765905653392906,15127.185678551421,1896.7913382869754
2024-03-29,2024,3,ZIMA,22.668986194756126,49.765905653392906,10640.406085574949,1896.3639872904666
2024-03-29,2024,3,ZIMA,22.73186826464449,49.765905653392906,6215.886208794365,1883.423766153525
2024-03-29,2024,3,ZIMA,22.794750334532857,49.765905653392906,2255.8386657603014,1883.0933827734789
2024-03-29,2024,3,ZIMA,22.857632404421224,49.765905653392906,3545.833307069924,1881.2434273202546
2024-03-29,2024,3,ZIMA,22.92051447430959,49.765905653392906,7815.986039923903,1880.3192374010337
2024-03-29,2024,3,ZIMA,22.98339654419796,49.765905653392906,12273.503404588548,1881.3922770118238
2024-03-29,2024,3,ZIMA,23.046278614086322,49.765905653392906,16769.633620027365,1885.3529664838288
2024-03-29,2024,3,ZIMA,23.10916068397469,49.765905653392906,21279.91361633516,1883.499891631666
2024-03-29,2024,3,ZIMA,22.480339985091025,49.82878772328128,24637.71098163613,1887.0703390297535
2024-03-29,2024,3,ZIMA,22.543222054979392,49.82878772328128,20238.437926157472,1888.1163372617796
2024-03-29,2024,3,ZIMA,22.60610412486776,49.82878772328128,15910.724569619551,1898.607382316828
2024-03-29,2024,3,ZIMA,22.668986194756126,49.82878772328128,11734.02227692739,1898.830562579078
2024-03-29,2024,3,ZIMA,22.73186826464449,49.82878772328128,7950.021305988564,1885.356415765366
2024-03-29,2024,3,ZIMA,22.794750334532857,49.82878772328128,5449.57910022521,1885.0141042226935
2024-03-29,2024,3,ZIMA,22.857632404421224,49.82878772328128,6096.910818244094,1882.0306885921425
2024-03-29,2024,3,ZIMA,22.92051447430959,49.82878772328128,9253.44027674539,1886.2323644893638
2024-03-29,2024,3,ZIMA,22.98339654419796,49.82878772328128,13231.00488394699,1885.00108694584
2024-03-29,2024,3,ZIMA,23.046278614086322,49.82878772328128,17477.763716287656,1889.7336449392587
2024-03-29,2024,3,ZIMA,23.10916068397469,49.82878772328128,21837.221769753294,1889.735722913117
2024-03-29,2024,3,ZIMA,22.543222054979392,49.89166979316964,23055.323741507742,1900.226682293978
2024-03-29,2024,3,ZIMA,22.60610412486776,49.89166979316964,19372.8599092558,1902.9013671875286
2024-03-29,2024,3,ZIMA,22.668986194756126,49.89166979316964,16124.320549651156,1901.160970385819
2024-03-29,2024,3,ZIMA,22.73186826464449,49.89166979316964,13623.731614643058,1896.809024492395
2024-03-29,2024,3,ZIMA,22.794750334532857,49.89166979316964,12334.694064801255,1890.7056809588478
2024-03-29,2024,3,ZIMA,22.857632404421224,49.89166979316964,12633.660695484874,1889.6296730719648
2024-03-29,2024,3,ZIMA,22.92051447430959,49.89166979316964,14422.21314753677,1890.5526455418133
2024-03-29,2024,3,ZIMA,22.98339654419796,49.89166979316964,17242.89404715196,1889.3277108599748
2024-03-29,2024,3,ZIMA,23.046278614086322,49.89166979316964,20677.545318090793,1889.9953435148889
2024-03-29,2024,3,ZIMA,23.10916068397469,49.89166979316964,24468.971890557703,1886.6664922063883
2024-03-29,2024,3,ZIMA,22.60610412486776,49.954551863058015,24398.873749480455,1904.2718885902127
2024-03-29,2024,3,ZIMA,22.668986194756126,49.954551863058015,21912.12152600626,1897.9249681534307
2024-03-29,2024,3,ZIMA,22.73186826464449,49.954551863058015,20145.72377669812,1896.398743005732
2024-03-29,2024,3,ZIMA,22.794750334532857,49.954551863058015,19298.50501956277,1887.5607733851862
2024-03-29,2024,3,ZIMA,22.857632404421224,49.954551863058015,19490.69782676635,1891.5283876495248
2024-03-29,2024,3,ZIMA,22.92051447430959,49.954551863058015,20693.361969813795,1900.7124023437866
2024-03-29,2024,3,ZIMA,22.98339654419796,49.954551863058015,22746.784219170553,1893.9841777617905
2024-06-01,2024,6,LATO,22.52571317748213,49.765905653392906,20890.123640765443,1855.5877708524552
2024-06-01,2024,6,LATO,22.588595247370506,49.765905653392906,16380.668261241508,1855.5877431389151
2024-06-01,2024,6,LATO,22.52571317748213,49.82878772328128,21458.053684533254,1870.674380086097
2024-06-01,2024,6,LATO,22.588595247370506,49.82878772328128,17105.396575522118,1871.9804672699786
2024-06-01,2024,6,LATO,22.651477317258866,49.82878772328128,12873.244408405542,1870.8541453592045
2024-06-01,2024,6,LATO,22.714359387147226,49.82878772328128,8934.520738934094,1870.1793096455867
2024-06-01,2024,6,LATO,22.52571317748213,49.89166979316964,24131.63257145798,1875.1214165591257
2024-06-01,2024,6,LATO,22.588595247370506,49.89166979316964,20364.18316448082,1870.9228792723875
2024-06-01,2024,6,LATO,22.651477317258866,49.89166979316964,16970.281436225658,1870.1792820137296
2024-06-01,2024,6,LATO,22.714359387147226,49.89166979316964,14219.960460467935,1870.1793241564565
2024-06-01,2024,6,LATO,22.651477317258866,49.954551863058015,22541.104315333898,1889.8160436790447
2024-06-01,2024,6,LATO,22.714359387147226,49.954551863058015,20553.09728768775,1889.8160312476398
2024-06-07,2024,6,LATO,22.588595247370506,49.64014151361617,22655.85801047727,1881.7742870507407
2024-06-07,2024,6,LATO,22.651477317258866,49.64014151361617,19644.87615510022,1885.9595791847316
2024-06-07,2024,6,LATO,22.714359387147226,49.64014151361617,17311.644736144277,1897.1766413306793
2024-06-07,2024,6,LATO,22.7772414570356,49.64014151361617,15956.299449220478,1897.1766234824809
2024-06-07,2024,6,LATO,22.52571317748213,49.703023583504546,22587.162426536906,1881.7743169455382
2024-06-07,2024,6,LATO,22.588595247370506,49.703023583504546,18490.311644243488,1881.7742720794226
2024-06-07,2024,6,LATO,22.651477317258866,49.703023583504546,14652.263880901603,1881.7742599599694
2024-06-07,2024,6,LATO,22.7772414570356,49.703023583504546,9140.029561753958,1897.176560454412
2024-06-15,2024,6,LATO,22.522211401982673,49.69952180800509,22972.690528148636,1827.4827883734924
2024-06-15,2024,6,LATO,22.585093471871062,49.69952180800509,18898.571534232142,1852.4935339129133
2024-06-15,2024,6,LATO,22.647975541759422,49.69952180800509,15088.271817015364,1869.395762247244
2024-06-15,2024,6,LATO,22.710857611647782,49.69952180800509,11800.188539993918,1869.3957525001879
2024-06-15,2024,6,LATO,22.773739681536142,49.69952180800509,9587.573281007191,1869.3957513744162
2024-06-15,2024,6,LATO,22.836621751424502,49.69952180800509,9256.733154797244,1869.3957483330257
2024-06-15,2024,6,LATO,22.522211401982673,49.76240387789346,21177.822024514586,1835.345937130592
2024-06-15,2024,6,LATO,22.585093471871062,49.76240387789346,16677.286728336796,1865.8305956616023
2024-06-15,2024,6,LATO,22.647975541759422,49.76240387789346,12198.318928605378,1867.7611223733059
2024-06-15,2024,6,LATO,22.710857611647782,49.76240387789346,7778.271883640568,1867.8386704251354
2024-06-15,2024,6,LATO,22.773739681536142,49.76240387789346,3638.6189531583773,1867.9937313901169
2024-06-15,2024,6,LATO,22.836621751424502,49.76240387789346,2648.2285373622026,1867.7032063470983
2024-06-15,2024,6,LATO,22.522211401982673,49.82528594778182,21612.2429850413,1870.1938372222187
2024-06-15,2024,6,LATO,22.585093471871062,49.82528594778182,17231.98299275845,1870.1788244750137
2024-06-15,2024,6,LATO,22.647975541759422,49.82528594778182,12952.825335035941,1870.0952178771581
2024-06-15,2024,6,LATO,22.710857611647782,49.82528594778182,8921.462219068182,1870.0534224390399
2024-06-15,2024,6,LATO,22.773739681536142,49.82528594778182,5691.374642989685,1869.9741687240469
2024-06-15,2024,6,LATO,22.836621751424502,49.82528594778182,5115.993499263652,1870.3322874051448
2024-06-15,2024,6,LATO,22.522211401982673,49.888168017670196,24156.04586155313,1874.7326095913686
2024-06-15,2024,6,LATO,22.585093471871062,49.888168017670196,20336.84891660171,1874.5171418070045
2024-06-15,2024,6,LATO,22.647975541759422,49.888168017670196,16869.779982279415,1874.8118066122122
2024-06-15,2024,6,LATO,22.710857611647782,49.888168017670196,14018.58815455293,1874.9591148620189
2024-06-15,2024,6,LATO,22.773739681536142,49.888168017670196,12222.169535160607,1875.223545445778
2024-06-15,2024,6,LATO,22.647975541759422,49.951050087558556,22343.768308375453,1873.7958377708983
2024-06-15,2024,6,LATO,22.710857611647782,49.951050087558556,20280.28322966142,1873.7445474391307
2024-06-15,2024,6,LATO,22.773739681536142,49.951050087558556,19084.33367367535,1873.8648902516811
2024-06-20,2024,6,LATO,22.965887666700695,49.89166979316964,16380.984509599155,1865.0596881373974
2024-06-20,2024,6,LATO,23.02876973658907,49.89166979316964,19677.007522249452,1865.05966813726
2024-06-20,2024,6,LATO,22.965887666700695,49.954551863058015,22101.4288128028,1861.2817141784515
2024-06-20,2024,6,LATO,23.02876973658907,49.954551863058015,24640.7490788335,1864.7496713094342
2024-06-20,2024,6,LATO,22.714359387147226,49.57375766822835,24217.66519655963,1882.1954187789684
2024-06-20,2024,6,LATO,22.7772414570356,49.57375766822835,23266.810492080956,1882.4603046897962
2024-06-20,2024,6,LATO,22.84012352692396,49.57375766822835,23181.62987085124,1882.871624849961
2024-06-20,2024,6,LATO,22.903005596812335,49.57375766822835,23971.353255234702,1882.8275271251207
2024-06-20,2024,6,LATO,22.588595247370506,49.63663973811673,22928.32867859584,1881.536566534228
2024-06-20,2024,6,LATO,22.651477317258866,49.63663973811673,19958.266113137925,1881.202560037178
2024-06-20,2024,6,LATO,22.714359387147226,49.63663973811673,17666.298197156444,1881.0422154049002
2024-06-20,2024,6,LATO,22.7772414570356,49.63663973811673,16340.297051275738,1880.7122146111105
2024-06-20,2024,6,LATO,22.84012352692396,49.63663973811673,16218.936152678809,1886.8091278458403
2024-06-20,2024,6,LATO,22.903005596812335,49.63663973811673,17327.54509806988,1887.1143508010193
2024-06-20,2024,6,LATO,22.965887666700695,49.63663973811673,19457.009840422077,1887.6639336545793
2024-06-20,2024,6,LATO,23.02876973658907,49.63663973811673,22316.993932888305,1887.9469241316879
2024-06-20,2024,6,LATO,22.52571317748213,49.69952180800509,22741.24947121939,1864.6105189785744
2024-06-20,2024,6,LATO,22.588595247370506,49.69952180800509,18677.902786448478,1877.819702148372
2024-06-20,2024,6,LATO,22.651477317258866,49.69952180800509,14887.986065875959,1877.8196971166385
2024-06-20,2024,6,LATO,22.714359387147226,49.69952180800509,11641.68261194455,1877.81970353886
2024-06-20,2024,6,LATO,22.7772414570356,49.69952180800509,9512.834732500989,1877.8197046688745
2024-06-20,2024,6,LATO,22.84012352692396,49.69952180800509,9303.101501093282,1893.15722592247
2024-06-20,2024,6,LATO,22.903005596812335,49.69952180800509,11121.589456061673,1893.1572292572116
2024-06-20,2024,6,LATO,22.965887666700695,49.69952180800509,14209.8696362014,1893.1572406620653
2024-06-20,2024,6,LATO,23.02876973658907,49.69952180800509,17923.15887584026,1893.1572265794732
2024-06-20,2024,6,LATO,23.09165180647743,49.69952180800509,21946.46506816156,1893.1572311352975
2024-06-21,2024,6,LATO,22.710857611647782,49.57375766822835,24294.45528444245,1871.6478385534845
2024-06-21,2024,6,LATO,22.773739681536142,49.57375766822835,23297.546850156592,1870.4526456883475
2024-06-21,2024,6,LATO,22.836621751424502,49.57375766822835,23163.01263633399,1870.1875568182322
2024-06-21,2024,6,LATO,22.89950382131289,49.57375766822835,23905.41649511657,1878.6089907993814
2024-06-21,2024,6,LATO,22.585093471871062,49.63663973811673,23108.675838976807,1873.8261108221257
2024-06-21,2024,6,LATO,22.647975541759422,49.63663973811673,20108.305218846428,1874.1545883921285
2024-06-21,2024,6,LATO,22.710857611647782,49.63663973811673,17771.284525958312,1879.3821610815128
2024-06-21,2024,6,LATO,22.773739681536142,49.63663973811673,16383.976490202293,1879.0598577388234
2024-06-21,2024,6,LATO,22.836621751424502,49.63663973811673,16192.349759259985,1878.894012564764
2024-06-21,2024,6,LATO,22.89950382131289,49.63663973811673,17236.329028641198,1881.802805500331
2024-06-21,2024,6,LATO,22.96238589120125,49.63663973811673,19316.60843642679,1881.9605603574169
2024-06-21,2024,6,LATO,23.02526796108961,49.63663973811673,22143.018234475112,1882.7489590379776
2024-06-21,2024,6,LATO,22.522211401982673,49.69952180800509,22972.690528148636,1871.639038086006
2024-06-21,2024,6,LATO,22.585093471871062,49.69952180800509,18898.571534232142,1871.6390380858722
2024-06-21,2024,6,LATO,22.647975541759422,49.69952180800509,15088.271817015364,1876.404147356121
2024-06-21,2024,6,LATO,22.710857611647782,49.69952180800509,11800.188539993918,1879.5501382113127
2024-06-21,2024,6,LATO,22.773739681536142,49.69952180800509,9587.573281007191,1879.8257706263628
2024-06-21,2024,6,LATO,22.836621751424502,49.69952180800509,9256.733154797244,1879.484083044952
2024-06-21,2024,6,LATO,22.89950382131289,49.69952180800509,10979.117805988644,1877.0526260964857
2024-06-21,2024,6,LATO,22.96238589120125,49.69952180800509,14017.258236885224,1877.0987278509222
2024-06-21,2024,6,LATO,23.02526796108961,49.69952180800509,17706.344051279382,1887.482638316952
2024-06-21,2024,6,LATO,23.08815003097797,49.69952180800509,21717.140549638123,1892.7037974343061
2024-06-21,2024,6,LATO,22.522211401982673,49.76240387789346,21177.822024514586,1883.2088081074487
2024-06-21,2024,6,LATO,22.585093471871062,49.76240387789346,16677.286728336796,1882.9742038617276
2024-06-21,2024,6,LATO,22.647975541759422,49.76240387789346,12198.318928605378,1885.4992412785978
2024-06-21,2024,6,LATO,22.710857611647782,49.76240387789346,7778.271883640568,1885.538034721152
2024-06-21,2024,6,LATO,22.773739681536142,49.76240387789346,3638.6189531583773,1885.613279722159
2024-06-21,2024,6,LATO,22.836621751424502,49.76240387789346,2648.2285373622026,1883.2813127801694
2024-06-21,2024,6,LATO,22.89950382131289,49.76240387789346,6467.007521541004,1881.6581979911577
2024-06-21,2024,6,LATO,22.96238589120125,49.76240387789346,10847.432209507839,1882.908706220291
2024-06-21,2024,6,LATO,23.02526796108961,49.76240387789346,15314.922269643697,1890.4846156159488
2024-06-21,2024,6,LATO,23.08815003097797,49.76240387789346,19810.66073058297,1890.4242386483425
2024-06-21,2024,6,LATO,23.15103210086636,49.76240387789346,24318.983896724174,1890.3940430550167
2024-06-21,2024,6,LATO,22.522211401982673,49.82528594778182,21612.2429850413,1883.4337949026797
2024-06-21,2024,6,LATO,22.585093471871062,49.82528594778182,17231.98299275845,1883.6811433493897
2024-06-21,2024,6,LATO,22.647975541759422,49.82528594778182,12952.825335035941,1885.0219327655557
2024-06-21,2024,6,LATO,22.710857611647782,49.82528594778182,8921.462219068182,1884.9946481283812
2024-06-21,2024,6,LATO,22.773739681536142,49.82528594778182,5691.374642989685,1884.93910206501
2024-06-21,2024,6,LATO,22.836621751424502,49.82528594778182,5115.993499263652,1885.1053820661525
2024-06-21,2024,6,LATO,22.89950382131289,49.82528594778182,7806.237615620178,1885.1227587699423
2024-06-21,2024,6,LATO,22.96238589120125,49.82528594778182,11691.183537563493,1887.7787956099694
2024-06-21,2024,6,LATO,23.02526796108961,49.82528594778182,15918.937977582504,1891.5097301937417
2024-06-21,2024,6,LATO,23.08815003097797,49.82528594778182,20276.185247339086,1891.5593474692287
2024-06-21,2024,6,LATO,23.15103210086636,49.82528594778182,24694.47230118494,1891.5841623645535
2024-06-21,2024,6,LATO,22.522211401982673,49.888168017670196,24156.04586155313,1885.680786132841
2024-06-21,2024,6,LATO,22.585093471871062,49.888168017670196,20336.84891660171,1885.6804652626595
2024-06-21,2024,6,LATO,22.647975541759422,49.888168017670196,16869.779982279415,1883.689575195243
2024-06-21,2024,6,LATO,22.710857611647782,49.888168017670196,14018.58815455293,1883.689575195341
2024-06-21,2024,6,LATO,22.773739681536142,49.888168017670196,12222.169535160607,1883.718169351639
2024-06-21,2024,6,LATO,22.836621751424502,49.888168017670196,11965.41458788537,1883.776915345706
2024-06-21,2024,6,LATO,22.89950382131289,49.888168017670196,13337.538034994112,1883.8398067590504
2024-06-21,2024,6,LATO,22.96238589120125,49.888168017670196,15922.874507480621,1891.217329876035
2024-06-21,2024,6,LATO,23.02526796108961,49.888168017670196,19238.379445562026,1891.8439521876378
2024-06-21,2024,6,LATO,23.08815003097797,49.888168017670196,22970.018996073344,1891.7819645866603
2024-06-21,2024,6,LATO,22.647975541759422,49.951050087558556,22343.768308375453,1885.9470898201323
2024-06-21,2024,6,LATO,22.710857611647782,49.951050087558556,20280.28322966142,1885.8878669002058
2024-06-21,2024,6,LATO,22.773739681536142,49.951050087558556,19084.33367367535,1884.1875186965035
2024-06-21,2024,6,LATO,22.836621751424502,49.951050087558556,18921.141041467326,1883.5661825055859
2024-06-21,2024,6,LATO,22.89950382131289,49.951050087558556,19816.236401582733,1883.5749860050853
2024-06-21,2024,6,LATO,22.96238589120125,49.951050087558556,21638.688368898416,1890.685369672525
2024-06-21,2024,6,LATO,23.02526796108961,49.951050087558556,24179.71255159853,1890.7188355759101
2024-06-28,2024,6,LATO,22.84012352692396,49.89166979316964,12386.26901971219,1880.0998514204646
2024-06-28,2024,6,LATO,22.903005596812335,49.89166979316964,13799.09481397737,1880.0998454779574
2024-06-28,2024,6,LATO,22.965887666700695,49.89166979316964,16380.984509599155,1880.0998076681226
2024-06-28,2024,6,LATO,22.84012352692396,49.954551863058015,19331.467149038792,1880.0998330144678
2024-06-28,2024,6,LATO,22.903005596812335,49.954551863058015,20264.5722208888,1880.0998532370063
2024-06-30,2024,6,LATO,22.847127077922863,49.82878772328128,5750.861621632254,1907.7634142292475
2024-06-30,2024,6,LATO,22.910009147811238,49.82878772328128,8641.76161762721,1907.7634399951526
2024-06-30,2024,6,LATO,22.784245008034503,49.89166979316964,12445.375005463568,1907.9269147260675
2024-06-30,2024,6,LATO,22.847127077922863,49.89166979316964,12470.557128002267,1907.926315171797
2024-06-30,2024,6,LATO,22.910009147811238,49.89166979316964,14038.103410697095,1907.8892772074846
2024-06-30,2024,6,LATO,22.972891217699598,49.89166979316964,16719.694789104768,1907.7770946884548
2024-06-30,2024,6,LATO,22.847127077922863,49.954551863058015,19385.51095194934,1907.926885337504
2024-06-30,2024,6,LATO,22.910009147811238,49.954551863058015,20427.862442196416,1907.9268797755954
2024-07-10,2024,7,LATO,22.721362938146143,49.57725944372781,23697.5898107481,1890.1722313029302
2024-07-10,2024,7,LATO,22.784245008034503,49.57725944372781,22825.772528221212,1881.4659780830457
2024-07-10,2024,7,LATO,22.847127077922863,49.57725944372781,22839.601460497255,1873.8140857053136
2024-07-10,2024,7,LATO,22.910009147811238,49.57725944372781,23737.528821185646,1873.8140857998992
2024-07-11,2024,7,LATO,22.847127077922863,49.57725944372781,22839.601460497255,1882.042220767
2024-07-11,2024,7,LATO,22.910009147811238,49.57725944372781,23737.528821185646,1884.9917711653857
2024-07-11,2024,7,LATO,22.847127077922863,49.64014151361617,15898.37606674912,1880.9523314819755
2024-07-11,2024,7,LATO,22.910009147811238,49.64014151361617,17161.80236162699,1880.3452094232234
2024-07-11,2024,7,LATO,22.972891217699598,49.64014151361617,19427.689326518714,1879.3581542968786
2024-07-11,2024,7,LATO,23.035773287587972,49.64014151361617,22393.780214513983,1879.0426418990883
2024-07-11,2024,7,LATO,22.847127077922863,49.703023583504546,9038.66068024557,1881.0634715232093
2024-07-11,2024,7,LATO,22.910009147811238,49.703023583504546,11109.12789583884,1881.063479064144
2024-07-11,2024,7,LATO,22.972891217699598,49.703023583504546,14360.143110542414,1881.1055154530197
2024-07-11,2024,7,LATO,23.035773287587972,49.703023583504546,18168.663048577168,1880.0531889489391
2024-07-11,2024,7,LATO,23.098655357476332,49.703023583504546,22250.223097835118,1877.7759760456995
2024-07-11,2024,7,LATO,22.721362938146143,49.765905653392906,6945.655089638345,1860.6683067032372
2024-07-11,2024,7,LATO,22.784245008034503,49.765905653392906,2799.754239036753,1860.6683402791825
2024-07-11,2024,7,LATO,22.847127077922863,49.765905653392906,2909.9299496572144,1860.6683348911363
2024-07-11,2024,7,LATO,22.910009147811238,49.765905653392906,7080.207037852592,1860.6683394276977
2024-07-11,2024,7,LATO,22.972891217699598,49.765905653392906,11524.908902168252,1873.0811748676963
2024-07-11,2024,7,LATO,23.035773287587972,49.765905653392906,16017.184810434974,1873.8750787995546
2024-07-11,2024,7,LATO,23.098655357476332,49.765905653392906,20525.820239153934,1881.5050032465608
2024-07-11,2024,7,LATO,22.847127077922863,49.82878772328128,5750.861621632254,1860.6683216334816
2024-07-11,2024,7,LATO,22.910009147811238,49.82878772328128,8641.76161762721,1860.6683299646884
2024-07-11,2024,7,LATO,22.972891217699598,49.82878772328128,12540.621480203294,1873.081169418802
2024-07-11,2024,7,LATO,23.035773287587972,49.82878772328128,16758.09500148916,1873.0811865127419
2024-07-11,2024,7,LATO,23.098655357476332,49.82878772328128,21104.019131336558,1874.3037070746295
2024-07-11,2024,7,LATO,22.532716728481034,49.89166979316964,23698.94177557943,1851.0307643842498
2024-07-11,2024,7,LATO,23.098655357476332,49.89166979316964,23817.78306999105,1878.0299740992236
2024-07-12,2024,7,LATO,22.717861162646685,49.57725944372781,23770.680769692324,1864.235134322465
2024-07-12,2024,7,LATO,22.59209702286995,49.64014151361617,22474.728721047504,1861.3194139667874
2024-07-12,2024,7,LATO,22.654979092758325,49.64014151361617,19494.553455866462,1860.7222269060646
2024-07-12,2024,7,LATO,22.717861162646685,49.64014151361617,17207.568838300576,1863.0128107888036
2024-07-12,2024,7,LATO,22.780743232535045,49.64014151361617,15915.45767958923,1864.2351047726909
2024-07-12,2024,7,LATO,22.84362530242342,49.64014151361617,15863.214412557072,1864.2350680222753
2024-07-12,2024,7,LATO,22.52921495298159,49.703023583504546,22354.596757050298,1869.2400682660596
2024-07-12,2024,7,LATO,22.59209702286995,49.703023583504546,18268.21499736369,1869.0012135129052
2024-07-12,2024,7,LATO,22.654979092758325,49.703023583504546,14450.358582796438,1861.2495679653582
2024-07-12,2024,7,LATO,22.717861162646685,49.703023583504546,11179.609293972992,1859.4434814453805
2024-07-12,2024,7,LATO,22.780743232535045,49.703023583504546,9068.63376435645,1862.8034191955473
2024-07-12,2024,7,LATO,22.84362530242342,49.703023583504546,8976.749731993239,1864.2351177554847
2024-07-12,2024,7,LATO,22.90650737231178,49.703023583504546,10954.88011534553,1896.4146482443414
2024-07-12,2024,7,LATO,22.52921495298159,49.765905653392906,20638.77062021848,1891.0413413211406
2024-07-12,2024,7,LATO,22.59209702286995,49.765905653392906,16129.875636589464,1889.6023409644201
2024-07-12,2024,7,LATO,22.654979092758325,49.765905653392906,11636.98088129893,1881.9209330577341
2024-07-12,2024,7,LATO,22.717861162646685,49.765905653392906,7190.149421692453,1872.3851016438734
2024-07-12,2024,7,LATO,22.780743232535045,49.765905653392906,3001.6205564528414,1866.6777317171557
2024-07-12,2024,7,LATO,22.84362530242342,49.765905653392906,2711.7845216005016,1912.2375117773354
2024-07-12,2024,7,LATO,22.90650737231178,49.765905653392906,6835.963182596178,1915.2661230900544
2024-07-12,2024,7,LATO,22.969389442200153,49.765905653392906,11275.618279068221,1918.6289016791357
2024-07-12,2024,7,LATO,23.032271512088514,49.765905653392906,15766.459244749018,1918.7382796742281
2024-07-12,2024,7,LATO,23.095153581976888,49.765905653392906,20274.499141863576,1918.7382391524743
2024-07-12,2024,7,LATO,22.52921495298159,49.82878772328128,21213.749383161125,1892.629879023618
2024-07-12,2024,7,LATO,22.59209702286995,49.82878772328128,16865.697102093472,1892.4928748485308
2024-07-12,2024,7,LATO,22.654979092758325,49.82878772328128,12643.560664584973,1889.6912944353337
2024-07-12,2024,7,LATO,22.717861162646685,49.82878772328128,8731.948753355113,1889.1909670856862
2024-07-12,2024,7,LATO,22.780743232535045,49.82878772328128,5797.735700055515,1875.6768245665648
2024-07-12,2024,7,LATO,22.84362530242342,49.82878772328128,5653.312196730159,1909.4061284934548
2024-07-12,2024,7,LATO,22.90650737231178,49.82878772328128,8443.074489630133,1912.5356109662073
2024-07-12,2024,7,LATO,22.969389442200153,49.82878772328128,12312.212884683175,1915.1076165280194
2024-07-12,2024,7,LATO,23.032271512088514,49.82878772328128,16518.931220972747,1916.9118131911648
2024-07-12,2024,7,LATO,23.095153581976888,49.82878772328128,20859.98350400866,1918.6201277865914
2024-07-12,2024,7,LATO,22.654979092758325,49.89166979316964,16796.942183041385,1892.629896067168
2024-07-12,2024,7,LATO,22.717861162646685,49.89166979316964,14093.728948783195,1892.6298900141378
2024-07-12,2024,7,LATO,22.780743232535045,49.89166979316964,12492.214459069874,1911.2587789504441
2024-07-12,2024,7,LATO,22.84362530242342,49.89166979316964,12425.931299741358,1911.2587890625284
2024-07-12,2024,7,LATO,22.90650737231178,49.89166979316964,13916.83236940334,1910.550285108815
2024-07-12,2024,7,LATO,22.969389442200153,49.89166979316964,16549.288935805096,1908.0725462990797
2024-07-12,2024,7,LATO,23.032271512088514,49.89166979316964,19874.758845354678,1908.8189987447993
2024-07-12,2024,7,LATO,23.095153581976888,49.89166979316964,23602.105020718893,1913.669271284048
2024-07-12,2024,7,LATO,22.717861162646685,49.954551863058015,20466.07869100656,1892.629903896892
2024-07-12,2024,7,LATO,22.84362530242342,49.954551863058015,19356.87092457476,1911.258788475796
2024-07-12,2024,7,LATO,22.90650737231178,49.954551863058015,20344.823639693168,1911.2588032405126
2024-07-12,2024,7,LATO,22.969389442200153,49.954551863058015,22226.296487740947,1910.7086913434998
2024-07-12,2024,7,LATO,23.032271512088514,49.954551863058015,24798.74504417711,1910.3060246167408
2024-07-12,2024,7,LATO,23.158035651865248,49.76240387789346,24821.582978122697,1894.8223988613875
2024-07-12,2024,7,LATO,23.095153581976888,49.888168017670196,23402.934199081843,1878.2434804642553
2024-07-15,2024,7,LATO,22.654979092758325,49.82878772328128,12643.560664584973,1879.8249525187812
2024-07-15,2024,7,LATO,22.717861162646685,49.82878772328128,8731.948753355113,1879.8249697564688
2024-07-15,2024,7,LATO,22.780743232535045,49.82878772328128,5797.735700055515,1879.8249471040701
2024-07-15,2024,7,LATO,22.717861162646685,49.954551863058015,20466.07869100656,1901.383892623236
2024-07-15,2024,7,LATO,22.780743232535045,49.954551863058015,19399.431935623354,1901.3839235738951
2024-07-16,2024,7,LATO,22.780743232535045,49.64014151361617,15915.45767958923,1886.133060841877
2024-07-16,2024,7,LATO,22.84362530242342,49.64014151361617,15863.214412557072,1886.1330559346898
2024-07-16,2024,7,LATO,22.90650737231178,49.64014151361617,17062.231736255588,1901.830830942222
2024-07-16,2024,7,LATO,22.969389442200153,49.64014151361617,19280.468818556892,1905.1463519189429
2024-07-16,2024,7,LATO,23.032271512088514,49.64014151361617,22214.67602561404,1905.1463761417745
2024-07-16,2024,7,LATO,22.780743232535045,49.703023583504546,9068.63376435645,1886.1330450931146
2024-07-16,2024,7,LATO,22.84362530242342,49.703023583504546,8976.749731993239,1886.9134050806276
2024-07-16,2024,7,LATO,22.90650737231178,49.703023583504546,10954.88011534553,1903.9789558390924
2024-07-16,2024,7,LATO,22.969389442200153,49.703023583504546,14160.593497162869,1905.6160183840502
2024-07-16,2024,7,LATO,23.032271512088514,49.703023583504546,17947.730849060772,1905.1655448379854
2024-07-16,2024,7,LATO,23.095153581976888,49.703023583504546,22018.29212632753,1893.0684689311356
2024-07-16,2024,7,LATO,22.84362530242342,49.765905653392906,2711.7845216005016,1911.9180837792896
2024-07-16,2024,7,LATO,22.90650737231178,49.765905653392906,6835.963182596178,1910.2535552472748
2024-07-16,2024,7,LATO,22.969389442200153,49.765905653392906,11275.618279068221,1908.6220504333935
2024-07-16,2024,7,LATO,23.032271512088514,49.765905653392906,15766.459244749018,1892.816586097345
2024-07-16,2024,7,LATO,23.095153581976888,49.765905653392906,20274.499141863576,1890.0863037109777
2024-07-16,2024,7,LATO,23.158035651865248,49.765905653392906,24790.35474535101,1891.218626704282
2024-07-16,2024,7,LATO,22.780743232535045,49.82878772328128,5797.735700055515,1911.1792242241738
2024-07-16,2024,7,LATO,22.84362530242342,49.82878772328128,5653.312196730159,1914.1784024051622
2024-07-16,2024,7,LATO,22.90650737231178,49.82878772328128,8443.074489630133,1914.3697884873422
2024-07-16,2024,7,LATO,22.969389442200153,49.82878772328128,12312.212884683175,1902.2098856750615
2024-07-16,2024,7,LATO,23.032271512088514,49.82878772328128,16518.931220972747,1890.8856829958138
2024-07-16,2024,7,LATO,23.095153581976888,49.82878772328128,20859.98350400866,1890.322928459314
2024-07-16,2024,7,LATO,22.780743232535045,49.89166979316964,12492.214459069874,1910.4450738937783
2024-07-16,2024,7,LATO,22.84362530242342,49.89166979316964,12425.931299741358,1910.7348107524547
2024-07-16,2024,7,LATO,22.90650737231178,49.89166979316964,13916.83236940334,1910.8692037793357
2024-07-16,2024,7,LATO,22.969389442200153,49.89166979316964,16549.288935805096,1898.0694282524191
2024-07-16,2024,7,LATO,23.032271512088514,49.89166979316964,19874.758845354678,1897.8356794953033
2024-07-16,2024,7,LATO,23.095153581976888,49.89166979316964,23602.105020718893,1887.6684327793387
2024-07-16,2024,7,LATO,22.780743232535045,49.954551863058015,19399.431935623354,1910.4450849709028
2024-07-16,2024,7,LATO,22.84362530242342,49.954551863058015,19356.87092457476,1910.4450730669832
2024-07-16,2024,7,LATO,22.90650737231178,49.954551863058015,20344.823639693168,1902.8580880899176
2024-07-16,2024,7,LATO,22.969389442200153,49.954551863058015,22226.296487740947,1894.923442561611
2024-07-16,2024,7,LATO,23.032271512088514,49.954551863058015,24798.74504417711,1897.0357648227748
2024-07-22,2024,7,LATO,22.847127077922863,49.64014151361617,15898.37606674912,1881.5701754432025
2024-07-22,2024,7,LATO,22.910009147811238,49.64014151361617,17161.80236162699,1881.5701949210759
2024-07-22,2024,7,LATO,22.972891217699598,49.64014151361617,19427.689326518714,1881.5701941069378
2024-07-22,2024,7,LATO,23.035773287587972,49.64014151361617,22393.780214513983,1881.5701961314185
2024-07-22,2024,7,LATO,22.910009147811238,49.703023583504546,11109.12789583884,1881.570164602195
2024-07-22,2024,7,LATO,22.972891217699598,49.703023583504546,14360.143110542414,1881.5701859153794
2024-07-22,2024,7,LATO,23.035773287587972,49.703023583504546,18168.663048577168,1882.6295508372611
2024-07-22,2024,7,LATO,23.098655357476332,49.703023583504546,22250.223097835118,1905.5525228558295
2024-07-22,2024,7,LATO,22.972891217699598,49.765905653392906,11524.908902168252,1897.628467354933
2024-07-22,2024,7,LATO,23.035773287587972,49.765905653392906,16017.184810434974,1897.6284357710197
2024-07-22,2024,7,LATO,23.098655357476332,49.765905653392906,20525.820239153934,1898.181172555538
2024-07-22,2024,7,LATO,23.098655357476332,49.82878772328128,21104.019131336558,1897.6284420535335
2024-07-22,2024,7,LATO,23.032271512088514,49.69952180800509,18140.89441277294,1913.0612474913696
2024-07-22,2024,7,LATO,23.095153581976888,49.69952180800509,22176.291067084392,1911.6518867558675
2024-07-27,2024,7,LATO,22.84362530242342,49.57725944372781,22815.108290191674,1861.1615407658762
2024-07-27,2024,7,LATO,22.90650737231178,49.57725944372781,23665.548368800108,1859.0881595842918
2024-07-27,2024,7,LATO,22.59209702286995,49.64014151361617,22474.728721047504,1855.9437686507645
2024-07-27,2024,7,LATO,22.654979092758325,49.64014151361617,19494.553455866462,1852.071929177467
2024-07-27,2024,7,LATO,22.717861162646685,49.64014151361617,17207.568838300576,1851.0776669838297
2024-07-27,2024,7,LATO,22.780743232535045,49.64014151361617,15915.45767958923,1857.2510077099475
2024-07-27,2024,7,LATO,22.84362530242342,49.64014151361617,15863.214412557072,1872.0141601562536
2024-07-27,2024,7,LATO,22.90650737231178,49.64014151361617,17062.231736255588,1870.6029040684332
2024-07-27,2024,7,LATO,22.969389442200153,49.64014151361617,19280.468818556892,1863.6061631850087
2024-07-27,2024,7,LATO,23.032271512088514,49.64014151361617,22214.67602561404,1851.921052829743
2024-07-27,2024,7,LATO,22.52921495298159,49.703023583504546,22354.596757050298,1852.8107978249652
2024-07-27,2024,7,LATO,22.59209702286995,49.703023583504546,18268.21499736369,1852.2885019688902
2024-07-27,2024,7,LATO,22.654979092758325,49.703023583504546,14450.358582796438,1854.7096559467557
2024-07-27,2024,7,LATO,22.717861162646685,49.703023583504546,11179.609293972992,1854.2575972078052
2024-07-27,2024,7,LATO,22.780743232535045,49.703023583504546,9068.63376435645,1872.4636563054603
2024-07-27,2024,7,LATO,22.84362530242342,49.703023583504546,8976.749731993239,1877.8540126138648
2024-07-27,2024,7,LATO,22.90650737231178,49.703023583504546,10954.88011534553,1874.9191820518142
2024-07-27,2024,7,LATO,22.969389442200153,49.703023583504546,14160.593497162869,1872.014180628788
2024-07-27,2024,7,LATO,22.52921495298159,49.765905653392906,20638.77062021848,1827.8055451726298
2024-07-27,2024,7,LATO,22.59209702286995,49.765905653392906,16129.875636589464,1827.9120705488442
2024-07-27,2024,7,LATO,22.654979092758325,49.765905653392906,11636.98088129893,1842.5908737161615
2024-07-27,2024,7,LATO,22.717861162646685,49.765905653392906,7190.149421692453,1849.7371428007675
2024-07-27,2024,7,LATO,22.780743232535045,49.765905653392906,3001.6205564528414,1878.9992668928642
2024-07-27,2024,7,LATO,22.84362530242342,49.765905653392906,2711.7845216005016,1878.9992643708804
2024-07-27,2024,7,LATO,22.90650737231178,49.765905653392906,6835.963182596178,1879.0481072300197
2024-07-27,2024,7,LATO,22.52921495298159,49.82878772328128,21213.749383161125,1827.8055862369938
2024-07-27,2024,7,LATO,22.59209702286995,49.82878772328128,16865.697102093472,1827.8055168089534
2024-07-27,2024,7,LATO,22.654979092758325,49.82878772328128,12643.560664584973,1827.805538139787
2024-07-27,2024,7,LATO,22.717861162646685,49.82878772328128,8731.948753355113,1831.016278459919
2024-07-27,2024,7,LATO,22.84362530242342,49.82878772328128,5653.312196730159,1878.9992745097745
2024-07-27,2024,7,LATO,22.90650737231178,49.82878772328128,8443.074489630133,1878.999276114196
2024-07-31,2024,7,LATO,22.717861162646685,49.57725944372781,23770.680769692324,1893.1867716200395
2024-07-31,2024,7,LATO,22.780743232535045,49.57725944372781,22851.510375417707,1888.6945555554626
2024-07-31,2024,7,LATO,22.84362530242342,49.57725944372781,22815.108290191674,1884.2307555837026
2024-07-31,2024,7,LATO,22.90650737231178,49.57725944372781,23665.548368800108,1887.6873076564139
2024-07-31,2024,7,LATO,22.59209702286995,49.64014151361617,22474.728721047504,1863.9327928040698
2024-07-31,2024,7,LATO,22.654979092758325,49.64014151361617,19494.553455866462,1888.394775390563
2024-07-31,2024,7,LATO,22.717861162646685,49.64014151361617,17207.568838300576,1888.3947776594528
2024-07-31,2024,7,LATO,22.780743232535045,49.64014151361617,15915.45767958923,1890.1445289302624
2024-07-31,2024,7,LATO,22.84362530242342,49.64014151361617,15863.214412557072,1892.688938081642
2024-07-31,2024,7,LATO,22.90650737231178,49.64014151361617,17062.231736255588,1896.6940358346408
2024-07-31,2024,7,LATO,22.969389442200153,49.64014151361617,19280.468818556892,1891.023091374336
2024-07-31,2024,7,LATO,23.032271512088514,49.64014151361617,22214.67602561404,1884.9904643336147
2024-07-31,2024,7,LATO,22.52921495298159,49.703023583504546,22354.596757050298,1870.1156858638521
2024-07-31,2024,7,LATO,22.59209702286995,49.703023583504546,18268.21499736369,1871.4128152219132
2024-07-31,2024,7,LATO,22.654979092758325,49.703023583504546,14450.358582796438,1877.5114654077352
2024-07-31,2024,7,LATO,22.717861162646685,49.703023583504546,11179.609293972992,1882.0444773857935
2024-07-31,2024,7,LATO,22.780743232535045,49.703023583504546,9068.63376435645,1893.976135407169
2024-07-31,2024,7,LATO,22.84362530242342,49.703023583504546,8976.749731993239,1896.9487148705741
2024-07-31,2024,7,LATO,22.90650737231178,49.703023583504546,10954.88011534553,1896.976539300381
2024-07-31,2024,7,LATO,22.969389442200153,49.703023583504546,14160.593497162869,1893.025976557205
2024-07-31,2024,7,LATO,23.032271512088514,49.703023583504546,17947.730849060772,1892.7180175780952
2024-07-31,2024,7,LATO,23.095153581976888,49.703023583504546,22018.29212632753,1883.232754243358
2024-07-31,2024,7,LATO,22.52921495298159,49.765905653392906,20638.77062021848,1877.6616705569077
2024-07-31,2024,7,LATO,22.59209702286995,49.765905653392906,16129.875636589464,1890.6221266792895
2024-07-31,2024,7,LATO,22.654979092758325,49.765905653392906,11636.98088129893,1893.8736902933535
2024-07-31,2024,7,LATO,22.717861162646685,49.765905653392906,7190.149421692453,1889.3901940249548
2024-07-31,2024,7,LATO,22.780743232535045,49.765905653392906,3001.6205564528414,1892.545627538532
2024-07-31,2024,7,LATO,22.84362530242342,49.765905653392906,2711.7845216005016,1909.471924900042
2024-07-31,2024,7,LATO,22.90650737231178,49.765905653392906,6835.963182596178,1906.7773545064288
2024-07-31,2024,7,LATO,22.969389442200153,49.765905653392906,11275.618279068221,1898.3337561596118
2024-07-31,2024,7,LATO,23.032271512088514,49.765905653392906,15766.459244749018,1891.7304897425486
2024-07-31,2024,7,LATO,23.095153581976888,49.765905653392906,20274.499141863576,1869.427360455121
2024-07-31,2024,7,LATO,23.158035651865248,49.765905653392906,24790.35474535101,1881.514626206465
2024-07-31,2024,7,LATO,22.52921495298159,49.82878772328128,21213.749383161125,1886.1772478611779
2024-07-31,2024,7,LATO,22.59209702286995,49.82878772328128,16865.697102093472,1890.925363582443
2024-07-31,2024,7,LATO,22.654979092758325,49.82878772328128,12643.560664584973,1890.8132408457266
2024-07-31,2024,7,LATO,22.717861162646685,49.82878772328128,8731.948753355113,1890.554238520112
2024-07-31,2024,7,LATO,22.780743232535045,49.82878772328128,5797.735700055515,1906.3420230387217
2024-07-31,2024,7,LATO,22.84362530242342,49.82878772328128,5653.312196730159,1913.9842285360717
2024-07-31,2024,7,LATO,22.90650737231178,49.82878772328128,8443.074489630133,1907.9032900510808
2024-07-31,2024,7,LATO,22.969389442200153,49.82878772328128,12312.212884683175,1901.6768338244633
2024-07-31,2024,7,LATO,23.032271512088514,49.82878772328128,16518.931220972747,1888.9546992839487
2024-07-31,2024,7,LATO,23.095153581976888,49.82878772328128,20859.98350400866,1886.0085460836144
2024-07-31,2024,7,LATO,22.52921495298159,49.89166979316964,23914.93899028903,1910.5662841797161
2024-07-31,2024,7,LATO,22.59209702286995,49.89166979316964,20163.52320440159,1908.3587294318081
2024-07-31,2024,7,LATO,22.654979092758325,49.89166979316964,16796.942183041385,1901.5402486722628
2024-07-31,2024,7,LATO,22.717861162646685,49.89166979316964,14093.728948783195,1900.3731452872064
2024-07-31,2024,7,LATO,22.780743232535045,49.89166979316964,12492.214459069874,1913.7943047284114
2024-07-31,2024,7,LATO,22.84362530242342,49.89166979316964,12425.931299741358,1906.993468599472
2024-07-31,2024,7,LATO,22.90650737231178,49.89166979316964,13916.83236940334,1904.5926586113974
2024-07-31,2024,7,LATO,22.969389442200153,49.89166979316964,16549.288935805096,1889.0629921671018
2024-07-31,2024,7,LATO,23.032271512088514,49.89166979316964,19874.758845354678,1886.79913532982
2024-07-31,2024,7,LATO,23.095153581976888,49.89166979316964,23602.105020718893,1888.85758786331
2024-07-31,2024,7,LATO,22.654979092758325,49.954551863058015,22411.0645353704,1903.9953751432943
2024-07-31,2024,7,LATO,22.717861162646685,49.954551863058015,20466.07869100656,1907.3259035261663
2024-07-31,2024,7,LATO,22.780743232535045,49.954551863058015,19399.431935623354,1915.8288785972659
2024-07-31,2024,7,LATO,22.84362530242342,49.954551863058015,19356.87092457476,1902.2490468425206
2024-07-31,2024,7,LATO,22.90650737231178,49.954551863058015,20344.823639693168,1902.22204589847
2024-07-31,2024,7,LATO,22.969389442200153,49.954551863058015,22226.296487740947,1888.0604504832002
2024-07-31,2024,7,LATO,23.032271512088514,49.954551863058015,24798.74504417711,1887.3714404215625
2024-08-12,2024,8,LATO,22.721362938146143,49.57725944372781,23697.5898107481,1865.8098077928014
2024-08-12,2024,8,LATO,22.784245008034503,49.57725944372781,22825.772528221212,1864.2675793290637
2024-08-12,2024,8,LATO,22.847127077922863,49.57725944372781,22839.601460497255,1866.653694705876
2024-08-12,2024,8,LATO,22.910009147811238,49.57725944372781,23737.528821185646,1873.2662904697029
2024-08-12,2024,8,LATO,22.59559879836941,49.64014151361617,22294.98905424956,1864.6975799381125
2024-08-12,2024,8,LATO,22.65848086825777,49.64014151361617,19346.360042072225,1880.7295681337098
2024-08-12,2024,8,LATO,22.721362938146143,49.64014151361617,17106.588908797177,1876.6288061875362
2024-08-12,2024,8,LATO,22.784245008034503,49.64014151361617,15878.528602308194,1875.8424247844123
2024-08-12,2024,8,LATO,22.847127077922863,49.64014151361617,15898.37606674912,1883.118842274418
2024-08-12,2024,8,LATO,22.910009147811238,49.64014151361617,17161.80236162699,1879.9463555180175
2024-08-12,2024,8,LATO,22.972891217699598,49.64014151361617,19427.689326518714,1877.7635904749943
2024-08-12,2024,8,LATO,23.035773287587972,49.64014151361617,22393.780214513983,1875.157868419563
2024-08-12,2024,8,LATO,22.532716728481034,49.703023583504546,22122.465906806905,1855.2545634535045
2024-08-12,2024,8,LATO,22.59559879836941,49.703023583504546,18046.915138960532,1861.6629564492594
2024-08-12,2024,8,LATO,22.65848086825777,49.703023583504546,14250.063235972633,1872.7835139335048
2024-08-12,2024,8,LATO,22.721362938146143,49.703023583504546,11023.750752286034,1881.0486467824965
2024-08-12,2024,8,LATO,22.784245008034503,49.703023583504546,9003.74969105232,1887.4259974134409
2024-08-12,2024,8,LATO,22.847127077922863,49.703023583504546,9038.66068024557,1888.0134712231516
2024-08-12,2024,8,LATO,22.910009147811238,49.703023583504546,11109.12789583884,1887.3922135829537
2024-08-12,2024,8,LATO,22.972891217699598,49.703023583504546,14360.143110542414,1881.8551946534112
2024-08-12,2024,8,LATO,23.035773287587972,49.703023583504546,18168.663048577168,1883.0467444164626
2024-08-12,2024,8,LATO,23.098655357476332,49.703023583504546,22250.223097835118,1877.7002546228011
2024-08-12,2024,8,LATO,22.469834658592674,49.765905653392906,24903.43217975922,1864.3814821514015
2024-08-12,2024,8,LATO,22.532716728481034,49.765905653392906,20387.43944261555,1866.7885790004295
2024-08-12,2024,8,LATO,22.59559879836941,49.765905653392906,15879.128789225302,1863.9357304923192
2024-08-12,2024,8,LATO,22.65848086825777,49.765905653392906,11387.63283000417,1861.1303550219113
2024-08-12,2024,8,LATO,22.721362938146143,49.765905653392906,6945.655089638345,1883.6531101380178
2024-08-12,2024,8,LATO,22.784245008034503,49.765905653392906,2799.754239036753,1884.6719788491707
2024-08-12,2024,8,LATO,22.847127077922863,49.765905653392906,2909.9299496572144,1889.8259636319967
2024-08-12,2024,8,LATO,22.910009147811238,49.765905653392906,7080.207037852592,1894.097278211259
2024-08-12,2024,8,LATO,22.972891217699598,49.765905653392906,11524.908902168252,1874.0803368206846
2024-08-12,2024,8,LATO,23.035773287587972,49.765905653392906,16017.184810434974,1877.4924685724795
2024-08-12,2024,8,LATO,23.098655357476332,49.765905653392906,20525.820239153934,1881.4934056963475
2024-08-12,2024,8,LATO,22.532716728481034,49.82878772328128,20969.629003077862,1874.0703899272758
2024-08-12,2024,8,LATO,22.59559879836941,49.82878772328128,16626.36365896378,1869.0724086413027
2024-08-12,2024,8,LATO,22.65848086825777,49.82878772328128,12414.745842026043,1865.5837894913257
2024-08-12,2024,8,LATO,22.721362938146143,49.82878772328128,8532.01505542116,1893.8917236327711
2024-08-12,2024,8,LATO,22.784245008034503,49.82878772328128,5695.977327613162,1892.6456797079097
2024-08-12,2024,8,LATO,22.847127077922863,49.82878772328128,5750.861621632254,1885.5816116083613
2024-08-12,2024,8,LATO,22.910009147811238,49.82878772328128,8641.76161762721,1883.348358520518
2024-08-12,2024,8,LATO,22.972891217699598,49.82878772328128,12540.621480203294,1876.2465690500085
2024-08-12,2024,8,LATO,23.035773287587972,49.82878772328128,16758.09500148916,1873.1424223069394
2024-08-12,2024,8,LATO,23.098655357476332,49.82878772328128,21104.019131336558,1875.0795653239563
2024-08-12,2024,8,LATO,22.532716728481034,49.89166979316964,23698.94177557943,1885.2846856994913
2024-08-12,2024,8,LATO,22.59559879836941,49.89166979316964,19964.02510849638,1885.75399109515
2024-08-12,2024,8,LATO,22.65848086825777,49.89166979316964,16625.61277503751,1888.4035907195405
2024-08-12,2024,8,LATO,22.721362938146143,49.89166979316964,13970.899561599594,1899.0222144391614
2024-08-12,2024,8,LATO,22.784245008034503,49.89166979316964,12445.375005463568,1899.0222172581707
2024-08-12,2024,8,LATO,22.847127077922863,49.89166979316964,12470.557128002267,1884.654803914919
2024-08-12,2024,8,LATO,22.910009147811238,49.89166979316964,14038.103410697095,1878.0412277193075
2024-08-12,2024,8,LATO,22.972891217699598,49.89166979316964,16719.694789104768,1876.6105538757092
2024-08-12,2024,8,LATO,23.035773287587972,49.89166979316964,20073.723416020704,1878.8846340653474
2024-08-12,2024,8,LATO,23.098655357476332,49.89166979316964,23817.78306999105,1874.8631591797116
2024-08-12,2024,8,LATO,22.784245008034503,49.954551863058015,19369.342116810156,1899.0221777162144
2024-08-12,2024,8,LATO,22.847127077922863,49.954551863058015,19385.51095194934,1884.3023615282489
2024-08-12,2024,8,LATO,22.910009147811238,49.954551863058015,20427.862442196416,1884.302368164095
2024-08-12,2024,8,LATO,22.972891217699598,49.954551863058015,22353.301975925337,1879.8997866539742
2024-08-12,2024,8,LATO,22.721362938146143,49.57375766822835,24071.31192737161,1879.3709964772345
2024-08-12,2024,8,LATO,22.784245008034503,49.57375766822835,23213.47200254646,1888.0376923730214
2024-08-12,2024,8,LATO,22.847127077922863,49.57375766822835,23227.071081055376,1895.9938329433803
2024-08-12,2024,8,LATO,22.910009147811238,49.57375766822835,24110.634691470696,1896.1239542682458
2024-08-12,2024,8,LATO,22.59559879836941,49.63663973811673,22571.790540453218,1885.647094726562
2024-08-12,2024,8,LATO,22.65848086825777,49.63663973811673,19664.486772395037,1885.6969625880074
2024-08-12,2024,8,LATO,22.721362938146143,49.63663973811673,17465.392259012075,1886.3431072835467
2024-08-12,2024,8,LATO,22.784245008034503,49.63663973811673,16264.356998053161,1893.4635680816925
2024-08-12,2024,8,LATO,22.847127077922863,49.63663973811673,16283.735590929136,1897.3941739115996
2024-08-12,2024,8,LATO,22.910009147811238,49.63663973811673,17519.478833120265,1897.4503029727002
2024-08-12,2024,8,LATO,22.972891217699598,49.63663973811673,19744.511431068626,1897.5625329783757
2024-08-12,2024,8,LATO,23.035773287587972,49.63663973811673,22669.38243449943,1897.616506665898
2024-08-12,2024,8,LATO,22.532716728481034,49.69952180800509,22279.733517436514,1896.837494791255
2024-08-12,2024,8,LATO,22.59559879836941,49.69952180800509,18239.035335458964,1897.2952259540705
2024-08-12,2024,8,LATO,22.65848086825777,49.69952180800509,14492.300027643201,1898.190826506502
2024-08-12,2024,8,LATO,22.721362938146143,49.69952180800509,11334.888138469481,1899.1063846200946
2024-08-12,2024,8,LATO,22.784245008034503,49.69952180800509,9381.962224519051,1901.5894841765482
2024-08-12,2024,8,LATO,22.847127077922863,49.69952180800509,9415.473371933953,1902.005249023408
2024-08-12,2024,8,LATO,22.910009147811238,49.69952180800509,11417.9449356954,1902.00524902347
2024-08-12,2024,8,LATO,22.972891217699598,49.69952180800509,14600.561429913467,1902.072413654184
2024-08-12,2024,8,LATO,23.035773287587972,49.69952180800509,18359.5179038259,1902.1386031683421
2024-08-12,2024,8,LATO,23.098655357476332,49.69952180800509,22406.60311471157,1902.269948261186
2024-08-12,2024,8,LATO,22.469834658592674,49.76240387789346,24934.526910916018,1890.792905588801
2024-08-12,2024,8,LATO,22.532716728481034,49.76240387789346,20425.049591277475,1890.508118290367
2024-08-12,2024,8,LATO,22.59559879836941,49.76240387789346,15927.018449726114,1890.3716022761039
2024-08-12,2024,8,LATO,22.65848086825777,49.76240387789346,11453.93141995099,1890.0867054677706
2024-08-12,2024,8,LATO,22.721362938146143,49.76240387789346,7053.412131536549,1890.4292843547219
2024-08-12,2024,8,LATO,22.784245008034503,49.76240387789346,3056.8313002920936,1895.6526825983724
2024-08-12,2024,8,LATO,22.847127077922863,49.76240387789346,3158.0581094985164,1894.0528888172457
2024-08-12,2024,8,LATO,22.910009147811238,49.76240387789346,7185.956141010244,1893.2631420457212
2024-08-12,2024,8,LATO,22.972891217699598,49.76240387789346,11590.432057281076,1891.685054469002
2024-08-12,2024,8,LATO,23.035773287587972,49.76240387789346,16064.67279646741,1890.8851540214648
2024-08-12,2024,8,LATO,23.098655357476332,49.76240387789346,20563.18720723159,1889.796749124645
2024-08-12,2024,8,LATO,22.532716728481034,49.82528594778182,20876.112526345794,1888.8297458106972
2024-08-12,2024,8,LATO,22.59559879836941,49.82528594778182,16507.904605744377,1889.666425961438
2024-08-12,2024,8,LATO,22.65848086825777,49.82528594778182,12255.285727747369,1891.36967359645
2024-08-12,2024,8,LATO,22.721362938146143,49.82528594778182,8297.922383707672,1892.4722825050937
2024-08-12,2024,8,LATO,22.784245008034503,49.82528594778182,5338.676667401633,1891.7574079830615
2024-08-12,2024,8,LATO,22.847127077922863,49.82528594778182,5397.199806568097,1892.4168527117824
2024-08-12,2024,8,LATO,22.910009147811238,49.82528594778182,8410.732146713255,1892.7354300073275
2024-08-12,2024,8,LATO,22.972891217699598,49.82528594778182,12382.791606070135,1893.396202003507
2024-08-12,2024,8,LATO,23.035773287587972,49.82528594778182,16640.583268996892,1893.7265821437436
2024-08-12,2024,8,LATO,23.098655357476332,49.82528594778182,21011.110521215884,1894.3245387720424
2024-08-12,2024,8,LATO,22.532716728481034,49.888168017670196,23500.598725923315,1906.5138177475512
2024-08-12,2024,8,LATO,22.59559879836941,49.888168017670196,19727.868454144005,1906.7141073187488
2024-08-12,2024,8,LATO,22.65848086825777,49.888168017670196,16341.011246888356,1907.1098286611532
2024-08-12,2024,8,LATO,22.721362938146143,49.888168017670196,13630.766576823631,1898.420643034224
2024-08-12,2024,8,LATO,22.784245008034503,49.888168017670196,12062.180720151893,1889.1198730468054
2024-08-12,2024,8,LATO,22.847127077922863,49.888168017670196,12088.163019033,1889.8915003772947
2024-08-12,2024,8,LATO,22.910009147811238,49.888168017670196,13699.644034164903,1890.5602408112018
2024-08-12,2024,8,LATO,22.972891217699598,49.888168017670196,16436.72928391015,1891.8845215743459
2024-08-12,2024,8,LATO,23.035773287587972,49.888168017670196,19838.88063850604,1892.539363037681
2024-08-12,2024,8,LATO,23.098655357476332,49.888168017670196,23620.446613345717,1893.1702809973738
2024-08-12,2024,8,LATO,22.59559879836941,49.951050087558556,24570.454659828032,1901.3915917601269
2024-08-12,2024,8,LATO,22.65848086825777,49.951050087558556,21947.801702061053,1900.4327601316684
2024-08-12,2024,8,LATO,22.721362938146143,49.951050087558556,20014.515181710412,1899.4401790625982
2024-08-12,2024,8,LATO,22.784245008034503,49.951050087558556,18982.402780120574,1899.6798335313163
2024-08-12,2024,8,LATO,22.847127077922863,49.951050087558556,18998.902114168395,1900.2183837890332
2024-08-12,2024,8,LATO,22.910009147811238,49.951050087558556,20061.426144374847,1900.218383789095
2024-08-12,2024,8,LATO,22.972891217699598,49.951050087558556,22019.067621705944,1899.779718251508
2024-08-12,2024,8,LATO,23.035773287587972,49.951050087558556,24659.560436215612,1899.188635766341
2024-08-13,2024,8,LATO,22.599100573868853,49.64014151361617,22116.672890423062,1860.3160472727877
2024-08-13,2024,8,LATO,22.724864713645587,49.954551863058015,20300.290021989516,1897.547748179946
2024-08-13,2024,8,LATO,22.721362938146143,49.57375766822835,24071.31192737161,1904.2900963453742
2024-08-13,2024,8,LATO,22.784245008034503,49.57375766822835,23213.47200254646,1904.370891707055
2024-08-13,2024,8,LATO,22.847127077922863,49.57375766822835,23227.071081055376,1904.356617907333
2024-08-13,2024,8,LATO,22.910009147811238,49.57375766822835,24110.634691470696,1904.349481007523
2024-08-13,2024,8,LATO,22.59559879836941,49.63663973811673,22571.790540453218,1902.4134513614943
2024-08-13,2024,8,LATO,22.65848086825777,49.63663973811673,19664.486772395037,1902.413451419508
2024-08-13,2024,8,LATO,22.721362938146143,49.63663973811673,17465.392259012075,1903.952745754101
2024-08-13,2024,8,LATO,22.784245008034503,49.63663973811673,16264.356998053161,1904.5120518767453
2024-08-13,2024,8,LATO,22.847127077922863,49.63663973811673,16283.735590929136,1904.5207397219851
2024-08-13,2024,8,LATO,22.910009147811238,49.63663973811673,17519.478833120265,1904.5250755334268
2024-08-13,2024,8,LATO,22.972891217699598,49.63663973811673,19744.511431068626,1908.0756136397756
2024-08-13,2024,8,LATO,23.035773287587972,49.63663973811673,22669.38243449943,1908.0303597618326
2024-08-13,2024,8,LATO,22.532716728481034,49.69952180800509,22279.733517436514,1911.307442091086
2024-08-13,2024,8,LATO,22.59559879836941,49.69952180800509,18239.035335458964,1911.3080179386761
2024-08-13,2024,8,LATO,22.65848086825777,49.69952180800509,14492.300027643201,1911.3092058321556
2024-08-13,2024,8,LATO,22.721362938146143,49.69952180800509,11334.888138469481,1908.307010574808
2024-08-13,2024,8,LATO,22.784245008034503,49.69952180800509,9381.962224519051,1908.2958037266842
2024-08-13,2024,8,LATO,22.847127077922863,49.69952180800509,9415.473371933953,1908.3390634125662
2024-08-13,2024,8,LATO,22.910009147811238,49.69952180800509,11417.9449356954,1908.3606860668956
2024-08-13,2024,8,LATO,22.972891217699598,49.69952180800509,14600.561429913467,1895.0379829890649
2024-08-13,2024,8,LATO,23.035773287587972,49.69952180800509,18359.5179038259,1895.1740743370876
2024-08-13,2024,8,LATO,23.098655357476332,49.69952180800509,22406.60311471157,1895.4462570332616
2024-08-13,2024,8,LATO,22.469834658592674,49.76240387789346,24934.526910916018,1901.4693330688638
2024-08-13,2024,8,LATO,22.532716728481034,49.76240387789346,20425.049591277475,1918.9404166695667
2024-08-13,2024,8,LATO,22.59559879836941,49.76240387789346,15927.018449726114,1918.9382514487293
2024-08-13,2024,8,LATO,22.65848086825777,49.76240387789346,11453.93141995099,1918.9339344401355
2024-08-13,2024,8,LATO,22.721362938146143,49.76240387789346,7053.412131536549,1920.4637422449907
2024-08-13,2024,8,LATO,22.784245008034503,49.76240387789346,3056.8313002920936,1920.4779301724097
2024-08-13,2024,8,LATO,22.847127077922863,49.76240387789346,3158.0581094985164,1920.5063286996553
2024-08-13,2024,8,LATO,22.910009147811238,49.76240387789346,7185.956141010244,1918.1755697103326
2024-08-13,2024,8,LATO,22.972891217699598,49.76240387789346,11590.432057281076,1909.1534781386501
2024-08-13,2024,8,LATO,23.035773287587972,49.76240387789346,16064.67279646741,1909.101237513251
2024-08-13,2024,8,LATO,23.098655357476332,49.76240387789346,20563.18720723159,1908.9967562013956
2024-08-13,2024,8,LATO,22.532716728481034,49.82528594778182,20876.112526345794,1920.92229085286
2024-08-13,2024,8,LATO,22.59559879836941,49.82528594778182,16507.904605744377,1920.922251931897
2024-08-13,2024,8,LATO,22.65848086825777,49.82528594778182,12255.285727747369,1920.9221379810085
2024-08-13,2024,8,LATO,22.721362938146143,49.82528594778182,8297.922383707672,1925.2501239695946
2024-08-13,2024,8,LATO,22.784245008034503,49.82528594778182,5338.676667401633,1925.2671311867882
2024-08-13,2024,8,LATO,22.847127077922863,49.82528594778182,5397.199806568097,1925.3011385512625
2024-08-13,2024,8,LATO,22.910009147811238,49.82528594778182,8410.732146713255,1918.2596091877572
2024-08-13,2024,8,LATO,22.972891217699598,49.82528594778182,12382.791606070135,1908.2679670412138
2024-08-13,2024,8,LATO,23.035773287587972,49.82528594778182,16640.583268996892,1908.270233489832
2024-08-13,2024,8,LATO,23.098655357476332,49.82528594778182,21011.110521215884,1908.0756854435697
2024-08-13,2024,8,LATO,22.532716728481034,49.888168017670196,23500.598725923315,1935.194309198318
2024-08-13,2024,8,LATO,22.59559879836941,49.888168017670196,19727.868454144005,1935.1947992060432
2024-08-13,2024,8,LATO,22.65848086825777,49.888168017670196,16341.011246888356,1932.6982513997004
2024-08-13,2024,8,LATO,22.721362938146143,49.888168017670196,13630.766576823631,1916.7008326118023
2024-08-13,2024,8,LATO,22.784245008034503,49.888168017670196,12062.180720151893,1916.711244532198
2024-08-13,2024,8,LATO,22.847127077922863,49.888168017670196,12088.163019033,1916.7320729028238
2024-08-13,2024,8,LATO,22.910009147811238,49.888168017670196,13699.644034164903,1909.2508300853451
2024-08-13,2024,8,LATO,22.972891217699598,49.888168017670196,16436.72928391015,1907.7437718033864
2024-08-13,2024,8,LATO,23.035773287587972,49.888168017670196,19838.88063850604,1907.7999471915389
2024-08-13,2024,8,LATO,23.098655357476332,49.888168017670196,23620.446613345717,1904.3653806826103
2024-08-13,2024,8,LATO,22.59559879836941,49.951050087558556,24570.454659828032,1929.7978515624327
2024-08-13,2024,8,LATO,22.65848086825777,49.951050087558556,21947.801702061053,1926.1234321893176
2024-08-13,2024,8,LATO,22.721362938146143,49.951050087558556,20014.515181710412,1919.7088623046204
2024-08-13,2024,8,LATO,22.784245008034503,49.951050087558556,18982.402780120574,1919.7088623047243
2024-08-13,2024,8,LATO,22.847127077922863,49.951050087558556,18998.902114168395,1919.4680723791066
2024-08-13,2024,8,LATO,22.910009147811238,49.951050087558556,20061.426144374847,1915.5679303129434
2024-08-13,2024,8,LATO,22.972891217699598,49.951050087558556,22019.067621705944,1915.4955762545144
2024-08-13,2024,8,LATO,23.035773287587972,49.951050087558556,24659.560436215612,1915.414731166426
2024-08-14,2024,8,LATO,22.721362938146143,49.57375766822835,24071.31192737161,1905.1493518499217
2024-08-14,2024,8,LATO,22.784245008034503,49.57375766822835,23213.47200254646,1893.6173189787496
2024-08-14,2024,8,LATO,22.847127077922863,49.57375766822835,23227.071081055376,1891.6360360097567
2024-08-14,2024,8,LATO,22.910009147811238,49.57375766822835,24110.634691470696,1899.7817636366171
2024-08-14,2024,8,LATO,22.59559879836941,49.63663973811673,22571.790540453218,1896.0637862727735
2024-08-14,2024,8,LATO,22.65848086825777,49.63663973811673,19664.486772395037,1917.4002364761584
2024-08-14,2024,8,LATO,22.721362938146143,49.63663973811673,17465.392259012075,1901.9163711143037
2024-08-14,2024,8,LATO,22.784245008034503,49.63663973811673,16264.356998053161,1891.2179968048329
2024-08-14,2024,8,LATO,22.847127077922863,49.63663973811673,16283.735590929136,1890.8912353515657
2024-08-14,2024,8,LATO,22.910009147811238,49.63663973811673,17519.478833120265,1907.7383264232556
2024-08-14,2024,8,LATO,22.972891217699598,49.63663973811673,19744.511431068626,1911.0014961838142
2024-08-14,2024,8,LATO,23.035773287587972,49.63663973811673,22669.38243449943,1914.3484123742157
2024-08-14,2024,8,LATO,22.532716728481034,49.69952180800509,22279.733517436514,1900.1120941546865
2024-08-14,2024,8,LATO,22.59559879836941,49.69952180800509,18239.035335458964,1901.6026641162323
2024-08-14,2024,8,LATO,22.65848086825777,49.69952180800509,14492.300027643201,1914.1521650360742
2024-08-14,2024,8,LATO,22.721362938146143,49.69952180800509,11334.888138469481,1913.3390141364637
2024-08-14,2024,8,LATO,22.784245008034503,49.69952180800509,9381.962224519051,1911.8609688530908
2024-08-14,2024,8,LATO,22.847127077922863,49.69952180800509,9415.473371933953,1910.035028671044
2024-08-14,2024,8,LATO,22.910009147811238,49.69952180800509,11417.9449356954,1910.6849293065538
2024-08-14,2024,8,LATO,22.972891217699598,49.69952180800509,14600.561429913467,1911.4651149687961
2024-08-14,2024,8,LATO,23.035773287587972,49.69952180800509,18359.5179038259,1911.5139653132726
2024-08-14,2024,8,LATO,23.098655357476332,49.69952180800509,22406.60311471157,1908.4706936927544
2024-08-14,2024,8,LATO,22.469834658592674,49.76240387789346,24934.526910916018,1904.0730278043875
2024-08-14,2024,8,LATO,22.532716728481034,49.76240387789346,20425.049591277475,1904.3069296478923
2024-08-14,2024,8,LATO,22.59559879836941,49.76240387789346,15927.018449726114,1915.8899503097505
2024-08-14,2024,8,LATO,22.65848086825777,49.76240387789346,11453.93141995099,1917.1027512769936
2024-08-14,2024,8,LATO,22.721362938146143,49.76240387789346,7053.412131536549,1907.9348413386588
2024-08-14,2024,8,LATO,22.784245008034503,49.76240387789346,3056.8313002920936,1907.7303870759868
2024-08-14,2024,8,LATO,22.847127077922863,49.76240387789346,3158.0581094985164,1918.9908529660297
2024-08-14,2024,8,LATO,22.910009147811238,49.76240387789346,7185.956141010244,1918.7956991904985
2024-08-14,2024,8,LATO,22.972891217699598,49.76240387789346,11590.432057281076,1912.4788517797772
2024-08-14,2024,8,LATO,23.035773287587972,49.76240387789346,16064.67279646741,1909.923706054666
2024-08-14,2024,8,LATO,23.098655357476332,49.76240387789346,20563.18720723159,1915.1053873743724
2024-08-14,2024,8,LATO,22.532716728481034,49.82528594778182,20876.112526345794,1899.696478431857
2024-08-14,2024,8,LATO,22.59559879836941,49.82528594778182,16507.904605744377,1919.3349939194134
2024-08-14,2024,8,LATO,22.65848086825777,49.82528594778182,12255.285727747369,1921.5227092513812
2024-08-14,2024,8,LATO,22.721362938146143,49.82528594778182,8297.922383707672,1910.8199180155395
2024-08-14,2024,8,LATO,22.784245008034503,49.82528594778182,5338.676667401633,1910.1163694708682
2024-08-14,2024,8,LATO,22.847127077922863,49.82528594778182,5397.199806568097,1922.6464843749955
2024-08-14,2024,8,LATO,22.910009147811238,49.82528594778182,8410.732146713255,1922.6464843750248
2024-08-14,2024,8,LATO,22.972891217699598,49.82528594778182,12382.791606070135,1910.7852944920526
2024-08-14,2024,8,LATO,23.035773287587972,49.82528594778182,16640.583268996892,1910.3772027689206
2024-08-14,2024,8,LATO,23.098655357476332,49.82528594778182,21011.110521215884,1914.2779554874307
2024-08-14,2024,8,LATO,22.532716728481034,49.888168017670196,23500.598725923315,1921.4406424825218
2024-08-14,2024,8,LATO,22.59559879836941,49.888168017670196,19727.868454144005,1926.227539062525
2024-08-14,2024,8,LATO,22.65848086825777,49.888168017670196,16341.011246888356,1920.227340394218
2024-08-14,2024,8,LATO,22.721362938146143,49.888168017670196,13630.766576823631,1911.914628276875
2024-08-14,2024,8,LATO,22.784245008034503,49.888168017670196,12062.180720151893,1913.0321782260708
2024-08-14,2024,8,LATO,22.847127077922863,49.888168017670196,12088.163019033,1920.3601696808626
2024-08-14,2024,8,LATO,22.910009147811238,49.888168017670196,13699.644034164903,1920.6152614590465
2024-08-14,2024,8,LATO,22.972891217699598,49.888168017670196,16436.72928391015,1914.8697492613267
2024-08-14,2024,8,LATO,23.035773287587972,49.888168017670196,19838.88063850604,1913.9297106943118
2024-08-14,2024,8,LATO,23.098655357476332,49.888168017670196,23620.446613345717,1911.147773356574
2024-08-14,2024,8,LATO,22.59559879836941,49.951050087558556,24570.454659828032,1921.8051421111065
2024-08-14,2024,8,LATO,22.65848086825777,49.951050087558556,21947.801702061053,1915.991708660785
2024-08-14,2024,8,LATO,22.721362938146143,49.951050087558556,20014.515181710412,1912.6100161538236
2024-08-14,2024,8,LATO,22.784245008034503,49.951050087558556,18982.402780120574,1913.4499993072782
2024-08-14,2024,8,LATO,22.847127077922863,49.951050087558556,18998.902114168395,1916.9251076775593
2024-08-14,2024,8,LATO,22.910009147811238,49.951050087558556,20061.426144374847,1917.2304329604988
2024-08-14,2024,8,LATO,22.972891217699598,49.951050087558556,22019.067621705944,1920.06437160793
2024-08-14,2024,8,LATO,23.035773287587972,49.951050087558556,24659.560436215612,1920.902815535859
2024-08-15,2024,8,LATO,22.469834658592674,49.765905653392906,24903.43217975922,1902.0517729335243
2024-08-15,2024,8,LATO,22.532716728481034,49.82878772328128,20969.629003077862,1890.6411636962112
2024-08-15,2024,8,LATO,22.59559879836941,49.82878772328128,16626.36365896378,1882.2822295479777
2024-08-15,2024,8,LATO,22.65848086825777,49.82878772328128,12414.745842026043,1918.9422481036481
2024-08-15,2024,8,LATO,22.532716728481034,49.89166979316964,23698.94177557943,1904.2630442240174
2024-08-15,2024,8,LATO,22.59559879836941,49.89166979316964,19964.02510849638,1904.319946289087
2024-08-15,2024,8,LATO,22.65848086825777,49.89166979316964,16625.61277503751,1907.7574000233574
2024-08-15,2024,8,LATO,22.721362938146143,49.89166979316964,13970.899561599594,1918.9422818808425
2024-08-15,2024,8,LATO,22.65848086825777,49.954551863058015,22283.110131735197,1905.3079722844368
2024-08-17,2024,8,LATO,22.784245008034503,49.57725944372781,22825.772528221212,1864.4790420962888
2024-08-17,2024,8,LATO,22.847127077922863,49.57725944372781,22839.601460497255,1872.7889469845222
2024-08-17,2024,8,LATO,22.910009147811238,49.57725944372781,23737.528821185646,1871.746093750032
2024-08-17,2024,8,LATO,22.847127077922863,49.64014151361617,15898.37606674912,1879.4083191871373
2024-08-17,2024,8,LATO,22.910009147811238,49.64014151361617,17161.80236162699,1880.3773094053456
2024-08-17,2024,8,LATO,22.972891217699598,49.64014151361617,19427.689326518714,1893.6377045850631
2024-08-17,2024,8,LATO,23.035773287587972,49.64014151361617,22393.780214513983,1895.6211291818386
2024-08-17,2024,8,LATO,22.910009147811238,49.703023583504546,11109.12789583884,1893.1950742661686
2024-08-17,2024,8,LATO,22.972891217699598,49.703023583504546,14360.143110542414,1893.3039874924707
2024-08-17,2024,8,LATO,23.035773287587972,49.703023583504546,18168.663048577168,1893.405901134424
2024-08-17,2024,8,LATO,23.098655357476332,49.703023583504546,22250.223097835118,1886.1953198498002
2024-08-17,2024,8,LATO,22.65848086825777,49.765905653392906,11387.63283000417,1878.3021168498237
2024-08-17,2024,8,LATO,22.721362938146143,49.765905653392906,6945.655089638345,1878.3021185835755
2024-08-17,2024,8,LATO,22.784245008034503,49.765905653392906,2799.754239036753,1878.3020769649575
2024-08-17,2024,8,LATO,23.035773287587972,49.765905653392906,16017.184810434974,1885.8006414229317
2024-08-17,2024,8,LATO,23.098655357476332,49.765905653392906,20525.820239153934,1879.356569422655
2024-08-17,2024,8,LATO,22.65848086825777,49.82878772328128,12414.745842026043,1886.5773011484766
2024-08-17,2024,8,LATO,22.721362938146143,49.82878772328128,8532.01505542116,1878.9798126200542
2024-08-17,2024,8,LATO,22.784245008034503,49.82878772328128,5695.977327613162,1878.3021240430382
2024-08-17,2024,8,LATO,23.098655357476332,49.82878772328128,21104.019131336558,1879.356636448277
2024-08-17,2024,8,LATO,22.721362938146143,49.89166979316964,13970.899561599594,1889.0462647359027
2024-08-17,2024,8,LATO,22.784245008034503,49.89166979316964,12445.375005463568,1889.046265781105
2024-08-18,2024,8,LATO,23.098655357476332,49.703023583504546,22250.223097835118,1875.2410801562523
2024-08-18,2024,8,LATO,23.098655357476332,49.765905653392906,20525.820239153934,1864.0052593762266
2024-08-21,2024,8,LATO,22.721362938146143,49.57725944372781,23697.5898107481,1873.378665150166
2024-08-21,2024,8,LATO,22.784245008034503,49.57725944372781,22825.772528221212,1873.8433669897295
2024-08-21,2024,8,LATO,22.847127077922863,49.57725944372781,22839.601460497255,1895.1680319509003
2024-08-21,2024,8,LATO,22.910009147811238,49.57725944372781,23737.528821185646,1895.0474719172896
2024-08-21,2024,8,LATO,22.847127077922863,49.64014151361617,15898.37606674912,1898.4185227543478
2024-08-21,2024,8,LATO,22.910009147811238,49.64014151361617,17161.80236162699,1904.2437827440854
2024-08-21,2024,8,LATO,22.972891217699598,49.64014151361617,19427.689326518714,1899.3700289282817
2024-08-21,2024,8,LATO,23.035773287587972,49.64014151361617,22393.780214513983,1889.8873250137344
2024-08-21,2024,8,LATO,22.532716728481034,49.703023583504546,22122.465906806905,1863.1481136501188
2024-08-21,2024,8,LATO,22.972891217699598,49.703023583504546,14360.143110542414,1898.7016601903217
2024-08-21,2024,8,LATO,23.035773287587972,49.703023583504546,18168.663048577168,1898.7016601562202
2024-08-21,2024,8,LATO,23.098655357476332,49.703023583504546,22250.223097835118,1895.668527447842
2024-08-21,2024,8,LATO,22.469834658592674,49.765905653392906,24903.43217975922,1881.962251252283
2024-08-21,2024,8,LATO,22.532716728481034,49.765905653392906,20387.43944261555,1857.2713434346274
2024-08-21,2024,8,LATO,22.59559879836941,49.765905653392906,15879.128789225302,1843.5647812550212
2024-08-21,2024,8,LATO,23.035773287587972,49.765905653392906,16017.184810434974,1907.254850220422
2024-08-21,2024,8,LATO,23.098655357476332,49.765905653392906,20525.820239153934,1907.2548744809048
2024-08-21,2024,8,LATO,22.532716728481034,49.82878772328128,20969.629003077862,1881.380129269059
2024-08-21,2024,8,LATO,22.59559879836941,49.82878772328128,16626.36365896378,1881.3801318420976
2024-08-21,2024,8,LATO,23.098655357476332,49.82878772328128,21104.019131336558,1904.8413725168418
2024-08-24,2024,8,LATO,22.59559879836941,49.63663973811673,22571.790540453218,1892.0541992187498
2024-08-24,2024,8,LATO,22.65848086825777,49.63663973811673,19664.486772395037,1892.0542280616642
2024-08-24,2024,8,LATO,22.532716728481034,49.69952180800509,22279.733517436514,1873.269282449
2024-08-24,2024,8,LATO,22.59559879836941,49.69952180800509,18239.035335458964,1873.269273971872
2024-08-24,2024,8,LATO,22.65848086825777,49.69952180800509,14492.300027643201,1925.3977050415658
2024-08-24,2024,8,LATO,22.721362938146143,49.69952180800509,11334.888138469481,1925.3977150891649
2024-08-24,2024,8,LATO,22.784245008034503,49.69952180800509,9381.962224519051,1925.3977004148667
2024-08-24,2024,8,LATO,22.65848086825777,49.76240387789346,11453.93141995099,1907.026002234438
2024-08-24,2024,8,LATO,22.721362938146143,49.76240387789346,7053.412131536549,1907.0259979056236
2024-08-24,2024,8,LATO,22.784245008034503,49.76240387789346,3056.8313002920936,1907.0259987925238
2024-08-25,2024,8,LATO,22.721362938146143,49.57725944372781,23697.5898107481,1899.349117992949
2024-08-25,2024,8,LATO,22.784245008034503,49.57725944372781,22825.772528221212,1888.6950477768562
2024-08-25,2024,8,LATO,22.847127077922863,49.57725944372781,22839.601460497255,1879.3793416386259
2024-08-25,2024,8,LATO,22.910009147811238,49.57725944372781,23737.528821185646,1885.3955246640342
2024-08-25,2024,8,LATO,22.59559879836941,49.64014151361617,22294.98905424956,1869.3929732952129
2024-08-25,2024,8,LATO,22.65848086825777,49.64014151361617,19346.360042072225,1915.8316086989275
2024-08-25,2024,8,LATO,22.721362938146143,49.64014151361617,17106.588908797177,1908.522977750921
2024-08-25,2024,8,LATO,22.784245008034503,49.64014151361617,15878.528602308194,1892.509485204884
2024-08-25,2024,8,LATO,22.847127077922863,49.64014151361617,15898.37606674912,1892.2514780175404
2024-08-25,2024,8,LATO,22.910009147811238,49.64014151361617,17161.80236162699,1891.4440974254271
2024-08-25,2024,8,LATO,22.972891217699598,49.64014151361617,19427.689326518714,1891.1738547785646
2024-08-25,2024,8,LATO,22.532716728481034,49.703023583504546,22122.465906806905,1870.9266519781809
2024-08-25,2024,8,LATO,22.59559879836941,49.703023583504546,18046.915138960532,1870.9581298827472
2024-08-25,2024,8,LATO,22.65848086825777,49.703023583504546,14250.063235972633,1901.9761922776613
2024-08-25,2024,8,LATO,22.721362938146143,49.703023583504546,11023.750752286034,1903.2733640263064
2024-08-25,2024,8,LATO,22.784245008034503,49.703023583504546,9003.74969105232,1900.3084992443485
2024-08-25,2024,8,LATO,22.847127077922863,49.703023583504546,9038.66068024557,1893.6564555617529
2024-08-25,2024,8,LATO,22.910009147811238,49.703023583504546,11109.12789583884,1892.2652209943874
2024-08-25,2024,8,LATO,22.972891217699598,49.703023583504546,14360.143110542414,1892.0211420375613
2024-08-25,2024,8,LATO,23.098655357476332,49.703023583504546,22250.223097835118,1915.074339974727
2024-08-25,2024,8,LATO,22.469834658592674,49.765905653392906,24903.43217975922,1884.1742612128417
2024-08-25,2024,8,LATO,22.532716728481034,49.765905653392906,20387.43944261555,1885.6805549089436
2024-08-25,2024,8,LATO,22.59559879836941,49.765905653392906,15879.128789225302,1890.6867219925223
2024-08-25,2024,8,LATO,22.65848086825777,49.765905653392906,11387.63283000417,1905.5563314385427
2024-08-25,2024,8,LATO,22.721362938146143,49.765905653392906,6945.655089638345,1901.865759528797
2024-08-25,2024,8,LATO,22.784245008034503,49.765905653392906,2799.754239036753,1902.061442404153
2024-08-25,2024,8,LATO,22.847127077922863,49.765905653392906,2909.9299496572144,1907.0887451171661
2024-08-25,2024,8,LATO,22.910009147811238,49.765905653392906,7080.207037852592,1907.0887451172282
2024-08-25,2024,8,LATO,23.098655357476332,49.765905653392906,20525.820239153934,1921.6756637958447
2024-08-25,2024,8,LATO,22.532716728481034,49.82878772328128,20969.629003077862,1882.6262690109409
2024-08-25,2024,8,LATO,22.59559879836941,49.82878772328128,16626.36365896378,1902.176087970401
2024-08-25,2024,8,LATO,22.65848086825777,49.82878772328128,12414.745842026043,1911.0469108312923
2024-08-25,2024,8,LATO,22.721362938146143,49.82878772328128,8532.01505542116,1900.3840067298174
2024-08-25,2024,8,LATO,22.784245008034503,49.82878772328128,5695.977327613162,1900.378662109371
2024-08-25,2024,8,LATO,22.847127077922863,49.82878772328128,5750.861621632254,1914.450592208828
2024-08-25,2024,8,LATO,22.910009147811238,49.82878772328128,8641.76161762721,1913.6487397550159
2024-08-25,2024,8,LATO,22.532716728481034,49.89166979316964,23698.94177557943,1903.9552900496606
2024-08-25,2024,8,LATO,22.59559879836941,49.89166979316964,19964.02510849638,1924.0678710937748
2024-08-25,2024,8,LATO,22.65848086825777,49.89166979316964,16625.61277503751,1916.3576074223677
2024-08-25,2024,8,LATO,22.721362938146143,49.89166979316964,13970.899561599594,1908.549125178046
2024-08-25,2024,8,LATO,22.784245008034503,49.89166979316964,12445.375005463568,1909.6862574910128
2024-08-25,2024,8,LATO,22.847127077922863,49.89166979316964,12470.557128002267,1909.984604392879
2024-08-25,2024,8,LATO,22.910009147811238,49.89166979316964,14038.103410697095,1909.3865926236206
2024-08-25,2024,8,LATO,23.035773287587972,49.89166979316964,20073.723416020704,1916.7845024147355
2024-08-25,2024,8,LATO,22.65848086825777,49.954551863058015,22283.110131735197,1912.5995053058955
2024-08-25,2024,8,LATO,22.721362938146143,49.954551863058015,20381.79823470954,1909.60761378262
2024-08-25,2024,8,LATO,22.784245008034503,49.954551863058015,19369.342116810156,1910.2005809814327
2024-08-25,2024,8,LATO,22.847127077922863,49.954551863058015,19385.51095194934,1911.5573094864121
2024-08-25,2024,8,LATO,22.910009147811238,49.954551863058015,20427.862442196416,1912.0121957481983
2024-08-26,2024,8,LATO,22.721362938146143,49.57725944372781,23697.5898107481,1898.9492965392453
2024-08-26,2024,8,LATO,22.784245008034503,49.57725944372781,22825.772528221212,1905.0723016578434
2024-08-26,2024,8,LATO,22.847127077922863,49.57725944372781,22839.601460497255,1892.054237867389
2024-08-26,2024,8,LATO,22.910009147811238,49.57725944372781,23737.528821185646,1892.0533441986652
2024-08-26,2024,8,LATO,22.59559879836941,49.64014151361617,22294.98905424956,1873.7245721159632
2024-08-26,2024,8,LATO,22.65848086825777,49.64014151361617,19346.360042072225,1879.2023847852442
2024-08-26,2024,8,LATO,22.721362938146143,49.64014151361617,17106.588908797177,1921.783081054687
2024-08-26,2024,8,LATO,22.784245008034503,49.64014151361617,15878.528602308194,1916.588823995963
2024-08-26,2024,8,LATO,22.847127077922863,49.64014151361617,15898.37606674912,1903.8869439323894
2024-08-26,2024,8,LATO,22.910009147811238,49.64014151361617,17161.80236162699,1898.716270533027
2024-08-26,2024,8,LATO,22.972891217699598,49.64014151361617,19427.689326518714,1894.6350845793995
2024-08-26,2024,8,LATO,23.035773287587972,49.64014151361617,22393.780214513983,1897.878749247682
2024-08-26,2024,8,LATO,22.532716728481034,49.703023583504546,22122.465906806905,1864.6315735596909
2024-08-26,2024,8,LATO,22.59559879836941,49.703023583504546,18046.915138960532,1872.2585108796673
2024-08-26,2024,8,LATO,22.65848086825777,49.703023583504546,14250.063235972633,1881.513672172948
2024-08-26,2024,8,LATO,22.721362938146143,49.703023583504546,11023.750752286034,1919.305161000057
2024-08-26,2024,8,LATO,22.784245008034503,49.703023583504546,9003.74969105232,1914.3591656577526
2024-08-26,2024,8,LATO,22.847127077922863,49.703023583504546,9038.66068024557,1903.7068676389897
2024-08-26,2024,8,LATO,22.910009147811238,49.703023583504546,11109.12789583884,1894.5483125615388
2024-08-26,2024,8,LATO,22.972891217699598,49.703023583504546,14360.143110542414,1905.2750017148562
2024-08-26,2024,8,LATO,23.035773287587972,49.703023583504546,18168.663048577168,1913.9643086548824
2024-08-26,2024,8,LATO,23.098655357476332,49.703023583504546,22250.223097835118,1907.6442427636694
2024-08-26,2024,8,LATO,22.469834658592674,49.765905653392906,24903.43217975922,1886.4767857183922
2024-08-26,2024,8,LATO,22.532716728481034,49.765905653392906,20387.43944261555,1895.0200092630746
2024-08-26,2024,8,LATO,22.59559879836941,49.765905653392906,15879.128789225302,1898.8855589230334
2024-08-26,2024,8,LATO,22.65848086825777,49.765905653392906,11387.63283000417,1911.2782515304602
2024-08-26,2024,8,LATO,22.721362938146143,49.765905653392906,6945.655089638345,1905.9067308536924
2024-08-26,2024,8,LATO,22.784245008034503,49.765905653392906,2799.754239036753,1907.4580330042193
2024-08-26,2024,8,LATO,22.847127077922863,49.765905653392906,2909.9299496572144,1907.8849593424422
2024-08-26,2024,8,LATO,22.910009147811238,49.765905653392906,7080.207037852592,1905.2680869828812
2024-08-26,2024,8,LATO,22.972891217699598,49.765905653392906,11524.908902168252,1913.5908102494627
2024-08-26,2024,8,LATO,23.035773287587972,49.765905653392906,16017.184810434974,1913.59081422962
2024-08-26,2024,8,LATO,23.098655357476332,49.765905653392906,20525.820239153934,1910.3471679687907
2024-08-26,2024,8,LATO,22.532716728481034,49.82878772328128,20969.629003077862,1879.3484614552337
2024-08-26,2024,8,LATO,22.59559879836941,49.82878772328128,16626.36365896378,1883.6298600865514
2024-08-26,2024,8,LATO,22.65848086825777,49.82878772328128,12414.745842026043,1913.6675056523977
2024-08-26,2024,8,LATO,22.721362938146143,49.82878772328128,8532.01505542116,1907.4648241101495
2024-08-26,2024,8,LATO,22.784245008034503,49.82878772328128,5695.977327613162,1907.0422763600297
2024-08-26,2024,8,LATO,22.847127077922863,49.82878772328128,5750.861621632254,1910.0875882748812
2024-08-26,2024,8,LATO,22.910009147811238,49.82878772328128,8641.76161762721,1909.641240482146
2024-08-26,2024,8,LATO,23.098655357476332,49.82878772328128,21104.019131336558,1910.347163834169
2024-08-26,2024,8,LATO,22.532716728481034,49.89166979316964,23698.94177557943,1904.4241351833075
2024-08-26,2024,8,LATO,22.59559879836941,49.89166979316964,19964.02510849638,1913.4441937512422
2024-08-26,2024,8,LATO,22.65848086825777,49.89166979316964,16625.61277503751,1921.4438095586186
2024-08-26,2024,8,LATO,22.721362938146143,49.89166979316964,13970.899561599594,1908.84127748983
2024-08-26,2024,8,LATO,22.784245008034503,49.89166979316964,12445.375005463568,1908.5365315790095
2024-08-26,2024,8,LATO,22.847127077922863,49.89166979316964,12470.557128002267,1906.6534811692356
2024-08-26,2024,8,LATO,22.910009147811238,49.89166979316964,14038.103410697095,1906.7117989608087
2024-08-26,2024,8,LATO,23.098655357476332,49.89166979316964,23817.78306999105,1901.2116887016002
2024-08-26,2024,8,LATO,22.65848086825777,49.954551863058015,22283.110131735197,1917.7971098170706
2024-08-26,2024,8,LATO,22.721362938146143,49.954551863058015,20381.79823470954,1908.2247816352785
2024-08-26,2024,8,LATO,22.784245008034503,49.954551863058015,19369.342116810156,1905.143551132197
2024-08-26,2024,8,LATO,22.847127077922863,49.954551863058015,19385.51095194934,1906.9010031356988
2024-08-26,2024,8,LATO,22.910009147811238,49.954551863058015,20427.862442196416,1913.400351496989
2024-08-26,2024,8,LATO,22.972891217699598,49.954551863058015,22353.301975925337,1911.3202004874597
2024-08-28,2024,8,LATO,22.724864713645587,49.57725944372781,23626.976157826357,1871.3935901890434
2024-08-28,2024,8,LATO,22.787746783533954,49.57725944372781,22802.806784205386,1871.9619033554734
2024-08-28,2024,8,LATO,22.599100573868853,49.64014151361617,22116.672890423062,1868.421141034855
2024-08-28,2024,8,LATO,22.66198264375722,49.64014151361617,19200.34521697126,1878.8092372629173
2024-08-28,2024,8,LATO,22.724864713645587,49.64014151361617,17008.7600886529,1890.0726087960536
2024-08-28,2024,8,LATO,22.787746783533954,49.64014151361617,15845.539573045135,1883.1922978000953
2024-08-28,2024,8,LATO,22.85062885342232,49.64014151361617,15937.463035133447,1871.9619145674337
2024-08-28,2024,8,LATO,22.91351092331069,49.64014151361617,17264.493785833045,1871.9619294869558
2024-08-28,2024,8,LATO,22.536218503980486,49.703023583504546,21890.78370889809,1868.3171530010127
2024-08-28,2024,8,LATO,22.599100573868853,49.703023583504546,17826.441743989133,1868.3171468293015
2024-08-28,2024,8,LATO,22.66198264375722,49.703023583504546,14051.446688060518,1882.828885499339
2024-08-28,2024,8,LATO,22.724864713645587,49.703023583504546,10871.51830374456,1887.6622108638967
2024-08-28,2024,8,LATO,22.787746783533954,49.703023583504546,8945.519032962426,1890.3923298820694
2024-08-28,2024,8,LATO,22.85062885342232,49.703023583504546,9107.148301808795,1885.979917505444
2024-08-28,2024,8,LATO,22.724864713645587,49.765905653392906,6701.734753036744,1884.1979739910366
2024-08-28,2024,8,LATO,22.787746783533954,49.765905653392906,2606.677978394436,1884.1980144245347
2024-08-29,2024,8,LATO,22.724864713645587,49.57725944372781,23626.976157826357,1903.1469845294762
2024-08-29,2024,8,LATO,22.787746783533954,49.57725944372781,22802.806784205386,1902.337998131055
2024-08-29,2024,8,LATO,22.85062885342232,49.57725944372781,22866.86170239709,1896.6029006867473
2024-08-29,2024,8,LATO,22.91351092331069,49.57725944372781,23811.97409765653,1893.0936724596315
2024-08-29,2024,8,LATO,22.599100573868853,49.64014151361617,22116.672890423062,1892.1902600915496
2024-08-29,2024,8,LATO,22.66198264375722,49.64014151361617,19200.34521697126,1902.8121094669284
2024-08-29,2024,8,LATO,22.724864713645587,49.64014151361617,17008.7600886529,1910.7696161537892
2024-08-29,2024,8,LATO,22.787746783533954,49.64014151361617,15845.539573045135,1906.9344281811238
2024-08-29,2024,8,LATO,22.85062885342232,49.64014151361617,15937.463035133447,1904.4798480755114
2024-08-29,2024,8,LATO,22.91351092331069,49.64014151361617,17264.493785833045,1903.2770876919576
2024-08-29,2024,8,LATO,22.976392993199056,49.64014151361617,19577.061179141197,1907.5460594606445
2024-08-29,2024,8,LATO,23.039275063087423,49.64014151361617,22574.28914999624,1929.1606230963223
2024-08-29,2024,8,LATO,22.536218503980486,49.703023583504546,21890.78370889809,1899.5239124302664
2024-08-29,2024,8,LATO,22.599100573868853,49.703023583504546,17826.441743989133,1896.4328374920103
2024-08-29,2024,8,LATO,22.66198264375722,49.703023583504546,14051.446688060518,1906.1204192131388
2024-08-29,2024,8,LATO,22.724864713645587,49.703023583504546,10871.51830374456,1911.64164571764
2024-08-29,2024,8,LATO,22.787746783533954,49.703023583504546,8945.519032962426,1912.9123535156618
2024-08-29,2024,8,LATO,22.85062885342232,49.703023583504546,9107.148301808795,1907.2849996600169
2024-08-29,2024,8,LATO,22.91351092331069,49.703023583504546,11266.918823389366,1904.9180510129593
2024-08-29,2024,8,LATO,22.976392993199056,49.703023583504546,14561.333209871907,1929.3626942573812
2024-08-29,2024,8,LATO,23.039275063087423,49.703023583504546,18390.405207042757,1935.088363428666
2024-08-29,2024,8,LATO,23.10215713297579,49.703023583504546,22482.595036996194,1931.0229239012986
2024-08-29,2024,8,LATO,22.47333643409212,49.765905653392906,24651.815633903832,1903.0816190876246
2024-08-29,2024,8,LATO,22.536218503980486,49.765905653392906,20136.130926417543,1899.8939060734322
2024-08-29,2024,8,LATO,22.599100573868853,49.765905653392906,15628.429923101376,1906.272113836913
2024-08-29,2024,8,LATO,22.66198264375722,49.765905653392906,11138.41491782244,1910.656251718554
2024-08-29,2024,8,LATO,22.724864713645587,49.765905653392906,6701.734753036744,1909.1748674126181
2024-08-29,2024,8,LATO,22.787746783533954,49.765905653392906,2606.677978394436,1906.8468032534604
2024-08-29,2024,8,LATO,22.85062885342232,49.765905653392906,3115.904004449003,1907.7844768618502
2024-08-29,2024,8,LATO,22.91351092331069,49.765905653392906,7324.992758829133,1911.0074297447318
2024-08-29,2024,8,LATO,22.976392993199056,49.765905653392906,11774.325067524063,1931.6625788635104
2024-08-29,2024,8,LATO,23.039275063087423,49.765905653392906,16267.957126843003,1931.662602145223
2024-08-29,2024,8,LATO,23.10215713297579,49.765905653392906,20777.163542255905,1931.877370205733
2024-08-29,2024,8,LATO,22.536218503980486,49.82878772328128,20725.699043858,1909.6002642946212
2024-08-29,2024,8,LATO,22.599100573868853,49.82878772328128,16387.41228401805,1909.0853525967002
2024-08-29,2024,8,LATO,22.66198264375722,49.82878772328128,12186.848884949166,1906.966948518131
2024-08-29,2024,8,LATO,22.724864713645587,49.82878772328128,8334.909506155102,1910.5432661745583
2024-08-29,2024,8,LATO,22.787746783533954,49.82878772328128,5603.718360422836,1910.9570160950182
2024-08-29,2024,8,LATO,22.85062885342232,49.82878772328128,5857.641446856119,1907.013827871561
2024-08-29,2024,8,LATO,22.91351092331069,49.82878772328128,8843.170503844822,1906.049734706757
2024-08-29,2024,8,LATO,23.10215713297579,49.82878772328128,21348.241564267842,1931.6625929302602
2024-08-29,2024,8,LATO,22.536218503980486,49.89166979316964,23483.66014293553,1911.1563678939808
2024-08-29,2024,8,LATO,22.599100573868853,49.89166979316964,19765.724057895426,1911.2784831729912
2024-08-29,2024,8,LATO,22.66198264375722,49.89166979316964,16456.355986961058,1911.9431104242344
2024-08-29,2024,8,LATO,22.724864713645587,49.89166979316964,13851.562803841809,1909.5325197642728
2024-08-29,2024,8,LATO,22.787746783533954,49.89166979316964,12403.475882054427,1907.246154024206
2024-08-29,2024,8,LATO,23.10215713297579,49.89166979316964,24034.16604271177,1918.6874412827751
2024-08-29,2024,8,LATO,22.599100573868853,49.954551863058015,24711.559766770268,1908.7879366654317
2024-08-29,2024,8,LATO,22.66198264375722,49.954551863058015,22157.277232385266,1911.2554221213115
2024-08-29,2024,8,LATO,22.724864713645587,49.954551863058015,20300.290021989516,1911.9292458747245
2024-08-29,2024,8,LATO,22.787746783533954,49.954551863058015,19342.482303947774,1911.9396303209007
2024-08-29,2024,8,LATO,22.721362938146143,49.57375766822835,24071.31192737161,1931.7456054686825
2024-08-29,2024,8,LATO,22.784245008034503,49.57375766822835,23213.47200254646,1931.745605468787
2024-08-29,2024,8,LATO,22.847127077922863,49.57375766822835,23227.071081055376,1920.9429931640327
2024-08-29,2024,8,LATO,22.910009147811238,49.57375766822835,24110.634691470696,1920.9429931640955
2024-08-29,2024,8,LATO,22.59559879836941,49.63663973811673,22571.790540453218,1901.6749415641634
2024-08-29,2024,8,LATO,22.65848086825777,49.63663973811673,19664.486772395037,1931.7456249190104
2024-08-29,2024,8,LATO,22.721362938146143,49.63663973811673,17465.392259012075,1931.7456070885987
2024-08-29,2024,8,LATO,22.784245008034503,49.63663973811673,16264.356998053161,1929.9265212352861
2024-08-29,2024,8,LATO,22.847127077922863,49.63663973811673,16283.735590929136,1922.339336530842
2024-08-29,2024,8,LATO,22.910009147811238,49.63663973811673,17519.478833120265,1922.3436451477949
2024-08-29,2024,8,LATO,22.972891217699598,49.63663973811673,19744.511431068626,1922.3522570407447
2024-08-29,2024,8,LATO,23.035773287587972,49.63663973811673,22669.38243449943,1934.5275713743724
2024-08-29,2024,8,LATO,22.532716728481034,49.69952180800509,22279.733517436514,1903.693503445757
2024-08-29,2024,8,LATO,22.59559879836941,49.69952180800509,18239.035335458964,1923.5380319109054
2024-08-29,2024,8,LATO,22.65848086825777,49.69952180800509,14492.300027643201,1941.4990564616023
2024-08-29,2024,8,LATO,22.721362938146143,49.69952180800509,11334.888138469481,1941.500170543735
2024-08-29,2024,8,LATO,22.784245008034503,49.69952180800509,9381.962224519051,1936.1164760246502
2024-08-29,2024,8,LATO,22.847127077922863,49.69952180800509,9415.473371933953,1925.8795791040316
2024-08-29,2024,8,LATO,22.910009147811238,49.69952180800509,11417.9449356954,1925.8780721498665
2024-08-29,2024,8,LATO,22.972891217699598,49.69952180800509,14600.561429913467,1925.6795564480226
2024-08-29,2024,8,LATO,23.035773287587972,49.69952180800509,18359.5179038259,1915.5783976911346
2024-08-29,2024,8,LATO,23.098655357476332,49.69952180800509,22406.60311471157,1915.5068447181147
2024-08-29,2024,8,LATO,22.469834658592674,49.76240387789346,24934.526910916018,1917.3980712891075
2024-08-29,2024,8,LATO,22.532716728481034,49.76240387789346,20425.049591277475,1917.5950520549268
2024-08-29,2024,8,LATO,22.59559879836941,49.76240387789346,15927.018449726114,1930.3112410535034
2024-08-29,2024,8,LATO,22.65848086825777,49.76240387789346,11453.93141995099,1930.9334716796322
2024-08-29,2024,8,LATO,22.721362938146143,49.76240387789346,7053.412131536549,1930.933471679662
2024-08-29,2024,8,LATO,22.784245008034503,49.76240387789346,3056.8313002920936,1930.5368350712947
2024-08-29,2024,8,LATO,22.847127077922863,49.76240387789346,3158.0581094985164,1930.4295654296661
2024-08-29,2024,8,LATO,22.910009147811238,49.76240387789346,7185.956141010244,1930.4295654297289
2024-08-29,2024,8,LATO,22.972891217699598,49.76240387789346,11590.432057281076,1930.4295725726438
2024-08-29,2024,8,LATO,22.532716728481034,49.82528594778182,20876.112526345794,1917.2333613072426
2024-08-29,2024,8,LATO,22.59559879836941,49.82528594778182,16507.904605744377,1931.8864491676177
2024-08-29,2024,8,LATO,22.65848086825777,49.82528594778182,12255.285727747369,1931.8860913094093
2024-08-29,2024,8,LATO,22.721362938146143,49.82528594778182,8297.922383707672,1931.9256544550549
2024-08-29,2024,8,LATO,22.784245008034503,49.82528594778182,5338.676667401633,1933.0456182221246
2024-08-29,2024,8,LATO,22.847127077922863,49.82528594778182,5397.199806568097,1933.080593521955
2024-08-29,2024,8,LATO,22.910009147811238,49.82528594778182,8410.732146713255,1933.0880674732264
2024-08-29,2024,8,LATO,22.972891217699598,49.82528594778182,12382.791606070135,1933.066509605244
2024-08-29,2024,8,LATO,22.532716728481034,49.888168017670196,23500.598725923315,1934.5069973535078
2024-08-29,2024,8,LATO,22.59559879836941,49.888168017670196,19727.868454144005,1945.6413588210692
2024-08-29,2024,8,LATO,22.65848086825777,49.888168017670196,16341.011246888356,1945.6413592846698
2024-08-29,2024,8,LATO,22.721362938146143,49.888168017670196,13630.766576823631,1945.6413800592636
2024-08-30,2024,8,LATO,22.599100573868853,49.63663973811673,22395.66572983779,1885.620235743827
2024-08-30,2024,8,LATO,22.66198264375722,49.63663973811673,19520.841332582913,1885.2743855550243
2024-08-30,2024,8,LATO,22.47333643409212,49.76240387789346,24683.209146096862,1895.927314694451
2024-08-30,2024,8,LATO,22.536218503980486,49.82528594778182,20631.05911889702,1893.52074469953
2024-08-30,2024,8,LATO,22.599100573868853,49.82528594778182,16267.195756554107,1893.5207481451291
2024-08-30,2024,8,LATO,22.66198264375722,49.82528594778182,12024.350073575031,1918.0601842803846
2024-08-30,2024,8,LATO,22.724864713645587,49.82528594778182,8095.104125860915,1918.0601715200423
2024-08-30,2024,8,LATO,22.787746783533954,49.82528594778182,5240.12354817344,1918.0601488332118
2024-08-30,2024,8,LATO,22.536218503980486,49.888168017670196,23283.467478550447,1919.4668992563466
2024-08-30,2024,8,LATO,22.599100573868853,49.888168017670196,19527.15474189716,1918.8087194068544
2024-08-30,2024,8,LATO,22.66198264375722,49.888168017670196,16168.762943351625,1923.3357186877054
2024-08-30,2024,8,LATO,22.724864713645587,49.888168017670196,13508.41643058763,1922.7510998887728
2024-08-30,2024,8,LATO,22.599100573868853,49.951050087558556,24409.802703112895,1923.8355966355805
2024-08-30,2024,8,LATO,22.66198264375722,49.951050087558556,21820.025918622385,1925.915073046016
2024-08-30,2024,8,LATO,22.724864713645587,49.951050087558556,19931.499020956875,1925.9207609745388
2024-08-31,2024,8,LATO,22.724864713645587,49.57725944372781,23626.976157826357,1899.2045853891318
2024-08-31,2024,8,LATO,22.787746783533954,49.57725944372781,22802.806784205386,1899.2045898437866
2024-08-31,2024,8,LATO,22.85062885342232,49.57725944372781,22866.86170239709,1888.7956279747912
2024-08-31,2024,8,LATO,22.91351092331069,49.57725944372781,23811.97409765653,1889.1197026726766
2024-08-31,2024,8,LATO,22.787746783533954,49.64014151361617,15845.539573045135,1896.291133118902
2024-08-31,2024,8,LATO,22.85062885342232,49.64014151361617,15937.463035133447,1896.2911236368286
2024-08-31,2024,8,LATO,22.91351092331069,49.64014151361617,17264.493785833045,1896.2911484657475
2025-01-19,2025,1,ZIMA,22.73537004014394,49.566754117229465,24565.004619368694,1863.5240386578603
2025-01-19,2025,1,ZIMA,22.79825211003231,49.566754117229465,23917.531266233036,1871.0780484258814
2025-01-19,2025,1,ZIMA,22.861134179920676,49.566754117229465,24121.719808151218,1857.325224170984
2025-01-19,2025,1,ZIMA,22.60960590036721,49.629636187117825,22456.976533910634,1868.9810311620085
2025-01-19,2025,1,ZIMA,22.672487970255577,49.629636187117825,19765.37856111311,1865.1578330391148
2025-01-19,2025,1,ZIMA,22.73537004014394,49.629636187117825,17837.37777955634,1871.1412291418164
2025-01-19,2025,1,ZIMA,22.79825211003231,49.629636187117825,16935.79811944408,1875.6688170609575
2025-01-19,2025,1,ZIMA,22.861134179920676,49.629636187117825,17222.592953560295,1875.3576888536172
2025-01-19,2025,1,ZIMA,22.924016249809043,49.629636187117825,18642.999762161857,1889.7366053006049
2025-01-19,2025,1,ZIMA,22.98689831969741,49.629636187117825,20967.894285113518,1891.9249736031572
2025-01-19,2025,1,ZIMA,23.049780389585777,49.629636187117825,23935.145955980013,1886.0034987847562
2025-01-19,2025,1,ZIMA,22.546723830478843,49.692518257006185,21707.838232754973,1865.2542656020846
2025-01-19,2025,1,ZIMA,22.60960590036721,49.692518257006185,17794.281143682118,1869.2965965328747
2025-01-19,2025,1,ZIMA,22.672487970255577,49.692518257006185,14252.61557400945,1873.964198221861
2025-01-19,2025,1,ZIMA,22.73537004014394,49.692518257006185,11433.816748462763,1867.8848869743658
2025-01-19,2025,1,ZIMA,22.79825211003231,49.692518257006185,9971.0450694777,1867.8848911239488
2025-01-19,2025,1,ZIMA,22.861134179920676,49.692518257006185,10450.14695243319,1867.884880595514
2025-01-19,2025,1,ZIMA,22.924016249809043,49.692518257006185,12652.420742269685,1886.0140406562734
2025-01-19,2025,1,ZIMA,22.98689831969741,49.692518257006185,15876.285473084476,1886.0140412031985
2025-01-19,2025,1,ZIMA,23.049780389585777,49.692518257006185,19624.566174656124,1886.7284597424461
2025-01-19,2025,1,ZIMA,22.483841760590476,49.755400326894545,24012.859053863882,1853.2795402291997
2025-01-19,2025,1,ZIMA,22.546723830478843,49.755400326894545,19523.88121143617,1853.286024382861
2025-01-19,2025,1,ZIMA,22.60960590036721,49.755400326894545,15059.470856687929,1862.7894994105814
2025-01-19,2025,1,ZIMA,22.672487970255577,49.755400326894545,10650.572006925577,1867.8431571317756
2025-01-19,2025,1,ZIMA,23.049780389585777,49.755400326894545,17180.99049197357,1886.0140411465384
2025-01-20,2025,1,ZIMA,22.861134179920676,49.566754117229465,24121.719808151218,1891.5059327204003
2025-01-20,2025,1,ZIMA,22.60960590036721,49.629636187117825,22456.976533910634,1855.3094541180133
2025-01-20,2025,1,ZIMA,22.672487970255577,49.629636187117825,19765.37856111311,1855.3094914492287
2025-01-20,2025,1,ZIMA,22.861134179920676,49.629636187117825,17222.592953560295,1892.6498503531886
2025-01-20,2025,1,ZIMA,22.924016249809043,49.629636187117825,18642.999762161857,1891.4926380627605
2025-01-20,2025,1,ZIMA,22.98689831969741,49.629636187117825,20967.894285113518,1891.7091422447106
2025-01-20,2025,1,ZIMA,23.049780389585777,49.629636187117825,23935.145955980013,1892.078790455389
2025-01-20,2025,1,ZIMA,22.60960590036721,49.692518257006185,17794.281143682118,1855.3094502369188
2025-01-20,2025,1,ZIMA,22.672487970255577,49.692518257006185,14252.61557400945,1855.309455274742
2025-01-20,2025,1,ZIMA,22.73537004014394,49.692518257006185,11433.816748462763,1855.3094406672071
2025-01-20,2025,1,ZIMA,22.79825211003231,49.692518257006185,9971.0450694777,1881.5523235550784
2025-01-20,2025,1,ZIMA,22.861134179920676,49.692518257006185,10450.14695243319,1889.16270842112
2025-01-20,2025,1,ZIMA,22.924016249809043,49.692518257006185,12652.420742269685,1893.560656631864
2025-01-20,2025,1,ZIMA,22.98689831969741,49.692518257006185,15876.285473084476,1893.795521769611
2025-01-20,2025,1,ZIMA,23.049780389585777,49.692518257006185,19624.566174656124,1891.8066390489223
2025-01-20,2025,1,ZIMA,23.11266245947414,49.692518257006185,23649.209347101292,1891.9901248432323
2025-01-20,2025,1,ZIMA,22.672487970255577,49.755400326894545,10650.572006925577,1855.3094846225385
2025-01-20,2025,1,ZIMA,22.73537004014394,49.755400326894545,6412.7284882164395,1855.3094299852899
2025-01-20,2025,1,ZIMA,22.861134179920676,49.755400326894545,4429.919630012029,1888.7026170223587
2025-01-20,2025,1,ZIMA,22.924016249809043,49.755400326894545,8392.667923454517,1889.0090631821543
2025-01-20,2025,1,ZIMA,22.98689831969741,49.755400326894545,12739.347819477345,1891.1474548729107
2025-01-20,2025,1,ZIMA,23.049780389585777,49.755400326894545,17180.99049197357,1888.6468999660701
2025-01-20,2025,1,ZIMA,23.11266245947414,49.755400326894545,21659.250534901363,1883.3098511869666
2025-01-20,2025,1,ZIMA,22.98689831969741,49.818282396782934,13052.15938295671,1888.7026368216862
2025-01-20,2025,1,ZIMA,23.049780389585777,49.818282396782934,17409.26178311288,1886.6414730207227
2025-01-20,2025,1,ZIMA,23.11266245947414,49.818282396782934,21835.615068330917,1886.5178705955573
2025-01-23,2025,1,ZIMA,22.92051447430959,49.692518257006185,12496.796907081667,1817.2477982034293
2025-01-23,2025,1,ZIMA,22.98339654419796,49.692518257006185,15679.736994618235,1817.2478565580934
2025-01-23,2025,1,ZIMA,23.046278614086322,49.692518257006185,19407.030795445455,1848.7593050768332
2025-01-23,2025,1,ZIMA,23.10916068397469,49.692518257006185,23420.202641510772,1848.7592798013209
2025-01-23,2025,1,ZIMA,22.92051447430959,49.755400326894545,8156.47590057038,1817.2478037535534
2025-01-23,2025,1,ZIMA,22.98339654419796,49.755400326894545,12493.86630456317,1817.2478061268303
2025-01-23,2025,1,ZIMA,23.046278614086322,49.755400326894545,16932.41386754635,1841.4699578888392
2025-01-23,2025,1,ZIMA,23.10916068397469,49.755400326894545,21409.293252281375,1850.7474118399723
2025-01-23,2025,1,ZIMA,22.92051447430959,49.818282396782934,8644.065763073844,1859.220339567692
2025-01-23,2025,1,ZIMA,22.98339654419796,49.818282396782934,12812.985222879366,1859.2203380886544
2025-01-23,2025,1,ZIMA,23.046278614086322,49.818282396782934,17164.31095927946,1896.994956966619
2025-01-23,2025,1,ZIMA,23.10916068397469,49.818282396782934,21588.022501435902,1890.5495968148687
2025-01-23,2025,1,ZIMA,22.98339654419796,49.881164466671294,16434.26726118871,1879.737425658718
2025-01-23,2025,1,ZIMA,23.046278614086322,49.881164466671294,20008.920984734334,1882.8808481259746
2025-01-23,2025,1,ZIMA,23.10916068397469,49.881164466671294,23907.400258968875,1871.6823894573517
2025-01-23,2025,1,ZIMA,22.92051447430959,49.944046536559654,19611.67139609482,1879.6348709062324
2025-01-23,2025,1,ZIMA,22.98339654419796,49.944046536559654,21767.82095314391,1879.3445785552176
2025-01-23,2025,1,ZIMA,23.046278614086322,49.944046536559654,24575.198885019752,1876.711860303746
2025-01-30,2025,1,ZIMA,22.794750334532857,49.566754117229465,23931.425303122436,1908.7073923950197
2025-01-30,2025,1,ZIMA,22.857632404421224,49.566754117229465,24087.918656515034,1905.1333009240554
2025-01-30,2025,1,ZIMA,22.60610412486776,49.629636187117825,22624.190624154453,1888.2999336910168
2025-01-30,2025,1,ZIMA,22.668986194756126,49.629636187117825,19897.662582212422,1888.2999370913644
2025-01-30,2025,1,ZIMA,22.794750334532857,49.629636187117825,16955.389057071137,1912.4770594903077
2025-01-30,2025,1,ZIMA,22.857632404421224,49.629636187117825,17175.280556231522,1908.8002466034866
2025-01-30,2025,1,ZIMA,22.92051447430959,49.629636187117825,18537.599130204857,1906.10045272721
2025-01-30,2025,1,ZIMA,22.98339654419796,49.629636187117825,20819.277434833377,1903.6046193958548
2025-01-30,2025,1,ZIMA,23.046278614086322,49.629636187117825,23756.883535444897,1915.5512642613967
2025-01-30,2025,1,ZIMA,22.543222054979392,49.692518257006185,21932.788399926114,1878.1397582005272
2025-01-30,2025,1,ZIMA,22.60610412486776,49.692518257006185,18004.58127120856,1878.1397740145258
2025-01-30,2025,1,ZIMA,22.668986194756126,49.692518257006185,14435.272366544037,1878.4784205417266
2025-01-30,2025,1,ZIMA,22.73186826464449,49.692518257006185,11562.168138112624,1902.2898622045784
2025-01-30,2025,1,ZIMA,22.794750334532857,49.692518257006185,10004.241321725396,1906.326049804724
2025-01-30,2025,1,ZIMA,22.857632404421224,49.692518257006185,10372.088566275866,1910.42816975401
2025-01-30,2025,1,ZIMA,22.92051447430959,49.692518257006185,12496.796907081667,1915.146319432524
2025-01-30,2025,1,ZIMA,22.98339654419796,49.692518257006185,15679.736994618235,1922.6933329855128
2025-01-30,2025,1,ZIMA,23.046278614086322,49.692518257006185,19407.030795445455,1918.7521666072682
2025-01-30,2025,1,ZIMA,23.10916068397469,49.692518257006185,23420.202641510772,1918.314351460029
2025-01-30,2025,1,ZIMA,22.480339985091025,49.755400326894545,24263.288966442815,1894.867677908882
2025-01-30,2025,1,ZIMA,22.543222054979392,49.755400326894545,19773.371791734648,1894.8676720248652
2025-01-30,2025,1,ZIMA,22.60610412486776,49.755400326894545,15307.071991672923,1878.1398024319014
2025-01-30,2025,1,ZIMA,22.668986194756126,49.755400326894545,10893.482693503986,1879.518161935424
2025-01-30,2025,1,ZIMA,22.73186826464449,49.755400326894545,6638.588268421608,1892.3924805368356
2025-01-30,2025,1,ZIMA,22.794750334532857,49.755400326894545,3242.7147797909784,1895.4919768551645
2025-01-30,2025,1,ZIMA,22.857632404421224,49.755400326894545,4242.750117470005,1905.9692871067873
2025-01-30,2025,1,ZIMA,22.92051447430959,49.755400326894545,8156.47590057038,1918.6955580265683
2025-01-30,2025,1,ZIMA,22.98339654419796,49.755400326894545,12493.86630456317,1924.2010811822834
2025-01-30,2025,1,ZIMA,23.046278614086322,49.755400326894545,16932.41386754635,1924.302095023468
2025-01-30,2025,1,ZIMA,23.10916068397469,49.755400326894545,21409.293252281375,1921.5162012526775
2025-01-30,2025,1,ZIMA,22.480339985091025,49.818282396782934,24417.687156783137,1896.6817626952425
2025-01-30,2025,1,ZIMA,22.543222054979392,49.818282396782934,19968.932465393333,1896.3719948693806
2025-01-30,2025,1,ZIMA,22.60610412486776,49.818282396782934,15565.383751527352,1896.6411949894475
2025-01-30,2025,1,ZIMA,22.668986194756126,49.818282396782934,11260.207883350295,1902.5685397944794
2025-01-30,2025,1,ZIMA,22.73186826464449,49.818282396782934,7231.299147808723,1895.393012969252
2025-01-30,2025,1,ZIMA,22.794750334532857,49.818282396782934,4333.529104672702,1893.3166208525854
2025-01-30,2025,1,ZIMA,22.857632404421224,49.818282396782934,5124.013005619986,1892.7555501496863
2025-01-30,2025,1,ZIMA,22.92051447430959,49.818282396782934,8644.065763073844,1918.2310357994222
2025-01-30,2025,1,ZIMA,22.98339654419796,49.818282396782934,12812.985222879366,1918.231110801167
2025-01-30,2025,1,ZIMA,23.046278614086322,49.818282396782934,17164.31095927946,1918.2310760775879
2025-01-30,2025,1,ZIMA,23.10916068397469,49.818282396782934,21588.022501435902,1917.8780280412298
2025-01-30,2025,1,ZIMA,22.543222054979392,49.881164466671294,22458.10700503757,1916.3644944970258
2025-01-30,2025,1,ZIMA,22.60610412486776,49.881164466671294,18657.2342735173,1912.790957275251
2025-01-30,2025,1,ZIMA,22.668986194756126,49.881164466671294,15256.25598101692,1909.4316277168357
2025-01-30,2025,1,ZIMA,22.73186826464449,49.881164466671294,12583.700795204135,1907.0798831605998
2025-01-30,2025,1,ZIMA,22.794750334532857,49.881164466671294,11175.011060680648,1904.7192959952733
2025-01-30,2025,1,ZIMA,22.60610412486776,49.944046536559654,23489.227935689778,1916.6067577432837
2025-01-30,2025,1,ZIMA,22.668986194756126,49.944046536559654,20893.893703687518,1916.9132978974567
2025-01-30,2025,1,ZIMA,22.73186826464449,49.944046536559654,19032.807114747964,1910.5880056833355
2025-01-30,2025,1,ZIMA,22.794750334532857,49.944046536559654,18133.466014703823,1911.3684871576113
2025-01-30,2025,1,ZIMA,22.857632404421224,49.944046536559654,18337.917441995833,1915.9266580190936
2025-02-07,2025,2,ZIMA,22.543222054979392,49.692518257006185,21932.788399926114,1870.4865377975425
2025-02-07,2025,2,ZIMA,22.480339985091025,49.755400326894545,24263.288966442815,1866.7407355971297
2025-02-09,2025,2,ZIMA,22.73186826464449,49.566754117229465,24625.162439086525,1896.8333711662074
2025-02-09,2025,2,ZIMA,22.794750334532857,49.566754117229465,23931.425303122436,1898.9099293391773
2025-02-09,2025,2,ZIMA,22.857632404421224,49.566754117229465,24087.918656515034,1898.9244636524816
2025-02-09,2025,2,ZIMA,22.857632404421224,49.629636187117825,17175.280556231522,1898.9099210515512
2025-02-09,2025,2,ZIMA,22.543222054979392,49.881164466671294,22458.10700503757,1909.8584924988652
2025-02-09,2025,2,ZIMA,22.73186826464449,49.881164466671294,12583.700795204135,1921.3917333017473
2025-02-09,2025,2,ZIMA,22.794750334532857,49.881164466671294,11175.011060680648,1921.1412353514916
2025-02-09,2025,2,ZIMA,22.857632404421224,49.881164466671294,11504.225194953451,1919.4509074499113
2025-02-09,2025,2,ZIMA,22.92051447430959,49.881164466671294,13444.276202874242,1913.8853759764918
2025-02-09,2025,2,ZIMA,22.98339654419796,49.881164466671294,16434.26726118871,1913.885381815786
2025-02-09,2025,2,ZIMA,22.60610412486776,49.944046536559654,23489.227935689778,1910.776360847431
2025-02-09,2025,2,ZIMA,22.668986194756126,49.944046536559654,20893.893703687518,1913.4444205470966
2025-02-09,2025,2,ZIMA,22.73186826464449,49.944046536559654,19032.807114747964,1922.7102964796802
2025-02-09,2025,2,ZIMA,22.794750334532857,49.944046536559654,18133.466014703823,1922.398187257456
2025-02-09,2025,2,ZIMA,22.857632404421224,49.944046536559654,18337.917441995833,1919.0012333397533
2025-02-09,2025,2,ZIMA,22.92051447430959,49.944046536559654,19611.67139609482,1918.419761787105
2025-02-09,2025,2,ZIMA,22.98339654419796,49.944046536559654,21767.82095314391,1916.4222274928115
2025-02-10,2025,2,ZIMA,22.857632404421224,49.566754117229465,24087.918656515034,1907.7504240687629
2025-02-10,2025,2,ZIMA,22.857632404421224,49.629636187117825,17175.280556231522,1914.4124427909896
2025-02-10,2025,2,ZIMA,22.92051447430959,49.629636187117825,18537.599130204857,1908.162311731988
2025-02-10,2025,2,ZIMA,22.98339654419796,49.629636187117825,20819.277434833377,1907.9787493446497
2025-02-10,2025,2,ZIMA,23.046278614086322,49.629636187117825,23756.883535444897,1914.486693931311
2025-02-10,2025,2,ZIMA,22.543222054979392,49.692518257006185,21932.788399926114,1889.7603885897252
2025-02-10,2025,2,ZIMA,22.60610412486776,49.692518257006185,18004.58127120856,1889.760372334158
2025-02-10,2025,2,ZIMA,22.668986194756126,49.692518257006185,14435.272366544037,1889.7603790488429
2025-02-10,2025,2,ZIMA,22.794750334532857,49.692518257006185,10004.241321725396,1916.9638327438777
2025-02-10,2025,2,ZIMA,22.857632404421224,49.692518257006185,10372.088566275866,1916.9638669391632
2025-02-10,2025,2,ZIMA,22.92051447430959,49.692518257006185,12496.796907081667,1916.1523150045452
2025-02-10,2025,2,ZIMA,22.98339654419796,49.692518257006185,15679.736994618235,1915.5201447773907
2025-02-10,2025,2,ZIMA,23.046278614086322,49.692518257006185,19407.030795445455,1904.8448139943343
2025-02-10,2025,2,ZIMA,23.10916068397469,49.692518257006185,23420.202641510772,1891.3661927473895
2025-02-10,2025,2,ZIMA,22.480339985091025,49.755400326894545,24263.288966442815,1891.2967452922392
2025-02-10,2025,2,ZIMA,22.543222054979392,49.755400326894545,19773.371791734648,1894.508357597304
2025-02-10,2025,2,ZIMA,22.60610412486776,49.755400326894545,15307.071991672923,1889.7603571457823
2025-02-10,2025,2,ZIMA,22.668986194756126,49.755400326894545,10893.482693503986,1889.7603891597246
2025-02-10,2025,2,ZIMA,22.73186826464449,49.755400326894545,6638.588268421608,1889.7603837845131
2025-02-10,2025,2,ZIMA,22.857632404421224,49.755400326894545,4242.750117470005,1916.963856881056
2025-02-10,2025,2,ZIMA,22.92051447430959,49.755400326894545,8156.47590057038,1916.9638679906466
2025-02-10,2025,2,ZIMA,22.98339654419796,49.755400326894545,12493.86630456317,1916.899850859036
2025-02-10,2025,2,ZIMA,23.046278614086322,49.755400326894545,16932.41386754635,1896.0793295123865
2025-02-10,2025,2,ZIMA,23.10916068397469,49.755400326894545,21409.293252281375,1896.721855598769
2025-02-10,2025,2,ZIMA,22.480339985091025,49.818282396782934,24417.687156783137,1899.3990759442688
2025-02-10,2025,2,ZIMA,22.543222054979392,49.818282396782934,19968.932465393333,1896.7254831804237
2025-02-10,2025,2,ZIMA,22.60610412486776,49.818282396782934,15565.383751527352,1894.5084261112313
2025-02-10,2025,2,ZIMA,22.668986194756126,49.818282396782934,11260.207883350295,1894.5084175568122
2025-02-10,2025,2,ZIMA,23.046278614086322,49.818282396782934,17164.31095927946,1889.0079324258413
2025-02-10,2025,2,ZIMA,23.10916068397469,49.818282396782934,21588.022501435902,1889.0079280719985
2025-02-10,2025,2,ZIMA,22.543222054979392,49.881164466671294,22458.10700503757,1903.6030229613577
2025-02-10,2025,2,ZIMA,22.60610412486776,49.881164466671294,18657.2342735173,1905.1593875307537
2025-02-10,2025,2,ZIMA,22.668986194756126,49.881164466671294,15256.25598101692,1920.690543326923
2025-02-10,2025,2,ZIMA,22.73186826464449,49.881164466671294,12583.700795204135,1921.1390262879352
2025-02-10,2025,2,ZIMA,22.60610412486776,49.944046536559654,23489.227935689778,1918.1213724495237
2025-02-10,2025,2,ZIMA,22.668986194756126,49.944046536559654,20893.893703687518,1920.4690189579446
2025-02-10,2025,2,ZIMA,22.73186826464449,49.944046536559654,19032.807114747964,1921.139035174129
2025-02-10,2025,2,ZIMA,22.794750334532857,49.944046536559654,18133.466014703823,1921.1390326594128
2025-02-10,2025,2,ZIMA,22.857632404421224,49.944046536559654,18337.917441995833,1921.1390081236982
2025-02-10,2025,2,ZIMA,22.73186826464449,49.566754117229465,24625.162439086525,1886.0689697264966
2025-02-10,2025,2,ZIMA,22.794750334532857,49.566754117229465,23931.425303122436,1886.0689697265989
2025-02-10,2025,2,ZIMA,22.857632404421224,49.566754117229465,24087.918656515034,1886.3677898850215
2025-02-10,2025,2,ZIMA,22.60610412486776,49.629636187117825,22624.190624154453,1873.0229394025766
2025-02-10,2025,2,ZIMA,22.668986194756126,49.629636187117825,19897.662582212422,1872.8649621933278
2025-02-10,2025,2,ZIMA,22.73186826464449,49.629636187117825,17920.028331001893,1897.604378265641
2025-02-10,2025,2,ZIMA,22.794750334532857,49.629636187117825,16955.389057071137,1897.8771264201391
2025-02-10,2025,2,ZIMA,22.857632404421224,49.629636187117825,17175.280556231522,1898.0949707031284
2025-02-10,2025,2,ZIMA,22.92051447430959,49.629636187117825,18537.599130204857,1900.4614485219186
2025-02-10,2025,2,ZIMA,22.98339654419796,49.629636187117825,20819.277434833377,1902.1928710937536
2025-02-10,2025,2,ZIMA,23.046278614086322,49.629636187117825,23756.883535444897,1902.1928710937202
2025-02-10,2025,2,ZIMA,22.543222054979392,49.692518257006185,21932.788399926114,1877.5816457906299
2025-02-10,2025,2,ZIMA,22.60610412486776,49.692518257006185,18004.58127120856,1877.2941156089216
2025-02-10,2025,2,ZIMA,22.668986194756126,49.692518257006185,14435.272366544037,1881.844367893455
2025-02-10,2025,2,ZIMA,22.73186826464449,49.692518257006185,11562.168138112624,1898.7143233959312
2025-02-10,2025,2,ZIMA,22.794750334532857,49.692518257006185,10004.241321725396,1898.6834383854361
2025-02-10,2025,2,ZIMA,22.857632404421224,49.692518257006185,10372.088566275866,1898.6216641697015
2025-02-10,2025,2,ZIMA,22.92051447430959,49.692518257006185,12496.796907081667,1900.3995606142232
2025-02-10,2025,2,ZIMA,22.98339654419796,49.692518257006185,15679.736994618235,1900.525921786504
2025-02-10,2025,2,ZIMA,23.046278614086322,49.692518257006185,19407.030795445455,1901.0113216865861
2025-02-10,2025,2,ZIMA,23.10916068397469,49.692518257006185,23420.202641510772,1901.2443561573411
2025-02-10,2025,2,ZIMA,22.480339985091025,49.755400326894545,24263.288966442815,1876.2981852099247
2025-02-10,2025,2,ZIMA,22.543222054979392,49.755400326894545,19773.371791734648,1876.5893354895527
2025-02-10,2025,2,ZIMA,22.60610412486776,49.755400326894545,15307.071991672923,1877.1468943353484
2025-02-10,2025,2,ZIMA,22.668986194756126,49.755400326894545,10893.482693503986,1884.5423393908789
2025-02-10,2025,2,ZIMA,22.73186826464449,49.755400326894545,6638.588268421608,1896.1613385902103
2025-02-10,2025,2,ZIMA,22.794750334532857,49.755400326894545,3242.7147797909784,1896.023654596933
2025-02-10,2025,2,ZIMA,22.857632404421224,49.755400326894545,4242.750117470005,1895.7482723373485
2025-02-10,2025,2,ZIMA,22.92051447430959,49.755400326894545,8156.47590057038,1903.4408609273596
2025-02-10,2025,2,ZIMA,22.98339654419796,49.755400326894545,12493.86630456317,1903.430802505329
2025-02-10,2025,2,ZIMA,23.046278614086322,49.755400326894545,16932.41386754635,1903.4114912520076
2025-02-10,2025,2,ZIMA,23.10916068397469,49.755400326894545,21409.293252281375,1903.401534379169
2025-02-10,2025,2,ZIMA,22.480339985091025,49.818282396782934,24417.687156783137,1881.0808187219382
2025-02-10,2025,2,ZIMA,22.543222054979392,49.818282396782934,19968.932465393333,1880.9614917856713
2025-02-10,2025,2,ZIMA,22.60610412486776,49.818282396782934,15565.383751527352,1880.9483642578734
2025-02-10,2025,2,ZIMA,22.668986194756126,49.818282396782934,11260.207883350295,1880.9483696346701
2025-02-10,2025,2,ZIMA,22.543222054979392,49.881164466671294,22458.10700503757,1898.8264646074224
2025-02-10,2025,2,ZIMA,22.60610412486776,49.881164466671294,18657.2342735173,1899.1016369916636
2025-02-10,2025,2,ZIMA,22.60610412486776,49.944046536559654,23489.227935689778,1899.330169284937
2025-02-12,2025,2,ZIMA,22.73186826464449,49.566754117229465,24625.162439086525,1883.4734413375304
2025-02-12,2025,2,ZIMA,22.794750334532857,49.566754117229465,23931.425303122436,1882.8991540926825
2025-02-12,2025,2,ZIMA,22.857632404421224,49.566754117229465,24087.918656515034,1880.9178786846937
2025-02-12,2025,2,ZIMA,22.60610412486776,49.629636187117825,22624.190624154453,1882.6726306754513
2025-02-12,2025,2,ZIMA,22.668986194756126,49.629636187117825,19897.662582212422,1883.9004621574875
2025-02-12,2025,2,ZIMA,22.73186826464449,49.629636187117825,17920.028331001893,1887.2906137342713
2025-02-12,2025,2,ZIMA,22.794750334532857,49.629636187117825,16955.389057071137,1888.4376796740275
2025-02-12,2025,2,ZIMA,22.857632404421224,49.629636187117825,17175.280556231522,1891.921329859309
2025-02-12,2025,2,ZIMA,22.92051447430959,49.629636187117825,18537.599130204857,1895.4265572098184
2025-02-12,2025,2,ZIMA,22.98339654419796,49.629636187117825,20819.277434833377,1895.8600970963746
2025-02-12,2025,2,ZIMA,23.046278614086322,49.629636187117825,23756.883535444897,1892.597455567293
2025-02-12,2025,2,ZIMA,22.543222054979392,49.692518257006185,21932.788399926114,1883.6305820350601
2025-02-12,2025,2,ZIMA,22.60610412486776,49.692518257006185,18004.58127120856,1888.0194091797566
2025-02-12,2025,2,ZIMA,22.668986194756126,49.692518257006185,14435.272366544037,1887.1505168612932
2025-02-12,2025,2,ZIMA,22.73186826464449,49.692518257006185,11562.168138112624,1889.680755286939
2025-02-12,2025,2,ZIMA,22.794750334532857,49.692518257006185,10004.241321725396,1891.5401203246163
2025-02-12,2025,2,ZIMA,22.857632404421224,49.692518257006185,10372.088566275866,1891.1374326855405
2025-02-12,2025,2,ZIMA,22.92051447430959,49.692518257006185,12496.796907081667,1892.1907949811052
2025-02-12,2025,2,ZIMA,22.98339654419796,49.692518257006185,15679.736994618235,1897.960678831309
2025-02-12,2025,2,ZIMA,23.046278614086322,49.692518257006185,19407.030795445455,1902.1541728140846
2025-02-12,2025,2,ZIMA,23.10916068397469,49.692518257006185,23420.202641510772,1893.1848465742898
2025-02-12,2025,2,ZIMA,22.480339985091025,49.755400326894545,24263.288966442815,1879.5305061508498
2025-02-12,2025,2,ZIMA,22.543222054979392,49.755400326894545,19773.371791734648,1884.640679044843
2025-02-12,2025,2,ZIMA,22.60610412486776,49.755400326894545,15307.071991672923,1885.2198448611903
2025-02-12,2025,2,ZIMA,22.668986194756126,49.755400326894545,10893.482693503986,1884.1151223955023
2025-02-12,2025,2,ZIMA,22.73186826464449,49.755400326894545,6638.588268421608,1886.263157845635
2025-02-12,2025,2,ZIMA,22.794750334532857,49.755400326894545,3242.7147797909784,1889.2577936384837
2025-02-12,2025,2,ZIMA,22.857632404421224,49.755400326894545,4242.750117470005,1893.2700449107012
2025-02-12,2025,2,ZIMA,22.92051447430959,49.755400326894545,8156.47590057038,1894.30300438268
2025-02-12,2025,2,ZIMA,22.98339654419796,49.755400326894545,12493.86630456317,1907.8563918862276
2025-02-12,2025,2,ZIMA,23.046278614086322,49.755400326894545,16932.41386754635,1904.2853961863138
2025-02-12,2025,2,ZIMA,23.10916068397469,49.755400326894545,21409.293252281375,1892.0675676081605
2025-02-12,2025,2,ZIMA,22.480339985091025,49.818282396782934,24417.687156783137,1885.125161754439
2025-02-12,2025,2,ZIMA,22.543222054979392,49.818282396782934,19968.932465393333,1891.8717924013838
2025-02-12,2025,2,ZIMA,22.60610412486776,49.818282396782934,15565.383751527352,1890.2234150148506
2025-02-12,2025,2,ZIMA,22.668986194756126,49.818282396782934,11260.207883350295,1889.1043082658382
2025-02-12,2025,2,ZIMA,22.73186826464449,49.818282396782934,7231.299147808723,1891.3613801947822
2025-02-12,2025,2,ZIMA,22.794750334532857,49.818282396782934,4333.529104672702,1891.3552246093707
2025-02-12,2025,2,ZIMA,22.857632404421224,49.818282396782934,5124.013005619986,1899.4744385042661
2025-02-12,2025,2,ZIMA,22.92051447430959,49.818282396782934,8644.065763073844,1894.858319458477
2025-02-12,2025,2,ZIMA,22.98339654419796,49.818282396782934,12812.985222879366,1891.2451294851735
2025-02-12,2025,2,ZIMA,23.046278614086322,49.818282396782934,17164.31095927946,1893.8526255827835
2025-02-12,2025,2,ZIMA,23.10916068397469,49.818282396782934,21588.022501435902,1894.067874196636
2025-02-12,2025,2,ZIMA,22.543222054979392,49.881164466671294,22458.10700503757,1902.7158153488251
2025-02-12,2025,2,ZIMA,22.60610412486776,49.881164466671294,18657.2342735173,1906.913696289091
2025-02-12,2025,2,ZIMA,22.668986194756126,49.881164466671294,15256.25598101692,1905.138743206702
2025-02-12,2025,2,ZIMA,22.73186826464449,49.881164466671294,12583.700795204135,1894.507842514785
2025-02-12,2025,2,ZIMA,22.794750334532857,49.881164466671294,11175.011060680648,1896.4581083333198
2025-02-12,2025,2,ZIMA,22.857632404421224,49.881164466671294,11504.225194953451,1899.8121907913478
2025-02-12,2025,2,ZIMA,22.60610412486776,49.944046536559654,23489.227935689778,1899.482160277788
2025-02-12,2025,2,ZIMA,22.668986194756126,49.944046536559654,20893.893703687518,1899.3794159927868
2025-02-12,2025,2,ZIMA,22.73186826464449,49.944046536559654,19032.807114747964,1894.9526407929761
2025-02-12,2025,2,ZIMA,22.794750334532857,49.944046536559654,18133.466014703823,1896.2214645386136
2025-02-12,2025,2,ZIMA,22.857632404421224,49.944046536559654,18337.917441995833,1899.8985682684454
2025-02-21,2025,2,ZIMA,22.861134179920676,49.566754117229465,24121.719808151218,1927.8494760000672
2025-02-21,2025,2,ZIMA,22.924016249809043,49.629636187117825,18642.999762161857,1933.4008699315575
2025-02-21,2025,2,ZIMA,22.98689831969741,49.629636187117825,20967.894285113518,1943.7669359707168
2025-02-21,2025,2,ZIMA,23.049780389585777,49.629636187117825,23935.145955980013,1945.5688367295047
2025-02-21,2025,2,ZIMA,22.546723830478843,49.692518257006185,21707.838232754973,1907.6954436649114
2025-02-21,2025,2,ZIMA,22.60960590036721,49.692518257006185,17794.281143682118,1907.6954409221537
2025-02-21,2025,2,ZIMA,22.924016249809043,49.692518257006185,12652.420742269685,1949.6157007820977
2025-02-21,2025,2,ZIMA,22.98689831969741,49.692518257006185,15876.285473084476,1951.2848241856623
2025-02-21,2025,2,ZIMA,23.049780389585777,49.692518257006185,19624.566174656124,1953.6725280759367
2025-02-21,2025,2,ZIMA,23.11266245947414,49.692518257006185,23649.209347101292,1950.7672528390813
2025-02-21,2025,2,ZIMA,22.483841760590476,49.755400326894545,24012.859053863882,1914.475427528579
2025-02-21,2025,2,ZIMA,22.546723830478843,49.755400326894545,19523.88121143617,1912.13655112553
2025-02-21,2025,2,ZIMA,22.60960590036721,49.755400326894545,15059.470856687929,1907.695431761137
2025-02-21,2025,2,ZIMA,22.672487970255577,49.755400326894545,10650.572006925577,1907.6954367766093
2025-02-21,2025,2,ZIMA,22.73537004014394,49.755400326894545,6412.7284882164395,1907.695340235726
2025-02-21,2025,2,ZIMA,22.924016249809043,49.755400326894545,8392.667923454517,1949.4473805840657
2025-02-21,2025,2,ZIMA,22.98689831969741,49.755400326894545,12739.347819477345,1949.4473918163899
2025-02-21,2025,2,ZIMA,23.049780389585777,49.755400326894545,17180.99049197357,1951.0576479303056
2025-02-21,2025,2,ZIMA,23.11266245947414,49.755400326894545,21659.250534901363,1953.0460225848344
2025-02-21,2025,2,ZIMA,22.483841760590476,49.818282396782934,24169.180669174882,1932.779673949944
2025-02-21,2025,2,ZIMA,22.546723830478843,49.818282396782934,19722.23751204563,1932.1343404343347
2025-02-21,2025,2,ZIMA,22.60960590036721,49.818282396782934,15322.274880609359,1916.8907638978108
2025-02-21,2025,2,ZIMA,22.672487970255577,49.818282396782934,11025.686865254307,1914.459559251559
2025-02-21,2025,2,ZIMA,22.73537004014394,49.818282396782934,7024.794281715901,1909.2716240174625
2025-02-21,2025,2,ZIMA,22.79825211003231,49.818282396782934,4256.534029352301,1907.6954392658272
2025-02-21,2025,2,ZIMA,23.049780389585777,49.818282396782934,17409.26178311288,1949.4474257171398
2025-02-21,2025,2,ZIMA,23.11266245947414,49.818282396782934,21835.615068330917,1949.447370417904
2025-02-21,2025,2,ZIMA,22.546723830478843,49.881164466671294,22239.326752898585,1935.1629923467258
2025-02-21,2025,2,ZIMA,22.60960590036721,49.881164466671294,18455.16368543422,1933.9408819432444
2025-02-21,2025,2,ZIMA,22.672487970255577,49.881164466671294,15084.217606738119,1932.892788504625
2025-02-21,2025,2,ZIMA,22.73537004014394,49.881164466671294,12466.330664510688,1936.389218404789
2025-02-21,2025,2,ZIMA,22.79825211003231,49.881164466671294,11145.417786980564,1948.3523146409368
2025-02-21,2025,2,ZIMA,22.60960590036721,49.944046536559654,23329.25752927098,1935.2591513628556
2025-02-21,2025,2,ZIMA,22.672487970255577,49.944046536559654,20768.771222145115,1934.8851643285202
2025-02-21,2025,2,ZIMA,22.73537004014394,49.944046536559654,18955.512230720575,1949.040330945334
2025-02-21,2025,2,ZIMA,22.79825211003231,49.944046536559654,18115.2674006071,1948.35229249381
2025-02-21,2025,2,ZIMA,22.861134179920676,49.944046536559654,18381.952091290725,1948.3522860821788
2025-02-21,2025,2,ZIMA,22.73186826464449,49.566754117229465,24625.162439086525,1910.8685822559598
2025-02-21,2025,2,ZIMA,22.794750334532857,49.566754117229465,23931.425303122436,1918.716998820497
2025-02-21,2025,2,ZIMA,22.857632404421224,49.566754117229465,24087.918656515034,1918.69475815397
2025-02-21,2025,2,ZIMA,22.73186826464449,49.629636187117825,17920.028331001893,1918.643293984381
2025-02-21,2025,2,ZIMA,22.794750334532857,49.629636187117825,16955.389057071137,1918.6432992189402
2025-02-21,2025,2,ZIMA,22.857632404421224,49.629636187117825,17175.280556231522,1918.6433313649368
2025-02-21,2025,2,ZIMA,22.92051447430959,49.629636187117825,18537.599130204857,1920.7011309436589
2025-02-21,2025,2,ZIMA,22.98339654419796,49.629636187117825,20819.277434833377,1922.7284805619809
2025-02-21,2025,2,ZIMA,23.046278614086322,49.629636187117825,23756.883535444897,1922.7797471152637
2025-02-21,2025,2,ZIMA,22.92051447430959,49.692518257006185,12496.796907081667,1918.3659222135743
2025-02-21,2025,2,ZIMA,22.98339654419796,49.692518257006185,15679.736994618235,1916.8528750782405
2025-02-21,2025,2,ZIMA,23.046278614086322,49.692518257006185,19407.030795445455,1916.969439642439
2025-02-21,2025,2,ZIMA,23.10916068397469,49.692518257006185,23420.202641510772,1917.0277399625659
2025-02-21,2025,2,ZIMA,22.480339985091025,49.755400326894545,24263.288966442815,1901.3634031834877
2025-02-21,2025,2,ZIMA,22.92051447430959,49.755400326894545,8156.47590057038,1924.0313369762262
2025-02-21,2025,2,ZIMA,22.98339654419796,49.755400326894545,12493.86630456317,1924.183422303876
2025-02-21,2025,2,ZIMA,23.046278614086322,49.755400326894545,16932.41386754635,1924.154413801077
2025-02-21,2025,2,ZIMA,23.10916068397469,49.755400326894545,21409.293252281375,1924.1399198747874
2025-02-21,2025,2,ZIMA,22.480339985091025,49.818282396782934,24417.687156783137,1907.1937556481548
2025-02-21,2025,2,ZIMA,22.92051447430959,49.818282396782934,8644.065763073844,1921.6605026848515
2025-02-21,2025,2,ZIMA,22.98339654419796,49.818282396782934,12812.985222879366,1921.6605130291293
2025-02-21,2025,2,ZIMA,23.046278614086322,49.818282396782934,17164.31095927946,1921.660537327182
2025-02-21,2025,2,ZIMA,23.10916068397469,49.818282396782934,21588.022501435902,1921.6605079249211
2025-02-23,2025,2,ZIMA,22.73186826464449,49.566754117229465,24625.162439086525,1886.449669822007
2025-02-23,2025,2,ZIMA,22.794750334532857,49.566754117229465,23931.425303122436,1883.3265145696605
2025-02-23,2025,2,ZIMA,22.857632404421224,49.566754117229465,24087.918656515034,1892.3866305427423
2025-02-23,2025,2,ZIMA,22.73186826464449,49.629636187117825,17920.028331001893,1893.6358883511216
2025-02-23,2025,2,ZIMA,22.794750334532857,49.629636187117825,16955.389057071137,1889.3079271635327
2025-02-23,2025,2,ZIMA,22.857632404421224,49.629636187117825,17175.280556231522,1914.7328421038287
2025-02-23,2025,2,ZIMA,22.92051447430959,49.629636187117825,18537.599130204857,1913.6434188440849
2025-02-23,2025,2,ZIMA,22.98339654419796,49.629636187117825,20819.277434833377,1893.0103245209455
2025-02-23,2025,2,ZIMA,23.046278614086322,49.629636187117825,23756.883535444897,1911.0197882972034
2025-02-23,2025,2,ZIMA,22.73186826464449,49.692518257006185,11562.168138112624,1910.05805825424
2025-02-23,2025,2,ZIMA,22.794750334532857,49.692518257006185,10004.241321725396,1909.2042122481464
2025-02-23,2025,2,ZIMA,22.857632404421224,49.692518257006185,10372.088566275866,1919.7286459321895
2025-02-23,2025,2,ZIMA,22.92051447430959,49.692518257006185,12496.796907081667,1898.452187500298
2025-02-23,2025,2,ZIMA,22.98339654419796,49.692518257006185,15679.736994618235,1897.5595728018823
2025-02-23,2025,2,ZIMA,23.046278614086322,49.692518257006185,19407.030795445455,1926.9385850810008
2025-02-23,2025,2,ZIMA,23.10916068397469,49.692518257006185,23420.202641510772,1926.5456385950088
2025-02-23,2025,2,ZIMA,22.73186826464449,49.755400326894545,6638.588268421608,1910.0858430250219
2025-02-23,2025,2,ZIMA,22.794750334532857,49.755400326894545,3242.7147797909784,1910.0858211192174
2025-02-23,2025,2,ZIMA,22.98339654419796,49.755400326894545,12493.86630456317,1917.1523801746407
2025-02-23,2025,2,ZIMA,23.046278614086322,49.755400326894545,16932.41386754635,1934.3095277729042
2025-02-23,2025,2,ZIMA,23.10916068397469,49.755400326894545,21409.293252281375,1926.8203136286443
2025-02-23,2025,2,ZIMA,22.73186826464449,49.818282396782934,7231.299147808723,1930.655574958101
2025-02-23,2025,2,ZIMA,22.794750334532857,49.818282396782934,4333.529104672702,1930.6555774500343
2025-02-23,2025,2,ZIMA,22.98339654419796,49.818282396782934,12812.985222879366,1925.5191767344957
2025-02-23,2025,2,ZIMA,23.046278614086322,49.818282396782934,17164.31095927946,1924.5820335192866
2025-02-23,2025,2,ZIMA,23.10916068397469,49.818282396782934,21588.022501435902,1912.7360689629438
2025-02-23,2025,2,ZIMA,22.73186826464449,49.881164466671294,12583.700795204135,1930.65550292771
2025-02-23,2025,2,ZIMA,22.794750334532857,49.881164466671294,11175.011060680648,1930.655528898365
2025-02-23,2025,2,ZIMA,22.857632404421224,49.881164466671294,11504.225194953451,1930.65541726123
2025-02-25,2025,2,ZIMA,22.543222054979392,49.692518257006185,21932.788399926114,1889.9720583958897
2025-02-25,2025,2,ZIMA,22.60610412486776,49.692518257006185,18004.58127120856,1894.288155858883
2025-02-25,2025,2,ZIMA,22.668986194756126,49.692518257006185,14435.272366544037,1894.1764260519574
2025-02-25,2025,2,ZIMA,22.73186826464449,49.692518257006185,11562.168138112624,1894.1745659564626
2025-02-25,2025,2,ZIMA,22.480339985091025,49.755400326894545,24263.288966442815,1890.3480428999346
2025-02-25,2025,2,ZIMA,22.543222054979392,49.755400326894545,19773.371791734648,1893.3384145017783
2025-02-25,2025,2,ZIMA,22.60610412486776,49.755400326894545,15307.071991672923,1894.6528320313114
2025-02-25,2025,2,ZIMA,22.668986194756126,49.755400326894545,10893.482693503986,1894.5896217941024
2025-02-25,2025,2,ZIMA,22.73186826464449,49.755400326894545,6638.588268421608,1894.174557326625
2025-02-25,2025,2,ZIMA,22.480339985091025,49.818282396782934,24417.687156783137,1892.6973935321444
2025-02-25,2025,2,ZIMA,22.543222054979392,49.818282396782934,19968.932465393333,1897.5076793103394
2025-02-25,2025,2,ZIMA,22.60610412486776,49.818282396782934,15565.383751527352,1897.5076890028777
2025-02-25,2025,2,ZIMA,22.668986194756126,49.818282396782934,11260.207883350295,1897.5076976951545
2025-02-26,2025,2,ZIMA,22.476838209591577,49.818282396782934,24666.266596140897,1872.030965511388
2025-03-06,2025,3,ZIMA,22.73186826464449,49.566754117229465,24625.162439086525,1884.4355475690168
2025-03-06,2025,3,ZIMA,22.794750334532857,49.566754117229465,23931.425303122436,1894.2507807445847
2025-03-06,2025,3,ZIMA,22.857632404421224,49.566754117229465,24087.918656515034,1900.8746809766737
2025-03-06,2025,3,ZIMA,22.60610412486776,49.629636187117825,22624.190624154453,1892.724945060833
2025-03-06,2025,3,ZIMA,22.668986194756126,49.629636187117825,19897.662582212422,1891.3674019820394
2025-03-06,2025,3,ZIMA,22.73186826464449,49.629636187117825,17920.028331001893,1896.7854541696113
2025-03-06,2025,3,ZIMA,22.794750334532857,49.629636187117825,16955.389057071137,1898.9462866269819
2025-03-06,2025,3,ZIMA,22.857632404421224,49.629636187117825,17175.280556231522,1895.9347991369189
2025-03-06,2025,3,ZIMA,22.92051447430959,49.629636187117825,18537.599130204857,1888.5016537323847
2025-03-06,2025,3,ZIMA,22.98339654419796,49.629636187117825,20819.277434833377,1885.5950899530426
2025-03-06,2025,3,ZIMA,23.046278614086322,49.629636187117825,23756.883535444897,1887.3304270940112
2025-03-06,2025,3,ZIMA,22.543222054979392,49.692518257006185,21932.788399926114,1895.4525205536745
2025-03-06,2025,3,ZIMA,22.60610412486776,49.692518257006185,18004.58127120856,1892.707055565855
2025-03-06,2025,3,ZIMA,22.668986194756126,49.692518257006185,14435.272366544037,1888.2536836776105
2025-03-06,2025,3,ZIMA,22.73186826464449,49.692518257006185,11562.168138112624,1903.5844873590943
2025-03-06,2025,3,ZIMA,22.794750334532857,49.692518257006185,10004.241321725396,1905.8209274751864
2025-03-06,2025,3,ZIMA,22.857632404421224,49.692518257006185,10372.088566275866,1888.7194695428577
2025-03-06,2025,3,ZIMA,22.92051447430959,49.692518257006185,12496.796907081667,1889.0242619674832
2025-03-06,2025,3,ZIMA,22.98339654419796,49.692518257006185,15679.736994618235,1887.0836567357671
2025-03-06,2025,3,ZIMA,23.046278614086322,49.692518257006185,19407.030795445455,1888.3403116545344
2025-03-06,2025,3,ZIMA,23.10916068397469,49.692518257006185,23420.202641510772,1882.3443500702713
2025-03-06,2025,3,ZIMA,22.480339985091025,49.755400326894545,24263.288966442815,1889.5321645008646
2025-03-06,2025,3,ZIMA,22.543222054979392,49.755400326894545,19773.371791734648,1891.7134200643306
2025-03-06,2025,3,ZIMA,22.60610412486776,49.755400326894545,15307.071991672923,1893.7934065918566
2025-03-06,2025,3,ZIMA,22.668986194756126,49.755400326894545,10893.482693503986,1892.837546783732
2025-03-06,2025,3,ZIMA,22.73186826464449,49.755400326894545,6638.588268421608,1902.4701839583352
2025-03-06,2025,3,ZIMA,22.794750334532857,49.755400326894545,3242.7147797909784,1903.0334161690885
2025-03-06,2025,3,ZIMA,22.857632404421224,49.755400326894545,4242.750117470005,1875.8942774558495
2025-03-06,2025,3,ZIMA,22.92051447430959,49.755400326894545,8156.47590057038,1827.8240296153028
2025-03-06,2025,3,ZIMA,22.98339654419796,49.755400326894545,12493.86630456317,1844.7931066970943
2025-03-06,2025,3,ZIMA,23.046278614086322,49.755400326894545,16932.41386754635,1905.4494978606363
2025-03-06,2025,3,ZIMA,23.10916068397469,49.755400326894545,21409.293252281375,1905.0780616072107
2025-03-06,2025,3,ZIMA,22.480339985091025,49.818282396782934,24417.687156783137,1897.8530928314437
2025-03-06,2025,3,ZIMA,22.543222054979392,49.818282396782934,19968.932465393333,1898.3851845019349
2025-03-06,2025,3,ZIMA,22.60610412486776,49.818282396782934,15565.383751527352,1894.8796003136272
2025-03-06,2025,3,ZIMA,22.668986194756126,49.818282396782934,11260.207883350295,1899.6259490936259
2025-03-06,2025,3,ZIMA,22.73186826464449,49.818282396782934,7231.299147808723,1903.8502912446863
2025-03-06,2025,3,ZIMA,22.794750334532857,49.818282396782934,4333.529104672702,1895.7294928020037
2025-03-06,2025,3,ZIMA,22.857632404421224,49.818282396782934,5124.013005619986,1887.3488624394513
2025-03-06,2025,3,ZIMA,23.046278614086322,49.818282396782934,17164.31095927946,1901.5229203239473
2025-03-06,2025,3,ZIMA,23.10916068397469,49.818282396782934,21588.022501435902,1900.0274986840907
2025-03-06,2025,3,ZIMA,22.543222054979392,49.881164466671294,22458.10700503757,1904.3185869292436
2025-03-06,2025,3,ZIMA,22.60610412486776,49.881164466671294,18657.2342735173,1906.1189887744165
2025-03-06,2025,3,ZIMA,22.668986194756126,49.881164466671294,15256.25598101692,1912.051572324497
2025-03-06,2025,3,ZIMA,22.73186826464449,49.881164466671294,12583.700795204135,1910.543840739498
2025-03-06,2025,3,ZIMA,22.60610412486776,49.944046536559654,23489.227935689778,1910.8817876152837
2025-03-06,2025,3,ZIMA,22.668986194756126,49.944046536559654,20893.893703687518,1912.0662936182014
2025-03-06,2025,3,ZIMA,22.73186826464449,49.944046536559654,19032.807114747964,1912.7171932369024
2025-03-06,2025,3,ZIMA,22.92051447430959,49.944046536559654,19611.67139609482,1900.9196784885426
2025-03-06,2025,3,ZIMA,22.98339654419796,49.944046536559654,21767.82095314391,1900.919673751711
2025-03-08,2025,3,ZIMA,22.73186826464449,49.566754117229465,24625.162439086525,1896.2128906249338
2025-03-08,2025,3,ZIMA,22.794750334532857,49.566754117229465,23931.425303122436,1892.2467803764011
2025-03-08,2025,3,ZIMA,22.857632404421224,49.566754117229465,24087.918656515034,1888.3626337955166
2025-03-08,2025,3,ZIMA,22.60610412486776,49.629636187117825,22624.190624154453,1897.7412169989987
2025-03-08,2025,3,ZIMA,22.668986194756126,49.629636187117825,19897.662582212422,1897.7412333529944
2025-03-08,2025,3,ZIMA,22.73186826464449,49.629636187117825,17920.028331001893,1894.0074015928365
2025-03-08,2025,3,ZIMA,22.794750334532857,49.629636187117825,16955.389057071137,1891.4312666514936
2025-03-08,2025,3,ZIMA,22.857632404421224,49.629636187117825,17175.280556231522,1890.7922749114364
2025-03-08,2025,3,ZIMA,22.92051447430959,49.629636187117825,18537.599130204857,1890.194941530122
2025-03-08,2025,3,ZIMA,22.98339654419796,49.629636187117825,20819.277434833377,1894.4832783716174
2025-03-08,2025,3,ZIMA,23.046278614086322,49.629636187117825,23756.883535444897,1894.138154292186
2025-03-08,2025,3,ZIMA,22.543222054979392,49.692518257006185,21932.788399926114,1890.5228335849608
2025-03-08,2025,3,ZIMA,22.60610412486776,49.692518257006185,18004.58127120856,1890.6369479698078
2025-03-08,2025,3,ZIMA,22.668986194756126,49.692518257006185,14435.272366544037,1893.0686822093296
2025-03-08,2025,3,ZIMA,22.73186826464449,49.692518257006185,11562.168138112624,1902.8892792989197
2025-03-08,2025,3,ZIMA,22.794750334532857,49.692518257006185,10004.241321725396,1901.8190796180227
2025-03-08,2025,3,ZIMA,22.857632404421224,49.692518257006185,10372.088566275866,1893.6954038375648
2025-03-08,2025,3,ZIMA,22.92051447430959,49.692518257006185,12496.796907081667,1899.3488019843492
2025-03-08,2025,3,ZIMA,22.98339654419796,49.692518257006185,15679.736994618235,1901.3850268013664
2025-03-08,2025,3,ZIMA,23.046278614086322,49.692518257006185,19407.030795445455,1903.3902142742627
2025-03-08,2025,3,ZIMA,23.10916068397469,49.692518257006185,23420.202641510772,1899.2525735740887
2025-03-08,2025,3,ZIMA,22.480339985091025,49.755400326894545,24263.288966442815,1892.0655360824912
2025-03-08,2025,3,ZIMA,22.543222054979392,49.755400326894545,19773.371791734648,1890.8042351842025
2025-03-08,2025,3,ZIMA,22.60610412486776,49.755400326894545,15307.071991672923,1890.5972842374895
2025-03-08,2025,3,ZIMA,22.668986194756126,49.755400326894545,10893.482693503986,1893.8065984319835
2025-03-08,2025,3,ZIMA,22.73186826464449,49.755400326894545,6638.588268421608,1901.5974084310496
2025-03-08,2025,3,ZIMA,22.794750334532857,49.755400326894545,3242.7147797909784,1902.2047458115983
2025-03-08,2025,3,ZIMA,22.857632404421224,49.755400326894545,4242.750117470005,1902.8154523211579
2025-03-08,2025,3,ZIMA,22.92051447430959,49.755400326894545,8156.47590057038,1898.3184798439063
2025-03-08,2025,3,ZIMA,22.98339654419796,49.755400326894545,12493.86630456317,1898.3184810294242
2025-03-08,2025,3,ZIMA,23.046278614086322,49.755400326894545,16932.41386754635,1900.2441106091762
2025-03-08,2025,3,ZIMA,23.10916068397469,49.755400326894545,21409.293252281375,1898.1136935637405
2025-03-08,2025,3,ZIMA,22.480339985091025,49.818282396782934,24417.687156783137,1897.2530649628968
2025-03-08,2025,3,ZIMA,22.543222054979392,49.818282396782934,19968.932465393333,1896.27638801574
2025-03-08,2025,3,ZIMA,22.60610412486776,49.818282396782934,15565.383751527352,1895.6801204670624
2025-03-08,2025,3,ZIMA,22.668986194756126,49.818282396782934,11260.207883350295,1899.1018052559498
2025-03-08,2025,3,ZIMA,22.73186826464449,49.818282396782934,7231.299147808723,1899.1018036374735
2025-03-08,2025,3,ZIMA,22.794750334532857,49.818282396782934,4333.529104672702,1899.2388484418632
2025-03-08,2025,3,ZIMA,23.046278614086322,49.818282396782934,17164.31095927946,1898.6044323569572
2025-03-08,2025,3,ZIMA,23.10916068397469,49.818282396782934,21588.022501435902,1898.6043652318654
2025-03-08,2025,3,ZIMA,22.543222054979392,49.881164466671294,22458.10700503757,1899.6754712375348
2025-03-08,2025,3,ZIMA,22.91701269881014,49.629636187117825,18435.057018274965,1893.9439101486332
2025-03-08,2025,3,ZIMA,22.979894768698507,49.629636187117825,20672.67857890848,1894.147339358873
2025-03-08,2025,3,ZIMA,23.042776838586875,49.629636187117825,23579.97928474416,1894.377206309546
2025-03-08,2025,3,ZIMA,22.539720279479937,49.692518257006185,22158.330550777733,1887.3557129721873
2025-03-08,2025,3,ZIMA,22.66548441925667,49.692518257006185,14620.005683513065,1903.1591775048055
2025-03-08,2025,3,ZIMA,22.72836648914504,49.692518257006185,11694.560227462764,1903.1592301513251
2025-03-08,2025,3,ZIMA,22.791248559033406,49.692518257006185,10043.67405264085,1903.1592108976733
2025-03-08,2025,3,ZIMA,22.854130628921773,49.692518257006185,10299.62673390637,1903.15916280903
2025-03-08,2025,3,ZIMA,22.91701269881014,49.692518257006185,12344.37343835812,1897.8219090530788
2025-03-08,2025,3,ZIMA,22.979894768698507,49.692518257006185,15484.808820475711,1898.708711054659
2025-03-08,2025,3,ZIMA,23.042776838586875,49.692518257006185,19190.349941089135,1900.5935444406625
2025-03-08,2025,3,ZIMA,23.10565890847524,49.692518257006185,23191.68213339603,1901.5560822259633
2025-03-08,2025,3,ZIMA,22.476838209591577,49.755400326894545,24513.756494661226,1892.5477235984501
2025-03-08,2025,3,ZIMA,22.539720279479937,49.755400326894545,20022.931887797098,1896.8344811147624
2025-03-08,2025,3,ZIMA,22.602602349368304,49.755400326894545,15554.823004131229,1903.159189391493
2025-03-08,2025,3,ZIMA,22.66548441925667,49.755400326894545,11136.809320053131,1903.1591797720741
2025-03-08,2025,3,ZIMA,22.72836648914504,49.755400326894545,6866.287022907041,1903.1591796874584
2025-03-08,2025,3,ZIMA,22.791248559033406,49.755400326894545,3362.249941296639,1903.1589848801848
2025-03-08,2025,3,ZIMA,22.854130628921773,49.755400326894545,4062.627863714707,1903.0933039725417
2025-03-08,2025,3,ZIMA,22.91701269881014,49.755400326894545,7921.275087909723,1906.4216192658046
2025-03-08,2025,3,ZIMA,22.979894768698507,49.755400326894545,12248.660458942983,1907.3178736776147
2025-03-08,2025,3,ZIMA,23.042776838586875,49.755400326894545,16683.947962636168,1907.317866905572
2025-03-08,2025,3,ZIMA,23.10565890847524,49.755400326894545,21159.39073217833,1907.3178682247649
2025-03-08,2025,3,ZIMA,22.476838209591577,49.818282396782934,24666.266596140897,1898.1464223562764
2025-03-08,2025,3,ZIMA,22.539720279479937,49.818282396782934,20215.760816857834,1900.083894387568
2025-03-08,2025,3,ZIMA,22.602602349368304,49.818282396782934,15808.774328444597,1902.4221215408986
2025-03-08,2025,3,ZIMA,22.66548441925667,49.818282396782934,11495.473161355667,1902.422108910061
2025-03-08,2025,3,ZIMA,22.72836648914504,49.818282396782934,7440.6149762951945,1902.422119944087
2025-03-08,2025,3,ZIMA,22.791248559033406,49.818282396782934,4423.570697140966,1902.4221348468197
2025-03-08,2025,3,ZIMA,22.854130628921773,49.818282396782934,4976.089158139522,1902.422132107254
2025-03-08,2025,3,ZIMA,22.91701269881014,49.818282396782934,8422.782538277832,1902.4221327564337
2025-03-08,2025,3,ZIMA,22.539720279479937,49.881164466671294,22677.575525458135,1908.5464326730546
2025-03-18,2025,3,ZIMA,22.98339654419796,49.765905653392906,12273.503404588548,1883.2045631890837
2025-03-18,2025,3,ZIMA,23.046278614086322,49.765905653392906,16769.633620027365,1883.2045845003663
2025-03-18,2025,3,ZIMA,23.10916068397469,49.765905653392906,21279.91361633516,1883.2045822041084
2025-03-18,2025,3,ZIMA,23.046278614086322,49.82878772328128,17477.763716287656,1883.204575236982
2025-03-18,2025,3,ZIMA,23.10916068397469,49.82878772328128,21837.221769753294,1882.6703738812826
2025-03-18,2025,3,ZIMA,22.73186826464449,49.89166979316964,13623.731614643058,1897.6381663090804
2025-03-18,2025,3,ZIMA,22.794750334532857,49.89166979316964,12334.694064801255,1897.6380511733498
2025-03-18,2025,3,ZIMA,22.857632404421224,49.89166979316964,12633.660695484874,1897.638099287842
2025-03-18,2025,3,ZIMA,23.046278614086322,49.89166979316964,20677.545318090793,1884.7639273696036
2025-03-18,2025,3,ZIMA,23.10916068397469,49.89166979316964,24468.971890557703,1884.1154689349978
2025-03-18,2025,3,ZIMA,22.60610412486776,49.954551863058015,24398.873749480455,1882.9234615141042
2025-03-18,2025,3,ZIMA,22.668986194756126,49.954551863058015,21912.12152600626,1882.9234607038989
2025-03-18,2025,3,ZIMA,22.73186826464449,49.954551863058015,20145.72377669812,1904.196936096631
2025-03-18,2025,3,ZIMA,22.794750334532857,49.954551863058015,19298.50501956277,1900.190373273921
2025-03-18,2025,3,ZIMA,22.857632404421224,49.954551863058015,19490.69782676635,1897.6380623319917
2025-03-18,2025,3,ZIMA,22.92051447430959,49.954551863058015,20693.361969813795,1885.6855542700532
2025-03-18,2025,3,ZIMA,22.98339654419796,49.954551863058015,22746.784219170553,1885.6856086061719
2025-03-19,2025,3,ZIMA,22.98339654419796,49.64014151361617,19882.064266925787,1909.3861683414323
2025-03-19,2025,3,ZIMA,23.046278614086322,49.64014151361617,22939.388354842766,1908.0774832953753
2025-03-19,2025,3,ZIMA,22.92051447430959,49.703023583504546,11592.548159691261,1913.2519357189146
2025-03-19,2025,3,ZIMA,22.98339654419796,49.703023583504546,14968.36972927753,1912.9358063373961
2025-03-19,2025,3,ZIMA,23.046278614086322,49.703023583504546,18836.204875113814,1909.478224331762
2025-03-19,2025,3,ZIMA,23.10916068397469,49.703023583504546,22948.6082092133,1908.9066722525267
2025-03-19,2025,3,ZIMA,22.480339985091025,49.765905653392906,24148.621374600574,1903.859505481121
2025-03-19,2025,3,ZIMA,22.543222054979392,49.765905653392906,19633.58536118644,1903.8594773194309
2025-03-19,2025,3,ZIMA,22.60610412486776,49.765905653392906,15127.185678551421,1914.3160438462378
2025-03-19,2025,3,ZIMA,22.668986194756126,49.765905653392906,10640.406085574949,1914.316046964478
2025-03-19,2025,3,ZIMA,23.046278614086322,49.765905653392906,16769.633620027365,1913.2519399836328
2025-03-19,2025,3,ZIMA,23.10916068397469,49.765905653392906,21279.91361633516,1913.2519473672614
2025-03-19,2025,3,ZIMA,22.480339985091025,49.82878772328128,24637.71098163613,1905.0335725760467
2025-03-19,2025,3,ZIMA,22.543222054979392,49.82878772328128,20238.437926157472,1903.859498627487
2025-03-19,2025,3,ZIMA,22.60610412486776,49.82878772328128,15910.724569619551,1911.3527887207806
2025-03-19,2025,3,ZIMA,22.668986194756126,49.82878772328128,11734.02227692739,1914.3606545141656
2025-03-19,2025,3,ZIMA,22.73186826464449,49.82878772328128,7950.021305988564,1914.3160357757238
2025-03-19,2025,3,ZIMA,22.794750334532857,49.82878772328128,5449.57910022521,1914.3160712717493
2025-03-19,2025,3,ZIMA,22.543222054979392,49.89166979316964,23055.323741507742,1914.7388885981804
2025-03-19,2025,3,ZIMA,22.60610412486776,49.89166979316964,19372.8599092558,1926.0038456006323
2025-03-19,2025,3,ZIMA,22.668986194756126,49.89166979316964,16124.320549651156,1922.3000127532466
2025-03-19,2025,3,ZIMA,22.73186826464449,49.89166979316964,13623.731614643058,1918.7721152045647
2025-03-19,2025,3,ZIMA,22.794750334532857,49.89166979316964,12334.694064801255,1917.1164128474945
2025-03-19,2025,3,ZIMA,22.60610412486776,49.954551863058015,24398.873749480455,1925.4314134493175
2025-03-19,2025,3,ZIMA,22.668986194756126,49.954551863058015,21912.12152600626,1927.60181419013
2025-03-19,2025,3,ZIMA,22.73186826464449,49.954551863058015,20145.72377669812,1923.6189882573613
2025-03-19,2025,3,ZIMA,22.794750334532857,49.954551863058015,19298.50501956277,1918.5949388741526
2025-03-19,2025,3,ZIMA,22.857632404421224,49.954551863058015,19490.69782676635,1916.0212349551994
2025-03-19,2025,3,ZIMA,22.92051447430959,49.954551863058015,20693.361969813795,1916.021230357841
2025-03-19,2025,3,ZIMA,22.91701269881014,49.63663973811673,17723.73555961373,1928.2312126398185
2025-03-19,2025,3,ZIMA,22.979894768698507,49.63663973811673,20040.623156352834,1928.2312113142677
2025-03-19,2025,3,ZIMA,23.042776838586875,49.63663973811673,23027.46026329523,1928.231198436803
2025-03-19,2025,3,ZIMA,22.91701269881014,49.69952180800509,11728.549324214437,1929.7347277801487
2025-03-19,2025,3,ZIMA,22.979894768698507,49.69952180800509,14998.069231358255,1930.1396613266727
2025-03-19,2025,3,ZIMA,23.042776838586875,49.69952180800509,18799.30470471293,1930.5921897969565
2025-03-19,2025,3,ZIMA,23.10565890847524,49.69952180800509,22868.626582513712,1930.8184533166566
2025-03-19,2025,3,ZIMA,22.476838209591577,49.82528594778182,24805.546002160747,1895.6738434614965
2025-03-19,2025,3,ZIMA,22.539720279479937,49.82528594778182,20386.177140635493,1895.673836993044
2025-03-19,2025,3,ZIMA,22.539720279479937,49.888168017670196,23067.043642845758,1910.6987106159454
2025-03-20,2025,3,ZIMA,22.857632404421224,49.57725944372781,22929.642924141328,1913.4921021126383
2025-03-20,2025,3,ZIMA,22.92051447430959,49.57725944372781,23968.166495009584,1912.0903598130567
2025-03-20,2025,3,ZIMA,22.60610412486776,49.64014151361617,21764.45074750315,1912.0162417682022
2025-03-20,2025,3,ZIMA,22.668986194756126,49.64014151361617,18915.05239248048,1912.0162553453335
2025-03-20,2025,3,ZIMA,22.857632404421224,49.64014151361617,16027.29515834017,1913.492109528373
2025-03-20,2025,3,ZIMA,22.92051447430959,49.64014151361617,17479.017342413288,1913.4920723755222
2025-03-20,2025,3,ZIMA,22.98339654419796,49.64014151361617,19882.064266925787,1913.4796656206847
2025-03-20,2025,3,ZIMA,23.046278614086322,49.64014151361617,22939.388354842766,1912.3137557216
2025-03-20,2025,3,ZIMA,22.543222054979392,49.703023583504546,21428.823452632554,1917.3384801142352
2025-03-20,2025,3,ZIMA,22.60610412486776,49.703023583504546,17388.09997969512,1912.0162371810181
2025-03-20,2025,3,ZIMA,22.668986194756126,49.703023583504546,13659.542302594182,1912.0162371263723
2025-03-20,2025,3,ZIMA,22.73186826464449,49.703023583504546,10578.554156056924,1912.016247170475
2025-03-20,2025,3,ZIMA,22.794750334532857,49.703023583504546,8849.528317586586,1912.0162200428458
2025-03-20,2025,3,ZIMA,22.92051447430959,49.703023583504546,11592.548159691261,1913.4920576778625
2025-03-20,2025,3,ZIMA,22.98339654419796,49.703023583504546,14968.36972927753,1913.4920379692576
2025-03-20,2025,3,ZIMA,23.046278614086322,49.703023583504546,18836.204875113814,1913.4778452513397
2025-03-20,2025,3,ZIMA,23.10916068397469,49.703023583504546,22948.6082092133,1912.9960420938007
2025-03-20,2025,3,ZIMA,22.480339985091025,49.765905653392906,24148.621374600574,1915.433761312874
2025-03-20,2025,3,ZIMA,22.543222054979392,49.765905653392906,19633.58536118644,1916.7147673376096
2025-03-20,2025,3,ZIMA,22.60610412486776,49.765905653392906,15127.185678551421,1917.3385027097797
2025-03-20,2025,3,ZIMA,22.668986194756126,49.765905653392906,10640.406085574949,1917.3385012946069
2025-03-20,2025,3,ZIMA,22.73186826464449,49.765905653392906,6215.886208794365,1912.0162278868484
2025-03-20,2025,3,ZIMA,23.10916068397469,49.765905653392906,21279.91361633516,1913.4920641469103
2025-03-20,2025,3,ZIMA,22.480339985091025,49.82878772328128,24637.71098163613,1916.559135456763
2025-03-20,2025,3,ZIMA,22.543222054979392,49.82878772328128,20238.437926157472,1914.8273365722737
2025-03-20,2025,3,ZIMA,22.60610412486776,49.82878772328128,15910.724569619551,1916.7649221496088
2025-03-20,2025,3,ZIMA,22.668986194756126,49.82878772328128,11734.02227692739,1917.3384954164974
2025-03-20,2025,3,ZIMA,22.543222054979392,49.89166979316964,23055.323741507742,1924.3480963941017
2025-03-20,2025,3,ZIMA,22.60610412486776,49.89166979316964,19372.8599092558,1919.72173115246
2025-03-20,2025,3,ZIMA,22.668986194756126,49.89166979316964,16124.320549651156,1919.8485123762975
2025-03-20,2025,3,ZIMA,22.73186826464449,49.89166979316964,13623.731614643058,1919.9698588128217
2025-03-20,2025,3,ZIMA,22.794750334532857,49.89166979316964,12334.694064801255,1919.969817928078
2025-03-20,2025,3,ZIMA,22.60610412486776,49.954551863058015,24398.873749480455,1919.2761238041312
2025-03-20,2025,3,ZIMA,22.668986194756126,49.954551863058015,21912.12152600626,1919.1742046233137
2025-03-20,2025,3,ZIMA,22.73186826464449,49.954551863058015,20145.72377669812,1919.8535346587498
2025-03-20,2025,3,ZIMA,22.794750334532857,49.954551863058015,19298.50501956277,1919.9698462159058
2025-03-20,2025,3,ZIMA,22.857632404421224,49.954551863058015,19490.69782676635,1919.9698344121807
2025-03-20,2025,3,ZIMA,22.72836648914504,49.57375766822835,23934.74062003905,1897.6402004464574
2025-03-20,2025,3,ZIMA,22.791248559033406,49.57375766822835,23171.03997588284,1900.2495200766216
2025-03-20,2025,3,ZIMA,22.854130628921773,49.57375766822835,23283.399618043084,1900.039281542607
2025-03-20,2025,3,ZIMA,22.91701269881014,49.57375766822835,24259.650325481372,1899.931492035498
2025-03-20,2025,3,ZIMA,22.602602349368304,49.63663973811673,22221.015838680374,1903.3568218135265
2025-03-20,2025,3,ZIMA,22.66548441925667,49.63663973811673,19379.42308017176,1903.2226023206508
2025-03-20,2025,3,ZIMA,22.72836648914504,49.63663973811673,17276.924078610296,1903.3307595950998
2025-03-20,2025,3,ZIMA,22.791248559033406,49.63663973811673,16203.815953358711,1903.9593913940491
2025-03-20,2025,3,ZIMA,22.854130628921773,49.63663973811673,16363.879178447985,1903.9592285156286
2025-03-20,2025,3,ZIMA,22.91701269881014,49.63663973811673,17723.73555961373,1903.9687352790195
2025-03-20,2025,3,ZIMA,22.979894768698507,49.63663973811673,20040.623156352834,1905.1473388671911
2025-03-20,2025,3,ZIMA,23.042776838586875,49.63663973811673,23027.46026329523,1905.147338867158
2025-03-20,2025,3,ZIMA,22.539720279479937,49.69952180800509,21820.135385377285,1892.2552700452081
2025-03-20,2025,3,ZIMA,22.602602349368304,49.69952180800509,17803.664050746822,1898.0778208062209
2025-03-20,2025,3,ZIMA,22.66548441925667,49.69952180800509,14103.583896755159,1898.375285352987
2025-03-20,2025,3,ZIMA,22.72836648914504,49.69952180800509,11042.657847244038,1908.208401156925
2025-03-20,2025,3,ZIMA,22.791248559033406,49.69952180800509,9276.750010689626,1909.2555799939578
2025-03-20,2025,3,ZIMA,22.854130628921773,49.69952180800509,9553.233236262362,1909.1432774668806
2025-03-20,2025,3,ZIMA,22.91701269881014,49.69952180800509,11728.549324214437,1907.738770574797
2025-03-20,2025,3,ZIMA,22.979894768698507,49.69952180800509,14998.069231358255,1904.7280332041285
2025-03-20,2025,3,ZIMA,23.042776838586875,49.69952180800509,18799.30470471293,1904.1092248878172
2025-03-20,2025,3,ZIMA,23.10565890847524,49.69952180800509,22868.626582513712,1907.7565312263025
2025-03-20,2025,3,ZIMA,22.476838209591577,49.76240387789346,24431.91051318653,1898.1943911085243
2025-03-20,2025,3,ZIMA,22.539720279479937,49.76240387789346,19923.368274673587,1903.6125811925722
2025-03-20,2025,3,ZIMA,22.602602349368304,49.76240387789346,15427.190835483087,1905.7429791189863
2025-03-20,2025,3,ZIMA,22.66548441925667,49.76240387789346,10958.613241493711,1905.5916713770798
2025-03-20,2025,3,ZIMA,22.72836648914504,49.76240387789346,6574.1652570221095,1911.531275810575
2025-03-20,2025,3,ZIMA,22.791248559033406,49.76240387789346,2717.281532980523,1911.3980300213882
2025-03-20,2025,3,ZIMA,22.854130628921773,49.76240387789346,3547.2661262813654,1911.131742305475
2025-03-20,2025,3,ZIMA,22.91701269881014,49.76240387789346,7669.296267977525,1911.906172170717
2025-03-20,2025,3,ZIMA,22.979894768698507,49.76240387789346,12086.712571358865,1912.0688644956783
2025-03-20,2025,3,ZIMA,23.042776838586875,49.76240387789346,16564.859643632226,1909.9626114660175
2025-03-20,2025,3,ZIMA,23.10565890847524,49.76240387789346,21065.039212487292,1907.1278091236748
2025-03-20,2025,3,ZIMA,22.476838209591577,49.82528594778182,24805.546002160747,1901.33713984345
2025-03-20,2025,3,ZIMA,22.539720279479937,49.82528594778182,20386.177140635493,1908.6428084730567
2025-03-20,2025,3,ZIMA,22.602602349368304,49.82528594778182,16026.836660499537,1908.9449684208203
2025-03-20,2025,3,ZIMA,22.66548441925667,49.82528594778182,11794.280549012707,1909.0017583529502
2025-03-20,2025,3,ZIMA,22.72836648914504,49.82528594778182,7895.124989240052,1915.0039010526018
2025-03-20,2025,3,ZIMA,22.791248559033406,49.82528594778182,5152.030032251366,1915.1145785063486
2025-03-20,2025,3,ZIMA,22.854130628921773,49.82528594778182,5633.484352220106,1915.3626152683892
2025-03-20,2025,3,ZIMA,22.539720279479937,49.888168017670196,23067.043642845758,1914.09411848656
2025-03-20,2025,3,ZIMA,22.602602349368304,49.888168017670196,19327.640273898036,1913.7492098048347
2025-03-20,2025,3,ZIMA,22.66548441925667,49.888168017670196,15998.627117241811,1912.769329849978
2025-03-20,2025,3,ZIMA,22.72836648914504,49.888168017670196,13389.688543906259,1908.8300370537168
2025-03-20,2025,3,ZIMA,22.791248559033406,49.888168017670196,11980.846802178985,1908.875118534344
2025-03-20,2025,3,ZIMA,22.854130628921773,49.888168017670196,12195.354870412208,1909.0185176627974
2025-03-20,2025,3,ZIMA,22.602602349368304,49.951050087558556,24250.700126710584,1912.4639810923354
2025-03-20,2025,3,ZIMA,22.66548441925667,49.951050087558556,21694.419224661935,1911.969558449956
2025-03-20,2025,3,ZIMA,22.72836648914504,49.951050087558556,19851.328697738627,1910.6748227240996
2025-03-20,2025,3,ZIMA,22.791248559033406,49.951050087558556,18930.891212450206,1910.6019698300345
2025-03-20,2025,3,ZIMA,22.854130628921773,49.951050087558556,19067.194203363055,1909.9380371370669
2025-03-21,2025,3,ZIMA,22.73186826464449,49.57375766822835,23870.176139745923,1881.0098461244625
2025-03-21,2025,3,ZIMA,22.794750334532857,49.57375766822835,23153.933225743713,1901.749119213812
2025-03-21,2025,3,ZIMA,22.857632404421224,49.57375766822835,23315.622571518234,1897.2888736456518
2025-03-21,2025,3,ZIMA,22.92051447430959,49.57375766822835,24337.753048194092,1886.7731933594114
2025-03-21,2025,3,ZIMA,22.60610412486776,49.63663973811673,22047.87591761541,1877.4809464706514
2025-03-21,2025,3,ZIMA,22.668986194756126,49.63663973811673,19240.28112537412,1878.768598400445
2025-03-21,2025,3,ZIMA,22.73186826464449,49.63663973811673,17187.48306211973,1892.7841295712676
2025-03-21,2025,3,ZIMA,22.794750334532857,49.63663973811673,16179.375795048165,1904.1979387635174
2025-03-21,2025,3,ZIMA,22.857632404421224,49.63663973811673,16409.63645539607,1899.9240391787926
2025-03-21,2025,3,ZIMA,22.92051447430959,49.63663973811673,17830.353701082186,1895.9906072294655
2025-03-21,2025,3,ZIMA,22.98339654419796,49.63663973811673,20191.789874513994,1892.3147780454233
2025-03-21,2025,3,ZIMA,23.046278614086322,49.63663973811673,23208.550545264912,1890.6127076751093
2025-03-21,2025,3,ZIMA,22.543222054979392,49.69952180800509,21591.093796082292,1887.1759207041496
2025-03-21,2025,3,ZIMA,22.60610412486776,49.69952180800509,17587.37069153292,1876.7183837891312
2025-03-21,2025,3,ZIMA,22.668986194756126,49.69952180800509,13912.02253321038,1876.7183837890007
2025-03-21,2025,3,ZIMA,22.73186826464449,49.69952180800509,10902.372538039119,1911.7583275165857
2025-03-21,2025,3,ZIMA,22.794750334532857,49.69952180800509,9234.048965946082,1910.9027584694788
2025-03-21,2025,3,ZIMA,22.857632404421224,49.69952180800509,9631.301084418905,1897.426432339282
2025-03-21,2025,3,ZIMA,22.92051447430959,49.69952180800509,11888.84787029563,1898.1426925773503
2025-03-21,2025,3,ZIMA,22.98339654419796,49.69952180800509,15199.212373557164,1897.431590200616
2025-03-21,2025,3,ZIMA,23.046278614086322,49.69952180800509,19020.409288203802,1897.7179486328153
2025-03-21,2025,3,ZIMA,23.10916068397469,49.69952180800509,23100.31001312797,1901.55847167972
2025-03-21,2025,3,ZIMA,22.480339985091025,49.76240387789346,24180.631609231743,1891.4921002947565
2025-03-21,2025,3,ZIMA,22.543222054979392,49.76240387789346,19672.581542230266,1889.9651533495548
2025-03-21,2025,3,ZIMA,22.60610412486776,49.76240387789346,15177.392813379145,1883.1169151399724
2025-03-21,2025,3,ZIMA,22.668986194756126,49.76240387789346,10711.275345139456,1883.0284860282793
2025-03-21,2025,3,ZIMA,22.73186826464449,49.76240387789346,6336.011988675294,1904.0956684482155
2025-03-21,2025,3,ZIMA,22.794750334532857,49.76240387789346,2567.9186166167965,1902.9056165879529
2025-03-21,2025,3,ZIMA,22.857632404421224,49.76240387789346,3752.1815455741657,1897.6189103432416
2025-03-21,2025,3,ZIMA,22.92051447430959,49.76240387789346,7911.95683815393,1898.9193914822552
2025-03-21,2025,3,ZIMA,22.98339654419796,49.76240387789346,12335.10272367173,1899.101845603861
2025-03-21,2025,3,ZIMA,23.046278614086322,49.76240387789346,16815.049560980915,1903.1489480666698
2025-03-21,2025,3,ZIMA,23.10916068397469,49.76240387789346,21316.011966862818,1903.5040903076442
2025-03-21,2025,3,ZIMA,22.480339985091025,49.82528594778182,24558.4122381809,1887.0939484897908
2025-03-21,2025,3,ZIMA,22.543222054979392,49.82528594778182,20141.472844872656,1886.182028337661
2025-03-21,2025,3,ZIMA,22.60610412486776,49.82528594778182,15786.843293430242,1883.575932489757
2025-03-21,2025,3,ZIMA,22.668986194756126,49.82528594778182,11565.128845618674,1893.1104305548984
2025-03-21,2025,3,ZIMA,22.73186826464449,49.82528594778182,7698.2062368482775,1909.1120390257481
2025-03-21,2025,3,ZIMA,22.794750334532857,49.82528594778182,5074.940827644361,1906.2027842133036
2025-03-21,2025,3,ZIMA,22.857632404421224,49.82528594778182,5764.544658319156,1901.7218378095179
2025-03-21,2025,3,ZIMA,22.92051447430959,49.82528594778182,9038.103800343048,1898.9404221592617
2025-03-21,2025,3,ZIMA,22.98339654419796,49.82528594778182,13081.556335838204,1898.9404075435432
2025-03-21,2025,3,ZIMA,23.046278614086322,49.82528594778182,17365.173961940247,1902.3660855107282
2025-03-21,2025,3,ZIMA,23.10916068397469,49.82528594778182,21747.497997523245,1902.3660963353975
2025-03-21,2025,3,ZIMA,22.543222054979392,49.888168017670196,22851.347318942826,1894.9650851478018
2025-03-21,2025,3,ZIMA,22.60610412486776,49.888168017670196,19129.362574188723,1896.5302218479815
2025-03-21,2025,3,ZIMA,22.668986194756126,49.888168017670196,15830.671878800058,1912.924118170987
2025-03-21,2025,3,ZIMA,22.73186826464449,49.888168017670196,13274.680107846481,1910.7293970678863
2025-03-21,2025,3,ZIMA,22.794750334532857,49.888168017670196,11947.942248522171,1898.9332928048739
2025-03-21,2025,3,ZIMA,22.857632404421224,49.888168017670196,12256.368505454146,1898.5132354881039
2025-03-21,2025,3,ZIMA,22.60610412486776,49.951050087558556,24093.17762550513,1904.1980198869298
2025-03-21,2025,3,ZIMA,22.668986194756126,49.951050087558556,21571.019511458544,1911.4938365145952
2025-03-21,2025,3,ZIMA,22.73186826464449,49.951050087558556,19774.038825319632,1905.9809296565716
2025-03-21,2025,3,ZIMA,22.794750334532857,49.951050087558556,18910.111019801527,1899.006304244368
2025-03-21,2025,3,ZIMA,22.857632404421224,49.951050087558556,19106.22528879249,1899.5668017995079
2025-03-21,2025,3,ZIMA,22.92051447430959,49.951050087558556,20331.730774921478,1900.9991255846262
2025-03-22,2025,3,ZIMA,22.73186826464449,49.57725944372781,23493.2693373508,1890.1177138391793
2025-03-22,2025,3,ZIMA,22.794750334532857,49.57725944372781,22765.22415051175,1889.833834126468
2025-03-22,2025,3,ZIMA,22.857632404421224,49.57725944372781,22929.642924141328,1888.4766355831298
2025-03-22,2025,3,ZIMA,22.92051447430959,49.57725944372781,23968.166495009584,1885.9670788973742
2025-03-22,2025,3,ZIMA,22.60610412486776,49.64014151361617,21764.45074750315,1889.5550537109739
2025-03-22,2025,3,ZIMA,22.668986194756126,49.64014151361617,18915.05239248048,1892.174981362121
2025-03-22,2025,3,ZIMA,22.73186826464449,49.64014151361617,16822.773898113886,1894.7708486818292
2025-03-22,2025,3,ZIMA,22.794750334532857,49.64014151361617,15791.477478126646,1902.7083875476517
2025-03-22,2025,3,ZIMA,22.857632404421224,49.64014151361617,16027.29515834017,1906.110569048998
2025-03-22,2025,3,ZIMA,22.92051447430959,49.64014151361617,17479.017342413288,1885.1569019835904
2025-03-22,2025,3,ZIMA,22.98339654419796,49.64014151361617,19882.064266925787,1885.78299206567
2025-03-22,2025,3,ZIMA,23.046278614086322,49.64014151361617,22939.388354842766,1886.1097402745424
2025-03-22,2025,3,ZIMA,22.543222054979392,49.703023583504546,21428.823452632554,1886.2101036270533
2025-03-22,2025,3,ZIMA,22.60610412486776,49.703023583504546,17388.09997969512,1888.9612131991491
2025-03-22,2025,3,ZIMA,22.668986194756126,49.703023583504546,13659.542302594182,1891.1713839745362
2025-03-22,2025,3,ZIMA,22.73186826464449,49.703023583504546,10578.554156056924,1897.947414023479
2025-03-22,2025,3,ZIMA,22.794750334532857,49.703023583504546,8849.528317586586,1906.6791559871726
2025-03-22,2025,3,ZIMA,22.857632404421224,49.703023583504546,9263.256096580859,1892.3311215064616
2025-03-22,2025,3,ZIMA,22.92051447430959,49.703023583504546,11592.548159691261,1882.2230820200227
2025-03-22,2025,3,ZIMA,22.98339654419796,49.703023583504546,14968.36972927753,1887.0025810671102
2025-03-22,2025,3,ZIMA,23.046278614086322,49.703023583504546,18836.204875113814,1891.6647036337915
2025-03-22,2025,3,ZIMA,23.10916068397469,49.703023583504546,22948.6082092133,1901.96423339847
2025-03-22,2025,3,ZIMA,22.480339985091025,49.765905653392906,24148.621374600574,1888.4805485120983
2025-03-22,2025,3,ZIMA,22.543222054979392,49.765905653392906,19633.58536118644,1896.5741833987854
2025-03-22,2025,3,ZIMA,22.60610412486776,49.765905653392906,15127.185678551421,1893.4117589218633
2025-03-22,2025,3,ZIMA,22.668986194756126,49.765905653392906,10640.406085574949,1892.9333971435408
2025-03-22,2025,3,ZIMA,22.73186826464449,49.765905653392906,6215.886208794365,1904.8051460566528
2025-03-22,2025,3,ZIMA,22.794750334532857,49.765905653392906,2255.8386657603014,1905.505696307072
2025-03-22,2025,3,ZIMA,22.857632404421224,49.765905653392906,3545.833307069924,1891.0971083299823
2025-03-22,2025,3,ZIMA,22.92051447430959,49.765905653392906,7815.986039923903,1886.7279928092362
2025-03-22,2025,3,ZIMA,22.98339654419796,49.765905653392906,12273.503404588548,1886.3061523437289
2025-03-22,2025,3,ZIMA,23.046278614086322,49.765905653392906,16769.633620027365,1906.6076432213686
2025-03-22,2025,3,ZIMA,23.10916068397469,49.765905653392906,21279.91361633516,1907.4621132785137
2025-03-22,2025,3,ZIMA,22.480339985091025,49.82878772328128,24637.71098163613,1892.1681540506224
2025-03-22,2025,3,ZIMA,22.543222054979392,49.82878772328128,20238.437926157472,1895.8399932048508
2025-03-22,2025,3,ZIMA,22.60610412486776,49.82878772328128,15910.724569619551,1895.6032570945395
2025-03-22,2025,3,ZIMA,22.668986194756126,49.82878772328128,11734.02227692739,1895.5411066567938
2025-03-22,2025,3,ZIMA,22.73186826464449,49.82878772328128,7950.021305988564,1905.9461105490427
2025-03-22,2025,3,ZIMA,22.794750334532857,49.82878772328128,5449.57910022521,1905.4681347491785
2025-03-22,2025,3,ZIMA,22.857632404421224,49.82878772328128,6096.910818244094,1894.586129464714
2025-03-22,2025,3,ZIMA,22.92051447430959,49.82878772328128,9253.44027674539,1886.3061830060076
2025-03-22,2025,3,ZIMA,22.98339654419796,49.82878772328128,13231.00488394699,1886.3061569801866
2025-03-22,2025,3,ZIMA,23.046278614086322,49.82878772328128,17477.763716287656,1905.3396211582985
2025-03-22,2025,3,ZIMA,23.10916068397469,49.82878772328128,21837.221769753294,1902.9107809807888
2025-03-22,2025,3,ZIMA,22.543222054979392,49.89166979316964,23055.323741507742,1902.4969417902623
2025-03-22,2025,3,ZIMA,22.60610412486776,49.89166979316964,19372.8599092558,1902.4061146906574
2025-03-22,2025,3,ZIMA,22.668986194756126,49.89166979316964,16124.320549651156,1905.7896828713306
2025-03-22,2025,3,ZIMA,22.73186826464449,49.89166979316964,13623.731614643058,1913.817343332666
2025-03-22,2025,3,ZIMA,22.794750334532857,49.89166979316964,12334.694064801255,1901.8874911858745
2025-03-22,2025,3,ZIMA,22.857632404421224,49.89166979316964,12633.660695484874,1898.3514596292487
2025-03-22,2025,3,ZIMA,23.10916068397469,49.89166979316964,24468.971890557703,1883.9525384641213
2025-03-22,2025,3,ZIMA,22.60610412486776,49.954551863058015,24398.873749480455,1904.4026116958253
2025-03-22,2025,3,ZIMA,22.668986194756126,49.954551863058015,21912.12152600626,1910.3266600234383
2025-03-22,2025,3,ZIMA,22.73186826464449,49.954551863058015,20145.72377669812,1906.5334987440324
2025-03-22,2025,3,ZIMA,22.794750334532857,49.954551863058015,19298.50501956277,1896.3530449725768
2025-03-22,2025,3,ZIMA,22.857632404421224,49.954551863058015,19490.69782676635,1895.3591878329855
2025-03-22,2025,3,ZIMA,22.92051447430959,49.954551863058015,20693.361969813795,1892.16562576481
2025-03-26,2025,3,ZIMA,22.72836648914504,49.57375766822835,23934.74062003905,1877.987263444342
2025-03-26,2025,3,ZIMA,22.791248559033406,49.57375766822835,23171.03997588284,1882.18897960966
2025-03-26,2025,3,ZIMA,22.854130628921773,49.57375766822835,23283.399618043084,1882.737476676951
2025-03-26,2025,3,ZIMA,22.91701269881014,49.57375766822835,24259.650325481372,1883.1883095120756
2025-03-26,2025,3,ZIMA,22.602602349368304,49.63663973811673,22221.015838680374,1866.1683978459807
2025-03-26,2025,3,ZIMA,22.66548441925667,49.63663973811673,19379.42308017176,1877.5122411576633
2025-03-26,2025,3,ZIMA,22.72836648914504,49.63663973811673,17276.924078610296,1879.9787605040415
2025-03-26,2025,3,ZIMA,22.791248559033406,49.63663973811673,16203.815953358711,1888.3948931773418
2025-03-26,2025,3,ZIMA,22.854130628921773,49.63663973811673,16363.879178447985,1887.224012098434
2025-03-26,2025,3,ZIMA,22.91701269881014,49.63663973811673,17723.73555961373,1882.270830370614
2025-03-26,2025,3,ZIMA,22.979894768698507,49.63663973811673,20040.623156352834,1883.9525850295724
2025-03-26,2025,3,ZIMA,23.042776838586875,49.63663973811673,23027.46026329523,1893.422550198018
2025-03-26,2025,3,ZIMA,22.539720279479937,49.69952180800509,21820.135385377285,1857.0679421925963
2025-03-26,2025,3,ZIMA,22.602602349368304,49.69952180800509,17803.664050746822,1877.824454365456
2025-03-26,2025,3,ZIMA,22.66548441925667,49.69952180800509,14103.583896755159,1878.4854074117354
2025-03-26,2025,3,ZIMA,22.72836648914504,49.69952180800509,11042.657847244038,1884.9373377906938
2025-03-26,2025,3,ZIMA,22.791248559033406,49.69952180800509,9276.750010689626,1886.1855997915918
2025-03-26,2025,3,ZIMA,22.854130628921773,49.69952180800509,9553.233236262362,1883.6928751480048
2025-03-26,2025,3,ZIMA,22.91701269881014,49.69952180800509,11728.549324214437,1881.1735839844073
2025-03-26,2025,3,ZIMA,22.979894768698507,49.69952180800509,14998.069231358255,1883.2761302139802
2025-03-26,2025,3,ZIMA,23.042776838586875,49.69952180800509,18799.30470471293,1895.4490201577025
2025-03-26,2025,3,ZIMA,23.10565890847524,49.69952180800509,22868.626582513712,1894.4799457218833
2025-03-26,2025,3,ZIMA,22.476838209591577,49.76240387789346,24431.91051318653,1863.2517134729817
2025-03-26,2025,3,ZIMA,22.539720279479937,49.76240387789346,19923.368274673587,1861.6139815147312
2025-03-26,2025,3,ZIMA,22.602602349368304,49.76240387789346,15427.190835483087,1878.877685546919
2025-03-26,2025,3,ZIMA,22.66548441925667,49.76240387789346,10958.613241493711,1878.8679667051829
2025-03-26,2025,3,ZIMA,22.72836648914504,49.76240387789346,6574.1652570221095,1881.0198776868974
2025-03-26,2025,3,ZIMA,22.791248559033406,49.76240387789346,2717.281532980523,1881.5311994660367
2025-03-26,2025,3,ZIMA,22.854130628921773,49.76240387789346,3547.2661262813654,1886.014109219409
2025-03-26,2025,3,ZIMA,22.91701269881014,49.76240387789346,7669.296267977525,1886.0121988707215
2025-03-26,2025,3,ZIMA,22.979894768698507,49.76240387789346,12086.712571358865,1895.9018342715735
2025-03-26,2025,3,ZIMA,23.042776838586875,49.76240387789346,16564.859643632226,1899.4001512198085
2025-03-26,2025,3,ZIMA,23.10565890847524,49.76240387789346,21065.039212487292,1897.3823640532596
2025-03-26,2025,3,ZIMA,22.476838209591577,49.82528594778182,24805.546002160747,1870.2702636719357
2025-03-26,2025,3,ZIMA,22.539720279479937,49.82528594778182,20386.177140635493,1870.7908192306252
2025-03-26,2025,3,ZIMA,22.602602349368304,49.82528594778182,16026.836660499537,1879.029525192738
2025-03-26,2025,3,ZIMA,22.66548441925667,49.82528594778182,11794.280549012707,1879.01568207219
2025-03-26,2025,3,ZIMA,22.72836648914504,49.82528594778182,7895.124989240052,1884.141189935429
2025-03-26,2025,3,ZIMA,22.791248559033406,49.82528594778182,5152.030032251366,1883.6500587923686
2025-03-26,2025,3,ZIMA,23.10565890847524,49.82528594778182,21501.882306737294,1894.6716435050168
2025-03-26,2025,3,ZIMA,22.539720279479937,49.888168017670196,23067.043642845758,1880.9660352409946
2025-03-26,2025,3,ZIMA,22.602602349368304,49.888168017670196,19327.640273898036,1887.6218692039938
2025-03-26,2025,3,ZIMA,22.66548441925667,49.888168017670196,15998.627117241811,1888.7209516073567
2025-03-26,2025,3,ZIMA,22.72836648914504,49.888168017670196,13389.688543906259,1890.3958853591398
2025-03-26,2025,3,ZIMA,22.791248559033406,49.888168017670196,11980.846802178985,1890.2844757408075
2025-03-26,2025,3,ZIMA,23.042776838586875,49.888168017670196,20244.99405008839,1885.2437650677123
2025-03-26,2025,3,ZIMA,23.10565890847524,49.888168017670196,24057.485695476233,1885.2437799695601
2025-03-26,2025,3,ZIMA,22.602602349368304,49.951050087558556,24250.700126710584,1887.4946855608953
2025-03-26,2025,3,ZIMA,22.66548441925667,49.951050087558556,21694.419224661935,1889.2397245678658
2025-03-26,2025,3,ZIMA,22.72836648914504,49.951050087558556,19851.328697738627,1889.8909912108716
2025-03-26,2025,3,ZIMA,22.791248559033406,49.951050087558556,18930.891212450206,1886.7926221833409
2025-03-26,2025,3,ZIMA,22.854130628921773,49.951050087558556,19067.194203363055,1882.44078844621
2025-03-26,2025,3,ZIMA,22.91701269881014,49.951050087558556,20238.898879779277,1882.4408035844906
2025-06-01,2025,6,LATO,22.784245008034503,49.89166979316964,12445.375005463568,1870.7375075018035
2025-06-01,2025,6,LATO,22.847127077922863,49.89166979316964,12470.557128002267,1870.7374252689176
2025-06-01,2025,6,LATO,22.910009147811238,49.89166979316964,14038.103410697095,1870.7374382368944
2025-06-01,2025,6,LATO,22.784245008034503,49.954551863058015,19369.342116810156,1870.737486390645
2025-06-01,2025,6,LATO,22.847127077922863,49.954551863058015,19385.51095194934,1870.7374211920876
2025-06-01,2025,6,LATO,22.910009147811238,49.954551863058015,20427.862442196416,1870.7374305817773
2025-06-01,2025,6,LATO,22.972891217699598,49.954551863058015,22353.301975925337,1870.7374804656488
2025-06-04,2025,6,LATO,23.09165180647743,49.82528594778182,20520.988166869633,1883.0736163476727
2025-06-04,2025,6,LATO,22.84012352692396,49.888168017670196,12001.183223048978,1890.3549904882636
2025-06-04,2025,6,LATO,22.903005596812335,49.888168017670196,13454.606457664584,1890.3549879338475
2025-06-04,2025,6,LATO,22.965887666700695,49.888168017670196,16092.038930260735,1891.375966551148
2025-06-04,2025,6,LATO,23.02876973658907,49.888168017670196,19437.342834046838,1891.3759591089124
2025-06-04,2025,6,LATO,22.7772414570356,49.951050087558556,19047.0899975272,1892.178494204107
2025-06-04,2025,6,LATO,22.84012352692396,49.951050087558556,18943.75140223469,1891.1076570272796
2025-06-04,2025,6,LATO,22.903005596812335,49.951050087558556,19895.116498460357,1890.2415575046025
2025-06-04,2025,6,LATO,22.965887666700695,49.951050087558556,21763.307951500377,1890.8937522345898
2025-06-04,2025,6,LATO,23.02876973658907,49.951050087558556,24338.10887346504,1891.3759673848913
2025-06-05,2025,6,LATO,22.714359387147226,49.57725944372781,23846.226255515205,1852.7892221014527
2025-06-05,2025,6,LATO,22.7772414570356,49.57725944372781,22880.010970962256,1865.2367157858255
2025-06-05,2025,6,LATO,22.84012352692396,49.57725944372781,22793.391111527922,1864.487747771386
2025-06-05,2025,6,LATO,22.903005596812335,49.57725944372781,23596.05529717468,1862.716248557764
2025-06-05,2025,6,LATO,22.588595247370506,49.64014151361617,22655.85801047727,1839.1227210881664
2025-06-05,2025,6,LATO,22.651477317258866,49.64014151361617,19644.87615510022,1856.0392666504742
2025-06-05,2025,6,LATO,22.714359387147226,49.64014151361617,17311.644736144277,1858.060320363424
2025-06-05,2025,6,LATO,22.7772414570356,49.64014151361617,15956.299449220478,1871.6754490826668
2025-06-05,2025,6,LATO,22.84012352692396,49.64014151361617,15832.004225340383,1866.2474575913434
2025-06-05,2025,6,LATO,22.903005596812335,49.64014151361617,16965.836855889575,1868.4316125197247
2025-06-05,2025,6,LATO,22.965887666700695,49.64014151361617,19135.44931006767,1844.473922293677
2025-06-05,2025,6,LATO,23.02876973658907,49.64014151361617,22037.010834643912,1849.838291258201
2025-06-05,2025,6,LATO,22.52571317748213,49.703023583504546,22587.162426536906,1837.387810476622
2025-06-05,2025,6,LATO,22.588595247370506,49.703023583504546,18490.311644243488,1840.9237844481563
2025-06-05,2025,6,LATO,22.651477317258866,49.703023583504546,14652.263880901603,1847.7437744140018
2025-06-05,2025,6,LATO,22.714359387147226,49.703023583504546,11338.944403631276,1857.4834179501634
2025-06-05,2025,6,LATO,22.7772414570356,49.703023583504546,9140.029561753958,1870.7090002545212
2025-06-05,2025,6,LATO,22.84012352692396,49.703023583504546,8921.552370794487,1859.6130330240298
2025-06-05,2025,6,LATO,22.903005596812335,49.703023583504546,10804.327233564076,1858.3683647572698
2025-06-05,2025,6,LATO,22.965887666700695,49.703023583504546,13962.754705896936,1843.32717297491
2025-06-05,2025,6,LATO,23.02876973658907,49.703023583504546,17727.63889167577,1855.634899515968
2025-06-05,2025,6,LATO,23.09165180647743,49.703023583504546,21786.816205965722,1868.7966430108106
2025-06-05,2025,6,LATO,22.52571317748213,49.765905653392906,20890.123640765443,1847.7196424370352
2025-06-05,2025,6,LATO,22.588595247370506,49.765905653392906,16380.668261241508,1869.1789368366822
2025-06-05,2025,6,LATO,22.651477317258866,49.765905653392906,11886.450881199358,1860.711112743334
2025-06-05,2025,6,LATO,22.714359387147226,49.765905653392906,7435.161123830869,1861.1054134588123
2025-06-05,2025,6,LATO,22.7772414570356,49.765905653392906,3210.619340403136,1856.6651407878692
2025-06-05,2025,6,LATO,22.84012352692396,49.765905653392906,2523.3126508779337,1854.0269893893808
2025-06-05,2025,6,LATO,22.903005596812335,49.765905653392906,6592.32142197454,1869.6834131151575
2025-06-05,2025,6,LATO,22.965887666700695,49.765905653392906,11026.461713720417,1872.909690229616
2025-06-05,2025,6,LATO,23.02876973658907,49.765905653392906,15515.78269673641,1876.2703857421664
2025-06-05,2025,6,LATO,23.09165180647743,49.765905653392906,20023.20108708745,1872.4951141004976
2025-06-05,2025,6,LATO,23.154533876365804,49.765905653392906,24538.74390792931,1870.362605308159
2025-06-05,2025,6,LATO,22.52571317748213,49.82878772328128,21458.053684533254,1855.1300030152067
2025-06-05,2025,6,LATO,22.588595247370506,49.82878772328128,17105.396575522118,1861.1888013490757
2025-06-05,2025,6,LATO,22.651477317258866,49.82878772328128,12873.244408405542,1865.1898244106267
2025-06-05,2025,6,LATO,22.714359387147226,49.82878772328128,8934.520738934094,1863.6021291394006
2025-06-05,2025,6,LATO,22.7772414570356,49.82878772328128,5908.502699683845,1870.0963128459562
2025-06-05,2025,6,LATO,22.84012352692396,49.82878772328128,5565.478544359213,1861.190911953372
2025-06-05,2025,6,LATO,22.965887666700695,49.82878772328128,12084.745281253774,1876.2704125191972
2025-06-05,2025,6,LATO,23.02876973658907,49.82878772328128,16280.157012807253,1876.2704051126782
2025-06-05,2025,6,LATO,23.09165180647743,49.82878772328128,20616.141316553247,1869.495577703025
2025-06-05,2025,6,LATO,22.52571317748213,49.89166979316964,24131.63257145798,1866.6749761560038
2025-06-05,2025,6,LATO,22.588595247370506,49.89166979316964,20364.18316448082,1865.5865768203312
2025-06-05,2025,6,LATO,22.651477317258866,49.89166979316964,16970.281436225658,1872.1405119836222
2025-06-05,2025,6,LATO,22.714359387147226,49.89166979316964,14219.960460467935,1870.3152604468937
2025-06-05,2025,6,LATO,22.7772414570356,49.89166979316964,12543.938902384274,1870.8888097526105
2025-06-05,2025,6,LATO,22.84012352692396,49.89166979316964,12386.26901971219,1869.902217921001
2025-06-05,2025,6,LATO,22.903005596812335,49.89166979316964,13799.09481397737,1869.902215111969
2025-06-05,2025,6,LATO,22.651477317258866,49.954551863058015,22541.104315333898,1871.4369197922376
2025-06-05,2025,6,LATO,22.714359387147226,49.954551863058015,20553.09728768775,1868.255069609142
2025-06-05,2025,6,LATO,22.7772414570356,49.954551863058015,19432.73675666003,1866.780874161258
2025-06-05,2025,6,LATO,22.84012352692396,49.954551863058015,19331.467149038792,1866.789207863195
2025-06-05,2025,6,LATO,22.903005596812335,49.954551863058015,20264.5722208888,1866.8347162343584
2025-06-05,2025,6,LATO,22.965887666700695,49.954551863058015,22101.4288128028,1861.3663050187058
2025-06-06,2025,6,LATO,22.84012352692396,49.57725944372781,22793.391111527922,1873.0301683175871
2025-06-06,2025,6,LATO,22.903005596812335,49.57725944372781,23596.05529717468,1863.9896856582034
2025-06-06,2025,6,LATO,22.965887666700695,49.64014151361617,19135.44931006767,1874.0111692752869
2025-06-06,2025,6,LATO,23.02876973658907,49.64014151361617,22037.010834643912,1874.7853509024587
2025-06-06,2025,6,LATO,22.903005596812335,49.703023583504546,10804.327233564076,1873.063646249326
2025-06-06,2025,6,LATO,22.965887666700695,49.703023583504546,13962.754705896936,1873.0635989825134
2025-06-06,2025,6,LATO,23.02876973658907,49.703023583504546,17727.63889167577,1873.0635951366685
2025-06-06,2025,6,LATO,23.09165180647743,49.703023583504546,21786.816205965722,1865.9523676668025
2025-06-06,2025,6,LATO,23.154533876365804,49.765905653392906,24538.74390792931,1862.0810587280039
2025-06-06,2025,6,LATO,22.52571317748213,49.89166979316964,24131.63257145798,1887.5938566151224
2025-06-06,2025,6,LATO,22.588595247370506,49.89166979316964,20364.18316448082,1887.5938600968539
2025-06-10,2025,6,LATO,22.84012352692396,49.765905653392906,2523.3126508779337,1899.4738396145508
2025-06-10,2025,6,LATO,22.903005596812335,49.765905653392906,6592.32142197454,1899.473885782737
2025-06-10,2025,6,LATO,22.965887666700695,49.765905653392906,11026.461713720417,1899.4739215115308
2025-06-10,2025,6,LATO,22.7772414570356,49.89166979316964,12543.938902384274,1883.3527806841983
2025-06-10,2025,6,LATO,22.7772414570356,49.954551863058015,19432.73675666003,1883.3527647598617
2025-06-10,2025,6,LATO,22.84012352692396,49.954551863058015,19331.467149038792,1883.3527888770964
2025-06-10,2025,6,LATO,22.903005596812335,49.954551863058015,20264.5722208888,1883.3527567088304
2025-06-15,2025,6,LATO,22.714359387147226,49.57725944372781,23846.226255515205,1881.961284079053
2025-06-15,2025,6,LATO,22.7772414570356,49.57725944372781,22880.010970962256,1890.123789874495
2025-06-15,2025,6,LATO,22.84012352692396,49.57725944372781,22793.391111527922,1900.7107198809263
2025-06-15,2025,6,LATO,22.903005596812335,49.57725944372781,23596.05529717468,1915.1910879275601
2025-06-15,2025,6,LATO,22.588595247370506,49.64014151361617,22655.85801047727,1870.4114052458171
2025-06-15,2025,6,LATO,22.651477317258866,49.64014151361617,19644.87615510022,1881.8251494333258
2025-06-15,2025,6,LATO,22.714359387147226,49.64014151361617,17311.644736144277,1892.6619819079613
2025-06-15,2025,6,LATO,22.7772414570356,49.64014151361617,15956.299449220478,1909.6443127450716
2025-06-15,2025,6,LATO,22.84012352692396,49.64014151361617,15832.004225340383,1921.635003964162
2025-06-15,2025,6,LATO,22.903005596812335,49.64014151361617,16965.836855889575,1941.9798784578595
2025-06-15,2025,6,LATO,22.965887666700695,49.64014151361617,19135.44931006767,1905.5910669443667
2025-06-15,2025,6,LATO,23.02876973658907,49.64014151361617,22037.010834643912,1887.6286753060824
2025-06-15,2025,6,LATO,22.52571317748213,49.703023583504546,22587.162426536906,1874.5633212841326
2025-06-15,2025,6,LATO,22.588595247370506,49.703023583504546,18490.311644243488,1870.6245675380405
2025-06-15,2025,6,LATO,22.651477317258866,49.703023583504546,14652.263880901603,1892.734277248079
2025-06-15,2025,6,LATO,22.714359387147226,49.703023583504546,11338.944403631276,1897.4863913438994
2025-06-15,2025,6,LATO,22.7772414570356,49.703023583504546,9140.029561753958,1909.7020263672243
2025-06-15,2025,6,LATO,22.84012352692396,49.703023583504546,8921.552370794487,1921.0050125734151
2025-06-15,2025,6,LATO,22.903005596812335,49.703023583504546,10804.327233564076,1929.0691309242065
2025-06-15,2025,6,LATO,22.965887666700695,49.703023583504546,13962.754705896936,1892.8101536848615
2025-06-15,2025,6,LATO,23.02876973658907,49.703023583504546,17727.63889167577,1887.978917321507
2025-06-15,2025,6,LATO,23.09165180647743,49.703023583504546,21786.816205965722,1885.2340108089154
2025-06-15,2025,6,LATO,22.52571317748213,49.765905653392906,20890.123640765443,1878.3032143884423
2025-06-15,2025,6,LATO,22.588595247370506,49.765905653392906,16380.668261241508,1878.093131336708
2025-06-15,2025,6,LATO,22.651477317258866,49.765905653392906,11886.450881199358,1900.5482177733832
2025-06-15,2025,6,LATO,22.714359387147226,49.765905653392906,7435.161123830869,1900.1597314356325
2025-06-15,2025,6,LATO,22.7772414570356,49.765905653392906,3210.619340403136,1903.4498145652246
2025-06-15,2025,6,LATO,22.84012352692396,49.765905653392906,2523.3126508779337,1930.446556979741
2025-06-15,2025,6,LATO,22.903005596812335,49.765905653392906,6592.32142197454,1931.030768201963
2025-06-15,2025,6,LATO,22.965887666700695,49.765905653392906,11026.461713720417,1907.9821777343536
2025-06-15,2025,6,LATO,23.02876973658907,49.765905653392906,15515.78269673641,1904.7348878963226
2025-06-15,2025,6,LATO,23.09165180647743,49.765905653392906,20023.20108708745,1897.3637218278077
2025-06-15,2025,6,LATO,23.154533876365804,49.765905653392906,24538.74390792931,1897.9751734808149
2025-06-15,2025,6,LATO,22.52571317748213,49.82878772328128,21458.053684533254,1879.2675874264582
2025-06-15,2025,6,LATO,22.588595247370506,49.82878772328128,17105.396575522118,1882.7117313226304
2025-06-15,2025,6,LATO,22.651477317258866,49.82878772328128,12873.244408405542,1900.8491950418534
2025-06-15,2025,6,LATO,22.714359387147226,49.82878772328128,8934.520738934094,1907.535064152168
2025-06-15,2025,6,LATO,22.7772414570356,49.82878772328128,5908.502699683845,1908.2709607358147
2025-06-15,2025,6,LATO,22.84012352692396,49.82878772328128,5565.478544359213,1926.7221979799779
2025-06-15,2025,6,LATO,22.903005596812335,49.82878772328128,8247.30583412717,1917.750221114319
2025-06-15,2025,6,LATO,22.965887666700695,49.82878772328128,12084.745281253774,1899.4326658449636
2025-06-15,2025,6,LATO,23.02876973658907,49.82878772328128,16280.157012807253,1902.0207054545308
2025-06-15,2025,6,LATO,23.09165180647743,49.82878772328128,20616.141316553247,1899.020141019811
2025-06-15,2025,6,LATO,22.52571317748213,49.89166979316964,24131.63257145798,1891.7059310848686
2025-06-15,2025,6,LATO,22.588595247370506,49.89166979316964,20364.18316448082,1911.633179396176
2025-06-15,2025,6,LATO,22.651477317258866,49.89166979316964,16970.281436225658,1914.100219685736
2025-06-15,2025,6,LATO,22.714359387147226,49.89166979316964,14219.960460467935,1919.038639968663
2025-06-15,2025,6,LATO,22.7772414570356,49.89166979316964,12543.938902384274,1930.6796413704626
2025-06-15,2025,6,LATO,22.84012352692396,49.89166979316964,12386.26901971219,1930.5101044273604
2025-06-15,2025,6,LATO,22.903005596812335,49.89166979316964,13799.09481397737,1895.1476238814791
2025-06-15,2025,6,LATO,22.965887666700695,49.89166979316964,16380.984509599155,1893.3313061333652
2025-06-15,2025,6,LATO,22.651477317258866,49.954551863058015,22541.104315333898,1911.2763158100036
2025-06-15,2025,6,LATO,22.714359387147226,49.954551863058015,20553.09728768775,1910.534091672043
2025-06-15,2025,6,LATO,22.7772414570356,49.954551863058015,19432.73675666003,1924.4842165469918
2025-06-15,2025,6,LATO,22.84012352692396,49.954551863058015,19331.467149038792,1910.2407581899865
2025-06-15,2025,6,LATO,22.903005596812335,49.954551863058015,20264.5722208888,1895.3684814087785
2025-06-15,2025,6,LATO,22.965887666700695,49.954551863058015,22101.4288128028,1896.7671717734422
2025-06-16,2025,6,LATO,22.714359387147226,49.57725944372781,23846.226255515205,1854.304029190496
2025-06-16,2025,6,LATO,22.7772414570356,49.57725944372781,22880.010970962256,1881.7063512203868
2025-06-16,2025,6,LATO,22.84012352692396,49.57725944372781,22793.391111527922,1885.2364904818983
2025-06-16,2025,6,LATO,22.903005596812335,49.57725944372781,23596.05529717468,1901.1014562980122
2025-06-16,2025,6,LATO,22.588595247370506,49.64014151361617,22655.85801047727,1863.5631413885808
2025-06-16,2025,6,LATO,22.651477317258866,49.64014151361617,19644.87615510022,1858.2830386570802
2025-06-16,2025,6,LATO,22.714359387147226,49.64014151361617,17311.644736144277,1862.293437600071
2025-06-16,2025,6,LATO,22.7772414570356,49.64014151361617,15956.299449220478,1898.9203427350217
2025-06-16,2025,6,LATO,22.84012352692396,49.64014151361617,15832.004225340383,1907.607073077353
2025-06-16,2025,6,LATO,22.903005596812335,49.64014151361617,16965.836855889575,1910.235028297967
2025-06-16,2025,6,LATO,22.965887666700695,49.64014151361617,19135.44931006767,1869.7422832089733
2025-06-16,2025,6,LATO,23.02876973658907,49.64014151361617,22037.010834643912,1874.5382120297886
2025-06-16,2025,6,LATO,22.52571317748213,49.703023583504546,22587.162426536906,1866.851568723002
2025-06-16,2025,6,LATO,22.588595247370506,49.703023583504546,18490.311644243488,1859.971677897426
2025-06-16,2025,6,LATO,22.651477317258866,49.703023583504546,14652.263880901603,1853.0949618052243
2025-06-16,2025,6,LATO,22.714359387147226,49.703023583504546,11338.944403631276,1877.8847649693382
2025-06-16,2025,6,LATO,22.7772414570356,49.703023583504546,9140.029561753958,1900.691500839447
2025-06-16,2025,6,LATO,22.84012352692396,49.703023583504546,8921.552370794487,1896.3812255859077
2025-06-16,2025,6,LATO,22.903005596812335,49.703023583504546,10804.327233564076,1897.7104938368427
2025-06-16,2025,6,LATO,22.965887666700695,49.703023583504546,13962.754705896936,1870.760509540005
2025-06-16,2025,6,LATO,23.02876973658907,49.703023583504546,17727.63889167577,1867.634100026799
2025-06-16,2025,6,LATO,23.09165180647743,49.703023583504546,21786.816205965722,1899.554966381513
2025-06-16,2025,6,LATO,22.52571317748213,49.765905653392906,20890.123640765443,1869.3386707673312
2025-06-16,2025,6,LATO,22.588595247370506,49.765905653392906,16380.668261241508,1863.2819098901741
2025-06-16,2025,6,LATO,22.651477317258866,49.765905653392906,11886.450881199358,1875.1783177798166
2025-06-16,2025,6,LATO,22.714359387147226,49.765905653392906,7435.161123830869,1885.2657438080037
2025-06-16,2025,6,LATO,22.7772414570356,49.765905653392906,3210.619340403136,1889.3476104702297
2025-06-16,2025,6,LATO,22.84012352692396,49.765905653392906,2523.3126508779337,1891.4995694172703
2025-06-16,2025,6,LATO,22.903005596812335,49.765905653392906,6592.32142197454,1885.7224172007172
2025-06-16,2025,6,LATO,22.965887666700695,49.765905653392906,11026.461713720417,1887.674026020981
2025-06-16,2025,6,LATO,23.02876973658907,49.765905653392906,15515.78269673641,1887.0291938834077
2025-06-16,2025,6,LATO,23.09165180647743,49.765905653392906,20023.20108708745,1899.3463700138882
2025-06-16,2025,6,LATO,23.154533876365804,49.765905653392906,24538.74390792931,1890.0300889484613
2025-06-16,2025,6,LATO,22.52571317748213,49.82878772328128,21458.053684533254,1855.1052292483112
2025-06-16,2025,6,LATO,22.588595247370506,49.82878772328128,17105.396575522118,1857.0684753470514
2025-06-16,2025,6,LATO,22.651477317258866,49.82878772328128,12873.244408405542,1885.775552752037
2025-06-16,2025,6,LATO,22.714359387147226,49.82878772328128,8934.520738934094,1885.4169921875612
2025-06-16,2025,6,LATO,22.7772414570356,49.82878772328128,5908.502699683845,1900.2304072254365
2025-06-16,2025,6,LATO,22.84012352692396,49.82878772328128,5565.478544359213,1886.3741002789595
2025-06-16,2025,6,LATO,22.903005596812335,49.82878772328128,8247.30583412717,1871.4482421875243
2025-06-16,2025,6,LATO,22.965887666700695,49.82878772328128,12084.745281253774,1881.0612697824492
2025-06-16,2025,6,LATO,23.02876973658907,49.82878772328128,16280.157012807253,1884.3860070919916
2025-06-16,2025,6,LATO,23.09165180647743,49.82878772328128,20616.141316553247,1888.3255505161217
2025-06-16,2025,6,LATO,22.52571317748213,49.89166979316964,24131.63257145798,1876.7872526174137
2025-06-16,2025,6,LATO,22.588595247370506,49.89166979316964,20364.18316448082,1881.0247947311225
2025-06-16,2025,6,LATO,22.651477317258866,49.89166979316964,16970.281436225658,1901.2482510483778
2025-06-16,2025,6,LATO,22.714359387147226,49.89166979316964,14219.960460467935,1900.0328193457397
2025-06-16,2025,6,LATO,22.7772414570356,49.89166979316964,12543.938902384274,1901.5350851461337
2025-06-16,2025,6,LATO,22.84012352692396,49.89166979316964,12386.26901971219,1881.2623779199353
2025-06-16,2025,6,LATO,22.903005596812335,49.89166979316964,13799.09481397737,1881.5130494086666
2025-06-16,2025,6,LATO,22.965887666700695,49.89166979316964,16380.984509599155,1881.3824113820583
2025-06-16,2025,6,LATO,23.02876973658907,49.89166979316964,19677.007522249452,1881.1217954583994
2025-06-16,2025,6,LATO,23.09165180647743,49.89166979316964,23387.151398022725,1887.8296814762255
2025-06-16,2025,6,LATO,22.651477317258866,49.954551863058015,22541.104315333898,1900.0909414859627
2025-06-16,2025,6,LATO,22.714359387147226,49.954551863058015,20553.09728768775,1897.3262245503574
2025-06-16,2025,6,LATO,22.7772414570356,49.954551863058015,19432.73675666003,1895.967389101915
2025-06-16,2025,6,LATO,22.84012352692396,49.954551863058015,19331.467149038792,1877.2128089828095
2025-06-16,2025,6,LATO,22.903005596812335,49.954551863058015,20264.5722208888,1880.5012790390876
2025-06-16,2025,6,LATO,22.965887666700695,49.954551863058015,22101.4288128028,1893.216655706326
2025-06-16,2025,6,LATO,23.02876973658907,49.954551863058015,24640.7490788335,1888.685645606788
2025-06-26,2025,6,LATO,22.84012352692396,49.57725944372781,22793.391111527922,1912.355890948144
2025-06-26,2025,6,LATO,22.903005596812335,49.57725944372781,23596.05529717468,1910.3419001236077
2025-06-26,2025,6,LATO,22.7772414570356,49.64014151361617,15956.299449220478,1912.3558276935626
2025-06-26,2025,6,LATO,22.84012352692396,49.64014151361617,15832.004225340383,1912.3558225916297
2025-06-26,2025,6,LATO,22.903005596812335,49.64014151361617,16965.836855889575,1908.3455063222614
2025-06-26,2025,6,LATO,22.965887666700695,49.64014151361617,19135.44931006767,1897.7355783940927
2025-06-26,2025,6,LATO,23.02876973658907,49.64014151361617,22037.010834643912,1876.7279052734411
2025-06-26,2025,6,LATO,22.965887666700695,49.703023583504546,13962.754705896936,1902.704147369642
2025-06-26,2025,6,LATO,23.02876973658907,49.703023583504546,17727.63889167577,1899.536240545411
2025-06-26,2025,6,LATO,23.09165180647743,49.703023583504546,21786.816205965722,1876.7279280303676
2025-06-30,2025,6,LATO,22.714359387147226,49.57375766822835,24217.66519655963,1876.3527534146954
2025-06-30,2025,6,LATO,22.7772414570356,49.57375766822835,23266.810492080956,1904.932578433774
2025-06-30,2025,6,LATO,22.84012352692396,49.57375766822835,23181.62987085124,1907.8909575766868
2025-06-30,2025,6,LATO,22.903005596812335,49.57375766822835,23971.353255234702,1911.3970754533364
2025-06-30,2025,6,LATO,22.588595247370506,49.63663973811673,22928.32867859584,1885.0470214633126
2025-06-30,2025,6,LATO,22.651477317258866,49.63663973811673,19958.266113137925,1880.0041970663642
2025-06-30,2025,6,LATO,22.714359387147226,49.63663973811673,17666.298197156444,1883.2943276983517
2025-06-30,2025,6,LATO,22.7772414570356,49.63663973811673,16340.297051275738,1905.880222980453
2025-06-30,2025,6,LATO,22.84012352692396,49.63663973811673,16218.936152678809,1911.8904914389975
2025-06-30,2025,6,LATO,22.903005596812335,49.63663973811673,17327.54509806988,1913.9224853515955
2025-06-30,2025,6,LATO,22.965887666700695,49.63663973811673,19457.009840422077,1914.7973205481153
2025-06-30,2025,6,LATO,23.02876973658907,49.63663973811673,22316.993932888305,1916.1630338085693
2025-06-30,2025,6,LATO,22.52571317748213,49.69952180800509,22741.24947121939,1893.3163924065414
2025-06-30,2025,6,LATO,22.588595247370506,49.69952180800509,18677.902786448478,1881.4497556440183
2025-06-30,2025,6,LATO,22.651477317258866,49.69952180800509,14887.986065875959,1881.4007568358757
2025-06-30,2025,6,LATO,22.714359387147226,49.69952180800509,11641.68261194455,1899.2589421135024
2025-06-30,2025,6,LATO,22.7772414570356,49.69952180800509,9512.834732500989,1905.2540738116704
2025-06-30,2025,6,LATO,22.84012352692396,49.69952180800509,9303.101501093282,1904.435666899502
2025-06-30,2025,6,LATO,22.903005596812335,49.69952180800509,11121.589456061673,1905.2124185067264
2025-06-30,2025,6,LATO,22.965887666700695,49.69952180800509,14209.8696362014,1918.9070889999923
2025-06-30,2025,6,LATO,23.02876973658907,49.69952180800509,17923.15887584026,1918.0324201405692
2025-06-30,2025,6,LATO,23.09165180647743,49.69952180800509,21946.46506816156,1916.8461395599222
2025-06-30,2025,6,LATO,22.52571317748213,49.76240387789346,20926.866087883933,1881.3061556026792
2025-06-30,2025,6,LATO,22.588595247370506,49.76240387789346,16427.131332161836,1877.6143201559291
2025-06-30,2025,6,LATO,22.651477317258866,49.76240387789346,11950.017335909584,1888.429647015643
2025-06-30,2025,6,LATO,22.714359387147226,49.76240387789346,7535.95554065889,1904.9663672909041
2025-06-30,2025,6,LATO,22.7772414570356,49.76240387789346,3437.1277018518767,1904.1171977201168
2025-06-30,2025,6,LATO,22.84012352692396,49.76240387789346,2805.814610497137,1904.5512456343588
2025-06-30,2025,6,LATO,22.903005596812335,49.76240387789346,6705.733024471378,1905.0579909060089
2025-06-30,2025,6,LATO,22.965887666700695,49.76240387789346,11094.892441910108,1923.288565107068
2025-06-30,2025,6,LATO,23.02876973658907,49.76240387789346,15564.763941225472,1923.8464369096346
2025-06-30,2025,6,LATO,23.09165180647743,49.76240387789346,20061.467673691197,1912.4749446385995
2025-06-30,2025,6,LATO,23.154533876365804,49.76240387789346,24570.273738820597,1912.4626624259988
2025-06-30,2025,6,LATO,22.52571317748213,49.82528594778182,21366.71002925093,1881.6693719196683
2025-06-30,2025,6,LATO,22.588595247370506,49.82528594778182,16990.312078691608,1881.113574583713
2025-06-30,2025,6,LATO,22.651477317258866,49.82528594778182,12719.566542102213,1899.9992941853973
2025-06-30,2025,6,LATO,22.714359387147226,49.82528594778182,8711.28030562575,1907.5931743283445
2025-06-30,2025,6,LATO,22.7772414570356,49.82528594778182,5564.880387908447,1904.309496187888
2025-06-30,2025,6,LATO,22.84012352692396,49.82528594778182,5199.207232076515,1898.7979237102088
2025-06-30,2025,6,LATO,22.903005596812335,49.82528594778182,8004.869935788565,1898.8505378971863
2025-06-30,2025,6,LATO,22.965887666700695,49.82528594778182,11920.847219756432,1906.6387915878258
2025-06-30,2025,6,LATO,23.02876973658907,49.82528594778182,16159.134748314964,1907.1703515057786
2025-06-30,2025,6,LATO,23.09165180647743,49.82528594778182,20520.988166869633,1913.3839804472238
2025-06-30,2025,6,LATO,22.52571317748213,49.888168017670196,23936.906387902236,1889.5269503128873
2025-06-30,2025,6,LATO,22.588595247370506,49.888168017670196,20132.74992486935,1889.4621818507328
2025-06-30,2025,6,LATO,22.651477317258866,49.888168017670196,16691.582889244328,1911.0584716796168
2025-06-30,2025,6,LATO,22.714359387147226,49.888168017670196,13885.947830175188,1911.0552223582765
2025-06-30,2025,6,LATO,22.7772414570356,49.888168017670196,12163.857368911082,1899.9226690325863
2025-06-30,2025,6,LATO,22.84012352692396,49.888168017670196,12001.183223048978,1898.8353233862238
2025-06-30,2025,6,LATO,22.903005596812335,49.888168017670196,13454.606457664584,1906.6469309031384
2025-06-30,2025,6,LATO,22.965887666700695,49.888168017670196,16092.038930260735,1912.8995023410434
2025-06-30,2025,6,LATO,23.02876973658907,49.888168017670196,19437.342834046838,1912.6870251248079
2025-06-30,2025,6,LATO,23.09165180647743,49.888168017670196,23186.118417565107,1909.8213224458336
2025-06-30,2025,6,LATO,22.651477317258866,49.951050087558556,22209.71015373787,1908.085473467498
2025-06-30,2025,6,LATO,22.714359387147226,49.951050087558556,20188.943391447578,1908.3336890911858
2025-06-30,2025,6,LATO,22.7772414570356,49.951050087558556,19047.0899975272,1897.7125015149304
2025-06-30,2025,6,LATO,22.84012352692396,49.951050087558556,18943.75140223469,1898.0997032452676
2025-06-30,2025,6,LATO,22.903005596812335,49.951050087558556,19895.116498460357,1908.1225775111352
2025-06-30,2025,6,LATO,22.965887666700695,49.951050087558556,21763.307951500377,1911.8956168442612
2025-06-30,2025,6,LATO,23.02876973658907,49.951050087558556,24338.10887346504,1914.498965445563
2025-07-01,2025,7,LATO,22.714359387147226,49.57725944372781,23846.226255515205,1888.062379353616
2025-07-01,2025,7,LATO,22.7772414570356,49.57725944372781,22880.010970962256,1890.604855638703
2025-07-01,2025,7,LATO,22.84012352692396,49.57725944372781,22793.391111527922,1895.131604905965
2025-07-01,2025,7,LATO,22.903005596812335,49.57725944372781,23596.05529717468,1933.826259833174
2025-07-01,2025,7,LATO,22.588595247370506,49.64014151361617,22655.85801047727,1867.971249433885
2025-07-01,2025,7,LATO,22.651477317258866,49.64014151361617,19644.87615510022,1891.8524567506572
2025-07-01,2025,7,LATO,22.714359387147226,49.64014151361617,17311.644736144277,1892.3779327041816
2025-07-01,2025,7,LATO,22.7772414570356,49.64014151361617,15956.299449220478,1897.7740983591502
2025-07-01,2025,7,LATO,22.84012352692396,49.64014151361617,15832.004225340383,1928.428589613007
2025-07-01,2025,7,LATO,22.903005596812335,49.64014151361617,16965.836855889575,1935.709721238368
2025-07-01,2025,7,LATO,22.965887666700695,49.64014151361617,19135.44931006767,1873.9565429687534
2025-07-01,2025,7,LATO,23.02876973658907,49.64014151361617,22037.010834643912,1874.7746064040534
2025-07-01,2025,7,LATO,22.52571317748213,49.703023583504546,22587.162426536906,1875.8409611030904
2025-07-01,2025,7,LATO,22.588595247370506,49.703023583504546,18490.311644243488,1875.9956054686845
2025-07-01,2025,7,LATO,22.651477317258866,49.703023583504546,14652.263880901603,1892.6153254884875
2025-07-01,2025,7,LATO,22.714359387147226,49.703023583504546,11338.944403631276,1892.6778735796997
2025-07-01,2025,7,LATO,22.7772414570356,49.703023583504546,9140.029561753958,1898.6732470826803
2025-07-01,2025,7,LATO,22.84012352692396,49.703023583504546,8921.552370794487,1925.1343707030535
2025-07-01,2025,7,LATO,22.903005596812335,49.703023583504546,10804.327233564076,1925.523315429721
2025-07-01,2025,7,LATO,22.965887666700695,49.703023583504546,13962.754705896936,1884.5337569063781
2025-07-01,2025,7,LATO,23.02876973658907,49.703023583504546,17727.63889167577,1883.5195946615859
2025-07-01,2025,7,LATO,23.09165180647743,49.703023583504546,21786.816205965722,1893.682372194158
2025-07-01,2025,7,LATO,22.52571317748213,49.765905653392906,20890.123640765443,1877.9022189454622
2025-07-01,2025,7,LATO,22.588595247370506,49.765905653392906,16380.668261241508,1882.916140909634
2025-07-01,2025,7,LATO,22.651477317258866,49.765905653392906,11886.450881199358,1894.7108094763119
2025-07-01,2025,7,LATO,22.714359387147226,49.765905653392906,7435.161123830869,1898.0605435507737
2025-07-01,2025,7,LATO,22.7772414570356,49.765905653392906,3210.619340403136,1901.8582466063797
2025-07-01,2025,7,LATO,22.84012352692396,49.765905653392906,2523.3126508779337,1913.7064655232434
2025-07-01,2025,7,LATO,22.903005596812335,49.765905653392906,6592.32142197454,1907.5680321452107
2025-07-01,2025,7,LATO,22.965887666700695,49.765905653392906,11026.461713720417,1899.6465860073458
2025-07-01,2025,7,LATO,23.02876973658907,49.765905653392906,15515.78269673641,1899.016253571126
2025-07-01,2025,7,LATO,23.09165180647743,49.765905653392906,20023.20108708745,1899.89415016444
2025-07-01,2025,7,LATO,23.154533876365804,49.765905653392906,24538.74390792931,1897.2344791299874
2025-07-01,2025,7,LATO,22.52571317748213,49.82878772328128,21458.053684533254,1879.3966247424112
2025-07-01,2025,7,LATO,22.588595247370506,49.82878772328128,17105.396575522118,1893.5593895272586
2025-07-01,2025,7,LATO,22.651477317258866,49.82878772328128,12873.244408405542,1898.1713524001514
2025-07-01,2025,7,LATO,22.714359387147226,49.82878772328128,8934.520738934094,1894.5593839952753
2025-07-01,2025,7,LATO,22.7772414570356,49.82878772328128,5908.502699683845,1911.2200203043624
2025-07-01,2025,7,LATO,22.84012352692396,49.82878772328128,5565.478544359213,1919.0410826728416
2025-07-01,2025,7,LATO,22.903005596812335,49.82878772328128,8247.30583412717,1898.744155701556
2025-07-01,2025,7,LATO,22.965887666700695,49.82878772328128,12084.745281253774,1897.5151201464832
2025-07-01,2025,7,LATO,23.02876973658907,49.82878772328128,16280.157012807253,1888.1737060546832
2025-07-01,2025,7,LATO,23.09165180647743,49.82878772328128,20616.141316553247,1898.337864887935
2025-07-01,2025,7,LATO,22.52571317748213,49.89166979316964,24131.63257145798,1892.5498611043486
2025-07-01,2025,7,LATO,22.588595247370506,49.89166979316964,20364.18316448082,1896.849945960763
2025-07-01,2025,7,LATO,22.651477317258866,49.89166979316964,16970.281436225658,1900.2555660713533
2025-07-01,2025,7,LATO,22.714359387147226,49.89166979316964,14219.960460467935,1900.413992696055
2025-07-01,2025,7,LATO,22.7772414570356,49.89166979316964,12543.938902384274,1923.8902490416847
2025-07-01,2025,7,LATO,22.84012352692396,49.89166979316964,12386.26901971219,1897.1493799316115
2025-07-01,2025,7,LATO,22.903005596812335,49.89166979316964,13799.09481397737,1887.0076450285064
2025-07-01,2025,7,LATO,22.965887666700695,49.89166979316964,16380.984509599155,1890.4054983045294
2025-07-01,2025,7,LATO,23.02876973658907,49.89166979316964,19677.007522249452,1891.088663167552
2025-07-01,2025,7,LATO,23.09165180647743,49.89166979316964,23387.151398022725,1892.57347975281
2025-07-01,2025,7,LATO,22.651477317258866,49.954551863058015,22541.104315333898,1899.9749043682775
2025-07-01,2025,7,LATO,22.714359387147226,49.954551863058015,20553.09728768775,1900.2941644367706
2025-07-01,2025,7,LATO,22.7772414570356,49.954551863058015,19432.73675666003,1918.0814208984743
2025-07-01,2025,7,LATO,22.84012352692396,49.954551863058015,19331.467149038792,1887.856575896119
2025-07-01,2025,7,LATO,22.903005596812335,49.954551863058015,20264.5722208888,1887.585722783815
2025-07-01,2025,7,LATO,22.965887666700695,49.954551863058015,22101.4288128028,1890.6019481130697
2025-07-01,2025,7,LATO,23.02876973658907,49.954551863058015,24640.7490788335,1890.1163886227946
2025-07-02,2025,7,LATO,22.714359387147226,49.57725944372781,23846.226255515205,1854.5552978516305
2025-07-02,2025,7,LATO,22.7772414570356,49.57725944372781,22880.010970962256,1888.079396695891
2025-07-02,2025,7,LATO,22.84012352692396,49.57725944372781,22793.391111527922,1894.4489947320578
2025-07-02,2025,7,LATO,22.903005596812335,49.57725944372781,23596.05529717468,1899.22546386722
2025-07-02,2025,7,LATO,22.588595247370506,49.64014151361617,22655.85801047727,1870.2255010758174
2025-07-02,2025,7,LATO,22.651477317258866,49.64014151361617,19644.87615510022,1865.5474909919706
2025-07-02,2025,7,LATO,22.714359387147226,49.64014151361617,17311.644736144277,1889.2265582573798
2025-07-02,2025,7,LATO,22.7772414570356,49.64014151361617,15956.299449220478,1896.732740075477
2025-07-02,2025,7,LATO,22.84012352692396,49.64014151361617,15832.004225340383,1904.0732137877792
2025-07-02,2025,7,LATO,22.903005596812335,49.64014151361617,16965.836855889575,1905.7021775366934
2025-07-02,2025,7,LATO,22.965887666700695,49.64014151361617,19135.44931006767,1877.7611493400761
2025-07-02,2025,7,LATO,23.02876973658907,49.64014151361617,22037.010834643912,1878.4965628537204
2025-07-02,2025,7,LATO,22.52571317748213,49.703023583504546,22587.162426536906,1888.6598148721816
2025-07-02,2025,7,LATO,22.588595247370506,49.703023583504546,18490.311644243488,1862.2950516002998
2025-07-02,2025,7,LATO,22.651477317258866,49.703023583504546,14652.263880901603,1867.599673875959
2025-07-02,2025,7,LATO,22.714359387147226,49.703023583504546,11338.944403631276,1894.025081430649
2025-07-02,2025,7,LATO,22.7772414570356,49.703023583504546,9140.029561753958,1894.2055726984313
2025-07-02,2025,7,LATO,22.84012352692396,49.703023583504546,8921.552370794487,1897.2689936415961
2025-07-02,2025,7,LATO,22.903005596812335,49.703023583504546,10804.327233564076,1894.264070921699
2025-07-02,2025,7,LATO,22.965887666700695,49.703023583504546,13962.754705896936,1880.4416261493664
2025-07-02,2025,7,LATO,23.02876973658907,49.703023583504546,17727.63889167577,1889.7441832190773
2025-07-02,2025,7,LATO,23.09165180647743,49.703023583504546,21786.816205965722,1896.4702395646955
2025-07-02,2025,7,LATO,22.52571317748213,49.765905653392906,20890.123640765443,1871.998300199115
2025-07-02,2025,7,LATO,22.588595247370506,49.765905653392906,16380.668261241508,1868.6563341994338
2025-07-02,2025,7,LATO,22.651477317258866,49.765905653392906,11886.450881199358,1887.0866479684971
2025-07-02,2025,7,LATO,22.714359387147226,49.765905653392906,7435.161123830869,1886.9902433057316
2025-07-02,2025,7,LATO,22.7772414570356,49.765905653392906,3210.619340403136,1896.2424084741558
2025-07-02,2025,7,LATO,22.84012352692396,49.765905653392906,2523.3126508779337,1893.3827517155248
2025-07-02,2025,7,LATO,22.903005596812335,49.765905653392906,6592.32142197454,1887.7808447960226
2025-07-02,2025,7,LATO,22.965887666700695,49.765905653392906,11026.461713720417,1893.0730611503614
2025-07-02,2025,7,LATO,23.02876973658907,49.765905653392906,15515.78269673641,1904.5809111563572
2025-07-02,2025,7,LATO,23.09165180647743,49.765905653392906,20023.20108708745,1902.8717807717937
2025-07-02,2025,7,LATO,23.154533876365804,49.765905653392906,24538.74390792931,1902.4805498977503
2025-07-02,2025,7,LATO,22.52571317748213,49.82878772328128,21458.053684533254,1878.5327449111921
2025-07-02,2025,7,LATO,22.588595247370506,49.82878772328128,17105.396575522118,1878.7191162108963
2025-07-02,2025,7,LATO,22.651477317258866,49.82878772328128,12873.244408405542,1890.2008445550468
2025-07-02,2025,7,LATO,22.714359387147226,49.82878772328128,8934.520738934094,1888.9923321204974
2025-07-02,2025,7,LATO,22.7772414570356,49.82878772328128,5908.502699683845,1896.0679931640582
2025-07-02,2025,7,LATO,22.84012352692396,49.82878772328128,5565.478544359213,1883.8911462263825
2025-07-02,2025,7,LATO,22.903005596812335,49.82878772328128,8247.30583412717,1884.6257306057275
2025-07-02,2025,7,LATO,22.965887666700695,49.82878772328128,12084.745281253774,1889.9431883111135
2025-07-02,2025,7,LATO,23.02876973658907,49.82878772328128,16280.157012807253,1890.4580060648752
2025-07-02,2025,7,LATO,23.09165180647743,49.82878772328128,20616.141316553247,1898.763939461563
2025-07-02,2025,7,LATO,22.52571317748213,49.89166979316964,24131.63257145798,1881.4979505603956
2025-07-02,2025,7,LATO,22.588595247370506,49.89166979316964,20364.18316448082,1894.4803076505875
2025-07-02,2025,7,LATO,22.651477317258866,49.89166979316964,16970.281436225658,1899.7808521599786
2025-07-02,2025,7,LATO,22.714359387147226,49.89166979316964,14219.960460467935,1899.784609373279
2025-07-02,2025,7,LATO,22.7772414570356,49.89166979316964,12543.938902384274,1898.1992203952125
2025-07-02,2025,7,LATO,22.84012352692396,49.89166979316964,12386.26901971219,1886.5560290953877
2025-07-02,2025,7,LATO,22.903005596812335,49.89166979316964,13799.09481397737,1887.282185174416
2025-07-02,2025,7,LATO,22.965887666700695,49.89166979316964,16380.984509599155,1887.0735490804557
2025-07-02,2025,7,LATO,23.02876973658907,49.89166979316964,19677.007522249452,1885.2994626434702
2025-07-02,2025,7,LATO,23.09165180647743,49.89166979316964,23387.151398022725,1902.737182617212
2025-07-02,2025,7,LATO,22.651477317258866,49.954551863058015,22541.104315333898,1898.5539444396761
2025-07-02,2025,7,LATO,22.714359387147226,49.954551863058015,20553.09728768775,1896.5321302294
2025-07-02,2025,7,LATO,22.7772414570356,49.954551863058015,19432.73675666003,1893.780763578884
2025-07-02,2025,7,LATO,22.84012352692396,49.954551863058015,19331.467149038792,1888.5236516614948
2025-07-02,2025,7,LATO,22.903005596812335,49.954551863058015,20264.5722208888,1887.2972295952047
2025-07-02,2025,7,LATO,22.965887666700695,49.954551863058015,22101.4288128028,1892.9885243997771
2025-07-02,2025,7,LATO,23.02876973658907,49.954551863058015,24640.7490788335,1897.4766542061393
2025-07-03,2025,7,LATO,22.714359387147226,49.57725944372781,23846.226255515205,1884.9237140940136
2025-07-03,2025,7,LATO,22.7772414570356,49.57725944372781,22880.010970962256,1892.1983203532927
2025-07-03,2025,7,LATO,22.84012352692396,49.57725944372781,22793.391111527922,1901.0717098714274
2025-07-03,2025,7,LATO,22.903005596812335,49.57725944372781,23596.05529717468,1900.527107963354
2025-07-03,2025,7,LATO,22.588595247370506,49.64014151361617,22655.85801047727,1881.0697723007993
2025-07-03,2025,7,LATO,22.651477317258866,49.64014151361617,19644.87615510022,1885.2260742186884
2025-07-03,2025,7,LATO,22.714359387147226,49.64014151361617,17311.644736144277,1885.2260734325105
2025-07-03,2025,7,LATO,22.7772414570356,49.64014151361617,15956.299449220478,1898.9428797895614
2025-07-03,2025,7,LATO,22.84012352692396,49.64014151361617,15832.004225340383,1900.0051437630625
2025-07-03,2025,7,LATO,22.903005596812335,49.64014151361617,16965.836855889575,1899.594660039877
2025-07-03,2025,7,LATO,22.965887666700695,49.64014151361617,19135.44931006767,1896.277465820316
2025-07-03,2025,7,LATO,23.02876973658907,49.64014151361617,22037.010834643912,1896.7834446100337
2025-07-03,2025,7,LATO,22.52571317748213,49.703023583504546,22587.162426536906,1870.6685853522108
2025-07-03,2025,7,LATO,22.588595247370506,49.703023583504546,18490.311644243488,1878.6887251838787
2025-07-03,2025,7,LATO,22.651477317258866,49.703023583504546,14652.263880901603,1880.0296366041052
2025-07-03,2025,7,LATO,22.714359387147226,49.703023583504546,11338.944403631276,1887.5230349462915
2025-07-03,2025,7,LATO,22.7772414570356,49.703023583504546,9140.029561753958,1895.119133944625
2025-07-03,2025,7,LATO,22.84012352692396,49.703023583504546,8921.552370794487,1897.8058161415013
2025-07-03,2025,7,LATO,22.903005596812335,49.703023583504546,10804.327233564076,1897.9571561117727
2025-07-03,2025,7,LATO,22.965887666700695,49.703023583504546,13962.754705896936,1897.5571693804636
2025-07-03,2025,7,LATO,23.02876973658907,49.703023583504546,17727.63889167577,1896.73094125479
2025-07-03,2025,7,LATO,23.09165180647743,49.703023583504546,21786.816205965722,1880.2461904644385
2025-07-03,2025,7,LATO,22.52571317748213,49.765905653392906,20890.123640765443,1887.8037126338459
2025-07-03,2025,7,LATO,22.588595247370506,49.765905653392906,16380.668261241508,1887.8037198674408
2025-07-03,2025,7,LATO,22.651477317258866,49.765905653392906,11886.450881199358,1897.3049758462332
2025-07-03,2025,7,LATO,22.714359387147226,49.765905653392906,7435.161123830869,1897.6580717459433
2025-07-03,2025,7,LATO,22.7772414570356,49.765905653392906,3210.619340403136,1899.747004742354
2025-07-03,2025,7,LATO,22.84012352692396,49.765905653392906,2523.3126508779337,1886.678481181949
2025-07-03,2025,7,LATO,22.903005596812335,49.765905653392906,6592.32142197454,1890.1978524151764
2025-07-03,2025,7,LATO,22.965887666700695,49.765905653392906,11026.461713720417,1895.1738486998984
2025-07-03,2025,7,LATO,23.02876973658907,49.765905653392906,15515.78269673641,1880.9990656831599
2025-07-03,2025,7,LATO,23.09165180647743,49.765905653392906,20023.20108708745,1880.1436861828033
2025-07-03,2025,7,LATO,23.154533876365804,49.765905653392906,24538.74390792931,1880.2941383150794
2025-07-03,2025,7,LATO,22.52571317748213,49.82878772328128,21458.053684533254,1886.7117757786252
2025-07-03,2025,7,LATO,22.588595247370506,49.82878772328128,17105.396575522118,1887.4089687978553
2025-07-03,2025,7,LATO,22.651477317258866,49.82878772328128,12873.244408405542,1901.2613370633019
2025-07-03,2025,7,LATO,22.714359387147226,49.82878772328128,8934.520738934094,1899.8992637383135
2025-07-03,2025,7,LATO,22.7772414570356,49.82878772328128,5908.502699683845,1897.2938701269677
2025-07-03,2025,7,LATO,22.84012352692396,49.82878772328128,5565.478544359213,1889.8825001197667
2025-07-03,2025,7,LATO,22.903005596812335,49.82878772328128,8247.30583412717,1887.5308975195624
2025-07-03,2025,7,LATO,22.965887666700695,49.82878772328128,12084.745281253774,1877.7288828663054
2025-07-03,2025,7,LATO,23.02876973658907,49.82878772328128,16280.157012807253,1876.1713024813203
2025-07-03,2025,7,LATO,23.09165180647743,49.82878772328128,20616.141316553247,1880.192141042191
2025-07-03,2025,7,LATO,22.52571317748213,49.89166979316964,24131.63257145798,1894.1435744282885
2025-07-03,2025,7,LATO,22.588595247370506,49.89166979316964,20364.18316448082,1897.47762353667
2025-07-03,2025,7,LATO,22.651477317258866,49.89166979316964,16970.281436225658,1903.7236175809032
2025-07-03,2025,7,LATO,22.714359387147226,49.89166979316964,14219.960460467935,1903.7899281565412
2025-07-03,2025,7,LATO,22.7772414570356,49.89166979316964,12543.938902384274,1893.418722266967
2025-07-03,2025,7,LATO,22.84012352692396,49.89166979316964,12386.26901971219,1890.8572610368199
2025-07-03,2025,7,LATO,22.903005596812335,49.89166979316964,13799.09481397737,1890.3552131153492
2025-07-03,2025,7,LATO,22.965887666700695,49.89166979316964,16380.984509599155,1871.8500705359768
2025-07-03,2025,7,LATO,23.02876973658907,49.89166979316964,19677.007522249452,1871.447566234311
2025-07-03,2025,7,LATO,23.09165180647743,49.89166979316964,23387.151398022725,1883.7943878397198
2025-07-03,2025,7,LATO,22.651477317258866,49.954551863058015,22541.104315333898,1902.7968732389452
2025-07-03,2025,7,LATO,22.714359387147226,49.954551863058015,20553.09728768775,1902.8462167349162
2025-07-03,2025,7,LATO,22.7772414570356,49.954551863058015,19432.73675666003,1896.5766923596861
2025-07-03,2025,7,LATO,22.84012352692396,49.954551863058015,19331.467149038792,1895.0197294935106
2025-07-03,2025,7,LATO,22.903005596812335,49.954551863058015,20264.5722208888,1882.0746485898594
2025-07-03,2025,7,LATO,22.965887666700695,49.954551863058015,22101.4288128028,1876.0978949961589
2025-07-03,2025,7,LATO,23.02876973658907,49.954551863058015,24640.7490788335,1874.8356560152754
2025-07-05,2025,7,LATO,22.717861162646685,49.57375766822835,24143.276656056547,1888.4991335686905
2025-07-05,2025,7,LATO,22.780743232535045,49.57375766822835,23238.782273116238,1902.4745043078913
2025-07-05,2025,7,LATO,22.84362530242342,49.57375766822835,23202.985203146505,1903.5699204095356
2025-07-05,2025,7,LATO,22.90650737231178,49.57375766822835,24039.766347064506,1906.8324593455486
2025-07-05,2025,7,LATO,22.59209702286995,49.63663973811673,22749.356013849407,1893.590148255515
2025-07-05,2025,7,LATO,22.654979092758325,49.63663973811673,19810.310951414824,1893.2257751715151
2025-07-05,2025,7,LATO,22.717861162646685,49.63663973811673,17564.316563761597,1898.4439744616175
2025-07-05,2025,7,LATO,22.780743232535045,49.63663973811673,16300.41457677191,1905.1166017682997
2025-07-05,2025,7,LATO,22.84362530242342,49.63663973811673,16249.405361675697,1909.040237713648
2025-07-05,2025,7,LATO,22.90650737231178,49.63663973811673,17421.94552425109,1912.1682128906577
2025-07-05,2025,7,LATO,22.969389442200153,49.63663973811673,19599.660421833694,1912.1682128906284
2025-07-05,2025,7,LATO,23.032271512088514,49.63663973811673,22492.460203715123,1912.2829060044219
2025-07-05,2025,7,LATO,22.52921495298159,49.69952180800509,22510.259127914844,1893.9806995951653
2025-07-05,2025,7,LATO,22.59209702286995,49.69952180800509,18458.047580135986,1894.7432160151648
2025-07-05,2025,7,LATO,22.654979092758325,49.69952180800509,14689.306778990278,1895.3858045361608
2025-07-05,2025,7,LATO,22.717861162646685,49.69952180800509,11486.536490626851,1906.3778384359262
2025-07-05,2025,7,LATO,22.780743232535045,49.69952180800509,9444.252710287055,1906.7901893962617
2025-07-05,2025,7,LATO,22.84362530242342,49.69952180800509,9356.051921678389,1901.7984480110515
2025-07-05,2025,7,LATO,22.90650737231178,49.69952180800509,11267.914548674342,1901.3444773522529
2025-07-05,2025,7,LATO,22.969389442200153,49.69952180800509,14404.328641532245,1905.7337895395178
2025-07-05,2025,7,LATO,23.032271512088514,49.69952180800509,18140.89441277294,1922.3000460512385
2025-07-05,2025,7,LATO,23.095153581976888,49.69952180800509,22176.291067084392,1922.3000577762698
2025-07-05,2025,7,LATO,22.52921495298159,49.76240387789346,20675.941557456,1891.3533103911302
2025-07-05,2025,7,LATO,22.59209702286995,49.76240387789346,16177.040885910497,1891.4570460989805
2025-07-05,2025,7,LATO,22.654979092758325,49.76240387789346,11701.884510076845,1899.114391683998
2025-07-05,2025,7,LATO,22.717861162646685,49.76240387789346,7294.312554399394,1904.1134288056362
2025-07-05,2025,7,LATO,22.780743232535045,49.76240387789346,3242.746274651169,1903.7470530345324
2025-07-05,2025,7,LATO,22.84362530242342,49.76240387789346,2976.463421841489,1904.2888788317498
2025-07-05,2025,7,LATO,22.90650737231178,49.76240387789346,6945.4144482437805,1904.6574534993103
2025-07-05,2025,7,LATO,22.969389442200153,49.76240387789346,11342.563564434879,1914.4752791353098
2025-07-05,2025,7,LATO,23.032271512088514,49.76240387789346,15814.68197159037,1918.2420996652345
2025-07-05,2025,7,LATO,23.095153581976888,49.76240387789346,20312.310267644792,1918.623291015666
2025-07-05,2025,7,LATO,23.158035651865248,49.76240387789346,24821.582978122697,1918.623299621726
2025-07-05,2025,7,LATO,22.52921495298159,49.82528594778182,21121.331395592428,1891.5848660180923
2025-07-05,2025,7,LATO,22.59209702286995,49.82528594778182,16748.94812801659,1891.4080914579124
2025-07-05,2025,7,LATO,22.654979092758325,49.82528594778182,12487.039456298053,1904.2571858415065
2025-07-05,2025,7,LATO,22.717861162646685,49.82528594778182,8503.376612283444,1906.586886889377
2025-07-05,2025,7,LATO,22.780743232535045,49.82528594778182,5447.121702081889,1906.538795303619
2025-07-05,2025,7,LATO,22.84362530242342,49.82528594778182,5293.128995305946,1897.1868896484332
2025-07-05,2025,7,LATO,22.90650737231178,49.82528594778182,8206.43848078303,1897.186889648462
2025-07-05,2025,7,LATO,22.969389442200153,49.82528594778182,12151.39979284853,1910.765499469045
2025-07-05,2025,7,LATO,23.032271512088514,49.82528594778182,16399.688337069696,1911.2596435546832
2025-07-05,2025,7,LATO,23.095153581976888,49.82528594778182,20765.96528944484,1911.0268693552491
2025-07-05,2025,7,LATO,22.52921495298159,49.888168017670196,23718.417956339716,1901.5084228515911
2025-07-05,2025,7,LATO,22.59209702286995,49.888168017670196,19929.745177140274,1901.508422851587
2025-07-05,2025,7,LATO,22.654979092758325,49.888168017670196,16515.305930700317,1905.742411684523
2025-07-05,2025,7,LATO,22.717861162646685,49.888168017670196,13756.642335887627,1905.7424426968494
2025-07-05,2025,7,LATO,22.780743232535045,49.888168017670196,12110.505823362373,1898.623827622591
2025-07-05,2025,7,LATO,22.84362530242342,49.888168017670196,12042.116856275741,1896.8729151027792
2025-07-05,2025,7,LATO,22.90650737231178,49.888168017670196,13575.340764207112,1896.8729204502977
2025-07-05,2025,7,LATO,22.969389442200153,49.888168017670196,16263.34618889954,1913.9609526348922
2025-07-05,2025,7,LATO,23.032271512088514,49.888168017670196,19637.52216772455,1914.092970271657
2025-07-05,2025,7,LATO,23.095153581976888,49.888168017670196,23402.934199081843,1905.2290837553824
2025-07-05,2025,7,LATO,22.59209702286995,49.951050087558556,24732.62580440931,1896.5948357231189
2025-07-05,2025,7,LATO,22.780743232535045,49.951050087558556,19013.10719544839,1895.999618244138
2025-07-05,2025,7,LATO,22.84362530242342,49.951050087558556,18969.676282499662,1896.1935750043408
2025-07-05,2025,7,LATO,22.90650737231178,49.951050087558556,19976.85807179107,1896.246129788562
2025-07-05,2025,7,LATO,22.969389442200153,49.951050087558556,21890.113625194503,1911.242887974878
2025-07-05,2025,7,LATO,23.032271512088514,49.951050087558556,24498.06830786874,1911.382266891795
2025-07-06,2025,7,LATO,22.651477317258866,49.82528594778182,12719.566542102213,1860.8645522427948
2025-07-06,2025,7,LATO,22.714359387147226,49.82528594778182,8711.28030562575,1860.8646399981376
2025-07-06,2025,7,LATO,22.7772414570356,49.82528594778182,5564.880387908447,1871.8332939872414
2025-07-06,2025,7,LATO,22.714359387147226,49.888168017670196,13885.947830175188,1860.8646859567273
2025-07-06,2025,7,LATO,22.7772414570356,49.888168017670196,12163.857368911082,1893.1308873941218
2025-07-06,2025,7,LATO,22.84012352692396,49.888168017670196,12001.183223048978,1904.1559558105666
2025-07-06,2025,7,LATO,22.903005596812335,49.888168017670196,13454.606457664584,1905.0869589413844
2025-07-06,2025,7,LATO,22.965887666700695,49.888168017670196,16092.038930260735,1905.580601946367
2025-07-06,2025,7,LATO,23.02876973658907,49.888168017670196,19437.342834046838,1909.1958992679645
2025-07-06,2025,7,LATO,22.965887666700695,49.951050087558556,21763.307951500377,1909.1959238214058
2025-07-06,2025,7,LATO,23.02876973658907,49.951050087558556,24338.10887346504,1909.1959262484945
2025-07-14,2025,7,LATO,23.158035651865248,49.765905653392906,24790.35474535101,1852.524228901749
2025-07-14,2025,7,LATO,23.095153581976888,49.82878772328128,20859.98350400866,1852.4554565842805
2025-07-14,2025,7,LATO,22.84362530242342,49.89166979316964,12425.931299741358,1870.340221728914
2025-07-14,2025,7,LATO,22.90650737231178,49.89166979316964,13916.83236940334,1870.3402228992584
2025-07-14,2025,7,LATO,22.84362530242342,49.954551863058015,19356.87092457476,1870.5973876991013
2025-07-14,2025,7,LATO,22.90650737231178,49.954551863058015,20344.823639693168,1870.3402111109472
2025-07-14,2025,7,LATO,22.969389442200153,49.954551863058015,22226.296487740947,1870.3402147021484
2025-07-14,2025,7,LATO,23.032271512088514,49.954551863058015,24798.74504417711,1870.3402249675426
2025-07-22,2025,7,LATO,22.965887666700695,49.703023583504546,13962.754705896936,1899.7177662483848
2025-07-22,2025,7,LATO,23.02876973658907,49.703023583504546,17727.63889167577,1899.7177597706832
2025-07-22,2025,7,LATO,22.84012352692396,49.765905653392906,2523.3126508779337,1893.8736444126675
2025-07-22,2025,7,LATO,22.903005596812335,49.765905653392906,6592.32142197454,1893.8736732645714
2025-07-22,2025,7,LATO,22.651477317258866,49.89166979316964,16970.281436225658,1886.0197768826065
2025-07-22,2025,7,LATO,22.714359387147226,49.89166979316964,14219.960460467935,1886.01978287137
2025-07-22,2025,7,LATO,22.84012352692396,49.89166979316964,12386.26901971219,1884.6309913334483
2025-07-22,2025,7,LATO,22.903005596812335,49.89166979316964,13799.09481397737,1884.6309761176412
2025-07-22,2025,7,LATO,22.965887666700695,49.89166979316964,16380.984509599155,1879.227240257496
2025-07-22,2025,7,LATO,23.02876973658907,49.89166979316964,19677.007522249452,1875.5491793518204
2025-07-22,2025,7,LATO,23.09165180647743,49.89166979316964,23387.151398022725,1862.2454803599078
2025-07-22,2025,7,LATO,22.651477317258866,49.954551863058015,22541.104315333898,1886.0934045594245
2025-07-22,2025,7,LATO,22.714359387147226,49.954551863058015,20553.09728768775,1886.019775390694
2025-07-22,2025,7,LATO,22.7772414570356,49.954551863058015,19432.73675666003,1889.6799326919377
2025-07-22,2025,7,LATO,22.84012352692396,49.954551863058015,19331.467149038792,1883.681249966391
2025-07-22,2025,7,LATO,22.903005596812335,49.954551863058015,20264.5722208888,1882.6977364309266
2025-07-22,2025,7,LATO,22.965887666700695,49.954551863058015,22101.4288128028,1876.7764409952867
2025-07-22,2025,7,LATO,23.02876973658907,49.954551863058015,24640.7490788335,1875.7579148468874
2025-07-23,2025,7,LATO,22.90650737231178,49.57725944372781,23665.548368800108,1889.103385294251
2025-08-05,2025,8,LATO,22.469834658592674,49.765905653392906,24903.43217975922,1839.0391584792244
2025-08-05,2025,8,LATO,22.532716728481034,49.765905653392906,20387.43944261555,1833.4519076694623
2025-08-05,2025,8,LATO,22.59559879836941,49.765905653392906,15879.128789225302,1856.419660011026
2025-08-05,2025,8,LATO,22.65848086825777,49.765905653392906,11387.63283000417,1901.0095214843207
2025-08-05,2025,8,LATO,22.721362938146143,49.765905653392906,6945.655089638345,1901.0095168837076
2025-08-05,2025,8,LATO,22.784245008034503,49.765905653392906,2799.754239036753,1901.009547112894
2025-08-05,2025,8,LATO,22.847127077922863,49.765905653392906,2909.9299496572144,1877.7984813472474
2025-08-05,2025,8,LATO,22.910009147811238,49.765905653392906,7080.207037852592,1873.4858622910265
2025-08-05,2025,8,LATO,22.972891217699598,49.765905653392906,11524.908902168252,1872.1989728387498
2025-08-05,2025,8,LATO,23.035773287587972,49.765905653392906,16017.184810434974,1872.1989765490487
2025-08-05,2025,8,LATO,22.532716728481034,49.82878772328128,20969.629003077862,1846.5660438081986
2025-08-05,2025,8,LATO,22.59559879836941,49.82878772328128,16626.36365896378,1889.374978741231
2025-08-05,2025,8,LATO,22.65848086825777,49.82878772328128,12414.745842026043,1894.2741105051748
2025-08-05,2025,8,LATO,22.721362938146143,49.82878772328128,8532.01505542116,1900.9279365812693
2025-08-05,2025,8,LATO,22.784245008034503,49.82878772328128,5695.977327613162,1901.0095281747808
2025-08-05,2025,8,LATO,22.847127077922863,49.82878772328128,5750.861621632254,1881.8122453252847
2025-08-05,2025,8,LATO,22.910009147811238,49.82878772328128,8641.76161762721,1881.9369405922964
2025-08-05,2025,8,LATO,22.972891217699598,49.82878772328128,12540.621480203294,1874.4935971009943
2025-08-05,2025,8,LATO,23.035773287587972,49.82878772328128,16758.09500148916,1872.200085405023
2025-08-05,2025,8,LATO,23.098655357476332,49.82878772328128,21104.019131336558,1869.9821130429211
2025-08-05,2025,8,LATO,22.532716728481034,49.89166979316964,23698.94177557943,1915.004149576319
2025-08-05,2025,8,LATO,22.59559879836941,49.89166979316964,19964.02510849638,1912.3972626499685
2025-08-05,2025,8,LATO,22.65848086825777,49.89166979316964,16625.61277503751,1907.8392333983668
2025-08-05,2025,8,LATO,22.721362938146143,49.89166979316964,13970.899561599594,1897.649081098387
2025-08-05,2025,8,LATO,22.784245008034503,49.89166979316964,12445.375005463568,1883.3658696346229
2025-08-05,2025,8,LATO,22.847127077922863,49.89166979316964,12470.557128002267,1876.802750844768
2025-08-05,2025,8,LATO,22.910009147811238,49.89166979316964,14038.103410697095,1878.6316330390812
2025-08-05,2025,8,LATO,22.972891217699598,49.89166979316964,16719.694789104768,1879.9339980655786
2025-08-05,2025,8,LATO,23.035773287587972,49.89166979316964,20073.723416020704,1881.157791360781
2025-08-05,2025,8,LATO,23.098655357476332,49.89166979316964,23817.78306999105,1853.9089168458272
2025-08-05,2025,8,LATO,22.65848086825777,49.954551863058015,22283.110131735197,1913.1639791279867
2025-08-05,2025,8,LATO,22.721362938146143,49.954551863058015,20381.79823470954,1900.7918379154723
2025-08-05,2025,8,LATO,22.784245008034503,49.954551863058015,19369.342116810156,1882.1023451071148
2025-08-05,2025,8,LATO,22.847127077922863,49.954551863058015,19385.51095194934,1875.297462327563
2025-08-05,2025,8,LATO,22.910009147811238,49.954551863058015,20427.862442196416,1874.866944839844
2025-08-05,2025,8,LATO,22.972891217699598,49.954551863058015,22353.301975925337,1878.223826985578
2025-08-05,2025,8,LATO,23.095153581976888,49.69952180800509,22176.291067084392,1884.2832031250325
2025-08-05,2025,8,LATO,23.032271512088514,49.76240387789346,15814.68197159037,1890.3914672007652
2025-08-05,2025,8,LATO,23.095153581976888,49.76240387789346,20312.310267644792,1890.3914868082798
2025-08-05,2025,8,LATO,23.158035651865248,49.76240387789346,24821.582978122697,1890.3914762972265
2025-08-08,2025,8,LATO,22.721362938146143,49.57725944372781,23697.5898107481,1905.238034523272
2025-08-08,2025,8,LATO,22.784245008034503,49.57725944372781,22825.772528221212,1905.234596553185
2025-08-08,2025,8,LATO,22.847127077922863,49.57725944372781,22839.601460497255,1893.5640104410065
2025-08-08,2025,8,LATO,22.910009147811238,49.57725944372781,23737.528821185646,1893.3942891454778
2025-08-08,2025,8,LATO,22.65848086825777,49.64014151361617,19346.360042072225,1895.5722806127692
2025-08-08,2025,8,LATO,22.721362938146143,49.64014151361617,17106.588908797177,1906.8452112394802
2025-08-08,2025,8,LATO,22.784245008034503,49.64014151361617,15878.528602308194,1900.2210268601443
2025-08-08,2025,8,LATO,22.847127077922863,49.64014151361617,15898.37606674912,1896.8533056050358
2025-08-08,2025,8,LATO,22.910009147811238,49.64014151361617,17161.80236162699,1899.5712118436247
2025-08-08,2025,8,LATO,22.972891217699598,49.64014151361617,19427.689326518714,1900.265140844072
2025-08-08,2025,8,LATO,23.035773287587972,49.64014151361617,22393.780214513983,1902.5998022660156
2025-08-08,2025,8,LATO,22.65848086825777,49.703023583504546,14250.063235972633,1887.4292006533562
2025-08-08,2025,8,LATO,22.721362938146143,49.703023583504546,11023.750752286034,1892.3604401627772
2025-08-08,2025,8,LATO,22.784245008034503,49.703023583504546,9003.74969105232,1907.9537058371316
2025-08-08,2025,8,LATO,22.847127077922863,49.703023583504546,9038.66068024557,1904.6724348026773
2025-08-08,2025,8,LATO,22.910009147811238,49.703023583504546,11109.12789583884,1903.8533017443822
2025-08-08,2025,8,LATO,22.972891217699598,49.703023583504546,14360.143110542414,1906.1936102676223
2025-08-08,2025,8,LATO,23.035773287587972,49.703023583504546,18168.663048577168,1906.665412050748
2025-08-08,2025,8,LATO,23.098655357476332,49.703023583504546,22250.223097835118,1870.0465361879656
2025-08-08,2025,8,LATO,22.721362938146143,49.765905653392906,6945.655089638345,1889.4786236372101
2025-08-08,2025,8,LATO,22.784245008034503,49.765905653392906,2799.754239036753,1889.4786417093576
2025-08-08,2025,8,LATO,22.847127077922863,49.765905653392906,2909.9299496572144,1907.7691650390411
2025-08-08,2025,8,LATO,22.910009147811238,49.765905653392906,7080.207037852592,1908.178192587382
2025-08-08,2025,8,LATO,22.972891217699598,49.765905653392906,11524.908902168252,1902.336127223256
2025-08-08,2025,8,LATO,23.035773287587972,49.765905653392906,16017.184810434974,1899.0897879772456
2025-08-08,2025,8,LATO,22.784245008034503,49.82878772328128,5695.977327613162,1893.471804488275
2025-08-08,2025,8,LATO,22.847127077922863,49.82878772328128,5750.861621632254,1896.1559520625242
2025-08-08,2025,8,LATO,22.910009147811238,49.82878772328128,8641.76161762721,1904.2267955774319
2025-08-08,2025,8,LATO,22.972891217699598,49.82878772328128,12540.621480203294,1909.914231640038
2025-08-08,2025,8,LATO,23.035773287587972,49.82878772328128,16758.09500148916,1909.149891402116
2025-08-08,2025,8,LATO,22.784245008034503,49.89166979316964,12445.375005463568,1891.8569348693707
2025-08-08,2025,8,LATO,22.847127077922863,49.89166979316964,12470.557128002267,1896.8238244328688
2025-08-08,2025,8,LATO,22.910009147811238,49.89166979316964,14038.103410697095,1909.1466902833092
2025-08-08,2025,8,LATO,22.972891217699598,49.89166979316964,16719.694789104768,1906.3240062171396
2025-08-08,2025,8,LATO,23.035773287587972,49.89166979316964,20073.723416020704,1901.8504981188996
2025-08-08,2025,8,LATO,23.098655357476332,49.89166979316964,23817.78306999105,1896.4962414631534
2025-08-08,2025,8,LATO,22.721362938146143,49.954551863058015,20381.79823470954,1899.187759443763
2025-08-08,2025,8,LATO,22.784245008034503,49.954551863058015,19369.342116810156,1899.1877523768708
2025-08-08,2025,8,LATO,22.847127077922863,49.954551863058015,19385.51095194934,1905.822510319121
2025-08-08,2025,8,LATO,22.910009147811238,49.954551863058015,20427.862442196416,1906.0688238411005
2025-08-08,2025,8,LATO,22.972891217699598,49.954551863058015,22353.301975925337,1908.2925439268529
2025-08-09,2025,8,LATO,22.847127077922863,49.954551863058015,19385.51095194934,1919.4388588645907
2025-08-09,2025,8,LATO,22.910009147811238,49.954551863058015,20427.862442196416,1919.4388572482874
2025-08-09,2025,8,LATO,22.972891217699598,49.954551863058015,22353.301975925337,1912.1391118570575
2025-08-12,2025,8,LATO,22.721362938146143,49.57375766822835,24071.31192737161,1899.7667253085137
2025-08-12,2025,8,LATO,22.784245008034503,49.57375766822835,23213.47200254646,1899.7667102971488
2025-08-12,2025,8,LATO,22.910009147811238,49.57375766822835,24110.634691470696,1911.6709196987717
2025-08-12,2025,8,LATO,22.59559879836941,49.63663973811673,22571.790540453218,1901.0429761762896
2025-08-12,2025,8,LATO,22.65848086825777,49.63663973811673,19664.486772395037,1901.9989745016487
2025-08-12,2025,8,LATO,22.721362938146143,49.63663973811673,17465.392259012075,1899.7667762004332
2025-08-12,2025,8,LATO,22.784245008034503,49.63663973811673,16264.356998053161,1899.766735416379
2025-08-12,2025,8,LATO,22.910009147811238,49.63663973811673,17519.478833120265,1910.9618177949562
2025-08-12,2025,8,LATO,22.972891217699598,49.63663973811673,19744.511431068626,1911.168349966545
2025-08-12,2025,8,LATO,23.035773287587972,49.63663973811673,22669.38243449943,1904.3571613672232
2025-08-12,2025,8,LATO,22.532716728481034,49.69952180800509,22279.733517436514,1893.717775280541
2025-08-12,2025,8,LATO,22.59559879836941,49.69952180800509,18239.035335458964,1893.932023979858
2025-08-12,2025,8,LATO,22.65848086825777,49.69952180800509,14492.300027643201,1912.563391543911
2025-08-12,2025,8,LATO,22.721362938146143,49.69952180800509,11334.888138469481,1912.4162115158726
2025-08-12,2025,8,LATO,22.847127077922863,49.69952180800509,9415.473371933953,1917.9189426378061
2025-08-12,2025,8,LATO,22.910009147811238,49.69952180800509,11417.9449356954,1918.3604834862447
2025-08-12,2025,8,LATO,22.972891217699598,49.69952180800509,14600.561429913467,1912.9245781143118
2025-08-12,2025,8,LATO,23.035773287587972,49.69952180800509,18359.5179038259,1904.6909179687207
2025-08-12,2025,8,LATO,23.098655357476332,49.69952180800509,22406.60311471157,1905.644925931969
2025-08-12,2025,8,LATO,22.469834658592674,49.76240387789346,24934.526910916018,1909.5807120939594
2025-08-12,2025,8,LATO,22.532716728481034,49.76240387789346,20425.049591277475,1898.428674377318
2025-08-12,2025,8,LATO,22.59559879836941,49.76240387789346,15927.018449726114,1899.9284423614588
2025-08-12,2025,8,LATO,22.65848086825777,49.76240387789346,11453.93141995099,1908.0924397361628
2025-08-12,2025,8,LATO,22.721362938146143,49.76240387789346,7053.412131536549,1906.825416778747
2025-08-12,2025,8,LATO,22.784245008034503,49.76240387789346,3056.8313002920936,1906.8251953125114
2025-08-12,2025,8,LATO,22.847127077922863,49.76240387789346,3158.0581094985164,1914.4106599484064
2025-08-12,2025,8,LATO,22.910009147811238,49.76240387789346,7185.956141010244,1914.5051041859344
2025-08-12,2025,8,LATO,22.972891217699598,49.76240387789346,11590.432057281076,1897.9945683330561
2025-08-12,2025,8,LATO,23.035773287587972,49.76240387789346,16064.67279646741,1899.25629777811
2025-08-12,2025,8,LATO,23.098655357476332,49.76240387789346,20563.18720723159,1905.9065223436826
2025-08-12,2025,8,LATO,22.532716728481034,49.82528594778182,20876.112526345794,1899.073060109203
2025-08-12,2025,8,LATO,22.59559879836941,49.82528594778182,16507.904605744377,1904.6992564718319
2025-08-12,2025,8,LATO,22.65848086825777,49.82528594778182,12255.285727747369,1909.8508300780543
2025-08-12,2025,8,LATO,22.721362938146143,49.82528594778182,8297.922383707672,1906.8252234831607
2025-08-12,2025,8,LATO,22.784245008034503,49.82528594778182,5338.676667401633,1906.825219066328
2025-08-12,2025,8,LATO,22.847127077922863,49.82528594778182,5397.199806568097,1918.9513409450963
2025-08-12,2025,8,LATO,22.910009147811238,49.82528594778182,8410.732146713255,1918.3104543734535
2025-08-12,2025,8,LATO,22.972891217699598,49.82528594778182,12382.791606070135,1896.0834686167652
2025-08-12,2025,8,LATO,23.035773287587972,49.82528594778182,16640.583268996892,1895.416958662095
2025-08-12,2025,8,LATO,23.098655357476332,49.82528594778182,21011.110521215884,1905.0337130108026
2025-08-12,2025,8,LATO,22.532716728481034,49.888168017670196,23500.598725923315,1904.8994740393616
2025-08-12,2025,8,LATO,22.59559879836941,49.888168017670196,19727.868454144005,1914.8387937063492
2025-08-12,2025,8,LATO,22.65848086825777,49.888168017670196,16341.011246888356,1913.8660075069608
2025-08-12,2025,8,LATO,22.721362938146143,49.888168017670196,13630.766576823631,1906.3909968539049
2025-08-12,2025,8,LATO,22.784245008034503,49.888168017670196,12062.180720151893,1910.0262858110511
2025-08-12,2025,8,LATO,22.847127077922863,49.888168017670196,12088.163019033,1918.9525005177402
2025-08-12,2025,8,LATO,22.910009147811238,49.888168017670196,13699.644034164903,1915.5675795895568
2025-08-12,2025,8,LATO,22.972891217699598,49.888168017670196,16436.72928391015,1895.0424804687782
2025-08-12,2025,8,LATO,23.035773287587972,49.888168017670196,19838.88063850604,1895.9810988204915
2025-08-12,2025,8,LATO,23.098655357476332,49.888168017670196,23620.446613345717,1906.5040047215214
2025-08-12,2025,8,LATO,22.59559879836941,49.951050087558556,24570.454659828032,1913.219323437964
2025-08-12,2025,8,LATO,22.65848086825777,49.951050087558556,21947.801702061053,1912.4806194211405
2025-08-12,2025,8,LATO,22.721362938146143,49.951050087558556,20014.515181710412,1909.2761240975622
2025-08-12,2025,8,LATO,22.784245008034503,49.951050087558556,18982.402780120574,1919.59394421438
2025-08-12,2025,8,LATO,22.847127077922863,49.951050087558556,18998.902114168395,1920.8830566405952
2025-08-12,2025,8,LATO,22.910009147811238,49.951050087558556,20061.426144374847,1914.4741222943223
2025-08-12,2025,8,LATO,22.972891217699598,49.951050087558556,22019.067621705944,1906.2655252616694
2025-08-12,2025,8,LATO,23.035773287587972,49.951050087558556,24659.560436215612,1907.2396734522392
2025-08-13,2025,8,LATO,22.721362938146143,49.57725944372781,23697.5898107481,1897.1953016384462
2025-08-13,2025,8,LATO,22.784245008034503,49.57725944372781,22825.772528221212,1898.6856675809584
2025-08-13,2025,8,LATO,22.847127077922863,49.57725944372781,22839.601460497255,1902.4652954344645
2025-08-13,2025,8,LATO,22.910009147811238,49.57725944372781,23737.528821185646,1904.4826923819421
2025-08-13,2025,8,LATO,22.59559879836941,49.64014151361617,22294.98905424956,1872.890571279585
2025-08-13,2025,8,LATO,22.65848086825777,49.64014151361617,19346.360042072225,1888.649384728108
2025-08-13,2025,8,LATO,22.721362938146143,49.64014151361617,17106.588908797177,1902.571921901434
2025-08-13,2025,8,LATO,22.784245008034503,49.64014151361617,15878.528602308194,1909.895836314235
2025-08-13,2025,8,LATO,22.847127077922863,49.64014151361617,15898.37606674912,1909.494605804826
2025-08-13,2025,8,LATO,22.910009147811238,49.64014151361617,17161.80236162699,1909.2388090836182
2025-08-13,2025,8,LATO,22.972891217699598,49.64014151361617,19427.689326518714,1911.3336917009108
2025-08-13,2025,8,LATO,23.035773287587972,49.64014151361617,22393.780214513983,1911.815981486145
2025-08-13,2025,8,LATO,22.532716728481034,49.703023583504546,22122.465906806905,1883.345902473226
2025-08-13,2025,8,LATO,22.59559879836941,49.703023583504546,18046.915138960532,1871.1892901182923
2025-08-13,2025,8,LATO,22.65848086825777,49.703023583504546,14250.063235972633,1890.2673206473505
2025-08-13,2025,8,LATO,22.721362938146143,49.703023583504546,11023.750752286034,1903.6424223034614
2025-08-13,2025,8,LATO,22.784245008034503,49.703023583504546,9003.74969105232,1914.3033809424292
2025-08-13,2025,8,LATO,22.847127077922863,49.703023583504546,9038.66068024557,1914.680981791176
2025-08-13,2025,8,LATO,22.910009147811238,49.703023583504546,11109.12789583884,1915.4913330078452
2025-08-13,2025,8,LATO,22.972891217699598,49.703023583504546,14360.143110542414,1910.1530255584107
2025-08-13,2025,8,LATO,23.035773287587972,49.703023583504546,18168.663048577168,1910.7291585847106
2025-08-13,2025,8,LATO,23.098655357476332,49.703023583504546,22250.223097835118,1903.0011620898867
2025-08-13,2025,8,LATO,22.469834658592674,49.765905653392906,24903.43217975922,1899.4470565750853
2025-08-13,2025,8,LATO,22.532716728481034,49.765905653392906,20387.43944261555,1891.177100033517
2025-08-13,2025,8,LATO,22.59559879836941,49.765905653392906,15879.128789225302,1889.1217195037689
2025-08-13,2025,8,LATO,22.65848086825777,49.765905653392906,11387.63283000417,1902.5520655572236
2025-08-13,2025,8,LATO,22.721362938146143,49.765905653392906,6945.655089638345,1914.1850880514885
2025-08-13,2025,8,LATO,22.784245008034503,49.765905653392906,2799.754239036753,1914.1563700322972
2025-08-13,2025,8,LATO,22.847127077922863,49.765905653392906,2909.9299496572144,1911.326595417647
2025-08-13,2025,8,LATO,22.910009147811238,49.765905653392906,7080.207037852592,1909.3594031296916
2025-08-13,2025,8,LATO,22.972891217699598,49.765905653392906,11524.908902168252,1897.7499997076393
2025-08-13,2025,8,LATO,23.035773287587972,49.765905653392906,16017.184810434974,1901.221120075224
2025-08-13,2025,8,LATO,23.098655357476332,49.765905653392906,20525.820239153934,1906.9009565135593
2025-08-13,2025,8,LATO,22.532716728481034,49.82878772328128,20969.629003077862,1889.367840633292
2025-08-13,2025,8,LATO,22.59559879836941,49.82878772328128,16626.36365896378,1894.1022915886465
2025-08-13,2025,8,LATO,22.65848086825777,49.82878772328128,12414.745842026043,1907.1701938468996
2025-08-13,2025,8,LATO,22.721362938146143,49.82878772328128,8532.01505542116,1916.9402015347264
2025-08-13,2025,8,LATO,22.784245008034503,49.82878772328128,5695.977327613162,1915.963442164493
2025-08-13,2025,8,LATO,22.847127077922863,49.82878772328128,5750.861621632254,1913.5933138651983
2025-08-13,2025,8,LATO,22.910009147811238,49.82878772328128,8641.76161762721,1910.584017477791
2025-08-13,2025,8,LATO,22.972891217699598,49.82878772328128,12540.621480203294,1908.462331170465
2025-08-13,2025,8,LATO,23.035773287587972,49.82878772328128,16758.09500148916,1898.5279203204916
2025-08-13,2025,8,LATO,23.098655357476332,49.82878772328128,21104.019131336558,1901.127191440033
2025-08-13,2025,8,LATO,22.532716728481034,49.89166979316964,23698.94177557943,1895.1441818492121
2025-08-13,2025,8,LATO,22.59559879836941,49.89166979316964,19964.02510849638,1904.6130371093998
2025-08-13,2025,8,LATO,22.65848086825777,49.89166979316964,16625.61277503751,1909.6120534044137
2025-08-13,2025,8,LATO,22.721362938146143,49.89166979316964,13970.899561599594,1912.5610429046149
2025-08-13,2025,8,LATO,22.784245008034503,49.89166979316964,12445.375005463568,1909.8123359581905
2025-08-13,2025,8,LATO,22.847127077922863,49.89166979316964,12470.557128002267,1907.5219337125989
2025-08-13,2025,8,LATO,22.910009147811238,49.89166979316964,14038.103410697095,1904.998515461076
2025-08-13,2025,8,LATO,22.972891217699598,49.89166979316964,16719.694789104768,1905.7963612853014
2025-08-13,2025,8,LATO,23.035773287587972,49.89166979316964,20073.723416020704,1903.9300619932897
2025-08-13,2025,8,LATO,23.098655357476332,49.89166979316964,23817.78306999105,1894.9454820015462
2025-08-13,2025,8,LATO,22.65848086825777,49.954551863058015,22283.110131735197,1914.7508534349408
2025-08-13,2025,8,LATO,22.721362938146143,49.954551863058015,20381.79823470954,1913.0578248464096
2025-08-13,2025,8,LATO,22.784245008034503,49.954551863058015,19369.342116810156,1911.3572998047246
2025-08-13,2025,8,LATO,22.847127077922863,49.954551863058015,19385.51095194934,1903.6673398928097
2025-08-13,2025,8,LATO,22.910009147811238,49.954551863058015,20427.862442196416,1903.2213523981077
2025-08-13,2025,8,LATO,22.972891217699598,49.954551863058015,22353.301975925337,1908.4540458280446
2025-08-14,2025,8,LATO,22.721362938146143,49.57725944372781,23697.5898107481,1898.9068922655642
2025-08-14,2025,8,LATO,22.784245008034503,49.57725944372781,22825.772528221212,1902.3206801009171
2025-08-14,2025,8,LATO,22.847127077922863,49.57725944372781,22839.601460497255,1894.4984652501607
2025-08-14,2025,8,LATO,22.910009147811238,49.57725944372781,23737.528821185646,1890.387461799278
2025-08-14,2025,8,LATO,22.59559879836941,49.64014151361617,22294.98905424956,1891.1463278401177
2025-08-14,2025,8,LATO,22.65848086825777,49.64014151361617,19346.360042072225,1893.2748573120991
2025-08-14,2025,8,LATO,22.721362938146143,49.64014151361617,17106.588908797177,1906.968556332217
2025-08-14,2025,8,LATO,22.784245008034503,49.64014151361617,15878.528602308194,1906.7032763779744
2025-08-14,2025,8,LATO,22.847127077922863,49.64014151361617,15898.37606674912,1891.8105185019442
2025-08-14,2025,8,LATO,22.910009147811238,49.64014151361617,17161.80236162699,1887.9235583970512
2025-08-14,2025,8,LATO,22.972891217699598,49.64014151361617,19427.689326518714,1903.2214251635498
2025-08-14,2025,8,LATO,23.035773287587972,49.64014151361617,22393.780214513983,1904.049282160935
2025-08-14,2025,8,LATO,22.532716728481034,49.703023583504546,22122.465906806905,1887.2196217763437
2025-08-14,2025,8,LATO,22.59559879836941,49.703023583504546,18046.915138960532,1886.6275310900185
2025-08-14,2025,8,LATO,22.65848086825777,49.703023583504546,14250.063235972633,1898.8277488661788
2025-08-14,2025,8,LATO,22.721362938146143,49.703023583504546,11023.750752286034,1905.8593508071924
2025-08-14,2025,8,LATO,22.784245008034503,49.703023583504546,9003.74969105232,1902.894865697498
2025-08-14,2025,8,LATO,22.847127077922863,49.703023583504546,9038.66068024557,1899.3790645024417
2025-08-14,2025,8,LATO,22.910009147811238,49.703023583504546,11109.12789583884,1901.328285964741
2025-08-14,2025,8,LATO,22.972891217699598,49.703023583504546,14360.143110542414,1906.7665602786758
2025-08-14,2025,8,LATO,23.035773287587972,49.703023583504546,18168.663048577168,1905.8284097377416
2025-08-14,2025,8,LATO,23.098655357476332,49.703023583504546,22250.223097835118,1921.0797283377083
2025-08-14,2025,8,LATO,22.469834658592674,49.765905653392906,24903.43217975922,1900.68918278169
2025-08-14,2025,8,LATO,22.532716728481034,49.765905653392906,20387.43944261555,1893.3189103664738
2025-08-14,2025,8,LATO,22.59559879836941,49.765905653392906,15879.128789225302,1892.9777905063913
2025-08-14,2025,8,LATO,22.65848086825777,49.765905653392906,11387.63283000417,1902.6493886095632
2025-08-14,2025,8,LATO,22.721362938146143,49.765905653392906,6945.655089638345,1895.6434857151073
2025-08-14,2025,8,LATO,22.784245008034503,49.765905653392906,2799.754239036753,1896.3881753842463
2025-08-14,2025,8,LATO,22.847127077922863,49.765905653392906,2909.9299496572144,1897.3455896161806
2025-08-14,2025,8,LATO,22.910009147811238,49.765905653392906,7080.207037852592,1894.127665913903
2025-08-14,2025,8,LATO,22.972891217699598,49.765905653392906,11524.908902168252,1892.4397227125178
2025-08-14,2025,8,LATO,23.035773287587972,49.765905653392906,16017.184810434974,1919.2639188530934
2025-08-14,2025,8,LATO,23.098655357476332,49.765905653392906,20525.820239153934,1924.720503332092
2025-08-14,2025,8,LATO,22.532716728481034,49.82878772328128,20969.629003077862,1894.4428569850274
2025-08-14,2025,8,LATO,22.59559879836941,49.82878772328128,16626.36365896378,1897.3307219451829
2025-08-14,2025,8,LATO,22.65848086825777,49.82878772328128,12414.745842026043,1905.2742252162354
2025-08-14,2025,8,LATO,22.721362938146143,49.82878772328128,8532.01505542116,1894.438239379946
2025-08-14,2025,8,LATO,22.784245008034503,49.82878772328128,5695.977327613162,1894.2119757581343
2025-08-14,2025,8,LATO,22.847127077922863,49.82878772328128,5750.861621632254,1901.244573634458
2025-08-14,2025,8,LATO,22.910009147811238,49.82878772328128,8641.76161762721,1902.9631640161967
2025-08-14,2025,8,LATO,22.972891217699598,49.82878772328128,12540.621480203294,1912.9252396089805
2025-08-14,2025,8,LATO,23.035773287587972,49.82878772328128,16758.09500148916,1919.9734838449276
2025-08-14,2025,8,LATO,23.098655357476332,49.82878772328128,21104.019131336558,1904.062941257253
2025-08-14,2025,8,LATO,22.532716728481034,49.89166979316964,23698.94177557943,1904.4759939885173
2025-08-14,2025,8,LATO,22.59559879836941,49.89166979316964,19964.02510849638,1910.6550420765266
2025-08-14,2025,8,LATO,22.65848086825777,49.89166979316964,16625.61277503751,1908.3958305606286
2025-08-14,2025,8,LATO,22.721362938146143,49.89166979316964,13970.899561599594,1899.3401930982193
2025-08-14,2025,8,LATO,22.784245008034503,49.89166979316964,12445.375005463568,1899.2148801728677
2025-08-14,2025,8,LATO,22.847127077922863,49.89166979316964,12470.557128002267,1900.8173540955586
2025-08-14,2025,8,LATO,22.910009147811238,49.89166979316964,14038.103410697095,1900.8968145424528
2025-08-14,2025,8,LATO,22.972891217699598,49.89166979316964,16719.694789104768,1920.3580936244264
2025-08-14,2025,8,LATO,23.035773287587972,49.89166979316964,20073.723416020704,1919.8745073929592
2025-08-14,2025,8,LATO,23.098655357476332,49.89166979316964,23817.78306999105,1885.5684347449649
2025-08-14,2025,8,LATO,22.65848086825777,49.954551863058015,22283.110131735197,1900.9825485550691
2025-08-14,2025,8,LATO,22.721362938146143,49.954551863058015,20381.79823470954,1899.6140227447968
2025-08-14,2025,8,LATO,22.784245008034503,49.954551863058015,19369.342116810156,1901.9022991998454
2025-08-14,2025,8,LATO,22.847127077922863,49.954551863058015,19385.51095194934,1902.4962426420602
2025-08-14,2025,8,LATO,22.910009147811238,49.954551863058015,20427.862442196416,1909.0530528063778
2025-08-14,2025,8,LATO,22.972891217699598,49.954551863058015,22353.301975925337,1928.260734226834
2025-08-15,2025,8,LATO,22.847127077922863,49.57725944372781,22839.601460497255,1870.418174768825
2025-08-15,2025,8,LATO,22.910009147811238,49.57725944372781,23737.528821185646,1871.8138412220405
2025-08-15,2025,8,LATO,22.59559879836941,49.64014151361617,22294.98905424956,1860.6166495216544
2025-08-15,2025,8,LATO,22.65848086825777,49.64014151361617,19346.360042072225,1890.671616572058
2025-08-15,2025,8,LATO,22.721362938146143,49.64014151361617,17106.588908797177,1890.6937157375403
2025-08-15,2025,8,LATO,22.847127077922863,49.64014151361617,15898.37606674912,1885.2825169372386
2025-08-15,2025,8,LATO,22.910009147811238,49.64014151361617,17161.80236162699,1881.2688422842282
2025-08-15,2025,8,LATO,22.972891217699598,49.64014151361617,19427.689326518714,1876.8648424706691
2025-08-15,2025,8,LATO,23.035773287587972,49.64014151361617,22393.780214513983,1874.3855271985992
2025-08-15,2025,8,LATO,22.532716728481034,49.703023583504546,22122.465906806905,1857.7044233408142
2025-08-15,2025,8,LATO,22.59559879836941,49.703023583504546,18046.915138960532,1857.9296077107088
2025-08-15,2025,8,LATO,22.65848086825777,49.703023583504546,14250.063235972633,1884.2893273350453
2025-08-15,2025,8,LATO,22.721362938146143,49.703023583504546,11023.750752286034,1890.6937231177578
2025-08-15,2025,8,LATO,22.784245008034503,49.703023583504546,9003.74969105232,1890.2855498931417
2025-08-15,2025,8,LATO,22.847127077922863,49.703023583504546,9038.66068024557,1894.6889296311138
2025-08-15,2025,8,LATO,22.910009147811238,49.703023583504546,11109.12789583884,1893.414523768172
2025-08-15,2025,8,LATO,22.972891217699598,49.703023583504546,14360.143110542414,1883.3611193345212
2025-08-15,2025,8,LATO,23.035773287587972,49.703023583504546,18168.663048577168,1886.237415698122
2025-08-15,2025,8,LATO,23.098655357476332,49.703023583504546,22250.223097835118,1880.848859367036
2025-08-15,2025,8,LATO,22.469834658592674,49.765905653392906,24903.43217975922,1872.7805445792326
2025-08-15,2025,8,LATO,22.532716728481034,49.765905653392906,20387.43944261555,1875.0508487316358
2025-08-15,2025,8,LATO,22.59559879836941,49.765905653392906,15879.128789225302,1879.8309303473818
2025-08-15,2025,8,LATO,22.65848086825777,49.765905653392906,11387.63283000417,1877.633670184657
2025-08-15,2025,8,LATO,22.721362938146143,49.765905653392906,6945.655089638345,1876.7339405323005
2025-08-15,2025,8,LATO,22.784245008034503,49.765905653392906,2799.754239036753,1887.5275083941513
2025-08-15,2025,8,LATO,22.847127077922863,49.765905653392906,2909.9299496572144,1885.3299158909322
2025-08-15,2025,8,LATO,22.910009147811238,49.765905653392906,7080.207037852592,1884.070581445094
2025-08-15,2025,8,LATO,22.972891217699598,49.765905653392906,11524.908902168252,1882.8668664225745
2025-08-15,2025,8,LATO,23.035773287587972,49.765905653392906,16017.184810434974,1882.3907464307374
2025-08-15,2025,8,LATO,23.098655357476332,49.765905653392906,20525.820239153934,1882.2765856769222
2025-08-15,2025,8,LATO,22.532716728481034,49.82878772328128,20969.629003077862,1886.1871653372505
2025-08-15,2025,8,LATO,22.59559879836941,49.82878772328128,16626.36365896378,1885.3543577475468
2025-08-15,2025,8,LATO,22.65848086825777,49.82878772328128,12414.745842026043,1881.3128761210367
2025-08-15,2025,8,LATO,22.721362938146143,49.82878772328128,8532.01505542116,1891.17957006657
2025-08-15,2025,8,LATO,22.784245008034503,49.82878772328128,5695.977327613162,1891.3693085944399
2025-08-15,2025,8,LATO,22.847127077922863,49.82878772328128,5750.861621632254,1887.6937137901625
2025-08-15,2025,8,LATO,22.910009147811238,49.82878772328128,8641.76161762721,1887.4423623161472
2025-08-15,2025,8,LATO,22.972891217699598,49.82878772328128,12540.621480203294,1884.3209961333694
2025-08-15,2025,8,LATO,23.035773287587972,49.82878772328128,16758.09500148916,1883.2306321921972
2025-08-15,2025,8,LATO,23.098655357476332,49.82878772328128,21104.019131336558,1880.6909373456785
2025-08-15,2025,8,LATO,22.532716728481034,49.89166979316964,23698.94177557943,1900.370475792042
2025-08-15,2025,8,LATO,22.59559879836941,49.89166979316964,19964.02510849638,1899.8690318536278
2025-08-15,2025,8,LATO,22.65848086825777,49.89166979316964,16625.61277503751,1897.7580680674218
2025-08-15,2025,8,LATO,22.721362938146143,49.89166979316964,13970.899561599594,1893.9273449840964
2025-08-15,2025,8,LATO,22.784245008034503,49.89166979316964,12445.375005463568,1893.2955322264922
2025-08-15,2025,8,LATO,22.847127077922863,49.89166979316964,12470.557128002267,1890.8051808883013
2025-08-15,2025,8,LATO,22.910009147811238,49.89166979316964,14038.103410697095,1886.5180088660532
2025-08-15,2025,8,LATO,22.972891217699598,49.89166979316964,16719.694789104768,1886.99765298104
2025-08-15,2025,8,LATO,23.035773287587972,49.89166979316964,20073.723416020704,1887.4966875638438
2025-08-15,2025,8,LATO,23.098655357476332,49.89166979316964,23817.78306999105,1873.4359246626416
2025-08-15,2025,8,LATO,22.65848086825777,49.954551863058015,22283.110131735197,1895.6357958935307
2025-08-15,2025,8,LATO,22.721362938146143,49.954551863058015,20381.79823470954,1897.0581268487124
2025-08-15,2025,8,LATO,22.784245008034503,49.954551863058015,19369.342116810156,1896.2301174401866
2025-08-15,2025,8,LATO,22.847127077922863,49.954551863058015,19385.51095194934,1885.9535324732476
2025-08-15,2025,8,LATO,22.910009147811238,49.954551863058015,20427.862442196416,1884.7851364055812
2025-08-15,2025,8,LATO,22.972891217699598,49.954551863058015,22353.301975925337,1886.0926078612677
2025-08-15,2025,8,LATO,22.59209702286995,49.63663973811673,22749.356013849407,1857.260382644373
2025-08-15,2025,8,LATO,22.654979092758325,49.63663973811673,19810.310951414824,1882.568349380695
2025-08-15,2025,8,LATO,22.717861162646685,49.63663973811673,17564.316563761597,1882.5683600052444
2025-08-15,2025,8,LATO,22.780743232535045,49.63663973811673,16300.41457677191,1882.5683564102985
2025-08-15,2025,8,LATO,22.84362530242342,49.63663973811673,16249.405361675697,1882.5683447848605
2025-08-15,2025,8,LATO,22.90650737231178,49.63663973811673,17421.94552425109,1882.568370402514
2025-08-15,2025,8,LATO,22.52921495298159,49.69952180800509,22510.259127914844,1861.2824572476886
2025-08-15,2025,8,LATO,22.59209702286995,49.69952180800509,18458.047580135986,1872.3385554435029
2025-08-15,2025,8,LATO,22.654979092758325,49.69952180800509,14689.306778990278,1895.3639469805119
2025-08-15,2025,8,LATO,22.717861162646685,49.69952180800509,11486.536490626851,1896.2231359387272
2025-08-15,2025,8,LATO,22.780743232535045,49.69952180800509,9444.252710287055,1897.0534667969116
2025-08-15,2025,8,LATO,22.84362530242342,49.69952180800509,9356.051921678389,1897.0531756103298
2025-08-15,2025,8,LATO,22.90650737231178,49.69952180800509,11267.914548674342,1896.8829015060455
2025-08-15,2025,8,LATO,22.52921495298159,49.76240387789346,20675.941557456,1868.0976414091153
2025-08-15,2025,8,LATO,22.59209702286995,49.76240387789346,16177.040885910497,1880.3707035089794
2025-08-15,2025,8,LATO,22.654979092758325,49.76240387789346,11701.884510076845,1888.9251472226465
2025-08-15,2025,8,LATO,22.717861162646685,49.76240387789346,7294.312554399394,1888.584974577958
2025-08-15,2025,8,LATO,22.780743232535045,49.76240387789346,3242.746274651169,1887.8777854465743
2025-08-15,2025,8,LATO,22.84362530242342,49.76240387789346,2976.463421841489,1887.1831062413946
2025-08-15,2025,8,LATO,22.90650737231178,49.76240387789346,6945.4144482437805,1886.8318100176107
2025-08-15,2025,8,LATO,22.52921495298159,49.82528594778182,21121.331395592428,1866.9120667836582
2025-08-15,2025,8,LATO,22.59209702286995,49.82528594778182,16748.94812801659,1882.063311244955
2025-08-15,2025,8,LATO,22.654979092758325,49.82528594778182,12487.039456298053,1890.2013032917525
2025-08-15,2025,8,LATO,22.717861162646685,49.82528594778182,8503.376612283444,1891.1567678643441
2025-08-15,2025,8,LATO,22.780743232535045,49.82528594778182,5447.121702081889,1893.076799593302
2025-08-15,2025,8,LATO,22.84362530242342,49.82528594778182,5293.128995305946,1894.9582603978297
2025-08-15,2025,8,LATO,22.90650737231178,49.82528594778182,8206.43848078303,1895.9182724853886
2025-08-15,2025,8,LATO,22.52921495298159,49.888168017670196,23718.417956339716,1887.401460691153
2025-08-15,2025,8,LATO,22.59209702286995,49.888168017670196,19929.745177140274,1894.1549800410228
2025-08-15,2025,8,LATO,22.654979092758325,49.888168017670196,16515.305930700317,1894.2788085936797
2025-08-15,2025,8,LATO,22.717861162646685,49.888168017670196,13756.642335887627,1894.2788085937786
2025-08-15,2025,8,LATO,22.780743232535045,49.888168017670196,12110.505823362373,1894.375110993331
2025-08-15,2025,8,LATO,22.84362530242342,49.888168017670196,12042.116856275741,1894.631079448566
2025-08-15,2025,8,LATO,22.90650737231178,49.888168017670196,13575.340764207112,1894.7581978951368
2025-08-15,2025,8,LATO,22.59209702286995,49.951050087558556,24732.62580440931,1895.8919721112247
2025-08-15,2025,8,LATO,22.654979092758325,49.951050087558556,22077.708914027855,1896.1454367105398
2025-08-15,2025,8,LATO,22.717861162646685,49.951050087558556,20100.34191993483,1896.273416925474
2025-08-15,2025,8,LATO,22.780743232535045,49.951050087558556,19013.10719544839,1896.4279785156614
2025-08-15,2025,8,LATO,22.84362530242342,49.951050087558556,18969.676282499662,1896.4279785155957
2025-08-15,2025,8,LATO,22.90650737231178,49.951050087558556,19976.85807179107,1896.3275174995229
2025-08-16,2025,8,LATO,22.787746783533954,49.57725944372781,22802.806784205386,1906.234400389963
2025-08-16,2025,8,LATO,22.85062885342232,49.57725944372781,22866.86170239709,1898.6051490119526
2025-08-16,2025,8,LATO,22.91351092331069,49.57725944372781,23811.97409765653,1893.1381297711634
2025-08-16,2025,8,LATO,22.599100573868853,49.64014151361617,22116.672890423062,1855.4276083231614
2025-08-16,2025,8,LATO,22.66198264375722,49.64014151361617,19200.34521697126,1855.4276154818897
2025-08-16,2025,8,LATO,22.724864713645587,49.64014151361617,17008.7600886529,1911.9456726706408
2025-08-16,2025,8,LATO,22.787746783533954,49.64014151361617,15845.539573045135,1908.037563745284
2025-08-16,2025,8,LATO,22.85062885342232,49.64014151361617,15937.463035133447,1905.5163004610988
2025-08-16,2025,8,LATO,22.91351092331069,49.64014151361617,17264.493785833045,1905.8870799301717
2025-08-16,2025,8,LATO,22.976392993199056,49.64014151361617,19577.061179141197,1905.575954238689
2025-08-16,2025,8,LATO,23.039275063087423,49.64014151361617,22574.28914999624,1900.060087997216
2025-08-16,2025,8,LATO,22.536218503980486,49.703023583504546,21890.78370889809,1855.873732779135
2025-08-16,2025,8,LATO,22.599100573868853,49.703023583504546,17826.441743989133,1855.6997987358072
2025-08-16,2025,8,LATO,22.66198264375722,49.703023583504546,14051.446688060518,1855.427611201666
2025-08-16,2025,8,LATO,22.724864713645587,49.703023583504546,10871.51830374456,1913.5327002895278
2025-08-16,2025,8,LATO,22.787746783533954,49.703023583504546,8945.519032962426,1914.0853271484743
2025-08-16,2025,8,LATO,22.85062885342232,49.703023583504546,9107.148301808795,1908.4936061276064
2025-08-16,2025,8,LATO,22.91351092331069,49.703023583504546,11266.918823389366,1905.5438835974628
2025-08-16,2025,8,LATO,22.976392993199056,49.703023583504546,14561.333209871907,1905.8440037782461
2025-08-16,2025,8,LATO,23.039275063087423,49.703023583504546,18390.405207042757,1905.893478076945
2025-08-16,2025,8,LATO,23.10215713297579,49.703023583504546,22482.595036996194,1905.633279961413
2025-08-16,2025,8,LATO,22.599100573868853,49.765905653392906,15628.429923101376,1855.8872652254142
2025-08-16,2025,8,LATO,22.66198264375722,49.765905653392906,11138.41491782244,1900.4143645918284
2025-08-16,2025,8,LATO,22.724864713645587,49.765905653392906,6701.734753036744,1911.5005637377117
2025-08-16,2025,8,LATO,22.787746783533954,49.765905653392906,2606.677978394436,1911.6262444639328
2025-08-16,2025,8,LATO,22.85062885342232,49.765905653392906,3115.904004449003,1912.1462162518937
2025-08-16,2025,8,LATO,22.91351092331069,49.765905653392906,7324.992758829133,1913.279682271342
2025-08-16,2025,8,LATO,22.976392993199056,49.765905653392906,11774.325067524063,1903.467269321259
2025-08-16,2025,8,LATO,23.039275063087423,49.765905653392906,16267.957126843003,1899.4430512547021
2025-08-16,2025,8,LATO,23.10215713297579,49.765905653392906,20777.163542255905,1901.1022589023587
2025-08-16,2025,8,LATO,22.66198264375722,49.82878772328128,12186.848884949166,1911.4166586062227
2025-08-16,2025,8,LATO,22.724864713645587,49.82878772328128,8334.909506155102,1911.4166227318376
2025-08-16,2025,8,LATO,22.787746783533954,49.82878772328128,5603.718360422836,1911.4168051814675
2025-08-16,2025,8,LATO,22.85062885342232,49.82878772328128,5857.641446856119,1911.6124297648403
2025-08-16,2025,8,LATO,22.91351092331069,49.82878772328128,8843.170503844822,1911.6820818783106
2025-08-16,2025,8,LATO,22.976392993199056,49.82878772328128,12769.920574218599,1898.0806392456768
2025-08-16,2025,8,LATO,23.039275063087423,49.82878772328128,16997.63190947467,1897.6665369442987
2025-08-16,2025,8,LATO,23.10215713297579,49.82878772328128,21348.241564267842,1899.2284989415782
2025-08-16,2025,8,LATO,22.85062885342232,49.89166979316964,12520.093430716617,1906.500789499116
2025-08-16,2025,8,LATO,22.91351092331069,49.89166979316964,14162.817171179935,1904.7839001719838
2025-08-16,2025,8,LATO,22.976392993199056,49.89166979316964,16892.138472518378,1906.1322132869545
2025-08-16,2025,8,LATO,23.039275063087423,49.89166979316964,20273.86551387971,1902.1047335796607
2025-08-16,2025,8,LATO,23.10215713297579,49.89166979316964,24034.16604271177,1898.6955709792887
2025-08-16,2025,8,LATO,22.85062885342232,49.954551863058015,19417.37291141194,1896.0585126287976
2025-08-16,2025,8,LATO,22.91351092331069,49.954551863058015,20513.654779173983,1894.9714355469075
2025-08-16,2025,8,LATO,22.976392993199056,49.954551863058015,22482.40904732688,1903.6454597834284
2025-08-16,2025,8,LATO,22.717861162646685,49.57375766822835,24143.276656056547,1883.573369645257
2025-08-16,2025,8,LATO,22.780743232535045,49.57375766822835,23238.782273116238,1884.6816983290455
2025-08-16,2025,8,LATO,22.84362530242342,49.57375766822835,23202.985203146505,1885.6650695004437
2025-08-16,2025,8,LATO,22.90650737231178,49.57375766822835,24039.766347064506,1885.6533362506743
2025-08-16,2025,8,LATO,22.59209702286995,49.63663973811673,22749.356013849407,1886.542418135862
2025-08-16,2025,8,LATO,22.654979092758325,49.63663973811673,19810.310951414824,1886.572788577945
2025-08-16,2025,8,LATO,22.717861162646685,49.63663973811673,17564.316563761597,1886.5884471117688
2025-08-16,2025,8,LATO,22.780743232535045,49.63663973811673,16300.41457677191,1885.073586192829
2025-08-16,2025,8,LATO,22.84362530242342,49.63663973811673,16249.405361675697,1884.8557486035318
2025-08-16,2025,8,LATO,22.90650737231178,49.63663973811673,17421.94552425109,1884.8636164344582
2025-08-16,2025,8,LATO,22.969389442200153,49.63663973811673,19599.660421833694,1889.4204629279975
2025-08-16,2025,8,LATO,23.032271512088514,49.63663973811673,22492.460203715123,1896.8163735615412
2025-08-16,2025,8,LATO,22.52921495298159,49.69952180800509,22510.259127914844,1893.975020118281
2025-08-16,2025,8,LATO,22.59209702286995,49.69952180800509,18458.047580135986,1903.401977538996
2025-08-16,2025,8,LATO,22.654979092758325,49.69952180800509,14689.306778990278,1903.401977539
2025-08-16,2025,8,LATO,22.717861162646685,49.69952180800509,11486.536490626851,1903.4019775391323
2025-08-16,2025,8,LATO,22.780743232535045,49.69952180800509,9444.252710287055,1908.527465820349
2025-08-16,2025,8,LATO,22.84362530242342,49.69952180800509,9356.051921678389,1908.5274658202827
2025-08-16,2025,8,LATO,22.90650737231178,49.69952180800509,11267.914548674342,1908.5274658203452
2025-08-16,2025,8,LATO,22.969389442200153,49.69952180800509,14404.328641532245,1901.907228710315
2025-08-16,2025,8,LATO,23.032271512088514,49.69952180800509,18140.89441277294,1900.420288085908
2025-08-16,2025,8,LATO,23.095153581976888,49.69952180800509,22176.291067084392,1900.4202880859702
2025-08-16,2025,8,LATO,22.52921495298159,49.76240387789346,20675.941557456,1894.5154887734304
2025-08-16,2025,8,LATO,22.59209702286995,49.76240387789346,16177.040885910497,1894.9497135193242
2025-08-16,2025,8,LATO,22.654979092758325,49.76240387789346,11701.884510076845,1894.9311605292285
2025-08-16,2025,8,LATO,22.717861162646685,49.76240387789346,7294.312554399394,1894.9218998409233
2025-08-16,2025,8,LATO,22.780743232535045,49.76240387789346,3242.746274651169,1900.143371881754
2025-08-16,2025,8,LATO,22.84362530242342,49.76240387789346,2976.463421841489,1900.177878543668
2025-08-16,2025,8,LATO,22.90650737231178,49.76240387789346,6945.4144482437805,1900.1951354574894
2025-08-16,2025,8,LATO,22.969389442200153,49.76240387789346,11342.563564434879,1893.9943858062852
2025-08-16,2025,8,LATO,23.032271512088514,49.76240387789346,15814.68197159037,1893.8732083588798
2025-08-16,2025,8,LATO,23.095153581976888,49.76240387789346,20312.310267644792,1893.6308534642803
2025-08-16,2025,8,LATO,23.158035651865248,49.76240387789346,24821.582978122697,1893.509676016946
2025-08-16,2025,8,LATO,22.52921495298159,49.82528594778182,21121.331395592428,1896.11428266092
2025-08-16,2025,8,LATO,22.59209702286995,49.82528594778182,16748.94812801659,1896.130994728829
2025-08-16,2025,8,LATO,22.654979092758325,49.82528594778182,12487.039456298053,1896.1644331419216
2025-08-16,2025,8,LATO,22.717861162646685,49.82528594778182,8503.376612283444,1896.1811594888215
2025-08-16,2025,8,LATO,22.780743232535045,49.82528594778182,5447.121702081889,1904.9664601776753
2025-08-16,2025,8,LATO,22.84362530242342,49.82528594778182,5293.128995305946,1905.0524982221339
2025-08-16,2025,8,LATO,22.90650737231178,49.82528594778182,8206.43848078303,1905.0955172443341
2025-08-16,2025,8,LATO,22.969389442200153,49.82528594778182,12151.39979284853,1891.727466702559
2025-08-16,2025,8,LATO,23.032271512088514,49.82528594778182,16399.688337069696,1891.7924384381479
2025-08-16,2025,8,LATO,23.095153581976888,49.82528594778182,20765.96528944484,1891.9223606438175
2025-08-16,2025,8,LATO,22.52921495298159,49.888168017670196,23718.417956339716,1908.9372558594036
2025-08-16,2025,8,LATO,22.59209702286995,49.888168017670196,19929.745177140274,1908.9372558593998
2025-08-16,2025,8,LATO,22.654979092758325,49.888168017670196,16515.305930700317,1908.9372558593043
2025-08-16,2025,8,LATO,22.717861162646685,49.888168017670196,13756.642335887627,1907.4748365266157
2025-08-16,2025,8,LATO,22.780743232535045,49.888168017670196,12110.505823362373,1904.1699218749295
2025-08-16,2025,8,LATO,22.84362530242342,49.888168017670196,12042.116856275741,1904.1699218750286
2025-08-16,2025,8,LATO,22.90650737231178,49.888168017670196,13575.340764207112,1904.1699218750246
2025-08-16,2025,8,LATO,22.969389442200153,49.888168017670196,16263.34618889954,1891.0771484375282
2025-08-16,2025,8,LATO,23.032271512088514,49.888168017670196,19637.52216772455,1891.0771484375282
2025-08-16,2025,8,LATO,23.095153581976888,49.888168017670196,23402.934199081843,1891.0942621476854
2025-08-16,2025,8,LATO,22.59209702286995,49.951050087558556,24732.62580440931,1905.5264340195827
2025-08-16,2025,8,LATO,22.654979092758325,49.951050087558556,22077.708914027855,1905.5111357454073
2025-08-16,2025,8,LATO,22.717861162646685,49.951050087558556,20100.34191993483,1906.2709456242926
2025-08-16,2025,8,LATO,22.780743232535045,49.951050087558556,19013.10719544839,1906.9183016636475
2025-08-16,2025,8,LATO,22.84362530242342,49.951050087558556,18969.676282499662,1906.946885910787
2025-08-16,2025,8,LATO,22.90650737231178,49.951050087558556,19976.85807179107,1906.6681646676868
2025-08-16,2025,8,LATO,22.969389442200153,49.951050087558556,21890.113625194503,1903.5366700483537
2025-08-16,2025,8,LATO,23.032271512088514,49.951050087558556,24498.06830786874,1903.6360906853752
2025-08-28,2025,8,LATO,22.721362938146143,49.57725944372781,23697.5898107481,1897.2276089730753
2025-08-28,2025,8,LATO,22.784245008034503,49.57725944372781,22825.772528221212,1897.227655519549
2025-08-28,2025,8,LATO,22.910009147811238,49.57725944372781,23737.528821185646,1913.1221253177432
2025-08-28,2025,8,LATO,22.59559879836941,49.64014151361617,22294.98905424956,1860.7702168779572
2025-08-28,2025,8,LATO,22.65848086825777,49.64014151361617,19346.360042072225,1890.6745085682878
2025-08-28,2025,8,LATO,22.721362938146143,49.64014151361617,17106.588908797177,1906.3811202642255
2025-08-28,2025,8,LATO,22.784245008034503,49.64014151361617,15878.528602308194,1906.385855058127
2025-08-28,2025,8,LATO,22.910009147811238,49.64014151361617,17161.80236162699,1913.8116535142944
2025-08-28,2025,8,LATO,22.972891217699598,49.64014151361617,19427.689326518714,1912.8192138671911
2025-08-28,2025,8,LATO,23.035773287587972,49.64014151361617,22393.780214513983,1898.2642415754676
2025-08-28,2025,8,LATO,22.532716728481034,49.703023583504546,22122.465906806905,1863.0051749435393
2025-08-28,2025,8,LATO,22.59559879836941,49.703023583504546,18046.915138960532,1855.8238569431098
2025-08-28,2025,8,LATO,22.65848086825777,49.703023583504546,14250.063235972633,1890.0105917697435
2025-08-28,2025,8,LATO,22.721362938146143,49.703023583504546,11023.750752286034,1900.9579443795342
2025-08-28,2025,8,LATO,22.784245008034503,49.703023583504546,9003.74969105232,1906.358511985219
2025-08-28,2025,8,LATO,22.847127077922863,49.703023583504546,9038.66068024557,1923.2585256309787
2025-08-28,2025,8,LATO,22.910009147811238,49.703023583504546,11109.12789583884,1923.2392979832955
2025-08-28,2025,8,LATO,22.972891217699598,49.703023583504546,14360.143110542414,1921.3922053142578
2025-08-28,2025,8,LATO,23.035773287587972,49.703023583504546,18168.663048577168,1900.7112881683584
2025-08-28,2025,8,LATO,23.098655357476332,49.703023583504546,22250.223097835118,1895.0908515201709
2025-08-28,2025,8,LATO,22.469834658592674,49.765905653392906,24903.43217975922,1880.1624825685592
2025-08-28,2025,8,LATO,22.532716728481034,49.765905653392906,20387.43944261555,1830.257625966068
2025-08-28,2025,8,LATO,22.59559879836941,49.765905653392906,15879.128789225302,1826.181243006361
2025-08-28,2025,8,LATO,22.65848086825777,49.765905653392906,11387.63283000417,1884.9139404296334
2025-08-28,2025,8,LATO,22.721362938146143,49.765905653392906,6945.655089638345,1882.6142257005572
2025-08-28,2025,8,LATO,22.847127077922863,49.765905653392906,2909.9299496572144,1913.002690718936
2025-08-28,2025,8,LATO,22.910009147811238,49.765905653392906,7080.207037852592,1913.002691292886
2025-08-28,2025,8,LATO,22.972891217699598,49.765905653392906,11524.908902168252,1906.2875488640946
2025-08-28,2025,8,LATO,23.035773287587972,49.765905653392906,16017.184810434974,1900.6097460594701
2025-08-28,2025,8,LATO,23.098655357476332,49.765905653392906,20525.820239153934,1907.9213077545494
2025-08-28,2025,8,LATO,22.532716728481034,49.82878772328128,20969.629003077862,1864.2884521484978
2025-08-28,2025,8,LATO,22.59559879836941,49.82878772328128,16626.36365896378,1865.2641099245911
2025-08-28,2025,8,LATO,22.65848086825777,49.82878772328128,12414.745842026043,1888.3823377165272
2025-08-28,2025,8,LATO,22.721362938146143,49.82878772328128,8532.01505542116,1887.0714958484243
2025-08-28,2025,8,LATO,23.098655357476332,49.82878772328128,21104.019131336558,1911.6028590988408
2025-08-28,2025,8,LATO,22.532716728481034,49.89166979316964,23698.94177557943,1891.8800692383766
2025-08-28,2025,8,LATO,22.59559879836941,49.89166979316964,19964.02510849638,1907.3391188779553
2025-08-28,2025,8,LATO,22.65848086825777,49.89166979316964,16625.61277503751,1916.600590331586
2025-08-28,2025,8,LATO,23.098655357476332,49.89166979316964,23817.78306999105,1896.2008080171545
2025-08-28,2025,8,LATO,22.65848086825777,49.954551863058015,22283.110131735197,1914.1688889012669
2025-08-28,2025,8,LATO,22.784245008034503,49.954551863058015,19369.342116810156,1920.4104366989584
2025-08-28,2025,8,LATO,22.847127077922863,49.954551863058015,19385.51095194934,1920.410402947215
2025-08-28,2025,8,LATO,22.910009147811238,49.954551863058015,20427.862442196416,1920.120147604305
2025-08-28,2025,8,LATO,22.972891217699598,49.954551863058015,22353.301975925337,1911.6538128729587
2026-01-21,2026,1,ZIMA,22.724864713645587,49.566754117229465,24752.783206761585,1905.7172848594696
2026-01-21,2026,1,ZIMA,22.787746783533954,49.566754117229465,23967.186977308855,1905.7172636165822
2026-01-21,2026,1,ZIMA,22.85062885342232,49.566754117229465,24028.151135531105,1896.9956022900317
2026-01-21,2026,1,ZIMA,22.599100573868853,49.629636187117825,22963.301755397424,1905.7384224319785
2026-01-21,2026,1,ZIMA,22.66198264375722,49.629636187117825,20169.11904416078,1903.9771777213448
2026-01-21,2026,1,ZIMA,22.724864713645587,49.629636187117825,18094.777332191716,1908.4999557848116
2026-01-21,2026,1,ZIMA,22.787746783533954,49.629636187117825,17005.76224850862,1906.247462418468
2026-01-21,2026,1,ZIMA,22.85062885342232,49.629636187117825,17091.465183376207,1904.671033874425
2026-01-21,2026,1,ZIMA,22.91351092331069,49.629636187117825,18335.42138522613,1902.0077582689212
2026-01-21,2026,1,ZIMA,22.976392993199056,49.629636187117825,20528.140951085068,1896.995519028118
2026-01-21,2026,1,ZIMA,22.536218503980486,49.692518257006185,22384.446790565144,1915.705208884265
2026-01-21,2026,1,ZIMA,22.599100573868853,49.692518257006185,18428.35525134843,1915.7051823360714
2026-01-21,2026,1,ZIMA,22.66198264375722,49.692518257006185,14806.737802619722,1921.4748993112362
2026-01-21,2026,1,ZIMA,22.724864713645587,49.692518257006185,11830.857367171235,1922.9535669683903
2026-01-21,2026,1,ZIMA,22.787746783533954,49.692518257006185,10089.270140858978,1919.547510514402
2026-01-21,2026,1,ZIMA,22.85062885342232,49.692518257006185,10232.880345506388,1917.3963555439614
2026-01-21,2026,1,ZIMA,22.91351092331069,49.692518257006185,12195.270336398273,1917.3963453830147
2026-01-21,2026,1,ZIMA,22.536218503980486,49.755400326894545,20272.558931820447,1922.2519592028339
2026-01-21,2026,1,ZIMA,22.599100573868853,49.755400326894545,15802.716844306382,1922.2519448913495
2026-01-21,2026,1,ZIMA,22.66198264375722,49.755400326894545,11380.525206446437,1922.4937744139913
2026-01-21,2026,1,ZIMA,22.724864713645587,49.755400326894545,7095.647715192549,1922.9233332352587
2026-01-21,2026,1,ZIMA,22.787746783533954,49.755400326894545,3495.929909487817,1923.5170427930252
2026-01-21,2026,1,ZIMA,22.85062885342232,49.755400326894545,3890.5318058628714,1917.396402672953
2026-01-21,2026,1,ZIMA,22.91351092331069,49.755400326894545,7687.156469808377,1917.3963971186402
2026-01-21,2026,1,ZIMA,22.47333643409212,49.818282396782934,24914.916803164753,1907.1361656929116
2026-01-21,2026,1,ZIMA,22.536218503980486,49.818282396782934,20462.71773862223,1893.6096205576841
2026-01-21,2026,1,ZIMA,22.599100573868853,49.818282396782934,16052.433796956855,1902.2419993828203
2026-01-21,2026,1,ZIMA,22.66198264375722,49.818282396782934,11731.437921989378,1922.4276807847432
2026-01-21,2026,1,ZIMA,22.724864713645587,49.818282396782934,7652.511108291287,1929.9106664601481
2026-01-21,2026,1,ZIMA,22.536218503980486,49.881164466671294,22897.712523011167,1915.126120702511
2026-01-21,2026,1,ZIMA,22.599100573868853,49.881164466671294,19064.93842202844,1920.1321958599895
2026-01-21,2026,1,ZIMA,22.66198264375722,49.881164466671294,15606.845841084629,1919.8334395872516
2026-01-21,2026,1,ZIMA,23.10215713297579,49.881164466671294,23462.09200254341,1913.614390863154
2026-01-21,2026,1,ZIMA,22.66198264375722,49.944046536559654,21150.910380518395,1920.1321779075786
2026-01-21,2026,1,ZIMA,23.039275063087423,49.944046536559654,24236.894413827424,1913.6143221735033
2026-02-01,2026,2,ZIMA,22.668986194756126,49.818282396782934,11260.207883350295,1916.3335429084018
2026-02-01,2026,2,ZIMA,22.857632404421224,49.818282396782934,5124.013005619986,1929.340950882774
2026-02-01,2026,2,ZIMA,22.60610412486776,49.881164466671294,18657.2342735173,1920.6148009765768
2026-02-01,2026,2,ZIMA,22.668986194756126,49.881164466671294,15256.25598101692,1919.7110371735846
2026-02-01,2026,2,ZIMA,22.73186826464449,49.881164466671294,12583.700795204135,1916.8896760328053
2026-02-01,2026,2,ZIMA,22.794750334532857,49.881164466671294,11175.011060680648,1933.2776500776363
2026-02-01,2026,2,ZIMA,22.857632404421224,49.881164466671294,11504.225194953451,1936.2353554936287
2026-02-01,2026,2,ZIMA,22.92051447430959,49.881164466671294,13444.276202874242,1929.3409186737085
2026-02-01,2026,2,ZIMA,22.60610412486776,49.944046536559654,23489.227935689778,1920.6578316133275
2026-02-01,2026,2,ZIMA,22.668986194756126,49.944046536559654,20893.893703687518,1920.6578579174272
2026-02-01,2026,2,ZIMA,22.73186826464449,49.944046536559654,19032.807114747964,1921.5286477560537
2026-02-01,2026,2,ZIMA,22.794750334532857,49.944046536559654,18133.466014703823,1927.418797555853
2026-02-01,2026,2,ZIMA,22.857632404421224,49.944046536559654,18337.917441995833,1938.9516711164447
2026-02-17,2026,2,ZIMA,22.73186826464449,49.881164466671294,12583.700795204135,1985.4783678966255
2026-02-17,2026,2,ZIMA,22.857632404421224,49.881164466671294,11504.225194953451,1949.7145405734436
2026-02-17,2026,2,ZIMA,22.92051447430959,49.881164466671294,13444.276202874242,1950.9251676316496
2026-02-17,2026,2,ZIMA,22.98339654419796,49.881164466671294,16434.26726118871,1944.8969229525367
2026-02-17,2026,2,ZIMA,23.046278614086322,49.881164466671294,20008.920984734334,1928.7146537780359
2026-02-17,2026,2,ZIMA,23.10916068397469,49.881164466671294,23907.400258968875,1929.021351026515
2026-02-17,2026,2,ZIMA,22.668986194756126,49.944046536559654,20893.893703687518,1985.4784122082565
2026-02-17,2026,2,ZIMA,22.73186826464449,49.944046536559654,19032.807114747964,1985.4783929869045
2026-02-17,2026,2,ZIMA,22.794750334532857,49.944046536559654,18133.466014703823,1985.4784011370302
2026-02-17,2026,2,ZIMA,22.857632404421224,49.944046536559654,18337.917441995833,1948.4075453805654
2026-02-17,2026,2,ZIMA,22.92051447430959,49.944046536559654,19611.67139609482,1948.7169612390746
2026-02-17,2026,2,ZIMA,22.98339654419796,49.944046536559654,21767.82095314391,1938.3014930494685
2026-02-17,2026,2,ZIMA,23.046278614086322,49.944046536559654,24575.198885019752,1927.334228515662
2026-02-26,2026,2,ZIMA,22.73186826464449,49.566754117229465,24625.162439086525,1884.003538279649
2026-02-26,2026,2,ZIMA,22.794750334532857,49.566754117229465,23931.425303122436,1885.5055600249314
2026-02-26,2026,2,ZIMA,22.857632404421224,49.566754117229465,24087.918656515034,1892.010474612596
2026-02-26,2026,2,ZIMA,22.60610412486776,49.629636187117825,22624.190624154453,1880.1087385376654
2026-02-26,2026,2,ZIMA,22.668986194756126,49.629636187117825,19897.662582212422,1878.9723589990663
2026-02-26,2026,2,ZIMA,22.73186826464449,49.629636187117825,17920.028331001893,1877.922241210937
2026-02-26,2026,2,ZIMA,22.794750334532857,49.629636187117825,16955.389057071137,1878.561872825051
2026-02-26,2026,2,ZIMA,22.857632404421224,49.629636187117825,17175.280556231522,1899.321606430213
2026-02-26,2026,2,ZIMA,22.92051447430959,49.629636187117825,18537.599130204857,1887.4178080376337
2026-02-26,2026,2,ZIMA,22.98339654419796,49.629636187117825,20819.277434833377,1887.5469185575093
2026-02-26,2026,2,ZIMA,23.046278614086322,49.629636187117825,23756.883535444897,1911.6481933593452
2026-02-26,2026,2,ZIMA,22.543222054979392,49.692518257006185,21932.788399926114,1874.7471514020579
2026-02-26,2026,2,ZIMA,22.60610412486776,49.692518257006185,18004.58127120856,1878.3645019531937
2026-02-26,2026,2,ZIMA,22.668986194756126,49.692518257006185,14435.272366544037,1877.1003637328406
2026-02-26,2026,2,ZIMA,22.73186826464449,49.692518257006185,11562.168138112624,1877.194600858635
2026-02-26,2026,2,ZIMA,22.794750334532857,49.692518257006185,10004.241321725396,1894.8699458251867
2026-02-26,2026,2,ZIMA,22.857632404421224,49.692518257006185,10372.088566275866,1895.4691869583855
2026-02-26,2026,2,ZIMA,22.92051447430959,49.692518257006185,12496.796907081667,1887.8139648437866
2026-02-26,2026,2,ZIMA,22.98339654419796,49.692518257006185,15679.736994618235,1904.4074106222215
2026-02-26,2026,2,ZIMA,23.046278614086322,49.692518257006185,19407.030795445455,1914.0893697883066
2026-02-26,2026,2,ZIMA,23.10916068397469,49.692518257006185,23420.202641510772,1893.2401659824081
2026-02-26,2026,2,ZIMA,22.480339985091025,49.755400326894545,24263.288966442815,1885.0346429195774
2026-02-26,2026,2,ZIMA,22.543222054979392,49.755400326894545,19773.371791734648,1882.7236706157141
2026-02-26,2026,2,ZIMA,22.60610412486776,49.755400326894545,15307.071991672923,1878.9499361417104
2026-02-26,2026,2,ZIMA,22.668986194756126,49.755400326894545,10893.482693503986,1877.843927870357
2026-02-26,2026,2,ZIMA,22.73186826464449,49.755400326894545,6638.588268421608,1880.8130666800705
2026-02-26,2026,2,ZIMA,22.794750334532857,49.755400326894545,3242.7147797909784,1902.3791153232721
2026-02-26,2026,2,ZIMA,22.857632404421224,49.755400326894545,4242.750117470005,1895.7844156988847
2026-02-26,2026,2,ZIMA,22.92051447430959,49.755400326894545,8156.47590057038,1891.498587767846
2026-02-26,2026,2,ZIMA,22.98339654419796,49.755400326894545,12493.86630456317,1914.9211478133545
2026-02-26,2026,2,ZIMA,23.046278614086322,49.755400326894545,16932.41386754635,1907.2502201499906
2026-02-26,2026,2,ZIMA,23.10916068397469,49.755400326894545,21409.293252281375,1889.3548548728197
2026-02-26,2026,2,ZIMA,22.480339985091025,49.818282396782934,24417.687156783137,1880.3922408578392
2026-02-26,2026,2,ZIMA,22.543222054979392,49.818282396782934,19968.932465393333,1878.2057021433031
2026-02-26,2026,2,ZIMA,22.60610412486776,49.818282396782934,15565.383751527352,1883.1973784981062
2026-02-26,2026,2,ZIMA,22.668986194756126,49.818282396782934,11260.207883350295,1882.3686797110386
2026-02-26,2026,2,ZIMA,22.73186826464449,49.818282396782934,7231.299147808723,1901.6692443261015
2026-02-26,2026,2,ZIMA,22.794750334532857,49.818282396782934,4333.529104672702,1902.4810590076274
2026-02-26,2026,2,ZIMA,22.857632404421224,49.818282396782934,5124.013005619986,1890.4934323590442
2026-02-26,2026,2,ZIMA,22.92051447430959,49.818282396782934,8644.065763073844,1889.9159649695134
2026-02-26,2026,2,ZIMA,23.046278614086322,49.818282396782934,17164.31095927946,1883.7773981233336
2026-02-26,2026,2,ZIMA,23.10916068397469,49.818282396782934,21588.022501435902,1883.7773515073877
2026-02-26,2026,2,ZIMA,22.543222054979392,49.881164466671294,22458.10700503757,1891.1700804376478
2026-02-26,2026,2,ZIMA,22.60610412486776,49.881164466671294,18657.2342735173,1881.0969271678205
2026-02-26,2026,2,ZIMA,22.668986194756126,49.881164466671294,15256.25598101692,1882.52381560452
2026-02-26,2026,2,ZIMA,22.73186826464449,49.881164466671294,12583.700795204135,1903.3971397023272
2026-02-26,2026,2,ZIMA,22.794750334532857,49.881164466671294,11175.011060680648,1899.161883572872
2026-02-26,2026,2,ZIMA,22.857632404421224,49.881164466671294,11504.225194953451,1891.1576078753765
2026-02-26,2026,2,ZIMA,22.60610412486776,49.944046536559654,23489.227935689778,1879.616023176614
2026-02-26,2026,2,ZIMA,22.668986194756126,49.944046536559654,20893.893703687518,1886.2563397399251
2026-02-26,2026,2,ZIMA,22.73186826464449,49.944046536559654,19032.807114747964,1903.3792593120756
2026-02-26,2026,2,ZIMA,22.794750334532857,49.944046536559654,18133.466014703823,1890.2395763442573
2026-02-26,2026,2,ZIMA,22.857632404421224,49.944046536559654,18337.917441995833,1886.6112043997014
2026-02-26,2026,2,ZIMA,22.92051447430959,49.944046536559654,19611.67139609482,1910.155503756857
2026-02-26,2026,2,ZIMA,22.98339654419796,49.944046536559654,21767.82095314391,1897.3941049216692
2026-02-26,2026,2,ZIMA,23.046278614086322,49.944046536559654,24575.198885019752,1880.5787589773274
2026-02-27,2026,2,ZIMA,22.73186826464449,49.566754117229465,24625.162439086525,1902.3284955955994
2026-02-27,2026,2,ZIMA,22.794750334532857,49.566754117229465,23931.425303122436,1891.1299092939673
2026-02-27,2026,2,ZIMA,22.857632404421224,49.566754117229465,24087.918656515034,1884.2646141774183
2026-02-27,2026,2,ZIMA,22.60610412486776,49.629636187117825,22624.190624154453,1870.6124113168314
2026-02-27,2026,2,ZIMA,22.668986194756126,49.629636187117825,19897.662582212422,1898.1850798583932
2026-02-27,2026,2,ZIMA,22.73186826464449,49.629636187117825,17920.028331001893,1887.3352430802258
2026-02-27,2026,2,ZIMA,22.794750334532857,49.629636187117825,16955.389057071137,1883.3966894173402
2026-02-27,2026,2,ZIMA,22.857632404421224,49.629636187117825,17175.280556231522,1886.78178895332
2026-02-27,2026,2,ZIMA,22.92051447430959,49.629636187117825,18537.599130204857,1896.322828205827
2026-02-27,2026,2,ZIMA,22.98339654419796,49.629636187117825,20819.277434833377,1895.7420175206876
2026-02-27,2026,2,ZIMA,23.046278614086322,49.629636187117825,23756.883535444897,1891.415423873076
2026-02-27,2026,2,ZIMA,22.543222054979392,49.692518257006185,21932.788399926114,1880.1224523540807
2026-02-27,2026,2,ZIMA,22.60610412486776,49.692518257006185,18004.58127120856,1891.1651720005425
2026-02-27,2026,2,ZIMA,22.668986194756126,49.692518257006185,14435.272366544037,1891.2861175087478
2026-02-27,2026,2,ZIMA,22.73186826464449,49.692518257006185,11562.168138112624,1888.0805777916748
2026-02-27,2026,2,ZIMA,22.794750334532857,49.692518257006185,10004.241321725396,1888.268955814578
2026-02-27,2026,2,ZIMA,22.857632404421224,49.692518257006185,10372.088566275866,1895.0440286690753
2026-02-27,2026,2,ZIMA,22.92051447430959,49.692518257006185,12496.796907081667,1898.0665183545418
2026-02-27,2026,2,ZIMA,22.98339654419796,49.692518257006185,15679.736994618235,1896.2155113198903
2026-02-27,2026,2,ZIMA,23.046278614086322,49.692518257006185,19407.030795445455,1894.0051897723538
2026-02-27,2026,2,ZIMA,23.10916068397469,49.692518257006185,23420.202641510772,1893.489995725851
2026-02-27,2026,2,ZIMA,22.480339985091025,49.755400326894545,24263.288966442815,1884.0988053206606
2026-02-27,2026,2,ZIMA,22.543222054979392,49.755400326894545,19773.371791734648,1884.026491815304
2026-02-27,2026,2,ZIMA,22.60610412486776,49.755400326894545,15307.071991672923,1899.3298162063213
2026-02-27,2026,2,ZIMA,22.668986194756126,49.755400326894545,10893.482693503986,1897.3193276789536
2026-02-27,2026,2,ZIMA,22.73186826464449,49.755400326894545,6638.588268421608,1888.3544966891664
2026-02-27,2026,2,ZIMA,22.794750334532857,49.755400326894545,3242.7147797909784,1887.4939895942982
2026-02-27,2026,2,ZIMA,22.857632404421224,49.755400326894545,4242.750117470005,1895.2905162431139
2026-02-27,2026,2,ZIMA,22.92051447430959,49.755400326894545,8156.47590057038,1898.682281655939
2026-02-27,2026,2,ZIMA,22.98339654419796,49.755400326894545,12493.86630456317,1899.6965281976475
2026-02-27,2026,2,ZIMA,23.046278614086322,49.755400326894545,16932.41386754635,1892.0155238222549
2026-02-27,2026,2,ZIMA,23.10916068397469,49.755400326894545,21409.293252281375,1892.1131525107826
2026-02-27,2026,2,ZIMA,22.480339985091025,49.818282396782934,24417.687156783137,1881.1464898050872
2026-02-27,2026,2,ZIMA,22.543222054979392,49.818282396782934,19968.932465393333,1895.4702937244283
2026-02-27,2026,2,ZIMA,22.60610412486776,49.818282396782934,15565.383751527352,1900.487713605961
2026-02-27,2026,2,ZIMA,22.668986194756126,49.818282396782934,11260.207883350295,1899.5561751623502
2026-02-27,2026,2,ZIMA,22.73186826464449,49.818282396782934,7231.299147808723,1898.2297304176514
2026-02-27,2026,2,ZIMA,22.794750334532857,49.818282396782934,4333.529104672702,1902.5576563521936
2026-02-27,2026,2,ZIMA,22.857632404421224,49.818282396782934,5124.013005619986,1899.296887798294
2026-02-27,2026,2,ZIMA,23.10916068397469,49.818282396782934,21588.022501435902,1902.8651270142534
2026-02-27,2026,2,ZIMA,22.543222054979392,49.881164466671294,22458.10700503757,1908.1112623521394
2026-02-27,2026,2,ZIMA,22.60610412486776,49.881164466671294,18657.2342735173,1897.358207539923
2026-02-27,2026,2,ZIMA,22.668986194756126,49.881164466671294,15256.25598101692,1895.8362481288234
2026-02-27,2026,2,ZIMA,22.73186826464449,49.881164466671294,12583.700795204135,1907.1380425392888
2026-02-27,2026,2,ZIMA,22.794750334532857,49.881164466671294,11175.011060680648,1909.0429687499293
2026-02-27,2026,2,ZIMA,22.857632404421224,49.881164466671294,11504.225194953451,1908.4423302862956
2026-02-27,2026,2,ZIMA,22.60610412486776,49.944046536559654,23489.227935689778,1892.5501999786052
2026-02-27,2026,2,ZIMA,22.668986194756126,49.944046536559654,20893.893703687518,1893.5885075603287
2026-02-27,2026,2,ZIMA,22.73186826464449,49.944046536559654,19032.807114747964,1905.9325615168816
2026-02-27,2026,2,ZIMA,22.794750334532857,49.944046536559654,18133.466014703823,1906.3847634485132
2026-02-27,2026,2,ZIMA,22.857632404421224,49.944046536559654,18337.917441995833,1899.702035165639
2026-02-28,2026,2,ZIMA,22.73186826464449,49.566754117229465,24625.162439086525,1876.6967371709284
2026-02-28,2026,2,ZIMA,22.794750334532857,49.566754117229465,23931.425303122436,1883.5563753652852
2026-02-28,2026,2,ZIMA,22.857632404421224,49.566754117229465,24087.918656515034,1886.7849358556798
2026-02-28,2026,2,ZIMA,22.60610412486776,49.629636187117825,22624.190624154453,1870.5898293546177
2026-02-28,2026,2,ZIMA,22.668986194756126,49.629636187117825,19897.662582212422,1870.5898271754995
2026-02-28,2026,2,ZIMA,22.73186826464449,49.629636187117825,17920.028331001893,1882.12228403442
2026-02-28,2026,2,ZIMA,22.794750334532857,49.629636187117825,16955.389057071137,1886.0563580244875
2026-02-28,2026,2,ZIMA,22.857632404421224,49.629636187117825,17175.280556231522,1886.0510778360958
2026-02-28,2026,2,ZIMA,22.92051447430959,49.629636187117825,18537.599130204857,1901.6793428132262
2026-02-28,2026,2,ZIMA,22.98339654419796,49.629636187117825,20819.277434833377,1903.9224853515661
2026-02-28,2026,2,ZIMA,23.046278614086322,49.629636187117825,23756.883535444897,1904.587903735843
2026-02-28,2026,2,ZIMA,22.543222054979392,49.692518257006185,21932.788399926114,1868.7456796760978
2026-02-28,2026,2,ZIMA,22.60610412486776,49.692518257006185,18004.58127120856,1869.1281094578799
2026-02-28,2026,2,ZIMA,22.668986194756126,49.692518257006185,14435.272366544037,1869.8400634551024
2026-02-28,2026,2,ZIMA,22.73186826464449,49.692518257006185,11562.168138112624,1889.3081233239595
2026-02-28,2026,2,ZIMA,22.794750334532857,49.692518257006185,10004.241321725396,1888.5995535585048
2026-02-28,2026,2,ZIMA,22.857632404421224,49.692518257006185,10372.088566275866,1888.7675819223325
2026-02-28,2026,2,ZIMA,22.92051447430959,49.692518257006185,12496.796907081667,1894.2914311078218
2026-02-28,2026,2,ZIMA,22.98339654419796,49.692518257006185,15679.736994618235,1895.4371324257284
2026-02-28,2026,2,ZIMA,23.046278614086322,49.692518257006185,19407.030795445455,1888.2299089293783
2026-02-28,2026,2,ZIMA,23.10916068397469,49.692518257006185,23420.202641510772,1888.0579806044764
2026-02-28,2026,2,ZIMA,22.480339985091025,49.755400326894545,24263.288966442815,1866.3825754363943
2026-02-28,2026,2,ZIMA,22.543222054979392,49.755400326894545,19773.371791734648,1869.2331399257587
2026-02-28,2026,2,ZIMA,22.60610412486776,49.755400326894545,15307.071991672923,1868.835975773507
2026-02-28,2026,2,ZIMA,22.668986194756126,49.755400326894545,10893.482693503986,1875.011525163946
2026-02-28,2026,2,ZIMA,22.73186826464449,49.755400326894545,6638.588268421608,1889.6237194297344
2026-02-28,2026,2,ZIMA,22.794750334532857,49.755400326894545,3242.7147797909784,1889.4645332990442
2026-02-28,2026,2,ZIMA,22.857632404421224,49.755400326894545,4242.750117470005,1890.6959189724766
2026-02-28,2026,2,ZIMA,22.92051447430959,49.755400326894545,8156.47590057038,1893.406496732866
2026-02-28,2026,2,ZIMA,22.98339654419796,49.755400326894545,12493.86630456317,1893.4064965427854
2026-02-28,2026,2,ZIMA,23.046278614086322,49.755400326894545,16932.41386754635,1886.24042248052
2026-02-28,2026,2,ZIMA,23.10916068397469,49.755400326894545,21409.293252281375,1886.9848481383717
2026-02-28,2026,2,ZIMA,22.480339985091025,49.818282396782934,24417.687156783137,1863.1778328960806
2026-02-28,2026,2,ZIMA,22.543222054979392,49.818282396782934,19968.932465393333,1860.520713799289
2026-02-28,2026,2,ZIMA,22.60610412486776,49.818282396782934,15565.383751527352,1876.1269449409274
2026-02-28,2026,2,ZIMA,22.668986194756126,49.818282396782934,11260.207883350295,1888.5807084333517
2026-02-28,2026,2,ZIMA,22.73186826464449,49.818282396782934,7231.299147808723,1890.7252197265213
2026-02-28,2026,2,ZIMA,22.794750334532857,49.818282396782934,4333.529104672702,1890.5773033863547
2026-02-28,2026,2,ZIMA,23.10916068397469,49.818282396782934,21588.022501435902,1885.4998583507868
2026-02-28,2026,2,ZIMA,22.543222054979392,49.881164466671294,22458.10700503757,1871.4730806592574
2026-02-28,2026,2,ZIMA,22.60610412486776,49.881164466671294,18657.2342735173,1880.5197334686982
2026-02-28,2026,2,ZIMA,22.668986194756126,49.881164466671294,15256.25598101692,1880.525281899822
2026-02-28,2026,2,ZIMA,22.73186826464449,49.881164466671294,12583.700795204135,1884.7755987365772
2026-02-28,2026,2,ZIMA,22.60610412486776,49.944046536559654,23489.227935689778,1882.8993873347035
2026-02-28,2026,2,ZIMA,22.668986194756126,49.944046536559654,20893.893703687518,1882.0535899152924
2026-02-28,2026,2,ZIMA,22.73186826464449,49.944046536559654,19032.807114747964,1880.4152788090296
2026-03-01,2026,3,ZIMA,22.857632404421224,49.566754117229465,24087.918656515034,1913.4841250951622
2026-03-01,2026,3,ZIMA,22.60610412486776,49.629636187117825,22624.190624154453,1897.0435169455836
2026-03-01,2026,3,ZIMA,22.857632404421224,49.629636187117825,17175.280556231522,1920.576187047161
2026-03-01,2026,3,ZIMA,22.92051447430959,49.629636187117825,18537.599130204857,1920.640456356104
2026-03-01,2026,3,ZIMA,22.98339654419796,49.629636187117825,20819.277434833377,1920.7105447739423
2026-03-01,2026,3,ZIMA,23.046278614086322,49.629636187117825,23756.883535444897,1920.7347473173998
2026-03-01,2026,3,ZIMA,22.543222054979392,49.692518257006185,21932.788399926114,1880.276757682681
2026-03-01,2026,3,ZIMA,22.60610412486776,49.692518257006185,18004.58127120856,1916.025152008786
2026-03-01,2026,3,ZIMA,22.668986194756126,49.692518257006185,14435.272366544037,1916.0251464282442
2026-03-01,2026,3,ZIMA,22.73186826464449,49.692518257006185,11562.168138112624,1916.0251258805354
2026-03-01,2026,3,ZIMA,22.794750334532857,49.692518257006185,10004.241321725396,1916.0251303145765
2026-03-01,2026,3,ZIMA,22.857632404421224,49.692518257006185,10372.088566275866,1919.0544498996796
2026-03-01,2026,3,ZIMA,22.92051447430959,49.692518257006185,12496.796907081667,1919.0916096542392
2026-03-01,2026,3,ZIMA,22.98339654419796,49.692518257006185,15679.736994618235,1919.6219105481787
2026-03-01,2026,3,ZIMA,23.046278614086322,49.692518257006185,19407.030795445455,1920.576171875037
2026-03-01,2026,3,ZIMA,23.10916068397469,49.692518257006185,23420.202641510772,1920.6218801894227
2026-03-01,2026,3,ZIMA,22.480339985091025,49.755400326894545,24263.288966442815,1876.1311398251728
2026-03-01,2026,3,ZIMA,22.543222054979392,49.755400326894545,19773.371791734648,1876.131030024656
2026-03-01,2026,3,ZIMA,22.60610412486776,49.755400326894545,15307.071991672923,1916.0251623133056
2026-03-01,2026,3,ZIMA,22.668986194756126,49.755400326894545,10893.482693503986,1916.0251297733016
2026-03-01,2026,3,ZIMA,22.73186826464449,49.755400326894545,6638.588268421608,1916.0251464843334
2026-03-01,2026,3,ZIMA,22.794750334532857,49.755400326894545,3242.7147797909784,1916.0251374106997
2026-03-01,2026,3,ZIMA,22.92051447430959,49.755400326894545,8156.47590057038,1919.0544415624458
2026-03-01,2026,3,ZIMA,22.98339654419796,49.755400326894545,12493.86630456317,1919.054444836239
2026-03-01,2026,3,ZIMA,23.046278614086322,49.755400326894545,16932.41386754635,1919.494712573244
2026-03-01,2026,3,ZIMA,23.10916068397469,49.755400326894545,21409.293252281375,1920.5761520292353
2026-03-01,2026,3,ZIMA,22.72836648914504,49.566754117229465,24687.76147519708,1881.625006623811
2026-03-01,2026,3,ZIMA,22.791248559033406,49.566754117229465,23947.979043783063,1886.9014289443908
2026-03-01,2026,3,ZIMA,22.854130628921773,49.566754117229465,24056.725713120413,1887.1037024840816
2026-03-01,2026,3,ZIMA,22.602602349368304,49.629636187117825,22792.977256695714,1879.5233582345281
2026-03-01,2026,3,ZIMA,22.66548441925667,49.629636187117825,20032.25816904509,1879.5816497391165
2026-03-01,2026,3,ZIMA,22.72836648914504,49.629636187117825,18005.843188393046,1886.3247863546258
2026-03-01,2026,3,ZIMA,22.791248559033406,49.629636187117825,16978.715557289725,1889.9565193387186
2026-03-01,2026,3,ZIMA,22.854130628921773,49.629636187117825,17131.56210672741,1890.119811564735
2026-03-01,2026,3,ZIMA,22.91701269881014,49.629636187117825,18435.057018274965,1890.1973153718495
2026-03-01,2026,3,ZIMA,22.979894768698507,49.629636187117825,20672.67857890848,1890.344789437598
2026-03-01,2026,3,ZIMA,22.539720279479937,49.692518257006185,22158.330550777733,1884.3717572171754
2026-03-01,2026,3,ZIMA,22.602602349368304,49.692518257006185,18215.951582114703,1884.2952752011329
2026-03-01,2026,3,ZIMA,22.66548441925667,49.692518257006185,14620.005683513065,1884.2570269162031
2026-03-01,2026,3,ZIMA,22.72836648914504,49.692518257006185,11694.560227462764,1890.8284913712187
2026-03-01,2026,3,ZIMA,22.791248559033406,49.692518257006185,10043.67405264085,1890.9134326288915
2026-03-01,2026,3,ZIMA,22.854130628921773,49.692518257006185,10299.62673390637,1890.9383454060571
2026-03-01,2026,3,ZIMA,22.91701269881014,49.692518257006185,12344.37343835812,1890.9507911228702
2026-03-01,2026,3,ZIMA,22.979894768698507,49.692518257006185,15484.808820475711,1897.7962265947822
2026-03-01,2026,3,ZIMA,23.042776838586875,49.692518257006185,19190.349941089135,1903.8812356570706
2026-03-01,2026,3,ZIMA,23.10565890847524,49.692518257006185,23191.68213339603,1903.8812252565735
2026-03-01,2026,3,ZIMA,22.476838209591577,49.755400326894545,24513.756494661226,1872.8702225575237
2026-03-01,2026,3,ZIMA,22.539720279479937,49.755400326894545,20022.931887797098,1882.683593750061
2026-03-01,2026,3,ZIMA,22.602602349368304,49.755400326894545,15554.823004131229,1882.683593750061
2026-03-01,2026,3,ZIMA,22.66548441925667,49.755400326894545,11136.809320053131,1882.6819112952076
2026-03-01,2026,3,ZIMA,22.72836648914504,49.755400326894545,6866.287022907041,1891.3220162634223
2026-03-01,2026,3,ZIMA,22.791248559033406,49.755400326894545,3362.249941296639,1891.3220195370795
2026-03-01,2026,3,ZIMA,22.854130628921773,49.755400326894545,4062.627863714707,1891.3220183399064
2026-03-01,2026,3,ZIMA,22.91701269881014,49.755400326894545,7921.275087909723,1891.3220244173979
2026-03-01,2026,3,ZIMA,22.979894768698507,49.755400326894545,12248.660458942983,1903.0806577035994
2026-03-01,2026,3,ZIMA,23.042776838586875,49.755400326894545,16683.947962636168,1903.8812372658965
2026-03-01,2026,3,ZIMA,23.10565890847524,49.755400326894545,21159.39073217833,1903.8812250090616
2026-03-01,2026,3,ZIMA,22.476838209591577,49.818282396782934,24666.266596140897,1881.5378231844907
2026-03-01,2026,3,ZIMA,22.539720279479937,49.818282396782934,20215.760816857834,1880.5657851009935
2026-03-01,2026,3,ZIMA,22.602602349368304,49.818282396782934,15808.774328444597,1880.4973818211529
2026-03-01,2026,3,ZIMA,22.66548441925667,49.818282396782934,11495.473161355667,1880.460888046398
2026-03-01,2026,3,ZIMA,22.539720279479937,49.881164466671294,22677.575525458135,1887.4515375878302
2026-03-01,2026,3,ZIMA,22.602602349368304,49.881164466671294,18860.505318536558,1887.36581735376
2026-03-01,2026,3,ZIMA,22.66548441925667,49.881164466671294,15430.489903487243,1887.3247238187987
2026-03-01,2026,3,ZIMA,22.602602349368304,49.944046536559654,23650.796654295005,1886.7416292571677
2026-03-01,2026,3,ZIMA,22.66548441925667,49.944046536559654,21021.287100953763,1886.7248190964199
2026-03-03,2026,3,ZIMA,22.72836648914504,49.566754117229465,24687.76147519708,1883.7261763587915
2026-03-03,2026,3,ZIMA,22.791248559033406,49.566754117229465,23947.979043783063,1885.3802542622684
2026-03-03,2026,3,ZIMA,22.854130628921773,49.566754117229465,24056.725713120413,1888.7237185063004
2026-03-03,2026,3,ZIMA,22.602602349368304,49.629636187117825,22792.977256695714,1898.2674205798414
2026-03-03,2026,3,ZIMA,22.66548441925667,49.629636187117825,20032.25816904509,1914.713489920964
2026-03-03,2026,3,ZIMA,22.72836648914504,49.629636187117825,18005.843188393046,1886.4176241125324
2026-03-03,2026,3,ZIMA,22.791248559033406,49.629636187117825,16978.715557289725,1881.1527145609941
2026-03-03,2026,3,ZIMA,22.854130628921773,49.629636187117825,17131.56210672741,1881.1527380494565
2026-03-03,2026,3,ZIMA,22.539720279479937,49.692518257006185,22158.330550777733,1904.813689866879
2026-03-03,2026,3,ZIMA,22.602602349368304,49.692518257006185,18215.951582114703,1917.7562537549534
2026-03-03,2026,3,ZIMA,22.66548441925667,49.692518257006185,14620.005683513065,1918.0187960861638
2026-03-03,2026,3,ZIMA,22.476838209591577,49.755400326894545,24513.756494661226,1903.1874489870238
2026-03-03,2026,3,ZIMA,22.539720279479937,49.755400326894545,20022.931887797098,1901.9081344183287
2026-03-03,2026,3,ZIMA,22.602602349368304,49.755400326894545,15554.823004131229,1916.2883928794586
2026-03-03,2026,3,ZIMA,22.66548441925667,49.755400326894545,11136.809320053131,1916.307491470399
2026-03-03,2026,3,ZIMA,22.476838209591577,49.818282396782934,24666.266596140897,1891.4532246867548
2026-03-03,2026,3,ZIMA,22.539720279479937,49.818282396782934,20215.760816857834,1893.5368008452408
2026-03-03,2026,3,ZIMA,22.602602349368304,49.818282396782934,15808.774328444597,1900.127115309855
2026-03-03,2026,3,ZIMA,22.66548441925667,49.818282396782934,11495.473161355667,1893.529923897321
2026-03-03,2026,3,ZIMA,22.72836648914504,49.818282396782934,7440.6149762951945,1889.4160216684609
2026-03-03,2026,3,ZIMA,22.791248559033406,49.818282396782934,4423.570697140966,1889.2338688398372
2026-03-03,2026,3,ZIMA,22.539720279479937,49.881164466671294,22677.575525458135,1902.1845599523672
2026-03-03,2026,3,ZIMA,22.602602349368304,49.881164466671294,18860.505318536558,1898.8107013928532
2026-03-03,2026,3,ZIMA,22.66548441925667,49.881164466671294,15430.489903487243,1900.0110162721267
2026-03-03,2026,3,ZIMA,22.72836648914504,49.881164466671294,12704.983171083419,1900.3275225205086
2026-03-03,2026,3,ZIMA,22.602602349368304,49.944046536559654,23650.796654295005,1884.2649269051183
2026-03-03,2026,3,ZIMA,22.66548441925667,49.944046536559654,21021.287100953763,1882.204211216077
2026-03-03,2026,3,ZIMA,22.72836648914504,49.944046536559654,19113.10624508674,1900.3275680196168
2026-03-04,2026,3,ZIMA,22.668986194756126,49.629636187117825,19897.662582212422,1892.8066712341267
2026-03-04,2026,3,ZIMA,22.98339654419796,49.629636187117825,20819.277434833377,1889.8160489864995
2026-03-04,2026,3,ZIMA,23.046278614086322,49.629636187117825,23756.883535444897,1889.8160326654033
2026-03-04,2026,3,ZIMA,22.543222054979392,49.692518257006185,21932.788399926114,1894.907205987276
2026-03-04,2026,3,ZIMA,22.60610412486776,49.692518257006185,18004.58127120856,1893.0648260653832
2026-03-04,2026,3,ZIMA,22.668986194756126,49.692518257006185,14435.272366544037,1888.063013795803
2026-03-04,2026,3,ZIMA,22.73186826464449,49.692518257006185,11562.168138112624,1904.399992849854
2026-03-04,2026,3,ZIMA,22.794750334532857,49.692518257006185,10004.241321725396,1908.0233828232667
2026-03-04,2026,3,ZIMA,22.857632404421224,49.692518257006185,10372.088566275866,1907.6217016820126
2026-03-04,2026,3,ZIMA,22.92051447430959,49.692518257006185,12496.796907081667,1902.228327145022
2026-03-04,2026,3,ZIMA,22.98339654419796,49.692518257006185,15679.736994618235,1892.0431880918402
2026-03-04,2026,3,ZIMA,23.046278614086322,49.692518257006185,19407.030795445455,1896.9043482120137
2026-03-04,2026,3,ZIMA,23.10916068397469,49.692518257006185,23420.202641510772,1902.1916167519992
2026-03-04,2026,3,ZIMA,22.480339985091025,49.755400326894545,24263.288966442815,1886.7795459405727
2026-03-04,2026,3,ZIMA,22.543222054979392,49.755400326894545,19773.371791734648,1885.1320800781862
2026-03-04,2026,3,ZIMA,22.60610412486776,49.755400326894545,15307.071991672923,1891.7442416967776
2026-03-04,2026,3,ZIMA,22.668986194756126,49.755400326894545,10893.482693503986,1890.298390538948
2026-03-04,2026,3,ZIMA,22.73186826464449,49.755400326894545,6638.588268421608,1911.7911914426902
2026-03-04,2026,3,ZIMA,22.794750334532857,49.755400326894545,3242.7147797909784,1911.7767333984332
2026-03-04,2026,3,ZIMA,22.857632404421224,49.755400326894545,4242.750117470005,1906.735822659929
2026-03-04,2026,3,ZIMA,22.92051447430959,49.755400326894545,8156.47590057038,1901.8490032214045
2026-03-04,2026,3,ZIMA,22.98339654419796,49.755400326894545,12493.86630456317,1901.4650459069426
2026-03-04,2026,3,ZIMA,23.046278614086322,49.755400326894545,16932.41386754635,1896.3892103817423
2026-03-04,2026,3,ZIMA,23.10916068397469,49.755400326894545,21409.293252281375,1897.825654604095
2026-03-04,2026,3,ZIMA,22.480339985091025,49.818282396782934,24417.687156783137,1893.1384794357893
2026-03-04,2026,3,ZIMA,22.543222054979392,49.818282396782934,19968.932465393333,1893.492625721607
2026-03-04,2026,3,ZIMA,22.60610412486776,49.818282396782934,15565.383751527352,1896.3732651594748
2026-03-04,2026,3,ZIMA,22.668986194756126,49.818282396782934,11260.207883350295,1900.4680189700925
2026-03-04,2026,3,ZIMA,22.73186826464449,49.818282396782934,7231.299147808723,1914.2628552101658
2026-03-04,2026,3,ZIMA,22.794750334532857,49.818282396782934,4333.529104672702,1910.4824670346961
2026-03-04,2026,3,ZIMA,22.857632404421224,49.818282396782934,5124.013005619986,1907.5643803316573
2026-03-04,2026,3,ZIMA,22.92051447430959,49.818282396782934,8644.065763073844,1897.8279156080807
2026-03-04,2026,3,ZIMA,22.98339654419796,49.818282396782934,12812.985222879366,1897.9648112056607
2026-03-04,2026,3,ZIMA,23.046278614086322,49.818282396782934,17164.31095927946,1906.684943804262
2026-03-04,2026,3,ZIMA,23.10916068397469,49.818282396782934,21588.022501435902,1907.2968304253286
2026-03-04,2026,3,ZIMA,22.543222054979392,49.881164466671294,22458.10700503757,1891.900509673164
2026-03-04,2026,3,ZIMA,22.60610412486776,49.881164466671294,18657.2342735173,1895.9815677377105
2026-03-04,2026,3,ZIMA,22.668986194756126,49.881164466671294,15256.25598101692,1911.09301435726
2026-03-04,2026,3,ZIMA,22.73186826464449,49.881164466671294,12583.700795204135,1911.1733382691814
2026-03-04,2026,3,ZIMA,22.857632404421224,49.881164466671294,11504.225194953451,1907.385369169896
2026-03-04,2026,3,ZIMA,23.046278614086322,49.881164466671294,20008.920984734334,1900.3939708918565
2026-03-04,2026,3,ZIMA,23.10916068397469,49.881164466671294,23907.400258968875,1900.3939342912784
2026-03-04,2026,3,ZIMA,22.60610412486776,49.944046536559654,23489.227935689778,1907.1773274581867
2026-03-04,2026,3,ZIMA,22.668986194756126,49.944046536559654,20893.893703687518,1911.9101545187273
2026-03-04,2026,3,ZIMA,22.73186826464449,49.944046536559654,19032.807114747964,1911.0932281126932
2026-03-05,2026,3,ZIMA,22.857632404421224,49.566754117229465,24087.918656515034,1900.7409438567313
2026-03-05,2026,3,ZIMA,22.60610412486776,49.629636187117825,22624.190624154453,1903.856934561958
2026-03-05,2026,3,ZIMA,22.668986194756126,49.629636187117825,19897.662582212422,1890.3321272829298
2026-03-05,2026,3,ZIMA,22.73186826464449,49.629636187117825,17920.028331001893,1880.0152842329246
2026-03-05,2026,3,ZIMA,22.794750334532857,49.629636187117825,16955.389057071137,1889.1552914745073
2026-03-05,2026,3,ZIMA,22.857632404421224,49.629636187117825,17175.280556231522,1905.4798115253973
2026-03-05,2026,3,ZIMA,22.92051447430959,49.629636187117825,18537.599130204857,1900.4255474311597
2026-03-05,2026,3,ZIMA,22.98339654419796,49.629636187117825,20819.277434833377,1893.5683102174448
2026-03-05,2026,3,ZIMA,23.046278614086322,49.629636187117825,23756.883535444897,1893.646557023267
2026-03-05,2026,3,ZIMA,22.543222054979392,49.692518257006185,21932.788399926114,1904.0904400924458
2026-03-05,2026,3,ZIMA,22.60610412486776,49.692518257006185,18004.58127120856,1889.236990465678
2026-03-05,2026,3,ZIMA,22.668986194756126,49.692518257006185,14435.272366544037,1880.7400152093167
2026-03-05,2026,3,ZIMA,22.73186826464449,49.692518257006185,11562.168138112624,1879.4229990305437
2026-03-05,2026,3,ZIMA,22.794750334532857,49.692518257006185,10004.241321725396,1889.6292729280485
2026-03-05,2026,3,ZIMA,22.857632404421224,49.692518257006185,10372.088566275866,1892.7763645206564
2026-03-05,2026,3,ZIMA,22.92051447430959,49.692518257006185,12496.796907081667,1884.6966412015242
2026-03-05,2026,3,ZIMA,22.98339654419796,49.692518257006185,15679.736994618235,1884.5959407483854
2026-03-05,2026,3,ZIMA,23.046278614086322,49.692518257006185,19407.030795445455,1886.0823009075614
2026-03-05,2026,3,ZIMA,23.10916068397469,49.692518257006185,23420.202641510772,1889.100138452361
2026-03-05,2026,3,ZIMA,22.480339985091025,49.755400326894545,24263.288966442815,1891.608862188275
2026-03-05,2026,3,ZIMA,22.543222054979392,49.755400326894545,19773.371791734648,1894.8979248110209
2026-03-05,2026,3,ZIMA,22.60610412486776,49.755400326894545,15307.071991672923,1889.4167094777447
2026-03-05,2026,3,ZIMA,22.668986194756126,49.755400326894545,10893.482693503986,1889.6955533848836
2026-03-05,2026,3,ZIMA,22.73186826464449,49.755400326894545,6638.588268421608,1887.9085070711883
2026-03-05,2026,3,ZIMA,22.794750334532857,49.755400326894545,3242.7147797909784,1895.2518070616518
2026-03-05,2026,3,ZIMA,22.857632404421224,49.755400326894545,4242.750117470005,1892.7763577472765
2026-03-05,2026,3,ZIMA,23.046278614086322,49.755400326894545,16932.41386754635,1886.9658237764907
2026-03-05,2026,3,ZIMA,23.10916068397469,49.755400326894545,21409.293252281375,1887.0481066338898
2026-03-05,2026,3,ZIMA,22.480339985091025,49.818282396782934,24417.687156783137,1887.7684284169516
2026-03-05,2026,3,ZIMA,22.543222054979392,49.818282396782934,19968.932465393333,1885.146847897815
2026-03-05,2026,3,ZIMA,22.60610412486776,49.818282396782934,15565.383751527352,1884.1947307863281
2026-03-05,2026,3,ZIMA,22.668986194756126,49.818282396782934,11260.207883350295,1884.9656037751847
2026-03-05,2026,3,ZIMA,22.73186826464449,49.818282396782934,7231.299147808723,1903.727760762803
2026-03-05,2026,3,ZIMA,22.794750334532857,49.818282396782934,4333.529104672702,1901.509849515147
2026-03-05,2026,3,ZIMA,22.857632404421224,49.818282396782934,5124.013005619986,1895.251839146687
2026-03-05,2026,3,ZIMA,22.668986194756126,49.881164466671294,15256.25598101692,1883.3681647541443
2026-03-06,2026,3,ZIMA,22.857632404421224,49.566754117229465,24087.918656515034,1902.3537757790166
2026-03-06,2026,3,ZIMA,22.857632404421224,49.629636187117825,17175.280556231522,1897.20397726179
2026-03-06,2026,3,ZIMA,22.92051447430959,49.629636187117825,18537.599130204857,1882.6117121376135
2026-03-06,2026,3,ZIMA,22.98339654419796,49.629636187117825,20819.277434833377,1884.3421180619841
2026-03-06,2026,3,ZIMA,23.046278614086322,49.629636187117825,23756.883535444897,1889.921079648172
2026-03-06,2026,3,ZIMA,22.60610412486776,49.692518257006185,18004.58127120856,1902.863655959574
2026-03-06,2026,3,ZIMA,22.668986194756126,49.692518257006185,14435.272366544037,1901.840461942626
2026-03-06,2026,3,ZIMA,22.73186826464449,49.692518257006185,11562.168138112624,1901.398561269928
2026-03-06,2026,3,ZIMA,22.794750334532857,49.692518257006185,10004.241321725396,1901.3985689257631
2026-03-06,2026,3,ZIMA,22.857632404421224,49.692518257006185,10372.088566275866,1897.203978837319
2026-03-06,2026,3,ZIMA,22.92051447430959,49.692518257006185,12496.796907081667,1897.2039860276375
2026-03-06,2026,3,ZIMA,22.98339654419796,49.692518257006185,15679.736994618235,1897.2039794921582
2026-03-06,2026,3,ZIMA,23.046278614086322,49.692518257006185,19407.030795445455,1886.271826776592
2026-03-06,2026,3,ZIMA,23.10916068397469,49.692518257006185,23420.202641510772,1879.5720987263237
2026-03-06,2026,3,ZIMA,22.480339985091025,49.755400326894545,24263.288966442815,1884.3118593067754
2026-03-06,2026,3,ZIMA,22.543222054979392,49.755400326894545,19773.371791734648,1908.2675770563062
2026-03-06,2026,3,ZIMA,22.60610412486776,49.755400326894545,15307.071991672923,1904.3526996205367
2026-03-06,2026,3,ZIMA,22.668986194756126,49.755400326894545,10893.482693503986,1903.7984238604934
2026-03-06,2026,3,ZIMA,22.73186826464449,49.755400326894545,6638.588268421608,1902.1968342232608
2026-03-06,2026,3,ZIMA,22.794750334532857,49.755400326894545,3242.7147797909784,1901.438336281737
2026-03-06,2026,3,ZIMA,22.92051447430959,49.755400326894545,8156.47590057038,1897.2039531704434
2026-03-06,2026,3,ZIMA,22.98339654419796,49.755400326894545,12493.86630456317,1897.2039920065215
2026-03-06,2026,3,ZIMA,23.046278614086322,49.755400326894545,16932.41386754635,1881.6723482634304
2026-03-06,2026,3,ZIMA,23.10916068397469,49.755400326894545,21409.293252281375,1879.2430613767442
2026-03-06,2026,3,ZIMA,22.480339985091025,49.818282396782934,24417.687156783137,1893.2561918117838
2026-03-06,2026,3,ZIMA,22.543222054979392,49.818282396782934,19968.932465393333,1902.3980946445856
2026-03-06,2026,3,ZIMA,22.60610412486776,49.818282396782934,15565.383751527352,1904.6065271878629
2026-03-06,2026,3,ZIMA,22.668986194756126,49.818282396782934,11260.207883350295,1907.1388325256426
2026-03-06,2026,3,ZIMA,22.73186826464449,49.818282396782934,7231.299147808723,1907.3813383000358
2026-03-06,2026,3,ZIMA,22.794750334532857,49.818282396782934,4333.529104672702,1903.800730096293
2026-03-06,2026,3,ZIMA,22.543222054979392,49.881164466671294,22458.10700503757,1900.202248179309
2026-03-06,2026,3,ZIMA,22.60610412486776,49.881164466671294,18657.2342735173,1904.5848019924927
2026-03-06,2026,3,ZIMA,22.668986194756126,49.881164466671294,15256.25598101692,1903.8997016273804
2026-03-06,2026,3,ZIMA,22.60610412486776,49.944046536559654,23489.227935689778,1898.8031956512184
2026-03-06,2026,3,ZIMA,22.668986194756126,49.944046536559654,20893.893703687518,1902.6795680338548
2026-03-06,2026,3,ZIMA,22.72836648914504,49.566754117229465,24687.76147519708,1872.2475613256402
2026-03-06,2026,3,ZIMA,22.791248559033406,49.566754117229465,23947.979043783063,1873.8502632313557
2026-03-06,2026,3,ZIMA,22.854130628921773,49.566754117229465,24056.725713120413,1888.8884627871782
2026-03-06,2026,3,ZIMA,22.72836648914504,49.629636187117825,18005.843188393046,1874.02449504145
2026-03-06,2026,3,ZIMA,22.791248559033406,49.629636187117825,16978.715557289725,1885.5767003721896
2026-03-06,2026,3,ZIMA,22.854130628921773,49.629636187117825,17131.56210672741,1894.1534438124243
2026-03-06,2026,3,ZIMA,22.91701269881014,49.629636187117825,18435.057018274965,1894.0637273540501
2026-03-06,2026,3,ZIMA,22.979894768698507,49.629636187117825,20672.67857890848,1893.8862289724023
2026-03-06,2026,3,ZIMA,23.042776838586875,49.629636187117825,23579.97928474416,1893.7103044412627
2026-03-06,2026,3,ZIMA,22.539720279479937,49.692518257006185,22158.330550777733,1874.0245491597752
2026-03-06,2026,3,ZIMA,22.602602349368304,49.692518257006185,18215.951582114703,1874.0245230952328
2026-03-06,2026,3,ZIMA,22.66548441925667,49.692518257006185,14620.005683513065,1874.024526029812
2026-03-06,2026,3,ZIMA,22.72836648914504,49.692518257006185,11694.560227462764,1874.024578844288
2026-03-06,2026,3,ZIMA,22.791248559033406,49.692518257006185,10043.67405264085,1896.6205779580373
2026-03-06,2026,3,ZIMA,22.854130628921773,49.692518257006185,10299.62673390637,1902.1184679610255
2026-03-06,2026,3,ZIMA,22.91701269881014,49.692518257006185,12344.37343835812,1902.562967760231
2026-03-06,2026,3,ZIMA,22.979894768698507,49.692518257006185,15484.808820475711,1903.034545898408
2026-03-06,2026,3,ZIMA,23.042776838586875,49.692518257006185,19190.349941089135,1903.0345385850212
2026-03-06,2026,3,ZIMA,23.10565890847524,49.692518257006185,23191.68213339603,1903.034575946328
2026-03-06,2026,3,ZIMA,22.791248559033406,49.755400326894545,3362.249941296639,1910.4096742221363
2026-03-06,2026,3,ZIMA,22.854130628921773,49.755400326894545,4062.627863714707,1911.255269306218
2026-03-06,2026,3,ZIMA,22.91701269881014,49.755400326894545,7921.275087909723,1911.7212787460335
2026-03-06,2026,3,ZIMA,22.979894768698507,49.755400326894545,12248.660458942983,1912.6630861680703
2026-03-06,2026,3,ZIMA,23.042776838586875,49.755400326894545,16683.947962636168,1913.5962880606367
2026-03-07,2026,3,ZIMA,22.73186826464449,49.566754117229465,24625.162439086525,1912.4296446078704
2026-03-07,2026,3,ZIMA,22.794750334532857,49.566754117229465,23931.425303122436,1908.4162506709472
2026-03-07,2026,3,ZIMA,22.857632404421224,49.566754117229465,24087.918656515034,1905.6214140308834
2026-03-07,2026,3,ZIMA,22.60610412486776,49.629636187117825,22624.190624154453,1920.9390778300385
2026-03-07,2026,3,ZIMA,22.73186826464449,49.629636187117825,17920.028331001893,1912.4296680281457
2026-03-07,2026,3,ZIMA,22.794750334532857,49.629636187117825,16955.389057071137,1912.4296874999702
2026-03-07,2026,3,ZIMA,22.857632404421224,49.629636187117825,17175.280556231522,1907.8885965333461
2026-03-07,2026,3,ZIMA,22.92051447430959,49.629636187117825,18537.599130204857,1905.6068746000562
2026-03-07,2026,3,ZIMA,22.98339654419796,49.629636187117825,20819.277434833377,1904.513057495075
2026-03-07,2026,3,ZIMA,23.046278614086322,49.629636187117825,23756.883535444897,1903.694339462418
2026-03-07,2026,3,ZIMA,22.60610412486776,49.692518257006185,18004.58127120856,1920.9390906397275
2026-03-07,2026,3,ZIMA,22.668986194756126,49.692518257006185,14435.272366544037,1920.939093589543
2026-03-07,2026,3,ZIMA,22.857632404421224,49.692518257006185,10372.088566275866,1912.4296818485059
2026-03-07,2026,3,ZIMA,22.92051447430959,49.692518257006185,12496.796907081667,1912.4296875000368
2026-03-07,2026,3,ZIMA,22.98339654419796,49.692518257006185,15679.736994618235,1911.0428196069238
2026-03-07,2026,3,ZIMA,23.046278614086322,49.692518257006185,19407.030795445455,1905.9358882682513
2026-03-07,2026,3,ZIMA,23.10916068397469,49.692518257006185,23420.202641510772,1905.928588508571
2026-03-07,2026,3,ZIMA,22.92051447430959,49.755400326894545,8156.47590057038,1912.4297069565616
2026-03-07,2026,3,ZIMA,22.98339654419796,49.755400326894545,12493.86630456317,1912.42968042306
2026-03-07,2026,3,ZIMA,23.046278614086322,49.755400326894545,16932.41386754635,1911.5464418958059
2026-03-07,2026,3,ZIMA,22.854130628921773,49.566754117229465,24056.725713120413,1903.2985390400117
2026-03-07,2026,3,ZIMA,22.602602349368304,49.629636187117825,22792.977256695714,1891.961208985288
2026-03-07,2026,3,ZIMA,22.66548441925667,49.629636187117825,20032.25816904509,1907.5522191721134
2026-03-07,2026,3,ZIMA,22.72836648914504,49.629636187117825,18005.843188393046,1911.2247491261785
2026-03-07,2026,3,ZIMA,22.791248559033406,49.629636187117825,16978.715557289725,1911.22472161166
2026-03-07,2026,3,ZIMA,22.854130628921773,49.629636187117825,17131.56210672741,1906.402295970711
2026-03-07,2026,3,ZIMA,22.91701269881014,49.629636187117825,18435.057018274965,1906.3288437829722
2026-03-07,2026,3,ZIMA,22.979894768698507,49.629636187117825,20672.67857890848,1906.924024805635
2026-03-07,2026,3,ZIMA,23.042776838586875,49.629636187117825,23579.97928474416,1912.5485267071576
2026-03-07,2026,3,ZIMA,22.539720279479937,49.692518257006185,22158.330550777733,1896.2672119141318
2026-03-07,2026,3,ZIMA,22.602602349368304,49.692518257006185,18215.951582114703,1906.4715219888033
2026-03-07,2026,3,ZIMA,22.66548441925667,49.692518257006185,14620.005683513065,1914.5982666014997
2026-03-07,2026,3,ZIMA,22.72836648914504,49.692518257006185,11694.560227462764,1914.5059082629477
2026-03-07,2026,3,ZIMA,22.791248559033406,49.692518257006185,10043.67405264085,1913.8297537945443
2026-03-07,2026,3,ZIMA,22.854130628921773,49.692518257006185,10299.62673390637,1909.9675820397556
2026-03-07,2026,3,ZIMA,22.91701269881014,49.692518257006185,12344.37343835812,1909.956662326252
2026-03-07,2026,3,ZIMA,22.979894768698507,49.692518257006185,15484.808820475711,1913.5203595087812
2026-03-07,2026,3,ZIMA,23.042776838586875,49.692518257006185,19190.349941089135,1915.2116486083607
2026-03-07,2026,3,ZIMA,23.10565890847524,49.692518257006185,23191.68213339603,1915.067389868974
2026-03-07,2026,3,ZIMA,22.476838209591577,49.755400326894545,24513.756494661226,1903.9592285029528
2026-03-07,2026,3,ZIMA,22.539720279479937,49.755400326894545,20022.931887797098,1903.5238608302914
2026-03-07,2026,3,ZIMA,22.602602349368304,49.755400326894545,15554.823004131229,1909.547090365901
2026-03-07,2026,3,ZIMA,22.66548441925667,49.755400326894545,11136.809320053131,1911.381301507084
2026-03-07,2026,3,ZIMA,22.72836648914504,49.755400326894545,6866.287022907041,1911.562862046566
2026-03-07,2026,3,ZIMA,22.791248559033406,49.755400326894545,3362.249941296639,1911.821842080547
2026-03-07,2026,3,ZIMA,22.854130628921773,49.755400326894545,4062.627863714707,1911.605697896582
2026-03-07,2026,3,ZIMA,22.91701269881014,49.755400326894545,7921.275087909723,1911.5576359174913
2026-03-07,2026,3,ZIMA,22.979894768698507,49.755400326894545,12248.660458942983,1915.4729707298804
2026-03-07,2026,3,ZIMA,23.042776838586875,49.755400326894545,16683.947962636168,1916.1864773395198
2026-03-07,2026,3,ZIMA,23.10565890847524,49.755400326894545,21159.39073217833,1916.2036600201293
2026-03-07,2026,3,ZIMA,22.476838209591577,49.818282396782934,24666.266596140897,1902.414888314068
2026-03-07,2026,3,ZIMA,22.539720279479937,49.818282396782934,20215.760816857834,1902.6642989822549
2026-03-07,2026,3,ZIMA,22.602602349368304,49.818282396782934,15808.774328444597,1917.7688510119524
2026-03-07,2026,3,ZIMA,22.66548441925667,49.818282396782934,11495.473161355667,1917.7770075861881
2026-03-07,2026,3,ZIMA,22.72836648914504,49.818282396782934,7440.6149762951945,1917.7933426430993
2026-03-07,2026,3,ZIMA,22.791248559033406,49.818282396782934,4423.570697140966,1917.8008654627733
2026-03-07,2026,3,ZIMA,22.539720279479937,49.881164466671294,22677.575525458135,1909.7642822265911
2026-03-07,2026,3,ZIMA,22.602602349368304,49.881164466671294,18860.505318536558,1915.9769287109661
2026-03-07,2026,3,ZIMA,22.66548441925667,49.881164466671294,15430.489903487243,1915.9769287108666
2026-03-07,2026,3,ZIMA,22.72836648914504,49.881164466671294,12704.983171083419,1915.9769365866698
2026-03-07,2026,3,ZIMA,22.602602349368304,49.944046536559654,23650.796654295005,1912.6286550006803
2026-03-07,2026,3,ZIMA,22.66548441925667,49.944046536559654,21021.287100953763,1912.7146713731486
2026-03-07,2026,3,ZIMA,22.72836648914504,49.944046536559654,19113.10624508674,1912.8812999853617
2026-03-09,2026,3,ZIMA,22.73186826464449,49.57725944372781,23493.2693373508,1913.248618547641
2026-03-09,2026,3,ZIMA,22.794750334532857,49.57725944372781,22765.22415051175,1915.7064290877915
2026-03-09,2026,3,ZIMA,22.857632404421224,49.57725944372781,22929.642924141328,1893.9676411967182
2026-03-09,2026,3,ZIMA,22.92051447430959,49.57725944372781,23968.166495009584,1903.1032489607308
2026-03-09,2026,3,ZIMA,22.60610412486776,49.64014151361617,21764.45074750315,1901.5099251030074
2026-03-09,2026,3,ZIMA,22.668986194756126,49.64014151361617,18915.05239248048,1901.5906268574827
2026-03-09,2026,3,ZIMA,22.73186826464449,49.64014151361617,16822.773898113886,1920.0861509046317
2026-03-09,2026,3,ZIMA,22.794750334532857,49.64014151361617,15791.477478126646,1914.858378888933
2026-03-09,2026,3,ZIMA,22.857632404421224,49.64014151361617,16027.29515834017,1906.7379047736251
2026-03-09,2026,3,ZIMA,22.92051447430959,49.64014151361617,17479.017342413288,1902.8923130594833
2026-03-09,2026,3,ZIMA,22.98339654419796,49.64014151361617,19882.064266925787,1905.2810141537725
2026-03-09,2026,3,ZIMA,23.046278614086322,49.64014151361617,22939.388354842766,1912.776814085425
2026-03-09,2026,3,ZIMA,22.543222054979392,49.703023583504546,21428.823452632554,1906.707187495607
2026-03-09,2026,3,ZIMA,22.60610412486776,49.703023583504546,17388.09997969512,1902.4413337461813
2026-03-09,2026,3,ZIMA,22.668986194756126,49.703023583504546,13659.542302594182,1907.0260501580362
2026-03-09,2026,3,ZIMA,22.73186826464449,49.703023583504546,10578.554156056924,1912.5394487989847
2026-03-09,2026,3,ZIMA,22.794750334532857,49.703023583504546,8849.528317586586,1909.172281481443
2026-03-09,2026,3,ZIMA,22.857632404421224,49.703023583504546,9263.256096580859,1906.889786480847
2026-03-09,2026,3,ZIMA,22.92051447430959,49.703023583504546,11592.548159691261,1901.4562461062837
2026-03-09,2026,3,ZIMA,22.98339654419796,49.703023583504546,14968.36972927753,1918.359914949354
2026-03-09,2026,3,ZIMA,23.046278614086322,49.703023583504546,18836.204875113814,1921.0917135799496
2026-03-09,2026,3,ZIMA,23.10916068397469,49.703023583504546,22948.6082092133,1915.3488060278987
2026-03-09,2026,3,ZIMA,22.480339985091025,49.765905653392906,24148.621374600574,1911.451059295778
2026-03-09,2026,3,ZIMA,22.543222054979392,49.765905653392906,19633.58536118644,1913.0439968347903
2026-03-09,2026,3,ZIMA,22.60610412486776,49.765905653392906,15127.185678551421,1917.8444459653213
2026-03-09,2026,3,ZIMA,22.668986194756126,49.765905653392906,10640.406085574949,1926.8584332124717
2026-03-09,2026,3,ZIMA,22.73186826464449,49.765905653392906,6215.886208794365,1912.2226701407578
2026-03-09,2026,3,ZIMA,22.794750334532857,49.765905653392906,2255.8386657603014,1908.122286612289
2026-03-09,2026,3,ZIMA,22.857632404421224,49.765905653392906,3545.833307069924,1910.6812294909919
2026-03-09,2026,3,ZIMA,22.92051447430959,49.765905653392906,7815.986039923903,1916.2991669417966
2026-03-09,2026,3,ZIMA,22.98339654419796,49.765905653392906,12273.503404588548,1929.7742881370802
2026-03-09,2026,3,ZIMA,23.046278614086322,49.765905653392906,16769.633620027365,1917.6817893111909
2026-03-09,2026,3,ZIMA,23.10916068397469,49.765905653392906,21279.91361633516,1916.812011718791
2026-03-09,2026,3,ZIMA,22.480339985091025,49.82878772328128,24637.71098163613,1910.5533761303666
2026-03-09,2026,3,ZIMA,22.543222054979392,49.82878772328128,20238.437926157472,1903.917340136994
2026-03-09,2026,3,ZIMA,22.60610412486776,49.82878772328128,15910.724569619551,1922.891045658879
2026-03-09,2026,3,ZIMA,22.668986194756126,49.82878772328128,11734.02227692739,1926.6462105299977
2026-03-09,2026,3,ZIMA,22.73186826464449,49.82878772328128,7950.021305988564,1910.5314741561428
2026-03-09,2026,3,ZIMA,22.794750334532857,49.82878772328128,5449.57910022521,1910.4744711835708
2026-03-09,2026,3,ZIMA,22.857632404421224,49.82878772328128,6096.910818244094,1914.9571155500344
2026-03-09,2026,3,ZIMA,22.92051447430959,49.82878772328128,9253.44027674539,1910.697553356546
2026-03-09,2026,3,ZIMA,23.046278614086322,49.82878772328128,17477.763716287656,1916.8120009007553
2026-03-09,2026,3,ZIMA,23.10916068397469,49.82878772328128,21837.221769753294,1916.891470571079
2026-03-09,2026,3,ZIMA,22.543222054979392,49.89166979316964,23055.323741507742,1912.7421752711734
2026-03-09,2026,3,ZIMA,22.60610412486776,49.89166979316964,19372.8599092558,1927.9865724203032
2026-03-09,2026,3,ZIMA,22.668986194756126,49.89166979316964,16124.320549651156,1926.0219602942057
2026-03-09,2026,3,ZIMA,22.73186826464449,49.89166979316964,13623.731614643058,1915.541156570234
2026-03-09,2026,3,ZIMA,22.794750334532857,49.89166979316964,12334.694064801255,1915.3532907534336
2026-03-09,2026,3,ZIMA,22.857632404421224,49.89166979316964,12633.660695484874,1915.2697767362638
2026-03-09,2026,3,ZIMA,22.60610412486776,49.954551863058015,24398.873749480455,1931.9104686284743
2026-03-09,2026,3,ZIMA,22.668986194756126,49.954551863058015,21912.12152600626,1919.411987686837
2026-03-09,2026,3,ZIMA,22.73186826464449,49.954551863058015,20145.72377669812,1914.1816168563387
2026-03-09,2026,3,ZIMA,22.794750334532857,49.954551863058015,19298.50501956277,1915.7909702462016
2026-03-10,2026,3,ZIMA,22.73186826464449,49.566754117229465,24625.162439086525,1910.1068212641005
2026-03-10,2026,3,ZIMA,22.794750334532857,49.566754117229465,23931.425303122436,1910.1067997695438
2026-03-10,2026,3,ZIMA,22.857632404421224,49.566754117229465,24087.918656515034,1901.887275532406
2026-03-10,2026,3,ZIMA,22.60610412486776,49.629636187117825,22624.190624154453,1892.154798156893
2026-03-10,2026,3,ZIMA,22.668986194756126,49.629636187117825,19897.662582212422,1896.374105370187
2026-03-10,2026,3,ZIMA,22.73186826464449,49.629636187117825,17920.028331001893,1908.5400028443114
2026-03-10,2026,3,ZIMA,22.794750334532857,49.629636187117825,16955.389057071137,1909.1479747040335
2026-03-10,2026,3,ZIMA,22.857632404421224,49.629636187117825,17175.280556231522,1904.2901708759698
2026-03-10,2026,3,ZIMA,22.92051447430959,49.629636187117825,18537.599130204857,1905.6492300006514
2026-03-10,2026,3,ZIMA,22.98339654419796,49.629636187117825,20819.277434833377,1906.8721656066211
2026-03-10,2026,3,ZIMA,23.046278614086322,49.629636187117825,23756.883535444897,1900.9660692663656
2026-03-10,2026,3,ZIMA,22.543222054979392,49.692518257006185,21932.788399926114,1896.7568850401508
2026-03-10,2026,3,ZIMA,22.60610412486776,49.692518257006185,18004.58127120856,1901.9490613307853
2026-03-10,2026,3,ZIMA,22.668986194756126,49.692518257006185,14435.272366544037,1912.0285468621007
2026-03-10,2026,3,ZIMA,22.73186826464449,49.692518257006185,11562.168138112624,1911.99192998955
2026-03-10,2026,3,ZIMA,22.794750334532857,49.692518257006185,10004.241321725396,1904.2450176792695
2026-03-10,2026,3,ZIMA,22.857632404421224,49.692518257006185,10372.088566275866,1905.2319171080958
2026-03-10,2026,3,ZIMA,22.92051447430959,49.692518257006185,12496.796907081667,1905.806166790045
2026-03-10,2026,3,ZIMA,22.98339654419796,49.692518257006185,15679.736994618235,1906.0539376395398
2026-03-10,2026,3,ZIMA,23.046278614086322,49.692518257006185,19407.030795445455,1897.5453392050426
2026-03-10,2026,3,ZIMA,23.10916068397469,49.692518257006185,23420.202641510772,1896.458649307246
2026-03-10,2026,3,ZIMA,22.480339985091025,49.755400326894545,24263.288966442815,1895.356442286755
2026-03-10,2026,3,ZIMA,22.543222054979392,49.755400326894545,19773.371791734648,1895.4661451928694
2026-03-10,2026,3,ZIMA,22.60610412486776,49.755400326894545,15307.071991672923,1910.7437562744415
2026-03-10,2026,3,ZIMA,22.668986194756126,49.755400326894545,10893.482693503986,1910.5689748002717
2026-03-10,2026,3,ZIMA,22.73186826464449,49.755400326894545,6638.588268421608,1902.1641506121882
2026-03-10,2026,3,ZIMA,22.794750334532857,49.755400326894545,3242.7147797909784,1900.0303802232527
2026-03-10,2026,3,ZIMA,22.857632404421224,49.755400326894545,4242.750117470005,1906.0673929930385
2026-03-10,2026,3,ZIMA,22.92051447430959,49.755400326894545,8156.47590057038,1908.7135434941686
2026-03-10,2026,3,ZIMA,22.98339654419796,49.755400326894545,12493.86630456317,1906.1651425888624
2026-03-10,2026,3,ZIMA,23.046278614086322,49.755400326894545,16932.41386754635,1901.7325439453082
2026-03-10,2026,3,ZIMA,23.10916068397469,49.755400326894545,21409.293252281375,1901.255200510905
2026-03-10,2026,3,ZIMA,22.60610412486776,49.818282396782934,15565.383751527352,1914.8340669472047
2026-03-10,2026,3,ZIMA,22.668986194756126,49.818282396782934,11260.207883350295,1914.8341035881074
2026-03-10,2026,3,ZIMA,22.73186826464449,49.818282396782934,7231.299147808723,1904.3343534205815
2026-03-10,2026,3,ZIMA,22.794750334532857,49.818282396782934,4333.529104672702,1904.3304380358863
2026-03-10,2026,3,ZIMA,22.92051447430959,49.818282396782934,8644.065763073844,1895.6635817610922
2026-03-10,2026,3,ZIMA,22.98339654419796,49.818282396782934,12812.985222879366,1895.7279725552269
2026-03-10,2026,3,ZIMA,23.046278614086322,49.818282396782934,17164.31095927946,1897.3885664798681
2026-03-10,2026,3,ZIMA,23.10916068397469,49.818282396782934,21588.022501435902,1899.8073017075471
2026-03-10,2026,3,ZIMA,22.92051447430959,49.881164466671294,13444.276202874242,1903.9289437811128
2026-03-10,2026,3,ZIMA,22.98339654419796,49.881164466671294,16434.26726118871,1903.9289645391962
2026-03-10,2026,3,ZIMA,23.046278614086322,49.881164466671294,20008.920984734334,1899.7846268218777
2026-03-10,2026,3,ZIMA,23.10916068397469,49.881164466671294,23907.400258968875,1898.8994054470454
2026-03-10,2026,3,ZIMA,22.73186826464449,49.944046536559654,19032.807114747964,1907.9562566520997
2026-03-10,2026,3,ZIMA,22.794750334532857,49.944046536559654,18133.466014703823,1907.9563605036697
2026-03-10,2026,3,ZIMA,22.857632404421224,49.944046536559654,18337.917441995833,1896.962097067612
2026-03-10,2026,3,ZIMA,22.92051447430959,49.944046536559654,19611.67139609482,1902.6536734924978
2026-03-10,2026,3,ZIMA,22.98339654419796,49.944046536559654,21767.82095314391,1903.9137210177887
2026-03-10,2026,3,ZIMA,23.046278614086322,49.944046536559654,24575.198885019752,1902.5728867968255
2026-03-11,2026,3,ZIMA,22.73186826464449,49.57025589272891,24247.479926624357,1914.6052676688978
2026-03-11,2026,3,ZIMA,22.794750334532857,49.57025589272891,23542.667354087043,1915.3804931640996
2026-03-11,2026,3,ZIMA,22.857632404421224,49.57025589272891,23701.716314927882,1915.3805024376447
2026-03-11,2026,3,ZIMA,22.60610412486776,49.63313796261727,22334.496360655765,1895.9294373396858
2026-03-11,2026,3,ZIMA,22.668986194756126,49.63313796261727,19567.85649260438,1896.2765827999826
2026-03-11,2026,3,ZIMA,22.73186826464449,49.63313796261727,17553.256263421696,1910.8428147715003
2026-03-11,2026,3,ZIMA,22.794750334532857,49.63313796261727,16567.348017909964,1911.980923788011
2026-03-11,2026,3,ZIMA,22.857632404421224,49.63313796261727,16792.305563771337,1915.304458947264
2026-03-11,2026,3,ZIMA,22.92051447430959,49.63313796261727,18183.243881269947,1924.7179011144374
2026-03-11,2026,3,ZIMA,22.98339654419796,49.63313796261727,20504.23508264184,1924.7179026880178
2026-03-11,2026,3,ZIMA,22.543222054979392,49.69602003250564,21759.12626022996,1891.5158249188519
2026-03-11,2026,3,ZIMA,22.60610412486776,49.69602003250564,17792.936331099667,1896.9325290346642
2026-03-11,2026,3,ZIMA,22.668986194756126,49.69602003250564,14170.71047156264,1904.3753259191633
2026-03-11,2026,3,ZIMA,22.73186826464449,49.69602003250564,11230.362200721725,1904.404773894269
2026-03-11,2026,3,ZIMA,22.794750334532857,49.69602003250564,9618.968663516293,1904.4047994006025
2026-03-11,2026,3,ZIMA,22.857632404421224,49.69602003250564,10000.969786525471,1910.8260888669504
2026-03-11,2026,3,ZIMA,22.92051447430959,49.69602003250564,12190.390638070834,1924.7178656064366
2026-03-11,2026,3,ZIMA,22.98339654419796,49.69602003250564,15436.431266160615,1924.717894756291
2026-03-11,2026,3,ZIMA,23.046278614086322,49.69602003250564,19210.744729072256,1924.7179117664975
2026-03-11,2026,3,ZIMA,22.480339985091025,49.758902102394,24218.86394768968,1890.5515095769824
2026-03-11,2026,3,ZIMA,22.543222054979392,49.758902102394,19719.19497998909,1890.5515308269655
2026-03-11,2026,3,ZIMA,22.60610412486776,49.758902102394,15237.393310441405,1894.9696765785218
2026-03-11,2026,3,ZIMA,22.668986194756126,49.758902102394,10795.739629674106,1899.1230118179922
2026-03-11,2026,3,ZIMA,22.73186826464449,49.758902102394,6477.364608232152,1904.4047851562086
2026-03-11,2026,3,ZIMA,22.794750334532857,49.758902102394,2898.793415115452,1904.2244655749741
2026-03-11,2026,3,ZIMA,22.857632404421224,49.758902102394,3986.0002559868417,1888.924917995647
2026-03-11,2026,3,ZIMA,22.480339985091025,49.82178417228238,24485.05312281081,1891.0721401459377
2026-03-11,2026,3,ZIMA,22.543222054979392,49.82178417228238,20051.60575327448,1896.1705038162615
2026-03-11,2026,3,ZIMA,22.60610412486776,49.82178417228238,15671.665293476939,1903.9977654545828
2026-03-11,2026,3,ZIMA,22.668986194756126,49.82178417228238,11407.039042674794,1903.7495880164518
2026-03-11,2026,3,ZIMA,22.73186826464449,49.82178417228238,7458.239001922648,1897.6787158372606
2026-03-11,2026,3,ZIMA,22.794750334532857,49.82178417228238,4702.716799262997,1896.9595344086213
2026-03-11,2026,3,ZIMA,22.857632404421224,49.82178417228238,5439.764504760876,1893.397187411191
2026-03-11,2026,3,ZIMA,22.92051447430959,49.82178417228238,8834.698213771855,1888.9249310192326
2026-03-11,2026,3,ZIMA,22.98339654419796,49.82178417228238,12942.107624735587,1888.9248745537961
2026-03-11,2026,3,ZIMA,22.543222054979392,49.88466624217074,22652.23197915794,1904.8871337181652
2026-03-11,2026,3,ZIMA,22.60610412486776,49.88466624217074,18890.758126158304,1904.7470829723563
2026-03-11,2026,3,ZIMA,22.668986194756126,49.88466624217074,15541.237084106444,1904.6308642063289
2026-03-11,2026,3,ZIMA,22.73186826464449,49.88466624217074,12927.939498429201,1908.243218059012
2026-03-11,2026,3,ZIMA,22.794750334532857,49.88466624217074,11561.37487509842,1909.1217335964914
2026-03-11,2026,3,ZIMA,22.857632404421224,49.88466624217074,11879.864226783786,1909.853459050784
2026-03-11,2026,3,ZIMA,22.92051447430959,49.88466624217074,13766.95441392564,1901.7086005279134
2026-03-11,2026,3,ZIMA,22.98339654419796,49.88466624217074,16699.076024239654,1897.2458475945398
2026-03-11,2026,3,ZIMA,23.046278614086322,49.88466624217074,20226.751793249558,1896.9919393921327
2026-03-11,2026,3,ZIMA,23.10916068397469,49.88466624217074,24089.74822236341,1894.2469590801293
2026-03-11,2026,3,ZIMA,22.60610412486776,49.94754831205911,23789.93073825914,1904.740094327664
2026-03-11,2026,3,ZIMA,22.668986194756126,49.94754831205911,21231.583181349688,1904.03828146796
2026-03-11,2026,3,ZIMA,22.73186826464449,49.94754831205911,19403.05298248852,1905.4505713960982
2026-03-11,2026,3,ZIMA,22.794750334532857,49.94754831205911,18521.763690421976,1907.629960676873
2026-03-11,2026,3,ZIMA,22.857632404421224,49.94754831205911,18721.960805825238,1908.372692872508
2026-03-11,2026,3,ZIMA,22.92051447430959,49.94754831205911,19971.14797894329,1912.2397096640595
2026-03-11,2026,3,ZIMA,22.98339654419796,49.94754831205911,22092.094857474316,1910.778263277902
2026-03-11,2026,3,ZIMA,22.854130628921773,49.63313796261727,16747.59062510875,1909.0299130008864
2026-03-11,2026,3,ZIMA,22.91701269881014,49.63313796261727,18078.699496001653,1909.029915689459
2026-03-11,2026,3,ZIMA,22.979894768698507,49.63313796261727,20355.378128692326,1909.0299072238213
2026-03-11,2026,3,ZIMA,23.042776838586875,49.63313796261727,23302.102596504606,1909.029907226533
2026-03-11,2026,3,ZIMA,22.854130628921773,49.69602003250564,9925.804442744618,1904.5273599955115
2026-03-11,2026,3,ZIMA,22.91701269881014,49.69602003250564,12034.098139129663,1905.2772486736674
2026-03-11,2026,3,ZIMA,22.979894768698507,49.69602003250564,15238.4053678971,1906.7509036255403
2026-03-11,2026,3,ZIMA,23.042776838586875,49.69602003250564,18991.84035968079,1908.254438360118
2026-03-11,2026,3,ZIMA,23.10565890847524,49.69602003250564,23027.42728957992,1908.9817757848878
2026-03-11,2026,3,ZIMA,22.854130628921773,49.758902102394,3793.7213419985233,1910.6413035625867
2026-03-11,2026,3,ZIMA,22.91701269881014,49.758902102394,7786.568793727139,1910.2850128994125
2026-03-11,2026,3,ZIMA,22.979894768698507,49.758902102394,12161.720841075346,1909.5486067220668
2026-03-11,2026,3,ZIMA,23.042776838586875,49.758902102394,16619.947337861326,1908.8187712455879
2026-03-11,2026,3,ZIMA,23.10565890847524,49.758902102394,21108.67473481149,1908.4559098814623
2026-03-11,2026,3,ZIMA,22.476838209591577,49.82178417228238,24732.937708685735,1892.2249843806992
2026-03-11,2026,3,ZIMA,22.539720279479937,49.82178417228238,20297.411143479418,1892.2249741319076
2026-03-11,2026,3,ZIMA,22.602602349368304,49.82178417228238,15913.413097043529,1892.2249680755242
2026-03-11,2026,3,ZIMA,22.66548441925667,49.82178417228238,11639.320203242836,1892.2249639475156
2026-03-11,2026,3,ZIMA,22.72836648914504,49.82178417228238,7661.342613068737,1892.2249780002203
2026-03-11,2026,3,ZIMA,22.791248559033406,49.82178417228238,4785.811467923666,1892.2249722678232
2026-03-11,2026,3,ZIMA,22.854130628921773,49.82178417228238,5300.66979958756,1900.7184182722044
2026-03-11,2026,3,ZIMA,22.91701269881014,49.82178417228238,8618.326885003622,1900.7041015625248
2026-03-11,2026,3,ZIMA,22.979894768698507,49.82178417228238,12705.881462523077,1900.706038469899
2026-03-11,2026,3,ZIMA,23.042776838586875,49.82178417228238,17017.303048801034,1900.964508837167
2026-03-11,2026,3,ZIMA,23.10565890847524,49.82178417228238,21417.819603185195,1901.1216776381561
2026-03-11,2026,3,ZIMA,22.854130628921773,49.88466624217074,11816.902198281767,1905.7428289749348
2026-03-11,2026,3,ZIMA,22.91701269881014,49.88466624217074,13629.292243229083,1905.975089461331
2026-03-11,2026,3,ZIMA,22.979894768698507,49.88466624217074,16516.90884164646,1906.42991978396
2026-03-11,2026,3,ZIMA,23.042776838586875,49.88466624217074,20019.770083735842,1906.8943853905355
2026-03-11,2026,3,ZIMA,23.10565890847524,49.88466624217074,23868.520088151923,1907.1266618799225
2026-03-11,2026,3,ZIMA,22.791248559033406,49.94754831205911,18542.98062588175,1900.0247545620866
2026-03-11,2026,3,ZIMA,22.854130628921773,49.94754831205911,18682.124034834567,1904.384106509556
2026-03-11,2026,3,ZIMA,22.91701269881014,49.94754831205911,19876.625217968478,1903.9541694002194
2026-03-11,2026,3,ZIMA,22.979894768698507,49.94754831205911,21954.90067840777,1903.1116832611049
2026-03-11,2026,3,ZIMA,23.042776838586875,49.94754831205911,24694.81986620103,1902.251806099454
2026-03-12,2026,3,ZIMA,22.543222054979392,49.88466624217074,22652.23197915794,1895.8448516396327
2026-03-13,2026,3,ZIMA,22.979894768698507,49.88466624217074,16516.90884164646,1910.438077865709
2026-03-13,2026,3,ZIMA,23.042776838586875,49.88466624217074,20019.770083735842,1909.2129851861432
2026-03-13,2026,3,ZIMA,23.10565890847524,49.88466624217074,23868.520088151923,1908.6369187052994
2026-03-13,2026,3,ZIMA,22.979894768698507,49.94754831205911,21954.90067840777,1908.8280821068406
2026-03-13,2026,3,ZIMA,23.042776838586875,49.94754831205911,24694.81986620103,1910.3330592650373
2026-03-14,2026,3,ZIMA,22.73186826464449,49.57025589272891,24247.479926624357,1876.0728123364006
2026-03-14,2026,3,ZIMA,22.794750334532857,49.57025589272891,23542.667354087043,1876.5841186113112
2026-03-14,2026,3,ZIMA,22.857632404421224,49.57025589272891,23701.716314927882,1879.9178612696796
2026-03-14,2026,3,ZIMA,22.92051447430959,49.57025589272891,24707.950355679503,1911.339392676398
2026-03-14,2026,3,ZIMA,22.60610412486776,49.63313796261727,22334.496360655765,1869.5201416015987
2026-03-14,2026,3,ZIMA,22.668986194756126,49.63313796261727,19567.85649260438,1872.9716999904467
2026-03-14,2026,3,ZIMA,22.73186826464449,49.63313796261727,17553.256263421696,1877.8229972170047
2026-03-14,2026,3,ZIMA,22.794750334532857,49.63313796261727,16567.348017909964,1884.4882130977087
2026-03-14,2026,3,ZIMA,22.857632404421224,49.63313796261727,16792.305563771337,1889.1550464830402
2026-03-14,2026,3,ZIMA,22.92051447430959,49.63313796261727,18183.243881269947,1917.2615966796577
2026-03-14,2026,3,ZIMA,22.98339654419796,49.63313796261727,20504.23508264184,1905.750976539354
2026-03-14,2026,3,ZIMA,23.046278614086322,49.63313796261727,23481.087659430355,1897.3061038986848
2026-03-14,2026,3,ZIMA,22.543222054979392,49.69602003250564,21759.12626022996,1869.7439755777675
2026-03-14,2026,3,ZIMA,22.60610412486776,49.69602003250564,17792.936331099667,1874.5677038171657
2026-03-14,2026,3,ZIMA,22.668986194756126,49.69602003250564,14170.71047156264,1883.8981981207621
2026-03-14,2026,3,ZIMA,22.73186826464449,49.69602003250564,11230.362200721725,1891.144224145451
2026-03-14,2026,3,ZIMA,22.794750334532857,49.69602003250564,9618.968663516293,1896.2193296200273
2026-03-14,2026,3,ZIMA,22.857632404421224,49.69602003250564,10000.969786525471,1909.6284701821917
2026-03-14,2026,3,ZIMA,22.92051447430959,49.69602003250564,12190.390638070834,1912.6867181754772
2026-03-14,2026,3,ZIMA,22.98339654419796,49.69602003250564,15436.431266160615,1908.0202371694313
2026-03-14,2026,3,ZIMA,23.046278614086322,49.69602003250564,19210.744729072256,1917.4436659444946
2026-03-14,2026,3,ZIMA,23.10916068397469,49.69602003250564,23257.54531041787,1936.860897898277
2026-03-14,2026,3,ZIMA,22.480339985091025,49.758902102394,24218.86394768968,1883.784331688594
2026-03-14,2026,3,ZIMA,22.543222054979392,49.758902102394,19719.19497998909,1876.9912384310453
2026-03-14,2026,3,ZIMA,22.60610412486776,49.758902102394,15237.393310441405,1880.3576830107288
2026-03-14,2026,3,ZIMA,22.668986194756126,49.758902102394,10795.739629674106,1885.1003057160392
2026-03-14,2026,3,ZIMA,22.73186826464449,49.758902102394,6477.364608232152,1890.873769106853
2026-03-14,2026,3,ZIMA,22.794750334532857,49.758902102394,2898.793415115452,1891.3730368717925
2026-03-14,2026,3,ZIMA,22.857632404421224,49.758902102394,3986.0002559868417,1912.9254055525605
2026-03-14,2026,3,ZIMA,22.92051447430959,49.758902102394,8025.701311788736,1911.485992943988
2026-03-14,2026,3,ZIMA,22.98339654419796,49.758902102394,12408.62720625713,1913.8657289798093
2026-03-14,2026,3,ZIMA,23.046278614086322,49.758902102394,16869.338095249284,1936.8608398437455
2026-03-14,2026,3,ZIMA,23.10916068397469,49.758902102394,21359.15270679777,1936.8608353809273
2026-03-14,2026,3,ZIMA,22.480339985091025,49.82178417228238,24485.05312281081,1885.8735670891467
2026-03-14,2026,3,ZIMA,22.543222054979392,49.82178417228238,20051.60575327448,1887.5211886402867
2026-03-14,2026,3,ZIMA,22.60610412486776,49.82178417228238,15671.665293476939,1887.2786401353117
2026-03-14,2026,3,ZIMA,22.668986194756126,49.82178417228238,11407.039042674794,1887.2875788742547
2026-03-14,2026,3,ZIMA,22.73186826464449,49.82178417228238,7458.239001922648,1890.9615484834703
2026-03-14,2026,3,ZIMA,22.794750334532857,49.82178417228238,4702.716799262997,1899.2276720508287
2026-03-14,2026,3,ZIMA,22.857632404421224,49.82178417228238,5439.764504760876,1917.0141724287018
2026-03-14,2026,3,ZIMA,22.92051447430959,49.82178417228238,8834.698213771855,1909.710199493272
2026-03-14,2026,3,ZIMA,22.98339654419796,49.82178417228238,12942.107624735587,1910.9750941738166
2026-03-14,2026,3,ZIMA,23.046278614086322,49.82178417228238,17260.640651009067,1929.6473851263013
2026-03-14,2026,3,ZIMA,23.10916068397469,49.82178417228238,21664.40605387826,1914.0360597396127
2026-03-14,2026,3,ZIMA,22.543222054979392,49.88466624217074,22652.23197915794,1889.2334121284105
2026-03-14,2026,3,ZIMA,22.60610412486776,49.88466624217074,18890.758126158304,1892.7880692093142
2026-03-14,2026,3,ZIMA,22.668986194756126,49.88466624217074,15541.237084106444,1896.377306718045
2026-03-14,2026,3,ZIMA,22.73186826464449,49.88466624217074,12927.939498429201,1901.2819145465878
2026-03-14,2026,3,ZIMA,22.794750334532857,49.88466624217074,11561.37487509842,1927.4502629201622
2026-03-14,2026,3,ZIMA,22.857632404421224,49.88466624217074,11879.864226783786,1924.186201657618
2026-03-14,2026,3,ZIMA,22.92051447430959,49.88466624217074,13766.95441392564,1913.2421002737608
2026-03-14,2026,3,ZIMA,22.98339654419796,49.88466624217074,16699.076024239654,1929.758684226741
2026-03-14,2026,3,ZIMA,23.046278614086322,49.88466624217074,20226.751793249558,1918.7756269835688
2026-03-14,2026,3,ZIMA,23.10916068397469,49.88466624217074,24089.74822236341,1893.309946836814
2026-03-14,2026,3,ZIMA,22.60610412486776,49.94754831205911,23789.93073825914,1895.6971959435755
2026-03-14,2026,3,ZIMA,22.668986194756126,49.94754831205911,21231.583181349688,1900.6440098203457
2026-03-14,2026,3,ZIMA,22.73186826464449,49.94754831205911,19403.05298248852,1911.4085332742427
2026-03-14,2026,3,ZIMA,22.794750334532857,49.94754831205911,18521.763690421976,1921.0979503483927
2026-03-14,2026,3,ZIMA,22.857632404421224,49.94754831205911,18721.960805825238,1911.5852818068652
2026-03-14,2026,3,ZIMA,22.92051447430959,49.94754831205911,19971.14797894329,1933.3832929108964
2026-03-14,2026,3,ZIMA,22.98339654419796,49.94754831205911,22092.094857474316,1942.5843038194084
2026-03-15,2026,3,ZIMA,22.73186826464449,49.57025589272891,24247.479926624357,1893.4597198676252
2026-03-15,2026,3,ZIMA,22.794750334532857,49.57025589272891,23542.667354087043,1927.2924829493288
2026-03-15,2026,3,ZIMA,22.857632404421224,49.57025589272891,23701.716314927882,1908.5287121621107
2026-03-15,2026,3,ZIMA,22.92051447430959,49.57025589272891,24707.950355679503,1911.9403394414928
2026-03-15,2026,3,ZIMA,22.60610412486776,49.63313796261727,22334.496360655765,1901.7476577301145
2026-03-15,2026,3,ZIMA,22.668986194756126,49.63313796261727,19567.85649260438,1901.5920411949676
2026-03-15,2026,3,ZIMA,22.73186826464449,49.63313796261727,17553.256263421696,1922.7246054991228
2026-03-15,2026,3,ZIMA,22.794750334532857,49.63313796261727,16567.348017909964,1922.7246022752242
2026-03-15,2026,3,ZIMA,22.857632404421224,49.63313796261727,16792.305563771337,1908.9690858294935
2026-03-15,2026,3,ZIMA,22.92051447430959,49.63313796261727,18183.243881269947,1920.3573605083227
2026-03-15,2026,3,ZIMA,22.98339654419796,49.63313796261727,20504.23508264184,1923.8198308835902
2026-03-15,2026,3,ZIMA,23.046278614086322,49.63313796261727,23481.087659430355,1922.296747036522
2026-03-15,2026,3,ZIMA,22.543222054979392,49.69602003250564,21759.12626022996,1897.4702736938652
2026-03-15,2026,3,ZIMA,22.60610412486776,49.69602003250564,17792.936331099667,1900.163404142952
2026-03-15,2026,3,ZIMA,22.668986194756126,49.69602003250564,14170.71047156264,1916.7373542018345
2026-03-15,2026,3,ZIMA,22.73186826464449,49.69602003250564,11230.362200721725,1930.3043605615949
2026-03-15,2026,3,ZIMA,22.794750334532857,49.69602003250564,9618.968663516293,1916.991007446866
2026-03-15,2026,3,ZIMA,22.857632404421224,49.69602003250564,10000.969786525471,1911.856092353714
2026-03-15,2026,3,ZIMA,22.92051447430959,49.69602003250564,12190.390638070834,1925.1133710246474
2026-03-15,2026,3,ZIMA,22.98339654419796,49.69602003250564,15436.431266160615,1924.9717648116525
2026-03-15,2026,3,ZIMA,23.046278614086322,49.69602003250564,19210.744729072256,1922.6911743114877
2026-03-15,2026,3,ZIMA,23.10916068397469,49.69602003250564,23257.54531041787,1917.7130615807382
2026-03-15,2026,3,ZIMA,22.480339985091025,49.758902102394,24218.86394768968,1895.844762912436
2026-03-15,2026,3,ZIMA,22.543222054979392,49.758902102394,19719.19497998909,1904.7568165828914
2026-03-15,2026,3,ZIMA,22.60610412486776,49.758902102394,15237.393310441405,1906.4535821064048
2026-03-15,2026,3,ZIMA,22.668986194756126,49.758902102394,10795.739629674106,1919.8036076923217
2026-03-15,2026,3,ZIMA,22.73186826464449,49.758902102394,6477.364608232152,1916.875181891965
2026-03-15,2026,3,ZIMA,22.794750334532857,49.758902102394,2898.793415115452,1911.0110732171438
2026-03-15,2026,3,ZIMA,22.857632404421224,49.758902102394,3986.0002559868417,1916.8048465915224
2026-03-15,2026,3,ZIMA,22.92051447430959,49.758902102394,8025.701311788736,1927.4839024369414
2026-03-15,2026,3,ZIMA,22.98339654419796,49.758902102394,12408.62720625713,1927.5250677076506
2026-03-15,2026,3,ZIMA,23.046278614086322,49.758902102394,16869.338095249284,1928.6343312972176
2026-03-15,2026,3,ZIMA,23.10916068397469,49.758902102394,21359.15270679777,1926.2948015594422
2026-03-15,2026,3,ZIMA,22.480339985091025,49.82178417228238,24485.05312281081,1907.3369807343686
2026-03-15,2026,3,ZIMA,22.543222054979392,49.82178417228238,20051.60575327448,1907.3093720157653
2026-03-15,2026,3,ZIMA,22.60610412486776,49.82178417228238,15671.665293476939,1922.775381611102
2026-03-15,2026,3,ZIMA,22.668986194756126,49.82178417228238,11407.039042674794,1922.7252589568443
2026-03-15,2026,3,ZIMA,22.73186826464449,49.82178417228238,7458.239001922648,1913.119404976358
2026-03-15,2026,3,ZIMA,22.794750334532857,49.82178417228238,4702.716799262997,1911.8162317137258
2026-03-15,2026,3,ZIMA,22.857632404421224,49.82178417228238,5439.764504760876,1926.2344102958966
2026-03-15,2026,3,ZIMA,22.92051447430959,49.82178417228238,8834.698213771855,1920.356992578268
2026-03-15,2026,3,ZIMA,22.98339654419796,49.82178417228238,12942.107624735587,1915.10418516117
2026-03-15,2026,3,ZIMA,23.046278614086322,49.82178417228238,17260.640651009067,1915.4771301032924
2026-03-15,2026,3,ZIMA,23.10916068397469,49.82178417228238,21664.40605387826,1915.303656106628
2026-03-15,2026,3,ZIMA,22.543222054979392,49.88466624217074,22652.23197915794,1918.3209241877585
2026-03-15,2026,3,ZIMA,22.60610412486776,49.88466624217074,18890.758126158304,1927.3502238666913
2026-03-15,2026,3,ZIMA,22.668986194756126,49.88466624217074,15541.237084106444,1923.0158666978448
2026-03-15,2026,3,ZIMA,22.73186826464449,49.88466624217074,12927.939498429201,1918.2398073082113
2026-03-15,2026,3,ZIMA,22.794750334532857,49.88466624217074,11561.37487509842,1923.334832902793
2026-03-15,2026,3,ZIMA,22.857632404421224,49.88466624217074,11879.864226783786,1930.8808767994656
2026-03-15,2026,3,ZIMA,22.92051447430959,49.88466624217074,13766.95441392564,1920.691564048953
2026-03-15,2026,3,ZIMA,22.98339654419796,49.88466624217074,16699.076024239654,1920.1782005789742
2026-03-15,2026,3,ZIMA,23.046278614086322,49.88466624217074,20226.751793249558,1913.264975098424
2026-03-15,2026,3,ZIMA,23.10916068397469,49.88466624217074,24089.74822236341,1913.2396726517927
2026-03-15,2026,3,ZIMA,22.60610412486776,49.94754831205911,23789.93073825914,1927.9700842058714
2026-03-15,2026,3,ZIMA,22.668986194756126,49.94754831205911,21231.583181349688,1914.569514330702
2026-03-15,2026,3,ZIMA,22.73186826464449,49.94754831205911,19403.05298248852,1915.512398720165
2026-03-15,2026,3,ZIMA,22.794750334532857,49.94754831205911,18521.763690421976,1925.9015003675518
2026-03-15,2026,3,ZIMA,22.857632404421224,49.94754831205911,18721.960805825238,1929.0125055625274
2026-03-15,2026,3,ZIMA,22.92051447430959,49.94754831205911,19971.14797894329,1922.9149627608667
2026-03-15,2026,3,ZIMA,22.98339654419796,49.94754831205911,22092.094857474316,1920.142848644548
2026-03-16,2026,3,ZIMA,22.857632404421224,49.57725944372781,22929.642924141328,1901.5904911572895
2026-03-16,2026,3,ZIMA,22.92051447430959,49.57725944372781,23968.166495009584,1895.5048878392063
2026-03-16,2026,3,ZIMA,22.60610412486776,49.64014151361617,21764.45074750315,1898.1169420793456
2026-03-16,2026,3,ZIMA,22.668986194756126,49.64014151361617,18915.05239248048,1898.1169456859848
2026-03-16,2026,3,ZIMA,22.73186826464449,49.64014151361617,16822.773898113886,1908.9205326705137
2026-03-16,2026,3,ZIMA,22.794750334532857,49.64014151361617,15791.477478126646,1908.3501985943249
2026-03-16,2026,3,ZIMA,22.857632404421224,49.64014151361617,16027.29515834017,1905.7685242730342
2026-03-16,2026,3,ZIMA,22.92051447430959,49.64014151361617,17479.017342413288,1914.5836439564837
2026-03-16,2026,3,ZIMA,22.98339654419796,49.64014151361617,19882.064266925787,1917.78004270635
2026-03-16,2026,3,ZIMA,23.046278614086322,49.64014151361617,22939.388354842766,1912.2709249187187
2026-03-16,2026,3,ZIMA,22.543222054979392,49.703023583504546,21428.823452632554,1887.6817623678899
2026-03-16,2026,3,ZIMA,22.60610412486776,49.703023583504546,17388.09997969512,1896.294579359659
2026-03-16,2026,3,ZIMA,22.668986194756126,49.703023583504546,13659.542302594182,1897.8067082228613
2026-03-16,2026,3,ZIMA,22.73186826464449,49.703023583504546,10578.554156056924,1901.8021747487242
2026-03-16,2026,3,ZIMA,22.794750334532857,49.703023583504546,8849.528317586586,1906.4107700537438
2026-03-16,2026,3,ZIMA,22.857632404421224,49.703023583504546,9263.256096580859,1908.8877344648092
2026-03-16,2026,3,ZIMA,22.92051447430959,49.703023583504546,11592.548159691261,1925.937956532518
2026-03-16,2026,3,ZIMA,22.98339654419796,49.703023583504546,14968.36972927753,1924.7562157134873
2026-03-16,2026,3,ZIMA,23.046278614086322,49.703023583504546,18836.204875113814,1920.965342741272
2026-03-16,2026,3,ZIMA,23.10916068397469,49.703023583504546,22948.6082092133,1915.708564189254
2026-03-16,2026,3,ZIMA,22.480339985091025,49.765905653392906,24148.621374600574,1890.7194636637166
2026-03-16,2026,3,ZIMA,22.543222054979392,49.765905653392906,19633.58536118644,1893.9531258049456
2026-03-16,2026,3,ZIMA,22.60610412486776,49.765905653392906,15127.185678551421,1894.8656878706208
2026-03-16,2026,3,ZIMA,22.668986194756126,49.765905653392906,10640.406085574949,1894.7800745611544
2026-03-16,2026,3,ZIMA,22.73186826464449,49.765905653392906,6215.886208794365,1906.425496231028
2026-03-16,2026,3,ZIMA,22.794750334532857,49.765905653392906,2255.8386657603014,1906.1028403179466
2026-03-16,2026,3,ZIMA,22.857632404421224,49.765905653392906,3545.833307069924,1911.9531052835991
2026-03-16,2026,3,ZIMA,22.92051447430959,49.765905653392906,7815.986039923903,1921.3172713850438
2026-03-16,2026,3,ZIMA,22.98339654419796,49.765905653392906,12273.503404588548,1924.1286922745373
2026-03-16,2026,3,ZIMA,23.046278614086322,49.765905653392906,16769.633620027365,1911.871032761341
2026-03-16,2026,3,ZIMA,23.10916068397469,49.765905653392906,21279.91361633516,1912.156240100582
2026-03-16,2026,3,ZIMA,22.480339985091025,49.82878772328128,24637.71098163613,1893.1961113403022
2026-03-16,2026,3,ZIMA,22.543222054979392,49.82878772328128,20238.437926157472,1891.1626007772647
2026-03-16,2026,3,ZIMA,22.60610412486776,49.82878772328128,15910.724569619551,1892.9569237223086
2026-03-16,2026,3,ZIMA,22.668986194756126,49.82878772328128,11734.02227692739,1903.2301544943882
2026-03-16,2026,3,ZIMA,22.73186826464449,49.82878772328128,7950.021305988564,1911.9317829787412
2026-03-16,2026,3,ZIMA,22.794750334532857,49.82878772328128,5449.57910022521,1909.6429362577837
2026-03-16,2026,3,ZIMA,22.857632404421224,49.82878772328128,6096.910818244094,1924.6211494115075
2026-03-16,2026,3,ZIMA,22.92051447430959,49.82878772328128,9253.44027674539,1922.9685701394537
2026-03-16,2026,3,ZIMA,22.98339654419796,49.82878772328128,13231.00488394699,1921.1944811025094
2026-03-16,2026,3,ZIMA,23.046278614086322,49.82878772328128,17477.763716287656,1911.9923628804588
2026-03-16,2026,3,ZIMA,23.10916068397469,49.82878772328128,21837.221769753294,1911.8332146195128
2026-03-16,2026,3,ZIMA,22.543222054979392,49.89166979316964,23055.323741507742,1901.5469411937272
2026-03-16,2026,3,ZIMA,22.60610412486776,49.89166979316964,19372.8599092558,1912.436084008589
2026-03-16,2026,3,ZIMA,22.668986194756126,49.89166979316964,16124.320549651156,1915.2069809691277
2026-03-16,2026,3,ZIMA,22.73186826464449,49.89166979316964,13623.731614643058,1913.475380133049
2026-03-16,2026,3,ZIMA,22.794750334532857,49.89166979316964,12334.694064801255,1918.5595308231775
2026-03-16,2026,3,ZIMA,22.857632404421224,49.89166979316964,12633.660695484874,1924.888539510783
2026-03-16,2026,3,ZIMA,22.92051447430959,49.89166979316964,14422.21314753677,1923.6999890858626
2026-03-16,2026,3,ZIMA,22.98339654419796,49.89166979316964,17242.89404715196,1919.4003180087168
2026-03-16,2026,3,ZIMA,23.046278614086322,49.89166979316964,20677.545318090793,1911.618914646723
2026-03-16,2026,3,ZIMA,23.10916068397469,49.89166979316964,24468.971890557703,1910.9015591071627
2026-03-16,2026,3,ZIMA,22.60610412486776,49.954551863058015,24398.873749480455,1913.0290330585326
2026-03-16,2026,3,ZIMA,22.668986194756126,49.954551863058015,21912.12152600626,1914.6644523505604
2026-03-16,2026,3,ZIMA,22.73186826464449,49.954551863058015,20145.72377669812,1916.5697820240805
2026-03-16,2026,3,ZIMA,22.794750334532857,49.954551863058015,19298.50501956277,1924.162589009203
2026-03-16,2026,3,ZIMA,22.857632404421224,49.954551863058015,19490.69782676635,1926.7282182698493
2026-03-16,2026,3,ZIMA,22.92051447430959,49.954551863058015,20693.361969813795,1917.0387430523701
2026-03-16,2026,3,ZIMA,22.98339654419796,49.954551863058015,22746.784219170553,1918.8384104049626
2026-03-18,2026,3,ZIMA,22.476838209591577,49.76240387789346,24431.91051318653,1876.2776532511425
2026-03-18,2026,3,ZIMA,22.539720279479937,49.76240387789346,19923.368274673587,1875.9332960839502
2026-03-18,2026,3,ZIMA,22.476838209591577,49.82528594778182,24805.546002160747,1877.3986539507823
2026-03-18,2026,3,ZIMA,22.539720279479937,49.82528594778182,20386.177140635493,1877.265279631755
2026-06-20,2026,6,LATO,22.84012352692396,49.64014151361617,15832.004225340383,1884.13312620548
2026-06-20,2026,6,LATO,22.903005596812335,49.64014151361617,16965.836855889575,1888.6773938861995
2026-06-20,2026,6,LATO,22.965887666700695,49.64014151361617,19135.44931006767,1889.9065104980345
2026-06-20,2026,6,LATO,23.02876973658907,49.64014151361617,22037.010834643912,1891.0204437493037
2026-06-20,2026,6,LATO,22.84012352692396,49.703023583504546,8921.552370794487,1884.0306539776607
2026-06-20,2026,6,LATO,22.903005596812335,49.703023583504546,10804.327233564076,1884.1576742458296
2026-06-20,2026,6,LATO,22.965887666700695,49.703023583504546,13962.754705896936,1887.2624852432664
2026-06-20,2026,6,LATO,23.02876973658907,49.703023583504546,17727.63889167577,1885.9917194002765
2026-06-20,2026,6,LATO,23.09165180647743,49.703023583504546,21786.816205965722,1867.850131481617
2026-06-20,2026,6,LATO,22.84012352692396,49.765905653392906,2523.3126508779337,1883.2305898464263
2026-06-20,2026,6,LATO,22.903005596812335,49.765905653392906,6592.32142197454,1882.6285290594487
2026-06-20,2026,6,LATO,22.965887666700695,49.765905653392906,11026.461713720417,1877.2901408408038
2026-06-20,2026,6,LATO,23.02876973658907,49.765905653392906,15515.78269673641,1872.1317418961023
2026-06-20,2026,6,LATO,23.09165180647743,49.765905653392906,20023.20108708745,1877.2369483912867
2026-06-20,2026,6,LATO,23.154533876365804,49.765905653392906,24538.74390792931,1877.003078128654
2026-06-20,2026,6,LATO,22.7772414570356,49.82878772328128,5908.502699683845,1883.8870964524497
2026-06-20,2026,6,LATO,22.84012352692396,49.82878772328128,5565.478544359213,1883.8870854154513
2026-06-20,2026,6,LATO,22.903005596812335,49.82878772328128,8247.30583412717,1883.8870876656852
2026-06-20,2026,6,LATO,22.965887666700695,49.82878772328128,12084.745281253774,1869.6127924348143
2026-06-20,2026,6,LATO,23.02876973658907,49.82878772328128,16280.157012807253,1868.8453404869335
2026-06-20,2026,6,LATO,23.09165180647743,49.82878772328128,20616.141316553247,1870.1582643496356
2026-06-20,2026,6,LATO,22.965887666700695,49.89166979316964,16380.984509599155,1868.464063664203
2026-06-20,2026,6,LATO,23.02876973658907,49.89166979316964,19677.007522249452,1868.4641417401592
2026-06-20,2026,6,LATO,23.09165180647743,49.89166979316964,23387.151398022725,1868.464055954835
2026-06-21,2026,6,LATO,22.714359387147226,49.57725944372781,23846.226255515205,1878.2070714268468
2026-06-21,2026,6,LATO,22.7772414570356,49.57725944372781,22880.010970962256,1867.6723129594702
2026-06-21,2026,6,LATO,22.84012352692396,49.57725944372781,22793.391111527922,1863.445262244036
2026-06-21,2026,6,LATO,22.903005596812335,49.57725944372781,23596.05529717468,1863.8513637996543
2026-06-21,2026,6,LATO,22.651477317258866,49.64014151361617,19644.87615510022,1883.894777334185
2026-06-21,2026,6,LATO,22.714359387147226,49.64014151361617,17311.644736144277,1884.419008888451
2026-06-21,2026,6,LATO,22.7772414570356,49.64014151361617,15956.299449220478,1883.1018761813177
2026-06-21,2026,6,LATO,22.84012352692396,49.64014151361617,15832.004225340383,1878.2747002271287
2026-06-21,2026,6,LATO,22.903005596812335,49.64014151361617,16965.836855889575,1876.9180299594168
2026-06-21,2026,6,LATO,22.965887666700695,49.64014151361617,19135.44931006767,1826.0225546460265
2026-06-21,2026,6,LATO,23.02876973658907,49.64014151361617,22037.010834643912,1823.2969463180646
2026-06-21,2026,6,LATO,22.651477317258866,49.703023583504546,14652.263880901603,1884.1939227876048
2026-06-21,2026,6,LATO,22.714359387147226,49.703023583504546,11338.944403631276,1883.7256049230473
2026-06-21,2026,6,LATO,22.7772414570356,49.703023583504546,9140.029561753958,1884.3390104101059
2026-06-21,2026,6,LATO,22.84012352692396,49.703023583504546,8921.552370794487,1883.6842557501186
2026-06-21,2026,6,LATO,22.903005596812335,49.703023583504546,10804.327233564076,1878.4459689648584
2026-06-21,2026,6,LATO,22.965887666700695,49.703023583504546,13962.754705896936,1840.6764984931594
2026-06-21,2026,6,LATO,23.02876973658907,49.703023583504546,17727.63889167577,1834.2226900763014
2026-06-21,2026,6,LATO,23.09165180647743,49.703023583504546,21786.816205965722,1823.3258056640939
2026-06-21,2026,6,LATO,22.588595247370506,49.765905653392906,16380.668261241508,1888.1725948011303
2026-06-21,2026,6,LATO,22.651477317258866,49.765905653392906,11886.450881199358,1888.1049680282072
2026-06-21,2026,6,LATO,22.714359387147226,49.765905653392906,7435.161123830869,1888.0381488587861
2026-06-21,2026,6,LATO,22.7772414570356,49.765905653392906,3210.619340403136,1886.8726112256127
2026-06-21,2026,6,LATO,22.84012352692396,49.765905653392906,2523.3126508779337,1867.4875586694652
2026-06-21,2026,6,LATO,22.903005596812335,49.765905653392906,6592.32142197454,1843.9087791553275
2026-06-21,2026,6,LATO,22.965887666700695,49.765905653392906,11026.461713720417,1838.2813064705206
2026-06-21,2026,6,LATO,23.02876973658907,49.765905653392906,15515.78269673641,1837.8918953264917
2026-06-21,2026,6,LATO,23.09165180647743,49.765905653392906,20023.20108708745,1840.5582021670882
2026-06-21,2026,6,LATO,23.154533876365804,49.765905653392906,24538.74390792931,1842.8845102772711
2026-06-21,2026,6,LATO,22.588595247370506,49.82878772328128,17105.396575522118,1888.1726374901357
2026-06-21,2026,6,LATO,22.651477317258866,49.82878772328128,12873.244408405542,1888.1725948154512
2026-06-21,2026,6,LATO,22.714359387147226,49.82878772328128,8934.520738934094,1888.1704349883053
2026-06-21,2026,6,LATO,22.7772414570356,49.82878772328128,5908.502699683845,1888.0517036206666
2026-06-21,2026,6,LATO,22.84012352692396,49.82878772328128,5565.478544359213,1846.0353640355995
2026-06-21,2026,6,LATO,22.903005596812335,49.82878772328128,8247.30583412717,1844.7340396405275
2026-06-21,2026,6,LATO,22.965887666700695,49.82878772328128,12084.745281253774,1844.352262241732
2026-06-21,2026,6,LATO,23.02876973658907,49.82878772328128,16280.157012807253,1841.7712565660615
2026-06-21,2026,6,LATO,23.09165180647743,49.82878772328128,20616.141316553247,1841.4692820027276
2026-06-21,2026,6,LATO,22.7772414570356,49.89166979316964,12543.938902384274,1865.4707563016802
2026-06-21,2026,6,LATO,22.84012352692396,49.89166979316964,12386.26901971219,1860.8743348691382
2026-06-21,2026,6,LATO,22.903005596812335,49.89166979316964,13799.09481397737,1858.7335090474091
2026-06-21,2026,6,LATO,22.965887666700695,49.89166979316964,16380.984509599155,1845.6483723042431
2026-06-21,2026,6,LATO,23.02876973658907,49.89166979316964,19677.007522249452,1845.2783743575408
2026-06-21,2026,6,LATO,23.09165180647743,49.89166979316964,23387.151398022725,1854.971765414245
2026-06-21,2026,6,LATO,22.7772414570356,49.954551863058015,19432.73675666003,1861.4745604663178
2026-06-21,2026,6,LATO,22.84012352692396,49.954551863058015,19331.467149038792,1860.813102986895
2026-06-21,2026,6,LATO,22.903005596812335,49.954551863058015,20264.5722208888,1860.846895349227
2026-06-21,2026,6,LATO,22.965887666700695,49.954551863058015,22101.4288128028,1859.8977128594313
2026-06-21,2026,6,LATO,23.02876973658907,49.954551863058015,24640.7490788335,1853.2643855270821
2026-06-21,2026,6,LATO,22.836621751424502,49.57725944372781,22774.457865669665,1892.5432374451732
2026-06-21,2026,6,LATO,22.89950382131289,49.57725944372781,23529.071645351414,1892.042789973079
2026-06-21,2026,6,LATO,22.836621751424502,49.64014151361617,15804.768913754664,1896.0666212949322
2026-06-21,2026,6,LATO,22.89950382131289,49.64014151361617,16872.672149618345,1895.660981594373
2026-06-21,2026,6,LATO,22.96238589120125,49.64014151361617,18992.681218573747,1895.2310530085588
2026-06-21,2026,6,LATO,23.02526796108961,49.64014151361617,21860.819726678794,1895.0141195386711
2026-06-21,2026,6,LATO,22.773739681536142,49.703023583504546,9217.785779443613,1889.2267104082825
2026-06-21,2026,6,LATO,22.836621751424502,49.703023583504546,8873.193883643731,1889.2378091503601
2026-06-21,2026,6,LATO,22.89950382131289,49.703023583504546,10657.625836848243,1889.769389363294
2026-06-21,2026,6,LATO,22.96238589120125,49.703023583504546,13766.700495343446,1890.3830164899007
2026-06-21,2026,6,LATO,23.02526796108961,49.703023583504546,17508.418864197356,1890.6898634356908
2026-06-21,2026,6,LATO,23.08815003097797,49.703023583504546,21555.809996945234,1881.2082453763487
2026-06-21,2026,6,LATO,22.773739681536142,49.765905653392906,3425.445302337668,1893.6582228894035
2026-06-21,2026,6,LATO,22.836621751424502,49.765905653392906,2346.846108916964,1893.748553703162
2026-06-21,2026,6,LATO,22.89950382131289,49.765905653392906,6349.351069054357,1893.2532267623699
2026-06-21,2026,6,LATO,22.96238589120125,49.765905653392906,10777.448504270846,1892.7578998205092
2026-06-21,2026,6,LATO,23.02526796108961,49.765905653392906,15265.157581784584,1892.5054554268131
2026-06-21,2026,6,LATO,23.08815003097797,49.765905653392906,19771.9269539861,1890.97290318169
2026-06-21,2026,6,LATO,23.15103210086636,49.765905653392906,24287.146059151117,1891.1728300503216
2026-06-21,2026,6,LATO,22.773739681536142,49.82878772328128,6027.781724379865,1887.1366764884065
2026-06-21,2026,6,LATO,22.836621751424502,49.82878772328128,5487.827182738518,1886.9868643179755
2026-06-21,2026,6,LATO,22.89950382131289,49.82878772328128,8054.668455281097,1886.579747702977
2026-06-21,2026,6,LATO,22.96238589120125,49.82878772328128,11858.272821610666,1886.1725569245596
2026-06-21,2026,6,LATO,23.02526796108961,49.82878772328128,16041.789773359604,1886.3348066115275
2026-06-21,2026,6,LATO,23.08815003097797,49.82878772328128,20372.499515479474,1887.5968871752264
2026-06-21,2026,6,LATO,23.15103210086636,49.82878772328128,24773.32576202776,1887.465373442821
2026-06-21,2026,6,LATO,22.773739681536142,49.89166979316964,12600.488179058046,1883.638809854991
2026-06-21,2026,6,LATO,22.836621751424502,49.89166979316964,12351.618102068232,1883.638795945555
2026-06-21,2026,6,LATO,22.89950382131289,49.89166979316964,13684.981943837483,1883.6387994168686
2026-06-21,2026,6,LATO,22.96238589120125,49.89166979316964,16214.846947098005,1883.6387894423247
2026-06-21,2026,6,LATO,23.02526796108961,49.89166979316964,19480.506395186312,1885.1830818735257
2026-06-21,2026,6,LATO,23.08815003097797,49.89166979316964,23172.94236194198,1885.866713112463
2026-06-21,2026,6,LATO,23.02526796108961,49.954551863058015,24484.322089780882,1892.2359752630875
2026-06-25,2026,6,LATO,22.714359387147226,49.57725944372781,23846.226255515205,1865.7918711234902
2026-06-25,2026,6,LATO,22.7772414570356,49.57725944372781,22880.010970962256,1872.6004115533824
2026-06-25,2026,6,LATO,22.84012352692396,49.57725944372781,22793.391111527922,1874.521943864482
2026-06-25,2026,6,LATO,22.903005596812335,49.57725944372781,23596.05529717468,1874.3445036875664
2026-06-25,2026,6,LATO,22.588595247370506,49.64014151361617,22655.85801047727,1856.6060910331112
2026-06-25,2026,6,LATO,22.651477317258866,49.64014151361617,19644.87615510022,1878.3099285624753
2026-06-25,2026,6,LATO,22.714359387147226,49.64014151361617,17311.644736144277,1878.3099411276648
2026-06-25,2026,6,LATO,22.7772414570356,49.64014151361617,15956.299449220478,1877.2884478747271
2026-06-25,2026,6,LATO,22.84012352692396,49.64014151361617,15832.004225340383,1878.3365114241337
2026-06-25,2026,6,LATO,22.903005596812335,49.64014151361617,16965.836855889575,1890.0989467399
2026-06-25,2026,6,LATO,22.965887666700695,49.64014151361617,19135.44931006767,1891.3941254754322
2026-06-25,2026,6,LATO,23.02876973658907,49.64014151361617,22037.010834643912,1891.0758162790412
2026-06-25,2026,6,LATO,22.52571317748213,49.703023583504546,22587.162426536906,1841.4665994102409
2026-06-25,2026,6,LATO,22.588595247370506,49.703023583504546,18490.311644243488,1872.35577128437
2026-06-25,2026,6,LATO,22.651477317258866,49.703023583504546,14652.263880901603,1876.7092020878006
2026-06-25,2026,6,LATO,22.714359387147226,49.703023583504546,11338.944403631276,1874.5899677267878
2026-06-25,2026,6,LATO,22.7772414570356,49.703023583504546,9140.029561753958,1866.6776701292963
2026-06-25,2026,6,LATO,22.84012352692396,49.703023583504546,8921.552370794487,1881.9472702404128
2026-06-25,2026,6,LATO,22.903005596812335,49.703023583504546,10804.327233564076,1890.8954991335277
2026-06-25,2026,6,LATO,22.965887666700695,49.703023583504546,13962.754705896936,1891.3371406335395
2026-06-25,2026,6,LATO,23.02876973658907,49.703023583504546,17727.63889167577,1890.9898441407277
2026-06-25,2026,6,LATO,23.09165180647743,49.703023583504546,21786.816205965722,1888.337763119394
2026-06-25,2026,6,LATO,22.52571317748213,49.765905653392906,20890.123640765443,1877.2428495626414
2026-06-25,2026,6,LATO,22.588595247370506,49.765905653392906,16380.668261241508,1877.3988719914712
2026-06-25,2026,6,LATO,22.651477317258866,49.765905653392906,11886.450881199358,1872.8160514290978
2026-06-25,2026,6,LATO,22.714359387147226,49.765905653392906,7435.161123830869,1867.223219166861
2026-06-25,2026,6,LATO,22.7772414570356,49.765905653392906,3210.619340403136,1866.1992386263846
2026-06-25,2026,6,LATO,22.84012352692396,49.765905653392906,2523.3126508779337,1879.2552136100237
2026-06-25,2026,6,LATO,22.903005596812335,49.765905653392906,6592.32142197454,1878.926467186402
2026-06-25,2026,6,LATO,22.965887666700695,49.765905653392906,11026.461713720417,1888.7175139548615
2026-06-25,2026,6,LATO,23.02876973658907,49.765905653392906,15515.78269673641,1889.345202888684
2026-06-25,2026,6,LATO,23.09165180647743,49.765905653392906,20023.20108708745,1892.7866334777402
2026-06-25,2026,6,LATO,23.154533876365804,49.765905653392906,24538.74390792931,1891.2655418764548
2026-06-25,2026,6,LATO,22.52571317748213,49.82878772328128,21458.053684533254,1879.0366774846786
2026-06-25,2026,6,LATO,22.588595247370506,49.82878772328128,17105.396575522118,1877.7040547385025
2026-06-25,2026,6,LATO,22.651477317258866,49.82878772328128,12873.244408405542,1870.3823890579754
2026-06-25,2026,6,LATO,22.714359387147226,49.82878772328128,8934.520738934094,1868.831199728078
2026-06-25,2026,6,LATO,22.7772414570356,49.82878772328128,5908.502699683845,1872.7735544974564
2026-06-25,2026,6,LATO,22.84012352692396,49.82878772328128,5565.478544359213,1880.542061017224
2026-06-25,2026,6,LATO,22.903005596812335,49.82878772328128,8247.30583412717,1879.7282078964859
2026-06-25,2026,6,LATO,22.965887666700695,49.82878772328128,12084.745281253774,1883.1737372807722
2026-06-25,2026,6,LATO,23.02876973658907,49.82878772328128,16280.157012807253,1885.2757804117769
2026-06-25,2026,6,LATO,23.09165180647743,49.82878772328128,20616.141316553247,1894.5006118733868
2026-06-25,2026,6,LATO,22.52571317748213,49.89166979316964,24131.63257145798,1888.0016992123556
2026-06-25,2026,6,LATO,22.588595247370506,49.89166979316964,20364.18316448082,1882.4011842479438
2026-06-25,2026,6,LATO,22.651477317258866,49.89166979316964,16970.281436225658,1872.8408879007566
2026-06-25,2026,6,LATO,22.714359387147226,49.89166979316964,14219.960460467935,1872.7064046676078
2026-06-25,2026,6,LATO,22.7772414570356,49.89166979316964,12543.938902384274,1885.553161922997
2026-06-25,2026,6,LATO,22.84012352692396,49.89166979316964,12386.26901971219,1884.544356774165
2026-06-25,2026,6,LATO,22.903005596812335,49.89166979316964,13799.09481397737,1881.7574102099425
2026-06-25,2026,6,LATO,22.965887666700695,49.89166979316964,16380.984509599155,1879.3818461949024
2026-06-25,2026,6,LATO,23.02876973658907,49.89166979316964,19677.007522249452,1882.8507443178726
2026-06-25,2026,6,LATO,23.09165180647743,49.89166979316964,23387.151398022725,1888.2790811903478
2026-06-25,2026,6,LATO,22.651477317258866,49.954551863058015,22541.104315333898,1873.274941599924
2026-06-25,2026,6,LATO,22.714359387147226,49.954551863058015,20553.09728768775,1874.8451543557553
2026-06-25,2026,6,LATO,22.7772414570356,49.954551863058015,19432.73675666003,1887.6964645627263
2026-06-25,2026,6,LATO,22.84012352692396,49.954551863058015,19331.467149038792,1885.5545333524724
2026-06-25,2026,6,LATO,22.903005596812335,49.954551863058015,20264.5722208888,1882.3054211789129
2026-06-25,2026,6,LATO,22.965887666700695,49.954551863058015,22101.4288128028,1882.3465183196804
2026-06-25,2026,6,LATO,23.02876973658907,49.954551863058015,24640.7490788335,1885.8117195356317
2026-06-27,2026,6,LATO,22.59209702286995,49.64014151361617,22474.728721047504,1857.4886444054835
2026-06-27,2026,6,LATO,22.654979092758325,49.64014151361617,19494.553455866462,1857.4886579037704
2026-06-27,2026,6,LATO,22.717861162646685,49.64014151361617,17207.568838300576,1857.4886363630214
2026-06-27,2026,6,LATO,22.84362530242342,49.64014151361617,15863.214412557072,1870.6553668256247
2026-06-27,2026,6,LATO,22.90650737231178,49.64014151361617,17062.231736255588,1869.286417842443
2026-06-27,2026,6,LATO,22.969389442200153,49.64014151361617,19280.468818556892,1866.2378628636966
2026-06-27,2026,6,LATO,23.032271512088514,49.64014151361617,22214.67602561404,1865.583147892373
2026-06-27,2026,6,LATO,22.52921495298159,49.703023583504546,22354.596757050298,1844.5292748828592
2026-06-27,2026,6,LATO,22.59209702286995,49.703023583504546,18268.21499736369,1857.488606185277
2026-06-27,2026,6,LATO,22.654979092758325,49.703023583504546,14450.358582796438,1857.488645079644
2026-06-27,2026,6,LATO,22.717861162646685,49.703023583504546,11179.609293972992,1857.4886464925723
2026-06-27,2026,6,LATO,22.780743232535045,49.703023583504546,9068.63376435645,1857.4886588346187
2026-06-27,2026,6,LATO,22.84362530242342,49.703023583504546,8976.749731993239,1867.4660508347433
2026-06-27,2026,6,LATO,22.90650737231178,49.703023583504546,10954.88011534553,1870.1044944793582
2026-06-27,2026,6,LATO,22.969389442200153,49.703023583504546,14160.593497162869,1869.1174846616132
2026-06-27,2026,6,LATO,23.032271512088514,49.703023583504546,17947.730849060772,1866.9564353407734
2026-06-27,2026,6,LATO,23.095153581976888,49.703023583504546,22018.29212632753,1865.591549335872
2026-06-27,2026,6,LATO,22.52921495298159,49.765905653392906,20638.77062021848,1846.6916655201371
2026-06-27,2026,6,LATO,22.59209702286995,49.765905653392906,16129.875636589464,1844.542624354699
2026-06-27,2026,6,LATO,22.654979092758325,49.765905653392906,11636.98088129893,1844.529291588714
2026-06-27,2026,6,LATO,22.717861162646685,49.765905653392906,7190.149421692453,1844.5292517054884
2026-06-27,2026,6,LATO,22.780743232535045,49.765905653392906,3001.6205564528414,1861.4554142381176
2026-06-27,2026,6,LATO,22.84362530242342,49.765905653392906,2711.7845216005016,1860.8356472489638
2026-06-27,2026,6,LATO,22.90650737231178,49.765905653392906,6835.963182596178,1862.971958502632
2026-06-27,2026,6,LATO,22.969389442200153,49.765905653392906,11275.618279068221,1865.604488041959
2026-06-27,2026,6,LATO,23.032271512088514,49.765905653392906,15766.459244749018,1867.635308493308
2026-06-27,2026,6,LATO,23.095153581976888,49.765905653392906,20274.499141863576,1870.6183975705785
2026-06-27,2026,6,LATO,23.158035651865248,49.765905653392906,24790.35474535101,1868.467781481337
2026-06-27,2026,6,LATO,22.52921495298159,49.82878772328128,21213.749383161125,1851.8099365234978
2026-06-27,2026,6,LATO,22.59209702286995,49.82878772328128,16865.697102093472,1850.2824567943983
2026-06-27,2026,6,LATO,22.654979092758325,49.82878772328128,12643.560664584973,1844.5371375811649
2026-06-27,2026,6,LATO,22.717861162646685,49.82878772328128,8731.948753355113,1844.5293060084132
2026-06-27,2026,6,LATO,22.780743232535045,49.82878772328128,5797.735700055515,1866.6753273037923
2026-06-27,2026,6,LATO,22.84362530242342,49.82878772328128,5653.312196730159,1863.1593140299024
2026-06-27,2026,6,LATO,22.90650737231178,49.82878772328128,8443.074489630133,1860.736056462083
2026-06-27,2026,6,LATO,22.969389442200153,49.82878772328128,12312.212884683175,1862.9575845445258
2026-06-27,2026,6,LATO,23.032271512088514,49.82878772328128,16518.931220972747,1865.125012820761
2026-06-27,2026,6,LATO,23.095153581976888,49.82878772328128,20859.98350400866,1867.5520936649452
2026-06-27,2026,6,LATO,22.52921495298159,49.89166979316964,23914.93899028903,1851.8400168776936
2026-06-27,2026,6,LATO,22.59209702286995,49.89166979316964,20163.52320440159,1851.3204379175506
2026-06-27,2026,6,LATO,22.654979092758325,49.89166979316964,16796.942183041385,1853.5626503266935
2026-06-27,2026,6,LATO,22.717861162646685,49.89166979316964,14093.728948783195,1867.9680063967028
2026-06-27,2026,6,LATO,22.780743232535045,49.89166979316964,12492.214459069874,1870.2936864870398
2026-06-27,2026,6,LATO,22.84362530242342,49.89166979316964,12425.931299741358,1869.9036791516673
2026-06-27,2026,6,LATO,22.90650737231178,49.89166979316964,13916.83236940334,1868.0158890214102
2026-06-27,2026,6,LATO,22.969389442200153,49.89166979316964,16549.288935805096,1866.028714644954
2026-06-27,2026,6,LATO,23.032271512088514,49.89166979316964,19874.758845354678,1863.1925455487406
2026-06-27,2026,6,LATO,23.095153581976888,49.89166979316964,23602.105020718893,1868.696054247626
2026-06-27,2026,6,LATO,22.654979092758325,49.954551863058015,22411.0645353704,1859.3468504932887
2026-06-27,2026,6,LATO,22.717861162646685,49.954551863058015,20466.07869100656,1863.7432149926115
2026-06-27,2026,6,LATO,22.780743232535045,49.954551863058015,19399.431935623354,1869.7480468750362
2026-06-27,2026,6,LATO,22.84362530242342,49.954551863058015,19356.87092457476,1870.2919168894116
2026-06-27,2026,6,LATO,22.90650737231178,49.954551863058015,20344.823639693168,1870.503949558585
2026-06-27,2026,6,LATO,22.969389442200153,49.954551863058015,22226.296487740947,1868.0257134359408
2026-06-27,2026,6,LATO,23.032271512088514,49.954551863058015,24798.74504417711,1866.5197140268472
2026-06-27,2026,6,LATO,22.773739681536142,49.57375766822835,23297.546850156592,1895.554750616872
2026-06-27,2026,6,LATO,22.836621751424502,49.57375766822835,23163.01263633399,1904.6952129430038
2026-06-27,2026,6,LATO,22.89950382131289,49.57375766822835,23905.41649511657,1904.7129889602886
2026-06-27,2026,6,LATO,22.585093471871062,49.63663973811673,23108.675838976807,1881.8713478290415
2026-06-27,2026,6,LATO,22.773739681536142,49.63663973811673,16383.976490202293,1904.2696590641901
2026-06-27,2026,6,LATO,22.836621751424502,49.63663973811673,16192.349759259985,1904.2905051440832
2026-06-27,2026,6,LATO,22.89950382131289,49.63663973811673,17236.329028641198,1904.3093587487233
2026-06-27,2026,6,LATO,22.96238589120125,49.63663973811673,19316.60843642679,1891.3240423426216
2026-06-27,2026,6,LATO,23.02526796108961,49.63663973811673,22143.018234475112,1887.8293357707619
2026-06-27,2026,6,LATO,22.522211401982673,49.69952180800509,22972.690528148636,1883.6757633066097
2026-06-27,2026,6,LATO,22.585093471871062,49.69952180800509,18898.571534232142,1888.89834993422
2026-06-27,2026,6,LATO,22.647975541759422,49.69952180800509,15088.271817015364,1896.975539760813
2026-06-27,2026,6,LATO,22.710857611647782,49.69952180800509,11800.188539993918,1897.0530120023886
2026-06-27,2026,6,LATO,22.773739681536142,49.69952180800509,9587.573281007191,1900.3010330959235
2026-06-27,2026,6,LATO,22.836621751424502,49.69952180800509,9256.733154797244,1900.7983203660967
2026-06-27,2026,6,LATO,22.89950382131289,49.69952180800509,10979.117805988644,1900.916860924134
2026-06-27,2026,6,LATO,22.96238589120125,49.69952180800509,14017.258236885224,1888.9724844177342
2026-06-27,2026,6,LATO,23.02526796108961,49.69952180800509,17706.344051279382,1888.813624363714
2026-06-27,2026,6,LATO,23.08815003097797,49.69952180800509,21717.140549638123,1888.4959119844875
2026-06-27,2026,6,LATO,22.522211401982673,49.76240387789346,21177.822024514586,1888.520219715229
2026-06-27,2026,6,LATO,22.585093471871062,49.76240387789346,16677.286728336796,1890.8134907941753
2026-06-27,2026,6,LATO,22.647975541759422,49.76240387789346,12198.318928605378,1891.1065673827584
2026-06-27,2026,6,LATO,22.710857611647782,49.76240387789346,7778.271883640568,1891.1065673828568
2026-06-27,2026,6,LATO,22.773739681536142,49.76240387789346,3638.6189531583773,1902.9886474609489
2026-06-27,2026,6,LATO,22.836621751424502,49.76240387789346,2648.2285373622026,1902.988647460916
2026-06-27,2026,6,LATO,22.89950382131289,49.76240387789346,6467.007521541004,1902.988647460978
2026-06-27,2026,6,LATO,22.96238589120125,49.76240387789346,10847.432209507839,1891.9487236254365
2026-06-27,2026,6,LATO,23.02526796108961,49.76240387789346,15314.922269643697,1892.0231418539304
2026-06-27,2026,6,LATO,23.08815003097797,49.76240387789346,19810.66073058297,1893.5627505345728
2026-06-27,2026,6,LATO,23.15103210086636,49.76240387789346,24318.983896724174,1906.5507923342502
2026-06-27,2026,6,LATO,22.522211401982673,49.82528594778182,21612.2429850413,1893.1544710177768
2026-06-27,2026,6,LATO,22.585093471871062,49.82528594778182,17231.98299275845,1893.1792921405358
2026-06-27,2026,6,LATO,22.647975541759422,49.82528594778182,12952.825335035941,1893.0898927373817
2026-06-27,2026,6,LATO,22.710857611647782,49.82528594778182,8921.462219068182,1893.0451993393726
2026-06-27,2026,6,LATO,22.773739681536142,49.82528594778182,5691.374642989685,1900.6234086715451
2026-06-27,2026,6,LATO,22.836621751424502,49.82528594778182,5115.993499263652,1900.6729650031007
2026-06-27,2026,6,LATO,22.89950382131289,49.82528594778182,7806.237615620178,1900.5399832174862
2026-06-27,2026,6,LATO,22.96238589120125,49.82528594778182,11691.183537563493,1894.1646966252576
2026-06-27,2026,6,LATO,23.02526796108961,49.82528594778182,15918.937977582504,1894.121920059626
2026-06-27,2026,6,LATO,23.08815003097797,49.82528594778182,20276.185247339086,1896.8826988063859
2026-06-27,2026,6,LATO,23.15103210086636,49.82528594778182,24694.47230118494,1903.2143844620773
2026-06-27,2026,6,LATO,22.522211401982673,49.888168017670196,24156.04586155313,1895.5772369229126
2026-06-27,2026,6,LATO,22.585093471871062,49.888168017670196,20336.84891660171,1894.7935026388086
2026-06-27,2026,6,LATO,22.647975541759422,49.888168017670196,16869.779982279415,1894.7223660539241
2026-06-27,2026,6,LATO,22.710857611647782,49.888168017670196,14018.58815455293,1895.549148277198
2026-06-27,2026,6,LATO,22.773739681536142,49.888168017670196,12222.169535160607,1901.597418648736
2026-06-27,2026,6,LATO,22.836621751424502,49.888168017670196,11965.41458788537,1901.581351770576
2026-06-27,2026,6,LATO,22.89950382131289,49.888168017670196,13337.538034994112,1897.8648497732308
2026-06-27,2026,6,LATO,22.96238589120125,49.888168017670196,15922.874507480621,1893.8903451602341
2026-06-27,2026,6,LATO,23.02526796108961,49.888168017670196,19238.379445562026,1893.778317047949
2026-06-27,2026,6,LATO,23.08815003097797,49.888168017670196,22970.018996073344,1900.1872008590503
2026-06-27,2026,6,LATO,22.647975541759422,49.951050087558556,22343.768308375453,1893.941950401958
2026-06-27,2026,6,LATO,22.710857611647782,49.951050087558556,20280.28322966142,1896.6987292128738
2026-06-27,2026,6,LATO,22.773739681536142,49.951050087558556,19084.33367367535,1901.1066933980464
2026-06-27,2026,6,LATO,22.836621751424502,49.951050087558556,18921.141041467326,1901.210154174103
2026-06-27,2026,6,LATO,22.89950382131289,49.951050087558556,19816.236401582733,1898.5212970294845
2026-06-27,2026,6,LATO,22.96238589120125,49.951050087558556,21638.688368898416,1898.000032117956
2026-06-27,2026,6,LATO,23.02526796108961,49.951050087558556,24179.71255159853,1898.1495261866387
2026-06-28,2026,6,LATO,22.84012352692396,49.76240387789346,2805.814610497137,1912.2655406945012
2026-06-28,2026,6,LATO,22.903005596812335,49.76240387789346,6705.733024471378,1912.2014160156657
2026-06-28,2026,6,LATO,22.965887666700695,49.76240387789346,11094.892441910108,1912.2014160941133
2026-06-28,2026,6,LATO,22.84012352692396,49.82528594778182,5199.207232076515,1914.2599339477363
2026-06-28,2026,6,LATO,22.903005596812335,49.82528594778182,8004.869935788565,1914.1281465669501
2026-06-28,2026,6,LATO,22.7772414570356,49.888168017670196,12163.857368911082,1911.7135660630186
2026-06-28,2026,6,LATO,22.84012352692396,49.888168017670196,12001.183223048978,1909.3150930203244
2026-06-28,2026,6,LATO,22.903005596812335,49.888168017670196,13454.606457664584,1908.5339892835525
2026-06-28,2026,6,LATO,22.965887666700695,49.888168017670196,16092.038930260735,1898.9988150187435
2026-06-28,2026,6,LATO,23.02876973658907,49.888168017670196,19437.342834046838,1898.2293346793801
2026-06-28,2026,6,LATO,22.7772414570356,49.951050087558556,19047.0899975272,1911.0611495777746
2026-06-28,2026,6,LATO,22.84012352692396,49.951050087558556,18943.75140223469,1911.37569635731
2026-06-28,2026,6,LATO,22.903005596812335,49.951050087558556,19895.116498460357,1908.5647825513954
2026-06-28,2026,6,LATO,22.965887666700695,49.951050087558556,21763.307951500377,1905.1302112569988
2026-06-28,2026,6,LATO,23.02876973658907,49.951050087558556,24338.10887346504,1905.1452708653683
2026-06-29,2026,6,LATO,22.903005596812335,49.765905653392906,6592.32142197454,1899.6365831597361
2026-06-29,2026,6,LATO,22.965887666700695,49.765905653392906,11026.461713720417,1899.6365851063763
2026-06-29,2026,6,LATO,23.02876973658907,49.765905653392906,15515.78269673641,1905.263671122206
2026-06-29,2026,6,LATO,23.09165180647743,49.765905653392906,20023.20108708745,1905.2636702815785
2026-06-29,2026,6,LATO,23.154533876365804,49.765905653392906,24538.74390792931,1905.2636536031075
2026-06-29,2026,6,LATO,22.903005596812335,49.82878772328128,8247.30583412717,1899.351983828819
2026-06-29,2026,6,LATO,22.965887666700695,49.82878772328128,12084.745281253774,1899.7272923686944
2026-06-29,2026,6,LATO,23.02876973658907,49.82878772328128,16280.157012807253,1905.1244276733676
2026-06-29,2026,6,LATO,23.09165180647743,49.82878772328128,20616.141316553247,1905.5589534569542
2026-06-29,2026,6,LATO,22.651477317258866,49.89166979316964,16970.281436225658,1914.0290574476899
2026-06-29,2026,6,LATO,22.714359387147226,49.89166979316964,14219.960460467935,1914.0290498078423
2026-06-29,2026,6,LATO,22.7772414570356,49.89166979316964,12543.938902384274,1907.6402587181944
2026-06-29,2026,6,LATO,22.84012352692396,49.89166979316964,12386.26901971219,1906.9432814961551
2026-06-29,2026,6,LATO,22.903005596812335,49.89166979316964,13799.09481397737,1896.700281070398
2026-06-29,2026,6,LATO,22.965887666700695,49.89166979316964,16380.984509599155,1901.8660480867863
2026-06-29,2026,6,LATO,23.02876973658907,49.89166979316964,19677.007522249452,1903.7614770633002
2026-06-29,2026,6,LATO,23.09165180647743,49.89166979316964,23387.151398022725,1903.7614980672702
2026-06-29,2026,6,LATO,22.651477317258866,49.954551863058015,22541.104315333898,1912.8840398750342
2026-06-29,2026,6,LATO,22.714359387147226,49.954551863058015,20553.09728768775,1913.581995709782
2026-06-29,2026,6,LATO,22.7772414570356,49.954551863058015,19432.73675666003,1907.640285469899
2026-06-29,2026,6,LATO,22.84012352692396,49.954551863058015,19331.467149038792,1907.6402109816413
2026-06-30,2026,6,LATO,22.714359387147226,49.57725944372781,23846.226255515205,1883.0472884634166
2026-06-30,2026,6,LATO,22.7772414570356,49.57725944372781,22880.010970962256,1897.8784496244991
2026-06-30,2026,6,LATO,22.84012352692396,49.57725944372781,22793.391111527922,1894.7613947473621
2026-06-30,2026,6,LATO,22.903005596812335,49.57725944372781,23596.05529717468,1893.0439315269848
2026-06-30,2026,6,LATO,22.588595247370506,49.64014151361617,22655.85801047727,1880.7345875077717
2026-06-30,2026,6,LATO,22.651477317258866,49.64014151361617,19644.87615510022,1882.5198570586588
2026-06-30,2026,6,LATO,22.714359387147226,49.64014151361617,17311.644736144277,1898.4371386759
2026-06-30,2026,6,LATO,22.7772414570356,49.64014151361617,15956.299449220478,1899.803254857868
2026-06-30,2026,6,LATO,22.84012352692396,49.64014151361617,15832.004225340383,1891.366618033984
2026-06-30,2026,6,LATO,22.903005596812335,49.64014151361617,16965.836855889575,1890.5658569464638
2026-06-30,2026,6,LATO,22.965887666700695,49.64014151361617,19135.44931006767,1882.3623000185703
2026-06-30,2026,6,LATO,23.02876973658907,49.64014151361617,22037.010834643912,1887.034002459527
2026-06-30,2026,6,LATO,22.52571317748213,49.703023583504546,22587.162426536906,1881.8624062541471
2026-06-30,2026,6,LATO,22.588595247370506,49.703023583504546,18490.311644243488,1880.4028298412204
2026-06-30,2026,6,LATO,22.651477317258866,49.703023583504546,14652.263880901603,1889.7065894332875
2026-06-30,2026,6,LATO,22.714359387147226,49.703023583504546,11338.944403631276,1894.7890625000693
2026-06-30,2026,6,LATO,22.7772414570356,49.703023583504546,9140.029561753958,1892.760158033968
2026-06-30,2026,6,LATO,22.84012352692396,49.703023583504546,8921.552370794487,1892.4538806017904
2026-06-30,2026,6,LATO,22.903005596812335,49.703023583504546,10804.327233564076,1891.6519038839142
2026-06-30,2026,6,LATO,22.965887666700695,49.703023583504546,13962.754705896936,1884.2472344074745
2026-06-30,2026,6,LATO,23.02876973658907,49.703023583504546,17727.63889167577,1886.0130019853432
2026-06-30,2026,6,LATO,23.09165180647743,49.703023583504546,21786.816205965722,1925.652899155637
2026-06-30,2026,6,LATO,22.52571317748213,49.765905653392906,20890.123640765443,1884.4130723346445
2026-06-30,2026,6,LATO,22.588595247370506,49.765905653392906,16380.668261241508,1888.1242415768465
2026-06-30,2026,6,LATO,22.651477317258866,49.765905653392906,11886.450881199358,1889.6441690674578
2026-06-30,2026,6,LATO,22.714359387147226,49.765905653392906,7435.161123830869,1889.7304959939104
2026-06-30,2026,6,LATO,22.7772414570356,49.765905653392906,3210.619340403136,1894.0544990380956
2026-06-30,2026,6,LATO,22.84012352692396,49.765905653392906,2523.3126508779337,1888.6773752990198
2026-06-30,2026,6,LATO,22.903005596812335,49.765905653392906,6592.32142197454,1887.3719478029284
2026-06-30,2026,6,LATO,22.965887666700695,49.765905653392906,11026.461713720417,1894.1049643750139
2026-06-30,2026,6,LATO,23.02876973658907,49.765905653392906,15515.78269673641,1920.337189610027
2026-06-30,2026,6,LATO,23.09165180647743,49.765905653392906,20023.20108708745,1921.0589936793099
2026-06-30,2026,6,LATO,23.154533876365804,49.765905653392906,24538.74390792931,1897.1552359924274
2026-06-30,2026,6,LATO,22.52571317748213,49.82878772328128,21458.053684533254,1872.613953929106
2026-06-30,2026,6,LATO,22.588595247370506,49.82878772328128,17105.396575522118,1880.1719847523432
2026-06-30,2026,6,LATO,22.651477317258866,49.82878772328128,12873.244408405542,1890.3142260829502
2026-06-30,2026,6,LATO,22.714359387147226,49.82878772328128,8934.520738934094,1890.4096400458245
2026-06-30,2026,6,LATO,22.7772414570356,49.82878772328128,5908.502699683845,1894.5423043325427
2026-06-30,2026,6,LATO,22.84012352692396,49.82878772328128,5565.478544359213,1886.2217683487736
2026-06-30,2026,6,LATO,22.903005596812335,49.82878772328128,8247.30583412717,1884.2815563560837
2026-06-30,2026,6,LATO,22.965887666700695,49.82878772328128,12084.745281253774,1907.3245140676534
2026-06-30,2026,6,LATO,23.02876973658907,49.82878772328128,16280.157012807253,1918.2907877302011
2026-06-30,2026,6,LATO,23.09165180647743,49.82878772328128,20616.141316553247,1906.6937984932108
2026-06-30,2026,6,LATO,22.52571317748213,49.89166979316964,24131.63257145798,1893.6891589386196
2026-06-30,2026,6,LATO,22.588595247370506,49.89166979316964,20364.18316448082,1897.2591351384795
2026-06-30,2026,6,LATO,22.651477317258866,49.89166979316964,16970.281436225658,1894.4358857512973
2026-06-30,2026,6,LATO,22.714359387147226,49.89166979316964,14219.960460467935,1886.098750369922
2026-06-30,2026,6,LATO,22.7772414570356,49.89166979316964,12543.938902384274,1890.5477395609157
2026-06-30,2026,6,LATO,22.84012352692396,49.89166979316964,12386.26901971219,1892.8678477165545
2026-06-30,2026,6,LATO,22.903005596812335,49.89166979316964,13799.09481397737,1891.0783875842994
2026-06-30,2026,6,LATO,22.965887666700695,49.89166979316964,16380.984509599155,1908.0452485186518
2026-06-30,2026,6,LATO,23.02876973658907,49.89166979316964,19677.007522249452,1907.0732318640617
2026-06-30,2026,6,LATO,23.09165180647743,49.89166979316964,23387.151398022725,1885.030018907258
2026-06-30,2026,6,LATO,22.651477317258866,49.954551863058015,22541.104315333898,1889.4460988668673
2026-06-30,2026,6,LATO,22.714359387147226,49.954551863058015,20553.09728768775,1885.641181877692
2026-06-30,2026,6,LATO,22.7772414570356,49.954551863058015,19432.73675666003,1885.251390725251
2026-06-30,2026,6,LATO,22.84012352692396,49.954551863058015,19331.467149038792,1889.811158186335
2026-06-30,2026,6,LATO,22.903005596812335,49.954551863058015,20264.5722208888,1904.0261729510855
2026-06-30,2026,6,LATO,22.965887666700695,49.954551863058015,22101.4288128028,1924.4477932879458
2026-06-30,2026,6,LATO,23.02876973658907,49.954551863058015,24640.7490788335,1912.2243062594282
