Data,Rok,Miesiac,Sezon,Lon,Lat,odleglosc_m,CH4_column_volume_mixing_ratio_dry_air
2019-02-07,2019,2,ZIMA,22.668986194756126,49.818282396782934,22460.758843357904,1811.1357580503052
2019-02-07,2019,2,ZIMA,22.73186826464449,49.818282396782934,23100.35486137293,1819.795304169179
2019-02-07,2019,2,ZIMA,22.794750334532857,49.818282396782934,24567.33080198617,1833.2277700406428
2019-02-07,2019,2,ZIMA,22.857632404421224,49.881164466671294,21189.99202699651,1833.3085964433367
2019-02-07,2019,2,ZIMA,22.92051447430959,49.881164466671294,24501.433160808512,1833.3086403032444
2019-02-16,2019,2,ZIMA,22.539720279479937,49.818282396782934,23930.791786928894,1815.5648679255323
2019-02-16,2019,2,ZIMA,22.602602349368304,49.818282396782934,22759.15190906055,1817.7853510330574
2019-02-16,2019,2,ZIMA,22.66548441925667,49.818282396782934,22451.320776329067,1821.51786654591
2019-02-16,2019,2,ZIMA,22.72836648914504,49.818282396782934,23041.944110980392,1821.5505498725172
2019-02-16,2019,2,ZIMA,22.791248559033406,49.818282396782934,24466.041940066232,1821.5668922716845
2019-02-16,2019,2,ZIMA,22.41395613970321,49.881164466671294,23218.13102685405,1811.098828625528
2019-02-16,2019,2,ZIMA,22.476838209591577,49.881164466671294,20074.386052200312,1820.2342644164896
2019-02-16,2019,2,ZIMA,22.539720279479937,49.881164466671294,17538.93490562306,1820.0027673879936
2019-02-16,2019,2,ZIMA,22.602602349368304,49.881164466671294,15905.38808781178,1828.7780492633285
2019-02-16,2019,2,ZIMA,22.66548441925667,49.881164466671294,15462.284276128039,1830.2863261642603
2019-02-16,2019,2,ZIMA,22.72836648914504,49.881164466671294,16306.954457242937,1829.8914391825008
2019-02-16,2019,2,ZIMA,22.791248559033406,49.881164466671294,18261.573674572403,1829.12939238618
2019-02-16,2019,2,ZIMA,22.351074069814842,49.944046536559654,23412.679562616457,1807.196397551497
2019-02-16,2019,2,ZIMA,22.41395613970321,49.944046536559654,19275.602727838694,1814.2842851324172
2019-02-16,2019,2,ZIMA,22.476838209591577,49.944046536559654,15350.080184784147,1820.3198613045536
2019-02-16,2019,2,ZIMA,22.539720279479937,49.944046536559654,11848.290547511337,1820.3111279968489
2019-02-16,2019,2,ZIMA,22.602602349368304,49.944046536559654,9263.909635780445,1831.243401826849
2019-02-16,2019,2,ZIMA,22.66548441925667,49.944046536559654,8481.682896390543,1831.279529915085
2019-02-16,2019,2,ZIMA,22.72836648914504,49.944046536559654,9936.730943936836,1831.2795329138935
2019-02-16,2019,2,ZIMA,22.791248559033406,49.944046536559654,12892.604697841101,1831.2795426983039
2019-02-16,2019,2,ZIMA,22.351074069814842,50.006928606448014,21868.46766861241,1802.2779063089101
2019-02-16,2019,2,ZIMA,22.41395613970321,50.006928606448014,17373.980294857156,1805.8709020536567
2019-02-16,2019,2,ZIMA,22.476838209591577,50.006928606448014,12888.300516702679,1806.3469511540884
2019-02-16,2019,2,ZIMA,22.539720279479937,50.006928606448014,8425.513103939857,1807.074532857601
2019-02-16,2019,2,ZIMA,22.351074069814842,50.069810676336374,22497.72895421683,1799.8778274746767
2019-02-16,2019,2,ZIMA,22.41395613970321,50.069810676336374,18165.993601830167,1803.8586395857578
2019-02-16,2019,2,ZIMA,22.476838209591577,50.069810676336374,13943.945176384594,1803.8586380231031
2019-02-16,2019,2,ZIMA,22.539720279479937,50.069810676336374,9971.898877821735,1803.8586319786793
2019-02-17,2019,2,ZIMA,22.539720279479937,49.818282396782934,23930.791786928894,1819.119758944991
2019-02-17,2019,2,ZIMA,22.602602349368304,49.818282396782934,22759.15190906055,1811.3875906048777
2019-02-17,2019,2,ZIMA,22.66548441925667,49.818282396782934,22451.320776329067,1818.7087180609196
2019-02-17,2019,2,ZIMA,22.72836648914504,49.818282396782934,23041.944110980392,1825.9998779296477
2019-02-17,2019,2,ZIMA,22.791248559033406,49.818282396782934,24466.041940066232,1829.5369740445142
2019-02-17,2019,2,ZIMA,22.41395613970321,49.881164466671294,23218.13102685405,1831.440740891777
2019-02-17,2019,2,ZIMA,22.476838209591577,49.881164466671294,20074.386052200312,1830.4457468034725
2019-02-17,2019,2,ZIMA,22.539720279479937,49.881164466671294,17538.93490562306,1828.0911842039275
2019-02-17,2019,2,ZIMA,22.602602349368304,49.881164466671294,15905.38808781178,1827.1292118521733
2019-02-17,2019,2,ZIMA,22.66548441925667,49.881164466671294,15462.284276128039,1842.0458980015903
2019-02-17,2019,2,ZIMA,22.72836648914504,49.881164466671294,16306.954457242937,1840.7796625348892
2019-02-17,2019,2,ZIMA,22.791248559033406,49.881164466671294,18261.573674572403,1833.9441686917648
2019-02-17,2019,2,ZIMA,22.854130628921773,49.881164466671294,21018.73630309866,1834.0617919908254
2019-02-17,2019,2,ZIMA,22.91701269881014,49.881164466671294,24306.85820536911,1834.6092529297114
2019-02-17,2019,2,ZIMA,22.351074069814842,49.944046536559654,23412.679562616457,1823.7257817526636
2019-02-17,2019,2,ZIMA,22.41395613970321,49.944046536559654,19275.602727838694,1834.4126882189948
2019-02-17,2019,2,ZIMA,22.476838209591577,49.944046536559654,15350.080184784147,1833.691578861802
2019-02-17,2019,2,ZIMA,22.539720279479937,49.944046536559654,11848.290547511337,1836.6092529297546
2019-02-17,2019,2,ZIMA,22.602602349368304,49.944046536559654,9263.909635780445,1838.7828476778927
2019-02-17,2019,2,ZIMA,22.66548441925667,49.944046536559654,8481.682896390543,1840.5079345702522
2019-02-17,2019,2,ZIMA,22.72836648914504,49.944046536559654,9936.730943936836,1840.561274793722
2019-02-17,2019,2,ZIMA,22.791248559033406,49.944046536559654,12892.604697841101,1840.3509502494849
2019-02-17,2019,2,ZIMA,22.854130628921773,49.944046536559654,16564.446293791378,1833.8940553473171
2019-02-17,2019,2,ZIMA,22.91701269881014,49.944046536559654,20572.394016529874,1830.3499973329453
2019-02-17,2019,2,ZIMA,22.979894768698507,49.944046536559654,24753.72039255145,1824.5217602062908
2019-02-17,2019,2,ZIMA,22.351074069814842,50.006928606448014,21868.46766861241,1835.363049941736
2019-02-17,2019,2,ZIMA,22.41395613970321,50.006928606448014,17373.980294857156,1840.730869759771
2019-02-17,2019,2,ZIMA,22.476838209591577,50.006928606448014,12888.300516702679,1838.9681678883564
2019-02-17,2019,2,ZIMA,22.539720279479937,50.006928606448014,8425.513103939857,1833.590435476305
2019-02-17,2019,2,ZIMA,22.602602349368304,50.006928606448014,4061.7979103036923,1831.655820255816
2019-02-17,2019,2,ZIMA,22.66548441925667,50.006928606448014,1623.3084811300353,1831.2772665471116
2019-02-17,2019,2,ZIMA,22.72836648914504,50.006928606448014,5422.179720201143,1829.8870849608738
2019-02-17,2019,2,ZIMA,22.791248559033406,50.006928606448014,9838.339543263888,1829.887084960973
2019-02-17,2019,2,ZIMA,22.854130628921773,50.006928606448014,14311.31539773719,1836.5228271484093
2019-02-17,2019,2,ZIMA,22.91701269881014,50.006928606448014,18800.596436126183,1836.522827148469
2019-02-17,2019,2,ZIMA,22.979894768698507,50.006928606448014,23296.75628918547,1807.410137621585
2019-02-17,2019,2,ZIMA,22.351074069814842,50.069810676336374,22497.72895421683,1837.5167908370486
2019-02-17,2019,2,ZIMA,22.41395613970321,50.069810676336374,18165.993601830167,1841.2764095497298
2019-02-17,2019,2,ZIMA,22.476838209591577,50.069810676336374,13943.945176384594,1837.6792922644743
2019-02-17,2019,2,ZIMA,22.539720279479937,50.069810676336374,9971.898877821735,1835.2509765625668
2019-02-17,2019,2,ZIMA,22.602602349368304,50.069810676336374,6709.612736345334,1835.2025146485043
2019-02-17,2019,2,ZIMA,22.66548441925667,50.069810676336374,5583.366752818271,1835.182188865104
2019-02-17,2019,2,ZIMA,22.72836648914504,50.069810676336374,7609.458610497544,1829.550770375704
2019-02-17,2019,2,ZIMA,22.791248559033406,50.069810676336374,11189.67063071935,1829.5901753213668
2019-02-17,2019,2,ZIMA,22.854130628921773,50.069810676336374,15267.237566831249,1833.4243188644832
2019-02-17,2019,2,ZIMA,22.91701269881014,50.069810676336374,19533.130847309978,1833.9703166593408
2019-02-17,2019,2,ZIMA,22.979894768698507,50.069810676336374,23886.661303617595,1806.0438092224472
2019-02-17,2019,2,ZIMA,22.41395613970321,50.13269274622476,21354.079212177185,1832.979693034874
2019-02-17,2019,2,ZIMA,22.476838209591577,50.13269274622476,17905.429957259927,1830.3245535548226
2019-02-17,2019,2,ZIMA,22.539720279479937,50.13269274622476,15024.447242559912,1827.389488935386
2019-02-17,2019,2,ZIMA,22.602602349368304,50.13269274622476,13091.42811725958,1824.5881347656918
2019-02-17,2019,2,ZIMA,22.66548441925667,50.13269274622476,12552.238892009154,1819.5902693774337
2019-02-17,2019,2,ZIMA,22.72836648914504,50.13269274622476,13574.002993155724,1808.4089355468118
2019-02-17,2019,2,ZIMA,22.791248559033406,50.13269274622476,15857.812197278598,1809.8527063128327
2019-02-17,2019,2,ZIMA,22.854130628921773,50.13269274622476,18952.80330190937,1815.2341678781431
2019-02-17,2019,2,ZIMA,22.91701269881014,50.13269274622476,22527.07571149032,1819.1913792120681
2019-02-17,2019,2,ZIMA,22.476838209591577,50.19557481611312,23337.187327820007,1836.4687500000593
2019-02-17,2019,2,ZIMA,22.539720279479937,50.19557481611312,21210.336742937692,1830.8669477676049
2019-02-17,2019,2,ZIMA,22.602602349368304,50.19557481611312,19889.724481916317,1827.7771117113173
2019-02-17,2019,2,ZIMA,22.66548441925667,50.19557481611312,19539.510527923867,1812.2225304858132
2019-02-17,2019,2,ZIMA,22.72836648914504,50.19557481611312,20210.20376181929,1805.6190014870833
2019-02-17,2019,2,ZIMA,22.791248559033406,50.19557481611312,21807.815356561256,1809.4387000361862
2019-02-17,2019,2,ZIMA,22.854130628921773,50.19557481611312,24149.078514552173,1813.7785617131835
2019-02-18,2019,2,ZIMA,22.543222054979392,49.818282396782934,23844.580738967565,1827.853716440002
2019-02-18,2019,2,ZIMA,22.60610412486776,49.818282396782934,22718.528932761306,1815.3250732422464
2019-02-18,2019,2,ZIMA,22.668986194756126,49.818282396782934,22460.758843357904,1819.5264188434005
2019-02-18,2019,2,ZIMA,22.73186826464449,49.818282396782934,23100.35486137293,1828.9910448587377
2019-02-18,2019,2,ZIMA,22.794750334532857,49.818282396782934,24567.33080198617,1842.4026577770742
2019-02-18,2019,2,ZIMA,22.417457915202657,49.881164466671294,23031.096518731556,1817.0897022795632
2019-02-18,2019,2,ZIMA,22.480339985091025,49.881164466671294,19914.797531770357,1827.3234219038818
2019-02-18,2019,2,ZIMA,22.543222054979392,49.881164466671294,17421.274692648036,1826.211582121473
2019-02-18,2019,2,ZIMA,22.60610412486776,49.881164466671294,15847.281406598506,1826.796629774293
2019-02-18,2019,2,ZIMA,22.668986194756126,49.881164466671294,15475.967440865885,1841.3437499999318
2019-02-18,2019,2,ZIMA,22.73186826464449,49.881164466671294,16389.27926047518,1844.9156550701794
2019-02-18,2019,2,ZIMA,22.794750334532857,49.881164466671294,18396.87936768486,1847.0587460119086
2019-02-18,2019,2,ZIMA,22.857632404421224,49.881164466671294,21189.99202699651,1848.9022573337018
2019-02-18,2019,2,ZIMA,22.354575845314294,49.944046536559654,23178.636067204665,1820.2897283241682
2019-02-18,2019,2,ZIMA,22.417457915202657,49.944046536559654,19050.194082674974,1829.6265286447772
2019-02-18,2019,2,ZIMA,22.480339985091025,49.944046536559654,15141.051196505394,1827.686733744859
2019-02-18,2019,2,ZIMA,22.543222054979392,49.944046536559654,11673.64126210208,1830.0319824219418
2019-02-18,2019,2,ZIMA,22.60610412486776,49.944046536559654,9163.917044842108,1832.6147142993332
2019-02-18,2019,2,ZIMA,22.668986194756126,49.944046536559654,8506.56967393002,1834.765259159679
2019-02-18,2019,2,ZIMA,22.73186826464449,49.944046536559654,10071.089278044556,1846.4283768793541
2019-02-18,2019,2,ZIMA,22.794750334532857,49.944046536559654,13083.306804570208,1846.7133963059525
2019-02-18,2019,2,ZIMA,22.354575845314294,50.006928606448014,21618.040770891686,1840.2660152748724
2019-02-18,2019,2,ZIMA,22.417457915202657,50.006928606448014,17123.886130947034,1841.4882991898205
2019-02-18,2019,2,ZIMA,22.480339985091025,50.006928606448014,12638.950019411841,1830.4055594030178
2019-02-18,2019,2,ZIMA,22.543222054979392,50.006928606448014,8178.418270760709,1830.5089990102333
2019-02-18,2019,2,ZIMA,22.60610412486776,50.006928606448014,3828.5697965801783,1832.802246093817
2019-02-18,2019,2,ZIMA,22.668986194756126,50.006928606448014,1748.5319321300367,1833.372869132361
2019-02-18,2019,2,ZIMA,22.73186826464449,50.006928606448014,5664.34100011555,1843.630115285918
2019-02-18,2019,2,ZIMA,22.794750334532857,50.006928606448014,10086.631749185417,1842.235426482316
2019-02-18,2019,2,ZIMA,22.857632404421224,50.006928606448014,14561.02499648593,1841.2241798522298
2019-02-18,2019,2,ZIMA,22.92051447430959,50.006928606448014,19050.84269112359,1838.4251708984732
2019-02-18,2019,2,ZIMA,22.98339654419796,50.006928606448014,23547.261160031503,1834.7573809896369
2019-02-18,2019,2,ZIMA,22.354575845314294,50.069810676336374,22254.703554634234,1838.8036685659683
2019-02-18,2019,2,ZIMA,22.417457915202657,50.069810676336374,17927.26609080291,1841.766181289505
2019-02-18,2019,2,ZIMA,22.480339985091025,50.069810676336374,13714.105266687462,1830.0078124999397
2019-02-18,2019,2,ZIMA,22.543222054979392,50.069810676336374,9764.291031138966,1830.1823159070238
2019-02-18,2019,2,ZIMA,22.60610412486776,50.069810676336374,6571.229399687279,1832.1405445288372
2019-02-18,2019,2,ZIMA,22.668986194756126,50.069810676336374,5621.002175186564,1833.385939799456
2019-02-18,2019,2,ZIMA,22.73186826464449,50.069810676336374,7783.641630589393,1841.415034352713
2019-02-18,2019,2,ZIMA,22.794750334532857,50.069810676336374,11408.307713933447,1838.1630114611964
2019-02-18,2019,2,ZIMA,22.857632404421224,50.069810676336374,15501.25262122609,1831.8402945471096
2019-02-18,2019,2,ZIMA,22.92051447430959,50.069810676336374,19773.79626047972,1818.1684795619997
2019-02-18,2019,2,ZIMA,22.98339654419796,50.069810676336374,24130.725788332762,1817.2794765257022
2019-02-18,2019,2,ZIMA,22.417457915202657,50.13269274622476,21151.631610266355,1829.8652112252596
2019-02-18,2019,2,ZIMA,22.480339985091025,50.13269274622476,17727.262098033436,1826.5370982713741
2019-02-18,2019,2,ZIMA,22.543222054979392,50.13269274622476,14887.64579548281,1828.8091199178382
2019-02-18,2019,2,ZIMA,22.60610412486776,50.13269274622476,13021.138631167756,1829.1533280234491
2019-02-18,2019,2,ZIMA,22.668986194756126,50.13269274622476,12569.002778005643,1829.1082397482085
2019-02-18,2019,2,ZIMA,22.73186826464449,50.13269274622476,13672.280669832127,1821.9576021959804
2019-02-18,2019,2,ZIMA,22.794750334532857,50.13269274622476,16012.635344732576,1823.8346883632591
2019-02-18,2019,2,ZIMA,22.857632404421224,50.13269274622476,19141.56780290254,1804.9410645950813
2019-02-18,2019,2,ZIMA,22.92051447430959,50.13269274622476,22735.79955325739,1817.292717712205
2019-02-18,2019,2,ZIMA,22.480339985091025,50.19557481611312,23200.949158687763,1831.3430631408137
2019-02-18,2019,2,ZIMA,22.543222054979392,50.19557481611312,21113.780703731318,1834.4557288764706
2019-02-18,2019,2,ZIMA,22.60610412486776,50.19557481611312,19843.59108096418,1830.165178870818
2019-02-18,2019,2,ZIMA,22.668986194756126,50.19557481611312,19550.26980713652,1829.6764748635899
2019-02-18,2019,2,ZIMA,22.73186826464449,50.19557481611312,20276.255232597017,1811.1020027168963
2019-02-18,2019,2,ZIMA,22.794750334532857,50.19557481611312,21920.506821805833,1811.093749999996
2019-02-18,2019,2,ZIMA,22.857632404421224,50.19557481611312,24297.313099085826,1807.5256189580862
2019-02-19,2019,2,ZIMA,22.543222054979392,49.818282396782934,23844.580738967565,1831.6372609216128
2019-02-19,2019,2,ZIMA,22.60610412486776,49.818282396782934,22718.528932761306,1825.2462634111655
2019-02-19,2019,2,ZIMA,22.668986194756126,49.818282396782934,22460.758843357904,1829.4323086984746
2019-02-19,2019,2,ZIMA,22.73186826464449,49.818282396782934,23100.35486137293,1838.96295782523
2019-02-19,2019,2,ZIMA,22.794750334532857,49.818282396782934,24567.33080198617,1837.5339045804344
2019-02-19,2019,2,ZIMA,22.417457915202657,49.881164466671294,23031.096518731556,1837.992374587689
2019-02-19,2019,2,ZIMA,22.480339985091025,49.881164466671294,19914.797531770357,1845.5943951082202
2019-02-19,2019,2,ZIMA,22.543222054979392,49.881164466671294,17421.274692648036,1846.231554059262
2019-02-19,2019,2,ZIMA,22.60610412486776,49.881164466671294,15847.281406598506,1840.120073847942
2019-02-19,2019,2,ZIMA,22.668986194756126,49.881164466671294,15475.967440865885,1848.0806725556438
2019-02-19,2019,2,ZIMA,22.73186826464449,49.881164466671294,16389.27926047518,1847.705904723025
2019-02-19,2019,2,ZIMA,22.794750334532857,49.881164466671294,18396.87936768486,1844.9629829561447
2019-02-19,2019,2,ZIMA,22.857632404421224,49.881164466671294,21189.99202699651,1842.5339999195928
2019-02-19,2019,2,ZIMA,22.92051447430959,49.881164466671294,24501.433160808512,1840.9984130858695
2019-02-19,2019,2,ZIMA,22.354575845314294,49.944046536559654,23178.636067204665,1840.089729755783
2019-02-19,2019,2,ZIMA,22.417457915202657,49.944046536559654,19050.194082674974,1838.262351749805
2019-02-19,2019,2,ZIMA,22.480339985091025,49.944046536559654,15141.051196505394,1845.9155098859082
2019-02-19,2019,2,ZIMA,22.543222054979392,49.944046536559654,11673.64126210208,1847.6430511836209
2019-02-19,2019,2,ZIMA,22.60610412486776,49.944046536559654,9163.917044842108,1843.4100943874407
2019-02-19,2019,2,ZIMA,22.668986194756126,49.944046536559654,8506.56967393002,1843.259764003546
2019-02-19,2019,2,ZIMA,22.73186826464449,49.944046536559654,10071.089278044556,1844.3867197876107
2019-02-19,2019,2,ZIMA,22.794750334532857,49.944046536559654,13083.306804570208,1844.8933266946894
2019-02-19,2019,2,ZIMA,22.857632404421224,49.944046536559654,16780.941025819608,1845.7890779968752
2019-02-19,2019,2,ZIMA,22.92051447430959,49.944046536559654,20801.632851319795,1844.809005181326
2019-02-19,2019,2,ZIMA,22.354575845314294,50.006928606448014,21618.040770891686,1850.1990818578258
2019-02-19,2019,2,ZIMA,22.417457915202657,50.006928606448014,17123.886130947034,1849.9221757279104
2019-02-19,2019,2,ZIMA,22.480339985091025,50.006928606448014,12638.950019411841,1846.8833306525155
2019-02-19,2019,2,ZIMA,22.543222054979392,50.006928606448014,8178.418270760709,1845.063925129226
2019-02-19,2019,2,ZIMA,22.60610412486776,50.006928606448014,3828.5697965801783,1845.2556152344425
2019-02-19,2019,2,ZIMA,22.668986194756126,50.006928606448014,1748.5319321300367,1845.3365723921647
2019-02-19,2019,2,ZIMA,22.73186826464449,50.006928606448014,5664.34100011555,1846.235759362395
2019-02-19,2019,2,ZIMA,22.794750334532857,50.006928606448014,10086.631749185417,1844.0306515515847
2019-02-19,2019,2,ZIMA,22.857632404421224,50.006928606448014,14561.02499648593,1846.146362304659
2019-02-19,2019,2,ZIMA,22.92051447430959,50.006928606448014,19050.84269112359,1840.9993492999401
2019-02-19,2019,2,ZIMA,22.98339654419796,50.006928606448014,23547.261160031503,1832.8468952273618
2019-02-19,2019,2,ZIMA,22.354575845314294,50.069810676336374,22254.703554634234,1850.539207030733
2019-02-19,2019,2,ZIMA,22.417457915202657,50.069810676336374,17927.26609080291,1846.8877832464134
2019-02-19,2019,2,ZIMA,22.480339985091025,50.069810676336374,13714.105266687462,1849.6003417968143
2019-02-19,2019,2,ZIMA,22.543222054979392,50.069810676336374,9764.291031138966,1850.3615658286176
2019-02-19,2019,2,ZIMA,22.60610412486776,50.069810676336374,6571.229399687279,1849.2556680668124
2019-02-19,2019,2,ZIMA,22.668986194756126,50.069810676336374,5621.002175186564,1846.1853734692631
2019-02-19,2019,2,ZIMA,22.73186826464449,50.069810676336374,7783.641630589393,1848.9776735500325
2019-02-19,2019,2,ZIMA,22.794750334532857,50.069810676336374,11408.307713933447,1847.4006746570042
2019-02-19,2019,2,ZIMA,22.857632404421224,50.069810676336374,15501.25262122609,1842.433207667217
2019-02-19,2019,2,ZIMA,22.92051447430959,50.069810676336374,19773.79626047972,1834.367568089772
2019-02-19,2019,2,ZIMA,22.98339654419796,50.069810676336374,24130.725788332762,1834.6600884391858
2019-02-19,2019,2,ZIMA,22.417457915202657,50.13269274622476,21151.631610266355,1842.9291043754915
2019-02-19,2019,2,ZIMA,22.480339985091025,50.13269274622476,17727.262098033436,1845.3696680248818
2019-02-19,2019,2,ZIMA,22.543222054979392,50.13269274622476,14887.64579548281,1845.5666503906928
2019-02-19,2019,2,ZIMA,22.60610412486776,50.13269274622476,13021.138631167756,1840.1076791858222
2019-02-19,2019,2,ZIMA,22.668986194756126,50.13269274622476,12569.002778005643,1837.193492018472
2019-02-19,2019,2,ZIMA,22.73186826464449,50.13269274622476,13672.280669832127,1838.215824265393
2019-02-19,2019,2,ZIMA,22.794750334532857,50.13269274622476,16012.635344732576,1834.7734375000352
2019-02-19,2019,2,ZIMA,22.857632404421224,50.13269274622476,19141.56780290254,1833.5877093633378
2019-02-19,2019,2,ZIMA,22.92051447430959,50.13269274622476,22735.79955325739,1826.8704874471482
2019-02-19,2019,2,ZIMA,22.480339985091025,50.19557481611312,23200.949158687763,1848.1218863043555
2019-02-19,2019,2,ZIMA,22.543222054979392,50.19557481611312,21113.780703731318,1847.5557256992222
2019-02-19,2019,2,ZIMA,22.60610412486776,50.19557481611312,19843.59108096418,1835.476000672392
2019-02-19,2019,2,ZIMA,22.668986194756126,50.19557481611312,19550.26980713652,1835.4269872821399
2019-02-19,2019,2,ZIMA,22.73186826464449,50.19557481611312,20276.255232597017,1825.9706175271951
2019-02-19,2019,2,ZIMA,22.794750334532857,50.19557481611312,21920.506821805833,1826.4712948406936
2019-02-19,2019,2,ZIMA,22.857632404421224,50.19557481611312,24297.313099085826,1830.1436897678475
2019-02-22,2019,2,ZIMA,22.480339985091025,50.13269274622476,17727.262098033436,1803.5528607263145
2019-02-22,2019,2,ZIMA,22.543222054979392,50.13269274622476,14887.64579548281,1803.552844693042
2019-02-22,2019,2,ZIMA,22.60610412486776,50.13269274622476,13021.138631167756,1803.5528812252414
2019-02-28,2019,2,ZIMA,22.73186826464449,49.818282396782934,23100.35486137293,1858.2507628083702
2019-02-28,2019,2,ZIMA,22.794750334532857,49.818282396782934,24567.33080198617,1858.250851094215
2019-02-28,2019,2,ZIMA,22.857632404421224,49.881164466671294,21189.99202699651,1860.418373863244
2019-02-28,2019,2,ZIMA,22.92051447430959,49.881164466671294,24501.433160808512,1861.4426271987077
2019-03-23,2019,3,ZIMA,22.480339985091025,49.82878772328128,24711.809120294347,1825.305297851495
2019-03-23,2019,3,ZIMA,22.543222054979392,49.82878772328128,22748.066442999923,1825.3053035296714
2019-03-23,2019,3,ZIMA,22.417457915202657,49.89166979316964,22262.91512756393,1828.3502166833766
2019-03-23,2019,3,ZIMA,22.480339985091025,49.89166979316964,19021.939045588762,1828.795572311737
2019-03-23,2019,3,ZIMA,22.543222054979392,49.89166979316964,16393.77929599842,1828.8069197653392
2019-03-23,2019,3,ZIMA,22.354575845314294,49.954551863058015,22776.356876468417,1831.9452746122156
2019-03-23,2019,3,ZIMA,22.417457915202657,49.954551863058015,18559.66253791124,1827.955566406186
2019-03-23,2019,3,ZIMA,22.480339985091025,49.954551863058015,14520.04361323391,1828.039593301733
2019-03-23,2019,3,ZIMA,22.354575845314294,50.017433932946375,21568.461962262016,1833.1644146226286
2019-03-23,2019,3,ZIMA,22.417457915202657,50.08031600283475,18320.20307903207,1818.1649400157587
2019-03-23,2019,3,ZIMA,22.794750334532857,50.08031600283475,12018.080216548418,1829.8794082411107
2019-03-23,2019,3,ZIMA,22.857632404421224,50.08031600283475,15954.608229179084,1829.8793942316709
2019-03-23,2019,3,ZIMA,22.417457915202657,50.14319807272311,21862.782814030616,1818.164916992124
2019-03-23,2019,3,ZIMA,22.480339985091025,50.14319807272311,18570.803615072375,1818.1649125597753
2019-03-23,2019,3,ZIMA,22.794750334532857,50.14319807272311,16942.139697664446,1830.0762683580606
2019-03-23,2019,3,ZIMA,22.857632404421224,50.14319807272311,19925.037407232725,1829.8793945312218
2019-03-23,2019,3,ZIMA,22.480339985091025,50.20608014261147,24191.94764707279,1841.8104162842217
2019-03-23,2019,3,ZIMA,22.543222054979392,50.20608014261147,22198.610876776278,1841.8104038603283
2019-03-23,2019,3,ZIMA,22.60610412486776,50.20608014261147,20994.430424650796,1829.674404471658
2019-03-23,2019,3,ZIMA,22.73186826464449,50.20608014261147,21403.75483245062,1831.59803367938
2019-03-23,2019,3,ZIMA,22.794750334532857,50.20608014261147,22967.097983633736,1831.175498297706
2019-03-24,2019,3,ZIMA,22.417457915202657,50.08381777833419,18465.762019554953,1837.8361719794307
2019-03-24,2019,3,ZIMA,22.480339985091025,50.08381777833419,14412.252541066995,1837.8361766789208
2019-03-24,2019,3,ZIMA,22.857632404421224,50.08381777833419,16121.723154189374,1823.0294355866054
2019-03-24,2019,3,ZIMA,22.417457915202657,50.14669984822256,22108.47683725835,1837.8361790336808
2019-03-24,2019,3,ZIMA,22.480339985091025,50.14669984822256,18859.691082709873,1837.836177816221
2019-03-24,2019,3,ZIMA,22.543222054979392,50.14669984822256,16220.394362052304,1837.8361970379476
2019-03-24,2019,3,ZIMA,22.794750334532857,50.14669984822256,17258.433462275163,1823.0294015243203
2019-03-24,2019,3,ZIMA,22.857632404421224,50.14669984822256,20194.46723766676,1823.029414252393
2019-03-24,2019,3,ZIMA,22.92051447430959,50.14669984822256,23628.150662225955,1823.0294139928317
2019-03-24,2019,3,ZIMA,22.480339985091025,50.20958191811093,24525.75528499196,1837.820160475853
2019-03-24,2019,3,ZIMA,22.543222054979392,50.20958191811093,22562.079534679124,1839.0637240201067
2019-03-24,2019,3,ZIMA,22.60610412486776,50.20958191811093,21378.47097434823,1847.6606445313175
2019-03-24,2019,3,ZIMA,22.668986194756126,50.20958191811093,21106.571065483284,1847.6606445311893
2019-03-24,2019,3,ZIMA,22.73186826464449,50.20958191811093,21780.55013457298,1844.1001563991172
2019-03-24,2019,3,ZIMA,22.794750334532857,50.20958191811093,23318.536795131564,1834.5141263611167
2019-03-31,2019,3,ZIMA,22.66198264375722,49.82878772328128,21276.487989969268,1843.8994303818038
2019-03-31,2019,3,ZIMA,22.724864713645587,49.82878772328128,21846.777153986153,1844.285735744347
2019-03-31,2019,3,ZIMA,22.787746783533954,49.82878772328128,23294.896483134347,1857.4379658468529
2019-03-31,2019,3,ZIMA,22.41045436420376,49.89166979316964,22650.83519308362,1861.2023790899457
2019-03-31,2019,3,ZIMA,22.47333643409212,49.89166979316964,19357.71995066041,1874.4544794023645
2019-03-31,2019,3,ZIMA,22.34757229431539,49.954551863058015,23252.79783324219,1848.0263671874393
2019-03-31,2019,3,ZIMA,22.41045436420376,49.954551863058015,19022.654339326877,1865.375069042489
2019-03-31,2019,3,ZIMA,22.47333643409212,49.954551863058015,14956.67367277081,1874.454467773506
2019-03-31,2019,3,ZIMA,22.536218503980486,49.954551863058015,11234.538398514742,1874.4544528210952
2019-03-31,2019,3,ZIMA,22.599100573868853,49.954551863058015,8330.65253110649,1874.4544880745796
2019-06-10,2019,6,LATO,22.7772414570356,49.82878772328128,22997.694466962104,1855.195910342036
2019-06-10,2019,6,LATO,22.714359387147226,49.89166979316964,14888.872887278887,1849.2080990687296
2019-06-10,2019,6,LATO,22.7772414570356,49.89166979316964,16737.999220682526,1850.138972332223
2019-06-10,2019,6,LATO,22.84012352692396,49.89166979316964,19477.365119759223,1855.1958354136223
2019-06-10,2019,6,LATO,22.714359387147226,49.954551863058015,8417.717063070771,1849.207989365108
2019-06-10,2019,6,LATO,22.7772414570356,49.954551863058015,11369.439154365082,1849.2080056814991
2019-06-10,2019,6,LATO,22.337066967817037,50.017433932946375,22823.174390414948,1842.2697741521358
2019-06-10,2019,6,LATO,22.399949037705397,50.017433932946375,18317.01724871943,1842.2697552738805
2019-06-10,2019,6,LATO,22.46283110759377,50.017433932946375,13811.149723168797,1842.3089675854333
2019-06-10,2019,6,LATO,22.52571317748213,50.017433932946375,9305.998011737687,1842.3089576766915
2019-06-10,2019,6,LATO,22.588595247370506,50.017433932946375,4803.5842348637925,1842.3089791680688
2019-06-11,2019,6,LATO,22.52921495298159,49.82878772328128,23123.684153430204,1825.847563230824
2019-06-11,2019,6,LATO,22.59209702286995,49.82878772328128,21753.167891833564,1825.847596316524
2019-06-11,2019,6,LATO,22.403450813204856,49.89166979316964,23043.186778715266,1843.6093815526842
2019-06-11,2019,6,LATO,22.466332883093216,49.89166979316964,19700.60041263669,1843.121678704555
2019-06-11,2019,6,LATO,22.52921495298159,49.89166979316964,16910.467245561413,1833.2349325964908
2019-06-11,2019,6,LATO,22.59209702286995,49.89166979316964,14984.632301327198,1825.8475288925595
2019-06-11,2019,6,LATO,22.403450813204856,49.954551863058015,19487.590975906383,1841.3259838888305
2019-06-11,2019,6,LATO,22.466332883093216,49.954551863058015,15397.305899833966,1842.62183645592
2019-06-11,2019,6,LATO,22.52921495298159,49.954551863058015,11621.52742801706,1843.6093752101037
2019-06-11,2019,6,LATO,22.34056874331648,50.017433932946375,22572.230985439637,1851.4608544641292
2019-06-11,2019,6,LATO,22.403450813204856,50.017433932946375,18066.08493467374,1848.4660680038958
2019-06-11,2019,6,LATO,22.466332883093216,50.017433932946375,13560.241468417575,1844.8255581602618
2019-06-11,2019,6,LATO,22.52921495298159,50.017433932946375,9055.157860934964,1843.1872558594425
2019-06-11,2019,6,LATO,22.59209702286995,50.017433932946375,4553.098125113467,1843.1872558593109
2019-06-11,2019,6,LATO,22.654979092758325,50.017433932946375,290.9442965550448,1849.2394954042425
2019-06-11,2019,6,LATO,22.717861162646685,50.017433932946375,4478.586244782535,1849.2395022869111
2019-06-11,2019,6,LATO,22.34056874331648,50.08031600283475,23531.38389392902,1840.896237998404
2019-06-11,2019,6,LATO,22.403450813204856,50.08031600283475,19257.282604473337,1841.371027363982
2019-06-11,2019,6,LATO,22.466332883093216,50.08031600283475,15117.067528998386,1837.3099281225616
2019-06-11,2019,6,LATO,22.52921495298159,50.08031600283475,11259.419921760236,1845.5376630856758
2019-06-11,2019,6,LATO,22.59209702286995,50.08031600283475,8098.731703513343,1841.877862319874
2019-06-11,2019,6,LATO,22.654979092758325,50.08031600283475,6706.002028970861,1837.6013249683563
2019-06-11,2019,6,LATO,22.717861162646685,50.08031600283475,8057.131528176884,1841.3646784326445
2019-06-11,2019,6,LATO,22.403450813204856,50.14319807272311,22652.776181458365,1835.440440244979
2019-06-11,2019,6,LATO,22.466332883093216,50.14319807272311,19261.81207908881,1830.4552677690044
2019-06-11,2019,6,LATO,22.52921495298159,50.14319807272311,16413.394809788806,1831.0840980829648
2019-06-11,2019,6,LATO,22.59209702286995,50.14319807272311,14432.41702274868,1835.1432590108789
2019-06-11,2019,6,LATO,22.654979092758325,50.14319807272311,13700.462542803412,1836.4155063798341
2019-06-11,2019,6,LATO,22.717861162646685,50.14319807272311,14409.144847811807,1836.8178621867512
2019-06-11,2019,6,LATO,22.466332883093216,50.20608014261147,24725.668418538902,1831.124148181489
2019-06-11,2019,6,LATO,22.52921495298159,50.20608014261147,22580.39340326739,1831.1240778418476
2019-06-11,2019,6,LATO,22.59209702286995,50.20608014261147,21186.06765317841,1834.4760870632263
2019-06-11,2019,6,LATO,22.654979092758325,50.20608014261147,20695.034946995864,1834.4760632871685
2019-06-12,2019,6,LATO,22.543222054979392,49.89166979316964,16393.77929599842,1848.530268120677
2019-06-12,2019,6,LATO,22.60610412486776,49.89166979316964,14710.638103227138,1846.0832519531525
2019-06-12,2019,6,LATO,22.668986194756126,49.89166979316964,14309.94893217961,1846.0832539085875
2019-06-12,2019,6,LATO,22.73186826464449,49.89166979316964,15292.848954922392,1844.515606694559
2019-06-12,2019,6,LATO,22.794750334532857,49.89166979316964,17426.783472716856,1844.4896548505426
2019-06-12,2019,6,LATO,22.857632404421224,49.89166979316964,20352.87206844864,1844.6073039807602
2019-06-12,2019,6,LATO,22.92051447430959,49.89166979316964,23780.476242766938,1845.9138087793144
2019-06-12,2019,6,LATO,22.480339985091025,49.954551863058015,14520.04361323391,1850.9037978706797
2019-06-12,2019,6,LATO,22.543222054979392,49.954551863058015,10856.994445873956,1850.9038113661402
2019-06-12,2019,6,LATO,22.60610412486776,49.954551863058015,8098.712783562352,1849.1112941565784
2019-06-12,2019,6,LATO,22.668986194756126,49.954551863058015,7346.83768198069,1847.2065060666748
2019-06-12,2019,6,LATO,22.73186826464449,49.954551863058015,9112.34475900155,1840.403968588083
2019-06-12,2019,6,LATO,22.794750334532857,49.954551863058015,12359.845021672229,1839.9365299303927
2019-06-12,2019,6,LATO,22.857632404421224,49.954551863058015,16222.479436709024,1843.7978439000271
2019-06-12,2019,6,LATO,22.92051447430959,49.954551863058015,20352.983304829497,1849.2618787586907
2019-06-12,2019,6,LATO,22.98339654419796,49.954551863058015,24616.882768247455,1850.436531818441
2019-06-12,2019,6,LATO,22.354575845314294,50.017433932946375,21568.461962262016,1843.2368164061895
2019-06-12,2019,6,LATO,22.417457915202657,50.017433932946375,17062.364867746277,1843.2368081470267
2019-06-12,2019,6,LATO,22.480339985091025,50.017433932946375,12556.630674141996,1853.7082046515904
2019-06-12,2019,6,LATO,22.543222054979392,50.017433932946375,8051.874491102406,1853.949218750068
2019-06-12,2019,6,LATO,22.60610412486776,50.017433932946375,3551.828731714459,1853.157701902863
2019-06-12,2019,6,LATO,22.668986194756126,50.017433932946375,1008.6745831835706,1849.541321170031
2019-06-12,2019,6,LATO,22.73186826464449,50.017433932946375,5480.739193284635,1840.3690185546236
2019-06-12,2019,6,LATO,22.794750334532857,50.017433932946375,9983.922076715906,1840.3475968256196
2019-06-12,2019,6,LATO,22.857632404421224,50.017433932946375,14489.236311917515,1839.7326387190913
2019-06-12,2019,6,LATO,22.98339654419796,50.017433932946375,23501.34844680935,1850.4365245205963
2019-06-12,2019,6,LATO,22.354575845314294,50.08031600283475,22571.593120862584,1844.3465550869953
2019-06-12,2019,6,LATO,22.417457915202657,50.08031600283475,18320.20307903207,1846.6557537900276
2019-06-12,2019,6,LATO,22.480339985091025,50.08031600283475,14224.935327969335,1850.4185733358556
2019-06-12,2019,6,LATO,22.543222054979392,50.08031600283475,10470.614246793919,1850.4185791016303
2019-06-12,2019,6,LATO,22.60610412486776,50.08031600283475,7581.877613171757,1850.0187544914425
2019-06-12,2019,6,LATO,22.668986194756126,50.08031600283475,6775.102572670169,1847.3956286359055
2019-06-12,2019,6,LATO,22.73186826464449,50.08031600283475,8653.61621414954,1847.3956298827482
2019-06-12,2019,6,LATO,22.794750334532857,50.08031600283475,12018.080216548418,1847.3909272370247
2019-06-12,2019,6,LATO,22.480339985091025,50.14319807272311,18570.803615072375,1850.4186274539993
2019-06-12,2019,6,LATO,22.543222054979392,50.14319807272311,15883.363153205039,1850.4185599577622
2019-06-12,2019,6,LATO,22.60610412486776,50.14319807272311,14149.22946280949,1850.4184757678756
2019-06-12,2019,6,LATO,22.73186826464449,50.14319807272311,14750.52861257386,1847.3956138873862
2019-06-12,2019,6,LATO,22.794750334532857,50.14319807272311,16942.139697664446,1847.395626323878
2019-06-13,2019,6,LATO,22.96238589120125,49.951050087558556,23307.908975838698,1844.6411076533902
2019-06-13,2019,6,LATO,22.96238589120125,50.01393215744693,22005.04296736069,1838.4937606438698
2019-06-13,2019,6,LATO,22.96238589120125,50.07681422733529,22869.78714046843,1838.4937630994882
2019-06-15,2019,6,LATO,22.847127077922863,49.89166979316964,19822.651895636955,1837.6383251281807
2019-06-15,2019,6,LATO,22.910009147811238,49.89166979316964,23182.00810677108,1837.6400169955677
2019-06-15,2019,6,LATO,22.784245008034503,49.954551863058015,11759.523976917604,1837.517575602242
2019-06-15,2019,6,LATO,22.847127077922863,49.954551863058015,15552.962263779697,1837.5208766436422
2019-06-15,2019,6,LATO,22.910009147811238,49.954551863058015,19651.333430628496,1837.5420495565843
2019-06-15,2019,6,LATO,22.34407051881594,50.017433932946375,22321.28802408236,1848.5593497448913
2019-06-15,2019,6,LATO,22.4069525887043,50.017433932946375,17815.15350017437,1848.6206054686854
2019-06-15,2019,6,LATO,22.469834658592674,50.017433932946375,13309.335309895498,1846.7554948432169
2019-06-15,2019,6,LATO,22.532716728481034,50.017433932946375,8804.324772825048,1845.2609737780522
2019-06-15,2019,6,LATO,22.59559879836941,50.017433932946375,4302.667734522494,1840.379596805102
2019-06-15,2019,6,LATO,22.65848086825777,50.017433932946375,359.0171461258216,1840.2758554892398
2019-06-15,2019,6,LATO,22.721362938146143,50.017433932946375,4729.056725075273,1840.5759945620152
2019-06-15,2019,6,LATO,22.784245008034503,50.017433932946375,9231.369764738394,1838.281455150436
2019-06-15,2019,6,LATO,22.847127077922863,50.017433932946375,13736.501706199297,1839.5320275443046
2019-06-15,2019,6,LATO,22.910009147811238,50.017433932946375,18242.362196343674,1847.3506932502685
2019-06-15,2019,6,LATO,22.972891217699598,50.017433932946375,22748.51608264462,1835.2368940180288
2019-06-15,2019,6,LATO,22.34407051881594,50.08031600283475,23291.093235142445,1844.3068430828716
2019-06-15,2019,6,LATO,22.4069525887043,50.08031600283475,19022.380468476964,1845.9147277130041
2019-06-15,2019,6,LATO,22.469834658592674,50.08031600283475,14892.709365227212,1844.7773304357956
2019-06-15,2019,6,LATO,22.532716728481034,50.08031600283475,11058.96201605659,1844.7988053157342
2019-06-15,2019,6,LATO,22.65848086825777,50.08031600283475,6709.295794220818,1832.6388796423662
2019-06-15,2019,6,LATO,22.721362938146143,50.08031600283475,8198.816506939642,1836.9761625682263
2019-06-15,2019,6,LATO,22.784245008034503,50.08031600283475,11401.431088470114,1838.9742394227835
2019-06-15,2019,6,LATO,22.847127077922863,50.08031600283475,15275.168680265926,1838.9742294948835
2019-06-15,2019,6,LATO,22.4069525887043,50.14319807272311,22453.687107535116,1842.4612906286122
2019-06-15,2019,6,LATO,22.469834658592674,50.14319807272311,19086.46862917077,1842.8405181057742
2019-06-15,2019,6,LATO,22.532716728481034,50.14319807272311,16276.716427633999,1841.3920875476226
2019-06-15,2019,6,LATO,22.59559879836941,50.14319807272311,14355.581307090208,1841.3920846158123
2019-06-15,2019,6,LATO,22.65848086825777,50.14319807272311,13702.072942767301,1830.7824701176326
2019-06-15,2019,6,LATO,22.721362938146143,50.14319807272311,14488.742529553769,1830.7825131926552
2019-06-15,2019,6,LATO,22.532716728481034,50.20608014261147,22481.370018975245,1841.3921076434024
2019-06-15,2019,6,LATO,22.59559879836941,50.20608014261147,21133.868947761264,1841.3920737423648
2019-06-16,2019,6,LATO,22.52921495298159,49.82878772328128,23123.684153430204,1810.8270261001264
2019-06-16,2019,6,LATO,22.969389442200153,49.954551863058015,23659.207083204412,1832.3265434428256
2019-06-16,2019,6,LATO,22.34056874331648,50.017433932946375,22572.230985439637,1830.7622736466387
2019-06-16,2019,6,LATO,22.403450813204856,50.017433932946375,18066.08493467374,1830.4456835546325
2019-06-16,2019,6,LATO,22.466332883093216,50.017433932946375,13560.241468417575,1830.445643608414
2019-06-16,2019,6,LATO,22.34056874331648,50.08031600283475,23531.38389392902,1824.359453711608
2019-06-16,2019,6,LATO,22.403450813204856,50.08031600283475,19257.282604473337,1826.313232109881
2019-06-16,2019,6,LATO,22.466332883093216,50.08031600283475,15117.067528998386,1826.3342308723443
2019-06-16,2019,6,LATO,22.52921495298159,50.08031600283475,11259.419921760236,1826.3341853045417
2019-06-16,2019,6,LATO,22.780743232535045,50.08031600283475,11199.569652326369,1825.842049048862
2019-06-16,2019,6,LATO,22.84362530242342,50.08031600283475,15050.231414787298,1825.842073861329
2019-06-16,2019,6,LATO,22.403450813204856,50.14319807272311,22652.776181458365,1828.7022543733444
2019-06-16,2019,6,LATO,22.466332883093216,50.14319807272311,19261.81207908881,1827.6958569425317
2019-06-16,2019,6,LATO,22.780743232535045,50.14319807272311,16372.449865157329,1825.6133273432806
2019-06-16,2019,6,LATO,22.84362530242342,50.14319807272311,19209.471110313178,1825.8420414024295
2019-06-16,2019,6,LATO,22.466332883093216,50.20608014261147,24725.668418538902,1830.102506297462
2019-06-16,2019,6,LATO,22.717861162646685,50.20608014261147,21170.241777233572,1819.3482466038627
2019-06-16,2019,6,LATO,22.780743232535045,50.20608014261147,22550.687644882495,1819.348260305641
2019-06-20,2019,6,LATO,22.84362530242342,49.954551863058015,15331.519629385028,1850.328629574873
2019-06-20,2019,6,LATO,22.90650737231178,49.954551863058015,19418.311560371767,1850.3285962173584
2019-06-20,2019,6,LATO,22.84362530242342,50.017433932946375,13485.594062941023,1850.3286246032455
2019-06-20,2019,6,LATO,22.90650737231178,50.017433932946375,17991.430140098637,1850.328612921476
2019-06-26,2019,6,LATO,22.46283110759377,49.89166979316964,19874.58844639638,1809.165885753829
2019-06-26,2019,6,LATO,22.52571317748213,49.89166979316964,17046.454606667296,1809.1658893615972
2019-06-26,2019,6,LATO,22.588595247370506,49.89166979316964,15062.835837653478,1809.1658610226502
2019-06-30,2019,6,LATO,22.522211401982673,49.82528594778182,23681.36397288888,1817.1265594709762
2019-06-30,2019,6,LATO,22.585093471871062,49.82528594778182,22243.113603917147,1822.4468821385424
2019-06-30,2019,6,LATO,22.647975541759422,49.82528594778182,21667.624483433796,1830.8240903612727
2019-06-30,2019,6,LATO,22.710857611647782,49.82528594778182,22022.63564934791,1830.124212853798
2019-06-30,2019,6,LATO,22.773739681536142,49.82528594778182,23265.591203190193,1825.4599359803751
2019-06-30,2019,6,LATO,22.396447262205953,49.888168017670196,23679.53220215283,1818.0712890625273
2019-06-30,2019,6,LATO,22.459329332094313,49.888168017670196,20329.756512475342,1821.6385498047148
2019-06-30,2019,6,LATO,22.522211401982673,49.888168017670196,17510.161048962553,1822.1516048693443
2019-06-30,2019,6,LATO,22.585093471871062,49.888168017670196,15512.59120345802,1832.2190383558757
2019-06-30,2019,6,LATO,22.647975541759422,49.888168017670196,14676.618170674585,1832.5163625972702
2019-06-30,2019,6,LATO,22.710857611647782,49.888168017670196,15195.180964942992,1831.9310181113271
2019-06-30,2019,6,LATO,22.773739681536142,49.888168017670196,16944.37306082622,1830.2500439494574
2019-06-30,2019,6,LATO,22.836621751424502,49.888168017670196,19597.3983523426,1829.6870639533931
2019-06-30,2019,6,LATO,22.333565192317593,49.951050087558556,24329.616153798765,1822.6364570851108
2019-06-30,2019,6,LATO,22.396447262205953,49.951050087558556,20100.38885914841,1822.1771539401893
2019-06-30,2019,6,LATO,22.459329332094313,49.951050087558556,16024.852730089931,1822.2413619496065
2019-06-30,2019,6,LATO,22.522211401982673,49.951050087558556,12257.290210877267,1825.9948725873357
2019-06-30,2019,6,LATO,22.585093471871062,49.951050087558556,9184.85227776162,1833.2211709424987
2019-06-30,2019,6,LATO,22.647975541759422,49.951050087558556,7691.354015338403,1832.9810257839206
2019-06-30,2019,6,LATO,22.710857611647782,49.951050087558556,8638.703832302734,1833.92223243919
2019-06-30,2019,6,LATO,22.773739681536142,49.951050087558556,11435.580416255929,1833.9440917969102
2019-06-30,2019,6,LATO,22.836621751424502,49.951050087558556,15086.182423455777,1833.9440876203432
2019-06-30,2019,6,LATO,22.333565192317593,50.01393215744693,23083.11301727658,1826.9154052733777
2019-06-30,2019,6,LATO,22.396447262205953,50.01393215744693,18578.759884169915,1827.4946310245925
2019-06-30,2019,6,LATO,22.459329332094313,50.01393215744693,14075.95044439272,1828.7912977018175
2019-06-30,2019,6,LATO,22.522211401982673,50.01393215744693,9576.867796616025,1835.5512377625291
2019-06-30,2019,6,LATO,22.585093471871062,50.01393215744693,5091.408622525803,1835.8255772858718
2019-06-30,2019,6,LATO,22.647975541759422,50.01393215744693,866.3511802528575,1835.4386302474375
2019-06-30,2019,6,LATO,22.333565192317593,50.07681422733529,23907.569888610113,1827.1913066643176
2019-06-30,2019,6,LATO,22.396447262205953,50.07681422733529,19599.92593923184,1827.634606373486
2019-06-30,2019,6,LATO,22.459329332094313,50.07681422733529,15404.905898963934,1828.4533276142927
2019-06-30,2019,6,LATO,22.522211401982673,50.07681422733529,11447.012777359685,1835.6823231655687
2019-06-30,2019,6,LATO,22.585093471871062,50.07681422733529,8082.458111143529,1835.9813668154698
2019-06-30,2019,6,LATO,22.647975541759422,50.07681422733529,6339.339550752154,1836.3713077925283
2019-06-30,2019,6,LATO,22.396447262205953,50.13969629722365,22825.193638328336,1827.028449983971
2019-06-30,2019,6,LATO,22.459329332094313,50.13969629722365,19347.75752602648,1827.0284464052645
2019-06-30,2019,6,LATO,22.522211401982673,50.13969629722365,16376.749170433397,1832.4968225081045
2019-06-30,2019,6,LATO,22.585093471871062,50.13969629722365,14232.922355812683,1832.4968232935119
2019-06-30,2019,6,LATO,22.647975541759422,50.13969629722365,13321.790660787445,1819.5482610706526
2019-06-30,2019,6,LATO,22.710857611647782,50.13969629722365,13888.119460013195,1819.6357734104956
2019-06-30,2019,6,LATO,22.773739681536142,50.13969629722365,15773.567700958482,1821.2020294891986
2019-06-30,2019,6,LATO,22.836621751424502,50.13969629722365,18580.82277687495,1821.2020231855504
2019-06-30,2019,6,LATO,22.89950382131289,50.13969629722365,21959.1545111056,1821.2020076690953
2019-06-30,2019,6,LATO,22.585093471871062,50.202578367112025,20920.69442027158,1825.6789011409614
2019-06-30,2019,6,LATO,22.647975541759422,50.202578367112025,20312.61666803342,1824.2876758890034
2019-06-30,2019,6,LATO,22.710857611647782,50.202578367112025,20687.96636917898,1823.7365739589081
2019-07-01,2019,7,LATO,22.651477317258866,50.20608014261147,20697.001515397067,1833.6231646756082
2019-07-01,2019,7,LATO,22.714359387147226,50.20608014261147,21118.887757690336,1833.6231823259145
2019-08-19,2019,8,LATO,22.532716728481034,49.82878772328128,23026.23548838651,1831.7650184301956
2019-08-19,2019,8,LATO,22.59559879836941,49.82878772328128,21701.93311098845,1831.7650163779763
2019-08-19,2019,8,LATO,22.532716728481034,50.017433932946375,8804.324772825048,1854.3055384751342
2019-08-19,2019,8,LATO,22.59559879836941,50.017433932946375,4302.667734522494,1854.305542495668
2019-08-19,2019,8,LATO,22.65848086825777,50.017433932946375,359.0171461258216,1848.3848906616313
2019-08-19,2019,8,LATO,22.721362938146143,50.017433932946375,4729.056725075273,1848.384893770271
2019-08-19,2019,8,LATO,22.34407051881594,50.08031600283475,23291.093235142445,1843.2098436167637
2019-08-19,2019,8,LATO,22.469834658592674,50.08031600283475,14892.709365227212,1849.4611670456788
2019-08-19,2019,8,LATO,22.532716728481034,50.08031600283475,11058.96201605659,1849.4611854847828
2019-08-19,2019,8,LATO,22.59559879836941,50.08031600283475,7960.816914998515,1849.4611659700745
2019-08-19,2019,8,LATO,22.721362938146143,50.20608014261147,21224.42756260835,1819.7617281854823
2019-08-19,2019,8,LATO,22.784245008034503,50.20608014261147,22651.353698077353,1819.761719220662
2019-08-19,2019,8,LATO,22.847127077922863,50.20608014261147,24822.39180988345,1819.7617420831823
2019-08-24,2019,8,LATO,22.532716728481034,49.954551863058015,11426.911706085219,1857.3841534332557
2019-08-24,2019,8,LATO,22.59559879836941,49.954551863058015,8455.428940932505,1857.3841335840007
2019-08-24,2019,8,LATO,22.532716728481034,50.017433932946375,8804.324772825048,1874.632692150002
2019-08-24,2019,8,LATO,22.59559879836941,50.017433932946375,4302.667734522494,1873.4265837625665
2019-08-24,2019,8,LATO,22.65848086825777,50.017433932946375,359.0171461258216,1862.4214973265334
2019-08-24,2019,8,LATO,22.721362938146143,50.017433932946375,4729.056725075273,1862.4661838304876
2019-08-24,2019,8,LATO,22.532716728481034,50.08031600283475,11058.96201605659,1865.7570887248853
2019-08-24,2019,8,LATO,22.59559879836941,50.08031600283475,7960.816914998515,1863.739165032198
2019-08-24,2019,8,LATO,22.65848086825777,50.08031600283475,6709.295794220818,1860.0531005858763
2019-08-24,2019,8,LATO,22.65848086825777,50.14319807272311,13702.072942767301,1860.0530721378138
2019-08-25,2019,8,LATO,22.47333643409212,49.954551863058015,14956.67367277081,1845.9286367302018
2019-08-25,2019,8,LATO,22.41045436420376,50.017433932946375,17564.222983478045,1853.4081972610588
2019-08-25,2019,8,LATO,22.47333643409212,50.017433932946375,13058.431369001919,1852.314295516129
2019-08-25,2019,8,LATO,22.536218503980486,50.017433932946375,8553.499369323863,1847.3001379401792
2019-08-25,2019,8,LATO,22.599100573868853,50.017433932946375,4052.3033939602497,1845.9363925873665
2019-08-25,2019,8,LATO,22.41045436420376,50.08031600283475,18787.88931886113,1859.6513573981495
2019-08-25,2019,8,LATO,22.47333643409212,50.08031600283475,14669.207720469998,1859.6513671363412
2019-08-25,2019,8,LATO,22.536218503980486,50.08031600283475,10860.59604484225,1841.0683356007428
2019-08-25,2019,8,LATO,22.599100573868853,50.08031600283475,7828.509333679053,1841.4759256874033
2019-08-25,2019,8,LATO,22.66198264375722,50.08031600283475,6721.951918521457,1845.4301059991806
2019-08-25,2019,8,LATO,22.724864713645587,50.08031600283475,8345.634637596631,1840.1533303666158
2019-08-25,2019,8,LATO,22.787746783533954,50.08031600283475,11605.201548529596,1840.1533341393276
2019-08-25,2019,8,LATO,22.85062885342232,50.08031600283475,15500.899719003963,1836.975464689754
2019-08-25,2019,8,LATO,22.91351092331069,50.08031600283475,19658.104679822707,1836.9754508853623
2019-08-25,2019,8,LATO,22.976392993199056,50.08031600283475,23940.972143896157,1836.9753801515903
2019-08-25,2019,8,LATO,22.47333643409212,50.14319807272311,18912.821096659845,1859.6513871916277
2019-08-25,2019,8,LATO,22.536218503980486,50.14319807272311,16142.772473991205,1835.605097391064
2019-08-25,2019,8,LATO,22.599100573868853,50.14319807272311,14282.730997575229,1835.605106129597
2019-08-25,2019,8,LATO,22.66198264375722,50.14319807272311,13708.26641514638,1833.3537411114314
2019-08-25,2019,8,LATO,22.724864713645587,50.14319807272311,14572.216767859765,1838.7464168961503
2019-08-25,2019,8,LATO,22.787746783533954,50.14319807272311,16652.187004218555,1840.1533160134024
2019-08-25,2019,8,LATO,22.85062885342232,50.14319807272311,19564.10422711799,1836.975453029701
2019-08-25,2019,8,LATO,22.91351092331069,50.14319807272311,22994.042651792173,1836.975459832674
2019-08-25,2019,8,LATO,22.599100573868853,50.20608014261147,21084.51665211945,1841.857426364436
2019-08-25,2019,8,LATO,22.66198264375722,50.20608014261147,20700.19529736023,1844.850401956286
2019-08-25,2019,8,LATO,22.724864713645587,50.20608014261147,21281.42348392957,1839.8464193662398
2019-08-25,2019,8,LATO,22.787746783533954,50.20608014261147,22754.3316198966,1828.1028875429959
2019-08-26,2019,8,LATO,22.536218503980486,49.82878772328128,22931.130174970585,1819.8619423645594
2019-08-26,2019,8,LATO,22.599100573868853,49.82878772328128,21653.497321226387,1818.1022935398748
2019-08-26,2019,8,LATO,22.66198264375722,49.82878772328128,21276.487989969268,1842.7381272866342
2019-08-26,2019,8,LATO,22.724864713645587,49.82878772328128,21846.777153986153,1847.066394721099
2019-08-26,2019,8,LATO,22.787746783533954,49.82878772328128,23294.896483134347,1845.6251413789098
2019-08-26,2019,8,LATO,22.41045436420376,49.89166979316964,22650.83519308362,1845.0921049147562
2019-08-26,2019,8,LATO,22.47333643409212,49.89166979316964,19357.71995066041,1842.2182354244444
2019-08-26,2019,8,LATO,22.536218503980486,49.89166979316964,16646.542039581233,1840.7677347108033
2019-08-26,2019,8,LATO,22.599100573868853,49.89166979316964,14839.759132878053,1841.2221392060226
2019-08-26,2019,8,LATO,22.66198264375722,49.89166979316964,14284.762848938852,1859.2953949060036
2019-08-26,2019,8,LATO,22.724864713645587,49.89166979316964,15120.028743772344,1848.1617546513253
2019-08-26,2019,8,LATO,22.787746783533954,49.89166979316964,17143.542009798548,1847.8207853158478
2019-08-26,2019,8,LATO,22.85062885342232,49.89166979316964,19997.79633047757,1848.1372237439832
2019-08-26,2019,8,LATO,22.91351092331069,49.89166979316964,23380.498765593697,1848.9921875000236
2019-08-26,2019,8,LATO,22.34757229431539,49.954551863058015,23252.79783324219,1845.5034466192005
2019-08-26,2019,8,LATO,22.41045436420376,49.954551863058015,19022.654339326877,1851.0171948820607
2019-08-26,2019,8,LATO,22.47333643409212,49.954551863058015,14956.67367277081,1850.0626040599964
2019-08-26,2019,8,LATO,22.536218503980486,49.954551863058015,11234.538398514742,1842.8145945218937
2019-08-26,2019,8,LATO,22.599100573868853,49.954551863058015,8330.65253110649,1846.9845276072244
2019-08-26,2019,8,LATO,22.66198264375722,49.954551863058015,7297.723732089598,1858.9232229942963
2019-08-26,2019,8,LATO,22.724864713645587,49.954551863058015,8819.619542819972,1861.2232687647881
2019-08-26,2019,8,LATO,22.787746783533954,49.954551863058015,11957.705826607573,1855.2512331665494
2019-08-26,2019,8,LATO,22.85062885342232,49.954551863058015,15775.29417656553,1845.266460699865
2019-08-26,2019,8,LATO,22.91351092331069,49.954551863058015,19884.79612979905,1846.2636258149519
2019-08-26,2019,8,LATO,22.976392993199056,49.954551863058015,24137.569054743682,1848.9487472696528
2019-08-26,2019,8,LATO,22.34757229431539,50.017433932946375,22070.34552203583,1852.7559087163797
2019-08-26,2019,8,LATO,22.41045436420376,50.017433932946375,17564.222983478045,1846.861069895959
2019-08-26,2019,8,LATO,22.47333643409212,50.017433932946375,13058.431369001919,1844.0483146179656
2019-08-26,2019,8,LATO,22.536218503980486,50.017433932946375,8553.499369323863,1853.7016840430458
2019-08-26,2019,8,LATO,22.599100573868853,50.017433932946375,4052.3033939602497,1850.5916454573833
2019-08-26,2019,8,LATO,22.66198264375722,50.017433932946375,546.9041279730637,1849.4676324704226
2019-08-26,2019,8,LATO,22.724864713645587,50.017433932946375,4979.576922162665,1847.8059319395595
2019-08-26,2019,8,LATO,22.787746783533954,50.017433932946375,9482.214540611112,1837.9214737982645
2019-08-26,2019,8,LATO,22.85062885342232,50.017433932946375,13987.41136562942,1852.5968419040748
2019-08-26,2019,8,LATO,22.91351092331069,50.017433932946375,18493.295106497215,1855.9500732422196
2019-08-26,2019,8,LATO,22.976392993199056,50.017433932946375,22999.459790241206,1849.5576377739026
2019-08-26,2019,8,LATO,22.34757229431539,50.08031600283475,23051.026458445827,1847.7670235098058
2019-08-26,2019,8,LATO,22.41045436420376,50.08031600283475,18787.88931886113,1851.7901435503004
2019-08-26,2019,8,LATO,22.47333643409212,50.08031600283475,14669.207720469998,1844.2633090168279
2019-08-26,2019,8,LATO,22.536218503980486,50.08031600283475,10860.59604484225,1837.7159114626165
2019-08-26,2019,8,LATO,22.599100573868853,50.08031600283475,7828.509333679053,1844.486390044848
2019-08-26,2019,8,LATO,22.66198264375722,50.08031600283475,6721.951918521457,1856.979248046814
2019-08-26,2019,8,LATO,22.724864713645587,50.08031600283475,8345.634637596631,1823.6101570261424
2019-08-26,2019,8,LATO,22.787746783533954,50.08031600283475,11605.201548529596,1832.7025008493629
2019-08-26,2019,8,LATO,22.85062885342232,50.08031600283475,15500.899719003963,1834.6861487734998
2019-08-26,2019,8,LATO,22.91351092331069,50.08031600283475,19658.104679822707,1835.3546241509014
2019-08-26,2019,8,LATO,22.41045436420376,50.14319807272311,22255.639674341124,1845.2726503475108
2019-08-26,2019,8,LATO,22.47333643409212,50.14319807272311,18912.821096659845,1841.463461216375
2019-08-26,2019,8,LATO,22.536218503980486,50.14319807272311,16142.772473991205,1839.4704737869154
2019-08-26,2019,8,LATO,22.599100573868853,50.14319807272311,14282.730997575229,1837.7164062593915
2019-08-26,2019,8,LATO,22.66198264375722,50.14319807272311,13708.26641514638,1834.4031987965232
2019-08-26,2019,8,LATO,22.724864713645587,50.14319807272311,14572.216767859765,1809.724038982752
2019-08-26,2019,8,LATO,22.787746783533954,50.14319807272311,16652.187004218555,1810.9719941528322
2019-08-26,2019,8,LATO,22.85062885342232,50.14319807272311,19564.10422711799,1829.8804885850732
2019-08-26,2019,8,LATO,22.91351092331069,50.14319807272311,22994.042651792173,1834.159299705641
2019-08-26,2019,8,LATO,22.47333643409212,50.20608014261147,24455.13362495998,1845.5785137089467
2019-08-26,2019,8,LATO,22.536218503980486,50.20608014261147,22384.711336172233,1848.5940403153409
2019-08-26,2019,8,LATO,22.599100573868853,50.20608014261147,21084.51665211945,1846.060003936688
2019-08-26,2019,8,LATO,22.724864713645587,50.20608014261147,21281.42348392957,1804.2273062822617
2019-08-26,2019,8,LATO,22.787746783533954,50.20608014261147,22754.3316198966,1804.2273029688408
2019-08-27,2019,8,LATO,22.73186826464449,49.82878772328128,21966.894607487786,1861.187918464379
2019-08-27,2019,8,LATO,22.794750334532857,49.82878772328128,23504.396650112318,1859.6128529568762
2019-08-27,2019,8,LATO,22.417457915202657,49.89166979316964,22262.91512756393,1851.1881854536591
2019-08-27,2019,8,LATO,22.480339985091025,49.89166979316964,19021.939045588762,1850.6325606584692
2019-08-27,2019,8,LATO,22.543222054979392,49.89166979316964,16393.77929599842,1850.6325832856621
2019-08-27,2019,8,LATO,22.60610412486776,49.89166979316964,14710.638103227138,1856.4673390423663
2019-08-27,2019,8,LATO,22.668986194756126,49.89166979316964,14309.94893217961,1864.357769049382
2019-08-27,2019,8,LATO,22.73186826464449,49.89166979316964,15292.848954922392,1866.3399392282836
2019-08-27,2019,8,LATO,22.794750334532857,49.89166979316964,17426.783472716856,1865.0172546078018
2019-08-27,2019,8,LATO,22.857632404421224,49.89166979316964,20352.87206844864,1863.4920942058152
2019-08-27,2019,8,LATO,22.92051447430959,49.89166979316964,23780.476242766938,1859.6027803664012
2019-08-27,2019,8,LATO,22.354575845314294,49.954551863058015,22776.356876468417,1856.5232681455698
2019-08-27,2019,8,LATO,22.417457915202657,49.954551863058015,18559.66253791124,1855.8401244709007
2019-08-27,2019,8,LATO,22.480339985091025,49.954551863058015,14520.04361323391,1851.1205034580569
2019-08-27,2019,8,LATO,22.543222054979392,49.954551863058015,10856.994445873956,1850.6325633980346
2019-08-27,2019,8,LATO,22.60610412486776,49.954551863058015,8098.712783562352,1854.7103410616623
2019-08-27,2019,8,LATO,22.668986194756126,49.954551863058015,7346.83768198069,1856.512427389417
2019-08-27,2019,8,LATO,22.73186826464449,49.954551863058015,9112.34475900155,1865.0564622818792
2019-08-27,2019,8,LATO,22.794750334532857,49.954551863058015,12359.845021672229,1866.9764404297237
2019-08-27,2019,8,LATO,22.857632404421224,49.954551863058015,16222.479436709024,1864.9985360957194
2019-08-27,2019,8,LATO,22.92051447430959,49.954551863058015,20352.983304829497,1863.4640615621754
2019-08-27,2019,8,LATO,22.98339654419796,49.954551863058015,24616.882768247455,1861.0833375334576
2019-08-27,2019,8,LATO,22.354575845314294,50.017433932946375,21568.461962262016,1864.936771087836
2019-08-27,2019,8,LATO,22.417457915202657,50.017433932946375,17062.364867746277,1857.2112325078592
2019-08-27,2019,8,LATO,22.480339985091025,50.017433932946375,12556.630674141996,1856.4817735549325
2019-08-27,2019,8,LATO,22.543222054979392,50.017433932946375,8051.874491102406,1849.0231500410287
2019-08-27,2019,8,LATO,22.60610412486776,50.017433932946375,3551.828731714459,1837.2145651309331
2019-08-27,2019,8,LATO,22.668986194756126,50.017433932946375,1008.6745831835706,1844.632235032764
2019-08-27,2019,8,LATO,22.73186826464449,50.017433932946375,5480.739193284635,1850.1472971989915
2019-08-27,2019,8,LATO,22.794750334532857,50.017433932946375,9983.922076715906,1855.225346528539
2019-08-27,2019,8,LATO,22.857632404421224,50.017433932946375,14489.236311917515,1859.9735840076964
2019-08-27,2019,8,LATO,22.92051447430959,50.017433932946375,18995.163351028874,1866.9760614099323
2019-08-27,2019,8,LATO,22.98339654419796,50.017433932946375,23501.34844680935,1865.8831159853314
2019-08-27,2019,8,LATO,22.354575845314294,50.08031600283475,22571.593120862584,1845.8355712890018
2019-08-27,2019,8,LATO,22.417457915202657,50.08031600283475,18320.20307903207,1859.842889081217
2019-08-27,2019,8,LATO,22.480339985091025,50.08031600283475,14224.935327969335,1832.10371306479
2019-08-27,2019,8,LATO,22.543222054979392,50.08031600283475,10470.614246793919,1825.9117365846707
2019-08-27,2019,8,LATO,22.60610412486776,50.08031600283475,7581.877613171757,1825.239444578625
2019-08-27,2019,8,LATO,22.668986194756126,50.08031600283475,6775.102572670169,1827.3979635632168
2019-08-27,2019,8,LATO,22.73186826464449,50.08031600283475,8653.61621414954,1830.3486128127852
2019-08-27,2019,8,LATO,22.794750334532857,50.08031600283475,12018.080216548418,1837.4701513415994
2019-08-27,2019,8,LATO,22.857632404421224,50.08031600283475,15954.608229179084,1846.1497158840386
2019-08-27,2019,8,LATO,22.417457915202657,50.14319807272311,21862.782814030616,1845.71836772783
2019-08-27,2019,8,LATO,22.480339985091025,50.14319807272311,18570.803615072375,1832.1792331034594
2019-08-27,2019,8,LATO,22.543222054979392,50.14319807272311,15883.363153205039,1827.836615617218
2019-08-27,2019,8,LATO,22.60610412486776,50.14319807272311,14149.22946280949,1825.8869241038321
2019-08-27,2019,8,LATO,22.668986194756126,50.14319807272311,13734.373189309134,1824.8358940707155
2019-08-27,2019,8,LATO,22.73186826464449,50.14319807272311,14750.52861257386,1827.4347910671372
2019-08-27,2019,8,LATO,22.794750334532857,50.14319807272311,16942.139697664446,1829.2832285661325
2019-08-27,2019,8,LATO,22.857632404421224,50.14319807272311,19925.037407232725,1841.0829053159612
2019-08-27,2019,8,LATO,22.480339985091025,50.20608014261147,24191.94764707279,1843.9317046199944
2019-08-27,2019,8,LATO,22.543222054979392,50.20608014261147,22198.610876776278,1843.188774619368
2019-08-27,2019,8,LATO,22.60610412486776,50.20608014261147,20994.430424650796,1839.51251424354
2019-08-27,2019,8,LATO,22.668986194756126,50.20608014261147,20717.470530006434,1831.9253717273764
2019-08-27,2019,8,LATO,22.73186826464449,50.20608014261147,21403.75483245062,1827.3286125856564
2019-08-27,2019,8,LATO,22.794750334532857,50.20608014261147,22967.097983633736,1825.5987101935937
2019-08-28,2019,8,LATO,22.532716728481034,50.017433932946375,8804.324772825048,1872.1474757796375
2019-08-28,2019,8,LATO,22.59559879836941,50.017433932946375,4302.667734522494,1872.1474805800606
2019-08-28,2019,8,LATO,22.469834658592674,50.08031600283475,14892.709365227212,1860.4740582851955
2019-08-28,2019,8,LATO,22.532716728481034,50.08031600283475,11058.96201605659,1860.4741200777053
2019-08-28,2019,8,LATO,22.59559879836941,50.08031600283475,7960.816914998515,1860.4741250213176
2019-08-28,2019,8,LATO,22.532716728481034,50.14319807272311,16276.716427633999,1860.4741121088719
2019-08-28,2019,8,LATO,22.59559879836941,50.14319807272311,14355.581307090208,1860.474075775332
2019-08-28,2019,8,LATO,22.721362938146143,50.14319807272311,14488.742529553769,1836.139015150101
2019-08-28,2019,8,LATO,22.784245008034503,50.14319807272311,16511.00859423297,1836.1390119243358
2019-08-28,2019,8,LATO,22.65848086825777,50.20608014261147,20696.099696900703,1838.0573620112766
2019-08-28,2019,8,LATO,22.721362938146143,50.20608014261147,21224.42756260835,1838.057373046811
2019-08-28,2019,8,LATO,22.784245008034503,50.20608014261147,22651.353698077353,1838.057381774686
2019-08-31,2019,8,LATO,22.480339985091025,49.82878772328128,24711.809120294347,1846.9813599335146
2019-08-31,2019,8,LATO,22.543222054979392,49.82878772328128,22748.066442999923,1835.6722909201812
2019-08-31,2019,8,LATO,22.60610412486776,49.82878772328128,21565.09706289241,1832.5732417631095
2019-08-31,2019,8,LATO,22.668986194756126,49.82878772328128,21293.427765337514,1851.422912803967
2019-08-31,2019,8,LATO,22.417457915202657,49.89166979316964,22262.91512756393,1863.1630834321093
2019-08-31,2019,8,LATO,22.480339985091025,49.89166979316964,19021.939045588762,1863.1151223997826
2019-08-31,2019,8,LATO,22.543222054979392,49.89166979316964,16393.77929599842,1862.7194732019916
2019-08-31,2019,8,LATO,22.60610412486776,49.89166979316964,14710.638103227138,1861.9999914766768
2019-08-31,2019,8,LATO,22.668986194756126,49.89166979316964,14309.94893217961,1867.987775487312
2019-08-31,2019,8,LATO,22.73186826464449,49.89166979316964,15292.848954922392,1867.9877996999278
2019-08-31,2019,8,LATO,22.794750334532857,49.89166979316964,17426.783472716856,1867.9877909481174
2019-08-31,2019,8,LATO,22.480339985091025,49.954551863058015,14520.04361323391,1863.1630866091846
2019-08-31,2019,8,LATO,22.543222054979392,49.954551863058015,10856.994445873956,1863.1630886009727
2019-08-31,2019,8,LATO,22.73186826464449,49.954551863058015,9112.34475900155,1867.9877665654878
2019-08-31,2019,8,LATO,22.794750334532857,49.954551863058015,12359.845021672229,1867.9877844974965
2020-01-21,2020,1,ZIMA,22.543222054979392,49.818282396782934,23844.580738967565,1814.952083871004
2020-01-21,2020,1,ZIMA,22.60610412486776,49.818282396782934,22718.528932761306,1808.498170257584
2020-01-21,2020,1,ZIMA,22.668986194756126,49.818282396782934,22460.758843357904,1815.828897549859
2020-01-21,2020,1,ZIMA,22.73186826464449,49.818282396782934,23100.35486137293,1830.0164925788954
2020-01-21,2020,1,ZIMA,22.794750334532857,49.818282396782934,24567.33080198617,1827.9228411222516
2020-01-21,2020,1,ZIMA,22.417457915202657,49.881164466671294,23031.096518731556,1819.9110743601857
2020-01-21,2020,1,ZIMA,22.480339985091025,49.881164466671294,19914.797531770357,1834.657386329173
2020-01-21,2020,1,ZIMA,22.543222054979392,49.881164466671294,17421.274692648036,1841.5781907195167
2020-01-21,2020,1,ZIMA,22.60610412486776,49.881164466671294,15847.281406598506,1831.178288286629
2020-01-21,2020,1,ZIMA,22.668986194756126,49.881164466671294,15475.967440865885,1852.1436733708365
2020-01-21,2020,1,ZIMA,22.73186826464449,49.881164466671294,16389.27926047518,1850.4614173860216
2020-01-21,2020,1,ZIMA,22.794750334532857,49.881164466671294,18396.87936768486,1844.9629318271848
2020-01-21,2020,1,ZIMA,22.857632404421224,49.881164466671294,21189.99202699651,1842.8431575392872
2020-01-21,2020,1,ZIMA,22.92051447430959,49.881164466671294,24501.433160808512,1844.2050889185114
2020-01-21,2020,1,ZIMA,22.354575845314294,49.944046536559654,23178.636067204665,1825.0763514269534
2020-01-21,2020,1,ZIMA,22.417457915202657,49.944046536559654,19050.194082674974,1820.374021884037
2020-01-21,2020,1,ZIMA,22.480339985091025,49.944046536559654,15141.051196505394,1836.5795092243698
2020-01-21,2020,1,ZIMA,22.543222054979392,49.944046536559654,11673.64126210208,1841.9813251279904
2020-01-21,2020,1,ZIMA,22.60610412486776,49.944046536559654,9163.917044842108,1841.9813107746438
2020-01-21,2020,1,ZIMA,22.73186826464449,49.944046536559654,10071.089278044556,1848.6649399304163
2020-01-21,2020,1,ZIMA,22.794750334532857,49.944046536559654,13083.306804570208,1846.3084714177123
2020-01-21,2020,1,ZIMA,22.857632404421224,49.944046536559654,16780.941025819608,1846.2206393961326
2020-01-21,2020,1,ZIMA,22.92051447430959,49.944046536559654,20801.632851319795,1844.2871216472313
2020-01-25,2020,1,ZIMA,22.543222054979392,49.818282396782934,23844.580738967565,1832.1129941467593
2020-01-25,2020,1,ZIMA,22.60610412486776,49.818282396782934,22718.528932761306,1831.216390138863
2020-01-25,2020,1,ZIMA,22.668986194756126,49.818282396782934,22460.758843357904,1831.5589527120599
2020-01-25,2020,1,ZIMA,22.73186826464449,49.818282396782934,23100.35486137293,1840.021725398486
2020-01-25,2020,1,ZIMA,22.794750334532857,49.818282396782934,24567.33080198617,1847.3792708079736
2020-01-25,2020,1,ZIMA,22.417457915202657,49.881164466671294,23031.096518731556,1830.854804559192
2020-01-25,2020,1,ZIMA,22.480339985091025,49.881164466671294,19914.797531770357,1826.751255509178
2020-01-25,2020,1,ZIMA,22.73186826464449,49.881164466671294,16389.27926047518,1862.6004082444726
2020-01-25,2020,1,ZIMA,22.794750334532857,49.881164466671294,18396.87936768486,1861.568034575677
2020-01-25,2020,1,ZIMA,22.857632404421224,49.881164466671294,21189.99202699651,1865.939720967741
2020-01-25,2020,1,ZIMA,22.92051447430959,49.881164466671294,24501.433160808512,1866.9926038871545
2020-01-25,2020,1,ZIMA,22.354575845314294,49.944046536559654,23178.636067204665,1821.085602263539
2020-01-25,2020,1,ZIMA,22.417457915202657,49.944046536559654,19050.194082674974,1839.4439321361958
2020-01-25,2020,1,ZIMA,22.480339985091025,49.944046536559654,15141.051196505394,1842.2232312542853
2020-01-25,2020,1,ZIMA,22.73186826464449,49.944046536559654,10071.089278044556,1863.5631731449441
2020-01-25,2020,1,ZIMA,22.794750334532857,49.944046536559654,13083.306804570208,1863.2285460315316
2020-01-25,2020,1,ZIMA,22.857632404421224,49.944046536559654,16780.941025819608,1855.1391601562216
2020-01-25,2020,1,ZIMA,22.354575845314294,50.006928606448014,21618.040770891686,1850.9606767086354
2020-01-25,2020,1,ZIMA,22.417457915202657,50.006928606448014,17123.886130947034,1860.0073338150091
2020-01-25,2020,1,ZIMA,22.480339985091025,50.006928606448014,12638.950019411841,1852.268116556281
2020-01-25,2020,1,ZIMA,22.543222054979392,50.006928606448014,8178.418270760709,1852.5730636117207
2020-01-25,2020,1,ZIMA,22.60610412486776,50.006928606448014,3828.5697965801783,1846.219688122849
2020-01-25,2020,1,ZIMA,22.668986194756126,50.006928606448014,1748.5319321300367,1847.944954121748
2020-01-25,2020,1,ZIMA,22.73186826464449,50.006928606448014,5664.34100011555,1849.880979940923
2020-01-25,2020,1,ZIMA,22.794750334532857,50.006928606448014,10086.631749185417,1857.1616829565746
2020-01-25,2020,1,ZIMA,22.857632404421224,50.006928606448014,14561.02499648593,1858.4705959534617
2020-01-25,2020,1,ZIMA,22.92051447430959,50.006928606448014,19050.84269112359,1853.9725311268332
2020-01-25,2020,1,ZIMA,22.98339654419796,50.006928606448014,23547.261160031503,1834.8827272811664
2020-01-25,2020,1,ZIMA,22.354575845314294,50.069810676336374,22254.703554634234,1850.6806673472388
2020-01-25,2020,1,ZIMA,22.417457915202657,50.069810676336374,17927.26609080291,1851.0739257238906
2020-01-25,2020,1,ZIMA,22.480339985091025,50.069810676336374,13714.105266687462,1847.8645218435067
2020-01-25,2020,1,ZIMA,22.543222054979392,50.069810676336374,9764.291031138966,1852.2065109980645
2020-01-25,2020,1,ZIMA,22.60610412486776,50.069810676336374,6571.229399687279,1854.5509306991605
2020-01-25,2020,1,ZIMA,22.668986194756126,50.069810676336374,5621.002175186564,1857.8372138402037
2020-01-25,2020,1,ZIMA,22.73186826464449,50.069810676336374,7783.641630589393,1854.888569683245
2020-01-25,2020,1,ZIMA,22.92051447430959,50.069810676336374,19773.79626047972,1820.0600530696518
2020-01-25,2020,1,ZIMA,22.98339654419796,50.069810676336374,24130.725788332762,1820.0924747209026
2020-01-25,2020,1,ZIMA,22.480339985091025,50.13269274622476,17727.262098033436,1845.5085356013476
2020-01-25,2020,1,ZIMA,22.543222054979392,50.13269274622476,14887.64579548281,1845.9871678968707
2020-01-25,2020,1,ZIMA,22.60610412486776,50.13269274622476,13021.138631167756,1835.6364810750258
2020-01-25,2020,1,ZIMA,22.668986194756126,50.13269274622476,12569.002778005643,1833.7966296525215
2020-01-25,2020,1,ZIMA,22.73186826464449,50.13269274622476,13672.280669832127,1806.5920235114654
2020-01-25,2020,1,ZIMA,22.794750334532857,50.13269274622476,16012.635344732576,1806.5921114391888
2020-01-25,2020,1,ZIMA,22.92051447430959,50.13269274622476,22735.79955325739,1826.348361755214
2020-01-25,2020,1,ZIMA,22.480339985091025,50.19557481611312,23200.949158687763,1854.7544103435146
2020-01-25,2020,1,ZIMA,22.543222054979392,50.19557481611312,21113.780703731318,1852.701885324388
2020-01-25,2020,1,ZIMA,22.60610412486776,50.19557481611312,19843.59108096418,1834.7020014816646
2020-01-25,2020,1,ZIMA,22.668986194756126,50.19557481611312,19550.26980713652,1834.1752308008859
2020-01-25,2020,1,ZIMA,22.73186826464449,50.19557481611312,20276.255232597017,1806.5920410155857
2020-01-25,2020,1,ZIMA,22.794750334532857,50.19557481611312,21920.506821805833,1806.975467049078
2020-01-25,2020,1,ZIMA,22.857632404421224,50.19557481611312,24297.313099085826,1812.1164470722813
2020-02-07,2020,2,ZIMA,22.417457915202657,50.006928606448014,17123.886130947034,1871.376794649544
2020-02-07,2020,2,ZIMA,22.480339985091025,50.006928606448014,12638.950019411841,1871.3767864500064
2020-02-07,2020,2,ZIMA,22.60610412486776,50.006928606448014,3828.5697965801783,1883.9110407102942
2020-02-07,2020,2,ZIMA,22.668986194756126,50.006928606448014,1748.5319321300367,1883.91101969388
2020-02-07,2020,2,ZIMA,22.73186826464449,50.006928606448014,5664.34100011555,1883.9110116624615
2020-02-07,2020,2,ZIMA,22.794750334532857,50.006928606448014,10086.631749185417,1883.9110352134242
2020-02-07,2020,2,ZIMA,22.417457915202657,50.069810676336374,17927.26609080291,1869.6836404584726
2020-02-07,2020,2,ZIMA,22.480339985091025,50.069810676336374,13714.105266687462,1871.3768287419325
2020-02-07,2020,2,ZIMA,22.543222054979392,50.069810676336374,9764.291031138966,1871.3768260845475
2020-02-07,2020,2,ZIMA,22.60610412486776,50.069810676336374,6571.229399687279,1883.91093305827
2020-02-07,2020,2,ZIMA,22.668986194756126,50.069810676336374,5621.002175186564,1883.9110088629832
2020-02-07,2020,2,ZIMA,22.73186826464449,50.069810676336374,7783.641630589393,1883.9110061976833
2020-02-07,2020,2,ZIMA,22.794750334532857,50.069810676336374,11408.307713933447,1883.9110144902654
2020-02-07,2020,2,ZIMA,22.857632404421224,50.069810676336374,15501.25262122609,1865.5765386808755
2020-02-07,2020,2,ZIMA,22.417457915202657,50.13269274622476,21151.631610266355,1864.6714064693392
2020-02-07,2020,2,ZIMA,22.480339985091025,50.13269274622476,17727.262098033436,1861.8250769125978
2020-02-07,2020,2,ZIMA,22.543222054979392,50.13269274622476,14887.64579548281,1862.4515526130112
2020-02-07,2020,2,ZIMA,22.857632404421224,50.13269274622476,19141.56780290254,1865.576531648714
2020-02-07,2020,2,ZIMA,22.92051447430959,50.13269274622476,22735.79955325739,1865.5765316688671
2020-02-07,2020,2,ZIMA,22.480339985091025,50.19557481611312,23200.949158687763,1865.5772429190408
2020-02-07,2020,2,ZIMA,22.543222054979392,50.19557481611312,21113.780703731318,1863.7509047726342
2020-02-09,2020,2,ZIMA,22.92051447430959,49.881164466671294,24501.433160808512,1840.2975152906133
2020-02-09,2020,2,ZIMA,22.92051447430959,49.944046536559654,20801.632851319795,1838.7016167475308
2020-02-09,2020,2,ZIMA,22.794750334532857,50.006928606448014,10086.631749185417,1834.8829193434615
2020-02-09,2020,2,ZIMA,22.857632404421224,50.006928606448014,14561.02499648593,1834.882931341254
2020-02-09,2020,2,ZIMA,22.92051447430959,50.006928606448014,19050.84269112359,1826.485195586365
2020-02-09,2020,2,ZIMA,22.98339654419796,50.006928606448014,23547.261160031503,1826.5298212218463
2020-02-09,2020,2,ZIMA,22.480339985091025,50.069810676336374,13714.105266687462,1835.5767172236792
2020-02-09,2020,2,ZIMA,22.543222054979392,50.069810676336374,9764.291031138966,1835.5767910862994
2020-02-09,2020,2,ZIMA,22.794750334532857,50.069810676336374,11408.307713933447,1834.8829161021222
2020-02-09,2020,2,ZIMA,22.857632404421224,50.069810676336374,15501.25262122609,1834.8829401345179
2020-02-09,2020,2,ZIMA,22.92051447430959,50.069810676336374,19773.79626047972,1826.3973566680102
2020-02-09,2020,2,ZIMA,22.98339654419796,50.069810676336374,24130.725788332762,1826.3973534582772
2020-02-09,2020,2,ZIMA,22.480339985091025,50.13269274622476,17727.262098033436,1835.5768303943423
2020-02-09,2020,2,ZIMA,22.543222054979392,50.13269274622476,14887.64579548281,1835.5767671384947
2020-02-09,2020,2,ZIMA,22.60610412486776,50.13269274622476,13021.138631167756,1835.5767666670367
2020-02-09,2020,2,ZIMA,22.60610412486776,50.19557481611312,19843.59108096418,1845.7522159914404
2020-02-09,2020,2,ZIMA,22.668986194756126,50.19557481611312,19550.26980713652,1845.7521745774216
2020-02-22,2020,2,ZIMA,22.543222054979392,49.818282396782934,23844.580738967565,1827.5664969651532
2020-02-22,2020,2,ZIMA,22.60610412486776,49.818282396782934,22718.528932761306,1829.8125374928725
2020-02-22,2020,2,ZIMA,22.668986194756126,49.818282396782934,22460.758843357904,1839.4739700109658
2020-02-22,2020,2,ZIMA,22.73186826464449,49.818282396782934,23100.35486137293,1844.6391803429435
2020-02-22,2020,2,ZIMA,22.794750334532857,49.818282396782934,24567.33080198617,1847.362309718017
2020-02-22,2020,2,ZIMA,22.417457915202657,49.881164466671294,23031.096518731556,1839.1021500339339
2020-02-22,2020,2,ZIMA,22.480339985091025,49.881164466671294,19914.797531770357,1843.7849965492933
2020-02-22,2020,2,ZIMA,22.543222054979392,49.881164466671294,17421.274692648036,1843.3470837254538
2020-02-22,2020,2,ZIMA,22.60610412486776,49.881164466671294,15847.281406598506,1857.7151756473454
2020-02-22,2020,2,ZIMA,22.668986194756126,49.881164466671294,15475.967440865885,1856.2599070870724
2020-02-22,2020,2,ZIMA,22.73186826464449,49.881164466671294,16389.27926047518,1857.050524964179
2020-02-22,2020,2,ZIMA,22.794750334532857,49.881164466671294,18396.87936768486,1855.4008530029512
2020-02-22,2020,2,ZIMA,22.857632404421224,49.881164466671294,21189.99202699651,1858.9901857612663
2020-02-22,2020,2,ZIMA,22.92051447430959,49.881164466671294,24501.433160808512,1863.8947976603674
2020-02-22,2020,2,ZIMA,22.354575845314294,49.944046536559654,23178.636067204665,1843.411465516265
2020-02-22,2020,2,ZIMA,22.417457915202657,49.944046536559654,19050.194082674974,1843.162755665195
2020-02-22,2020,2,ZIMA,22.480339985091025,49.944046536559654,15141.051196505394,1850.2392184983507
2020-02-22,2020,2,ZIMA,22.543222054979392,49.944046536559654,11673.64126210208,1848.299758784924
2020-02-22,2020,2,ZIMA,22.60610412486776,49.944046536559654,9163.917044842108,1862.6061028109282
2020-02-22,2020,2,ZIMA,22.668986194756126,49.944046536559654,8506.56967393002,1863.0839843749388
2020-02-22,2020,2,ZIMA,22.73186826464449,49.944046536559654,10071.089278044556,1855.265116721265
2020-02-22,2020,2,ZIMA,22.794750334532857,49.944046536559654,13083.306804570208,1856.699216420919
2020-02-22,2020,2,ZIMA,22.857632404421224,49.944046536559654,16780.941025819608,1861.6694883259179
2020-02-22,2020,2,ZIMA,22.92051447430959,49.944046536559654,20801.632851319795,1862.539304071743
2020-02-22,2020,2,ZIMA,22.354575845314294,50.006928606448014,21618.040770891686,1866.8937563305487
2020-02-22,2020,2,ZIMA,22.417457915202657,50.006928606448014,17123.886130947034,1857.915304201872
2020-02-22,2020,2,ZIMA,22.480339985091025,50.006928606448014,12638.950019411841,1852.5183971253832
2020-02-22,2020,2,ZIMA,22.543222054979392,50.006928606448014,8178.418270760709,1865.6900608625208
2020-02-22,2020,2,ZIMA,22.60610412486776,50.006928606448014,3828.5697965801783,1866.012078098144
2020-02-22,2020,2,ZIMA,22.668986194756126,50.006928606448014,1748.5319321300367,1854.2788776146517
2020-02-22,2020,2,ZIMA,22.73186826464449,50.006928606448014,5664.34100011555,1849.924194335873
2020-02-22,2020,2,ZIMA,22.794750334532857,50.006928606448014,10086.631749185417,1851.539362995595
2020-02-22,2020,2,ZIMA,22.857632404421224,50.006928606448014,14561.02499648593,1854.732473862235
2020-02-22,2020,2,ZIMA,22.92051447430959,50.006928606448014,19050.84269112359,1856.6980103248136
2020-02-22,2020,2,ZIMA,22.98339654419796,50.006928606448014,23547.261160031503,1855.739197379528
2020-02-22,2020,2,ZIMA,22.354575845314294,50.069810676336374,22254.703554634234,1858.2226124285637
2020-02-22,2020,2,ZIMA,22.417457915202657,50.069810676336374,17927.26609080291,1856.4925308463944
2020-02-22,2020,2,ZIMA,22.480339985091025,50.069810676336374,13714.105266687462,1861.291645098839
2020-02-22,2020,2,ZIMA,22.543222054979392,50.069810676336374,9764.291031138966,1864.5534630732288
2020-02-22,2020,2,ZIMA,22.60610412486776,50.069810676336374,6571.229399687279,1864.9964739143736
2020-02-22,2020,2,ZIMA,22.668986194756126,50.069810676336374,5621.002175186564,1845.407338327954
2020-02-22,2020,2,ZIMA,22.73186826464449,50.069810676336374,7783.641630589393,1845.9206004323662
2020-02-22,2020,2,ZIMA,22.794750334532857,50.069810676336374,11408.307713933447,1853.8845631100064
2020-02-22,2020,2,ZIMA,22.857632404421224,50.069810676336374,15501.25262122609,1854.6589014009023
2020-02-22,2020,2,ZIMA,22.92051447430959,50.069810676336374,19773.79626047972,1845.6898872695524
2020-02-22,2020,2,ZIMA,22.98339654419796,50.069810676336374,24130.725788332762,1849.8758121595217
2020-02-22,2020,2,ZIMA,22.417457915202657,50.13269274622476,21151.631610266355,1833.6142601188976
2020-02-22,2020,2,ZIMA,22.480339985091025,50.13269274622476,17727.262098033436,1856.6323574985602
2020-02-22,2020,2,ZIMA,22.543222054979392,50.13269274622476,14887.64579548281,1857.3816050067326
2020-02-22,2020,2,ZIMA,22.60610412486776,50.13269274622476,13021.138631167756,1837.1355887044829
2020-02-22,2020,2,ZIMA,22.668986194756126,50.13269274622476,12569.002778005643,1837.3422714468402
2020-02-22,2020,2,ZIMA,22.73186826464449,50.13269274622476,13672.280669832127,1833.3184615342968
2020-02-22,2020,2,ZIMA,22.794750334532857,50.13269274622476,16012.635344732576,1834.0020751953477
2020-02-22,2020,2,ZIMA,22.857632404421224,50.13269274622476,19141.56780290254,1842.088311085618
2020-02-22,2020,2,ZIMA,22.92051447430959,50.13269274622476,22735.79955325739,1848.785793218696
2020-02-22,2020,2,ZIMA,22.480339985091025,50.19557481611312,23200.949158687763,1855.3092935372895
2020-02-22,2020,2,ZIMA,22.543222054979392,50.19557481611312,21113.780703731318,1855.1173834998685
2020-02-22,2020,2,ZIMA,22.60610412486776,50.19557481611312,19843.59108096418,1840.6143789307694
2020-02-22,2020,2,ZIMA,22.668986194756126,50.19557481611312,19550.26980713652,1838.6725456812253
2020-02-22,2020,2,ZIMA,22.73186826464449,50.19557481611312,20276.255232597017,1819.5269108219863
2020-02-22,2020,2,ZIMA,22.794750334532857,50.19557481611312,21920.506821805833,1822.7202662622803
2020-02-22,2020,2,ZIMA,22.857632404421224,50.19557481611312,24297.313099085826,1835.5837094304052
2020-03-09,2020,3,ZIMA,22.417457915202657,49.88466624217074,22771.25371146151,1818.6165566983168
2020-03-09,2020,3,ZIMA,22.354575845314294,49.94754831205911,23038.7393434135,1827.4054052729668
2020-03-09,2020,3,ZIMA,22.417457915202657,49.94754831205911,18880.06549302841,1824.4377104038215
2020-03-09,2020,3,ZIMA,22.354575845314294,50.01043038194747,21594.502837901968,1832.545032301841
2020-03-09,2020,3,ZIMA,22.417457915202657,50.01043038194747,17094.53108890455,1832.5450519336941
2020-03-10,2020,3,ZIMA,22.73186826464449,49.89166979316964,15292.848954922392,1868.7005599500126
2020-03-10,2020,3,ZIMA,22.794750334532857,49.89166979316964,17426.783472716856,1868.7005777147103
2020-03-10,2020,3,ZIMA,22.480339985091025,49.954551863058015,14520.04361323391,1864.820791310174
2020-03-10,2020,3,ZIMA,22.543222054979392,49.954551863058015,10856.994445873956,1864.820810941043
2020-03-10,2020,3,ZIMA,22.668986194756126,49.954551863058015,7346.83768198069,1861.6724337037206
2020-03-10,2020,3,ZIMA,22.73186826464449,49.954551863058015,9112.34475900155,1868.3981136088712
2020-03-10,2020,3,ZIMA,22.794750334532857,49.954551863058015,12359.845021672229,1868.700560360804
2020-03-10,2020,3,ZIMA,22.857632404421224,49.954551863058015,16222.479436709024,1868.382243200896
2020-03-10,2020,3,ZIMA,22.417457915202657,50.017433932946375,17062.364867746277,1867.1229180238304
2020-03-10,2020,3,ZIMA,22.480339985091025,50.017433932946375,12556.630674141996,1867.1229232084818
2020-03-10,2020,3,ZIMA,22.543222054979392,50.017433932946375,8051.874491102406,1867.0204072013075
2020-03-10,2020,3,ZIMA,22.60610412486776,50.017433932946375,3551.828731714459,1865.463012263737
2020-03-10,2020,3,ZIMA,22.668986194756126,50.017433932946375,1008.6745831835706,1867.3308800577752
2020-03-10,2020,3,ZIMA,22.73186826464449,50.017433932946375,5480.739193284635,1864.700244067945
2020-03-10,2020,3,ZIMA,22.794750334532857,50.017433932946375,9983.922076715906,1862.4959773272167
2020-03-10,2020,3,ZIMA,22.857632404421224,50.017433932946375,14489.236311917515,1848.6701432832497
2020-03-10,2020,3,ZIMA,22.92051447430959,50.017433932946375,18995.163351028874,1859.0841817374157
2020-03-10,2020,3,ZIMA,22.98339654419796,50.017433932946375,23501.34844680935,1860.3122570478265
2020-03-10,2020,3,ZIMA,22.60610412486776,50.08031600283475,7581.877613171757,1861.7892594203722
2020-03-10,2020,3,ZIMA,22.668986194756126,50.08031600283475,6775.102572670169,1862.4176144318606
2020-03-10,2020,3,ZIMA,22.73186826464449,50.08031600283475,8653.61621414954,1863.1210359464312
2020-03-10,2020,3,ZIMA,22.794750334532857,50.08031600283475,12018.080216548418,1850.395846672216
2020-03-10,2020,3,ZIMA,22.857632404421224,50.08031600283475,15954.608229179084,1853.398710827384
2020-03-10,2020,3,ZIMA,22.92051447430959,50.08031600283475,20130.3447882497,1850.5499517724588
2020-03-10,2020,3,ZIMA,22.98339654419796,50.08031600283475,24422.89713923003,1851.7086693167307
2020-03-10,2020,3,ZIMA,22.60610412486776,50.14319807272311,14149.22946280949,1861.4049089035123
2020-03-10,2020,3,ZIMA,22.668986194756126,50.14319807272311,13734.373189309134,1861.40490577571
2020-03-10,2020,3,ZIMA,22.73186826464449,50.14319807272311,14750.52861257386,1856.9378112471416
2020-03-10,2020,3,ZIMA,22.794750334532857,50.14319807272311,16942.139697664446,1830.9186415247268
2020-03-10,2020,3,ZIMA,22.857632404421224,50.14319807272311,19925.037407232725,1831.2945107494727
2020-03-10,2020,3,ZIMA,22.92051447430959,50.14319807272311,23398.52783718368,1854.342493770568
2020-03-10,2020,3,ZIMA,22.73186826464449,50.20608014261147,21403.75483245062,1843.8489914853906
2020-03-10,2020,3,ZIMA,22.794750334532857,50.20608014261147,22967.097983633736,1841.7987936385373
2020-03-27,2020,3,ZIMA,22.480339985091025,49.83929304977963,23712.74746615278,1829.3063946764094
2020-03-27,2020,3,ZIMA,22.543222054979392,49.83929304977963,21659.07648212246,1822.2919102561182
2020-03-27,2020,3,ZIMA,22.60610412486776,49.83929304977963,20413.373976251623,1822.0816263154331
2020-03-27,2020,3,ZIMA,22.668986194756126,49.83929304977963,20126.22706060278,1823.4229621064085
2020-03-27,2020,3,ZIMA,22.417457915202657,49.902175119668,21530.769420809116,1843.9808182752924
2020-03-27,2020,3,ZIMA,22.480339985091025,49.902175119668,18160.391832761245,1845.0686096193951
2020-03-27,2020,3,ZIMA,22.543222054979392,49.902175119668,15386.41768145798,1844.1750077195459
2020-03-27,2020,3,ZIMA,22.60610412486776,49.902175119668,13579.399085214065,1854.0720737568568
2020-03-27,2020,3,ZIMA,22.668986194756126,49.902175119668,13144.366451442453,1862.5405212815008
2020-03-27,2020,3,ZIMA,22.73186826464449,49.902175119668,14207.907818866053,1862.54053140976
2020-03-27,2020,3,ZIMA,22.794750334532857,49.902175119668,16482.446912851286,1862.5405104299916
2020-03-27,2020,3,ZIMA,22.354575845314294,49.96505718955636,22427.804719014264,1851.1080979055503
2020-03-27,2020,3,ZIMA,22.417457915202657,49.96505718955636,18131.271051944288,1845.8265210077514
2020-03-27,2020,3,ZIMA,22.480339985091025,49.96505718955636,13969.346730562873,1837.666002571878
2020-03-27,2020,3,ZIMA,22.543222054979392,49.96505718955636,10109.674076728554,1840.2101332619911
2020-03-27,2020,3,ZIMA,22.794750334532857,49.96505718955636,11708.5170723067,1862.5405753283296
2020-03-27,2020,3,ZIMA,22.857632404421224,49.96505718955636,15731.129614570988,1862.5405351356953
2020-03-27,2020,3,ZIMA,22.354575845314294,50.027939259444736,21582.12741413634,1857.691372359692
2020-03-27,2020,3,ZIMA,22.417457915202657,50.027939259444736,17080.747208501918,1851.3043494407805
2020-03-27,2020,3,ZIMA,22.480339985091025,50.027939259444736,12582.754269009187,1845.362599298331
2020-03-27,2020,3,ZIMA,22.354575845314294,50.090821329333096,22943.68558585448,1842.4877494289703
2020-03-27,2020,3,ZIMA,22.417457915202657,50.090821329333096,18777.745516151266,1849.9981543456938
2020-03-27,2020,3,ZIMA,22.417457915202657,50.15370339922146,22611.988858245608,1842.64182897878
2020-03-27,2020,3,ZIMA,22.41395613970321,50.13969629722365,21819.375915890814,1865.505986062158
2020-03-27,2020,3,ZIMA,22.476838209591577,50.13969629722365,18458.403653713616,1865.5059823203571
2020-03-29,2020,3,ZIMA,22.480339985091025,49.82878772328128,24711.809120294347,1843.2376853595706
2020-03-29,2020,3,ZIMA,22.543222054979392,49.82878772328128,22748.066442999923,1843.2376678178557
2020-03-29,2020,3,ZIMA,22.60610412486776,49.82878772328128,21565.09706289241,1842.4526308795953
2020-03-29,2020,3,ZIMA,22.668986194756126,49.82878772328128,21293.427765337514,1842.0623841285778
2020-03-29,2020,3,ZIMA,22.73186826464449,49.82878772328128,21966.894607487786,1864.7058087411212
2020-03-29,2020,3,ZIMA,22.794750334532857,49.82878772328128,23504.396650112318,1864.8508927596527
2020-03-29,2020,3,ZIMA,22.417457915202657,49.89166979316964,22262.91512756393,1854.5629825879457
2020-03-29,2020,3,ZIMA,22.480339985091025,49.89166979316964,19021.939045588762,1861.117893192789
2020-03-29,2020,3,ZIMA,22.543222054979392,49.89166979316964,16393.77929599842,1860.59274355755
2020-03-29,2020,3,ZIMA,22.794750334532857,49.89166979316964,17426.783472716856,1880.292700948977
2020-03-29,2020,3,ZIMA,22.857632404421224,49.89166979316964,20352.87206844864,1884.8032482820995
2020-03-29,2020,3,ZIMA,22.354575845314294,49.954551863058015,22776.356876468417,1851.6698873698201
2020-03-29,2020,3,ZIMA,22.417457915202657,49.954551863058015,18559.66253791124,1855.7645218711593
2020-03-29,2020,3,ZIMA,22.480339985091025,49.954551863058015,14520.04361323391,1863.7368164061888
2020-03-29,2020,3,ZIMA,22.543222054979392,49.954551863058015,10856.994445873956,1863.7050635402854
2020-03-29,2020,3,ZIMA,22.60610412486776,49.954551863058015,8098.712783562352,1863.3145881265575
2020-03-29,2020,3,ZIMA,22.668986194756126,49.954551863058015,7346.83768198069,1865.6505084720468
2020-03-29,2020,3,ZIMA,22.73186826464449,49.954551863058015,9112.34475900155,1869.1879825777567
2020-03-29,2020,3,ZIMA,22.794750334532857,49.954551863058015,12359.845021672229,1873.949427999546
2020-03-29,2020,3,ZIMA,22.857632404421224,49.954551863058015,16222.479436709024,1874.3472563136593
2020-03-29,2020,3,ZIMA,22.354575845314294,50.017433932946375,21568.461962262016,1875.090640938556
2020-03-29,2020,3,ZIMA,22.417457915202657,50.017433932946375,17062.364867746277,1874.2902555998867
2020-03-29,2020,3,ZIMA,22.480339985091025,50.017433932946375,12556.630674141996,1871.0720437023135
2020-03-29,2020,3,ZIMA,22.543222054979392,50.017433932946375,8051.874491102406,1868.6705534609716
2020-03-29,2020,3,ZIMA,22.73186826464449,50.017433932946375,5480.739193284635,1869.839359538007
2020-03-29,2020,3,ZIMA,22.794750334532857,50.017433932946375,9983.922076715906,1870.921398923992
2020-03-29,2020,3,ZIMA,22.857632404421224,50.017433932946375,14489.236311917515,1870.9213503824394
2020-03-29,2020,3,ZIMA,22.354575845314294,50.08031600283475,22571.593120862584,1881.0208802687634
2020-03-29,2020,3,ZIMA,22.417457915202657,50.08031600283475,18320.20307903207,1868.1308164362897
2020-03-29,2020,3,ZIMA,22.480339985091025,50.08031600283475,14224.935327969335,1871.7123095846587
2020-03-29,2020,3,ZIMA,22.73186826464449,50.08031600283475,8653.61621414954,1844.426017047238
2020-03-29,2020,3,ZIMA,22.794750334532857,50.08031600283475,12018.080216548418,1844.4260349084684
2020-03-29,2020,3,ZIMA,22.417457915202657,50.14319807272311,21862.782814030616,1856.2031240742526
2020-03-29,2020,3,ZIMA,22.480339985091025,50.14319807272311,18570.803615072375,1863.0437527183485
2020-03-29,2020,3,ZIMA,22.543222054979392,50.14319807272311,15883.363153205039,1863.1892051077282
2020-03-29,2020,3,ZIMA,22.73186826464449,50.14319807272311,14750.52861257386,1844.4260178302707
2020-03-29,2020,3,ZIMA,22.794750334532857,50.14319807272311,16942.139697664446,1843.3547435502096
2020-03-29,2020,3,ZIMA,22.857632404421224,50.14319807272311,19925.037407232725,1838.2086108024635
2020-03-29,2020,3,ZIMA,22.480339985091025,50.20608014261147,24191.94764707279,1866.122433181921
2020-03-29,2020,3,ZIMA,22.543222054979392,50.20608014261147,22198.610876776278,1866.1224463519009
2020-03-29,2020,3,ZIMA,22.73186826464449,50.20608014261147,21403.75483245062,1840.2918586688108
2020-03-29,2020,3,ZIMA,22.794750334532857,50.20608014261147,22967.097983633736,1840.2152139837976
2020-06-27,2020,6,LATO,22.337066967817037,50.01393215744693,22832.24971178254,1856.6783164739004
2020-06-27,2020,6,LATO,22.399949037705397,50.01393215744693,18327.956370926233,1856.6783478800266
2020-06-27,2020,6,LATO,22.46283110759377,50.01393215744693,13825.27391873585,1863.5159409193714
2020-06-27,2020,6,LATO,22.52571317748213,50.01393215744693,9326.541259749176,1873.1121852335964
2020-06-27,2020,6,LATO,22.588595247370506,50.01393215744693,4842.786104066398,1873.112181200971
2020-06-27,2020,6,LATO,22.46283110759377,50.07681422733529,15176.497478602401,1866.9596991750868
2020-06-27,2020,6,LATO,22.52571317748213,50.07681422733529,11238.694648015777,1873.1121858675124
2020-06-27,2020,6,LATO,22.588595247370506,50.07681422733529,7928.398081183003,1873.1121797426104
2020-06-28,2020,6,LATO,22.588595247370506,50.017433932946375,4803.5842348637925,1848.1942178438958
2020-06-28,2020,6,LATO,22.651477317258866,50.017433932946375,407.88410091848647,1848.1941891086867
2020-06-28,2020,6,LATO,22.714359387147226,50.017433932946375,4228.174317330404,1853.7648130468365
2020-06-28,2020,6,LATO,22.903005596812335,50.017433932946375,17740.49897456052,1846.1691718874058
2020-06-28,2020,6,LATO,22.965887666700695,50.017433932946375,22246.629981672468,1846.0468310389758
2020-06-28,2020,6,LATO,22.46283110759377,50.08031600283475,15342.244635151212,1855.1445416144882
2020-06-28,2020,6,LATO,22.52571317748213,50.08031600283475,11461.860003414893,1853.1545871489545
2020-06-28,2020,6,LATO,22.588595247370506,50.08031600283475,8241.972226046848,1847.9387238009165
2020-06-28,2020,6,LATO,22.651477317258866,50.08031600283475,6712.0844053123365,1840.6743726320212
2020-06-28,2020,6,LATO,22.714359387147226,50.08031600283475,7920.855163367692,1840.8784179248676
2020-06-28,2020,6,LATO,22.7772414570356,50.08031600283475,10999.722341771127,1842.3125576131522
2020-06-28,2020,6,LATO,22.84012352692396,50.08031600283475,14826.124051878794,1845.1834315961078
2020-06-28,2020,6,LATO,22.903005596812335,50.08031600283475,18952.573284894253,1846.6367222839638
2020-06-28,2020,6,LATO,22.965887666700695,50.08031600283475,23219.64717295703,1837.8340817935748
2020-06-28,2020,6,LATO,22.588595247370506,50.14319807272311,14513.17484725431,1847.9386956757585
2020-06-28,2020,6,LATO,22.651477317258866,50.14319807272311,13703.436830989558,1834.736230420027
2020-06-28,2020,6,LATO,22.714359387147226,50.14319807272311,14333.488304196197,1834.4362652272782
2020-06-28,2020,6,LATO,22.7772414570356,50.14319807272311,16236.577883901686,1836.7941886716144
2020-06-28,2020,6,LATO,22.84012352692396,50.14319807272311,19034.62736146041,1841.3700756849207
2020-06-28,2020,6,LATO,22.903005596812335,50.14319807272311,22394.65584251987,1846.6367184575213
2020-07-19,2020,7,LATO,22.4069525887043,49.89166979316964,22846.47125524897,1857.8817066389645
2020-07-19,2020,7,LATO,22.469834658592674,49.89166979316964,19528.29592852939,1847.2999687235047
2020-07-19,2020,7,LATO,22.532716728481034,49.89166979316964,16777.14173728684,1845.507932257304
2020-07-19,2020,7,LATO,22.59559879836941,49.89166979316964,14910.254226564526,1845.5079273175966
2020-07-19,2020,7,LATO,22.34407051881594,49.954551863058015,23491.421593126583,1857.4399570273854
2020-07-19,2020,7,LATO,22.4069525887043,49.954551863058015,19254.888344842857,1858.0322083166864
2020-07-19,2020,7,LATO,22.469834658592674,49.954551863058015,15176.511228660444,1863.1729745064868
2020-07-19,2020,7,LATO,22.532716728481034,49.954551863058015,11426.911706085219,1857.0187150660888
2020-07-19,2020,7,LATO,22.34407051881594,50.017433932946375,22321.28802408236,1862.5628920524425
2020-07-19,2020,7,LATO,22.4069525887043,50.017433932946375,17815.15350017437,1862.562877796475
2020-07-20,2020,7,LATO,22.59209702286995,49.89166979316964,14984.632301327198,1870.9979229912333
2020-07-20,2020,7,LATO,22.654979092758325,49.89166979316964,14277.234881417222,1870.9979392584403
2020-07-20,2020,7,LATO,22.717861162646685,49.89166979316964,14962.101662012434,1870.3625041307578
2020-07-20,2020,7,LATO,22.52921495298159,49.954551863058015,11621.52742801706,1868.1261324993932
2020-07-20,2020,7,LATO,22.59209702286995,49.954551863058015,8585.739105706874,1868.986504211941
2020-07-20,2020,7,LATO,22.654979092758325,49.954551863058015,7282.996464636708,1870.6092024987806
2020-07-20,2020,7,LATO,22.717861162646685,49.954551863058015,8546.407014340726,1870.0602861786028
2020-07-20,2020,7,LATO,22.780743232535045,49.954551863058015,11563.39959417523,1870.0523785478138
2020-07-20,2020,7,LATO,22.654979092758325,50.017433932946375,290.9442965550448,1868.188789681453
2020-07-20,2020,7,LATO,22.717861162646685,50.017433932946375,4478.586244782535,1867.7106200738622
2020-07-20,2020,7,LATO,22.780743232535045,50.017433932946375,8980.531654212778,1875.929524820018
2020-07-20,2020,7,LATO,22.59209702286995,50.08031600283475,8098.731703513343,1860.278914142469
2020-07-20,2020,7,LATO,22.654979092758325,50.08031600283475,6706.002028970861,1864.1460991678352
2020-07-20,2020,7,LATO,22.717861162646685,50.08031600283475,8057.131528176884,1861.971100492906
2020-07-20,2020,7,LATO,22.780743232535045,50.08031600283475,11199.569652326369,1865.7266207963246
2020-07-20,2020,7,LATO,22.84362530242342,50.08031600283475,15050.231414787298,1835.7560790254754
2020-07-20,2020,7,LATO,22.59209702286995,50.14319807272311,14432.41702274868,1857.1165728564786
2020-07-20,2020,7,LATO,22.654979092758325,50.14319807272311,13700.462542803412,1857.494865804184
2020-07-20,2020,7,LATO,22.717861162646685,50.14319807272311,14409.144847811807,1858.891725245324
2020-07-20,2020,7,LATO,22.780743232535045,50.14319807272311,16372.449865157329,1856.7924332935356
2020-07-20,2020,7,LATO,22.84362530242342,50.14319807272311,19209.471110313178,1835.7561013916722
2020-07-20,2020,7,LATO,22.90650737231178,50.14319807272311,22593.4378995992,1835.7561096125983
2020-07-20,2020,7,LATO,22.780743232535045,50.20608014261147,22550.687644882495,1837.807254023945
2020-07-20,2020,7,LATO,22.84362530242342,50.20608014261147,24684.969053624438,1836.9616639914677
2020-08-06,2020,8,LATO,22.532716728481034,49.82878772328128,23026.23548838651,1862.1424284400482
2020-08-06,2020,8,LATO,22.59559879836941,49.82878772328128,21701.93311098845,1863.163112107836
2020-08-06,2020,8,LATO,22.65848086825777,49.82878772328128,21272.472014788556,1860.444033521786
2020-08-06,2020,8,LATO,22.721362938146143,49.82878772328128,21790.82297333169,1868.7534857319051
2020-08-06,2020,8,LATO,22.784245008034503,49.82878772328128,23193.52625099799,1885.4973607732816
2020-08-06,2020,8,LATO,22.4069525887043,49.89166979316964,22846.47125524897,1857.431479929786
2020-08-06,2020,8,LATO,22.469834658592674,49.89166979316964,19528.29592852939,1856.8248866308227
2020-08-06,2020,8,LATO,22.532716728481034,49.89166979316964,16777.14173728684,1874.4164005620084
2020-08-06,2020,8,LATO,22.59559879836941,49.89166979316964,14910.254226564526,1874.6135532278827
2020-08-06,2020,8,LATO,22.65848086825777,49.89166979316964,14278.788319827705,1871.3175358927858
2020-08-06,2020,8,LATO,22.721362938146143,49.89166979316964,15039.173201536576,1888.042670889822
2020-08-06,2020,8,LATO,22.784245008034503,49.89166979316964,17005.72256010123,1888.1865129595317
2020-08-06,2020,8,LATO,22.847127077922863,49.89166979316964,19822.651895636955,1889.6503107474634
2020-08-06,2020,8,LATO,22.910009147811238,49.89166979316964,23182.00810677108,1888.3887938764456
2020-08-06,2020,8,LATO,22.34407051881594,49.954551863058015,23491.421593126583,1868.4756951546703
2020-08-06,2020,8,LATO,22.4069525887043,49.954551863058015,19254.888344842857,1871.6347767495604
2020-08-06,2020,8,LATO,22.469834658592674,49.954551863058015,15176.511228660444,1866.3936454506534
2020-08-06,2020,8,LATO,22.532716728481034,49.954551863058015,11426.911706085219,1878.2942303314358
2020-08-06,2020,8,LATO,22.59559879836941,49.954551863058015,8455.428940932505,1878.0033956605914
2020-08-06,2020,8,LATO,22.65848086825777,49.954551863058015,7286.037320534922,1878.6055463527962
2020-08-06,2020,8,LATO,22.721362938146143,49.954551863058015,8680.45595683608,1890.235658637839
2020-08-06,2020,8,LATO,22.784245008034503,49.954551863058015,11759.523976917604,1889.394425706834
2020-08-06,2020,8,LATO,22.847127077922863,49.954551863058015,15552.962263779697,1877.023780440372
2020-08-06,2020,8,LATO,22.910009147811238,49.954551863058015,19651.333430628496,1875.9487620360799
2020-08-06,2020,8,LATO,22.972891217699598,49.954551863058015,23898.265526296207,1885.655181209129
2020-08-06,2020,8,LATO,22.34407051881594,50.017433932946375,22321.28802408236,1884.0986636977213
2020-08-06,2020,8,LATO,22.4069525887043,50.017433932946375,17815.15350017437,1863.354589980519
2020-08-06,2020,8,LATO,22.469834658592674,50.017433932946375,13309.335309895498,1885.2965711911042
2020-08-06,2020,8,LATO,22.532716728481034,50.017433932946375,8804.324772825048,1883.6246204077065
2020-08-06,2020,8,LATO,22.59559879836941,50.017433932946375,4302.667734522494,1881.0044316986468
2020-08-06,2020,8,LATO,22.65848086825777,50.017433932946375,359.0171461258216,1883.5713445882193
2020-08-06,2020,8,LATO,22.721362938146143,50.017433932946375,4729.056725075273,1885.4275569981028
2020-08-06,2020,8,LATO,22.784245008034503,50.017433932946375,9231.369764738394,1884.2320121716107
2020-08-06,2020,8,LATO,22.847127077922863,50.017433932946375,13736.501706199297,1883.6761643077227
2020-08-06,2020,8,LATO,22.910009147811238,50.017433932946375,18242.362196343674,1887.5172695297774
2020-08-06,2020,8,LATO,22.972891217699598,50.017433932946375,22748.51608264462,1869.1207278789145
2020-08-06,2020,8,LATO,22.34407051881594,50.08031600283475,23291.093235142445,1881.6870075959864
2020-08-06,2020,8,LATO,22.4069525887043,50.08031600283475,19022.380468476964,1869.8332152390676
2020-08-06,2020,8,LATO,22.469834658592674,50.08031600283475,14892.709365227212,1876.3540621691573
2020-08-06,2020,8,LATO,22.532716728481034,50.08031600283475,11058.96201605659,1881.40272831664
2020-08-06,2020,8,LATO,22.59559879836941,50.08031600283475,7960.816914998515,1874.0886978772387
2020-08-06,2020,8,LATO,22.65848086825777,50.08031600283475,6709.295794220818,1879.7760997460202
2020-08-06,2020,8,LATO,22.721362938146143,50.08031600283475,8198.816506939642,1872.3204384316139
2020-08-06,2020,8,LATO,22.784245008034503,50.08031600283475,11401.431088470114,1867.6279547587915
2020-08-06,2020,8,LATO,22.847127077922863,50.08031600283475,15275.168680265926,1872.2858491964446
2020-08-06,2020,8,LATO,22.910009147811238,50.08031600283475,19422.536655809552,1873.2776261707356
2020-08-06,2020,8,LATO,22.972891217699598,50.08031600283475,23700.315803838097,1850.165658057543
2020-08-06,2020,8,LATO,22.4069525887043,50.14319807272311,22453.687107535116,1865.5668664193965
2020-08-06,2020,8,LATO,22.469834658592674,50.14319807272311,19086.46862917077,1863.3976958006963
2020-08-06,2020,8,LATO,22.532716728481034,50.14319807272311,16276.716427633999,1870.9375867376634
2020-08-06,2020,8,LATO,22.59559879836941,50.14319807272311,14355.581307090208,1867.6603870334043
2020-08-06,2020,8,LATO,22.65848086825777,50.14319807272311,13702.072942767301,1868.5458103981532
2020-08-06,2020,8,LATO,22.721362938146143,50.14319807272311,14488.742529553769,1854.7742518281802
2020-08-06,2020,8,LATO,22.784245008034503,50.14319807272311,16511.00859423297,1854.9917019958814
2020-08-06,2020,8,LATO,22.847127077922863,50.14319807272311,19385.978407501865,1862.7762754452763
2020-08-06,2020,8,LATO,22.910009147811238,50.14319807272311,22793.24238716545,1865.934503018945
2020-08-06,2020,8,LATO,22.469834658592674,50.20608014261147,24589.497425126534,1870.2430633051474
2020-08-06,2020,8,LATO,22.532716728481034,50.20608014261147,22481.370018975245,1881.7132382383495
2020-08-06,2020,8,LATO,22.59559879836941,50.20608014261147,21133.868947761264,1878.7457121225755
2020-08-06,2020,8,LATO,22.65848086825777,50.20608014261147,20696.099696900703,1870.1321897033733
2020-08-06,2020,8,LATO,22.721362938146143,50.20608014261147,21224.42756260835,1863.1251836763133
2020-08-06,2020,8,LATO,22.784245008034503,50.20608014261147,22651.353698077353,1855.175491308282
2020-08-06,2020,8,LATO,22.847127077922863,50.20608014261147,24822.39180988345,1865.5066705464915
2020-08-07,2020,8,LATO,22.59559879836941,49.82878772328128,21701.93311098845,1888.4757491831276
2020-08-07,2020,8,LATO,22.65848086825777,49.82878772328128,21272.472014788556,1887.1857069803548
2020-08-07,2020,8,LATO,22.721362938146143,49.82878772328128,21790.82297333169,1883.6761257992855
2020-08-07,2020,8,LATO,22.784245008034503,49.82878772328128,23193.52625099799,1883.1803823258713
2020-08-07,2020,8,LATO,22.4069525887043,49.89166979316964,22846.47125524897,1877.0338086629422
2020-08-07,2020,8,LATO,22.469834658592674,49.89166979316964,19528.29592852939,1877.0337944717141
2020-08-07,2020,8,LATO,22.532716728481034,49.89166979316964,16777.14173728684,1891.2906967650533
2020-08-07,2020,8,LATO,22.59559879836941,49.89166979316964,14910.254226564526,1890.6344732156037
2020-08-07,2020,8,LATO,22.65848086825777,49.89166979316964,14278.788319827705,1889.4064941405552
2020-08-07,2020,8,LATO,22.721362938146143,49.89166979316964,15039.173201536576,1888.6085902721625
2020-08-07,2020,8,LATO,22.784245008034503,49.89166979316964,17005.72256010123,1888.192189871103
2020-08-07,2020,8,LATO,22.34407051881594,49.954551863058015,23491.421593126583,1870.0868483166464
2020-08-07,2020,8,LATO,22.4069525887043,49.954551863058015,19254.888344842857,1874.2359492622431
2020-08-07,2020,8,LATO,22.469834658592674,49.954551863058015,15176.511228660444,1877.329469929945
2020-08-07,2020,8,LATO,22.532716728481034,49.954551863058015,11426.911706085219,1888.7911215146119
2020-08-07,2020,8,LATO,22.59559879836941,49.954551863058015,8455.428940932505,1890.7586351966963
2020-08-07,2020,8,LATO,22.65848086825777,49.954551863058015,7286.037320534922,1890.8177705852706
2020-08-07,2020,8,LATO,22.721362938146143,49.954551863058015,8680.45595683608,1889.4127826654992
2020-08-07,2020,8,LATO,22.784245008034503,49.954551863058015,11759.523976917604,1889.2886640146282
2020-08-07,2020,8,LATO,22.34407051881594,50.017433932946375,22321.28802408236,1872.614580289326
2020-08-07,2020,8,LATO,22.4069525887043,50.017433932946375,17815.15350017437,1877.1253392970996
2020-08-07,2020,8,LATO,22.469834658592674,50.017433932946375,13309.335309895498,1887.299259104569
2020-08-07,2020,8,LATO,22.532716728481034,50.017433932946375,8804.324772825048,1889.6442702673028
2020-08-07,2020,8,LATO,22.59559879836941,50.017433932946375,4302.667734522494,1888.5543919960885
2020-08-07,2020,8,LATO,22.65848086825777,50.017433932946375,359.0171461258216,1886.843683216688
2020-08-07,2020,8,LATO,22.721362938146143,50.017433932946375,4729.056725075273,1891.3290355581214
2020-08-07,2020,8,LATO,22.34407051881594,50.08031600283475,23291.093235142445,1867.3438123089184
2020-08-07,2020,8,LATO,22.4069525887043,50.08031600283475,19022.380468476964,1868.3904737647354
2020-08-07,2020,8,LATO,22.469834658592674,50.08031600283475,14892.709365227212,1870.2789702652424
2020-08-07,2020,8,LATO,22.532716728481034,50.08031600283475,11058.96201605659,1883.11411040017
2020-08-07,2020,8,LATO,22.59559879836941,50.08031600283475,7960.816914998515,1884.06823306948
2020-08-07,2020,8,LATO,22.65848086825777,50.08031600283475,6709.295794220818,1854.705490476994
2020-08-07,2020,8,LATO,22.721362938146143,50.08031600283475,8198.816506939642,1836.9799727148222
2020-08-07,2020,8,LATO,22.784245008034503,50.08031600283475,11401.431088470114,1836.979974449718
2020-08-07,2020,8,LATO,22.4069525887043,50.14319807272311,22453.687107535116,1878.1133812166556
2020-08-07,2020,8,LATO,22.469834658592674,50.14319807272311,19086.46862917077,1872.7228807764686
2020-08-07,2020,8,LATO,22.532716728481034,50.14319807272311,16276.716427633999,1869.3468066895316
2020-08-07,2020,8,LATO,22.59559879836941,50.14319807272311,14355.581307090208,1875.5879199388482
2020-08-07,2020,8,LATO,22.65848086825777,50.14319807272311,13702.072942767301,1836.9799406983857
2020-08-07,2020,8,LATO,22.721362938146143,50.14319807272311,14488.742529553769,1836.9799693456175
2020-08-07,2020,8,LATO,22.784245008034503,50.14319807272311,16511.00859423297,1836.979981537183
2020-08-07,2020,8,LATO,22.847127077922863,50.14319807272311,19385.978407501865,1836.9799760272342
2020-08-07,2020,8,LATO,22.910009147811238,50.14319807272311,22793.24238716545,1836.980064897762
2020-08-07,2020,8,LATO,22.469834658592674,50.20608014261147,24589.497425126534,1880.3290986384957
2020-08-07,2020,8,LATO,22.532716728481034,50.20608014261147,22481.370018975245,1880.3290958507766
2020-08-07,2020,8,LATO,22.59559879836941,50.20608014261147,21133.868947761264,1880.329134159868
2020-08-07,2020,8,LATO,22.847127077922863,50.20608014261147,24822.39180988345,1836.9799839381587
2020-08-10,2020,8,LATO,22.34407051881594,49.954551863058015,23491.421593126583,1843.1985752938617
2020-08-10,2020,8,LATO,22.34407051881594,50.017433932946375,22321.28802408236,1843.198601159409
2020-08-12,2020,8,LATO,22.654979092758325,50.202578367112025,20305.5190233768,1852.787724738957
2020-08-12,2020,8,LATO,22.717861162646685,50.202578367112025,20789.666251345094,1852.787774483184
2020-08-12,2020,8,LATO,22.780743232535045,50.202578367112025,22193.89587436336,1852.7876972716526
2020-08-14,2020,8,LATO,22.532716728481034,49.82528594778182,23386.638892813306,1856.4603508928215
2020-08-14,2020,8,LATO,22.59559879836941,49.82528594778182,22083.86245449517,1851.7877197265223
2020-08-14,2020,8,LATO,22.65848086825777,49.82528594778182,21661.943872587042,1861.385058230558
2020-08-14,2020,8,LATO,22.721362938146143,49.82528594778182,22171.227419574378,1877.0675760588645
2020-08-14,2020,8,LATO,22.784245008034503,49.82528594778182,23551.38161882024,1875.6906585948761
2020-08-14,2020,8,LATO,22.4069525887043,49.888168017670196,23092.37433320287,1868.0535407937896
2020-08-14,2020,8,LATO,22.469834658592674,49.888168017670196,19815.16284732702,1868.7579494483373
2020-08-14,2020,8,LATO,22.532716728481034,49.888168017670196,17109.985449041076,1875.9034202643984
2020-08-14,2020,8,LATO,22.59559879836941,49.888168017670196,15283.6684432793,1875.0250998561623
2020-08-14,2020,8,LATO,22.65848086825777,49.888168017670196,14668.241270484361,1891.3243969677912
2020-08-14,2020,8,LATO,22.721362938146143,49.888168017670196,15409.472731872484,1891.109878184572
2020-08-14,2020,8,LATO,22.784245008034503,49.888168017670196,17334.19381288355,1890.6626562005695
2020-08-14,2020,8,LATO,22.34407051881594,49.951050087558556,23615.844679747595,1854.142178598371
2020-08-14,2020,8,LATO,22.4069525887043,49.951050087558556,19406.154273896744,1878.5343418548755
2020-08-14,2020,8,LATO,22.469834658592674,49.951050087558556,15367.641709233798,1877.4420315521713
2020-08-14,2020,8,LATO,22.532716728481034,49.951050087558556,11679.255305618317,1878.14365515973
2020-08-14,2020,8,LATO,22.59559879836941,49.951050087558556,8793.218897807192,1878.9035065968178
2020-08-14,2020,8,LATO,22.65848086825777,49.951050087558556,7675.377989497519,1893.389171073626
2020-08-14,2020,8,LATO,22.721362938146143,49.951050087558556,9009.828769954393,1893.389162719277
2020-08-14,2020,8,LATO,22.34407051881594,50.01393215744693,22330.530444896496,1873.6068939141876
2020-08-14,2020,8,LATO,22.4069525887043,50.01393215744693,17826.36362623817,1881.5898991970532
2020-08-14,2020,8,LATO,22.469834658592674,50.01393215744693,13323.954349378173,1882.2552996988445
2020-08-14,2020,8,LATO,22.34407051881594,50.07681422733529,23182.730619666778,1878.1885275692603
2020-08-14,2020,8,LATO,22.4069525887043,50.07681422733529,18889.197378444278,1877.659053879218
2020-08-14,2020,8,LATO,22.469834658592674,50.07681422733529,14721.868327057084,1877.659066829387
2020-08-16,2020,8,LATO,22.65848086825777,49.82878772328128,21272.472014788556,1855.630297283412
2020-08-16,2020,8,LATO,22.721362938146143,49.82878772328128,21790.82297333169,1856.8012766761938
2020-08-16,2020,8,LATO,22.784245008034503,49.82878772328128,23193.52625099799,1856.8012637431002
2020-08-16,2020,8,LATO,22.4069525887043,49.89166979316964,22846.47125524897,1861.9612163674926
2020-08-16,2020,8,LATO,22.469834658592674,49.89166979316964,19528.29592852939,1857.6905207166853
2020-08-16,2020,8,LATO,22.59559879836941,49.89166979316964,14910.254226564526,1883.1570812334485
2020-08-16,2020,8,LATO,22.65848086825777,49.89166979316964,14278.788319827705,1877.9651265941513
2020-08-16,2020,8,LATO,22.721362938146143,49.89166979316964,15039.173201536576,1877.6822706878606
2020-08-16,2020,8,LATO,22.34407051881594,49.954551863058015,23491.421593126583,1873.0581565930383
2020-08-16,2020,8,LATO,22.4069525887043,49.954551863058015,19254.888344842857,1869.7000418866496
2020-08-16,2020,8,LATO,22.469834658592674,49.954551863058015,15176.511228660444,1869.2842851669257
2020-08-16,2020,8,LATO,22.59559879836941,49.954551863058015,8455.428940932505,1882.3588093772412
2020-08-16,2020,8,LATO,22.65848086825777,49.954551863058015,7286.037320534922,1883.0200574650175
2020-08-16,2020,8,LATO,22.721362938146143,49.954551863058015,8680.45595683608,1877.6822981648463
2020-08-16,2020,8,LATO,22.34407051881594,50.017433932946375,22321.28802408236,1886.984615174926
2020-08-16,2020,8,LATO,22.4069525887043,50.017433932946375,17815.15350017437,1881.3509110572552
2020-08-16,2020,8,LATO,22.532716728481034,50.017433932946375,8804.324772825048,1881.3157961173774
2020-08-16,2020,8,LATO,22.59559879836941,50.017433932946375,4302.667734522494,1881.0872274151452
2020-08-16,2020,8,LATO,22.65848086825777,50.017433932946375,359.0171461258216,1877.0032076025745
2020-08-16,2020,8,LATO,22.34407051881594,50.08031600283475,23291.093235142445,1878.603199038699
2020-08-16,2020,8,LATO,22.4069525887043,50.08031600283475,19022.380468476964,1866.4116448306588
2020-08-16,2020,8,LATO,22.469834658592674,50.08031600283475,14892.709365227212,1866.4577126428335
2020-08-16,2020,8,LATO,22.532716728481034,50.08031600283475,11058.96201605659,1855.8779328561693
2020-08-16,2020,8,LATO,22.59559879836941,50.08031600283475,7960.816914998515,1855.877951215335
2020-08-16,2020,8,LATO,22.65848086825777,50.08031600283475,6709.295794220818,1855.324937021709
2020-08-16,2020,8,LATO,22.721362938146143,50.08031600283475,8198.816506939642,1855.3249445008348
2020-08-16,2020,8,LATO,22.784245008034503,50.08031600283475,11401.431088470114,1855.3249321296514
2020-08-16,2020,8,LATO,22.4069525887043,50.14319807272311,22453.687107535116,1847.5313001328302
2020-08-16,2020,8,LATO,22.469834658592674,50.14319807272311,19086.46862917077,1854.1347068221119
2020-08-16,2020,8,LATO,22.532716728481034,50.14319807272311,16276.716427633999,1855.8779290844464
2020-08-16,2020,8,LATO,22.59559879836941,50.14319807272311,14355.581307090208,1855.877928366477
2020-08-16,2020,8,LATO,22.469834658592674,50.20608014261147,24589.497425126534,1877.117553711006
2020-08-16,2020,8,LATO,22.532716728481034,50.20608014261147,22481.370018975245,1872.3372924453497
2020-08-16,2020,8,LATO,22.59559879836941,50.20608014261147,21133.868947761264,1856.9378944341418
2020-08-16,2020,8,LATO,22.65848086825777,50.20608014261147,20696.099696900703,1855.8064778466276
2020-08-16,2020,8,LATO,22.721362938146143,50.20608014261147,21224.42756260835,1855.1746957172793
2020-08-16,2020,8,LATO,22.784245008034503,50.20608014261147,22651.353698077353,1855.1746924806155
2020-08-16,2020,8,LATO,22.847127077922863,50.20608014261147,24822.39180988345,1841.232054222737
2020-08-22,2020,8,LATO,22.532716728481034,49.82878772328128,23026.23548838651,1804.3331267133547
2020-08-22,2020,8,LATO,22.59559879836941,49.82878772328128,21701.93311098845,1804.3331280793223
2020-08-22,2020,8,LATO,22.65848086825777,49.82878772328128,21272.472014788556,1856.2722148551459
2020-08-22,2020,8,LATO,22.784245008034503,49.82878772328128,23193.52625099799,1874.219030629429
2020-08-22,2020,8,LATO,22.65848086825777,49.89166979316964,14278.788319827705,1856.2722275702347
2020-08-22,2020,8,LATO,22.721362938146143,49.89166979316964,15039.173201536576,1864.958444753546
2020-08-22,2020,8,LATO,22.784245008034503,49.89166979316964,17005.72256010123,1877.8495159391944
2020-08-22,2020,8,LATO,22.847127077922863,49.89166979316964,19822.651895636955,1876.3878935380649
2020-08-22,2020,8,LATO,22.910009147811238,49.89166979316964,23182.00810677108,1875.4633831604667
2020-08-22,2020,8,LATO,22.721362938146143,49.954551863058015,8680.45595683608,1879.4158229849147
2020-08-22,2020,8,LATO,22.784245008034503,49.954551863058015,11759.523976917604,1878.9529523403096
2020-08-22,2020,8,LATO,22.847127077922863,49.954551863058015,15552.962263779697,1877.9043120386057
2020-08-22,2020,8,LATO,22.910009147811238,49.954551863058015,19651.333430628496,1865.4490297394511
2020-08-22,2020,8,LATO,22.972891217699598,49.954551863058015,23898.265526296207,1869.1700863093124
2020-08-22,2020,8,LATO,22.34407051881594,50.017433932946375,22321.28802408236,1865.7346220586687
2020-08-22,2020,8,LATO,22.4069525887043,50.017433932946375,17815.15350017437,1865.7346348738113
2020-08-22,2020,8,LATO,22.469834658592674,50.017433932946375,13309.335309895498,1865.7345820817227
2020-08-22,2020,8,LATO,22.65848086825777,50.017433932946375,359.0171461258216,1871.5023720251506
2020-08-22,2020,8,LATO,22.721362938146143,50.017433932946375,4729.056725075273,1870.8482865878532
2020-08-22,2020,8,LATO,22.784245008034503,50.017433932946375,9231.369764738394,1870.6910400390987
2020-08-22,2020,8,LATO,22.847127077922863,50.017433932946375,13736.501706199297,1870.3213616522528
2020-08-22,2020,8,LATO,22.910009147811238,50.017433932946375,18242.362196343674,1871.636928957117
2020-08-22,2020,8,LATO,22.972891217699598,50.017433932946375,22748.51608264462,1870.860835872972
2020-08-22,2020,8,LATO,22.34407051881594,50.08031600283475,23291.093235142445,1867.5517562890568
2020-08-22,2020,8,LATO,22.4069525887043,50.08031600283475,19022.380468476964,1866.2752399975982
2020-08-22,2020,8,LATO,22.469834658592674,50.08031600283475,14892.709365227212,1859.6526240300648
2020-08-22,2020,8,LATO,22.532716728481034,50.08031600283475,11058.96201605659,1864.5572498911406
2020-08-22,2020,8,LATO,22.59559879836941,50.08031600283475,7960.816914998515,1864.5572510740374
2020-08-22,2020,8,LATO,22.65848086825777,50.08031600283475,6709.295794220818,1867.7133865104834
2020-08-22,2020,8,LATO,22.721362938146143,50.08031600283475,8198.816506939642,1869.2054979315155
2020-08-22,2020,8,LATO,22.784245008034503,50.08031600283475,11401.431088470114,1866.0663990060987
2020-08-22,2020,8,LATO,22.847127077922863,50.08031600283475,15275.168680265926,1859.259957412896
2020-08-22,2020,8,LATO,22.910009147811238,50.08031600283475,19422.536655809552,1861.2800509502729
2020-08-22,2020,8,LATO,22.972891217699598,50.08031600283475,23700.315803838097,1847.0246604881668
2020-08-22,2020,8,LATO,22.4069525887043,50.14319807272311,22453.687107535116,1859.2427913773176
2020-08-22,2020,8,LATO,22.469834658592674,50.14319807272311,19086.46862917077,1852.2962319278308
2020-08-22,2020,8,LATO,22.532716728481034,50.14319807272311,16276.716427633999,1856.2173584362306
2020-08-22,2020,8,LATO,22.59559879836941,50.14319807272311,14355.581307090208,1860.0097312972184
2020-08-22,2020,8,LATO,22.65848086825777,50.14319807272311,13702.072942767301,1857.2552287156577
2020-08-22,2020,8,LATO,22.721362938146143,50.14319807272311,14488.742529553769,1864.3194479864048
2020-08-22,2020,8,LATO,22.784245008034503,50.14319807272311,16511.00859423297,1847.969903630878
2020-08-22,2020,8,LATO,22.847127077922863,50.14319807272311,19385.978407501865,1849.5703908225653
2020-08-22,2020,8,LATO,22.910009147811238,50.14319807272311,22793.24238716545,1854.8551617329379
2020-08-22,2020,8,LATO,22.469834658592674,50.20608014261147,24589.497425126534,1864.2154298487453
2020-08-22,2020,8,LATO,22.532716728481034,50.20608014261147,22481.370018975245,1867.405949289223
2020-08-22,2020,8,LATO,22.59559879836941,50.20608014261147,21133.868947761264,1866.8299866620453
2020-08-22,2020,8,LATO,22.65848086825777,50.20608014261147,20696.099696900703,1858.5734908114807
2020-08-22,2020,8,LATO,22.721362938146143,50.20608014261147,21224.42756260835,1849.1466411868882
2020-08-22,2020,8,LATO,22.784245008034503,50.20608014261147,22651.353698077353,1843.907722323779
2020-08-22,2020,8,LATO,22.847127077922863,50.20608014261147,24822.39180988345,1837.4313925921863
2020-08-28,2020,8,LATO,22.4069525887043,49.888168017670196,23092.37433320287,1848.6849382214969
2020-08-28,2020,8,LATO,22.469834658592674,49.888168017670196,19815.16284732702,1848.684935549395
2020-08-28,2020,8,LATO,22.532716728481034,49.888168017670196,17109.985449041076,1848.6849311993776
2020-08-28,2020,8,LATO,22.59559879836941,49.888168017670196,15283.6684432793,1848.6849416720675
2020-08-28,2020,8,LATO,22.34407051881594,49.951050087558556,23615.844679747595,1847.6304430153014
2020-08-28,2020,8,LATO,22.4069525887043,49.951050087558556,19406.154273896744,1848.684906666266
2020-08-30,2020,8,LATO,22.532716728481034,49.82878772328128,23026.23548838651,1830.9383088284735
2020-08-30,2020,8,LATO,22.59559879836941,49.82878772328128,21701.93311098845,1835.8090754739335
2020-08-30,2020,8,LATO,22.65848086825777,49.82878772328128,21272.472014788556,1838.9551578435592
2020-08-30,2020,8,LATO,22.721362938146143,49.82878772328128,21790.82297333169,1863.9938964843343
2020-08-30,2020,8,LATO,22.784245008034503,49.82878772328128,23193.52625099799,1863.9702825218799
2020-08-30,2020,8,LATO,22.4069525887043,49.89166979316964,22846.47125524897,1828.9837658770116
2020-08-30,2020,8,LATO,22.469834658592674,49.89166979316964,19528.29592852939,1844.255412965621
2020-08-30,2020,8,LATO,22.532716728481034,49.89166979316964,16777.14173728684,1846.2797983490884
2020-08-30,2020,8,LATO,22.59559879836941,49.89166979316964,14910.254226564526,1868.4084809787823
2020-08-30,2020,8,LATO,22.65848086825777,49.89166979316964,14278.788319827705,1866.1673220360076
2020-08-30,2020,8,LATO,22.721362938146143,49.89166979316964,15039.173201536576,1876.4964835437693
2020-08-30,2020,8,LATO,22.784245008034503,49.89166979316964,17005.72256010123,1872.692967859053
2020-08-30,2020,8,LATO,22.847127077922863,49.89166979316964,19822.651895636955,1861.1314687578658
2020-08-30,2020,8,LATO,22.910009147811238,49.89166979316964,23182.00810677108,1861.0533429796383
2020-08-30,2020,8,LATO,22.34407051881594,49.954551863058015,23491.421593126583,1849.7165580725434
2020-08-30,2020,8,LATO,22.4069525887043,49.954551863058015,19254.888344842857,1856.9101404545536
2020-08-30,2020,8,LATO,22.469834658592674,49.954551863058015,15176.511228660444,1868.151489257881
2020-08-30,2020,8,LATO,22.532716728481034,49.954551863058015,11426.911706085219,1861.7699392220682
2020-08-30,2020,8,LATO,22.59559879836941,49.954551863058015,8455.428940932505,1860.7688602430353
2020-08-30,2020,8,LATO,22.65848086825777,49.954551863058015,7286.037320534922,1868.4053750602266
2020-08-30,2020,8,LATO,22.721362938146143,49.954551863058015,8680.45595683608,1878.2757533498082
2020-08-30,2020,8,LATO,22.784245008034503,49.954551863058015,11759.523976917604,1868.7126284189724
2020-08-30,2020,8,LATO,22.847127077922863,49.954551863058015,15552.962263779697,1861.5695762083255
2020-08-30,2020,8,LATO,22.910009147811238,49.954551863058015,19651.333430628496,1861.569584970949
2020-08-30,2020,8,LATO,22.34407051881594,50.017433932946375,22321.28802408236,1866.4795712255705
2020-08-30,2020,8,LATO,22.4069525887043,50.017433932946375,17815.15350017437,1864.6406328309013
2020-08-30,2020,8,LATO,22.469834658592674,50.017433932946375,13309.335309895498,1864.793003089158
2020-08-30,2020,8,LATO,22.532716728481034,50.017433932946375,8804.324772825048,1856.1694763984806
2020-08-30,2020,8,LATO,22.59559879836941,50.017433932946375,4302.667734522494,1856.4668382948096
2020-08-30,2020,8,LATO,22.34407051881594,50.08031600283475,23291.093235142445,1856.2725750591292
2020-08-30,2020,8,LATO,22.4069525887043,50.08031600283475,19022.380468476964,1855.5011651847237
2020-08-30,2020,8,LATO,22.469834658592674,50.08031600283475,14892.709365227212,1857.645492045168
2020-08-30,2020,8,LATO,22.532716728481034,50.08031600283475,11058.96201605659,1848.7581787110053
2020-08-30,2020,8,LATO,22.59559879836941,50.08031600283475,7960.816914998515,1849.0284942764072
2020-08-30,2020,8,LATO,22.847127077922863,50.08031600283475,15275.168680265926,1822.741354307022
2020-08-30,2020,8,LATO,22.910009147811238,50.08031600283475,19422.536655809552,1822.7413649580399
2020-08-30,2020,8,LATO,22.4069525887043,50.14319807272311,22453.687107535116,1835.0093994139986
2020-08-30,2020,8,LATO,22.469834658592674,50.14319807272311,19086.46862917077,1838.9831402276218
2020-08-30,2020,8,LATO,22.532716728481034,50.14319807272311,16276.716427633999,1848.8710378593341
2020-08-30,2020,8,LATO,22.59559879836941,50.14319807272311,14355.581307090208,1849.532221982036
2020-08-30,2020,8,LATO,22.65848086825777,50.14319807272311,13702.072942767301,1851.3197007531824
2020-08-30,2020,8,LATO,22.721362938146143,50.14319807272311,14488.742529553769,1815.964623068575
2020-08-30,2020,8,LATO,22.784245008034503,50.14319807272311,16511.00859423297,1815.9645595775182
2020-08-30,2020,8,LATO,22.847127077922863,50.14319807272311,19385.978407501865,1822.7252075633735
2020-08-30,2020,8,LATO,22.910009147811238,50.14319807272311,22793.24238716545,1822.7413330078439
2020-08-30,2020,8,LATO,22.469834658592674,50.20608014261147,24589.497425126534,1857.075042146585
2020-08-30,2020,8,LATO,22.532716728481034,50.20608014261147,22481.370018975245,1856.7364515279544
2020-08-30,2020,8,LATO,22.59559879836941,50.20608014261147,21133.868947761264,1853.8368505141054
2020-08-30,2020,8,LATO,22.65848086825777,50.20608014261147,20696.099696900703,1850.0538161259801
2020-08-30,2020,8,LATO,22.721362938146143,50.20608014261147,21224.42756260835,1829.5176134060332
2020-08-30,2020,8,LATO,22.784245008034503,50.20608014261147,22651.353698077353,1829.9080106539313
2020-08-30,2020,8,LATO,22.847127077922863,50.20608014261147,24822.39180988345,1836.8455820242677
2021-01-28,2021,1,ZIMA,22.354575845314294,50.006928606448014,21618.040770891686,1848.0693030631014
2021-01-28,2021,1,ZIMA,22.417457915202657,50.006928606448014,17123.886130947034,1875.309689633305
2021-01-28,2021,1,ZIMA,22.480339985091025,50.006928606448014,12638.950019411841,1868.2522107254385
2021-01-28,2021,1,ZIMA,22.543222054979392,50.006928606448014,8178.418270760709,1861.5367385750014
2021-01-28,2021,1,ZIMA,22.354575845314294,50.069810676336374,22254.703554634234,1859.3094107501056
2021-01-28,2021,1,ZIMA,22.417457915202657,50.069810676336374,17927.26609080291,1869.1377734292053
2021-01-28,2021,1,ZIMA,22.480339985091025,50.069810676336374,13714.105266687462,1863.5769488224792
2021-01-28,2021,1,ZIMA,22.543222054979392,50.069810676336374,9764.291031138966,1861.5371968937914
2021-01-28,2021,1,ZIMA,22.60610412486776,50.069810676336374,6571.229399687279,1869.096388161536
2021-01-28,2021,1,ZIMA,22.668986194756126,50.069810676336374,5621.002175186564,1869.3053005717966
2021-01-28,2021,1,ZIMA,22.857632404421224,50.069810676336374,15501.25262122609,1860.4923070950358
2021-01-28,2021,1,ZIMA,22.92051447430959,50.069810676336374,19773.79626047972,1860.4923688049328
2021-01-28,2021,1,ZIMA,22.417457915202657,50.13269274622476,21151.631610266355,1857.2332748975412
2021-01-28,2021,1,ZIMA,22.480339985091025,50.13269274622476,17727.262098033436,1851.8203366103428
2021-01-28,2021,1,ZIMA,22.543222054979392,50.13269274622476,14887.64579548281,1860.1655925837117
2021-01-28,2021,1,ZIMA,22.60610412486776,50.13269274622476,13021.138631167756,1864.4489066793813
2021-01-28,2021,1,ZIMA,22.668986194756126,50.13269274622476,12569.002778005643,1860.4298707738262
2021-01-28,2021,1,ZIMA,22.73186826464449,50.13269274622476,13672.280669832127,1845.7896678957343
2021-01-28,2021,1,ZIMA,22.794750334532857,50.13269274622476,16012.635344732576,1845.0075303523759
2021-01-28,2021,1,ZIMA,22.857632404421224,50.13269274622476,19141.56780290254,1844.314819335909
2021-01-28,2021,1,ZIMA,22.480339985091025,50.19557481611312,23200.949158687763,1851.8525827400138
2021-01-28,2021,1,ZIMA,22.543222054979392,50.19557481611312,21113.780703731318,1858.276716441403
2021-01-28,2021,1,ZIMA,22.60610412486776,50.19557481611312,19843.59108096418,1861.6163624011149
2021-01-28,2021,1,ZIMA,22.668986194756126,50.19557481611312,19550.26980713652,1847.9917501407465
2021-01-28,2021,1,ZIMA,22.73186826464449,50.19557481611312,20276.255232597017,1845.0027775500682
2021-01-28,2021,1,ZIMA,22.794750334532857,50.19557481611312,21920.506821805833,1845.7896700018498
2021-01-28,2021,1,ZIMA,22.857632404421224,50.19557481611312,24297.313099085826,1844.314824199441
2021-01-29,2021,1,ZIMA,22.546723830478843,49.818282396782934,23760.71866339243,1845.3556829024747
2021-01-29,2021,1,ZIMA,22.672487970255577,49.818282396782934,22473.007283122395,1854.9826329588914
2021-01-29,2021,1,ZIMA,22.73537004014394,49.818282396782934,23161.348979825514,1864.6169318212767
2021-01-29,2021,1,ZIMA,22.79825211003231,49.818282396782934,24670.7673792354,1876.113892905405
2021-02-02,2021,2,ZIMA,22.73186826464449,49.818282396782934,23100.35486137293,1836.354674128264
2021-02-02,2021,2,ZIMA,22.794750334532857,49.818282396782934,24567.33080198617,1833.8521364999801
2021-02-02,2021,2,ZIMA,22.668986194756126,49.881164466671294,15475.967440865885,1849.7995985438122
2021-02-02,2021,2,ZIMA,22.73186826464449,49.881164466671294,16389.27926047518,1852.1792471803446
2021-02-02,2021,2,ZIMA,22.794750334532857,49.881164466671294,18396.87936768486,1849.3902814490812
2021-02-02,2021,2,ZIMA,22.857632404421224,49.881164466671294,21189.99202699651,1846.0614959411973
2021-02-02,2021,2,ZIMA,22.60610412486776,49.944046536559654,9163.917044842108,1851.43557072088
2021-02-02,2021,2,ZIMA,22.668986194756126,49.944046536559654,8506.56967393002,1850.3906963996296
2021-02-02,2021,2,ZIMA,22.73186826464449,49.944046536559654,10071.089278044556,1849.9079533437941
2021-02-02,2021,2,ZIMA,22.794750334532857,49.944046536559654,13083.306804570208,1853.5193827675544
2021-02-02,2021,2,ZIMA,22.857632404421224,49.944046536559654,16780.941025819608,1841.868493296371
2021-02-02,2021,2,ZIMA,22.92051447430959,49.944046536559654,20801.632851319795,1827.0295355448059
2021-02-02,2021,2,ZIMA,22.60610412486776,50.006928606448014,3828.5697965801783,1832.9345288422871
2021-02-02,2021,2,ZIMA,22.668986194756126,50.006928606448014,1748.5319321300367,1832.7106933593147
2021-02-02,2021,2,ZIMA,22.73186826464449,50.006928606448014,5664.34100011555,1849.0225888616567
2021-02-02,2021,2,ZIMA,22.794750334532857,50.006928606448014,10086.631749185417,1848.006297084837
2021-02-02,2021,2,ZIMA,22.857632404421224,50.006928606448014,14561.02499648593,1838.3282451340517
2021-02-02,2021,2,ZIMA,22.92051447430959,50.006928606448014,19050.84269112359,1840.8295066474627
2021-02-02,2021,2,ZIMA,22.98339654419796,50.006928606448014,23547.261160031503,1838.1103184327947
2021-02-02,2021,2,ZIMA,22.60610412486776,50.069810676336374,6571.229399687279,1836.254729824939
2021-02-02,2021,2,ZIMA,22.668986194756126,50.069810676336374,5621.002175186564,1835.6488392925862
2021-02-02,2021,2,ZIMA,22.73186826464449,50.069810676336374,7783.641630589393,1850.2258282072548
2021-02-02,2021,2,ZIMA,22.794750334532857,50.069810676336374,11408.307713933447,1849.5160470818612
2021-02-02,2021,2,ZIMA,22.857632404421224,50.069810676336374,15501.25262122609,1825.2259383329276
2021-02-02,2021,2,ZIMA,22.92051447430959,50.069810676336374,19773.79626047972,1843.4489830108205
2021-02-02,2021,2,ZIMA,22.98339654419796,50.069810676336374,24130.725788332762,1843.462763178008
2021-02-02,2021,2,ZIMA,22.73186826464449,50.13269274622476,13672.280669832127,1804.6802089046807
2021-02-02,2021,2,ZIMA,22.794750334532857,50.13269274622476,16012.635344732576,1805.516428319556
2021-02-02,2021,2,ZIMA,22.857632404421224,50.13269274622476,19141.56780290254,1807.4414431858872
2021-02-02,2021,2,ZIMA,22.92051447430959,50.13269274622476,22735.79955325739,1801.3989293282034
2021-02-02,2021,2,ZIMA,22.73186826464449,50.19557481611312,20276.255232597017,1804.6801684245918
2021-02-02,2021,2,ZIMA,22.794750334532857,50.19557481611312,21920.506821805833,1804.6801813696895
2021-02-02,2021,2,ZIMA,22.857632404421224,50.19557481611312,24297.313099085826,1803.6709452640569
2021-02-09,2021,2,ZIMA,22.79825211003231,49.881164466671294,18534.605198808167,1927.4388581425947
2021-02-09,2021,2,ZIMA,22.861134179920676,49.881164466671294,21362.83151528928,1927.438840864994
2021-02-09,2021,2,ZIMA,22.924016249809043,49.881164466671294,24697.032607561723,1927.246466836088
2021-02-09,2021,2,ZIMA,22.861134179920676,49.944046536559654,16998.389334768824,1927.438804878253
2021-02-09,2021,2,ZIMA,22.924016249809043,49.944046536559654,21031.3722845162,1927.4388432472986
2021-02-16,2021,2,ZIMA,22.543222054979392,49.818282396782934,23844.580738967565,1846.8669433594348
2021-02-16,2021,2,ZIMA,22.60610412486776,49.818282396782934,22718.528932761306,1834.63130037718
2021-02-16,2021,2,ZIMA,22.668986194756126,49.818282396782934,22460.758843357904,1834.1937721058582
2021-02-16,2021,2,ZIMA,22.73186826464449,49.818282396782934,23100.35486137293,1838.4164970155425
2021-02-16,2021,2,ZIMA,22.794750334532857,49.818282396782934,24567.33080198617,1858.076567838236
2021-02-16,2021,2,ZIMA,22.417457915202657,49.881164466671294,23031.096518731556,1832.4566828689578
2021-02-16,2021,2,ZIMA,22.480339985091025,49.881164466671294,19914.797531770357,1853.471554372377
2021-02-16,2021,2,ZIMA,22.543222054979392,49.881164466671294,17421.274692648036,1852.9296236411149
2021-02-16,2021,2,ZIMA,22.60610412486776,49.881164466671294,15847.281406598506,1854.0817684592569
2021-02-16,2021,2,ZIMA,22.668986194756126,49.881164466671294,15475.967440865885,1853.3028063855709
2021-02-16,2021,2,ZIMA,22.73186826464449,49.881164466671294,16389.27926047518,1861.9979055131257
2021-02-16,2021,2,ZIMA,22.794750334532857,49.881164466671294,18396.87936768486,1864.9392836921854
2021-02-16,2021,2,ZIMA,22.857632404421224,49.881164466671294,21189.99202699651,1863.737557229873
2021-02-16,2021,2,ZIMA,22.92051447430959,49.881164466671294,24501.433160808512,1864.9964019557547
2021-02-16,2021,2,ZIMA,22.354575845314294,49.944046536559654,23178.636067204665,1825.4205860941863
2021-02-16,2021,2,ZIMA,22.417457915202657,49.944046536559654,19050.194082674974,1853.7594422735654
2021-02-16,2021,2,ZIMA,22.480339985091025,49.944046536559654,15141.051196505394,1865.2294999180617
2021-02-16,2021,2,ZIMA,22.543222054979392,49.944046536559654,11673.64126210208,1864.2783785059491
2021-02-16,2021,2,ZIMA,22.60610412486776,49.944046536559654,9163.917044842108,1861.9892036278181
2021-02-16,2021,2,ZIMA,22.668986194756126,49.944046536559654,8506.56967393002,1862.1581601650437
2021-02-16,2021,2,ZIMA,22.73186826464449,49.944046536559654,10071.089278044556,1874.4199462383615
2021-02-16,2021,2,ZIMA,22.794750334532857,49.944046536559654,13083.306804570208,1874.7356222647193
2021-02-16,2021,2,ZIMA,22.857632404421224,49.944046536559654,16780.941025819608,1873.7249539283932
2021-02-16,2021,2,ZIMA,22.92051447430959,49.944046536559654,20801.632851319795,1865.7154541015984
2021-02-16,2021,2,ZIMA,22.354575845314294,50.006928606448014,21618.040770891686,1856.8477589455294
2021-02-16,2021,2,ZIMA,22.417457915202657,50.006928606448014,17123.886130947034,1880.020143120872
2021-02-16,2021,2,ZIMA,22.480339985091025,50.006928606448014,12638.950019411841,1880.0360107421259
2021-02-16,2021,2,ZIMA,22.543222054979392,50.006928606448014,8178.418270760709,1872.480741373261
2021-02-16,2021,2,ZIMA,22.60610412486776,50.006928606448014,3828.5697965801783,1863.6651933580688
2021-02-16,2021,2,ZIMA,22.668986194756126,50.006928606448014,1748.5319321300367,1863.5457461657118
2021-02-16,2021,2,ZIMA,22.73186826464449,50.006928606448014,5664.34100011555,1866.641241570696
2021-02-16,2021,2,ZIMA,22.794750334532857,50.006928606448014,10086.631749185417,1866.963677868991
2021-02-16,2021,2,ZIMA,22.857632404421224,50.006928606448014,14561.02499648593,1861.7690655663837
2021-02-16,2021,2,ZIMA,22.92051447430959,50.006928606448014,19050.84269112359,1859.2491055478995
2021-02-16,2021,2,ZIMA,22.98339654419796,50.006928606448014,23547.261160031503,1859.3955097421656
2021-02-16,2021,2,ZIMA,22.354575845314294,50.069810676336374,22254.703554634234,1860.696533203064
2021-02-16,2021,2,ZIMA,22.417457915202657,50.069810676336374,17927.26609080291,1878.7875536340748
2021-02-16,2021,2,ZIMA,22.480339985091025,50.069810676336374,13714.105266687462,1878.8887753973897
2021-02-16,2021,2,ZIMA,22.543222054979392,50.069810676336374,9764.291031138966,1863.401079786729
2021-02-16,2021,2,ZIMA,22.60610412486776,50.069810676336374,6571.229399687279,1858.8261470221983
2021-02-16,2021,2,ZIMA,22.668986194756126,50.069810676336374,5621.002175186564,1859.1007490380157
2021-02-16,2021,2,ZIMA,22.73186826464449,50.069810676336374,7783.641630589393,1863.4328222662657
2021-02-16,2021,2,ZIMA,22.794750334532857,50.069810676336374,11408.307713933447,1863.5869743999701
2021-02-16,2021,2,ZIMA,22.857632404421224,50.069810676336374,15501.25262122609,1853.7946350296563
2021-02-16,2021,2,ZIMA,22.92051447430959,50.069810676336374,19773.79626047972,1854.0588236139902
2021-02-16,2021,2,ZIMA,22.98339654419796,50.069810676336374,24130.725788332762,1854.4341082822668
2021-02-16,2021,2,ZIMA,22.417457915202657,50.13269274622476,21151.631610266355,1875.1679772293637
2021-02-16,2021,2,ZIMA,22.480339985091025,50.13269274622476,17727.262098033436,1871.9436366100902
2021-02-16,2021,2,ZIMA,22.543222054979392,50.13269274622476,14887.64579548281,1858.3486416043027
2021-02-16,2021,2,ZIMA,22.60610412486776,50.13269274622476,13021.138631167756,1858.348632029856
2021-02-16,2021,2,ZIMA,22.668986194756126,50.13269274622476,12569.002778005643,1854.7538423108977
2021-02-16,2021,2,ZIMA,22.73186826464449,50.13269274622476,13672.280669832127,1850.5832488180147
2021-02-16,2021,2,ZIMA,22.794750334532857,50.13269274622476,16012.635344732576,1850.583255213849
2021-02-16,2021,2,ZIMA,22.857632404421224,50.13269274622476,19141.56780290254,1848.9615446399764
2021-02-16,2021,2,ZIMA,22.92051447430959,50.13269274622476,22735.79955325739,1849.827514648473
2021-02-16,2021,2,ZIMA,22.480339985091025,50.19557481611312,23200.949158687763,1873.0728567251456
2021-02-16,2021,2,ZIMA,22.857632404421224,50.19557481611312,24297.313099085826,1833.9013671874957
2021-02-28,2021,2,ZIMA,22.41395613970321,49.881164466671294,23218.13102685405,1864.392685379546
2021-02-28,2021,2,ZIMA,22.476838209591577,49.881164466671294,20074.386052200312,1864.3927185903303
2021-02-28,2021,2,ZIMA,22.539720279479937,49.881164466671294,17538.93490562306,1866.0893295754563
2021-02-28,2021,2,ZIMA,22.351074069814842,49.944046536559654,23412.679562616457,1856.364268061504
2021-02-28,2021,2,ZIMA,22.41395613970321,49.944046536559654,19275.602727838694,1862.6479898045668
2021-02-28,2021,2,ZIMA,22.476838209591577,49.944046536559654,15350.080184784147,1864.3927101962645
2021-02-28,2021,2,ZIMA,22.539720279479937,49.944046536559654,11848.290547511337,1866.4843522079552
2021-02-28,2021,2,ZIMA,22.602602349368304,49.944046536559654,9263.909635780445,1866.5899619846002
2021-02-28,2021,2,ZIMA,22.351074069814842,50.006928606448014,21868.46766861241,1866.3303260317086
2021-02-28,2021,2,ZIMA,22.351074069814842,50.069810676336374,22497.72895421683,1866.3303308755155
2021-03-03,2021,3,ZIMA,22.543222054979392,49.818282396782934,23844.580738967565,1866.0924563353594
2021-03-03,2021,3,ZIMA,22.60610412486776,49.818282396782934,22718.528932761306,1857.864280295609
2021-03-03,2021,3,ZIMA,22.668986194756126,49.818282396782934,22460.758843357904,1861.5609794529314
2021-03-03,2021,3,ZIMA,22.543222054979392,49.881164466671294,17421.274692648036,1887.2801397736087
2021-03-03,2021,3,ZIMA,22.60610412486776,49.881164466671294,15847.281406598506,1887.2801202894766
2021-03-21,2021,3,ZIMA,22.73186826464449,49.82878772328128,21966.894607487786,1847.1210873792643
2021-03-21,2021,3,ZIMA,22.794750334532857,49.82878772328128,23504.396650112318,1847.121093749996
2021-03-24,2021,3,ZIMA,22.480339985091025,49.82878772328128,24711.809120294347,1859.465192505961
2021-03-24,2021,3,ZIMA,22.543222054979392,49.82878772328128,22748.066442999923,1855.4243662356755
2021-03-24,2021,3,ZIMA,22.60610412486776,49.82878772328128,21565.09706289241,1853.8753462239745
2021-03-24,2021,3,ZIMA,22.668986194756126,49.82878772328128,21293.427765337514,1855.1289064426467
2021-03-24,2021,3,ZIMA,22.417457915202657,49.89166979316964,22262.91512756393,1865.1284723041483
2021-03-24,2021,3,ZIMA,22.480339985091025,49.89166979316964,19021.939045588762,1863.7138903507364
2021-03-24,2021,3,ZIMA,22.543222054979392,49.89166979316964,16393.77929599842,1863.5592086927745
2021-03-24,2021,3,ZIMA,22.60610412486776,49.89166979316964,14710.638103227138,1865.963846676778
2021-03-24,2021,3,ZIMA,22.668986194756126,49.89166979316964,14309.94893217961,1869.551662007729
2021-03-24,2021,3,ZIMA,22.73186826464449,49.89166979316964,15292.848954922392,1866.0575365335699
2021-03-24,2021,3,ZIMA,22.794750334532857,49.89166979316964,17426.783472716856,1865.6346424201315
2021-03-24,2021,3,ZIMA,22.857632404421224,49.89166979316964,20352.87206844864,1874.0395143658918
2021-03-24,2021,3,ZIMA,22.354575845314294,49.954551863058015,22776.356876468417,1863.0737625935603
2021-03-24,2021,3,ZIMA,22.417457915202657,49.954551863058015,18559.66253791124,1867.2812655326636
2021-03-24,2021,3,ZIMA,22.480339985091025,49.954551863058015,14520.04361323391,1865.5906123123377
2021-03-24,2021,3,ZIMA,22.543222054979392,49.954551863058015,10856.994445873956,1864.304292797464
2021-03-24,2021,3,ZIMA,22.60610412486776,49.954551863058015,8098.712783562352,1867.329500641085
2021-03-24,2021,3,ZIMA,22.668986194756126,49.954551863058015,7346.83768198069,1868.723242494336
2021-03-24,2021,3,ZIMA,22.73186826464449,49.954551863058015,9112.34475900155,1869.9118187071135
2021-03-24,2021,3,ZIMA,22.794750334532857,49.954551863058015,12359.845021672229,1868.500129972522
2021-03-24,2021,3,ZIMA,22.857632404421224,49.954551863058015,16222.479436709024,1881.6208782407691
2021-03-24,2021,3,ZIMA,22.92051447430959,49.954551863058015,20352.983304829497,1882.0895987944848
2021-03-24,2021,3,ZIMA,22.98339654419796,49.954551863058015,24616.882768247455,1882.0895853451723
2021-03-24,2021,3,ZIMA,22.354575845314294,50.017433932946375,21568.461962262016,1881.0491804472354
2021-03-24,2021,3,ZIMA,22.417457915202657,50.017433932946375,17062.364867746277,1880.864838925706
2021-03-24,2021,3,ZIMA,22.480339985091025,50.017433932946375,12556.630674141996,1880.557040883851
2021-03-24,2021,3,ZIMA,22.543222054979392,50.017433932946375,8051.874491102406,1870.5508450055902
2021-03-24,2021,3,ZIMA,22.60610412486776,50.017433932946375,3551.828731714459,1863.5940590971659
2021-03-24,2021,3,ZIMA,22.668986194756126,50.017433932946375,1008.6745831835706,1863.890290012769
2021-03-24,2021,3,ZIMA,22.73186826464449,50.017433932946375,5480.739193284635,1866.6084818616375
2021-03-24,2021,3,ZIMA,22.794750334532857,50.017433932946375,9983.922076715906,1872.3408934000665
2021-03-24,2021,3,ZIMA,22.857632404421224,50.017433932946375,14489.236311917515,1878.3814077802845
2021-03-24,2021,3,ZIMA,22.92051447430959,50.017433932946375,18995.163351028874,1879.6644938860527
2021-03-24,2021,3,ZIMA,22.98339654419796,50.017433932946375,23501.34844680935,1880.5036960245066
2021-03-24,2021,3,ZIMA,22.354575845314294,50.08031600283475,22571.593120862584,1872.6608817733243
2021-03-24,2021,3,ZIMA,22.417457915202657,50.08031600283475,18320.20307903207,1875.4910094227057
2021-03-24,2021,3,ZIMA,22.480339985091025,50.08031600283475,14224.935327969335,1855.4537293125766
2021-03-24,2021,3,ZIMA,22.543222054979392,50.08031600283475,10470.614246793919,1852.729521859854
2021-03-24,2021,3,ZIMA,22.60610412486776,50.08031600283475,7581.877613171757,1862.4161934503536
2021-03-24,2021,3,ZIMA,22.668986194756126,50.08031600283475,6775.102572670169,1867.5075300539575
2021-03-24,2021,3,ZIMA,22.73186826464449,50.08031600283475,8653.61621414954,1867.882228675003
2021-03-24,2021,3,ZIMA,22.794750334532857,50.08031600283475,12018.080216548418,1876.17115107543
2021-03-24,2021,3,ZIMA,22.857632404421224,50.08031600283475,15954.608229179084,1878.9493037698335
2021-03-24,2021,3,ZIMA,22.92051447430959,50.08031600283475,20130.3447882497,1875.3771830200594
2021-03-24,2021,3,ZIMA,22.98339654419796,50.08031600283475,24422.89713923003,1871.4647633136074
2021-03-24,2021,3,ZIMA,22.417457915202657,50.14319807272311,21862.782814030616,1871.4105505941106
2021-03-24,2021,3,ZIMA,22.480339985091025,50.14319807272311,18570.803615072375,1856.2534183808523
2021-03-24,2021,3,ZIMA,22.543222054979392,50.14319807272311,15883.363153205039,1855.2424327237588
2021-03-24,2021,3,ZIMA,22.60610412486776,50.14319807272311,14149.22946280949,1852.7539151696014
2021-03-24,2021,3,ZIMA,22.668986194756126,50.14319807272311,13734.373189309134,1854.0290896709196
2021-03-24,2021,3,ZIMA,22.73186826464449,50.14319807272311,14750.52861257386,1860.5064044761568
2021-03-24,2021,3,ZIMA,22.794750334532857,50.14319807272311,16942.139697664446,1861.4003630562586
2021-03-24,2021,3,ZIMA,22.857632404421224,50.14319807272311,19925.037407232725,1873.1149030969752
2021-03-24,2021,3,ZIMA,22.92051447430959,50.14319807272311,23398.52783718368,1875.6834350194808
2021-03-24,2021,3,ZIMA,22.480339985091025,50.20608014261147,24191.94764707279,1856.0695469653385
2021-03-24,2021,3,ZIMA,22.543222054979392,50.20608014261147,22198.610876776278,1856.2408447266305
2021-03-24,2021,3,ZIMA,22.60610412486776,50.20608014261147,20994.430424650796,1857.6510089369096
2021-03-24,2021,3,ZIMA,22.668986194756126,50.20608014261147,20717.470530006434,1866.4160332993545
2021-03-24,2021,3,ZIMA,22.73186826464449,50.20608014261147,21403.75483245062,1861.979180883287
2021-03-24,2021,3,ZIMA,22.794750334532857,50.20608014261147,22967.097983633736,1856.6488989189988
2021-03-24,2021,3,ZIMA,22.539720279479937,49.82528594778182,23201.70544825267,1844.8840228189126
2021-03-24,2021,3,ZIMA,22.602602349368304,49.82528594778182,21991.435506816804,1843.4759955928848
2021-03-24,2021,3,ZIMA,22.66548441925667,49.82528594778182,21672.749137972056,1842.7718636199795
2021-03-24,2021,3,ZIMA,22.41395613970321,49.888168017670196,22706.40747798358,1864.4821325906403
2021-03-24,2021,3,ZIMA,22.476838209591577,49.888168017670196,19480.75930320578,1864.4917656626776
2021-03-24,2021,3,ZIMA,22.539720279479937,49.888168017670196,16856.661256994343,1864.5110177814108
2021-03-24,2021,3,ZIMA,22.602602349368304,49.888168017670196,15149.985508001753,1864.5302596602921
2021-03-24,2021,3,ZIMA,22.66548441925667,49.888168017670196,14684.173014095968,1864.5379109231742
2021-03-24,2021,3,ZIMA,22.41395613970321,49.951050087558556,18945.843329364903,1864.7192382811847
2021-03-24,2021,3,ZIMA,22.476838209591577,49.951050087558556,14934.549859498518,1864.7192382813182
2021-03-24,2021,3,ZIMA,22.539720279479937,49.951050087558556,11305.379115158328,1864.7192382813182
2021-03-24,2021,3,ZIMA,22.602602349368304,49.951050087558556,8559.060764349695,1864.6864598509526
2021-03-24,2021,3,ZIMA,22.66548441925667,49.951050087558556,7705.741647623598,1864.644395725304
2021-03-24,2021,3,ZIMA,22.351074069814842,50.01393215744693,21828.821536591644,1875.7379455355854
2021-03-24,2021,3,ZIMA,22.41395613970321,50.01393215744693,17324.79130605964,1871.0291827590943
2021-03-24,2021,3,ZIMA,22.476838209591577,50.01393215744693,12822.683789843306,1871.5162675359143
2021-03-24,2021,3,ZIMA,22.539720279479937,50.01393215744693,8325.624480766308,1872.4848594504688
2021-03-24,2021,3,ZIMA,22.602602349368304,50.01393215744693,3851.346696989202,1873.4342582967502
2021-03-24,2021,3,ZIMA,22.66548441925667,50.01393215744693,985.8015350103478,1876.023986522886
2021-03-24,2021,3,ZIMA,22.72836648914504,50.01393215744693,5266.196729728419,1877.5340544053147
2021-03-24,2021,3,ZIMA,22.791248559033406,50.01393215744693,9752.73947153321,1877.534057491395
2021-03-24,2021,3,ZIMA,22.854130628921773,50.01393215744693,14252.054346047837,1877.5340576171582
2021-03-24,2021,3,ZIMA,22.91701269881014,50.01393215744693,18754.94945978394,1877.5340576172198
2021-03-24,2021,3,ZIMA,22.351074069814842,50.07681422733529,22700.501792017214,1874.105519836364
2021-03-24,2021,3,ZIMA,22.41395613970321,50.07681422733529,18417.218813231048,1873.8704017344626
2021-03-24,2021,3,ZIMA,22.476838209591577,50.07681422733529,14270.388233904712,1873.693279713511
2021-03-24,2021,3,ZIMA,22.539720279479937,50.07681422733529,10424.154110168673,1873.3500692907053
2021-03-24,2021,3,ZIMA,22.602602349368304,50.07681422733529,7365.532791719154,1872.9958356501443
2021-03-24,2021,3,ZIMA,22.66548441925667,50.07681422733529,6356.742583112903,1872.7312766283742
2021-03-24,2021,3,ZIMA,22.72836648914504,50.07681422733529,8193.543007456652,1872.162537106174
2021-03-24,2021,3,ZIMA,22.791248559033406,50.07681422733529,11594.360342204443,1871.8672094862734
2021-03-24,2021,3,ZIMA,22.854130628921773,50.07681422733529,15565.77285345747,1871.243175085538
2021-03-24,2021,3,ZIMA,22.91701269881014,50.07681422733529,19766.798421742573,1870.9311578852019
2021-03-24,2021,3,ZIMA,22.41395613970321,50.13969629722365,21819.375915890814,1861.327138646465
2021-03-24,2021,3,ZIMA,22.476838209591577,50.13969629722365,18458.403653713616,1861.641177777273
2021-03-24,2021,3,ZIMA,22.539720279479937,50.13969629722365,15679.799836738823,1862.4275230757805
2021-03-24,2021,3,ZIMA,22.602602349368304,50.13969629722365,13838.91392574409,1861.3821268953852
2021-03-24,2021,3,ZIMA,22.66548441925667,50.13969629722365,13330.070057041166,1849.5606434456986
2021-03-24,2021,3,ZIMA,22.72836648914504,50.13969629722365,14296.213711708167,1849.1915266714548
2021-03-24,2021,3,ZIMA,22.791248559033406,50.13969629722365,16479.94399935908,1849.001915704479
2021-03-24,2021,3,ZIMA,22.854130628921773,50.13969629722365,19475.91734182427,1848.6226695920525
2021-03-24,2021,3,ZIMA,22.91701269881014,50.13969629722365,22968.458595316493,1848.4345401803475
2021-03-24,2021,3,ZIMA,22.476838209591577,50.202578367112025,23992.306860370863,1867.5263621760469
2021-03-24,2021,3,ZIMA,22.539720279479937,50.202578367112025,21929.40319040806,1867.1660999257456
2021-03-24,2021,3,ZIMA,22.602602349368304,50.202578367112025,20655.00950680924,1860.365041651273
2021-03-24,2021,3,ZIMA,22.66548441925667,50.202578367112025,20318.040457849766,1851.7001953124393
2021-03-24,2021,3,ZIMA,22.72836648914504,50.202578367112025,20963.748109279233,1851.7001953124354
2021-03-24,2021,3,ZIMA,22.791248559033406,50.202578367112025,22507.718449793792,1851.7001953125357
2021-03-24,2021,3,ZIMA,22.854130628921773,50.202578367112025,24782.63156412316,1851.9348267536693
2021-03-27,2021,3,ZIMA,22.480339985091025,49.82878772328128,24711.809120294347,1864.5710856346857
2021-03-27,2021,3,ZIMA,22.543222054979392,49.82878772328128,22748.066442999923,1862.0261489527304
2021-03-27,2021,3,ZIMA,22.60610412486776,49.82878772328128,21565.09706289241,1856.2167875245761
2021-03-27,2021,3,ZIMA,22.668986194756126,49.82878772328128,21293.427765337514,1853.563415124461
2021-03-27,2021,3,ZIMA,22.73186826464449,49.82878772328128,21966.894607487786,1869.3364205784467
2021-03-27,2021,3,ZIMA,22.794750334532857,49.82878772328128,23504.396650112318,1868.9310931913321
2021-03-27,2021,3,ZIMA,22.417457915202657,49.89166979316964,22262.91512756393,1857.980712890649
2021-03-27,2021,3,ZIMA,22.480339985091025,49.89166979316964,19021.939045588762,1876.6656357606723
2021-03-27,2021,3,ZIMA,22.543222054979392,49.89166979316964,16393.77929599842,1871.826185067254
2021-03-27,2021,3,ZIMA,22.60610412486776,49.89166979316964,14710.638103227138,1870.493341563637
2021-03-27,2021,3,ZIMA,22.668986194756126,49.89166979316964,14309.94893217961,1868.8103891479586
2021-03-27,2021,3,ZIMA,22.73186826464449,49.89166979316964,15292.848954922392,1876.309074784813
2021-03-27,2021,3,ZIMA,22.794750334532857,49.89166979316964,17426.783472716856,1878.235213051391
2021-03-27,2021,3,ZIMA,22.857632404421224,49.89166979316964,20352.87206844864,1887.0044049885855
2021-03-27,2021,3,ZIMA,22.92051447430959,49.89166979316964,23780.476242766938,1873.7911054216083
2021-03-27,2021,3,ZIMA,22.354575845314294,49.954551863058015,22776.356876468417,1864.3271755045866
2021-03-27,2021,3,ZIMA,22.417457915202657,49.954551863058015,18559.66253791124,1872.6816751796366
2021-03-27,2021,3,ZIMA,22.480339985091025,49.954551863058015,14520.04361323391,1884.8453217975302
2021-03-27,2021,3,ZIMA,22.543222054979392,49.954551863058015,10856.994445873956,1883.641784976898
2021-03-27,2021,3,ZIMA,22.60610412486776,49.954551863058015,8098.712783562352,1879.4960937500687
2021-03-27,2021,3,ZIMA,22.668986194756126,49.954551863058015,7346.83768198069,1878.1606899279866
2021-03-27,2021,3,ZIMA,22.73186826464449,49.954551863058015,9112.34475900155,1876.2628865997692
2021-03-27,2021,3,ZIMA,22.794750334532857,49.954551863058015,12359.845021672229,1880.5456279751374
2021-03-27,2021,3,ZIMA,22.857632404421224,49.954551863058015,16222.479436709024,1882.8539071293155
2021-03-27,2021,3,ZIMA,22.92051447430959,49.954551863058015,20352.983304829497,1873.791021742847
2021-03-27,2021,3,ZIMA,22.98339654419796,49.954551863058015,24616.882768247455,1876.0377906908238
2021-03-27,2021,3,ZIMA,22.354575845314294,50.017433932946375,21568.461962262016,1884.2540721343887
2021-03-27,2021,3,ZIMA,22.417457915202657,50.017433932946375,17062.364867746277,1885.8603882779682
2021-03-27,2021,3,ZIMA,22.480339985091025,50.017433932946375,12556.630674141996,1888.2317359498709
2021-03-27,2021,3,ZIMA,22.543222054979392,50.017433932946375,8051.874491102406,1876.196224193034
2021-03-27,2021,3,ZIMA,22.60610412486776,50.017433932946375,3551.828731714459,1870.4540654246293
2021-03-27,2021,3,ZIMA,22.668986194756126,50.017433932946375,1008.6745831835706,1867.5816202788008
2021-03-27,2021,3,ZIMA,22.73186826464449,50.017433932946375,5480.739193284635,1874.617277474234
2021-03-27,2021,3,ZIMA,22.794750334532857,50.017433932946375,9983.922076715906,1879.305704944142
2021-03-27,2021,3,ZIMA,22.857632404421224,50.017433932946375,14489.236311917515,1870.34907721687
2021-03-27,2021,3,ZIMA,22.92051447430959,50.017433932946375,18995.163351028874,1870.921080135232
2021-03-27,2021,3,ZIMA,22.98339654419796,50.017433932946375,23501.34844680935,1876.0086376056463
2021-03-27,2021,3,ZIMA,22.354575845314294,50.08031600283475,22571.593120862584,1874.9611531222693
2021-03-27,2021,3,ZIMA,22.417457915202657,50.08031600283475,18320.20307903207,1885.9191150430725
2021-03-27,2021,3,ZIMA,22.480339985091025,50.08031600283475,14224.935327969335,1873.7178937571261
2021-03-27,2021,3,ZIMA,22.543222054979392,50.08031600283475,10470.614246793919,1869.0014705550477
2021-03-27,2021,3,ZIMA,22.60610412486776,50.08031600283475,7581.877613171757,1871.1043718422097
2021-03-27,2021,3,ZIMA,22.668986194756126,50.08031600283475,6775.102572670169,1871.10166165461
2021-03-27,2021,3,ZIMA,22.73186826464449,50.08031600283475,8653.61621414954,1878.9862221606427
2021-03-27,2021,3,ZIMA,22.794750334532857,50.08031600283475,12018.080216548418,1876.8288836733486
2021-03-27,2021,3,ZIMA,22.857632404421224,50.08031600283475,15954.608229179084,1875.9480951187252
2021-03-27,2021,3,ZIMA,22.92051447430959,50.08031600283475,20130.3447882497,1853.140788866617
2021-03-27,2021,3,ZIMA,22.98339654419796,50.08031600283475,24422.89713923003,1855.1902384028058
2021-03-27,2021,3,ZIMA,22.60610412486776,50.14319807272311,14149.22946280949,1871.118166230705
2021-03-27,2021,3,ZIMA,22.668986194756126,50.14319807272311,13734.373189309134,1865.7711783329942
2021-03-27,2021,3,ZIMA,22.73186826464449,50.14319807272311,14750.52861257386,1847.1401399000044
2021-03-27,2021,3,ZIMA,22.794750334532857,50.14319807272311,16942.139697664446,1853.2400908602488
2021-03-27,2021,3,ZIMA,22.857632404421224,50.14319807272311,19925.037407232725,1854.43829611819
2021-03-27,2021,3,ZIMA,22.92051447430959,50.14319807272311,23398.52783718368,1860.5309573498694
2021-03-27,2021,3,ZIMA,22.60610412486776,50.20608014261147,20994.430424650796,1864.4617239818751
2021-03-27,2021,3,ZIMA,22.668986194756126,50.20608014261147,20717.470530006434,1862.2050384992388
2021-03-27,2021,3,ZIMA,22.73186826464449,50.20608014261147,21403.75483245062,1858.220751830032
2021-03-27,2021,3,ZIMA,22.794750334532857,50.20608014261147,22967.097983633736,1851.0397666663598
2021-06-22,2021,6,LATO,22.90650737231178,49.89166979316964,22984.550710999814,1874.0335419846028
2021-06-22,2021,6,LATO,22.969389442200153,49.954551863058015,23659.207083204412,1874.0335622928221
2021-06-23,2021,6,LATO,22.34056874331648,49.954551863058015,23730.303395653747,1858.9465115497471
2021-06-23,2021,6,LATO,22.34056874331648,50.017433932946375,22572.230985439637,1860.9959523351315
2021-06-23,2021,6,LATO,22.403450813204856,50.017433932946375,18066.08493467374,1858.9465264287317
2021-06-23,2021,6,LATO,22.466332883093216,50.017433932946375,13560.241468417575,1858.946522879027
2021-06-23,2021,6,LATO,22.34056874331648,50.08031600283475,23531.38389392902,1866.5191634537516
2021-06-23,2021,6,LATO,22.403450813204856,50.08031600283475,19257.282604473337,1866.5191555880763
2021-06-24,2021,6,LATO,22.585093471871062,50.08031600283475,8390.265722215085,1886.7210032954188
2021-06-24,2021,6,LATO,22.647975541759422,50.08031600283475,6727.517493020411,1886.7209613984373
2021-06-24,2021,6,LATO,22.710857611647782,50.08031600283475,7790.271256465207,1886.7209418269015
2021-06-24,2021,6,LATO,22.522211401982673,50.20608014261147,22785.41022028422,1889.0871837730588
2021-06-24,2021,6,LATO,22.585093471871062,50.20608014261147,21298.919443397124,1889.0871630002964
2021-06-29,2021,6,LATO,22.717861162646685,49.82878772328128,21737.633674997764,1846.349544758554
2021-06-29,2021,6,LATO,22.780743232535045,49.82878772328128,23094.44903375016,1841.791293364462
2021-06-29,2021,6,LATO,22.654979092758325,49.89166979316964,14277.234881417222,1850.3044520420783
2021-06-29,2021,6,LATO,22.717861162646685,49.89166979316964,14962.101662012434,1851.1678559021993
2021-06-29,2021,6,LATO,22.780743232535045,49.89166979316964,16870.520488444283,1851.0400866891855
2021-06-29,2021,6,LATO,22.84362530242342,49.89166979316964,19649.160104581722,1845.9314890107871
2021-06-29,2021,6,LATO,22.90650737231178,49.89166979316964,22984.550710999814,1845.2063216445981
2021-06-29,2021,6,LATO,22.34056874331648,49.954551863058015,23730.303395653747,1839.9239522140026
2021-06-29,2021,6,LATO,22.403450813204856,49.954551863058015,19487.590975906383,1839.9239095957437
2021-06-29,2021,6,LATO,22.59209702286995,49.954551863058015,8585.739105706874,1843.599763756011
2021-06-29,2021,6,LATO,22.654979092758325,49.954551863058015,7282.996464636708,1848.3695684473694
2021-06-29,2021,6,LATO,22.717861162646685,49.954551863058015,8546.407014340726,1850.013989708665
2021-06-29,2021,6,LATO,22.780743232535045,49.954551863058015,11563.39959417523,1851.1804209212453
2021-06-29,2021,6,LATO,22.84362530242342,49.954551863058015,15331.519629385028,1851.0109690572444
2021-06-29,2021,6,LATO,22.90650737231178,49.954551863058015,19418.311560371767,1848.1499790992268
2021-06-29,2021,6,LATO,22.969389442200153,49.954551863058015,23659.207083204412,1845.176712297699
2021-06-29,2021,6,LATO,22.34056874331648,50.017433932946375,22572.230985439637,1836.916703603686
2021-06-29,2021,6,LATO,22.403450813204856,50.017433932946375,18066.08493467374,1838.1082523465473
2021-06-29,2021,6,LATO,22.466332883093216,50.017433932946375,13560.241468417575,1839.6467143158873
2021-06-29,2021,6,LATO,22.52921495298159,50.017433932946375,9055.157860934964,1839.9239502516439
2021-06-29,2021,6,LATO,22.654979092758325,50.017433932946375,290.9442965550448,1843.5997255403267
2021-06-29,2021,6,LATO,22.717861162646685,50.017433932946375,4478.586244782535,1843.59973544808
2021-06-29,2021,6,LATO,22.780743232535045,50.017433932946375,8980.531654212778,1845.234794863772
2021-06-29,2021,6,LATO,22.84362530242342,50.017433932946375,13485.594062941023,1850.0140380859089
2021-06-29,2021,6,LATO,22.90650737231178,50.017433932946375,17991.430140098637,1850.341450592027
2021-06-29,2021,6,LATO,22.34056874331648,50.08031600283475,23531.38389392902,1841.5998252501595
2021-06-29,2021,6,LATO,22.403450813204856,50.08031600283475,19257.282604473337,1841.83641419575
2021-06-29,2021,6,LATO,22.466332883093216,50.08031600283475,15117.067528998386,1838.766077405972
2021-06-29,2021,6,LATO,22.780743232535045,50.08031600283475,11199.569652326369,1843.599766344068
2021-06-29,2021,6,LATO,22.84362530242342,50.08031600283475,15050.231414787298,1843.5997370562911
2021-06-29,2021,6,LATO,22.90650737231178,50.08031600283475,19187.35473285885,1843.599751596509
2021-06-29,2021,6,LATO,22.403450813204856,50.14319807272311,22652.776181458365,1841.6845658537015
2021-06-29,2021,6,LATO,22.466332883093216,50.14319807272311,19261.81207908881,1842.3291572217215
2021-06-29,2021,6,LATO,22.469834658592674,50.13969629722365,18809.171950787433,1821.9160112755328
2021-06-29,2021,6,LATO,22.532716728481034,50.13969629722365,15950.42007438,1821.916012067392
2021-06-29,2021,6,LATO,22.59559879836941,50.13969629722365,13984.377622466278,1821.9160166196386
2021-07-06,2021,7,LATO,22.46283110759377,49.954551863058015,15619.017095593703,1858.0191734400335
2021-07-06,2021,7,LATO,22.52571317748213,49.954551863058015,11818.274784255715,1858.0191569386227
2021-07-06,2021,7,LATO,22.399949037705397,50.017433932946375,18317.01724871943,1862.4133410879413
2021-07-06,2021,7,LATO,22.46283110759377,50.017433932946375,13811.149723168797,1856.7715847187694
2021-07-06,2021,7,LATO,22.399949037705397,50.08031600283475,19492.580868106976,1868.0726412376764
2021-07-06,2021,7,LATO,22.46283110759377,50.08031600283475,15342.244635151212,1868.072650296392
2021-07-07,2021,7,LATO,22.588595247370506,49.82878772328128,21807.18193595717,1836.9724836044209
2021-07-07,2021,7,LATO,22.651477317258866,49.82878772328128,21273.356297295428,1836.2435980250632
2021-07-07,2021,7,LATO,22.714359387147226,49.82878772328128,21687.22960171284,1835.788978325459
2021-07-07,2021,7,LATO,22.337066967817037,50.017433932946375,22823.174390414948,1842.567530538625
2021-07-07,2021,7,LATO,22.399949037705397,50.017433932946375,18317.01724871943,1844.7364863870846
2021-07-07,2021,7,LATO,22.46283110759377,50.017433932946375,13811.149723168797,1846.138469565336
2021-07-07,2021,7,LATO,22.52571317748213,50.017433932946375,9305.998011737687,1831.1359765486352
2021-07-07,2021,7,LATO,22.588595247370506,50.017433932946375,4803.5842348637925,1831.1359756537151
2021-07-07,2021,7,LATO,22.337066967817037,50.08031600283475,23771.891645147887,1852.0528537047223
2021-07-07,2021,7,LATO,22.399949037705397,50.08031600283475,19492.580868106976,1851.4378662110053
2021-07-07,2021,7,LATO,22.46283110759377,50.08031600283475,15342.244635151212,1843.0193459780849
2021-07-07,2021,7,LATO,22.52571317748213,50.08031600283475,11461.860003414893,1834.0330109616905
2021-07-07,2021,7,LATO,22.588595247370506,50.08031600283475,8241.972226046848,1832.529101658892
2021-07-07,2021,7,LATO,22.399949037705397,50.14319807272311,22852.879672009276,1851.4378914885829
2021-07-07,2021,7,LATO,22.46283110759377,50.14319807272311,19438.805553159174,1848.6806699623285
2021-07-07,2021,7,LATO,22.52571317748213,50.14319807272311,16552.739885157756,1848.6806619183305
2021-07-08,2021,7,LATO,22.52571317748213,49.82878772328128,23223.446671401936,1850.8210114798744
2021-07-08,2021,7,LATO,22.588595247370506,49.82878772328128,21807.18193595717,1850.4614913564615
2021-07-08,2021,7,LATO,22.651477317258866,49.82878772328128,21273.356297295428,1857.9349377946398
2021-07-08,2021,7,LATO,22.714359387147226,49.82878772328128,21687.22960171284,1858.6974575956665
2021-07-08,2021,7,LATO,22.7772414570356,49.82878772328128,22997.694466962104,1856.8090028123277
2021-07-08,2021,7,LATO,22.399949037705397,49.89166979316964,23240.95435275252,1859.7788219979823
2021-07-08,2021,7,LATO,22.46283110759377,49.89166979316964,19874.58844639638,1872.6455023058031
2021-07-08,2021,7,LATO,22.52571317748213,49.89166979316964,17046.454606667296,1874.6995619852255
2021-07-08,2021,7,LATO,22.588595247370506,49.89166979316964,15062.835837653478,1864.2940014036049
2021-07-08,2021,7,LATO,22.651477317258866,49.89166979316964,14280.103976491555,1861.9058943595198
2021-07-08,2021,7,LATO,22.714359387147226,49.89166979316964,14888.872887278887,1861.689134416448
2021-07-08,2021,7,LATO,22.7772414570356,49.89166979316964,16737.999220682526,1861.4351661779892
2021-07-08,2021,7,LATO,22.84012352692396,49.89166979316964,19477.365119759223,1860.499312011539
2021-07-08,2021,7,LATO,22.903005596812335,49.89166979316964,22788.153438215097,1855.7765443846358
2021-07-08,2021,7,LATO,22.337066967817037,49.954551863058015,23969.435525253684,1860.208972615164
2021-07-08,2021,7,LATO,22.399949037705397,49.954551863058015,19720.74564278404,1863.1141479928592
2021-07-08,2021,7,LATO,22.46283110759377,49.954551863058015,15619.017095593703,1867.3053751759296
2021-07-08,2021,7,LATO,22.52571317748213,49.954551863058015,11818.274784255715,1865.369131954019
2021-07-08,2021,7,LATO,22.588595247370506,49.954551863058015,8721.334982744045,1864.1100228633732
2021-07-08,2021,7,LATO,22.651477317258866,49.954551863058015,7288.611985025922,1865.0011182192316
2021-07-08,2021,7,LATO,22.714359387147226,49.954551863058015,8417.717063070771,1861.362481580336
2021-07-08,2021,7,LATO,22.7772414570356,49.954551863058015,11369.439154365082,1862.6651763486257
2021-07-08,2021,7,LATO,22.84012352692396,49.954551863058015,15111.005369585695,1861.7704226908727
2021-07-08,2021,7,LATO,22.903005596812335,49.954551863058015,19185.746581965774,1854.3535460265157
2021-07-08,2021,7,LATO,22.965887666700695,49.954551863058015,23420.401230976673,1852.7544363913787
2021-07-08,2021,7,LATO,22.337066967817037,50.017433932946375,22823.174390414948,1863.0171090120703
2021-07-08,2021,7,LATO,22.399949037705397,50.017433932946375,18317.01724871943,1862.6755371094432
2021-07-08,2021,7,LATO,22.46283110759377,50.017433932946375,13811.149723168797,1861.7696948644582
2021-07-08,2021,7,LATO,22.52571317748213,50.017433932946375,9305.998011737687,1863.2863769531932
2021-07-08,2021,7,LATO,22.588595247370506,50.017433932946375,4803.5842348637925,1863.014874164662
2021-07-08,2021,7,LATO,22.651477317258866,50.017433932946375,407.88410091848647,1858.7760654619306
2021-07-08,2021,7,LATO,22.714359387147226,50.017433932946375,4228.174317330404,1856.6075439453805
2021-07-08,2021,7,LATO,22.7772414570356,50.017433932946375,8729.700784173236,1853.9232326681981
2021-07-08,2021,7,LATO,22.84012352692396,50.017433932946375,13234.68855108754,1859.2519742529391
2021-07-08,2021,7,LATO,22.903005596812335,50.017433932946375,17740.49897456052,1858.1380873054813
2021-07-08,2021,7,LATO,22.965887666700695,50.017433932946375,22246.629981672468,1852.1389896782262
2021-07-08,2021,7,LATO,22.337066967817037,50.08031600283475,23771.891645147887,1861.6767521802547
2021-07-08,2021,7,LATO,22.399949037705397,50.08031600283475,19492.580868106976,1863.26549166215
2021-07-08,2021,7,LATO,22.46283110759377,50.08031600283475,15342.244635151212,1855.38318164063
2021-07-08,2021,7,LATO,22.52571317748213,50.08031600283475,11461.860003414893,1857.5851912538717
2021-07-08,2021,7,LATO,22.588595247370506,50.08031600283475,8241.972226046848,1858.2999409057172
2021-07-08,2021,7,LATO,22.651477317258866,50.08031600283475,6712.0844053123365,1842.3332836012657
2021-07-08,2021,7,LATO,22.714359387147226,50.08031600283475,7920.855163367692,1847.227052764309
2021-07-08,2021,7,LATO,22.7772414570356,50.08031600283475,10999.722341771127,1840.8313423183106
2021-07-08,2021,7,LATO,22.84012352692396,50.08031600283475,14826.124051878794,1836.979647481517
2021-07-08,2021,7,LATO,22.903005596812335,50.08031600283475,18952.573284894253,1842.0451183417872
2021-07-08,2021,7,LATO,22.965887666700695,50.08031600283475,23219.64717295703,1834.4477158661955
2021-07-08,2021,7,LATO,22.399949037705397,50.14319807272311,22852.879672009276,1860.4189901938944
2021-07-08,2021,7,LATO,22.46283110759377,50.14319807272311,19438.805553159174,1857.760599718897
2021-07-08,2021,7,LATO,22.52571317748213,50.14319807272311,16552.739885157756,1855.3222370967926
2021-07-08,2021,7,LATO,22.588595247370506,50.14319807272311,14513.17484725431,1853.9932553217293
2021-07-08,2021,7,LATO,22.651477317258866,50.14319807272311,13703.436830989558,1841.6011715670318
2021-07-08,2021,7,LATO,22.714359387147226,50.14319807272311,14333.488304196197,1838.013879695169
2021-07-08,2021,7,LATO,22.7772414570356,50.14319807272311,16236.577883901686,1823.7224638888617
2021-07-08,2021,7,LATO,22.84012352692396,50.14319807272311,19034.62736146041,1824.874351455979
2021-07-08,2021,7,LATO,22.903005596812335,50.14319807272311,22394.65584251987,1826.1740973484466
2021-07-08,2021,7,LATO,22.46283110759377,50.20608014261147,24863.616912715534,1856.808247062312
2021-07-08,2021,7,LATO,22.52571317748213,50.20608014261147,22681.750518141413,1850.0826910193439
2021-07-08,2021,7,LATO,22.588595247370506,50.20608014261147,21241.091784175827,1847.911491289709
2021-07-08,2021,7,LATO,22.651477317258866,50.20608014261147,20697.001515397067,1849.131725388722
2021-07-08,2021,7,LATO,22.714359387147226,50.20608014261147,21118.887757690336,1851.4893789060723
2021-07-08,2021,7,LATO,22.7772414570356,50.20608014261147,22452.364556079265,1848.6294067429676
2021-07-08,2021,7,LATO,22.84012352692396,50.20608014261147,24549.33260415952,1833.069890730461
2021-07-09,2021,7,LATO,22.65848086825777,50.08031600283475,6709.295794220818,1834.2915769813399
2021-07-09,2021,7,LATO,22.721362938146143,50.08031600283475,8198.816506939642,1834.2916361946895
2021-07-09,2021,7,LATO,22.784245008034503,50.08031600283475,11401.431088470114,1834.291658576784
2021-07-09,2021,7,LATO,22.65848086825777,50.14319807272311,13702.072942767301,1830.5242669977304
2021-07-09,2021,7,LATO,22.721362938146143,50.14319807272311,14488.742529553769,1833.6715682195415
2021-07-09,2021,7,LATO,22.784245008034503,50.14319807272311,16511.00859423297,1834.2916259765977
2021-07-09,2021,7,LATO,22.847127077922863,50.14319807272311,19385.978407501865,1834.2916157464515
2021-07-09,2021,7,LATO,22.910009147811238,50.14319807272311,22793.24238716545,1834.2915814116514
2021-07-09,2021,7,LATO,22.59559879836941,50.20608014261147,21133.868947761264,1846.6773628437904
2021-07-09,2021,7,LATO,22.65848086825777,50.20608014261147,20696.099696900703,1849.663565181203
2021-07-09,2021,7,LATO,22.721362938146143,50.20608014261147,21224.42756260835,1842.6455944192855
2021-07-09,2021,7,LATO,22.784245008034503,50.20608014261147,22651.353698077353,1833.9679412163093
2021-07-09,2021,7,LATO,22.847127077922863,50.20608014261147,24822.39180988345,1831.132425326113
2021-07-11,2021,7,LATO,22.52571317748213,49.82528594778182,23580.850107016446,1845.3685302734973
2021-07-11,2021,7,LATO,22.588595247370506,49.82528594778182,22187.30706832177,1842.0065811444842
2021-07-11,2021,7,LATO,22.651477317258866,49.82528594778182,21662.812319490607,1842.1862814461717
2021-07-11,2021,7,LATO,22.714359387147226,49.82528594778182,22069.412358846523,1851.8795770276133
2021-07-11,2021,7,LATO,22.7772414570356,49.82528594778182,23358.536210329406,1855.7410353923078
2021-07-11,2021,7,LATO,22.46283110759377,49.888168017670196,20156.5520144569,1833.7415796536814
2021-07-11,2021,7,LATO,22.52571317748213,49.888168017670196,17374.158692190118,1837.9961389367643
2021-07-11,2021,7,LATO,22.588595247370506,49.888168017670196,15432.569270339945,1854.9001434687225
2021-07-11,2021,7,LATO,22.651477317258866,49.888168017670196,14669.522091275236,1855.0006542404258
2021-07-11,2021,7,LATO,22.714359387147226,49.888168017670196,15262.808710820838,1855.0953370916886
2021-07-11,2021,7,LATO,22.7772414570356,49.888168017670196,17071.603330708916,1855.0953416666223
2021-07-11,2021,7,LATO,22.714359387147226,49.951050087558556,8756.95920663373,1855.0953801975074
2021-07-11,2021,7,LATO,22.7772414570356,49.951050087558556,11623.026508428964,1855.0953363569008
2021-07-12,2021,7,LATO,22.965887666700695,49.954551863058015,23420.401230976673,1842.8651344035497
2021-07-12,2021,7,LATO,22.84012352692396,50.017433932946375,13234.68855108754,1866.5009335286406
2021-07-12,2021,7,LATO,22.903005596812335,50.017433932946375,17740.49897456052,1868.6564207978731
2021-07-12,2021,7,LATO,22.965887666700695,50.017433932946375,22246.629981672468,1857.5392286143508
2021-07-12,2021,7,LATO,22.7772414570356,50.08031600283475,10999.722341771127,1858.8688060416175
2021-07-12,2021,7,LATO,22.84012352692396,50.08031600283475,14826.124051878794,1862.1195068359089
2021-07-12,2021,7,LATO,22.903005596812335,50.08031600283475,18952.573284894253,1849.8401767113737
2021-07-12,2021,7,LATO,22.965887666700695,50.08031600283475,23219.64717295703,1848.594797621751
2021-07-12,2021,7,LATO,22.651477317258866,50.14319807272311,13703.436830989558,1851.7264246099314
2021-07-12,2021,7,LATO,22.714359387147226,50.14319807272311,14333.488304196197,1851.7264488054814
2021-07-12,2021,7,LATO,22.7772414570356,50.14319807272311,16236.577883901686,1851.557591117973
2021-07-12,2021,7,LATO,22.84012352692396,50.14319807272311,19034.62736146041,1852.2489579067467
2021-07-12,2021,7,LATO,22.903005596812335,50.14319807272311,22394.65584251987,1840.8026899918043
2021-07-12,2021,7,LATO,22.52571317748213,50.20608014261147,22681.750518141413,1862.2967474075106
2021-07-12,2021,7,LATO,22.588595247370506,50.20608014261147,21241.091784175827,1862.296740758948
2021-07-12,2021,7,LATO,22.651477317258866,50.20608014261147,20697.001515397067,1855.6608413879799
2021-07-12,2021,7,LATO,22.714359387147226,50.20608014261147,21118.887757690336,1855.6236597231407
2021-07-12,2021,7,LATO,22.7772414570356,50.20608014261147,22452.364556079265,1852.3952877177085
2021-07-12,2021,7,LATO,22.84012352692396,50.20608014261147,24549.33260415952,1846.2679484749488
2021-07-17,2021,7,LATO,22.721362938146143,49.82878772328128,21790.82297333169,1855.243534544187
2021-07-17,2021,7,LATO,22.784245008034503,49.82878772328128,23193.52625099799,1855.2435583755018
2021-07-17,2021,7,LATO,22.784245008034503,49.89166979316964,17005.72256010123,1855.243553206912
2021-07-25,2021,7,LATO,22.84362530242342,49.89166979316964,19649.160104581722,1854.43426196288
2021-07-25,2021,7,LATO,22.90650737231178,49.89166979316964,22984.550710999814,1854.468011964296
2021-07-25,2021,7,LATO,22.780743232535045,49.954551863058015,11563.39959417523,1855.6369490105044
2021-07-25,2021,7,LATO,22.84362530242342,49.954551863058015,15331.519629385028,1853.8922962904578
2021-07-25,2021,7,LATO,22.90650737231178,49.954551863058015,19418.311560371767,1854.1314336870737
2021-07-25,2021,7,LATO,22.969389442200153,49.954551863058015,23659.207083204412,1854.46801501104
2021-07-25,2021,7,LATO,22.780743232535045,50.017433932946375,8980.531654212778,1847.9819911849595
2021-07-25,2021,7,LATO,22.84362530242342,50.017433932946375,13485.594062941023,1857.4676594019925
2021-07-25,2021,7,LATO,22.90650737231178,50.017433932946375,17991.430140098637,1857.728457735667
2021-07-25,2021,7,LATO,22.969389442200153,50.017433932946375,22497.572808051387,1854.4398880515166
2021-07-25,2021,7,LATO,22.654979092758325,50.08031600283475,6706.002028970861,1808.953498955098
2021-07-25,2021,7,LATO,22.717861162646685,50.08031600283475,8057.131528176884,1814.602888772023
2021-07-25,2021,7,LATO,22.780743232535045,50.08031600283475,11199.569652326369,1828.8191241507918
2021-07-25,2021,7,LATO,22.84362530242342,50.08031600283475,15050.231414787298,1838.6210290545566
2021-07-25,2021,7,LATO,22.90650737231178,50.08031600283475,19187.35473285885,1845.3102419537972
2021-07-25,2021,7,LATO,22.969389442200153,50.08031600283475,23459.8719463774,1852.6641376430002
2021-07-25,2021,7,LATO,22.654979092758325,50.14319807272311,13700.462542803412,1808.9534789804973
2021-07-25,2021,7,LATO,22.717861162646685,50.14319807272311,14409.144847811807,1808.953500001869
2021-07-25,2021,7,LATO,22.780743232535045,50.14319807272311,16372.449865157329,1812.775884474436
2021-07-25,2021,7,LATO,22.84362530242342,50.14319807272311,19209.471110313178,1828.425427389973
2021-07-25,2021,7,LATO,22.90650737231178,50.14319807272311,22593.4378995992,1829.9116105549633
2021-07-25,2021,7,LATO,22.84362530242342,50.20608014261147,24684.969053624438,1808.9534989130343
2021-08-08,2021,8,LATO,22.847127077922863,50.14319807272311,19385.978407501865,1869.2064731324112
2021-08-08,2021,8,LATO,22.910009147811238,50.14319807272311,22793.24238716545,1869.2065463973613
2021-08-08,2021,8,LATO,22.847127077922863,50.20608014261147,24822.39180988345,1863.5741053803085
2021-08-10,2021,8,LATO,22.532716728481034,49.82878772328128,23026.23548838651,1820.954222172073
2021-08-10,2021,8,LATO,22.59559879836941,49.82878772328128,21701.93311098845,1823.1001683430982
2021-08-10,2021,8,LATO,22.65848086825777,49.82878772328128,21272.472014788556,1853.575059593548
2021-08-10,2021,8,LATO,22.721362938146143,49.82878772328128,21790.82297333169,1846.0570085940988
2021-08-10,2021,8,LATO,22.784245008034503,49.82878772328128,23193.52625099799,1845.6339059946235
2021-08-10,2021,8,LATO,22.4069525887043,49.89166979316964,22846.47125524897,1860.014230868324
2021-08-10,2021,8,LATO,22.469834658592674,49.89166979316964,19528.29592852939,1854.5290948318145
2021-08-10,2021,8,LATO,22.532716728481034,49.89166979316964,16777.14173728684,1846.5826564217155
2021-08-10,2021,8,LATO,22.59559879836941,49.89166979316964,14910.254226564526,1829.5456282543512
2021-08-10,2021,8,LATO,22.721362938146143,49.89166979316964,15039.173201536576,1854.9074627151965
2021-08-10,2021,8,LATO,22.784245008034503,49.89166979316964,17005.72256010123,1854.9074727815519
2021-08-10,2021,8,LATO,22.847127077922863,49.89166979316964,19822.651895636955,1849.1228569562486
2021-08-10,2021,8,LATO,22.34407051881594,49.954551863058015,23491.421593126583,1858.6881710165944
2021-08-10,2021,8,LATO,22.4069525887043,49.954551863058015,19254.888344842857,1859.7640394426344
2021-08-10,2021,8,LATO,22.469834658592674,49.954551863058015,15176.511228660444,1860.556251307205
2021-08-10,2021,8,LATO,22.532716728481034,49.954551863058015,11426.911706085219,1852.5516051247284
2021-08-10,2021,8,LATO,22.784245008034503,49.954551863058015,11759.523976917604,1854.907471501028
2021-08-10,2021,8,LATO,22.34407051881594,50.017433932946375,22321.28802408236,1849.843369897449
2021-08-10,2021,8,LATO,22.4069525887043,50.017433932946375,17815.15350017437,1850.5727479306056
2021-08-10,2021,8,LATO,22.469834658592674,50.017433932946375,13309.335309895498,1855.2987113539907
2021-08-10,2021,8,LATO,22.52921495298159,49.82528594778182,23482.598907909694,1853.0142864881066
2021-08-10,2021,8,LATO,22.59209702286995,49.82528594778182,22134.216821942802,1853.014278451979
2021-08-10,2021,8,LATO,22.654979092758325,49.82528594778182,21660.91852740919,1877.2355728222922
2021-08-10,2021,8,LATO,22.717861162646685,49.82528594778182,22118.94911551003,1877.2543962726666
2021-08-10,2021,8,LATO,22.780743232535045,49.82528594778182,23453.80909912117,1877.2920785474357
2021-08-10,2021,8,LATO,22.403450813204856,49.888168017670196,23287.026717013792,1871.1439815961878
2021-08-10,2021,8,LATO,22.466332883093216,49.888168017670196,19985.006430914327,1871.3381482024745
2021-08-10,2021,8,LATO,22.52921495298159,49.888168017670196,17240.74662826544,1871.751513390592
2021-08-10,2021,8,LATO,22.59209702286995,49.888168017670196,15356.24322681715,1873.3124226211248
2021-08-10,2021,8,LATO,22.654979092758325,49.888168017670196,14666.728971867851,1879.3852725584065
2021-08-10,2021,8,LATO,22.717861162646685,49.888168017670196,15334.257013983226,1879.51214517915
2021-08-10,2021,8,LATO,22.780743232535045,49.888168017670196,17201.56405242445,1879.765828635249
2021-08-10,2021,8,LATO,22.84362530242342,49.888168017670196,19934.296373654284,1862.8428467003325
2021-08-10,2021,8,LATO,22.90650737231178,49.888168017670196,23229.001971549216,1862.8261864074702
2021-08-10,2021,8,LATO,22.34056874331648,49.951050087558556,23853.497622880714,1870.933097476726
2021-08-10,2021,8,LATO,22.403450813204856,49.951050087558556,19637.08110412377,1880.5319067972787
2021-08-10,2021,8,LATO,22.466332883093216,49.951050087558556,15585.744667042714,1880.36629906301
2021-08-10,2021,8,LATO,22.52921495298159,49.951050087558556,11869.748008439465,1880.03503396279
2021-08-10,2021,8,LATO,22.59209702286995,49.951050087558556,8918.603959277263,1881.2365892369785
2021-08-10,2021,8,LATO,22.654979092758325,49.951050087558556,7672.491233994431,1882.986130148018
2021-08-10,2021,8,LATO,22.717861162646685,49.951050087558556,8880.743477854165,1882.8942834234024
2021-08-10,2021,8,LATO,22.780743232535045,49.951050087558556,11812.837535867502,1882.7105545809623
2021-08-10,2021,8,LATO,22.34056874331648,50.01393215744693,22581.388826943046,1876.3593105004497
2021-08-10,2021,8,LATO,22.403450813204856,50.01393215744693,18077.15755204921,1875.8464677799675
2021-08-10,2021,8,LATO,22.466332883093216,50.01393215744693,13574.608347456895,1875.9494482805974
2021-08-10,2021,8,LATO,22.52921495298159,50.01393215744693,9076.250438252355,1876.1554025724056
2021-08-10,2021,8,LATO,22.59209702286995,50.01393215744693,4594.419217968531,1877.148144653974
2021-08-10,2021,8,LATO,22.654979092758325,50.01393215744693,679.070137208203,1878.9824033085602
2021-08-10,2021,8,LATO,22.717861162646685,50.01393215744693,4520.583065980076,1878.9824290378274
2021-08-10,2021,8,LATO,22.780743232535045,50.01393215744693,9001.793660212837,1878.982423783184
2021-08-10,2021,8,LATO,22.34056874331648,50.07681422733529,23424.15040685969,1879.2784021830685
2021-08-10,2021,8,LATO,22.403450813204856,50.07681422733529,19125.752461660293,1879.324556971506
2021-08-10,2021,8,LATO,22.466332883093216,50.07681422733529,14948.807181163858,1879.3911292014081
2021-08-10,2021,8,LATO,22.52921495298159,50.07681422733529,11032.145033735591,1879.524271110367
2021-08-10,2021,8,LATO,22.59209702286995,50.07681422733529,7779.374916116361,1878.95148938106
2021-08-10,2021,8,LATO,22.403450813204856,50.13969629722365,22419.875282968027,1866.0132537632944
2021-08-10,2021,8,LATO,22.466332883093216,50.13969629722365,18987.08931505016,1866.231072119292
2021-08-10,2021,8,LATO,22.52921495298159,50.13969629722365,16089.880628363611,1866.5840973481168
2021-08-10,2021,8,LATO,22.466332883093216,50.202578367112025,24400.854582621858,1863.9937111211361
2021-08-10,2021,8,LATO,22.52921495298159,50.202578367112025,22224.080749574292,1863.6350547769516
2021-08-13,2021,8,LATO,22.34407051881594,49.954551863058015,23491.421593126583,1840.0358778693917
2021-08-13,2021,8,LATO,22.34407051881594,50.017433932946375,22321.28802408236,1840.0359292670196
2021-08-13,2021,8,LATO,22.469834658592674,50.08031600283475,14892.709365227212,1842.7852416585174
2021-08-13,2021,8,LATO,22.532716728481034,50.08031600283475,11058.96201605659,1854.4799373648696
2021-08-13,2021,8,LATO,22.59559879836941,50.08031600283475,7960.816914998515,1860.1234312397535
2021-08-13,2021,8,LATO,22.469834658592674,50.14319807272311,19086.46862917077,1839.8739048545249
2021-08-13,2021,8,LATO,22.532716728481034,50.14319807272311,16276.716427633999,1839.8739114291618
2021-08-14,2021,8,LATO,22.532716728481034,49.82878772328128,23026.23548838651,1858.6795002680585
2021-08-14,2021,8,LATO,22.4069525887043,49.89166979316964,22846.47125524897,1873.6562086105605
2021-08-14,2021,8,LATO,22.469834658592674,49.89166979316964,19528.29592852939,1869.7351586101468
2021-08-14,2021,8,LATO,22.532716728481034,49.89166979316964,16777.14173728684,1871.5078117720684
2021-08-14,2021,8,LATO,22.59559879836941,49.89166979316964,14910.254226564526,1871.5078026348106
2021-08-14,2021,8,LATO,22.34407051881594,49.954551863058015,23491.421593126583,1875.7909531748414
2021-08-14,2021,8,LATO,22.4069525887043,49.954551863058015,19254.888344842857,1876.568877073349
2021-08-14,2021,8,LATO,22.469834658592674,49.954551863058015,15176.511228660444,1874.4416318196804
2021-08-14,2021,8,LATO,22.532716728481034,49.954551863058015,11426.911706085219,1872.9123202070725
2021-08-14,2021,8,LATO,22.59559879836941,49.954551863058015,8455.428940932505,1872.2555764680187
2021-08-14,2021,8,LATO,22.34407051881594,50.017433932946375,22321.28802408236,1868.5521568315485
2021-08-14,2021,8,LATO,22.4069525887043,50.017433932946375,17815.15350017437,1878.6840028124184
2021-08-14,2021,8,LATO,22.469834658592674,50.017433932946375,13309.335309895498,1878.988507427145
2021-08-14,2021,8,LATO,22.532716728481034,50.017433932946375,8804.324772825048,1875.2128876204129
2021-08-14,2021,8,LATO,22.59559879836941,50.017433932946375,4302.667734522494,1859.07545239843
2021-08-14,2021,8,LATO,22.65848086825777,50.017433932946375,359.0171461258216,1858.5074125222152
2021-08-14,2021,8,LATO,22.34407051881594,50.08031600283475,23291.093235142445,1858.9797106886488
2021-08-14,2021,8,LATO,22.4069525887043,50.08031600283475,19022.380468476964,1872.0929776016185
2021-08-14,2021,8,LATO,22.469834658592674,50.08031600283475,14892.709365227212,1873.0157777243362
2021-08-14,2021,8,LATO,22.532716728481034,50.08031600283475,11058.96201605659,1850.0243200677305
2021-08-14,2021,8,LATO,22.59559879836941,50.08031600283475,7960.816914998515,1849.8520046665008
2021-08-14,2021,8,LATO,22.65848086825777,50.08031600283475,6709.295794220818,1851.341631894433
2021-08-14,2021,8,LATO,22.4069525887043,50.14319807272311,22453.687107535116,1860.7899477838444
2021-08-14,2021,8,LATO,22.469834658592674,50.14319807272311,19086.46862917077,1864.2101516724324
2021-08-14,2021,8,LATO,22.532716728481034,50.14319807272311,16276.716427633999,1851.2449587721494
2021-08-14,2021,8,LATO,22.59559879836941,50.14319807272311,14355.581307090208,1850.3006330116061
2021-08-14,2021,8,LATO,22.65848086825777,50.14319807272311,13702.072942767301,1849.7805037475682
2021-08-14,2021,8,LATO,22.469834658592674,50.20608014261147,24589.497425126534,1864.4557092703249
2021-08-14,2021,8,LATO,22.532716728481034,50.20608014261147,22481.370018975245,1864.024074089221
2021-08-14,2021,8,LATO,22.59559879836941,50.20608014261147,21133.868947761264,1866.333385176386
2021-08-14,2021,8,LATO,22.65848086825777,50.20608014261147,20696.099696900703,1875.655518208346
2021-08-14,2021,8,LATO,22.721362938146143,50.20608014261147,21224.42756260835,1863.1472950870348
2021-08-14,2021,8,LATO,22.784245008034503,50.20608014261147,22651.353698077353,1856.1429525182446
2021-08-15,2021,8,LATO,22.34757229431539,50.08031600283475,23051.026458445827,1848.2696456047383
2021-08-15,2021,8,LATO,22.41045436420376,50.08031600283475,18787.88931886113,1848.269587460532
2021-08-15,2021,8,LATO,22.66198264375722,50.08031600283475,6721.951918521457,1817.5425190284036
2021-08-15,2021,8,LATO,22.724864713645587,50.08031600283475,8345.634637596631,1817.7552493994267
2021-08-15,2021,8,LATO,22.787746783533954,50.08031600283475,11605.201548529596,1817.7552440590816
2021-08-15,2021,8,LATO,22.91351092331069,50.08031600283475,19658.104679822707,1870.7943208212398
2021-08-15,2021,8,LATO,22.976392993199056,50.08031600283475,23940.972143896157,1857.093152453162
2021-08-15,2021,8,LATO,22.41045436420376,50.14319807272311,22255.639674341124,1850.1087648301789
2021-08-15,2021,8,LATO,22.47333643409212,50.14319807272311,18912.821096659845,1850.6596675178362
2021-08-15,2021,8,LATO,22.66198264375722,50.14319807272311,13708.26641514638,1817.3000383021538
2021-08-15,2021,8,LATO,22.724864713645587,50.14319807272311,14572.216767859765,1817.5716961194296
2021-08-15,2021,8,LATO,22.787746783533954,50.14319807272311,16652.187004218555,1817.7350640365241
2021-08-15,2021,8,LATO,22.85062885342232,50.14319807272311,19564.10422711799,1817.7552453688106
2021-08-15,2021,8,LATO,22.91351092331069,50.14319807272311,22994.042651792173,1859.336999973631
2021-08-15,2021,8,LATO,22.47333643409212,50.20608014261147,24455.13362495998,1839.944491538144
2021-08-15,2021,8,LATO,22.536218503980486,50.20608014261147,22384.711336172233,1849.8643436657308
2021-08-15,2021,8,LATO,22.599100573868853,50.20608014261147,21084.51665211945,1849.8895092368741
2021-08-15,2021,8,LATO,22.66198264375722,50.20608014261147,20700.19529736023,1844.4244133243199
2021-08-15,2021,8,LATO,22.724864713645587,50.20608014261147,21281.42348392957,1841.200062278172
2021-08-15,2021,8,LATO,22.787746783533954,50.20608014261147,22754.3316198966,1830.391551488914
2021-08-16,2021,8,LATO,22.34407051881594,49.951050087558556,23615.844679747595,1852.3012612093928
2022-01-24,2022,1,ZIMA,22.539720279479937,49.818282396782934,23930.791786928894,1903.5909685441434
2022-01-24,2022,1,ZIMA,22.602602349368304,49.818282396782934,22759.15190906055,1904.3784150909303
2022-01-24,2022,1,ZIMA,22.66548441925667,49.818282396782934,22451.320776329067,1903.3997267409973
2022-01-24,2022,1,ZIMA,22.72836648914504,49.818282396782934,23041.944110980392,1900.463755536311
2022-01-24,2022,1,ZIMA,22.791248559033406,49.818282396782934,24466.041940066232,1900.4637262548129
2022-01-24,2022,1,ZIMA,22.476838209591577,49.881164466671294,20074.386052200312,1872.570129045527
2022-02-13,2022,2,ZIMA,22.354575845314294,50.006928606448014,21618.040770891686,1891.8574084871077
2022-02-13,2022,2,ZIMA,22.354575845314294,50.069810676336374,22254.703554634234,1891.857423377953
2022-02-13,2022,2,ZIMA,22.417457915202657,50.069810676336374,17927.26609080291,1891.8573792038137
2022-02-13,2022,2,ZIMA,22.417457915202657,50.13269274622476,21151.631610266355,1880.9532077367678
2022-02-13,2022,2,ZIMA,22.480339985091025,50.13269274622476,17727.262098033436,1891.857425309511
2022-02-13,2022,2,ZIMA,22.480339985091025,50.19557481611312,23200.949158687763,1869.6297334552485
2022-02-13,2022,2,ZIMA,22.543222054979392,50.19557481611312,21113.780703731318,1869.3980524510955
2022-02-13,2022,2,ZIMA,22.417457915202657,50.006928606448014,17123.886130947034,1884.6683378038008
2022-02-13,2022,2,ZIMA,22.480339985091025,50.006928606448014,12638.950019411841,1884.6676744679123
2022-02-13,2022,2,ZIMA,22.543222054979392,50.006928606448014,8178.418270760709,1884.6677245683927
2022-02-13,2022,2,ZIMA,22.60610412486776,50.006928606448014,3828.5697965801783,1859.2204115365694
2022-02-13,2022,2,ZIMA,22.668986194756126,50.006928606448014,1748.5319321300367,1851.9267871181316
2022-02-13,2022,2,ZIMA,22.73186826464449,50.006928606448014,5664.34100011555,1851.9433886945758
2022-02-13,2022,2,ZIMA,22.794750334532857,50.006928606448014,10086.631749185417,1851.9516860037882
2022-02-13,2022,2,ZIMA,22.857632404421224,50.006928606448014,14561.02499648593,1859.8645491093437
2022-02-13,2022,2,ZIMA,22.92051447430959,50.006928606448014,19050.84269112359,1859.7667653714682
2022-02-13,2022,2,ZIMA,22.98339654419796,50.006928606448014,23547.261160031503,1859.717862988184
2022-02-13,2022,2,ZIMA,22.354575845314294,50.069810676336374,22254.703554634234,1870.9811755993157
2022-02-13,2022,2,ZIMA,22.417457915202657,50.069810676336374,17927.26609080291,1883.3382187442485
2022-02-13,2022,2,ZIMA,22.480339985091025,50.069810676336374,13714.105266687462,1883.3374863750169
2022-02-13,2022,2,ZIMA,22.543222054979392,50.069810676336374,9764.291031138966,1883.3371201903367
2022-02-13,2022,2,ZIMA,22.60610412486776,50.069810676336374,6571.229399687279,1854.1354380342839
2022-02-13,2022,2,ZIMA,22.668986194756126,50.069810676336374,5621.002175186564,1853.1793994760694
2022-02-13,2022,2,ZIMA,22.73186826464449,50.069810676336374,7783.641630589393,1853.1759501109004
2022-02-13,2022,2,ZIMA,22.794750334532857,50.069810676336374,11408.307713933447,1853.1742254284911
2022-02-13,2022,2,ZIMA,22.857632404421224,50.069810676336374,15501.25262122609,1855.8106630144491
2022-02-13,2022,2,ZIMA,22.92051447430959,50.069810676336374,19773.79626047972,1855.8106654624999
2022-02-13,2022,2,ZIMA,22.98339654419796,50.069810676336374,24130.725788332762,1855.810680295688
2022-02-13,2022,2,ZIMA,22.417457915202657,50.13269274622476,21151.631610266355,1878.095336913997
2022-02-13,2022,2,ZIMA,22.480339985091025,50.13269274622476,17727.262098033436,1878.0953369140009
2022-02-13,2022,2,ZIMA,22.543222054979392,50.13269274622476,14887.64579548281,1878.095336914131
2022-02-13,2022,2,ZIMA,22.60610412486776,50.13269274622476,13021.138631167756,1836.704101562567
2022-02-13,2022,2,ZIMA,22.668986194756126,50.13269274622476,12569.002778005643,1836.7041015624397
2022-02-13,2022,2,ZIMA,22.73186826464449,50.13269274622476,13672.280669832127,1836.704101562436
2022-02-13,2022,2,ZIMA,22.794750334532857,50.13269274622476,16012.635344732576,1836.704094023294
2022-02-13,2022,2,ZIMA,22.480339985091025,50.19557481611312,23200.949158687763,1883.8245102555693
2022-02-13,2022,2,ZIMA,22.543222054979392,50.19557481611312,21113.780703731318,1883.8252018824064
2022-02-13,2022,2,ZIMA,22.60610412486776,50.19557481611312,19843.59108096418,1836.70413196975
2022-02-13,2022,2,ZIMA,22.668986194756126,50.19557481611312,19550.26980713652,1836.7041135313602
2022-02-13,2022,2,ZIMA,22.73186826464449,50.19557481611312,20276.255232597017,1836.7041223316965
2022-02-13,2022,2,ZIMA,22.794750334532857,50.19557481611312,21920.506821805833,1836.7041224905427
2022-02-14,2022,2,ZIMA,22.60610412486776,49.818282396782934,22718.528932761306,1865.541926754988
2022-02-14,2022,2,ZIMA,22.668986194756126,49.818282396782934,22460.758843357904,1863.5773138992406
2022-02-14,2022,2,ZIMA,22.73186826464449,49.818282396782934,23100.35486137293,1863.480346679647
2022-02-14,2022,2,ZIMA,22.794750334532857,49.818282396782934,24567.33080198617,1870.471753243682
2022-02-14,2022,2,ZIMA,22.60610412486776,49.881164466671294,15847.281406598506,1872.8656588640404
2022-02-14,2022,2,ZIMA,22.668986194756126,49.881164466671294,15475.967440865885,1872.1157431523545
2022-02-14,2022,2,ZIMA,22.73186826464449,49.881164466671294,16389.27926047518,1871.9938286798308
2022-02-14,2022,2,ZIMA,22.794750334532857,49.881164466671294,18396.87936768486,1879.783880499127
2022-02-14,2022,2,ZIMA,22.857632404421224,49.881164466671294,21189.99202699651,1879.233381244698
2022-02-14,2022,2,ZIMA,22.92051447430959,49.881164466671294,24501.433160808512,1877.0561376477965
2022-02-14,2022,2,ZIMA,22.60610412486776,49.944046536559654,9163.917044842108,1873.6357983254143
2022-02-14,2022,2,ZIMA,22.668986194756126,49.944046536559654,8506.56967393002,1873.6673950826987
2022-02-14,2022,2,ZIMA,22.73186826464449,49.944046536559654,10071.089278044556,1877.0559136031504
2022-02-14,2022,2,ZIMA,22.794750334532857,49.944046536559654,13083.306804570208,1881.3066754369702
2022-02-14,2022,2,ZIMA,22.857632404421224,49.944046536559654,16780.941025819608,1881.0640580691033
2022-02-14,2022,2,ZIMA,22.92051447430959,49.944046536559654,20801.632851319795,1881.8327971255924
2022-02-14,2022,2,ZIMA,22.354575845314294,50.006928606448014,21618.040770891686,1874.3448435384282
2022-02-14,2022,2,ZIMA,22.417457915202657,50.006928606448014,17123.886130947034,1873.222205990647
2022-02-14,2022,2,ZIMA,22.480339985091025,50.006928606448014,12638.950019411841,1874.955036369924
2022-02-14,2022,2,ZIMA,22.543222054979392,50.006928606448014,8178.418270760709,1874.8533178510297
2022-02-14,2022,2,ZIMA,22.60610412486776,50.006928606448014,3828.5697965801783,1869.4316145627304
2022-02-14,2022,2,ZIMA,22.668986194756126,50.006928606448014,1748.5319321300367,1869.0868370700814
2022-02-14,2022,2,ZIMA,22.73186826464449,50.006928606448014,5664.34100011555,1874.976446372519
2022-02-14,2022,2,ZIMA,22.794750334532857,50.006928606448014,10086.631749185417,1875.0374755859737
2022-02-14,2022,2,ZIMA,22.857632404421224,50.006928606448014,14561.02499648593,1875.1551905417255
2022-02-14,2022,2,ZIMA,22.92051447430959,50.006928606448014,19050.84269112359,1874.1989320865687
2022-02-14,2022,2,ZIMA,22.98339654419796,50.006928606448014,23547.261160031503,1870.5965347125689
2022-02-14,2022,2,ZIMA,22.354575845314294,50.069810676336374,22254.703554634234,1875.3182909249506
2022-02-14,2022,2,ZIMA,22.417457915202657,50.069810676336374,17927.26609080291,1875.792875747433
2022-02-14,2022,2,ZIMA,22.480339985091025,50.069810676336374,13714.105266687462,1875.395488313354
2022-02-14,2022,2,ZIMA,22.543222054979392,50.069810676336374,9764.291031138966,1875.7432708437916
2022-02-14,2022,2,ZIMA,22.60610412486776,50.069810676336374,6571.229399687279,1873.604614257881
2022-02-14,2022,2,ZIMA,22.668986194756126,50.069810676336374,5621.002175186564,1873.604614257751
2022-02-14,2022,2,ZIMA,22.73186826464449,50.069810676336374,7783.641630589393,1873.203759914502
2022-02-14,2022,2,ZIMA,22.794750334532857,50.069810676336374,11408.307713933447,1873.3437055923428
2022-02-14,2022,2,ZIMA,22.857632404421224,50.069810676336374,15501.25262122609,1865.9032369928914
2022-02-14,2022,2,ZIMA,22.92051447430959,50.069810676336374,19773.79626047972,1867.628297033785
2022-02-14,2022,2,ZIMA,22.98339654419796,50.069810676336374,24130.725788332762,1864.8235810697388
2022-02-14,2022,2,ZIMA,22.417457915202657,50.13269274622476,21151.631610266355,1869.6225923120592
2022-02-14,2022,2,ZIMA,22.480339985091025,50.13269274622476,17727.262098033436,1871.2932135573672
2022-02-14,2022,2,ZIMA,22.543222054979392,50.13269274622476,14887.64579548281,1868.8640219920567
2022-02-14,2022,2,ZIMA,22.60610412486776,50.13269274622476,13021.138631167756,1865.5503638638293
2022-02-14,2022,2,ZIMA,22.668986194756126,50.13269274622476,12569.002778005643,1865.3859602240095
2022-02-14,2022,2,ZIMA,22.73186826464449,50.13269274622476,13672.280669832127,1861.836916684648
2022-02-14,2022,2,ZIMA,22.794750334532857,50.13269274622476,16012.635344732576,1861.9241067123612
2022-02-14,2022,2,ZIMA,22.857632404421224,50.13269274622476,19141.56780290254,1855.0735487795143
2022-02-14,2022,2,ZIMA,22.92051447430959,50.13269274622476,22735.79955325739,1858.105027737866
2022-02-14,2022,2,ZIMA,22.480339985091025,50.19557481611312,23200.949158687763,1871.7667835928028
2022-02-14,2022,2,ZIMA,22.543222054979392,50.19557481611312,21113.780703731318,1866.2475761476198
2022-02-14,2022,2,ZIMA,22.60610412486776,50.19557481611312,19843.59108096418,1864.547876113471
2022-02-14,2022,2,ZIMA,22.668986194756126,50.19557481611312,19550.26980713652,1863.4534820070312
2022-02-14,2022,2,ZIMA,22.73186826464449,50.19557481611312,20276.255232597017,1861.1091106219474
2022-02-14,2022,2,ZIMA,22.794750334532857,50.19557481611312,21920.506821805833,1861.110868060301
2022-02-14,2022,2,ZIMA,22.857632404421224,50.19557481611312,24297.313099085826,1859.1462173573043
2022-02-15,2022,2,ZIMA,22.354575845314294,50.006928606448014,21618.040770891686,1874.5112289760964
2022-02-15,2022,2,ZIMA,22.417457915202657,50.006928606448014,17123.886130947034,1874.511296363696
2022-02-15,2022,2,ZIMA,22.354575845314294,50.069810676336374,22254.703554634234,1874.5112211306252
2022-02-24,2022,2,ZIMA,22.543222054979392,49.818282396782934,23844.580738967565,1884.3068337355298
2022-02-24,2022,2,ZIMA,22.60610412486776,49.818282396782934,22718.528932761306,1884.6063444801214
2022-02-24,2022,2,ZIMA,22.668986194756126,49.818282396782934,22460.758843357904,1881.8096246082425
2022-02-24,2022,2,ZIMA,22.73186826464449,49.818282396782934,23100.35486137293,1879.302018796453
2022-02-24,2022,2,ZIMA,22.794750334532857,49.818282396782934,24567.33080198617,1878.1418648340605
2022-02-24,2022,2,ZIMA,22.417457915202657,49.881164466671294,23031.096518731556,1870.4450013092812
2022-02-24,2022,2,ZIMA,22.480339985091025,49.881164466671294,19914.797531770357,1876.8670630131796
2022-02-24,2022,2,ZIMA,22.543222054979392,49.881164466671294,17421.274692648036,1878.2070123730946
2022-02-24,2022,2,ZIMA,22.60610412486776,49.881164466671294,15847.281406598506,1882.2191162109657
2022-02-24,2022,2,ZIMA,22.668986194756126,49.881164466671294,15475.967440865885,1882.796605030964
2022-02-24,2022,2,ZIMA,22.73186826464449,49.881164466671294,16389.27926047518,1885.3116275089749
2022-02-24,2022,2,ZIMA,22.794750334532857,49.881164466671294,18396.87936768486,1884.5590874903255
2022-02-24,2022,2,ZIMA,22.857632404421224,49.881164466671294,21189.99202699651,1879.5040482534716
2022-02-24,2022,2,ZIMA,22.354575845314294,49.944046536559654,23178.636067204665,1882.9251103860172
2022-02-24,2022,2,ZIMA,22.417457915202657,49.944046536559654,19050.194082674974,1880.44009799224
2022-02-24,2022,2,ZIMA,22.480339985091025,49.944046536559654,15141.051196505394,1879.10855246356
2022-02-24,2022,2,ZIMA,22.543222054979392,49.944046536559654,11673.64126210208,1877.4543671561446
2022-02-24,2022,2,ZIMA,22.60610412486776,49.944046536559654,9163.917044842108,1878.2398291699853
2022-02-24,2022,2,ZIMA,22.668986194756126,49.944046536559654,8506.56967393002,1880.931781794072
2022-02-24,2022,2,ZIMA,22.73186826464449,49.944046536559654,10071.089278044556,1882.8125064576338
2022-02-24,2022,2,ZIMA,22.794750334532857,49.944046536559654,13083.306804570208,1884.3827940379851
2022-02-24,2022,2,ZIMA,22.354575845314294,50.006928606448014,21618.040770891686,1880.6512198666342
2022-02-24,2022,2,ZIMA,22.417457915202657,50.006928606448014,17123.886130947034,1882.9629510668876
2022-02-24,2022,2,ZIMA,22.480339985091025,50.006928606448014,12638.950019411841,1886.8437137765193
2022-02-24,2022,2,ZIMA,22.543222054979392,50.006928606448014,8178.418270760709,1884.2144561177813
2022-02-24,2022,2,ZIMA,22.60610412486776,50.006928606448014,3828.5697965801783,1880.1722139141166
2022-02-24,2022,2,ZIMA,22.668986194756126,50.006928606448014,1748.5319321300367,1879.0664097249155
2022-02-24,2022,2,ZIMA,22.73186826464449,50.006928606448014,5664.34100011555,1875.7876742671256
2022-02-24,2022,2,ZIMA,22.794750334532857,50.006928606448014,10086.631749185417,1875.5297890496215
2022-02-24,2022,2,ZIMA,22.354575845314294,50.069810676336374,22254.703554634234,1873.8872017419737
2022-02-24,2022,2,ZIMA,22.417457915202657,50.069810676336374,17927.26609080291,1879.0054532924805
2022-02-24,2022,2,ZIMA,22.480339985091025,50.069810676336374,13714.105266687462,1883.015838903483
2022-02-24,2022,2,ZIMA,22.543222054979392,50.069810676336374,9764.291031138966,1886.4866858805258
2022-02-24,2022,2,ZIMA,22.60610412486776,50.069810676336374,6571.229399687279,1884.169818614679
2022-02-24,2022,2,ZIMA,22.668986194756126,50.069810676336374,5621.002175186564,1880.7770440242318
2022-02-24,2022,2,ZIMA,22.73186826464449,50.069810676336374,7783.641630589393,1866.7730506761152
2022-02-24,2022,2,ZIMA,22.794750334532857,50.069810676336374,11408.307713933447,1873.2821475511148
2022-02-24,2022,2,ZIMA,22.857632404421224,50.069810676336374,15501.25262122609,1875.5297812896638
2022-02-24,2022,2,ZIMA,22.417457915202657,50.13269274622476,21151.631610266355,1873.4121912366907
2022-02-24,2022,2,ZIMA,22.480339985091025,50.13269274622476,17727.262098033436,1873.9380673874127
2022-02-24,2022,2,ZIMA,22.543222054979392,50.13269274622476,14887.64579548281,1876.703778343546
2022-02-24,2022,2,ZIMA,22.60610412486776,50.13269274622476,13021.138631167756,1876.4068430165412
2022-02-24,2022,2,ZIMA,22.668986194756126,50.13269274622476,12569.002778005643,1867.7128240583688
2022-02-24,2022,2,ZIMA,22.73186826464449,50.13269274622476,13672.280669832127,1863.8732319548146
2022-02-24,2022,2,ZIMA,22.794750334532857,50.13269274622476,16012.635344732576,1863.2228507329025
2022-02-24,2022,2,ZIMA,22.857632404421224,50.13269274622476,19141.56780290254,1862.3209313127159
2022-02-24,2022,2,ZIMA,22.92051447430959,50.13269274622476,22735.79955325739,1873.1492571521549
2022-02-24,2022,2,ZIMA,22.480339985091025,50.19557481611312,23200.949158687763,1873.4106630886606
2022-02-24,2022,2,ZIMA,22.543222054979392,50.19557481611312,21113.780703731318,1873.3390701018827
2022-02-24,2022,2,ZIMA,22.60610412486776,50.19557481611312,19843.59108096418,1874.1482190040451
2022-02-24,2022,2,ZIMA,22.668986194756126,50.19557481611312,19550.26980713652,1871.6271022287626
2022-02-24,2022,2,ZIMA,22.73186826464449,50.19557481611312,20276.255232597017,1867.7444015292601
2022-02-24,2022,2,ZIMA,22.794750334532857,50.19557481611312,21920.506821805833,1864.4296152432614
2022-02-24,2022,2,ZIMA,22.857632404421224,50.19557481611312,24297.313099085826,1863.2325748633593
2022-02-24,2022,2,ZIMA,22.539720279479937,49.818282396782934,23930.791786928894,1869.8823527427153
2022-02-24,2022,2,ZIMA,22.602602349368304,49.818282396782934,22759.15190906055,1870.4892919862202
2022-02-24,2022,2,ZIMA,22.66548441925667,49.818282396782934,22451.320776329067,1871.2973767482497
2022-02-24,2022,2,ZIMA,22.72836648914504,49.818282396782934,23041.944110980392,1880.1182830315533
2022-02-24,2022,2,ZIMA,22.791248559033406,49.818282396782934,24466.041940066232,1880.0313275949543
2022-02-24,2022,2,ZIMA,22.41395613970321,49.881164466671294,23218.13102685405,1865.3292134663113
2022-02-24,2022,2,ZIMA,22.476838209591577,49.881164466671294,20074.386052200312,1865.4505453167762
2022-02-24,2022,2,ZIMA,22.539720279479937,49.881164466671294,17538.93490562306,1881.1418457031534
2022-02-24,2022,2,ZIMA,22.602602349368304,49.881164466671294,15905.38808781178,1881.1418457031532
2022-02-24,2022,2,ZIMA,22.66548441925667,49.881164466671294,15462.284276128039,1883.3170125232798
2022-02-24,2022,2,ZIMA,22.72836648914504,49.881164466671294,16306.954457242937,1885.5833740234618
2022-02-24,2022,2,ZIMA,22.791248559033406,49.881164466671294,18261.573674572403,1885.583374023368
2022-02-24,2022,2,ZIMA,22.854130628921773,49.881164466671294,21018.73630309866,1885.5834130069277
2022-02-24,2022,2,ZIMA,22.351074069814842,49.944046536559654,23412.679562616457,1864.9461669921263
2022-02-24,2022,2,ZIMA,22.41395613970321,49.944046536559654,19275.602727838694,1864.9461669921222
2022-02-24,2022,2,ZIMA,22.476838209591577,49.944046536559654,15350.080184784147,1868.6377242681676
2022-02-24,2022,2,ZIMA,22.539720279479937,49.944046536559654,11848.290547511337,1884.3230443871728
2022-02-24,2022,2,ZIMA,22.602602349368304,49.944046536559654,9263.909635780445,1884.1757484130685
2022-02-24,2022,2,ZIMA,22.66548441925667,49.944046536559654,8481.682896390543,1884.052755009605
2022-02-24,2022,2,ZIMA,22.72836648914504,49.944046536559654,9936.730943936836,1884.1725805062713
2022-02-24,2022,2,ZIMA,22.791248559033406,49.944046536559654,12892.604697841101,1884.2047959394404
2022-02-24,2022,2,ZIMA,22.351074069814842,50.006928606448014,21868.46766861241,1878.2886853234784
2022-02-24,2022,2,ZIMA,22.41395613970321,50.006928606448014,17373.980294857156,1877.741810515896
2022-02-24,2022,2,ZIMA,22.476838209591577,50.006928606448014,12888.300516702679,1882.6170600950231
2022-02-24,2022,2,ZIMA,22.539720279479937,50.006928606448014,8425.513103939857,1884.8814818161782
2022-02-24,2022,2,ZIMA,22.602602349368304,50.006928606448014,4061.7979103036923,1884.075112504047
2022-02-24,2022,2,ZIMA,22.66548441925667,50.006928606448014,1623.3084811300353,1882.1726278145034
2022-02-24,2022,2,ZIMA,22.72836648914504,50.006928606448014,5422.179720201143,1881.9893953567946
2022-02-24,2022,2,ZIMA,22.791248559033406,50.006928606448014,9838.339543263888,1881.897779128106
2022-02-24,2022,2,ZIMA,22.854130628921773,50.006928606448014,14311.31539773719,1881.098148497351
2022-02-24,2022,2,ZIMA,22.91701269881014,50.006928606448014,18800.596436126183,1881.2962536955179
2022-02-24,2022,2,ZIMA,22.979894768698507,50.006928606448014,23296.75628918547,1881.0903377597087
2022-02-24,2022,2,ZIMA,22.351074069814842,50.069810676336374,22497.72895421683,1880.8707934834474
2022-02-24,2022,2,ZIMA,22.41395613970321,50.069810676336374,18165.993601830167,1881.1750340276474
2022-02-24,2022,2,ZIMA,22.476838209591577,50.069810676336374,13943.945176384594,1885.7885904673249
2022-02-24,2022,2,ZIMA,22.539720279479937,50.069810676336374,9971.898877821735,1886.2498913910304
2022-02-24,2022,2,ZIMA,22.602602349368304,50.069810676336374,6709.612736345334,1884.6778910687422
2022-02-24,2022,2,ZIMA,22.66548441925667,50.069810676336374,5583.366752818271,1883.2266750600143
2022-02-24,2022,2,ZIMA,22.72836648914504,50.069810676336374,7609.458610497544,1883.5428570924307
2022-02-24,2022,2,ZIMA,22.791248559033406,50.069810676336374,11189.67063071935,1883.6178519572102
2022-02-24,2022,2,ZIMA,22.854130628921773,50.069810676336374,15267.237566831249,1873.2081048274938
2022-02-24,2022,2,ZIMA,22.91701269881014,50.069810676336374,19533.130847309978,1873.1980659469837
2022-02-24,2022,2,ZIMA,22.979894768698507,50.069810676336374,23886.661303617595,1870.4565649112214
2022-02-24,2022,2,ZIMA,22.41395613970321,50.13269274622476,21354.079212177185,1865.4700379374515
2022-02-24,2022,2,ZIMA,22.476838209591577,50.13269274622476,17905.429957259927,1870.2199707031934
2022-02-24,2022,2,ZIMA,22.539720279479937,50.13269274622476,15024.447242559912,1870.2199707031934
2022-02-24,2022,2,ZIMA,22.602602349368304,50.13269274622476,13091.42811725958,1862.7375737119348
2022-02-24,2022,2,ZIMA,22.66548441925667,50.13269274622476,12552.238892009154,1862.776083321705
2022-02-24,2022,2,ZIMA,22.72836648914504,50.13269274622476,13574.002993155724,1863.320875525249
2022-02-24,2022,2,ZIMA,22.791248559033406,50.13269274622476,15857.812197278598,1864.6384259687081
2022-02-24,2022,2,ZIMA,22.854130628921773,50.13269274622476,18952.80330190937,1866.080737543108
2022-02-24,2022,2,ZIMA,22.91701269881014,50.13269274622476,22527.07571149032,1866.223352933475
2022-02-24,2022,2,ZIMA,22.476838209591577,50.19557481611312,23337.187327820007,1876.2995064454426
2022-02-24,2022,2,ZIMA,22.539720279479937,50.19557481611312,21210.336742937692,1875.9884593545855
2022-02-24,2022,2,ZIMA,22.602602349368304,50.19557481611312,19889.724481916317,1857.776268336143
2022-02-24,2022,2,ZIMA,22.66548441925667,50.19557481611312,19539.510527923867,1857.8833296874973
2022-02-24,2022,2,ZIMA,22.72836648914504,50.19557481611312,20210.20376181929,1858.1092375840565
2022-02-24,2022,2,ZIMA,22.791248559033406,50.19557481611312,21807.815356561256,1861.1173293977383
2022-02-24,2022,2,ZIMA,22.854130628921773,50.19557481611312,24149.078514552173,1862.3917744033347
2022-03-11,2022,3,ZIMA,22.60610412486776,49.89166979316964,14710.638103227138,1893.7363396144972
2022-03-11,2022,3,ZIMA,22.668986194756126,49.89166979316964,14309.94893217961,1895.9910811759466
2022-03-11,2022,3,ZIMA,22.73186826464449,49.89166979316964,15292.848954922392,1896.9565447617506
2022-03-11,2022,3,ZIMA,22.794750334532857,49.89166979316964,17426.783472716856,1896.9565473021778
2022-03-11,2022,3,ZIMA,22.60610412486776,49.954551863058015,8098.712783562352,1891.9011075765113
2022-03-11,2022,3,ZIMA,22.668986194756126,49.954551863058015,7346.83768198069,1892.4017333983752
2022-03-11,2022,3,ZIMA,22.73186826464449,49.954551863058015,9112.34475900155,1895.256279078677
2022-03-11,2022,3,ZIMA,22.794750334532857,49.954551863058015,12359.845021672229,1896.8122818907684
2022-03-11,2022,3,ZIMA,22.857632404421224,49.954551863058015,16222.479436709024,1897.788456391377
2022-03-11,2022,3,ZIMA,22.480339985091025,50.017433932946375,12556.630674141996,1889.240215608594
2022-03-11,2022,3,ZIMA,22.543222054979392,50.017433932946375,8051.874491102406,1894.0679696001591
2022-03-11,2022,3,ZIMA,22.60610412486776,50.017433932946375,3551.828731714459,1892.4342399646043
2022-03-11,2022,3,ZIMA,22.668986194756126,50.017433932946375,1008.6745831835706,1890.1754308984855
2022-03-11,2022,3,ZIMA,22.73186826464449,50.017433932946375,5480.739193284635,1889.6074430901845
2022-03-11,2022,3,ZIMA,22.794750334532857,50.017433932946375,9983.922076715906,1896.7422931791712
2022-03-11,2022,3,ZIMA,22.857632404421224,50.017433932946375,14489.236311917515,1895.3700932992006
2022-03-11,2022,3,ZIMA,22.92051447430959,50.017433932946375,18995.163351028874,1897.078661267544
2022-03-11,2022,3,ZIMA,22.98339654419796,50.017433932946375,23501.34844680935,1896.7447232434258
2022-03-11,2022,3,ZIMA,22.480339985091025,50.08031600283475,14224.935327969335,1885.099557016148
2022-03-11,2022,3,ZIMA,22.543222054979392,50.08031600283475,10470.614246793919,1886.9428897472815
2022-03-11,2022,3,ZIMA,22.60610412486776,50.08031600283475,7581.877613171757,1889.2583660205005
2022-03-11,2022,3,ZIMA,22.668986194756126,50.08031600283475,6775.102572670169,1890.5946082179353
2022-03-11,2022,3,ZIMA,22.73186826464449,50.08031600283475,8653.61621414954,1883.8792770052778
2022-03-11,2022,3,ZIMA,22.794750334532857,50.08031600283475,12018.080216548418,1884.8286259925778
2022-03-11,2022,3,ZIMA,22.857632404421224,50.08031600283475,15954.608229179084,1898.269574956873
2022-03-11,2022,3,ZIMA,22.92051447430959,50.08031600283475,20130.3447882497,1895.5054992033827
2022-03-11,2022,3,ZIMA,22.98339654419796,50.08031600283475,24422.89713923003,1884.2859641568134
2022-03-11,2022,3,ZIMA,22.417457915202657,50.14319807272311,21862.782814030616,1879.8045546804628
2022-03-11,2022,3,ZIMA,22.480339985091025,50.14319807272311,18570.803615072375,1882.5879105884285
2022-03-11,2022,3,ZIMA,22.543222054979392,50.14319807272311,15883.363153205039,1884.3703555548964
2022-03-11,2022,3,ZIMA,22.60610412486776,50.14319807272311,14149.22946280949,1886.2012714805264
2022-03-11,2022,3,ZIMA,22.668986194756126,50.14319807272311,13734.373189309134,1887.9524845022604
2022-03-11,2022,3,ZIMA,22.73186826464449,50.14319807272311,14750.52861257386,1888.1317891699146
2022-03-11,2022,3,ZIMA,22.794750334532857,50.14319807272311,16942.139697664446,1886.122878718111
2022-03-11,2022,3,ZIMA,22.857632404421224,50.14319807272311,19925.037407232725,1883.7848161970903
2022-03-11,2022,3,ZIMA,22.92051447430959,50.14319807272311,23398.52783718368,1887.1576059279037
2022-03-11,2022,3,ZIMA,22.480339985091025,50.20608014261147,24191.94764707279,1883.5953855460848
2022-03-11,2022,3,ZIMA,22.543222054979392,50.20608014261147,22198.610876776278,1881.9372907097336
2022-03-11,2022,3,ZIMA,22.60610412486776,50.20608014261147,20994.430424650796,1881.2921960564277
2022-03-11,2022,3,ZIMA,22.668986194756126,50.20608014261147,20717.470530006434,1882.146819586929
2022-03-11,2022,3,ZIMA,22.73186826464449,50.20608014261147,21403.75483245062,1878.2165030599585
2022-03-11,2022,3,ZIMA,22.794750334532857,50.20608014261147,22967.097983633736,1878.6993091528414
2022-03-11,2022,3,ZIMA,22.41395613970321,49.888168017670196,22706.40747798358,1882.0120836285316
2022-03-11,2022,3,ZIMA,22.476838209591577,49.888168017670196,19480.75930320578,1882.0120778512294
2022-03-11,2022,3,ZIMA,22.539720279479937,49.888168017670196,16856.661256994343,1882.0120945582128
2022-03-11,2022,3,ZIMA,22.602602349368304,49.888168017670196,15149.985508001753,1882.0120827319877
2022-03-11,2022,3,ZIMA,22.66548441925667,49.888168017670196,14684.173014095968,1882.012078613748
2022-03-11,2022,3,ZIMA,22.41395613970321,49.951050087558556,18945.843329364903,1878.2864733759056
2022-03-11,2022,3,ZIMA,22.476838209591577,49.951050087558556,14934.549859498518,1877.9736654897795
2022-03-11,2022,3,ZIMA,22.539720279479937,49.951050087558556,11305.379115158328,1877.3460901784276
2022-03-11,2022,3,ZIMA,22.602602349368304,49.951050087558556,8559.060764349695,1876.706148824745
2022-03-11,2022,3,ZIMA,22.66548441925667,49.951050087558556,7705.741647623598,1877.1019681572507
2022-03-11,2022,3,ZIMA,22.351074069814842,50.01393215744693,21828.821536591644,1874.47462598246
2022-03-11,2022,3,ZIMA,22.41395613970321,50.01393215744693,17324.79130605964,1874.3990646126556
2022-03-11,2022,3,ZIMA,22.476838209591577,50.01393215744693,12822.683789843306,1874.322457308683
2022-03-11,2022,3,ZIMA,22.539720279479937,50.01393215744693,8325.624480766308,1874.1692140426576
2022-03-11,2022,3,ZIMA,22.602602349368304,50.01393215744693,3851.346696989202,1874.0164340998515
2022-03-11,2022,3,ZIMA,22.66548441925667,50.01393215744693,985.8015350103478,1876.3634092633706
2022-03-11,2022,3,ZIMA,22.72836648914504,50.01393215744693,5266.196729728419,1877.389773593301
2022-03-11,2022,3,ZIMA,22.791248559033406,50.01393215744693,9752.73947153321,1877.3897821946134
2022-03-11,2022,3,ZIMA,22.854130628921773,50.01393215744693,14252.054346047837,1877.389768199484
2022-03-11,2022,3,ZIMA,22.91701269881014,50.01393215744693,18754.94945978394,1877.3897716857377
2022-03-11,2022,3,ZIMA,22.979894768698507,50.01393215744693,23259.34329592574,1868.871948671639
2022-03-11,2022,3,ZIMA,22.351074069814842,50.07681422733529,22700.501792017214,1872.5460023221701
2022-03-11,2022,3,ZIMA,22.41395613970321,50.07681422733529,18417.218813231048,1872.5253906249347
2022-03-11,2022,3,ZIMA,22.476838209591577,50.07681422733529,14270.388233904712,1872.5253906250684
2022-03-11,2022,3,ZIMA,22.539720279479937,50.07681422733529,10424.154110168673,1872.5253906250684
2022-03-11,2022,3,ZIMA,22.602602349368304,50.07681422733529,7365.532791719154,1872.696286016172
2022-03-11,2022,3,ZIMA,22.66548441925667,50.07681422733529,6356.742583112903,1877.4539613986985
2022-03-11,2022,3,ZIMA,22.72836648914504,50.07681422733529,8193.543007456652,1877.6875218762432
2022-03-11,2022,3,ZIMA,22.791248559033406,50.07681422733529,11594.360342204443,1877.772149443872
2022-03-11,2022,3,ZIMA,22.854130628921773,50.07681422733529,15565.77285345747,1877.9366699140867
2022-03-11,2022,3,ZIMA,22.91701269881014,50.07681422733529,19766.798421742573,1878.02129042001
2022-03-11,2022,3,ZIMA,22.979894768698507,50.07681422733529,24077.545147176344,1865.8127358165098
2022-03-11,2022,3,ZIMA,22.41395613970321,50.13969629722365,21819.375915890814,1872.7898279652625
2022-03-11,2022,3,ZIMA,22.476838209591577,50.13969629722365,18458.403653713616,1872.6872010131203
2022-03-11,2022,3,ZIMA,22.539720279479937,50.13969629722365,15679.799836738823,1872.483202727326
2022-03-11,2022,3,ZIMA,22.602602349368304,50.13969629722365,13838.91392574409,1869.0578824240063
2022-03-11,2022,3,ZIMA,22.66548441925667,50.13969629722365,13330.070057041166,1862.1711402675517
2022-03-11,2022,3,ZIMA,22.72836648914504,50.13969629722365,14296.213711708167,1860.4576318864135
2022-03-11,2022,3,ZIMA,22.791248559033406,50.13969629722365,16479.94399935908,1859.6132158770627
2022-03-11,2022,3,ZIMA,22.854130628921773,50.13969629722365,19475.91734182427,1859.3173828124716
2022-03-11,2022,3,ZIMA,22.91701269881014,50.13969629722365,22968.458595316493,1859.317382812532
2022-03-11,2022,3,ZIMA,22.476838209591577,50.202578367112025,23992.306860370863,1871.3296861574454
2022-03-11,2022,3,ZIMA,22.539720279479937,50.202578367112025,21929.40319040806,1871.250752887199
2022-03-11,2022,3,ZIMA,22.602602349368304,50.202578367112025,20655.00950680924,1865.599867599002
2022-03-11,2022,3,ZIMA,22.66548441925667,50.202578367112025,20318.040457849766,1862.2319488330534
2022-03-11,2022,3,ZIMA,22.72836648914504,50.202578367112025,20963.748109279233,1863.450123816446
2022-03-11,2022,3,ZIMA,22.791248559033406,50.202578367112025,22507.718449793792,1864.0767103808416
2022-03-11,2022,3,ZIMA,22.854130628921773,50.202578367112025,24782.63156412316,1865.329894544274
2022-03-13,2022,3,ZIMA,22.543222054979392,49.818282396782934,23844.580738967565,1887.7971247842033
2022-03-13,2022,3,ZIMA,22.417457915202657,49.881164466671294,23031.096518731556,1853.3869549242565
2022-03-13,2022,3,ZIMA,22.417457915202657,49.944046536559654,19050.194082674974,1853.3869812830949
2022-03-13,2022,3,ZIMA,22.98339654419796,50.006928606448014,23547.261160031503,1868.9995925605745
2022-03-13,2022,3,ZIMA,22.354575845314294,50.069810676336374,22254.703554634234,1884.2066779907025
2022-03-13,2022,3,ZIMA,22.98339654419796,50.069810676336374,24130.725788332762,1863.771366278931
2022-03-13,2022,3,ZIMA,22.73186826464449,50.13269274622476,13672.280669832127,1863.294921875424
2022-03-13,2022,3,ZIMA,22.794750334532857,50.13269274622476,16012.635344732576,1863.3878173828482
2022-03-13,2022,3,ZIMA,22.857632404421224,50.13269274622476,19141.56780290254,1863.3878470683017
2022-03-13,2022,3,ZIMA,22.60610412486776,50.19557481611312,19843.59108096418,1877.93858723381
2022-03-13,2022,3,ZIMA,22.668986194756126,50.19557481611312,19550.26980713652,1877.9386252516597
2022-03-13,2022,3,ZIMA,22.73186826464449,50.19557481611312,20276.255232597017,1861.378903028409
2022-03-13,2022,3,ZIMA,22.794750334532857,50.19557481611312,21920.506821805833,1861.4775047178878
2022-03-14,2022,3,ZIMA,22.543222054979392,49.818282396782934,23844.580738967565,1861.5911285772297
2022-03-14,2022,3,ZIMA,22.60610412486776,49.818282396782934,22718.528932761306,1864.0064076151893
2022-03-14,2022,3,ZIMA,22.668986194756126,49.818282396782934,22460.758843357904,1866.005313456123
2022-03-14,2022,3,ZIMA,22.73186826464449,49.818282396782934,23100.35486137293,1872.2861594091055
2022-03-14,2022,3,ZIMA,22.794750334532857,49.818282396782934,24567.33080198617,1872.260018644668
2022-03-14,2022,3,ZIMA,22.417457915202657,49.881164466671294,23031.096518731556,1862.8901408958654
2022-03-14,2022,3,ZIMA,22.480339985091025,49.881164466671294,19914.797531770357,1877.0640677397018
2022-03-14,2022,3,ZIMA,22.543222054979392,49.881164466671294,17421.274692648036,1874.666244414775
2022-03-14,2022,3,ZIMA,22.60610412486776,49.881164466671294,15847.281406598506,1878.5081787109657
2022-03-14,2022,3,ZIMA,22.668986194756126,49.881164466671294,15475.967440865885,1878.9259614843202
2022-03-14,2022,3,ZIMA,22.73186826464449,49.881164466671294,16389.27926047518,1883.8713450619869
2022-03-14,2022,3,ZIMA,22.794750334532857,49.881164466671294,18396.87936768486,1887.0130029999011
2022-03-14,2022,3,ZIMA,22.857632404421224,49.881164466671294,21189.99202699651,1890.7763136611134
2022-03-14,2022,3,ZIMA,22.92051447430959,49.881164466671294,24501.433160808512,1880.8412183326755
2022-03-14,2022,3,ZIMA,22.354575845314294,49.944046536559654,23178.636067204665,1872.911249638765
2022-03-14,2022,3,ZIMA,22.417457915202657,49.944046536559654,19050.194082674974,1869.978357510277
2022-03-14,2022,3,ZIMA,22.480339985091025,49.944046536559654,15141.051196505394,1883.59416898319
2022-03-14,2022,3,ZIMA,22.543222054979392,49.944046536559654,11673.64126210208,1882.8708271420298
2022-03-14,2022,3,ZIMA,22.60610412486776,49.944046536559654,9163.917044842108,1880.8829793274092
2022-03-14,2022,3,ZIMA,22.668986194756126,49.944046536559654,8506.56967393002,1880.3841354457666
2022-03-14,2022,3,ZIMA,22.73186826464449,49.944046536559654,10071.089278044556,1882.6404699065404
2022-03-14,2022,3,ZIMA,22.794750334532857,49.944046536559654,13083.306804570208,1887.0535315175591
2022-03-14,2022,3,ZIMA,22.857632404421224,49.944046536559654,16780.941025819608,1885.6839404398638
2022-03-14,2022,3,ZIMA,22.92051447430959,49.944046536559654,20801.632851319795,1881.74658229075
2022-03-14,2022,3,ZIMA,22.354575845314294,50.006928606448014,21618.040770891686,1887.321662627691
2022-03-14,2022,3,ZIMA,22.417457915202657,50.006928606448014,17123.886130947034,1889.4404306451104
2022-03-14,2022,3,ZIMA,22.480339985091025,50.006928606448014,12638.950019411841,1887.4955340206147
2022-03-14,2022,3,ZIMA,22.543222054979392,50.006928606448014,8178.418270760709,1874.9864598085308
2022-03-14,2022,3,ZIMA,22.60610412486776,50.006928606448014,3828.5697965801783,1874.1827346429818
2022-03-14,2022,3,ZIMA,22.668986194756126,50.006928606448014,1748.5319321300367,1873.6302352737218
2022-03-14,2022,3,ZIMA,22.73186826464449,50.006928606448014,5664.34100011555,1884.0984084462855
2022-03-14,2022,3,ZIMA,22.794750334532857,50.006928606448014,10086.631749185417,1884.9816984583413
2022-03-14,2022,3,ZIMA,22.857632404421224,50.006928606448014,14561.02499648593,1871.9884269221452
2022-03-14,2022,3,ZIMA,22.92051447430959,50.006928606448014,19050.84269112359,1875.8215447449186
2022-03-14,2022,3,ZIMA,22.98339654419796,50.006928606448014,23547.261160031503,1876.5244140624711
2022-03-14,2022,3,ZIMA,22.354575845314294,50.069810676336374,22254.703554634234,1887.6082715468976
2022-03-14,2022,3,ZIMA,22.417457915202657,50.069810676336374,17927.26609080291,1883.5408904888259
2022-03-14,2022,3,ZIMA,22.480339985091025,50.069810676336374,13714.105266687462,1879.7840776044743
2022-03-14,2022,3,ZIMA,22.543222054979392,50.069810676336374,9764.291031138966,1875.4936451832878
2022-03-14,2022,3,ZIMA,22.60610412486776,50.069810676336374,6571.229399687279,1880.3568558771951
2022-03-14,2022,3,ZIMA,22.668986194756126,50.069810676336374,5621.002175186564,1880.6508832351499
2022-03-14,2022,3,ZIMA,22.73186826464449,50.069810676336374,7783.641630589393,1884.8684210273993
2022-03-14,2022,3,ZIMA,22.794750334532857,50.069810676336374,11408.307713933447,1885.072510017401
2022-03-14,2022,3,ZIMA,22.857632404421224,50.069810676336374,15501.25262122609,1868.0235189747066
2022-03-14,2022,3,ZIMA,22.92051447430959,50.069810676336374,19773.79626047972,1866.4539996314136
2022-03-14,2022,3,ZIMA,22.98339654419796,50.069810676336374,24130.725788332762,1867.8011221949687
2022-03-14,2022,3,ZIMA,22.417457915202657,50.13269274622476,21151.631610266355,1877.4603996523363
2022-03-14,2022,3,ZIMA,22.480339985091025,50.13269274622476,17727.262098033436,1869.6902746624387
2022-03-14,2022,3,ZIMA,22.543222054979392,50.13269274622476,14887.64579548281,1869.7963316240746
2022-03-14,2022,3,ZIMA,22.60610412486776,50.13269274622476,13021.138631167756,1875.8562969853544
2022-03-14,2022,3,ZIMA,22.668986194756126,50.13269274622476,12569.002778005643,1872.6287856884858
2022-03-14,2022,3,ZIMA,22.73186826464449,50.13269274622476,13672.280669832127,1858.4253745659341
2022-03-14,2022,3,ZIMA,22.794750334532857,50.13269274622476,16012.635344732576,1860.6821203053637
2022-03-14,2022,3,ZIMA,22.857632404421224,50.13269274622476,19141.56780290254,1865.1216411636278
2022-03-14,2022,3,ZIMA,22.92051447430959,50.13269274622476,22735.79955325739,1859.6300311915923
2022-03-14,2022,3,ZIMA,22.480339985091025,50.19557481611312,23200.949158687763,1871.098859821527
2022-03-14,2022,3,ZIMA,22.543222054979392,50.19557481611312,21113.780703731318,1871.723753188517
2022-03-14,2022,3,ZIMA,22.60610412486776,50.19557481611312,19843.59108096418,1873.468237656841
2022-03-14,2022,3,ZIMA,22.668986194756126,50.19557481611312,19550.26980713652,1865.5459216658714
2022-03-14,2022,3,ZIMA,22.73186826464449,50.19557481611312,20276.255232597017,1859.7398512165987
2022-03-14,2022,3,ZIMA,22.794750334532857,50.19557481611312,21920.506821805833,1854.2605094189623
2022-03-14,2022,3,ZIMA,22.857632404421224,50.19557481611312,24297.313099085826,1859.502987806351
2022-03-15,2022,3,ZIMA,22.543222054979392,49.82178417228238,23478.304883595505,1878.664490539676
2022-03-15,2022,3,ZIMA,22.60610412486776,49.82178417228238,22333.87813315335,1866.7741035047293
2022-03-15,2022,3,ZIMA,22.668986194756126,49.82178417228238,22071.635295795553,1868.6507848840556
2022-03-15,2022,3,ZIMA,22.73186826464449,49.82178417228238,22722.14089493877,1882.1953559679205
2022-03-15,2022,3,ZIMA,22.794750334532857,49.82178417228238,24211.93892748119,1882.2038635095519
2022-03-15,2022,3,ZIMA,22.417457915202657,49.88466624217074,22771.25371146151,1887.5916304043415
2022-03-15,2022,3,ZIMA,22.480339985091025,49.88466624217074,19613.959897798166,1887.7927427752793
2022-03-15,2022,3,ZIMA,22.543222054979392,49.88466624217074,17076.76204370946,1879.8985022831748
2022-03-15,2022,3,ZIMA,22.60610412486776,49.88466624217074,15467.873285244448,1876.5840812598815
2022-03-15,2022,3,ZIMA,22.668986194756126,49.88466624217074,15087.252427252262,1881.4441233067814
2022-03-15,2022,3,ZIMA,22.73186826464449,49.88466624217074,16022.671031962454,1886.4961612680613
2022-03-15,2022,3,ZIMA,22.794750334532857,49.88466624217074,18070.905762502578,1883.1221639281243
2022-03-15,2022,3,ZIMA,22.857632404421224,49.88466624217074,20907.42059662668,1875.8880404463184
2022-03-15,2022,3,ZIMA,22.92051447430959,49.88466624217074,24257.241448410692,1882.759485410493
2022-03-15,2022,3,ZIMA,22.354575845314294,49.94754831205911,23038.7393434135,1873.3100090492906
2022-03-15,2022,3,ZIMA,22.417457915202657,49.94754831205911,18880.06549302841,1891.5664960794281
2022-03-15,2022,3,ZIMA,22.480339985091025,49.94754831205911,14926.757659550281,1887.7924160775094
2022-03-15,2022,3,ZIMA,22.543222054979392,49.94754831205911,11394.616865865368,1879.3677808289376
2022-03-15,2022,3,ZIMA,22.60610412486776,49.94754831205911,8805.938382230486,1879.3201124400193
2022-03-15,2022,3,ZIMA,22.668986194756126,49.94754831205911,8119.71329402324,1887.5206540622899
2022-03-15,2022,3,ZIMA,22.73186826464449,49.94754831205911,9746.42254470249,1889.6717888412143
2022-03-15,2022,3,ZIMA,22.794750334532857,49.94754831205911,12834.865990049382,1879.3587315889376
2022-03-15,2022,3,ZIMA,22.857632404421224,49.94754831205911,16587.731984827173,1874.8465522943884
2022-03-15,2022,3,ZIMA,22.92051447430959,49.94754831205911,20645.8191535088,1886.6651296810142
2022-03-15,2022,3,ZIMA,22.354575845314294,50.01043038194747,21594.502837901968,1897.214036593736
2022-03-15,2022,3,ZIMA,22.417457915202657,50.01043038194747,17094.53108890455,1900.4789505969088
2022-03-15,2022,3,ZIMA,22.480339985091025,50.01043038194747,12599.534648372786,1883.7390439869173
2022-03-15,2022,3,ZIMA,22.543222054979392,50.01043038194747,8117.788360441691,1883.2069497311893
2022-03-15,2022,3,ZIMA,22.60610412486776,50.01043038194747,3697.797015521164,1883.1277385554963
2022-03-15,2022,3,ZIMA,22.668986194756126,50.01043038194747,1440.1243037728434,1883.3178882876418
2022-03-15,2022,3,ZIMA,22.73186826464449,50.01043038194747,5576.6701266660275,1876.3240153665586
2022-03-15,2022,3,ZIMA,22.794750334532857,50.01043038194747,10037.408538986583,1873.1920313846756
2022-03-15,2022,3,ZIMA,22.857632404421224,50.01043038194747,14526.694946998776,1881.7364668831426
2022-03-15,2022,3,ZIMA,22.92051447430959,50.01043038194747,19024.328090522504,1885.891298953508
2022-03-15,2022,3,ZIMA,22.98339654419796,50.01043038194747,23525.518975902105,1883.7258761933867
2022-03-15,2022,3,ZIMA,22.354575845314294,50.07331245183585,22354.046447198238,1898.9462500207314
2022-03-15,2022,3,ZIMA,22.417457915202657,50.07331245183585,18050.792026787316,1902.313639514903
2022-03-15,2022,3,ZIMA,22.480339985091025,50.07331245183585,13875.540196588263,1882.9755470830296
2022-03-15,2022,3,ZIMA,22.543222054979392,50.07331245183585,9990.098663853862,1883.2800707544268
2022-03-15,2022,3,ZIMA,22.60610412486776,50.07331245183585,6902.5761455507945,1882.9844346107614
2022-03-15,2022,3,ZIMA,22.668986194756126,50.07331245183585,6005.082267543398,1883.0071439671926
2022-03-15,2022,3,ZIMA,22.73186826464449,50.07331245183585,8065.253034462693,1871.9099732541476
2022-03-15,2022,3,ZIMA,22.794750334532857,50.07331245183585,11602.053204369857,1874.0676183911544
2022-03-15,2022,3,ZIMA,22.857632404421224,50.07331245183585,15644.135070801747,1879.646928197988
2022-03-15,2022,3,ZIMA,22.92051447430959,50.07331245183585,19885.727864106793,1885.9586888584004
2022-03-15,2022,3,ZIMA,22.98339654419796,50.07331245183585,24222.24501644626,1883.04960648155
2022-03-15,2022,3,ZIMA,22.417457915202657,50.13619452172421,21384.215178706392,1873.0382980560537
2022-03-15,2022,3,ZIMA,22.480339985091025,50.13619452172421,18004.40735855913,1872.5247590931945
2022-03-15,2022,3,ZIMA,22.543222054979392,50.13619452172421,15216.820549087257,1874.687588806745
2022-03-15,2022,3,ZIMA,22.60610412486776,50.13619452172421,13396.398279171968,1878.479764865818
2022-03-15,2022,3,ZIMA,22.668986194756126,50.13619452172421,12957.395986301584,1868.3763414251157
2022-03-15,2022,3,ZIMA,22.73186826464449,50.13619452172421,14030.089988961361,1856.37266602474
2022-03-15,2022,3,ZIMA,22.794750334532857,50.13619452172421,16319.055751563907,1862.0153607919804
2022-03-15,2022,3,ZIMA,22.857632404421224,50.13619452172421,19398.41930955135,1869.213204518737
2022-03-15,2022,3,ZIMA,22.92051447430959,50.13619452172421,22952.22525908215,1891.1015899305619
2022-03-15,2022,3,ZIMA,22.480339985091025,50.19907659161257,23529.471228193466,1874.7994085519222
2022-03-15,2022,3,ZIMA,22.543222054979392,50.19907659161257,21474.414467943952,1878.734688783706
2022-03-15,2022,3,ZIMA,22.60610412486776,50.19907659161257,20226.978328446672,1873.8434153665696
2022-03-15,2022,3,ZIMA,22.668986194756126,50.19907659161257,19939.318930371814,1857.8413580785277
2022-03-15,2022,3,ZIMA,22.73186826464449,50.19907659161257,20651.581114353154,1856.6330895375568
2022-03-15,2022,3,ZIMA,22.794750334532857,50.19907659161257,22268.02238322899,1864.414335995072
2022-03-15,2022,3,ZIMA,22.857632404421224,50.19907659161257,24611.127318728886,1868.1606976649866
2022-03-17,2022,3,ZIMA,22.92051447430959,50.01043038194747,19024.328090522504,1901.7939275500312
2022-03-17,2022,3,ZIMA,22.98339654419796,50.01043038194747,23525.518975902105,1901.7939414217192
2022-03-17,2022,3,ZIMA,22.857632404421224,50.07331245183585,15644.135070801747,1901.5803262532115
2022-03-17,2022,3,ZIMA,22.92051447430959,50.07331245183585,19885.727864106793,1901.757987203906
2022-03-17,2022,3,ZIMA,22.98339654419796,50.07331245183585,24222.24501644626,1901.7939453124704
2022-03-17,2022,3,ZIMA,22.794750334532857,50.13619452172421,16319.055751563907,1903.849189651902
2022-03-17,2022,3,ZIMA,22.857632404421224,50.13619452172421,19398.41930955135,1889.9347797750765
2022-03-17,2022,3,ZIMA,22.92051447430959,50.13619452172421,22952.22525908215,1893.7665573060358
2022-03-17,2022,3,ZIMA,22.794750334532857,50.19907659161257,22268.02238322899,1903.8087985170685
2022-03-17,2022,3,ZIMA,22.857632404421224,50.19907659161257,24611.127318728886,1903.064381104295
2022-03-17,2022,3,ZIMA,22.539720279479937,49.82528594778182,23201.70544825267,1861.9627685547478
2022-03-17,2022,3,ZIMA,22.602602349368304,49.82528594778182,21991.435506816804,1866.4199232665958
2022-03-17,2022,3,ZIMA,22.66548441925667,49.82528594778182,21672.749137972056,1882.8538818358677
2022-03-17,2022,3,ZIMA,22.72836648914504,49.82528594778182,22283.930479452825,1882.8538818358966
2022-03-17,2022,3,ZIMA,22.791248559033406,49.82528594778182,23753.31152896916,1882.8538818359332
2022-03-17,2022,3,ZIMA,22.41395613970321,49.888168017670196,22706.40747798358,1877.2526001021147
2022-03-17,2022,3,ZIMA,22.476838209591577,49.888168017670196,19480.75930320578,1880.646208275718
2022-03-17,2022,3,ZIMA,22.539720279479937,49.888168017670196,16856.661256994343,1880.6375260926177
2022-03-17,2022,3,ZIMA,22.602602349368304,49.888168017670196,15149.985508001753,1887.299712492989
2022-03-17,2022,3,ZIMA,22.66548441925667,49.888168017670196,14684.173014095968,1891.9898718655127
2022-03-17,2022,3,ZIMA,22.72836648914504,49.888168017670196,15570.985300933778,1892.004100934553
2022-03-17,2022,3,ZIMA,22.791248559033406,49.888168017670196,17607.217978501372,1892.0112119122298
2022-03-17,2022,3,ZIMA,22.351074069814842,49.951050087558556,23141.39316864803,1865.3384264606216
2022-03-17,2022,3,ZIMA,22.41395613970321,49.951050087558556,18945.843329364903,1891.4115722232775
2022-03-17,2022,3,ZIMA,22.476838209591577,49.951050087558556,14934.549859498518,1891.555576587257
2022-03-17,2022,3,ZIMA,22.539720279479937,49.951050087558556,11305.379115158328,1891.5566665766119
2022-03-17,2022,3,ZIMA,22.602602349368304,49.951050087558556,8559.060764349695,1891.2920756718622
2022-03-17,2022,3,ZIMA,22.66548441925667,49.951050087558556,7705.741647623598,1891.2521979858097
2022-03-17,2022,3,ZIMA,22.72836648914504,49.951050087558556,9283.008823298325,1891.2234923681065
2022-03-17,2022,3,ZIMA,22.791248559033406,49.951050087558556,12395.367071758363,1891.2091288834783
2022-03-17,2022,3,ZIMA,22.854130628921773,49.951050087558556,16179.959316334041,1876.4317620843763
2022-03-17,2022,3,ZIMA,22.91701269881014,49.951050087558556,20263.563929342046,1876.4317561860898
2022-03-17,2022,3,ZIMA,22.979894768698507,49.951050087558556,24497.09820083192,1876.4317719627168
2022-03-17,2022,3,ZIMA,22.351074069814842,50.01393215744693,21828.821536591644,1889.7264404296257
2022-03-17,2022,3,ZIMA,22.41395613970321,50.01393215744693,17324.79130605964,1894.9840087889963
2022-03-17,2022,3,ZIMA,22.476838209591577,50.01393215744693,12822.683789843306,1894.9840087891318
2022-03-17,2022,3,ZIMA,22.539720279479937,50.01393215744693,8325.624480766308,1894.9840087891318
2022-03-17,2022,3,ZIMA,22.602602349368304,50.01393215744693,3851.346696989202,1883.5919189453814
2022-03-17,2022,3,ZIMA,22.66548441925667,50.01393215744693,985.8015350103478,1883.5919189452507
2022-03-17,2022,3,ZIMA,22.72836648914504,50.01393215744693,5266.196729728419,1883.5919189452468
2022-03-17,2022,3,ZIMA,22.791248559033406,50.01393215744693,9752.73947153321,1883.725039889564
2022-03-17,2022,3,ZIMA,22.854130628921773,50.01393215744693,14252.054346047837,1890.1682128905957
2022-03-17,2022,3,ZIMA,22.91701269881014,50.01393215744693,18754.94945978394,1890.1682128906575
2022-03-17,2022,3,ZIMA,22.979894768698507,50.01393215744693,23259.34329592574,1890.1682128905961
2022-03-17,2022,3,ZIMA,22.351074069814842,50.07681422733529,22700.501792017214,1877.0808570243996
2022-03-17,2022,3,ZIMA,22.41395613970321,50.07681422733529,18417.218813231048,1890.3366028166956
2022-03-17,2022,3,ZIMA,22.476838209591577,50.07681422733529,14270.388233904712,1890.3368849944723
2022-03-17,2022,3,ZIMA,22.539720279479937,50.07681422733529,10424.154110168673,1890.3374493493743
2022-03-17,2022,3,ZIMA,22.602602349368304,50.07681422733529,7365.532791719154,1887.5381985199956
2022-03-17,2022,3,ZIMA,22.66548441925667,50.07681422733529,6356.742583112903,1887.5502372892508
2022-03-17,2022,3,ZIMA,22.72836648914504,50.07681422733529,8193.543007456652,1887.574314835482
2022-03-17,2022,3,ZIMA,22.791248559033406,50.07681422733529,11594.360342204443,1885.4577316658767
2022-03-17,2022,3,ZIMA,22.854130628921773,50.07681422733529,15565.77285345747,1877.577103885197
2022-03-17,2022,3,ZIMA,22.91701269881014,50.07681422733529,19766.798421742573,1877.5011507765223
2022-03-17,2022,3,ZIMA,22.979894768698507,50.07681422733529,24077.545147176344,1877.3492162604666
2022-03-17,2022,3,ZIMA,22.41395613970321,50.13969629722365,21819.375915890814,1886.8521071360858
2022-03-17,2022,3,ZIMA,22.476838209591577,50.13969629722365,18458.403653713616,1886.8521330660117
2022-03-17,2022,3,ZIMA,22.539720279479937,50.13969629722365,15679.799836738823,1886.5135254426991
2022-03-17,2022,3,ZIMA,22.602602349368304,50.13969629722365,13838.91392574409,1869.3843577432751
2022-03-17,2022,3,ZIMA,22.66548441925667,50.13969629722365,13330.070057041166,1869.3594734242456
2022-03-17,2022,3,ZIMA,22.72836648914504,50.13969629722365,14296.213711708167,1869.3096875032634
2022-03-17,2022,3,ZIMA,22.791248559033406,50.13969629722365,16479.94399935908,1867.8353783928342
2022-03-17,2022,3,ZIMA,22.854130628921773,50.13969629722365,19475.91734182427,1866.4100092142237
2022-03-17,2022,3,ZIMA,22.91701269881014,50.13969629722365,22968.458595316493,1866.4348163631212
2022-03-17,2022,3,ZIMA,22.476838209591577,50.202578367112025,23992.306860370863,1891.9445207676174
2022-03-17,2022,3,ZIMA,22.539720279479937,50.202578367112025,21929.40319040806,1882.105542385264
2022-03-17,2022,3,ZIMA,22.602602349368304,50.202578367112025,20655.00950680924,1867.9617152523488
2022-03-17,2022,3,ZIMA,22.66548441925667,50.202578367112025,20318.040457849766,1867.975401588892
2022-03-17,2022,3,ZIMA,22.72836648914504,50.202578367112025,20963.748109279233,1867.1228968865018
2022-03-17,2022,3,ZIMA,22.791248559033406,50.202578367112025,22507.718449793792,1854.4706144272652
2022-03-17,2022,3,ZIMA,22.854130628921773,50.202578367112025,24782.63156412316,1854.67666528327
2022-03-18,2022,3,ZIMA,22.539720279479937,49.82528594778182,23201.70544825267,1876.6981016252807
2022-03-18,2022,3,ZIMA,22.602602349368304,49.82528594778182,21991.435506816804,1878.7156416857958
2022-03-18,2022,3,ZIMA,22.66548441925667,49.82528594778182,21672.749137972056,1877.8680705640475
2022-03-18,2022,3,ZIMA,22.72836648914504,49.82528594778182,22283.930479452825,1877.2645830844913
2022-03-18,2022,3,ZIMA,22.791248559033406,49.82528594778182,23753.31152896916,1886.62479179787
2022-03-18,2022,3,ZIMA,22.41395613970321,49.888168017670196,22706.40747798358,1869.9125484739661
2022-03-18,2022,3,ZIMA,22.476838209591577,49.888168017670196,19480.75930320578,1874.8152132470361
2022-03-18,2022,3,ZIMA,22.539720279479937,49.888168017670196,16856.661256994343,1888.1059570312784
2022-03-18,2022,3,ZIMA,22.602602349368304,49.888168017670196,15149.985508001753,1888.245620595709
2022-03-18,2022,3,ZIMA,22.66548441925667,49.888168017670196,14684.173014095968,1888.0006537918036
2022-03-18,2022,3,ZIMA,22.72836648914504,49.888168017670196,15570.985300933778,1889.172203702896
2022-03-18,2022,3,ZIMA,22.791248559033406,49.888168017670196,17607.217978501372,1890.2228235845819
2022-03-18,2022,3,ZIMA,22.854130628921773,49.888168017670196,20452.400205882488,1889.7560320369578
2022-03-18,2022,3,ZIMA,22.91701269881014,49.888168017670196,23818.379582140115,1888.4895634977477
2022-03-18,2022,3,ZIMA,22.351074069814842,49.951050087558556,23141.39316864803,1876.7427722447064
2022-03-18,2022,3,ZIMA,22.41395613970321,49.951050087558556,18945.843329364903,1878.1044921874345
2022-03-18,2022,3,ZIMA,22.476838209591577,49.951050087558556,14934.549859498518,1883.1677871933625
2022-03-18,2022,3,ZIMA,22.539720279479937,49.951050087558556,11305.379115158328,1886.5866681281484
2022-03-18,2022,3,ZIMA,22.602602349368304,49.951050087558556,8559.060764349695,1885.6072624443416
2022-03-18,2022,3,ZIMA,22.66548441925667,49.951050087558556,7705.741647623598,1885.9042254942062
2022-03-18,2022,3,ZIMA,22.72836648914504,49.951050087558556,9283.008823298325,1889.6461213517337
2022-03-18,2022,3,ZIMA,22.791248559033406,49.951050087558556,12395.367071758363,1890.002217254625
2022-03-18,2022,3,ZIMA,22.854130628921773,49.951050087558556,16179.959316334041,1888.6228961640772
2022-03-18,2022,3,ZIMA,22.91701269881014,49.951050087558556,20263.563929342046,1888.342347024799
2022-03-18,2022,3,ZIMA,22.979894768698507,49.951050087558556,24497.09820083192,1887.2121183657862
2022-03-18,2022,3,ZIMA,22.41395613970321,50.01393215744693,17324.79130605964,1885.643829231512
2022-03-18,2022,3,ZIMA,22.476838209591577,50.01393215744693,12822.683789843306,1885.566585368932
2022-03-18,2022,3,ZIMA,22.539720279479937,50.01393215744693,8325.624480766308,1885.4728966512403
2022-03-18,2022,3,ZIMA,22.602602349368304,50.01393215744693,3851.346696989202,1878.027461370567
2022-03-18,2022,3,ZIMA,22.66548441925667,50.01393215744693,985.8015350103478,1877.6210982458895
2022-03-18,2022,3,ZIMA,22.72836648914504,50.01393215744693,5266.196729728419,1886.0442749508622
2022-03-18,2022,3,ZIMA,22.791248559033406,50.01393215744693,9752.73947153321,1886.0036621094116
2022-03-18,2022,3,ZIMA,22.854130628921773,50.01393215744693,14252.054346047837,1896.4202880859077
2022-03-18,2022,3,ZIMA,22.91701269881014,50.01393215744693,18754.94945978394,1895.9497525773236
2022-03-18,2022,3,ZIMA,22.979894768698507,50.01393215744693,23259.34329592574,1884.0069304734645
2022-03-18,2022,3,ZIMA,22.351074069814842,50.07681422733529,22700.501792017214,1879.5119548773046
2022-03-18,2022,3,ZIMA,22.41395613970321,50.07681422733529,18417.218813231048,1884.2774213572998
2022-03-18,2022,3,ZIMA,22.476838209591577,50.07681422733529,14270.388233904712,1885.34234115149
2022-03-18,2022,3,ZIMA,22.539720279479937,50.07681422733529,10424.154110168673,1884.5401150568862
2022-03-18,2022,3,ZIMA,22.602602349368304,50.07681422733529,7365.532791719154,1882.4626464844437
2022-03-18,2022,3,ZIMA,22.66548441925667,50.07681422733529,6356.742583112903,1882.495252887181
2022-03-18,2022,3,ZIMA,22.72836648914504,50.07681422733529,8193.543007456652,1891.4487059258358
2022-03-18,2022,3,ZIMA,22.791248559033406,50.07681422733529,11594.360342204443,1891.112076260353
2022-03-18,2022,3,ZIMA,22.854130628921773,50.07681422733529,15565.77285345747,1883.329596389757
2022-03-18,2022,3,ZIMA,22.91701269881014,50.07681422733529,19766.798421742573,1884.4085340127108
2022-03-18,2022,3,ZIMA,22.979894768698507,50.07681422733529,24077.545147176344,1875.9849921874618
2022-03-18,2022,3,ZIMA,22.41395613970321,50.13969629722365,21819.375915890814,1882.5787353514968
2022-03-18,2022,3,ZIMA,22.476838209591577,50.13969629722365,18458.403653713616,1882.5896125678603
2022-03-18,2022,3,ZIMA,22.539720279479937,50.13969629722365,15679.799836738823,1873.6997914223516
2022-03-18,2022,3,ZIMA,22.602602349368304,50.13969629722365,13838.91392574409,1873.057221415469
2022-03-18,2022,3,ZIMA,22.66548441925667,50.13969629722365,13330.070057041166,1874.3071418673899
2022-03-18,2022,3,ZIMA,22.72836648914504,50.13969629722365,14296.213711708167,1876.6541192438951
2022-03-18,2022,3,ZIMA,22.791248559033406,50.13969629722365,16479.94399935908,1877.4102206611592
2022-03-18,2022,3,ZIMA,22.854130628921773,50.13969629722365,19475.91734182427,1874.6270283883255
2022-03-18,2022,3,ZIMA,22.91701269881014,50.13969629722365,22968.458595316493,1874.3309753248382
2022-03-18,2022,3,ZIMA,22.476838209591577,50.202578367112025,23992.306860370863,1887.3098245635715
2022-03-18,2022,3,ZIMA,22.539720279479937,50.202578367112025,21929.40319040806,1875.7686659803849
2022-03-18,2022,3,ZIMA,22.602602349368304,50.202578367112025,20655.00950680924,1875.3404880915073
2022-03-18,2022,3,ZIMA,22.66548441925667,50.202578367112025,20318.040457849766,1878.1475141011483
2022-03-18,2022,3,ZIMA,22.72836648914504,50.202578367112025,20963.748109279233,1877.64990560685
2022-03-18,2022,3,ZIMA,22.791248559033406,50.202578367112025,22507.718449793792,1876.7168484055364
2022-03-18,2022,3,ZIMA,22.854130628921773,50.202578367112025,24782.63156412316,1876.4213867187207
2022-03-19,2022,3,ZIMA,22.476838209591577,49.82878772328128,24840.737155758936,1881.1464748895307
2022-03-19,2022,3,ZIMA,22.539720279479937,49.82878772328128,22838.397487923925,1874.467479115809
2022-03-19,2022,3,ZIMA,22.602602349368304,49.82878772328128,21607.879344629473,1867.2596229081764
2022-03-19,2022,3,ZIMA,22.66548441925667,49.82878772328128,21283.474214645616,1871.1029101591103
2022-03-19,2022,3,ZIMA,22.72836648914504,49.82878772328128,21905.475030001682,1885.3600608102133
2022-03-19,2022,3,ZIMA,22.791248559033406,49.82878772328128,23398.52992815961,1888.1051294126755
2022-03-19,2022,3,ZIMA,22.41395613970321,49.89166979316964,22456.30680507239,1865.4734063839103
2022-03-19,2022,3,ZIMA,22.476838209591577,49.89166979316964,19188.918575011936,1874.2066687259246
2022-03-19,2022,3,ZIMA,22.539720279479937,49.89166979316964,16518.732804244435,1877.245337279235
2022-03-19,2022,3,ZIMA,22.602602349368304,49.89166979316964,14773.202605880258,1884.3392378074952
2022-03-19,2022,3,ZIMA,22.66548441925667,49.89166979316964,14295.152925645536,1895.4812952996833
2022-03-19,2022,3,ZIMA,22.72836648914504,49.89166979316964,15204.607921898565,1897.396473787424
2022-03-19,2022,3,ZIMA,22.791248559033406,49.89166979316964,17283.916226101166,1897.191127169913
2022-03-19,2022,3,ZIMA,22.854130628921773,49.89166979316964,20174.550366737327,1896.8529744706861
2022-03-19,2022,3,ZIMA,22.91701269881014,49.89166979316964,23579.996593709948,1896.9008956151076
2022-03-19,2022,3,ZIMA,22.351074069814842,49.954551863058015,23014.440143049982,1877.403559423686
2022-03-19,2022,3,ZIMA,22.41395613970321,49.954551863058015,18790.90633496188,1873.6017709729215
2022-03-19,2022,3,ZIMA,22.476838209591577,49.954551863058015,14737.836063439387,1876.6959354365138
2022-03-19,2022,3,ZIMA,22.539720279479937,49.954551863058015,11044.524681605862,1884.661269870697
2022-03-19,2022,3,ZIMA,22.602602349368304,49.954551863058015,8211.662133992431,1888.701356887898
2022-03-19,2022,3,ZIMA,22.66548441925667,49.954551863058015,7318.014281403646,1896.7613232452252
2022-03-19,2022,3,ZIMA,22.72836648914504,49.954551863058015,8963.659557812261,1894.5299035432815
2022-03-19,2022,3,ZIMA,22.791248559033406,49.954551863058015,12157.84452826751,1894.304288304048
2022-03-19,2022,3,ZIMA,22.854130628921773,49.954551863058015,15998.478292087093,1895.3247736343687
2022-03-19,2022,3,ZIMA,22.91701269881014,49.954551863058015,20118.68431084386,1895.1259765625325
2022-03-19,2022,3,ZIMA,22.979894768698507,49.954551863058015,24377.11045020206,1886.3473439687148
2022-03-19,2022,3,ZIMA,22.351074069814842,50.017433932946375,21819.40349570779,1890.8655577191112
2022-03-19,2022,3,ZIMA,22.41395613970321,50.017433932946375,17313.293425055057,1883.0698999763417
2022-03-19,2022,3,ZIMA,22.476838209591577,50.017433932946375,12807.5297766342,1883.0627145820301
2022-03-19,2022,3,ZIMA,22.539720279479937,50.017433932946375,8302.682347468803,1880.99674040916
2022-03-19,2022,3,ZIMA,22.602602349368304,50.017433932946375,3802.018152310728,1886.9402335410073
2022-03-19,2022,3,ZIMA,22.66548441925667,50.017433932946375,771.5446788643594,1885.8884286138018
2022-03-19,2022,3,ZIMA,22.72836648914504,50.017433932946375,5230.139691335777,1892.2508579742369
2022-03-19,2022,3,ZIMA,22.791248559033406,50.017433932946375,9733.065465954944,1892.2470577606332
2022-03-19,2022,3,ZIMA,22.854130628921773,50.017433932946375,14238.322934106585,1896.0300603723683
2022-03-19,2022,3,ZIMA,22.91701269881014,50.017433932946375,18744.228835725135,1893.799972487421
2022-03-19,2022,3,ZIMA,22.979894768698507,50.017433932946375,23250.40391627757,1886.7933032373037
2022-03-19,2022,3,ZIMA,22.351074069814842,50.08031600283475,22811.19063285057,1890.634303139066
2022-03-19,2022,3,ZIMA,22.41395613970321,50.08031600283475,18553.82473886741,1880.7989249943223
2022-03-19,2022,3,ZIMA,22.476838209591577,50.08031600283475,14446.602348739962,1878.2859605146202
2022-03-19,2022,3,ZIMA,22.539720279479937,50.08031600283475,10664.438743851606,1877.4352190941613
2022-03-19,2022,3,ZIMA,22.602602349368304,50.08031600283475,7702.097926248575,1890.3613281250691
2022-03-19,2022,3,ZIMA,22.66548441925667,50.08031600283475,6743.91769338034,1885.7877918580882
2022-03-19,2022,3,ZIMA,22.72836648914504,50.08031600283475,8497.319851244445,1881.3827496170445
2022-03-19,2022,3,ZIMA,22.791248559033406,50.08031600283475,11810.782223463299,1887.9451225214018
2022-03-19,2022,3,ZIMA,22.854130628921773,50.08031600283475,15727.390351983366,1891.7751651416504
2022-03-19,2022,3,ZIMA,22.91701269881014,50.08031600283475,19894.045088736344,1873.3862487919464
2022-03-19,2022,3,ZIMA,22.979894768698507,50.08031600283475,24181.83462217154,1872.4170435014641
2022-03-19,2022,3,ZIMA,22.41395613970321,50.14319807272311,22058.6619386435,1877.8591737574682
2022-03-19,2022,3,ZIMA,22.476838209591577,50.14319807272311,18740.916623506273,1877.3097026428807
2022-03-19,2022,3,ZIMA,22.539720279479937,50.14319807272311,16011.631572550172,1878.0123419709905
2022-03-19,2022,3,ZIMA,22.602602349368304,50.14319807272311,14213.927372003513,1885.3589495761373
2022-03-19,2022,3,ZIMA,22.66548441925667,50.14319807272311,13719.036753017928,1873.9439419718026
2022-03-19,2022,3,ZIMA,22.72836648914504,50.14319807272311,14659.501342324806,1872.2905504423136
2022-03-19,2022,3,ZIMA,22.791248559033406,50.14319807272311,16795.919036102856,1882.3063957617696
2022-03-19,2022,3,ZIMA,22.854130628921773,50.14319807272311,19743.8047625771,1876.5185739488568
2022-03-19,2022,3,ZIMA,22.91701269881014,50.14319807272311,23195.812832411313,1868.5222900828487
2022-03-19,2022,3,ZIMA,22.476838209591577,50.20608014261147,24322.606968156782,1886.5633447077414
2022-03-19,2022,3,ZIMA,22.539720279479937,50.20608014261147,22290.448116895106,1889.8494766904826
2022-03-19,2022,3,ZIMA,22.602602349368304,50.20608014261147,21038.03079767927,1882.9981420806503
2022-03-19,2022,3,ZIMA,22.66548441925667,50.20608014261147,20707.319950047906,1878.1301552152277
2022-03-19,2022,3,ZIMA,22.72836648914504,50.20608014261147,21341.20702658594,1876.9916789519957
2022-03-19,2022,3,ZIMA,22.791248559033406,50.20608014261147,22859.590167124115,1877.4502648912326
2022-03-20,2022,3,ZIMA,22.480339985091025,49.82878772328128,24711.809120294347,1873.0133301639733
2022-03-20,2022,3,ZIMA,22.543222054979392,49.82878772328128,22748.066442999923,1874.3230101558704
2022-03-20,2022,3,ZIMA,22.60610412486776,49.82878772328128,21565.09706289241,1875.1202890786672
2022-03-20,2022,3,ZIMA,22.668986194756126,49.82878772328128,21293.427765337514,1871.9451501788737
2022-03-20,2022,3,ZIMA,22.73186826464449,49.82878772328128,21966.894607487786,1885.7232001183236
2022-03-20,2022,3,ZIMA,22.794750334532857,49.82878772328128,23504.396650112318,1886.7653769609608
2022-03-20,2022,3,ZIMA,22.417457915202657,49.89166979316964,22262.91512756393,1862.6460243296576
2022-03-20,2022,3,ZIMA,22.480339985091025,49.89166979316964,19021.939045588762,1890.9531546162364
2022-03-20,2022,3,ZIMA,22.543222054979392,49.89166979316964,16393.77929599842,1888.7812247071076
2022-03-20,2022,3,ZIMA,22.60610412486776,49.89166979316964,14710.638103227138,1884.7727678889007
2022-03-20,2022,3,ZIMA,22.668986194756126,49.89166979316964,14309.94893217961,1882.6420859626523
2022-03-20,2022,3,ZIMA,22.73186826464449,49.89166979316964,15292.848954922392,1891.769840309438
2022-03-20,2022,3,ZIMA,22.794750334532857,49.89166979316964,17426.783472716856,1890.6125265737712
2022-03-20,2022,3,ZIMA,22.857632404421224,49.89166979316964,20352.87206844864,1885.6635773134528
2022-03-20,2022,3,ZIMA,22.92051447430959,49.89166979316964,23780.476242766938,1876.06926211351
2022-03-20,2022,3,ZIMA,22.354575845314294,49.954551863058015,22776.356876468417,1874.0296422325648
2022-03-20,2022,3,ZIMA,22.417457915202657,49.954551863058015,18559.66253791124,1873.1084773064524
2022-03-20,2022,3,ZIMA,22.480339985091025,49.954551863058015,14520.04361323391,1895.7588002343653
2022-03-20,2022,3,ZIMA,22.543222054979392,49.954551863058015,10856.994445873956,1891.2104459893753
2022-03-20,2022,3,ZIMA,22.60610412486776,49.954551863058015,8098.712783562352,1883.4414067440694
2022-03-20,2022,3,ZIMA,22.668986194756126,49.954551863058015,7346.83768198069,1888.7755922642898
2022-03-20,2022,3,ZIMA,22.73186826464449,49.954551863058015,9112.34475900155,1895.828979492121
2022-03-20,2022,3,ZIMA,22.794750334532857,49.954551863058015,12359.845021672229,1894.338820413959
2022-03-20,2022,3,ZIMA,22.857632404421224,49.954551863058015,16222.479436709024,1889.0431088537416
2022-03-20,2022,3,ZIMA,22.92051447430959,49.954551863058015,20352.983304829497,1882.6840994833155
2022-03-20,2022,3,ZIMA,22.98339654419796,49.954551863058015,24616.882768247455,1882.4369150869672
2022-03-20,2022,3,ZIMA,22.668986194756126,50.017433932946375,1008.6745831835706,1895.1345147152526
2022-03-20,2022,3,ZIMA,22.73186826464449,50.017433932946375,5480.739193284635,1888.7054132863766
2022-03-20,2022,3,ZIMA,22.794750334532857,50.017433932946375,9983.922076715906,1882.958133764176
2022-03-20,2022,3,ZIMA,22.857632404421224,50.017433932946375,14489.236311917515,1882.4744519149922
2022-03-20,2022,3,ZIMA,22.92051447430959,50.017433932946375,18995.163351028874,1878.1186327525552
2022-03-20,2022,3,ZIMA,22.98339654419796,50.017433932946375,23501.34844680935,1879.0318526174672
2022-03-20,2022,3,ZIMA,22.73186826464449,50.20608014261147,21403.75483245062,1865.8568495972486
2022-03-21,2022,3,ZIMA,22.480339985091025,49.82878772328128,24711.809120294347,1870.0522817625947
2022-03-21,2022,3,ZIMA,22.543222054979392,49.82878772328128,22748.066442999923,1871.0207950285157
2022-03-21,2022,3,ZIMA,22.60610412486776,49.82878772328128,21565.09706289241,1876.2019478716568
2022-03-21,2022,3,ZIMA,22.668986194756126,49.82878772328128,21293.427765337514,1875.2383737902264
2022-03-21,2022,3,ZIMA,22.73186826464449,49.82878772328128,21966.894607487786,1878.4343291490873
2022-03-21,2022,3,ZIMA,22.794750334532857,49.82878772328128,23504.396650112318,1887.8915922176127
2022-03-21,2022,3,ZIMA,22.417457915202657,49.89166979316964,22262.91512756393,1875.649240349318
2022-03-21,2022,3,ZIMA,22.480339985091025,49.89166979316964,19021.939045588762,1874.8514011136926
2022-03-21,2022,3,ZIMA,22.543222054979392,49.89166979316964,16393.77929599842,1884.731211107751
2022-03-21,2022,3,ZIMA,22.60610412486776,49.89166979316964,14710.638103227138,1886.948144092703
2022-03-21,2022,3,ZIMA,22.668986194756126,49.89166979316964,14309.94893217961,1886.0905570016823
2022-03-21,2022,3,ZIMA,22.73186826464449,49.89166979316964,15292.848954922392,1892.5354196574604
2022-03-21,2022,3,ZIMA,22.794750334532857,49.89166979316964,17426.783472716856,1892.3590798257371
2022-03-21,2022,3,ZIMA,22.857632404421224,49.89166979316964,20352.87206844864,1891.2452809712067
2022-03-21,2022,3,ZIMA,22.354575845314294,49.954551863058015,22776.356876468417,1880.6712144338371
2022-03-21,2022,3,ZIMA,22.417457915202657,49.954551863058015,18559.66253791124,1878.2172851561845
2022-03-21,2022,3,ZIMA,22.480339985091025,49.954551863058015,14520.04361323391,1881.959828290527
2022-03-21,2022,3,ZIMA,22.543222054979392,49.954551863058015,10856.994445873956,1886.80505709322
2022-03-21,2022,3,ZIMA,22.60610412486776,49.954551863058015,8098.712783562352,1886.9007140262383
2022-03-21,2022,3,ZIMA,22.668986194756126,49.954551863058015,7346.83768198069,1886.9627362780427
2022-03-21,2022,3,ZIMA,22.73186826464449,49.954551863058015,9112.34475900155,1893.1951904296213
2022-03-21,2022,3,ZIMA,22.794750334532857,49.954551863058015,12359.845021672229,1893.0717901229607
2022-03-21,2022,3,ZIMA,22.857632404421224,49.954551863058015,16222.479436709024,1889.7945150891599
2022-03-21,2022,3,ZIMA,22.354575845314294,50.017433932946375,21568.461962262016,1890.1112503999566
2022-03-21,2022,3,ZIMA,22.417457915202657,50.017433932946375,17062.364867746277,1886.6143856350361
2022-03-21,2022,3,ZIMA,22.480339985091025,50.017433932946375,12556.630674141996,1889.217429608087
2022-03-21,2022,3,ZIMA,22.543222054979392,50.017433932946375,8051.874491102406,1888.3819170351196
2022-03-21,2022,3,ZIMA,22.60610412486776,50.017433932946375,3551.828731714459,1886.5249410637869
2022-03-21,2022,3,ZIMA,22.668986194756126,50.017433932946375,1008.6745831835706,1886.5974784608993
2022-03-21,2022,3,ZIMA,22.73186826464449,50.017433932946375,5480.739193284635,1885.3501866340378
2022-03-21,2022,3,ZIMA,22.794750334532857,50.017433932946375,9983.922076715906,1883.9300610000182
2022-03-21,2022,3,ZIMA,22.857632404421224,50.017433932946375,14489.236311917515,1881.8921500853708
2022-03-21,2022,3,ZIMA,22.92051447430959,50.017433932946375,18995.163351028874,1886.1989503044563
2022-03-21,2022,3,ZIMA,22.98339654419796,50.017433932946375,23501.34844680935,1875.572452316035
2022-03-21,2022,3,ZIMA,22.354575845314294,50.08031600283475,22571.593120862584,1882.0207938360134
2022-03-21,2022,3,ZIMA,22.417457915202657,50.08031600283475,18320.20307903207,1881.6104297451907
2022-03-21,2022,3,ZIMA,22.480339985091025,50.08031600283475,14224.935327969335,1884.7040982591745
2022-03-21,2022,3,ZIMA,22.543222054979392,50.08031600283475,10470.614246793919,1885.5189132090593
2022-03-21,2022,3,ZIMA,22.60610412486776,50.08031600283475,7581.877613171757,1881.5210993067024
2022-03-21,2022,3,ZIMA,22.668986194756126,50.08031600283475,6775.102572670169,1884.699313330089
2022-03-21,2022,3,ZIMA,22.73186826464449,50.08031600283475,8653.61621414954,1878.0609068456722
2022-03-21,2022,3,ZIMA,22.794750334532857,50.08031600283475,12018.080216548418,1875.173865727007
2022-03-21,2022,3,ZIMA,22.857632404421224,50.08031600283475,15954.608229179084,1888.5296408775516
2022-03-21,2022,3,ZIMA,22.92051447430959,50.08031600283475,20130.3447882497,1873.4145895594102
2022-03-21,2022,3,ZIMA,22.98339654419796,50.08031600283475,24422.89713923003,1871.1900471491567
2022-03-21,2022,3,ZIMA,22.417457915202657,50.14319807272311,21862.782814030616,1881.1012826304163
2022-03-21,2022,3,ZIMA,22.480339985091025,50.14319807272311,18570.803615072375,1880.9956054686882
2022-03-21,2022,3,ZIMA,22.543222054979392,50.14319807272311,15883.363153205039,1882.0070689623203
2022-03-21,2022,3,ZIMA,22.60610412486776,50.14319807272311,14149.22946280949,1878.079370780652
2022-03-21,2022,3,ZIMA,22.668986194756126,50.14319807272311,13734.373189309134,1877.4683837890009
2022-03-21,2022,3,ZIMA,22.73186826464449,50.14319807272311,14750.52861257386,1863.012060919805
2022-03-21,2022,3,ZIMA,22.794750334532857,50.14319807272311,16942.139697664446,1863.629931656022
2022-03-21,2022,3,ZIMA,22.857632404421224,50.14319807272311,19925.037407232725,1868.1087660509122
2022-03-21,2022,3,ZIMA,22.92051447430959,50.14319807272311,23398.52783718368,1874.0338979071628
2022-03-21,2022,3,ZIMA,22.480339985091025,50.20608014261147,24191.94764707279,1883.9658041996208
2022-03-21,2022,3,ZIMA,22.543222054979392,50.20608014261147,22198.610876776278,1884.6908626624072
2022-03-21,2022,3,ZIMA,22.60610412486776,50.20608014261147,20994.430424650796,1884.047204576137
2022-03-21,2022,3,ZIMA,22.668986194756126,50.20608014261147,20717.470530006434,1880.561328153901
2022-03-21,2022,3,ZIMA,22.73186826464449,50.20608014261147,21403.75483245062,1874.8707086505888
2022-03-21,2022,3,ZIMA,22.794750334532857,50.20608014261147,22967.097983633736,1870.1623707452447
2022-03-22,2022,3,ZIMA,22.480339985091025,49.82878772328128,24711.809120294347,1894.7400427395976
2022-03-22,2022,3,ZIMA,22.543222054979392,49.82878772328128,22748.066442999923,1885.156548673076
2022-03-22,2022,3,ZIMA,22.60610412486776,49.82878772328128,21565.09706289241,1882.518618183107
2022-03-22,2022,3,ZIMA,22.668986194756126,49.82878772328128,21293.427765337514,1884.6306416490615
2022-03-22,2022,3,ZIMA,22.73186826464449,49.82878772328128,21966.894607487786,1898.582801700582
2022-03-22,2022,3,ZIMA,22.794750334532857,49.82878772328128,23504.396650112318,1896.362605920985
2022-03-22,2022,3,ZIMA,22.417457915202657,49.89166979316964,22262.91512756393,1903.6420214993232
2022-03-22,2022,3,ZIMA,22.480339985091025,49.89166979316964,19021.939045588762,1904.0656050807133
2022-03-22,2022,3,ZIMA,22.543222054979392,49.89166979316964,16393.77929599842,1903.694650411502
2022-03-22,2022,3,ZIMA,22.60610412486776,49.89166979316964,14710.638103227138,1903.1278162185924
2022-03-22,2022,3,ZIMA,22.668986194756126,49.89166979316964,14309.94893217961,1902.7959392603527
2022-03-22,2022,3,ZIMA,22.73186826464449,49.89166979316964,15292.848954922392,1900.063135529407
2022-03-22,2022,3,ZIMA,22.794750334532857,49.89166979316964,17426.783472716856,1899.9292869527596
2022-03-22,2022,3,ZIMA,22.857632404421224,49.89166979316964,20352.87206844864,1899.1312345011288
2022-03-22,2022,3,ZIMA,22.92051447430959,49.89166979316964,23780.476242766938,1890.0687069661656
2022-03-22,2022,3,ZIMA,22.354575845314294,49.954551863058015,22776.356876468417,1904.8901967534816
2022-03-22,2022,3,ZIMA,22.417457915202657,49.954551863058015,18559.66253791124,1903.2238218444563
2022-03-22,2022,3,ZIMA,22.480339985091025,49.954551863058015,14520.04361323391,1903.5509812329758
2022-03-22,2022,3,ZIMA,22.543222054979392,49.954551863058015,10856.994445873956,1903.965576647873
2022-03-22,2022,3,ZIMA,22.60610412486776,49.954551863058015,8098.712783562352,1899.0555182935527
2022-03-22,2022,3,ZIMA,22.668986194756126,49.954551863058015,7346.83768198069,1901.5942462268733
2022-03-22,2022,3,ZIMA,22.73186826464449,49.954551863058015,9112.34475900155,1903.1042004610345
2022-03-22,2022,3,ZIMA,22.794750334532857,49.954551863058015,12359.845021672229,1901.6193059476673
2022-03-22,2022,3,ZIMA,22.857632404421224,49.954551863058015,16222.479436709024,1897.848181424308
2022-03-22,2022,3,ZIMA,22.92051447430959,49.954551863058015,20352.983304829497,1890.1369377372096
2022-03-22,2022,3,ZIMA,22.98339654419796,49.954551863058015,24616.882768247455,1893.3879394530954
2022-03-22,2022,3,ZIMA,22.354575845314294,50.017433932946375,21568.461962262016,1912.3498320372871
2022-03-22,2022,3,ZIMA,22.417457915202657,50.017433932946375,17062.364867746277,1908.4690156646284
2022-03-22,2022,3,ZIMA,22.480339985091025,50.017433932946375,12556.630674141996,1905.5576694906695
2022-03-22,2022,3,ZIMA,22.543222054979392,50.017433932946375,8051.874491102406,1902.8744081140055
2022-03-22,2022,3,ZIMA,22.60610412486776,50.017433932946375,3551.828731714459,1904.4679146895514
2022-03-22,2022,3,ZIMA,22.668986194756126,50.017433932946375,1008.6745831835706,1902.7476593919953
2022-03-22,2022,3,ZIMA,22.73186826464449,50.017433932946375,5480.739193284635,1897.0712316623278
2022-03-22,2022,3,ZIMA,22.794750334532857,50.017433932946375,9983.922076715906,1897.5375709489174
2022-03-22,2022,3,ZIMA,22.857632404421224,50.017433932946375,14489.236311917515,1886.1318231726746
2022-03-22,2022,3,ZIMA,22.92051447430959,50.017433932946375,18995.163351028874,1883.9243011509866
2022-03-22,2022,3,ZIMA,22.98339654419796,50.017433932946375,23501.34844680935,1879.8751327842667
2022-03-22,2022,3,ZIMA,22.354575845314294,50.08031600283475,22571.593120862584,1899.9287286966508
2022-03-22,2022,3,ZIMA,22.417457915202657,50.08031600283475,18320.20307903207,1904.768228775278
2022-03-22,2022,3,ZIMA,22.480339985091025,50.08031600283475,14224.935327969335,1890.5281091487386
2022-03-22,2022,3,ZIMA,22.543222054979392,50.08031600283475,10470.614246793919,1889.105420892507
2022-03-22,2022,3,ZIMA,22.60610412486776,50.08031600283475,7581.877613171757,1898.125446429805
2022-03-22,2022,3,ZIMA,22.668986194756126,50.08031600283475,6775.102572670169,1900.12609863275
2022-03-22,2022,3,ZIMA,22.73186826464449,50.08031600283475,8653.61621414954,1899.2669069033172
2022-03-22,2022,3,ZIMA,22.794750334532857,50.08031600283475,12018.080216548418,1876.7576013103028
2022-03-22,2022,3,ZIMA,22.857632404421224,50.08031600283475,15954.608229179084,1876.8822178245996
2022-03-22,2022,3,ZIMA,22.92051447430959,50.08031600283475,20130.3447882497,1879.6626360343591
2022-03-22,2022,3,ZIMA,22.98339654419796,50.08031600283475,24422.89713923003,1881.550398461946
2022-03-22,2022,3,ZIMA,22.417457915202657,50.14319807272311,21862.782814030616,1898.6595903991968
2022-03-22,2022,3,ZIMA,22.480339985091025,50.14319807272311,18570.803615072375,1894.7824545664635
2022-03-22,2022,3,ZIMA,22.543222054979392,50.14319807272311,15883.363153205039,1892.275307655373
2022-03-22,2022,3,ZIMA,22.60610412486776,50.14319807272311,14149.22946280949,1888.832468021825
2022-03-22,2022,3,ZIMA,22.668986194756126,50.14319807272311,13734.373189309134,1891.895753122227
2022-03-22,2022,3,ZIMA,22.73186826464449,50.14319807272311,14750.52861257386,1873.2881357799886
2022-03-22,2022,3,ZIMA,22.794750334532857,50.14319807272311,16942.139697664446,1866.3793159443335
2022-03-22,2022,3,ZIMA,22.857632404421224,50.14319807272311,19925.037407232725,1873.9252521024714
2022-03-22,2022,3,ZIMA,22.92051447430959,50.14319807272311,23398.52783718368,1876.2963058523578
2022-03-22,2022,3,ZIMA,22.480339985091025,50.20608014261147,24191.94764707279,1893.9468115961674
2022-03-22,2022,3,ZIMA,22.543222054979392,50.20608014261147,22198.610876776278,1894.3607448783705
2022-03-22,2022,3,ZIMA,22.60610412486776,50.20608014261147,20994.430424650796,1895.042554105001
2022-03-22,2022,3,ZIMA,22.668986194756126,50.20608014261147,20717.470530006434,1890.7945118922833
2022-03-22,2022,3,ZIMA,22.73186826464449,50.20608014261147,21403.75483245062,1875.1153942838248
2022-03-22,2022,3,ZIMA,22.794750334532857,50.20608014261147,22967.097983633736,1872.206371236253
2022-03-22,2022,3,ZIMA,22.539720279479937,49.82528594778182,23201.70544825267,1865.3020019531853
2022-03-22,2022,3,ZIMA,22.602602349368304,49.82528594778182,21991.435506816804,1865.3020015741804
2022-03-22,2022,3,ZIMA,22.66548441925667,49.82528594778182,21672.749137972056,1865.301989581739
2022-03-22,2022,3,ZIMA,22.41395613970321,49.888168017670196,22706.40747798358,1880.8398209321529
2022-03-22,2022,3,ZIMA,22.476838209591577,49.888168017670196,19480.75930320578,1881.3441257047537
2022-03-22,2022,3,ZIMA,22.539720279479937,49.888168017670196,16856.661256994343,1882.3527159198838
2022-03-22,2022,3,ZIMA,22.602602349368304,49.888168017670196,15149.985508001753,1881.7680178473154
2022-03-22,2022,3,ZIMA,22.351074069814842,49.951050087558556,23141.39316864803,1872.973024632693
2022-03-22,2022,3,ZIMA,22.41395613970321,49.951050087558556,18945.843329364903,1884.1902031893194
2022-03-22,2022,3,ZIMA,22.476838209591577,49.951050087558556,14934.549859498518,1883.9684017886198
2022-03-22,2022,3,ZIMA,22.539720279479937,49.951050087558556,11305.379115158328,1883.5510364952058
2022-03-22,2022,3,ZIMA,22.602602349368304,49.951050087558556,8559.060764349695,1884.3719349529888
2022-03-22,2022,3,ZIMA,22.351074069814842,50.01393215744693,21828.821536591644,1889.7802859815322
2022-03-22,2022,3,ZIMA,22.41395613970321,50.01393215744693,17324.79130605964,1880.5650940481762
2022-03-22,2022,3,ZIMA,22.476838209591577,50.01393215744693,12822.683789843306,1880.6765832337246
2022-03-22,2022,3,ZIMA,22.539720279479937,50.01393215744693,8325.624480766308,1880.899512785978
2022-03-22,2022,3,ZIMA,22.602602349368304,50.01393215744693,3851.346696989202,1879.05039973225
2022-03-22,2022,3,ZIMA,22.66548441925667,50.01393215744693,985.8015350103478,1878.9733071988037
2022-03-22,2022,3,ZIMA,22.72836648914504,50.01393215744693,5266.196729728419,1879.4181801589193
2022-03-22,2022,3,ZIMA,22.791248559033406,50.01393215744693,9752.73947153321,1879.6406505648135
2022-03-22,2022,3,ZIMA,22.854130628921773,50.01393215744693,14252.054346047837,1878.3603204616265
2022-03-22,2022,3,ZIMA,22.91701269881014,50.01393215744693,18754.94945978394,1877.6016547412587
2022-03-22,2022,3,ZIMA,22.979894768698507,50.01393215744693,23259.34329592574,1876.8256210390068
2022-03-22,2022,3,ZIMA,22.351074069814842,50.07681422733529,22700.501792017214,1885.1537396257354
2022-03-22,2022,3,ZIMA,22.41395613970321,50.07681422733529,18417.218813231048,1885.9179687499343
2022-03-22,2022,3,ZIMA,22.476838209591577,50.07681422733529,14270.388233904712,1885.9179687500691
2022-03-22,2022,3,ZIMA,22.539720279479937,50.07681422733529,10424.154110168673,1885.917968750069
2022-03-22,2022,3,ZIMA,22.602602349368304,50.07681422733529,7365.532791719154,1887.0660152758253
2022-03-22,2022,3,ZIMA,22.66548441925667,50.07681422733529,6356.742583112903,1887.0666503905632
2022-03-22,2022,3,ZIMA,22.72836648914504,50.07681422733529,8193.543007456652,1887.0666503905593
2022-03-22,2022,3,ZIMA,22.791248559033406,50.07681422733529,11594.360342204443,1887.0575609859266
2022-03-22,2022,3,ZIMA,22.854130628921773,50.07681422733529,15565.77285345747,1872.2374931297252
2022-03-22,2022,3,ZIMA,22.91701269881014,50.07681422733529,19766.798421742573,1867.790102123036
2022-03-22,2022,3,ZIMA,22.979894768698507,50.07681422733529,24077.545147176344,1868.1837707782174
2022-03-22,2022,3,ZIMA,22.41395613970321,50.13969629722365,21819.375915890814,1880.0723238997173
2022-03-22,2022,3,ZIMA,22.476838209591577,50.13969629722365,18458.403653713616,1879.962940175413
2022-03-22,2022,3,ZIMA,22.539720279479937,50.13969629722365,15679.799836738823,1879.7442065112398
2022-03-22,2022,3,ZIMA,22.602602349368304,50.13969629722365,13838.91392574409,1870.0281791821578
2022-03-22,2022,3,ZIMA,22.66548441925667,50.13969629722365,13330.070057041166,1869.5119541228205
2022-03-22,2022,3,ZIMA,22.72836648914504,50.13969629722365,14296.213711708167,1868.5333805761031
2022-03-22,2022,3,ZIMA,22.791248559033406,50.13969629722365,16479.94399935908,1868.0173062316667
2022-03-22,2022,3,ZIMA,22.854130628921773,50.13969629722365,19475.91734182427,1883.2025961220352
2022-03-22,2022,3,ZIMA,22.91701269881014,50.13969629722365,22968.458595316493,1883.4734551958466
2022-03-22,2022,3,ZIMA,22.476838209591577,50.202578367112025,23992.306860370863,1882.7871188577
2022-03-22,2022,3,ZIMA,22.539720279479937,50.202578367112025,21929.40319040806,1882.6006676137376
2022-03-22,2022,3,ZIMA,22.602602349368304,50.202578367112025,20655.00950680924,1867.7656260358378
2022-03-22,2022,3,ZIMA,22.66548441925667,50.202578367112025,20318.040457849766,1868.0823082162278
2022-03-22,2022,3,ZIMA,22.72836648914504,50.202578367112025,20963.748109279233,1868.7157818598587
2022-03-22,2022,3,ZIMA,22.791248559033406,50.202578367112025,22507.718449793792,1869.032587402986
2022-03-22,2022,3,ZIMA,22.854130628921773,50.202578367112025,24782.63156412316,1875.6609909250758
2022-03-23,2022,3,ZIMA,22.476838209591577,49.82878772328128,24840.737155758936,1877.6435827351368
2022-03-23,2022,3,ZIMA,22.539720279479937,49.82878772328128,22838.397487923925,1881.9517822266234
2022-03-23,2022,3,ZIMA,22.602602349368304,49.82878772328128,21607.879344629473,1880.335502129208
2022-03-23,2022,3,ZIMA,22.66548441925667,49.82878772328128,21283.474214645616,1879.8613281249307
2022-03-23,2022,3,ZIMA,22.72836648914504,49.82878772328128,21905.475030001682,1879.7194762986978
2022-03-23,2022,3,ZIMA,22.791248559033406,49.82878772328128,23398.52992815961,1874.7575793005612
2022-03-23,2022,3,ZIMA,22.41395613970321,49.89166979316964,22456.30680507239,1867.9677387189802
2022-03-23,2022,3,ZIMA,22.476838209591577,49.89166979316964,19188.918575011936,1890.1856189921148
2022-03-23,2022,3,ZIMA,22.539720279479937,49.89166979316964,16518.732804244435,1888.7415725819114
2022-03-23,2022,3,ZIMA,22.602602349368304,49.89166979316964,14773.202605880258,1889.3159073768456
2022-03-23,2022,3,ZIMA,22.66548441925667,49.89166979316964,14295.152925645536,1889.2878082304335
2022-03-23,2022,3,ZIMA,22.72836648914504,49.89166979316964,15204.607921898565,1883.56610678255
2022-03-23,2022,3,ZIMA,22.791248559033406,49.89166979316964,17283.916226101166,1878.042051544861
2022-03-23,2022,3,ZIMA,22.854130628921773,49.89166979316964,20174.550366737327,1878.2281638947115
2022-03-23,2022,3,ZIMA,22.91701269881014,49.89166979316964,23579.996593709948,1878.384680981603
2022-03-23,2022,3,ZIMA,22.351074069814842,49.954551863058015,23014.440143049982,1868.7360376336942
2022-03-23,2022,3,ZIMA,22.41395613970321,49.954551863058015,18790.90633496188,1877.1677487059574
2022-03-23,2022,3,ZIMA,22.476838209591577,49.954551863058015,14737.836063439387,1889.9419823351643
2022-03-23,2022,3,ZIMA,22.539720279479937,49.954551863058015,11044.524681605862,1890.5055895864054
2022-03-23,2022,3,ZIMA,22.602602349368304,49.954551863058015,8211.662133992431,1887.4718512122513
2022-03-23,2022,3,ZIMA,22.66548441925667,49.954551863058015,7318.014281403646,1887.7242627770302
2022-03-23,2022,3,ZIMA,22.72836648914504,49.954551863058015,8963.659557812261,1878.2785051840203
2022-03-23,2022,3,ZIMA,22.791248559033406,49.954551863058015,12157.84452826751,1875.6902653326001
2022-03-23,2022,3,ZIMA,22.854130628921773,49.954551863058015,15998.478292087093,1876.1726736060484
2022-03-23,2022,3,ZIMA,22.91701269881014,49.954551863058015,20118.68431084386,1875.7883784388096
2022-03-23,2022,3,ZIMA,22.979894768698507,49.954551863058015,24377.11045020206,1874.6649183263276
2022-03-23,2022,3,ZIMA,22.351074069814842,50.017433932946375,21819.40349570779,1888.0435908376312
2022-03-23,2022,3,ZIMA,22.41395613970321,50.017433932946375,17313.293425055057,1887.7758739922956
2022-03-23,2022,3,ZIMA,22.476838209591577,50.017433932946375,12807.5297766342,1887.9503215299978
2022-03-23,2022,3,ZIMA,22.539720279479937,50.017433932946375,8302.682347468803,1886.9205089608713
2022-03-23,2022,3,ZIMA,22.602602349368304,50.017433932946375,3802.018152310728,1881.9500732422562
2022-03-23,2022,3,ZIMA,22.66548441925667,50.017433932946375,771.5446788643594,1881.9500732421257
2022-03-23,2022,3,ZIMA,22.72836648914504,50.017433932946375,5230.139691335777,1875.0292885068989
2022-03-23,2022,3,ZIMA,22.791248559033406,50.017433932946375,9733.065465954944,1874.8969911682734
2022-03-23,2022,3,ZIMA,22.854130628921773,50.017433932946375,14238.322934106585,1879.3069054328769
2022-03-23,2022,3,ZIMA,22.91701269881014,50.017433932946375,18744.228835725135,1884.8702191698005
2022-03-23,2022,3,ZIMA,22.979894768698507,50.017433932946375,23250.40391627757,1883.8997974675883
2022-03-23,2022,3,ZIMA,22.351074069814842,50.08031600283475,22811.19063285057,1884.0221487200452
2022-03-23,2022,3,ZIMA,22.41395613970321,50.08031600283475,18553.82473886741,1886.7444797728556
2022-03-23,2022,3,ZIMA,22.476838209591577,50.08031600283475,14446.602348739962,1886.644282946588
2022-03-23,2022,3,ZIMA,22.539720279479937,50.08031600283475,10664.438743851606,1879.3749151671839
2022-03-23,2022,3,ZIMA,22.602602349368304,50.08031600283475,7702.097926248575,1877.7966144238126
2022-03-23,2022,3,ZIMA,22.66548441925667,50.08031600283475,6743.91769338034,1877.8549004238935
2022-03-23,2022,3,ZIMA,22.72836648914504,50.08031600283475,8497.319851244445,1871.7268700823604
2022-03-23,2022,3,ZIMA,22.791248559033406,50.08031600283475,11810.782223463299,1872.1440340582149
2022-03-23,2022,3,ZIMA,22.854130628921773,50.08031600283475,15727.390351983366,1870.7818294599292
2022-03-23,2022,3,ZIMA,22.91701269881014,50.08031600283475,19894.045088736344,1870.4754527598154
2022-03-23,2022,3,ZIMA,22.979894768698507,50.08031600283475,24181.83462217154,1871.0157564142992
2022-03-23,2022,3,ZIMA,22.41395613970321,50.14319807272311,22058.6619386435,1887.9628933683884
2022-03-23,2022,3,ZIMA,22.476838209591577,50.14319807272311,18740.916623506273,1887.890578967831
2022-03-23,2022,3,ZIMA,22.539720279479937,50.14319807272311,16011.631572550172,1875.9786843459726
2022-03-23,2022,3,ZIMA,22.602602349368304,50.14319807272311,14213.927372003513,1876.0602143589363
2022-03-23,2022,3,ZIMA,22.66548441925667,50.14319807272311,13719.036753017928,1874.02794650286
2022-03-23,2022,3,ZIMA,22.72836648914504,50.14319807272311,14659.501342324806,1866.0238923263064
2022-03-23,2022,3,ZIMA,22.791248559033406,50.14319807272311,16795.919036102856,1866.1550315348882
2022-03-23,2022,3,ZIMA,22.854130628921773,50.14319807272311,19743.8047625771,1871.3928964338402
2022-03-23,2022,3,ZIMA,22.91701269881014,50.14319807272311,23195.812832411313,1871.3260375858736
2022-03-23,2022,3,ZIMA,22.476838209591577,50.20608014261147,24322.606968156782,1894.172742676131
2022-03-23,2022,3,ZIMA,22.539720279479937,50.20608014261147,22290.448116895106,1875.5025206497053
2022-03-23,2022,3,ZIMA,22.602602349368304,50.20608014261147,21038.03079767927,1875.197387695381
2022-03-23,2022,3,ZIMA,22.66548441925667,50.20608014261147,20707.319950047906,1871.3454360118872
2022-03-23,2022,3,ZIMA,22.72836648914504,50.20608014261147,21341.20702658594,1870.2006835936847
2022-03-23,2022,3,ZIMA,22.791248559033406,50.20608014261147,22859.590167124115,1870.2006846494319
2022-03-24,2022,3,ZIMA,22.476838209591577,49.82878772328128,24840.737155758936,1888.7049248175554
2022-03-24,2022,3,ZIMA,22.539720279479937,49.82878772328128,22838.397487923925,1877.3981944559105
2022-03-24,2022,3,ZIMA,22.602602349368304,49.82878772328128,21607.879344629473,1885.3271637639505
2022-03-24,2022,3,ZIMA,22.66548441925667,49.82878772328128,21283.474214645616,1886.2917182597298
2022-03-24,2022,3,ZIMA,22.72836648914504,49.82878772328128,21905.475030001682,1881.5038643433295
2022-03-24,2022,3,ZIMA,22.791248559033406,49.82878772328128,23398.52992815961,1881.3992138833926
2022-03-24,2022,3,ZIMA,22.41395613970321,49.89166979316964,22456.30680507239,1876.4644850007476
2022-03-24,2022,3,ZIMA,22.476838209591577,49.89166979316964,19188.918575011936,1886.3333416524333
2022-03-24,2022,3,ZIMA,22.539720279479937,49.89166979316964,16518.732804244435,1886.4491669659267
2022-03-24,2022,3,ZIMA,22.602602349368304,49.89166979316964,14773.202605880258,1899.6547851562784
2022-03-24,2022,3,ZIMA,22.66548441925667,49.89166979316964,14295.152925645536,1896.2657234295639
2022-03-24,2022,3,ZIMA,22.72836648914504,49.89166979316964,15204.607921898565,1890.5573361971678
2022-03-24,2022,3,ZIMA,22.791248559033406,49.89166979316964,17283.916226101166,1891.662051803816
2022-03-24,2022,3,ZIMA,22.854130628921773,49.89166979316964,20174.550366737327,1893.4915097090975
2022-03-24,2022,3,ZIMA,22.91701269881014,49.89166979316964,23579.996593709948,1894.0222969090228
2022-03-24,2022,3,ZIMA,22.351074069814842,49.954551863058015,23014.440143049982,1887.1758702662985
2022-03-24,2022,3,ZIMA,22.41395613970321,49.954551863058015,18790.90633496188,1884.4296130079506
2022-03-24,2022,3,ZIMA,22.476838209591577,49.954551863058015,14737.836063439387,1896.3814629399676
2022-03-24,2022,3,ZIMA,22.539720279479937,49.954551863058015,11044.524681605862,1899.107316217037
2022-03-24,2022,3,ZIMA,22.602602349368304,49.954551863058015,8211.662133992431,1901.6106683469395
2022-03-24,2022,3,ZIMA,22.66548441925667,49.954551863058015,7318.014281403646,1892.847512033376
2022-03-24,2022,3,ZIMA,22.72836648914504,49.954551863058015,8963.659557812261,1890.059653037099
2022-03-24,2022,3,ZIMA,22.791248559033406,49.954551863058015,12157.84452826751,1890.374353244096
2022-03-24,2022,3,ZIMA,22.854130628921773,49.954551863058015,15998.478292087093,1890.6986547696306
2022-03-24,2022,3,ZIMA,22.351074069814842,50.017433932946375,21819.40349570779,1907.3102493288525
2022-03-24,2022,3,ZIMA,22.41395613970321,50.017433932946375,17313.293425055057,1899.1644584553987
2022-03-24,2022,3,ZIMA,22.476838209591577,50.017433932946375,12807.5297766342,1897.9836199755644
2022-03-24,2022,3,ZIMA,22.539720279479937,50.017433932946375,8302.682347468803,1895.9809018397755
2022-03-24,2022,3,ZIMA,22.602602349368304,50.017433932946375,3802.018152310728,1886.5715022599077
2022-03-24,2022,3,ZIMA,22.66548441925667,50.017433932946375,771.5446788643594,1876.8809078782706
2022-03-24,2022,3,ZIMA,22.72836648914504,50.017433932946375,5230.139691335777,1887.0738944682153
2022-03-24,2022,3,ZIMA,22.791248559033406,50.017433932946375,9733.065465954944,1891.033947914478
2022-03-24,2022,3,ZIMA,22.854130628921773,50.017433932946375,14238.322934106585,1891.5692271427001
2022-03-24,2022,3,ZIMA,22.91701269881014,50.017433932946375,18744.228835725135,1890.5482593377733
2022-03-24,2022,3,ZIMA,22.979894768698507,50.017433932946375,23250.40391627757,1868.213767165764
2022-03-24,2022,3,ZIMA,22.351074069814842,50.08031600283475,22811.19063285057,1898.129624499611
2022-03-24,2022,3,ZIMA,22.41395613970321,50.08031600283475,18553.82473886741,1888.2505972750423
2022-03-24,2022,3,ZIMA,22.476838209591577,50.08031600283475,14446.602348739962,1890.0878943170603
2022-03-24,2022,3,ZIMA,22.539720279479937,50.08031600283475,10664.438743851606,1886.4252131501162
2022-03-24,2022,3,ZIMA,22.602602349368304,50.08031600283475,7702.097926248575,1882.493345352768
2022-03-24,2022,3,ZIMA,22.66548441925667,50.08031600283475,6743.91769338034,1882.7112846745893
2022-03-24,2022,3,ZIMA,22.72836648914504,50.08031600283475,8497.319851244445,1873.993018146423
2022-03-24,2022,3,ZIMA,22.791248559033406,50.08031600283475,11810.782223463299,1877.8156597919613
2022-03-24,2022,3,ZIMA,22.854130628921773,50.08031600283475,15727.390351983366,1879.1785790592419
2022-03-24,2022,3,ZIMA,22.91701269881014,50.08031600283475,19894.045088736344,1881.5699178059133
2022-03-24,2022,3,ZIMA,22.979894768698507,50.08031600283475,24181.83462217154,1855.1782226562216
2022-03-24,2022,3,ZIMA,22.41395613970321,50.14319807272311,22058.6619386435,1881.0826766149996
2022-03-24,2022,3,ZIMA,22.476838209591577,50.14319807272311,18740.916623506273,1882.2871310070677
2022-03-24,2022,3,ZIMA,22.539720279479937,50.14319807272311,16011.631572550172,1885.461110368241
2022-03-24,2022,3,ZIMA,22.602602349368304,50.14319807272311,14213.927372003513,1878.1140868948726
2022-03-24,2022,3,ZIMA,22.66548441925667,50.14319807272311,13719.036753017928,1878.7103708687607
2022-03-24,2022,3,ZIMA,22.72836648914504,50.14319807272311,14659.501342324806,1861.9324446880432
2022-03-24,2022,3,ZIMA,22.791248559033406,50.14319807272311,16795.919036102856,1862.4389647353723
2022-03-24,2022,3,ZIMA,22.854130628921773,50.14319807272311,19743.8047625771,1861.9405996788134
2022-03-24,2022,3,ZIMA,22.91701269881014,50.14319807272311,23195.812832411313,1869.0200412015374
2022-03-24,2022,3,ZIMA,22.476838209591577,50.20608014261147,24322.606968156782,1894.312759950509
2022-03-24,2022,3,ZIMA,22.539720279479937,50.20608014261147,22290.448116895106,1886.7687639503542
2022-03-24,2022,3,ZIMA,22.602602349368304,50.20608014261147,21038.03079767927,1875.5247473912777
2022-03-24,2022,3,ZIMA,22.66548441925667,50.20608014261147,20707.319950047906,1875.3292289368853
2022-03-24,2022,3,ZIMA,22.72836648914504,50.20608014261147,21341.20702658594,1875.1851567999615
2022-03-24,2022,3,ZIMA,22.791248559033406,50.20608014261147,22859.590167124115,1864.7479614530293
2022-06-03,2022,6,LATO,22.52571317748213,49.82878772328128,23223.446671401936,1846.0469348974216
2022-06-03,2022,6,LATO,22.588595247370506,49.82878772328128,21807.18193595717,1842.786624601853
2022-06-03,2022,6,LATO,22.651477317258866,49.82878772328128,21273.356297295428,1872.3183888183084
2022-06-03,2022,6,LATO,22.714359387147226,49.82878772328128,21687.22960171284,1874.9133750660706
2022-06-03,2022,6,LATO,22.7772414570356,49.82878772328128,22997.694466962104,1873.5977225310205
2022-06-03,2022,6,LATO,22.399949037705397,49.89166979316964,23240.95435275252,1873.7618512775
2022-06-03,2022,6,LATO,22.46283110759377,49.89166979316964,19874.58844639638,1872.1131670405011
2022-06-03,2022,6,LATO,22.52571317748213,49.89166979316964,17046.454606667296,1866.988412349154
2022-06-03,2022,6,LATO,22.588595247370506,49.89166979316964,15062.835837653478,1862.9911677384648
2022-06-03,2022,6,LATO,22.651477317258866,49.89166979316964,14280.103976491555,1893.1568731785437
2022-06-03,2022,6,LATO,22.714359387147226,49.89166979316964,14888.872887278887,1891.351160445323
2022-06-03,2022,6,LATO,22.7772414570356,49.89166979316964,16737.999220682526,1872.3057054013525
2022-06-03,2022,6,LATO,22.84012352692396,49.89166979316964,19477.365119759223,1871.997377475945
2022-06-03,2022,6,LATO,22.903005596812335,49.89166979316964,22788.153438215097,1865.4332655670491
2022-06-03,2022,6,LATO,22.337066967817037,49.954551863058015,23969.435525253684,1879.7601897721743
2022-06-03,2022,6,LATO,22.399949037705397,49.954551863058015,19720.74564278404,1880.4622802735064
2022-06-03,2022,6,LATO,22.46283110759377,49.954551863058015,15619.017095593703,1874.1080650469396
2022-06-03,2022,6,LATO,22.52571317748213,49.954551863058015,11818.274784255715,1875.039028998471
2022-06-03,2022,6,LATO,22.588595247370506,49.954551863058015,8721.334982744045,1879.9870836806035
2022-06-03,2022,6,LATO,22.651477317258866,49.954551863058015,7288.611985025922,1893.8574220764415
2022-06-03,2022,6,LATO,22.714359387147226,49.954551863058015,8417.717063070771,1892.9602372319287
2022-06-03,2022,6,LATO,22.7772414570356,49.954551863058015,11369.439154365082,1872.6954567780413
2022-06-03,2022,6,LATO,22.84012352692396,49.954551863058015,15111.005369585695,1870.994365104189
2022-06-03,2022,6,LATO,22.903005596812335,49.954551863058015,19185.746581965774,1872.710179835611
2022-06-03,2022,6,LATO,22.965887666700695,49.954551863058015,23420.401230976673,1867.7598855507601
2022-06-03,2022,6,LATO,22.337066967817037,50.017433932946375,22823.174390414948,1892.815929163146
2022-06-03,2022,6,LATO,22.399949037705397,50.017433932946375,18317.01724871943,1890.4176347262144
2022-06-03,2022,6,LATO,22.46283110759377,50.017433932946375,13811.149723168797,1876.0606689453812
2022-06-03,2022,6,LATO,22.52571317748213,50.017433932946375,9305.998011737687,1881.6258565367123
2022-06-03,2022,6,LATO,22.588595247370506,50.017433932946375,4803.5842348637925,1890.9437716099048
2022-06-03,2022,6,LATO,22.651477317258866,50.017433932946375,407.88410091848647,1889.4688041470158
2022-06-03,2022,6,LATO,22.714359387147226,50.017433932946375,4228.174317330404,1873.5954469461453
2022-06-03,2022,6,LATO,22.7772414570356,50.017433932946375,8729.700784173236,1867.6788312826304
2022-06-03,2022,6,LATO,22.84012352692396,50.017433932946375,13234.68855108754,1866.0981210513858
2022-06-03,2022,6,LATO,22.903005596812335,50.017433932946375,17740.49897456052,1866.0981100691984
2022-06-03,2022,6,LATO,22.965887666700695,50.017433932946375,22246.629981672468,1864.863396827289
2022-06-03,2022,6,LATO,22.399949037705397,50.08031600283475,19492.580868106976,1874.0944536070367
2022-06-03,2022,6,LATO,22.46283110759377,50.08031600283475,15342.244635151212,1874.0944873553758
2022-06-03,2022,6,LATO,22.52571317748213,50.08031600283475,11461.860003414893,1883.9976806641314
2022-06-03,2022,6,LATO,22.588595247370506,50.08031600283475,8241.972226046848,1884.8387432559498
2022-06-03,2022,6,LATO,22.651477317258866,50.08031600283475,6712.0844053123365,1894.180314410387
2022-06-03,2022,6,LATO,22.52571317748213,50.14319807272311,16552.739885157756,1883.9976842885083
2022-06-03,2022,6,LATO,22.588595247370506,50.14319807272311,14513.17484725431,1883.9976718411183
2022-06-06,2022,6,LATO,22.714359387147226,49.888168017670196,15262.808710820838,1882.4289649937105
2022-06-06,2022,6,LATO,22.7772414570356,49.888168017670196,17071.603330708916,1882.4289626988614
2022-06-06,2022,6,LATO,22.84012352692396,49.888168017670196,19764.96762440053,1863.2186205403348
2022-06-06,2022,6,LATO,22.903005596812335,49.888168017670196,23034.674909389774,1863.2186175442323
2022-06-06,2022,6,LATO,22.965887666700695,49.951050087558556,23545.194491841612,1878.8127441405961
2022-06-06,2022,6,LATO,22.903005596812335,50.01393215744693,17751.75081067605,1861.2005903904949
2022-06-06,2022,6,LATO,22.965887666700695,50.01393215744693,22255.897973442527,1861.5321307459558
2022-06-06,2022,6,LATO,22.903005596812335,50.07681422733529,18818.8910388129,1861.2005918836612
2022-06-06,2022,6,LATO,22.965887666700695,50.07681422733529,23110.944327591777,1861.200564647069
2022-06-08,2022,6,LATO,22.651477317258866,49.89166979316964,14280.103976491555,1885.4434550544452
2022-06-08,2022,6,LATO,22.714359387147226,49.89166979316964,14888.872887278887,1885.4435012090714
2022-06-08,2022,6,LATO,22.7772414570356,49.89166979316964,16737.999220682526,1869.281101505454
2022-06-08,2022,6,LATO,22.84012352692396,49.89166979316964,19477.365119759223,1866.9833943775584
2022-06-08,2022,6,LATO,22.903005596812335,49.89166979316964,22788.153438215097,1865.8143717979815
2022-06-08,2022,6,LATO,22.651477317258866,49.954551863058015,7288.611985025922,1883.3918547374187
2022-06-08,2022,6,LATO,22.714359387147226,49.954551863058015,8417.717063070771,1885.443353847614
2022-06-08,2022,6,LATO,22.7772414570356,49.954551863058015,11369.439154365082,1879.545178760082
2022-06-08,2022,6,LATO,22.84012352692396,49.954551863058015,15111.005369585695,1869.6854661674897
2022-06-08,2022,6,LATO,22.903005596812335,49.954551863058015,19185.746581965774,1872.325091204467
2022-06-08,2022,6,LATO,22.965887666700695,49.954551863058015,23420.401230976673,1874.2512008243907
2022-06-08,2022,6,LATO,22.651477317258866,50.017433932946375,407.88410091848647,1874.9650834552588
2022-06-08,2022,6,LATO,22.714359387147226,50.017433932946375,4228.174317330404,1874.9651004720733
2022-06-08,2022,6,LATO,22.7772414570356,50.017433932946375,8729.700784173236,1868.3244577690864
2022-06-08,2022,6,LATO,22.84012352692396,50.017433932946375,13234.68855108754,1869.0735549663518
2022-06-08,2022,6,LATO,22.52571317748213,50.20608014261147,22681.750518141413,1876.8148171428547
2022-06-08,2022,6,LATO,22.588595247370506,50.20608014261147,21241.091784175827,1876.814816938176
2022-06-08,2022,6,LATO,22.651477317258866,50.20608014261147,20697.001515397067,1854.5424440336847
2022-06-08,2022,6,LATO,22.714359387147226,50.20608014261147,21118.887757690336,1848.5151995860108
2022-06-08,2022,6,LATO,22.7772414570356,50.20608014261147,22452.364556079265,1846.6994813771946
2022-06-09,2022,6,LATO,22.52571317748213,50.017433932946375,9305.998011737687,1866.7600952446821
2022-06-09,2022,6,LATO,22.588595247370506,50.017433932946375,4803.5842348637925,1866.0686035155597
2022-06-09,2022,6,LATO,22.651477317258866,50.017433932946375,407.88410091848647,1866.0686009684614
2022-06-09,2022,6,LATO,22.714359387147226,50.017433932946375,4228.174317330404,1866.068591880045
2022-06-09,2022,6,LATO,22.46283110759377,50.08031600283475,15342.244635151212,1862.4254009695485
2022-06-09,2022,6,LATO,22.52571317748213,50.08031600283475,11461.860003414893,1865.0863871811403
2022-06-09,2022,6,LATO,22.588595247370506,50.08031600283475,8241.972226046848,1867.6472290607553
2022-06-09,2022,6,LATO,22.651477317258866,50.08031600283475,6712.0844053123365,1870.1790746886104
2022-06-09,2022,6,LATO,22.46283110759377,50.14319807272311,19438.805553159174,1856.9362606118743
2022-06-09,2022,6,LATO,22.52571317748213,50.14319807272311,16552.739885157756,1861.3283642750673
2022-06-09,2022,6,LATO,22.588595247370506,50.14319807272311,14513.17484725431,1863.0758228118548
2022-06-09,2022,6,LATO,22.52571317748213,50.20608014261147,22681.750518141413,1856.6841766490772
2022-06-09,2022,6,LATO,22.588595247370506,50.20608014261147,21241.091784175827,1856.6841672228884
2022-06-13,2022,6,LATO,22.651477317258866,49.82878772328128,21273.356297295428,1855.651470580255
2022-06-13,2022,6,LATO,22.714359387147226,49.82878772328128,21687.22960171284,1855.6431611612732
2022-06-13,2022,6,LATO,22.7772414570356,49.82878772328128,22997.694466962104,1858.6484209504467
2022-06-13,2022,6,LATO,22.588595247370506,49.89166979316964,15062.835837653478,1862.2947532157928
2022-06-13,2022,6,LATO,22.651477317258866,49.89166979316964,14280.103976491555,1861.3316949468106
2022-06-13,2022,6,LATO,22.714359387147226,49.89166979316964,14888.872887278887,1860.6891132952576
2022-06-13,2022,6,LATO,22.7772414570356,49.89166979316964,16737.999220682526,1861.8871707539022
2022-06-13,2022,6,LATO,22.84012352692396,49.89166979316964,19477.365119759223,1862.0063055399687
2022-06-13,2022,6,LATO,22.903005596812335,49.89166979316964,22788.153438215097,1864.4017598984985
2022-06-13,2022,6,LATO,22.52571317748213,49.954551863058015,11818.274784255715,1865.2306975032188
2022-06-13,2022,6,LATO,22.588595247370506,49.954551863058015,8721.334982744045,1865.1218306587027
2022-06-13,2022,6,LATO,22.651477317258866,49.954551863058015,7288.611985025922,1861.9416196173552
2022-06-13,2022,6,LATO,22.714359387147226,49.954551863058015,8417.717063070771,1859.1766560703
2022-06-13,2022,6,LATO,22.7772414570356,49.954551863058015,11369.439154365082,1863.5870205754752
2022-06-13,2022,6,LATO,22.84012352692396,49.954551863058015,15111.005369585695,1864.8152240383374
2022-06-13,2022,6,LATO,22.903005596812335,49.954551863058015,19185.746581965774,1862.866728932925
2022-06-13,2022,6,LATO,22.965887666700695,49.954551863058015,23420.401230976673,1865.1441197921433
2022-06-13,2022,6,LATO,22.399949037705397,50.017433932946375,18317.01724871943,1880.4829384705859
2022-06-13,2022,6,LATO,22.46283110759377,50.017433932946375,13811.149723168797,1869.5712904014315
2022-06-13,2022,6,LATO,22.52571317748213,50.017433932946375,9305.998011737687,1865.579658337457
2022-06-13,2022,6,LATO,22.588595247370506,50.017433932946375,4803.5842348637925,1863.8643679553459
2022-06-13,2022,6,LATO,22.651477317258866,50.017433932946375,407.88410091848647,1852.1236903210572
2022-06-13,2022,6,LATO,22.714359387147226,50.017433932946375,4228.174317330404,1852.2831697645254
2022-06-13,2022,6,LATO,22.7772414570356,50.017433932946375,8729.700784173236,1864.9523227922286
2022-06-13,2022,6,LATO,22.84012352692396,50.017433932946375,13234.68855108754,1861.5275509024411
2022-06-13,2022,6,LATO,22.903005596812335,50.017433932946375,17740.49897456052,1859.184326171907
2022-06-13,2022,6,LATO,22.965887666700695,50.017433932946375,22246.629981672468,1854.6255787405614
2022-06-13,2022,6,LATO,22.337066967817037,50.08031600283475,23771.891645147887,1869.1246715167958
2022-06-13,2022,6,LATO,22.399949037705397,50.08031600283475,19492.580868106976,1871.1132496101923
2022-06-13,2022,6,LATO,22.46283110759377,50.08031600283475,15342.244635151212,1876.703893976599
2022-06-13,2022,6,LATO,22.52571317748213,50.08031600283475,11461.860003414893,1868.2197265625684
2022-06-13,2022,6,LATO,22.588595247370506,50.08031600283475,8241.972226046848,1867.474806101689
2022-06-13,2022,6,LATO,22.651477317258866,50.08031600283475,6712.0844053123365,1861.247013863913
2022-06-13,2022,6,LATO,22.714359387147226,50.08031600283475,7920.855163367692,1857.6274648657018
2022-06-13,2022,6,LATO,22.7772414570356,50.08031600283475,10999.722341771127,1855.2532943626156
2022-06-13,2022,6,LATO,22.84012352692396,50.08031600283475,14826.124051878794,1857.6384147058563
2022-06-13,2022,6,LATO,22.903005596812335,50.08031600283475,18952.573284894253,1857.6384270745943
2022-06-13,2022,6,LATO,22.399949037705397,50.14319807272311,22852.879672009276,1863.066953238226
2022-06-13,2022,6,LATO,22.46283110759377,50.14319807272311,19438.805553159174,1871.00208847522
2022-06-13,2022,6,LATO,22.52571317748213,50.14319807272311,16552.739885157756,1872.7416770147734
2022-06-13,2022,6,LATO,22.588595247370506,50.14319807272311,14513.17484725431,1864.2508044112706
2022-06-13,2022,6,LATO,22.651477317258866,50.14319807272311,13703.436830989558,1864.4073336310598
2022-06-13,2022,6,LATO,22.714359387147226,50.14319807272311,14333.488304196197,1865.1678684384624
2022-06-13,2022,6,LATO,22.7772414570356,50.14319807272311,16236.577883901686,1855.2533149726657
2022-06-13,2022,6,LATO,22.46283110759377,50.20608014261147,24863.616912715534,1875.3686224406927
2022-06-13,2022,6,LATO,22.52571317748213,50.20608014261147,22681.750518141413,1865.6588417698472
2022-06-13,2022,6,LATO,22.588595247370506,50.20608014261147,21241.091784175827,1861.4098484326732
2022-06-13,2022,6,LATO,22.651477317258866,50.20608014261147,20697.001515397067,1860.9976439588888
2022-06-19,2022,6,LATO,22.52571317748213,49.82878772328128,23223.446671401936,1837.8011948612927
2022-06-19,2022,6,LATO,22.651477317258866,49.82878772328128,21273.356297295428,1848.3349220598577
2022-06-19,2022,6,LATO,22.714359387147226,49.82878772328128,21687.22960171284,1853.887771278065
2022-06-19,2022,6,LATO,22.7772414570356,49.82878772328128,22997.694466962104,1854.7486475530395
2022-06-19,2022,6,LATO,22.399949037705397,49.89166979316964,23240.95435275252,1845.704833269116
2022-06-19,2022,6,LATO,22.46283110759377,49.89166979316964,19874.58844639638,1845.7048233447633
2022-06-19,2022,6,LATO,22.651477317258866,49.89166979316964,14280.103976491555,1857.215204626242
2022-06-19,2022,6,LATO,22.714359387147226,49.89166979316964,14888.872887278887,1857.2152118941415
2022-06-19,2022,6,LATO,22.7772414570356,49.89166979316964,16737.999220682526,1837.3461581241093
2022-06-19,2022,6,LATO,22.84012352692396,49.89166979316964,19477.365119759223,1831.4702169607283
2022-06-19,2022,6,LATO,22.903005596812335,49.89166979316964,22788.153438215097,1838.7105106361241
2022-06-19,2022,6,LATO,22.337066967817037,49.954551863058015,23969.435525253684,1847.4837154133177
2022-06-19,2022,6,LATO,22.399949037705397,49.954551863058015,19720.74564278404,1846.8992493756937
2022-06-19,2022,6,LATO,22.46283110759377,49.954551863058015,15619.017095593703,1845.8000617162875
2022-06-19,2022,6,LATO,22.714359387147226,49.954551863058015,8417.717063070771,1857.2152074564503
2022-06-19,2022,6,LATO,22.84012352692396,49.954551863058015,15111.005369585695,1839.8035713404277
2022-06-19,2022,6,LATO,22.903005596812335,49.954551863058015,19185.746581965774,1839.9043054013855
2022-06-19,2022,6,LATO,22.965887666700695,49.954551863058015,23420.401230976673,1840.4078869887155
2022-06-19,2022,6,LATO,22.337066967817037,50.017433932946375,22823.174390414948,1847.6817854504081
2022-06-19,2022,6,LATO,22.399949037705397,50.017433932946375,18317.01724871943,1847.18518066413
2022-06-19,2022,6,LATO,22.84012352692396,50.017433932946375,13234.68855108754,1837.6946985680268
2022-06-19,2022,6,LATO,22.903005596812335,50.017433932946375,17740.49897456052,1837.69470288676
2022-06-19,2022,6,LATO,22.965887666700695,50.017433932946375,22246.629981672468,1837.694656545112
2022-06-19,2022,6,LATO,22.337066967817037,50.08031600283475,23771.891645147887,1850.5515113968877
2022-06-19,2022,6,LATO,22.399949037705397,50.08031600283475,19492.580868106976,1850.6828391331746
2022-06-19,2022,6,LATO,22.399949037705397,50.14319807272311,22852.879672009276,1850.4539127918902
2022-06-20,2022,6,LATO,22.52921495298159,49.82878772328128,23123.684153430204,1839.0617495905246
2022-06-20,2022,6,LATO,22.59209702286995,49.82878772328128,21753.167891833564,1840.7291993202828
2022-06-20,2022,6,LATO,22.654979092758325,49.82878772328128,21271.427971378584,1845.8379242211888
2022-06-20,2022,6,LATO,22.717861162646685,49.82878772328128,21737.633674997764,1847.7304043736378
2022-06-20,2022,6,LATO,22.780743232535045,49.82878772328128,23094.44903375016,1848.0582032607554
2022-06-20,2022,6,LATO,22.403450813204856,49.89166979316964,23043.186778715266,1858.1790955814045
2022-06-20,2022,6,LATO,22.466332883093216,49.89166979316964,19700.60041263669,1858.1726642262388
2022-06-20,2022,6,LATO,22.52921495298159,49.89166979316964,16910.467245561413,1858.1470073108237
2022-06-20,2022,6,LATO,22.59209702286995,49.89166979316964,14984.632301327198,1855.7495754560982
2022-06-20,2022,6,LATO,22.654979092758325,49.89166979316964,14277.234881417222,1851.089597771009
2022-06-20,2022,6,LATO,22.717861162646685,49.89166979316964,14962.101662012434,1851.9691162109652
2022-06-20,2022,6,LATO,22.780743232535045,49.89166979316964,16870.520488444283,1849.6102093686532
2022-06-20,2022,6,LATO,22.84362530242342,49.89166979316964,19649.160104581722,1866.3226227858581
2022-06-20,2022,6,LATO,22.90650737231178,49.89166979316964,22984.550710999814,1862.8504641438292
2022-06-20,2022,6,LATO,22.34056874331648,49.954551863058015,23730.303395653747,1845.8238698323942
2022-06-20,2022,6,LATO,22.403450813204856,49.954551863058015,19487.590975906383,1853.4824520927982
2022-06-20,2022,6,LATO,22.466332883093216,49.954551863058015,15397.305899833966,1856.5199476850846
2022-06-20,2022,6,LATO,22.52921495298159,49.954551863058015,11621.52742801706,1858.1751554778502
2022-06-20,2022,6,LATO,22.59209702286995,49.954551863058015,8585.739105706874,1853.441451590214
2022-06-20,2022,6,LATO,22.654979092758325,49.954551863058015,7282.996464636708,1846.9187738394494
2022-06-20,2022,6,LATO,22.717861162646685,49.954551863058015,8546.407014340726,1848.0339424471817
2022-06-20,2022,6,LATO,22.780743232535045,49.954551863058015,11563.39959417523,1852.2187730766484
2022-06-20,2022,6,LATO,22.84362530242342,49.954551863058015,15331.519629385028,1857.2389419262863
2022-06-20,2022,6,LATO,22.90650737231178,49.954551863058015,19418.311560371767,1862.5481649522767
2022-06-20,2022,6,LATO,22.969389442200153,49.954551863058015,23659.207083204412,1861.2365455116567
2022-06-20,2022,6,LATO,22.34056874331648,50.017433932946375,22572.230985439637,1857.288704775888
2022-06-20,2022,6,LATO,22.403450813204856,50.017433932946375,18066.08493467374,1852.0072636481348
2022-06-20,2022,6,LATO,22.466332883093216,50.017433932946375,13560.241468417575,1851.6464956861414
2022-06-20,2022,6,LATO,22.52921495298159,50.017433932946375,9055.157860934964,1853.3289309595484
2022-06-20,2022,6,LATO,22.59209702286995,50.017433932946375,4553.098125113467,1853.7772871904335
2022-06-20,2022,6,LATO,22.654979092758325,50.017433932946375,290.9442965550448,1854.711445227868
2022-06-20,2022,6,LATO,22.717861162646685,50.017433932946375,4478.586244782535,1855.0308865697907
2022-06-20,2022,6,LATO,22.780743232535045,50.017433932946375,8980.531654212778,1853.734410350938
2022-06-20,2022,6,LATO,22.84362530242342,50.017433932946375,13485.594062941023,1851.6674804687216
2022-06-20,2022,6,LATO,22.90650737231178,50.017433932946375,17991.430140098637,1851.8212719075893
2022-06-20,2022,6,LATO,22.969389442200153,50.017433932946375,22497.572808051387,1841.0442580061215
2022-06-20,2022,6,LATO,22.34056874331648,50.08031600283475,23531.38389392902,1849.7763837986606
2022-06-20,2022,6,LATO,22.403450813204856,50.08031600283475,19257.282604473337,1860.4482086959122
2022-06-20,2022,6,LATO,22.466332883093216,50.08031600283475,15117.067528998386,1854.3067319865804
2022-06-20,2022,6,LATO,22.52921495298159,50.08031600283475,11259.419921760236,1844.4449851243571
2022-06-20,2022,6,LATO,22.59209702286995,50.08031600283475,8098.731703513343,1844.85962209268
2022-06-20,2022,6,LATO,22.654979092758325,50.08031600283475,6706.002028970861,1846.5708808887573
2022-06-20,2022,6,LATO,22.717861162646685,50.08031600283475,8057.131528176884,1848.7952763078208
2022-06-20,2022,6,LATO,22.780743232535045,50.08031600283475,11199.569652326369,1852.2312038760952
2022-06-20,2022,6,LATO,22.84362530242342,50.08031600283475,15050.231414787298,1853.0677701150973
2022-06-20,2022,6,LATO,22.90650737231178,50.08031600283475,19187.35473285885,1845.4689689549587
2022-06-20,2022,6,LATO,22.969389442200153,50.08031600283475,23459.8719463774,1844.8591583214916
2022-06-20,2022,6,LATO,22.403450813204856,50.14319807272311,22652.776181458365,1849.1523363625129
2022-06-20,2022,6,LATO,22.466332883093216,50.14319807272311,19261.81207908881,1848.6094705138853
2022-06-20,2022,6,LATO,22.52921495298159,50.14319807272311,16413.394809788806,1844.1933632303208
2022-06-20,2022,6,LATO,22.59209702286995,50.14319807272311,14432.41702274868,1843.8939082937538
2022-06-20,2022,6,LATO,22.654979092758325,50.14319807272311,13700.462542803412,1844.4769524922551
2022-06-20,2022,6,LATO,22.717861162646685,50.14319807272311,14409.144847811807,1843.1837869704732
2022-06-20,2022,6,LATO,22.780743232535045,50.14319807272311,16372.449865157329,1846.8180542840794
2022-06-20,2022,6,LATO,22.84362530242342,50.14319807272311,19209.471110313178,1844.7161656613328
2022-06-20,2022,6,LATO,22.90650737231178,50.14319807272311,22593.4378995992,1843.0336852019109
2022-06-20,2022,6,LATO,22.466332883093216,50.20608014261147,24725.668418538902,1852.598455904195
2022-06-20,2022,6,LATO,22.52921495298159,50.20608014261147,22580.39340326739,1851.2715780353683
2022-06-20,2022,6,LATO,22.59209702286995,50.20608014261147,21186.06765317841,1850.9690366743112
2022-06-20,2022,6,LATO,22.654979092758325,50.20608014261147,20695.034946995864,1852.5710035176216
2022-06-20,2022,6,LATO,22.717861162646685,50.20608014261147,21170.241777233572,1849.9071225008809
2022-06-20,2022,6,LATO,22.780743232535045,50.20608014261147,22550.687644882495,1847.4729574779692
2022-06-20,2022,6,LATO,22.84362530242342,50.20608014261147,24684.969053624438,1843.8006224490173
2022-06-20,2022,6,LATO,22.522211401982673,49.82528594778182,23681.36397288888,1817.6152456373823
2022-06-20,2022,6,LATO,22.585093471871062,49.82528594778182,22243.113603917147,1828.58581644266
2022-06-20,2022,6,LATO,22.647975541759422,49.82528594778182,21667.624483433796,1832.6618370297529
2022-06-20,2022,6,LATO,22.710857611647782,49.82528594778182,22022.63564934791,1832.6617431641218
2022-06-20,2022,6,LATO,22.773739681536142,49.82528594778182,23265.591203190193,1832.6617431640582
2022-06-20,2022,6,LATO,22.396447262205953,49.888168017670196,23679.53220215283,1827.3588939060326
2022-06-20,2022,6,LATO,22.459329332094313,49.888168017670196,20329.756512475342,1827.5595689106062
2022-06-20,2022,6,LATO,22.522211401982673,49.888168017670196,17510.161048962553,1827.8304963993544
2022-06-20,2022,6,LATO,22.585093471871062,49.888168017670196,15512.59120345802,1835.717218299746
2022-06-20,2022,6,LATO,22.647975541759422,49.888168017670196,14676.618170674585,1836.206002328095
2022-06-20,2022,6,LATO,22.710857611647782,49.888168017670196,15195.180964942992,1836.3512338832943
2022-06-20,2022,6,LATO,22.773739681536142,49.888168017670196,16944.37306082622,1836.6399191343528
2022-06-20,2022,6,LATO,22.836621751424502,49.888168017670196,19597.3983523426,1836.7807853004585
2022-06-20,2022,6,LATO,22.89950382131289,49.888168017670196,22841.459391951477,1837.053820165044
2022-06-20,2022,6,LATO,22.333565192317593,49.951050087558556,24329.616153798765,1828.9215087890025
2022-06-20,2022,6,LATO,22.396447262205953,49.951050087558556,20100.38885914841,1828.928407419403
2022-06-20,2022,6,LATO,22.459329332094313,49.951050087558556,16024.852730089931,1829.1727548281212
2022-06-20,2022,6,LATO,22.522211401982673,49.951050087558556,12257.290210877267,1830.2704193294917
2022-06-20,2022,6,LATO,22.585093471871062,49.951050087558556,9184.85227776162,1837.3815862480435
2022-06-20,2022,6,LATO,22.647975541759422,49.951050087558556,7691.354015338403,1837.4114427947745
2022-06-20,2022,6,LATO,22.710857611647782,49.951050087558556,8638.703832302734,1837.426495450795
2022-06-20,2022,6,LATO,22.773739681536142,49.951050087558556,11435.580416255929,1837.455950335036
2022-06-20,2022,6,LATO,22.836621751424502,49.951050087558556,15086.182423455777,1837.4710109211478
2022-06-20,2022,6,LATO,22.89950382131289,49.951050087558556,19107.284311362495,1837.1745235719525
2022-06-20,2022,6,LATO,22.96238589120125,49.951050087558556,23307.908975838698,1836.8419970979196
2022-06-20,2022,6,LATO,22.333565192317593,50.01393215744693,23083.11301727658,1835.0521534144198
2022-06-20,2022,6,LATO,22.396447262205953,50.01393215744693,18578.759884169915,1835.2953802325417
2022-06-20,2022,6,LATO,22.459329332094313,50.01393215744693,14075.95044439272,1835.7999433090115
2022-06-20,2022,6,LATO,22.522211401982673,50.01393215744693,9576.867796616025,1835.2534700252024
2022-06-20,2022,6,LATO,22.585093471871062,50.01393215744693,5091.408622525803,1833.4896240233736
2022-06-20,2022,6,LATO,22.647975541759422,50.01393215744693,866.3511802528575,1833.4896240233772
2022-06-20,2022,6,LATO,22.710857611647782,50.01393215744693,4025.018780650662,1833.441771601248
2022-06-20,2022,6,LATO,22.773739681536142,50.01393215744693,8501.357094265071,1833.107713354183
2022-06-20,2022,6,LATO,22.836621751424502,50.01393215744693,12998.746538427782,1832.9380565118295
2022-06-20,2022,6,LATO,22.89950382131289,50.01393215744693,17500.96354848801,1832.338471126072
2022-06-20,2022,6,LATO,22.96238589120125,50.01393215744693,22005.04296736069,1831.6859901651592
2022-06-20,2022,6,LATO,22.333565192317593,50.07681422733529,23907.569888610113,1841.0144010815332
2022-06-20,2022,6,LATO,22.396447262205953,50.07681422733529,19599.92593923184,1841.484251595561
2022-06-20,2022,6,LATO,22.459329332094313,50.07681422733529,15404.905898963934,1842.4240923850043
2022-06-20,2022,6,LATO,22.522211401982673,50.07681422733529,11447.012777359685,1837.1450528797882
2022-06-20,2022,6,LATO,22.585093471871062,50.07681422733529,8082.458111143529,1830.9455894940818
2022-06-20,2022,6,LATO,22.647975541759422,50.07681422733529,6339.339550752154,1830.6062827023002
2022-06-20,2022,6,LATO,22.710857611647782,50.07681422733529,7457.693136480863,1830.4902512583988
2022-06-20,2022,6,LATO,22.773739681536142,50.07681422733529,10564.855663217462,1830.486694335973
2022-06-20,2022,6,LATO,22.836621751424502,50.07681422733529,14428.590933221798,1830.482067686472
2022-06-20,2022,6,LATO,22.89950382131289,50.07681422733529,18582.821913780223,1828.866759124247
2022-06-20,2022,6,LATO,22.96238589120125,50.07681422733529,22869.78714046843,1828.5635453509956
2022-06-20,2022,6,LATO,22.396447262205953,50.13969629722365,22825.193638328336,1833.3733730581087
2022-06-20,2022,6,LATO,22.459329332094313,50.13969629722365,19347.75752602648,1834.8005878069043
2022-06-20,2022,6,LATO,22.522211401982673,50.13969629722365,16376.749170433397,1822.0406538327002
2022-06-20,2022,6,LATO,22.585093471871062,50.13969629722365,14232.922355812683,1817.2383157362804
2022-06-20,2022,6,LATO,22.647975541759422,50.13969629722365,13321.790660787445,1816.4270051719716
2022-06-20,2022,6,LATO,22.710857611647782,50.13969629722365,13888.119460013195,1816.0125930707734
2022-06-20,2022,6,LATO,22.773739681536142,50.13969629722365,15773.567700958482,1815.1837657977585
2022-06-20,2022,6,LATO,22.836621751424502,50.13969629722365,18580.82277687495,1814.7862184691867
2022-06-20,2022,6,LATO,22.89950382131289,50.13969629722365,21959.1545111056,1834.115725783533
2022-06-20,2022,6,LATO,22.459329332094313,50.202578367112025,24682.1741638461,1837.324951171942
2022-06-20,2022,6,LATO,22.522211401982673,50.202578367112025,22432.36943251115,1818.9016130608225
2022-06-20,2022,6,LATO,22.585093471871062,50.202578367112025,20920.69442027158,1819.0862861726428
2022-06-20,2022,6,LATO,22.647975541759422,50.202578367112025,20312.61666803342,1821.0939176787024
2022-06-20,2022,6,LATO,22.710857611647782,50.202578367112025,20687.96636917898,1822.0977402776145
2022-06-20,2022,6,LATO,22.773739681536142,50.202578367112025,21996.458114033663,1824.0630399360234
2022-06-20,2022,6,LATO,22.836621751424502,50.202578367112025,24086.493055300405,1825.066862553523
2022-06-25,2022,6,LATO,22.588595247370506,49.82878772328128,21807.18193595717,1865.1918844240627
2022-06-25,2022,6,LATO,22.651477317258866,49.82878772328128,21273.356297295428,1867.3595741328809
2022-06-25,2022,6,LATO,22.714359387147226,49.82878772328128,21687.22960171284,1870.030326599184
2022-06-25,2022,6,LATO,22.7772414570356,49.82878772328128,22997.694466962104,1870.1762148174791
2022-06-25,2022,6,LATO,22.399949037705397,49.89166979316964,23240.95435275252,1872.4091173584538
2022-06-25,2022,6,LATO,22.46283110759377,49.89166979316964,19874.58844639638,1871.873043605694
2022-06-25,2022,6,LATO,22.52571317748213,49.89166979316964,17046.454606667296,1871.2570144292583
2022-06-25,2022,6,LATO,22.588595247370506,49.89166979316964,15062.835837653478,1869.3944283120072
2022-06-25,2022,6,LATO,22.651477317258866,49.89166979316964,14280.103976491555,1870.4109959033774
2022-06-25,2022,6,LATO,22.714359387147226,49.89166979316964,14888.872887278887,1869.8271189744394
2022-06-25,2022,6,LATO,22.7772414570356,49.89166979316964,16737.999220682526,1872.496879046798
2022-06-25,2022,6,LATO,22.84012352692396,49.89166979316964,19477.365119759223,1872.025323045571
2022-06-25,2022,6,LATO,22.903005596812335,49.89166979316964,22788.153438215097,1869.5995426525833
2022-06-25,2022,6,LATO,22.337066967817037,49.954551863058015,23969.435525253684,1851.2577366585724
2022-06-25,2022,6,LATO,22.399949037705397,49.954551863058015,19720.74564278404,1872.6781941552688
2022-06-25,2022,6,LATO,22.46283110759377,49.954551863058015,15619.017095593703,1872.4724121094434
2022-06-25,2022,6,LATO,22.52571317748213,49.954551863058015,11818.274784255715,1870.8405395378259
2022-06-25,2022,6,LATO,22.588595247370506,49.954551863058015,8721.334982744045,1868.9853713476728
2022-06-25,2022,6,LATO,22.651477317258866,49.954551863058015,7288.611985025922,1868.8949224772173
2022-06-25,2022,6,LATO,22.714359387147226,49.954551863058015,8417.717063070771,1869.309448919223
2022-06-25,2022,6,LATO,22.7772414570356,49.954551863058015,11369.439154365082,1871.2438470404888
2022-06-25,2022,6,LATO,22.84012352692396,49.954551863058015,15111.005369585695,1871.8189279281542
2022-06-25,2022,6,LATO,22.903005596812335,49.954551863058015,19185.746581965774,1871.9020434537565
2022-06-25,2022,6,LATO,22.965887666700695,49.954551863058015,23420.401230976673,1870.9438893020101
2022-06-25,2022,6,LATO,22.337066967817037,50.017433932946375,22823.174390414948,1879.7018425106533
2022-06-25,2022,6,LATO,22.399949037705397,50.017433932946375,18317.01724871943,1879.7201109718037
2022-06-25,2022,6,LATO,22.46283110759377,50.017433932946375,13811.149723168797,1874.581989496683
2022-06-25,2022,6,LATO,22.52571317748213,50.017433932946375,9305.998011737687,1870.4594973337887
2022-06-25,2022,6,LATO,22.588595247370506,50.017433932946375,4803.5842348637925,1870.9851923783654
2022-06-25,2022,6,LATO,22.651477317258866,50.017433932946375,407.88410091848647,1868.0916789193857
2022-06-25,2022,6,LATO,22.714359387147226,50.017433932946375,4228.174317330404,1865.397369594544
2022-06-25,2022,6,LATO,22.7772414570356,50.017433932946375,8729.700784173236,1866.1570299250877
2022-06-25,2022,6,LATO,22.84012352692396,50.017433932946375,13234.68855108754,1870.611595590259
2022-06-25,2022,6,LATO,22.903005596812335,50.017433932946375,17740.49897456052,1868.8669536331795
2022-06-25,2022,6,LATO,22.965887666700695,50.017433932946375,22246.629981672468,1864.6423115518419
2022-06-25,2022,6,LATO,22.337066967817037,50.08031600283475,23771.891645147887,1874.266862486523
2022-06-25,2022,6,LATO,22.399949037705397,50.08031600283475,19492.580868106976,1875.0789926409307
2022-06-25,2022,6,LATO,22.46283110759377,50.08031600283475,15342.244635151212,1872.9918144662875
2022-06-25,2022,6,LATO,22.52571317748213,50.08031600283475,11461.860003414893,1872.8742308547862
2022-06-25,2022,6,LATO,22.588595247370506,50.08031600283475,8241.972226046848,1872.5765133648106
2022-06-25,2022,6,LATO,22.651477317258866,50.08031600283475,6712.0844053123365,1863.9012877554985
2022-06-25,2022,6,LATO,22.714359387147226,50.08031600283475,7920.855163367692,1863.1942614941242
2022-06-25,2022,6,LATO,22.7772414570356,50.08031600283475,10999.722341771127,1859.2668095090564
2022-06-25,2022,6,LATO,22.84012352692396,50.08031600283475,14826.124051878794,1863.5480253655574
2022-06-25,2022,6,LATO,22.903005596812335,50.08031600283475,18952.573284894253,1865.1693115234696
2022-06-25,2022,6,LATO,22.965887666700695,50.08031600283475,23219.64717295703,1866.4860253682523
2022-06-25,2022,6,LATO,22.399949037705397,50.14319807272311,22852.879672009276,1873.6738954852344
2022-06-25,2022,6,LATO,22.46283110759377,50.14319807272311,19438.805553159174,1875.2055199088466
2022-06-25,2022,6,LATO,22.52571317748213,50.14319807272311,16552.739885157756,1873.0121913814617
2022-06-25,2022,6,LATO,22.588595247370506,50.14319807272311,14513.17484725431,1868.4685504190065
2022-06-25,2022,6,LATO,22.651477317258866,50.14319807272311,13703.436830989558,1864.8581387338056
2022-06-25,2022,6,LATO,22.714359387147226,50.14319807272311,14333.488304196197,1864.884409794438
2022-06-25,2022,6,LATO,22.7772414570356,50.14319807272311,16236.577883901686,1855.2513924254195
2022-06-25,2022,6,LATO,22.84012352692396,50.14319807272311,19034.62736146041,1853.4748876042313
2022-06-25,2022,6,LATO,22.903005596812335,50.14319807272311,22394.65584251987,1856.1940472440272
2022-06-25,2022,6,LATO,22.46283110759377,50.20608014261147,24863.616912715534,1877.3316114126067
2022-06-25,2022,6,LATO,22.52571317748213,50.20608014261147,22681.750518141413,1871.5592188569442
2022-06-25,2022,6,LATO,22.588595247370506,50.20608014261147,21241.091784175827,1871.1269816303
2022-06-25,2022,6,LATO,22.651477317258866,50.20608014261147,20697.001515397067,1868.611263823341
2022-06-25,2022,6,LATO,22.714359387147226,50.20608014261147,21118.887757690336,1865.9764049858381
2022-06-25,2022,6,LATO,22.7772414570356,50.20608014261147,22452.364556079265,1864.265936201951
2022-06-25,2022,6,LATO,22.84012352692396,50.20608014261147,24549.33260415952,1859.8790872071136
2022-06-26,2022,6,LATO,22.7772414570356,49.82878772328128,22997.694466962104,1853.7346215440896
2022-06-26,2022,6,LATO,22.399949037705397,49.89166979316964,23240.95435275252,1859.8793921959382
2022-06-26,2022,6,LATO,22.46283110759377,49.89166979316964,19874.58844639638,1859.8793917673386
2022-06-26,2022,6,LATO,22.337066967817037,49.954551863058015,23969.435525253684,1847.155913268309
2022-06-26,2022,6,LATO,22.399949037705397,49.954551863058015,19720.74564278404,1851.035500579531
2022-06-26,2022,6,LATO,22.46283110759377,49.954551863058015,15619.017095593703,1859.8792775968586
2022-06-26,2022,6,LATO,22.337066967817037,50.017433932946375,22823.174390414948,1843.7551325987172
2022-06-26,2022,6,LATO,22.399949037705397,50.017433932946375,18317.01724871943,1843.771370880993
2022-06-26,2022,6,LATO,22.46283110759377,50.017433932946375,13811.149723168797,1846.4619468966728
2022-06-26,2022,6,LATO,22.333565192317593,49.951050087558556,24329.616153798765,1852.1796844654493
2022-06-27,2022,6,LATO,22.396447262205953,49.888168017670196,23679.53220215283,1861.3930619975197
2022-06-27,2022,6,LATO,22.459329332094313,49.888168017670196,20329.756512475342,1859.8686229100992
2022-06-27,2022,6,LATO,22.522211401982673,49.888168017670196,17510.161048962553,1874.2556102324743
2022-06-27,2022,6,LATO,22.585093471871062,49.888168017670196,15512.59120345802,1874.255615620312
2022-06-27,2022,6,LATO,22.647975541759422,49.888168017670196,14676.618170674585,1880.961292815244
2022-06-27,2022,6,LATO,22.710857611647782,49.888168017670196,15195.180964942992,1880.9612930780481
2022-06-27,2022,6,LATO,22.773739681536142,49.888168017670196,16944.37306082622,1880.9612620705564
2022-06-27,2022,6,LATO,22.333565192317593,49.951050087558556,24329.616153798765,1866.5780639349657
2022-06-27,2022,6,LATO,22.396447262205953,49.951050087558556,20100.38885914841,1866.6749893227975
2022-06-27,2022,6,LATO,22.459329332094313,49.951050087558556,16024.852730089931,1867.2650409181165
2022-06-27,2022,6,LATO,22.522211401982673,49.951050087558556,12257.290210877267,1873.920669167209
2022-06-27,2022,6,LATO,22.585093471871062,49.951050087558556,9184.85227776162,1874.0259167232332
2022-06-27,2022,6,LATO,22.647975541759422,49.951050087558556,7691.354015338403,1880.856989249891
2022-06-27,2022,6,LATO,22.710857611647782,49.951050087558556,8638.703832302734,1880.9613037110064
2022-06-27,2022,6,LATO,22.773739681536142,49.951050087558556,11435.580416255929,1880.9612873260576
2022-06-27,2022,6,LATO,22.333565192317593,50.01393215744693,23083.11301727658,1869.6083984374388
2022-06-27,2022,6,LATO,22.396447262205953,50.01393215744693,18578.759884169915,1869.6083984375684
2022-06-27,2022,6,LATO,22.459329332094313,50.01393215744693,14075.95044439272,1872.3928699689607
2022-06-27,2022,6,LATO,22.522211401982673,50.01393215744693,9576.867796616025,1873.8152704773142
2022-06-27,2022,6,LATO,22.585093471871062,50.01393215744693,5091.408622525803,1873.725237217667
2022-06-27,2022,6,LATO,22.647975541759422,50.01393215744693,866.3511802528575,1873.0348951497358
2022-06-27,2022,6,LATO,22.710857611647782,50.01393215744693,4025.018780650662,1873.0349079828393
2022-06-27,2022,6,LATO,22.773739681536142,50.01393215744693,8501.357094265071,1873.0349722912047
2022-06-27,2022,6,LATO,22.333565192317593,50.07681422733529,23907.569888610113,1875.333890224632
2022-06-27,2022,6,LATO,22.396447262205953,50.07681422733529,19599.92593923184,1875.0113980951103
2022-06-27,2022,6,LATO,22.459329332094313,50.07681422733529,15404.905898963934,1873.8783536273643
2022-06-27,2022,6,LATO,22.522211401982673,50.07681422733529,11447.012777359685,1873.9641920256845
2022-06-27,2022,6,LATO,22.585093471871062,50.07681422733529,8082.458111143529,1873.96349548825
2022-06-27,2022,6,LATO,22.396447262205953,50.13969629722365,22825.193638328336,1874.1738682995792
2022-06-27,2022,6,LATO,22.459329332094313,50.13969629722365,19347.75752602648,1868.0394272600522
2022-06-27,2022,6,LATO,22.522211401982673,50.13969629722365,16376.749170433397,1868.0394280219564
2022-06-27,2022,6,LATO,22.585093471871062,50.13969629722365,14232.922355812683,1868.039433482472
2022-06-28,2022,6,LATO,22.588595247370506,49.82528594778182,22187.30706832177,1877.3056419397278
2022-06-28,2022,6,LATO,22.651477317258866,49.82528594778182,21662.812319490607,1877.4178041279652
2022-06-28,2022,6,LATO,22.714359387147226,49.82528594778182,22069.412358846523,1878.5820418448507
2022-06-28,2022,6,LATO,22.7772414570356,49.82528594778182,23358.536210329406,1878.6495593844957
2022-06-28,2022,6,LATO,22.651477317258866,49.888168017670196,14669.522091275236,1883.3997875555503
2022-06-28,2022,6,LATO,22.714359387147226,49.888168017670196,15262.808710820838,1883.9820026047094
2022-06-28,2022,6,LATO,22.7772414570356,49.888168017670196,17071.603330708916,1876.2446204923278
2022-06-28,2022,6,LATO,22.84012352692396,49.888168017670196,19764.96762440053,1874.8287456928992
2022-06-28,2022,6,LATO,22.903005596812335,49.888168017670196,23034.674909389774,1873.4902916683081
2022-06-28,2022,6,LATO,22.337066967817037,49.951050087558556,24091.424122935045,1874.845835300026
2022-06-28,2022,6,LATO,22.399949037705397,49.951050087558556,19868.49827808484,1874.84581128301
2022-06-28,2022,6,LATO,22.46283110759377,49.951050087558556,15804.828416408018,1888.8563385586958
2022-06-28,2022,6,LATO,22.651477317258866,49.951050087558556,7677.822271690127,1886.5426119843903
2022-06-28,2022,6,LATO,22.714359387147226,49.951050087558556,8756.95920663373,1885.6323056931722
2022-06-28,2022,6,LATO,22.7772414570356,49.951050087558556,11623.026508428964,1877.5836608408954
2022-06-28,2022,6,LATO,22.84012352692396,49.951050087558556,15302.949327791452,1878.73031248506
2022-06-28,2022,6,LATO,22.903005596812335,49.951050087558556,19337.548389535474,1879.3582462900301
2022-06-28,2022,6,LATO,22.965887666700695,49.951050087558556,23545.194491841612,1879.878294198512
2022-06-28,2022,6,LATO,22.337066967817037,50.01393215744693,22832.24971178254,1883.9213867186882
2022-06-28,2022,6,LATO,22.399949037705397,50.01393215744693,18327.956370926233,1883.585123892078
2022-06-28,2022,6,LATO,22.46283110759377,50.01393215744693,13825.27391873585,1885.2038700103506
2022-06-28,2022,6,LATO,22.52571317748213,50.01393215744693,9326.541259749176,1892.3793702177366
2022-06-28,2022,6,LATO,22.588595247370506,50.01393215744693,4842.786104066398,1891.8160610716964
2022-06-28,2022,6,LATO,22.651477317258866,50.01393215744693,736.7922552973483,1887.9525698129532
2022-06-28,2022,6,LATO,22.714359387147226,50.01393215744693,4272.614668819653,1886.3999268169946
2022-06-28,2022,6,LATO,22.7772414570356,50.01393215744693,8751.553760627914,1879.480906380543
2022-06-28,2022,6,LATO,22.337066967817037,50.07681422733529,23665.765470187154,1877.1435450124982
2022-06-28,2022,6,LATO,22.399949037705397,50.07681422733529,19362.66631877855,1888.3084340372895
2022-06-28,2022,6,LATO,22.46283110759377,50.07681422733529,15176.497478602401,1888.000574169926
2022-06-28,2022,6,LATO,22.52571317748213,50.07681422733529,11238.694648015777,1894.2714897399214
2022-06-28,2022,6,LATO,22.588595247370506,50.07681422733529,7928.398081183003,1891.8280135056987
2022-06-28,2022,6,LATO,22.651477317258866,50.07681422733529,6322.957874237219,1886.4379224994277
2022-06-28,2022,6,LATO,22.714359387147226,50.07681422733529,7594.007975417393,1882.2324908167298
2022-06-28,2022,6,LATO,22.7772414570356,50.07681422733529,10766.947426028457,1879.2054652530194
2022-06-28,2022,6,LATO,22.399949037705397,50.13969629722365,22622.05369350782,1879.9316429401476
2022-06-28,2022,6,LATO,22.46283110759377,50.13969629722365,19166.632931566848,1894.4121984032124
2022-06-28,2022,6,LATO,22.52571317748213,50.13969629722365,16232.013520001597,1895.6010948986345
2022-06-28,2022,6,LATO,22.588595247370506,50.13969629722365,14146.11887527757,1884.7075718798653
2022-06-28,2022,6,LATO,22.651477317258866,50.13969629722365,13314.013221550038,1877.3899362558166
2022-06-28,2022,6,LATO,22.714359387147226,50.13969629722365,13961.695581266016,1864.2255914854918
2022-06-28,2022,6,LATO,22.7772414570356,50.13969629722365,15909.45532942079,1865.6599376752042
2022-06-28,2022,6,LATO,22.46283110759377,50.202578367112025,24540.639198270077,1898.6317157119327
2022-06-28,2022,6,LATO,22.52571317748213,50.202578367112025,22327.062976493402,1890.8361202235394
2022-06-28,2022,6,LATO,22.588595247370506,50.202578367112025,20861.81405954898,1889.093037300322
2022-06-28,2022,6,LATO,22.651477317258866,50.202578367112025,20307.523458812033,1877.938930089624
2022-06-28,2022,6,LATO,22.714359387147226,50.202578367112025,20737.36596706568,1877.820289273686
2022-06-29,2022,6,LATO,22.52571317748213,49.82878772328128,23223.446671401936,1867.1453844200203
2022-06-29,2022,6,LATO,22.588595247370506,49.82878772328128,21807.18193595717,1866.151632875335
2022-06-29,2022,6,LATO,22.651477317258866,49.82878772328128,21273.356297295428,1867.524004942511
2022-06-29,2022,6,LATO,22.714359387147226,49.82878772328128,21687.22960171284,1869.8110174788583
2022-06-29,2022,6,LATO,22.7772414570356,49.82878772328128,22997.694466962104,1873.6259575154047
2022-06-29,2022,6,LATO,22.399949037705397,49.89166979316964,23240.95435275252,1875.6429381111666
2022-06-29,2022,6,LATO,22.52571317748213,49.89166979316964,17046.454606667296,1873.7282049078688
2022-06-29,2022,6,LATO,22.588595247370506,49.89166979316964,15062.835837653478,1872.5728312394342
2022-06-29,2022,6,LATO,22.651477317258866,49.89166979316964,14280.103976491555,1869.3427850448006
2022-06-29,2022,6,LATO,22.714359387147226,49.89166979316964,14888.872887278887,1867.8782004651175
2022-06-29,2022,6,LATO,22.7772414570356,49.89166979316964,16737.999220682526,1865.8711135674273
2022-06-29,2022,6,LATO,22.337066967817037,49.954551863058015,23969.435525253684,1875.8603707807931
2022-06-29,2022,6,LATO,22.399949037705397,49.954551863058015,19720.74564278404,1875.6483864071683
2022-06-29,2022,6,LATO,22.46283110759377,49.954551863058015,15619.017095593703,1878.9301762253572
2022-06-29,2022,6,LATO,22.52571317748213,49.954551863058015,11818.274784255715,1874.3781793999542
2022-06-29,2022,6,LATO,22.588595247370506,49.954551863058015,8721.334982744045,1874.3647697346078
2022-06-29,2022,6,LATO,22.651477317258866,49.954551863058015,7288.611985025922,1867.344111496159
2022-06-29,2022,6,LATO,22.714359387147226,49.954551863058015,8417.717063070771,1867.2855477674186
2022-06-29,2022,6,LATO,22.965887666700695,49.954551863058015,23420.401230976673,1871.6276931578725
2022-06-29,2022,6,LATO,22.337066967817037,50.017433932946375,22823.174390414948,1881.7443529876343
2022-06-29,2022,6,LATO,22.399949037705397,50.017433932946375,18317.01724871943,1879.0127383551303
2022-06-29,2022,6,LATO,22.46283110759377,50.017433932946375,13811.149723168797,1880.9121648346832
2022-06-29,2022,6,LATO,22.52571317748213,50.017433932946375,9305.998011737687,1872.6163807508115
2022-06-29,2022,6,LATO,22.588595247370506,50.017433932946375,4803.5842348637925,1871.8782219154637
2022-06-29,2022,6,LATO,22.651477317258866,50.017433932946375,407.88410091848647,1862.978404645528
2022-06-29,2022,6,LATO,22.714359387147226,50.017433932946375,4228.174317330404,1867.169872493802
2022-06-29,2022,6,LATO,22.7772414570356,50.017433932946375,8729.700784173236,1875.2196068180754
2022-06-29,2022,6,LATO,22.337066967817037,50.08031600283475,23771.891645147887,1879.3131328635307
2022-06-29,2022,6,LATO,22.399949037705397,50.08031600283475,19492.580868106976,1883.842905335524
2022-06-29,2022,6,LATO,22.46283110759377,50.08031600283475,15342.244635151212,1880.30627279815
2022-06-29,2022,6,LATO,22.52571317748213,50.08031600283475,11461.860003414893,1878.5031416043716
2022-06-29,2022,6,LATO,22.588595247370506,50.08031600283475,8241.972226046848,1862.6786566603469
2022-06-29,2022,6,LATO,22.651477317258866,50.08031600283475,6712.0844053123365,1863.186510740724
2022-06-29,2022,6,LATO,22.714359387147226,50.08031600283475,7920.855163367692,1867.530882999919
2022-06-29,2022,6,LATO,22.7772414570356,50.08031600283475,10999.722341771127,1875.976121668321
2022-06-29,2022,6,LATO,22.84012352692396,50.08031600283475,14826.124051878794,1882.4347848257921
2022-06-29,2022,6,LATO,22.903005596812335,50.08031600283475,18952.573284894253,1859.4433744244152
2022-06-29,2022,6,LATO,22.965887666700695,50.08031600283475,23219.64717295703,1859.6009648845168
2022-06-29,2022,6,LATO,22.399949037705397,50.14319807272311,22852.879672009276,1868.7228282181056
2022-06-29,2022,6,LATO,22.46283110759377,50.14319807272311,19438.805553159174,1879.611000900386
2022-06-29,2022,6,LATO,22.52571317748213,50.14319807272311,16552.739885157756,1867.7286056047756
2022-06-29,2022,6,LATO,22.588595247370506,50.14319807272311,14513.17484725431,1858.3805290929333
2022-06-29,2022,6,LATO,22.651477317258866,50.14319807272311,13703.436830989558,1863.4830615460628
2022-06-29,2022,6,LATO,22.714359387147226,50.14319807272311,14333.488304196197,1864.2248675464914
2022-06-29,2022,6,LATO,22.7772414570356,50.14319807272311,16236.577883901686,1866.0021914309398
2022-06-29,2022,6,LATO,22.84012352692396,50.14319807272311,19034.62736146041,1865.514957016845
2022-06-29,2022,6,LATO,22.903005596812335,50.14319807272311,22394.65584251987,1857.5415386053803
2022-06-29,2022,6,LATO,22.46283110759377,50.20608014261147,24863.616912715534,1876.9013992321513
2022-06-29,2022,6,LATO,22.52571317748213,50.20608014261147,22681.750518141413,1864.2631407191338
2022-06-29,2022,6,LATO,22.588595247370506,50.20608014261147,21241.091784175827,1862.7507534569572
2022-06-29,2022,6,LATO,22.651477317258866,50.20608014261147,20697.001515397067,1872.285833729983
2022-06-29,2022,6,LATO,22.714359387147226,50.20608014261147,21118.887757690336,1871.901336963394
2022-06-29,2022,6,LATO,22.7772414570356,50.20608014261147,22452.364556079265,1862.516586013984
2022-06-29,2022,6,LATO,22.84012352692396,50.20608014261147,24549.33260415952,1859.1139430679016
2022-06-30,2022,6,LATO,22.52571317748213,49.82878772328128,23223.446671401936,1856.9665510011139
2022-06-30,2022,6,LATO,22.588595247370506,49.82878772328128,21807.18193595717,1856.9665368949275
2022-06-30,2022,6,LATO,22.651477317258866,49.82878772328128,21273.356297295428,1846.536752318924
2022-06-30,2022,6,LATO,22.714359387147226,49.82878772328128,21687.22960171284,1847.516024097461
2022-06-30,2022,6,LATO,22.7772414570356,49.82878772328128,22997.694466962104,1851.4270820035558
2022-06-30,2022,6,LATO,22.399949037705397,49.89166979316964,23240.95435275252,1859.0957945635332
2022-06-30,2022,6,LATO,22.46283110759377,49.89166979316964,19874.58844639638,1859.2434535791492
2022-06-30,2022,6,LATO,22.52571317748213,49.89166979316964,17046.454606667296,1863.9171206127808
2022-06-30,2022,6,LATO,22.588595247370506,49.89166979316964,15062.835837653478,1863.7142478803662
2022-06-30,2022,6,LATO,22.651477317258866,49.89166979316964,14280.103976491555,1845.0383553041825
2022-06-30,2022,6,LATO,22.714359387147226,49.89166979316964,14888.872887278887,1842.1709653257078
2022-06-30,2022,6,LATO,22.7772414570356,49.89166979316964,16737.999220682526,1843.3038790556836
2022-06-30,2022,6,LATO,22.337066967817037,49.954551863058015,23969.435525253684,1860.7254638671266
2022-06-30,2022,6,LATO,22.399949037705397,49.954551863058015,19720.74564278404,1860.490133215218
2022-06-30,2022,6,LATO,22.46283110759377,49.954551863058015,15619.017095593703,1857.5537752397004
2022-06-30,2022,6,LATO,22.52571317748213,49.954551863058015,11818.274784255715,1859.5991491797172
2022-06-30,2022,6,LATO,22.588595247370506,49.954551863058015,8721.334982744045,1858.7099955742985
2022-06-30,2022,6,LATO,22.651477317258866,49.954551863058015,7288.611985025922,1851.40847792691
2022-06-30,2022,6,LATO,22.714359387147226,49.954551863058015,8417.717063070771,1851.084703213512
2022-06-30,2022,6,LATO,22.7772414570356,49.954551863058015,11369.439154365082,1870.5283210479665
2022-06-30,2022,6,LATO,22.337066967817037,50.017433932946375,22823.174390414948,1857.9647583151793
2022-06-30,2022,6,LATO,22.399949037705397,50.017433932946375,18317.01724871943,1858.6996972678621
2022-06-30,2022,6,LATO,22.46283110759377,50.017433932946375,13811.149723168797,1856.8462575500707
2022-06-30,2022,6,LATO,22.52571317748213,50.017433932946375,9305.998011737687,1853.0134663644853
2022-06-30,2022,6,LATO,22.588595247370506,50.017433932946375,4803.5842348637925,1856.0460205077477
2022-06-30,2022,6,LATO,22.651477317258866,50.017433932946375,407.88410091848647,1852.3121088675532
2022-06-30,2022,6,LATO,22.714359387147226,50.017433932946375,4228.174317330404,1862.6748388759179
2022-06-30,2022,6,LATO,22.7772414570356,50.017433932946375,8729.700784173236,1870.7330224961513
2022-06-30,2022,6,LATO,22.84012352692396,50.017433932946375,13234.68855108754,1866.0089211076483
2022-06-30,2022,6,LATO,22.903005596812335,50.017433932946375,17740.49897456052,1864.3581574060092
2022-06-30,2022,6,LATO,22.965887666700695,50.017433932946375,22246.629981672468,1864.3581568279212
2022-06-30,2022,6,LATO,22.337066967817037,50.08031600283475,23771.891645147887,1855.7498184000667
2022-06-30,2022,6,LATO,22.399949037705397,50.08031600283475,19492.580868106976,1858.3748467539958
2022-06-30,2022,6,LATO,22.46283110759377,50.08031600283475,15342.244635151212,1862.5188116844233
2022-06-30,2022,6,LATO,22.52571317748213,50.08031600283475,11461.860003414893,1848.6967976820276
2022-06-30,2022,6,LATO,22.588595247370506,50.08031600283475,8241.972226046848,1848.696775852749
2022-06-30,2022,6,LATO,22.651477317258866,50.08031600283475,6712.0844053123365,1867.734482052875
2022-06-30,2022,6,LATO,22.714359387147226,50.08031600283475,7920.855163367692,1872.0787886425462
2022-06-30,2022,6,LATO,22.7772414570356,50.08031600283475,10999.722341771127,1872.0831111248253
2022-06-30,2022,6,LATO,22.399949037705397,50.14319807272311,22852.879672009276,1855.9705516086763
2022-06-30,2022,6,LATO,22.46283110759377,50.14319807272311,19438.805553159174,1856.2470449847467
2022-06-30,2022,6,LATO,22.651477317258866,50.14319807272311,13703.436830989558,1872.0772830113644
2022-06-30,2022,6,LATO,22.714359387147226,50.14319807272311,14333.488304196197,1872.0772844044097
2022-06-30,2022,6,LATO,22.7772414570356,50.14319807272311,16236.577883901686,1872.077283740782
2022-06-30,2022,6,LATO,22.46283110759377,50.20608014261147,24863.616912715534,1840.6900767087257
2022-07-01,2022,7,LATO,22.654979092758325,49.82878772328128,21271.427971378584,1860.7051749868967
2022-07-01,2022,7,LATO,22.717861162646685,49.82878772328128,21737.633674997764,1858.8513686422255
2022-07-01,2022,7,LATO,22.780743232535045,49.82878772328128,23094.44903375016,1858.1451460095354
2022-07-01,2022,7,LATO,22.52921495298159,49.89166979316964,16910.467245561413,1861.489677869686
2022-07-01,2022,7,LATO,22.59209702286995,49.89166979316964,14984.632301327198,1857.0033128570446
2022-07-01,2022,7,LATO,22.654979092758325,49.89166979316964,14277.234881417222,1855.3180143050215
2022-07-01,2022,7,LATO,22.717861162646685,49.89166979316964,14962.101662012434,1858.626272893617
2022-07-01,2022,7,LATO,22.780743232535045,49.89166979316964,16870.520488444283,1863.273088068946
2022-07-01,2022,7,LATO,22.84362530242342,49.89166979316964,19649.160104581722,1855.8414768014836
2022-07-01,2022,7,LATO,22.90650737231178,49.89166979316964,22984.550710999814,1852.9092290431247
2022-07-01,2022,7,LATO,22.34056874331648,49.954551863058015,23730.303395653747,1858.3436300865121
2022-07-01,2022,7,LATO,22.403450813204856,49.954551863058015,19487.590975906383,1858.3436341514196
2022-07-01,2022,7,LATO,22.52921495298159,49.954551863058015,11621.52742801706,1862.2172171041677
2022-07-01,2022,7,LATO,22.59209702286995,49.954551863058015,8585.739105706874,1861.4925537837562
2022-07-01,2022,7,LATO,22.654979092758325,49.954551863058015,7282.996464636708,1857.8949984016458
2022-07-01,2022,7,LATO,22.717861162646685,49.954551863058015,8546.407014340726,1855.241818942115
2022-07-01,2022,7,LATO,22.780743232535045,49.954551863058015,11563.39959417523,1857.3778732678368
2022-07-01,2022,7,LATO,22.84362530242342,49.954551863058015,15331.519629385028,1861.7259137826386
2022-07-01,2022,7,LATO,22.90650737231178,49.954551863058015,19418.311560371767,1860.8910702276603
2022-07-01,2022,7,LATO,22.969389442200153,49.954551863058015,23659.207083204412,1853.6593043877967
2022-07-01,2022,7,LATO,22.34056874331648,50.017433932946375,22572.230985439637,1855.0236986492455
2022-07-01,2022,7,LATO,22.403450813204856,50.017433932946375,18066.08493467374,1856.611513347589
2022-07-01,2022,7,LATO,22.466332883093216,50.017433932946375,13560.241468417575,1858.4713167974955
2022-07-01,2022,7,LATO,22.52921495298159,50.017433932946375,9055.157860934964,1864.6278382468602
2022-07-01,2022,7,LATO,22.59209702286995,50.017433932946375,4553.098125113467,1864.3465612548912
2022-07-01,2022,7,LATO,22.654979092758325,50.017433932946375,290.9442965550448,1863.9532125890128
2022-07-01,2022,7,LATO,22.717861162646685,50.017433932946375,4478.586244782535,1862.784085858369
2022-07-01,2022,7,LATO,22.780743232535045,50.017433932946375,8980.531654212778,1850.377317770421
2022-07-01,2022,7,LATO,22.84362530242342,50.017433932946375,13485.594062941023,1853.526296370617
2022-07-01,2022,7,LATO,22.90650737231178,50.017433932946375,17991.430140098637,1855.172871302618
2022-07-01,2022,7,LATO,22.969389442200153,50.017433932946375,22497.572808051387,1860.4844205853392
2022-07-01,2022,7,LATO,22.34056874331648,50.08031600283475,23531.38389392902,1850.991915282801
2022-07-01,2022,7,LATO,22.403450813204856,50.08031600283475,19257.282604473337,1854.6851230861855
2022-07-01,2022,7,LATO,22.466332883093216,50.08031600283475,15117.067528998386,1858.504612181361
2022-07-01,2022,7,LATO,22.52921495298159,50.08031600283475,11259.419921760236,1860.3590087891305
2022-07-01,2022,7,LATO,22.59209702286995,50.08031600283475,8098.731703513343,1861.1444171551277
2022-07-01,2022,7,LATO,22.654979092758325,50.08031600283475,6706.002028970861,1858.039690254491
2022-07-01,2022,7,LATO,22.717861162646685,50.08031600283475,8057.131528176884,1842.6416086549932
2022-07-01,2022,7,LATO,22.780743232535045,50.08031600283475,11199.569652326369,1854.9544786149152
2022-07-01,2022,7,LATO,22.84362530242342,50.08031600283475,15050.231414787298,1857.2857269801034
2022-07-01,2022,7,LATO,22.90650737231178,50.08031600283475,19187.35473285885,1854.7046397608187
2022-07-01,2022,7,LATO,22.969389442200153,50.08031600283475,23459.8719463774,1857.6540270644407
2022-07-01,2022,7,LATO,22.403450813204856,50.14319807272311,22652.776181458365,1858.9698271739585
2022-07-01,2022,7,LATO,22.466332883093216,50.14319807272311,19261.81207908881,1857.6657311701622
2022-07-01,2022,7,LATO,22.52921495298159,50.14319807272311,16413.394809788806,1858.0353538152983
2022-07-01,2022,7,LATO,22.59209702286995,50.14319807272311,14432.41702274868,1859.3468344954078
2022-07-01,2022,7,LATO,22.654979092758325,50.14319807272311,13700.462542803412,1845.1618616546803
2022-07-01,2022,7,LATO,22.717861162646685,50.14319807272311,14409.144847811807,1843.0766238734043
2022-07-01,2022,7,LATO,22.780743232535045,50.14319807272311,16372.449865157329,1842.0615234375355
2022-07-01,2022,7,LATO,22.84362530242342,50.14319807272311,19209.471110313178,1852.7189481998837
2022-07-01,2022,7,LATO,22.90650737231178,50.14319807272311,22593.4378995992,1857.3654062072046
2022-07-01,2022,7,LATO,22.466332883093216,50.20608014261147,24725.668418538902,1861.2843685427829
2022-07-01,2022,7,LATO,22.52921495298159,50.20608014261147,22580.39340326739,1860.7542724610055
2022-07-01,2022,7,LATO,22.59209702286995,50.20608014261147,21186.06765317841,1854.8790655662356
2022-07-01,2022,7,LATO,22.654979092758325,50.20608014261147,20695.034946995864,1850.7595004040777
2022-07-01,2022,7,LATO,22.717861162646685,50.20608014261147,21170.241777233572,1850.677477721443
2022-07-01,2022,7,LATO,22.780743232535045,50.20608014261147,22550.687644882495,1845.4424221540426
2022-07-01,2022,7,LATO,22.84362530242342,50.20608014261147,24684.969053624438,1852.4204449727981
2022-07-01,2022,7,LATO,22.396447262205953,49.888168017670196,23679.53220215283,1834.8514476063353
2022-07-01,2022,7,LATO,22.459329332094313,49.888168017670196,20329.756512475342,1834.851432137324
2022-07-01,2022,7,LATO,22.522211401982673,49.888168017670196,17510.161048962553,1834.8514407241662
2022-07-01,2022,7,LATO,22.585093471871062,49.888168017670196,15512.59120345802,1851.7748317177452
2022-07-01,2022,7,LATO,22.647975541759422,49.888168017670196,14676.618170674585,1857.6086397160607
2022-07-01,2022,7,LATO,22.710857611647782,49.888168017670196,15195.180964942992,1857.6086367206617
2022-07-01,2022,7,LATO,22.773739681536142,49.888168017670196,16944.37306082622,1857.6086414701292
2022-07-01,2022,7,LATO,22.836621751424502,49.888168017670196,19597.3983523426,1857.6086391777533
2022-07-01,2022,7,LATO,22.89950382131289,49.888168017670196,22841.459391951477,1855.2930908203366
2022-07-01,2022,7,LATO,22.333565192317593,49.951050087558556,24329.616153798765,1836.054270679418
2022-07-01,2022,7,LATO,22.396447262205953,49.951050087558556,20100.38885914841,1836.195740283047
2022-07-01,2022,7,LATO,22.459329332094313,49.951050087558556,16024.852730089931,1836.4786656833871
2022-07-01,2022,7,LATO,22.522211401982673,49.951050087558556,12257.290210877267,1836.76153682186
2022-07-01,2022,7,LATO,22.585093471871062,49.951050087558556,9184.85227776162,1852.7295893726425
2022-07-01,2022,7,LATO,22.647975541759422,49.951050087558556,7691.354015338403,1854.6782285692275
2022-07-01,2022,7,LATO,22.710857611647782,49.951050087558556,8638.703832302734,1854.4862197358775
2022-07-01,2022,7,LATO,22.773739681536142,49.951050087558556,11435.580416255929,1854.102216027443
2022-07-01,2022,7,LATO,22.836621751424502,49.951050087558556,15086.182423455777,1853.916319349494
2022-07-01,2022,7,LATO,22.89950382131289,49.951050087558556,19107.284311362495,1859.6835679501708
2022-07-01,2022,7,LATO,22.96238589120125,49.951050087558556,23307.908975838698,1860.131083219021
2022-07-01,2022,7,LATO,22.333565192317593,50.01393215744693,23083.11301727658,1837.8983154296272
2022-07-01,2022,7,LATO,22.396447262205953,50.01393215744693,18578.759884169915,1837.8983154297548
2022-07-01,2022,7,LATO,22.459329332094313,50.01393215744693,14075.95044439272,1837.9060691333257
2022-07-01,2022,7,LATO,22.522211401982673,50.01393215744693,9576.867796616025,1841.4188546133776
2022-07-01,2022,7,LATO,22.585093471871062,50.01393215744693,5091.408622525803,1854.0789323730191
2022-07-01,2022,7,LATO,22.647975541759422,50.01393215744693,866.3511802528575,1853.4697799265314
2022-07-01,2022,7,LATO,22.710857611647782,50.01393215744693,4025.018780650662,1853.165203703419
2022-07-01,2022,7,LATO,22.773739681536142,50.01393215744693,8501.357094265071,1852.5746707225314
2022-07-01,2022,7,LATO,22.836621751424502,50.01393215744693,12998.746538427782,1852.2700805690142
2022-07-01,2022,7,LATO,22.89950382131289,50.01393215744693,17500.96354848801,1851.0938201721124
2022-07-01,2022,7,LATO,22.96238589120125,50.01393215744693,22005.04296736069,1850.0818916796459
2022-07-01,2022,7,LATO,22.333565192317593,50.07681422733529,23907.569888610113,1843.7646064940213
2022-07-01,2022,7,LATO,22.396447262205953,50.07681422733529,19599.92593923184,1844.0019761930512
2022-07-01,2022,7,LATO,22.459329332094313,50.07681422733529,15404.905898963934,1844.4644124675235
2022-07-01,2022,7,LATO,22.522211401982673,50.07681422733529,11447.012777359685,1845.4426173366548
2022-07-01,2022,7,LATO,22.585093471871062,50.07681422733529,8082.458111143529,1847.0837402343107
2022-07-01,2022,7,LATO,22.647975541759422,50.07681422733529,6339.339550752154,1847.0837402343143
2022-07-01,2022,7,LATO,22.710857611647782,50.07681422733529,7457.693136480863,1847.0286489193848
2022-07-01,2022,7,LATO,22.773739681536142,50.07681422733529,10564.855663217462,1846.580040572674
2022-07-01,2022,7,LATO,22.836621751424502,50.07681422733529,14428.590933221798,1846.2601576932464
2022-07-01,2022,7,LATO,22.89950382131289,50.07681422733529,18582.821913780223,1844.0387023080382
2022-07-01,2022,7,LATO,22.96238589120125,50.07681422733529,22869.78714046843,1844.0386999429397
2022-07-01,2022,7,LATO,22.396447262205953,50.13969629722365,22825.193638328336,1845.2541162919022
2022-07-01,2022,7,LATO,22.459329332094313,50.13969629722365,19347.75752602648,1845.587401681943
2022-07-01,2022,7,LATO,22.522211401982673,50.13969629722365,16376.749170433397,1841.2717402488322
2022-07-01,2022,7,LATO,22.585093471871062,50.13969629722365,14232.922355812683,1839.2346884696435
2022-07-01,2022,7,LATO,22.647975541759422,50.13969629722365,13321.790660787445,1839.012762220503
2022-07-01,2022,7,LATO,22.710857611647782,50.13969629722365,13888.119460013195,1838.9005581514207
2022-07-01,2022,7,LATO,22.773739681536142,50.13969629722365,15773.567700958482,1838.6731726222097
2022-07-01,2022,7,LATO,22.836621751424502,50.13969629722365,18580.82277687495,1838.5803412374166
2022-07-01,2022,7,LATO,22.459329332094313,50.202578367112025,24682.1741638461,1847.4995295029255
2022-07-01,2022,7,LATO,22.522211401982673,50.202578367112025,22432.36943251115,1848.1473075982997
2022-07-20,2022,7,LATO,22.532716728481034,49.82878772328128,23026.23548838651,1881.3335480433398
2022-07-20,2022,7,LATO,22.59559879836941,49.82878772328128,21701.93311098845,1871.7126944188576
2022-07-20,2022,7,LATO,22.65848086825777,49.82878772328128,21272.472014788556,1868.6976328136673
2022-07-20,2022,7,LATO,22.721362938146143,49.82878772328128,21790.82297333169,1874.7286294539063
2022-07-20,2022,7,LATO,22.784245008034503,49.82878772328128,23193.52625099799,1871.7331592239689
2022-07-20,2022,7,LATO,22.4069525887043,49.89166979316964,22846.47125524897,1855.431187229743
2022-07-20,2022,7,LATO,22.469834658592674,49.89166979316964,19528.29592852939,1875.317648000772
2022-07-20,2022,7,LATO,22.532716728481034,49.89166979316964,16777.14173728684,1875.9492403729664
2022-07-20,2022,7,LATO,22.59559879836941,49.89166979316964,14910.254226564526,1877.9318318111686
2022-07-20,2022,7,LATO,22.65848086825777,49.89166979316964,14278.788319827705,1870.635939160202
2022-07-20,2022,7,LATO,22.721362938146143,49.89166979316964,15039.173201536576,1869.7689508275973
2022-07-20,2022,7,LATO,22.784245008034503,49.89166979316964,17005.72256010123,1867.0844467327404
2022-07-20,2022,7,LATO,22.847127077922863,49.89166979316964,19822.651895636955,1865.100897437369
2022-07-20,2022,7,LATO,22.910009147811238,49.89166979316964,23182.00810677108,1865.268673688672
2022-07-20,2022,7,LATO,22.34407051881594,49.954551863058015,23491.421593126583,1866.1005859374388
2022-07-20,2022,7,LATO,22.4069525887043,49.954551863058015,19254.888344842857,1867.1554000723895
2022-07-20,2022,7,LATO,22.469834658592674,49.954551863058015,15176.511228660444,1876.3756185958846
2022-07-20,2022,7,LATO,22.532716728481034,49.954551863058015,11426.911706085219,1878.5795330115207
2022-07-20,2022,7,LATO,22.59559879836941,49.954551863058015,8455.428940932505,1878.6380620697694
2022-07-20,2022,7,LATO,22.65848086825777,49.954551863058015,7286.037320534922,1871.9731877109207
2022-07-20,2022,7,LATO,22.721362938146143,49.954551863058015,8680.45595683608,1866.2320750574668
2022-07-20,2022,7,LATO,22.784245008034503,49.954551863058015,11759.523976917604,1867.0197263430362
2022-07-20,2022,7,LATO,22.847127077922863,49.954551863058015,15552.962263779697,1863.5461425780964
2022-07-20,2022,7,LATO,22.910009147811238,49.954551863058015,19651.333430628496,1863.634752488462
2022-07-20,2022,7,LATO,22.972891217699598,49.954551863058015,23898.265526296207,1870.378510467715
2022-07-20,2022,7,LATO,22.34407051881594,50.017433932946375,22321.28802408236,1866.88674146704
2022-07-20,2022,7,LATO,22.59559879836941,50.017433932946375,4302.667734522494,1867.8780010711894
2022-07-20,2022,7,LATO,22.65848086825777,50.017433932946375,359.0171461258216,1869.8794168790935
2022-07-20,2022,7,LATO,22.721362938146143,50.017433932946375,4729.056725075273,1865.6580810546227
2022-07-20,2022,7,LATO,22.784245008034503,50.017433932946375,9231.369764738394,1865.5898533539441
2022-07-20,2022,7,LATO,22.847127077922863,50.017433932946375,13736.501706199297,1867.3249405301515
2022-07-20,2022,7,LATO,22.910009147811238,50.017433932946375,18242.362196343674,1867.3601620533223
2022-07-20,2022,7,LATO,22.34407051881594,50.08031600283475,23291.093235142445,1871.4710075111218
2022-07-20,2022,7,LATO,22.4069525887043,50.08031600283475,19022.380468476964,1879.169804468509
2022-07-20,2022,7,LATO,22.469834658592674,50.08031600283475,14892.709365227212,1872.7287157000737
2022-07-20,2022,7,LATO,22.532716728481034,50.08031600283475,11058.96201605659,1869.8815695053452
2022-07-20,2022,7,LATO,22.59559879836941,50.08031600283475,7960.816914998515,1869.528603896043
2022-07-20,2022,7,LATO,22.65848086825777,50.08031600283475,6709.295794220818,1859.4593643062994
2022-07-20,2022,7,LATO,22.721362938146143,50.08031600283475,8198.816506939642,1860.5024342877964
2022-07-20,2022,7,LATO,22.784245008034503,50.08031600283475,11401.431088470114,1867.6228468316756
2022-07-20,2022,7,LATO,22.847127077922863,50.08031600283475,15275.168680265926,1868.9276031506731
2022-07-20,2022,7,LATO,22.4069525887043,50.14319807272311,22453.687107535116,1874.4766970680832
2022-07-20,2022,7,LATO,22.469834658592674,50.14319807272311,19086.46862917077,1874.9635472559023
2022-07-20,2022,7,LATO,22.532716728481034,50.14319807272311,16276.716427633999,1867.8476678813083
2022-07-20,2022,7,LATO,22.59559879836941,50.14319807272311,14355.581307090208,1866.6858943488855
2022-07-20,2022,7,LATO,22.65848086825777,50.14319807272311,13702.072942767301,1856.4899487747264
2022-07-20,2022,7,LATO,22.721362938146143,50.14319807272311,14488.742529553769,1858.6910125547652
2022-07-20,2022,7,LATO,22.784245008034503,50.14319807272311,16511.00859423297,1864.6034673097909
2022-07-20,2022,7,LATO,22.847127077922863,50.14319807272311,19385.978407501865,1854.729943782656
2022-07-20,2022,7,LATO,22.910009147811238,50.14319807272311,22793.24238716545,1853.4371344924793
2022-07-20,2022,7,LATO,22.469834658592674,50.20608014261147,24589.497425126534,1880.9750115273866
2022-07-20,2022,7,LATO,22.532716728481034,50.20608014261147,22481.370018975245,1870.908559719121
2022-07-20,2022,7,LATO,22.59559879836941,50.20608014261147,21133.868947761264,1868.7162892882202
2022-07-20,2022,7,LATO,22.65848086825777,50.20608014261147,20696.099696900703,1855.4141979178526
2022-07-20,2022,7,LATO,22.721362938146143,50.20608014261147,21224.42756260835,1858.8697415159745
2022-07-20,2022,7,LATO,22.784245008034503,50.20608014261147,22651.353698077353,1857.5142429819105
2022-07-20,2022,7,LATO,22.847127077922863,50.20608014261147,24822.39180988345,1866.7584465644375
2022-07-21,2022,7,LATO,22.52921495298159,49.82878772328128,23123.684153430204,1840.1690531407592
2022-07-21,2022,7,LATO,22.59209702286995,49.82878772328128,21753.167891833564,1842.6810414032416
2022-07-21,2022,7,LATO,22.654979092758325,49.82878772328128,21271.427971378584,1860.6207094268354
2022-07-21,2022,7,LATO,22.717861162646685,49.82878772328128,21737.633674997764,1862.4601464075763
2022-07-21,2022,7,LATO,22.780743232535045,49.82878772328128,23094.44903375016,1855.9599424233938
2022-07-21,2022,7,LATO,22.403450813204856,49.89166979316964,23043.186778715266,1859.0032203585276
2022-07-21,2022,7,LATO,22.466332883093216,49.89166979316964,19700.60041263669,1850.741186780215
2022-07-21,2022,7,LATO,22.52921495298159,49.89166979316964,16910.467245561413,1848.2609863281527
2022-07-21,2022,7,LATO,22.59209702286995,49.89166979316964,14984.632301327198,1860.0857858658312
2022-07-21,2022,7,LATO,22.654979092758325,49.89166979316964,14277.234881417222,1866.0935335876156
2022-07-21,2022,7,LATO,22.717861162646685,49.89166979316964,14962.101662012434,1860.899986180464
2022-07-21,2022,7,LATO,22.780743232535045,49.89166979316964,16870.520488444283,1851.0655449875173
2022-07-21,2022,7,LATO,22.84362530242342,49.89166979316964,19649.160104581722,1848.3208636513882
2022-07-21,2022,7,LATO,22.90650737231178,49.89166979316964,22984.550710999814,1848.0872700260552
2022-07-21,2022,7,LATO,22.34056874331648,49.954551863058015,23730.303395653747,1858.4145799987318
2022-07-21,2022,7,LATO,22.403450813204856,49.954551863058015,19487.590975906383,1853.9366418014317
2022-07-21,2022,7,LATO,22.466332883093216,49.954551863058015,15397.305899833966,1851.7156684618785
2022-07-21,2022,7,LATO,22.52921495298159,49.954551863058015,11621.52742801706,1854.5886183724392
2022-07-21,2022,7,LATO,22.59209702286995,49.954551863058015,8585.739105706874,1868.6467619894036
2022-07-21,2022,7,LATO,22.654979092758325,49.954551863058015,7282.996464636708,1868.0601160483354
2022-07-21,2022,7,LATO,22.717861162646685,49.954551863058015,8546.407014340726,1852.2241844960872
2022-07-21,2022,7,LATO,22.780743232535045,49.954551863058015,11563.39959417523,1850.1837872172005
2022-07-21,2022,7,LATO,22.84362530242342,49.954551863058015,15331.519629385028,1847.9135742187216
2022-07-21,2022,7,LATO,22.90650737231178,49.954551863058015,19418.311560371767,1847.93804201645
2022-07-21,2022,7,LATO,22.969389442200153,49.954551863058015,23659.207083204412,1843.0758253115391
2022-07-21,2022,7,LATO,22.34056874331648,50.017433932946375,22572.230985439637,1865.0946669501793
2022-07-21,2022,7,LATO,22.403450813204856,50.017433932946375,18066.08493467374,1851.9988610925852
2022-07-21,2022,7,LATO,22.466332883093216,50.017433932946375,13560.241468417575,1851.5315098571596
2022-07-21,2022,7,LATO,22.52921495298159,50.017433932946375,9055.157860934964,1871.6736529962784
2022-07-21,2022,7,LATO,22.59209702286995,50.017433932946375,4553.098125113467,1871.7461009952942
2022-07-21,2022,7,LATO,22.654979092758325,50.017433932946375,290.9442965550448,1847.8931002837273
2022-07-21,2022,7,LATO,22.717861162646685,50.017433932946375,4478.586244782535,1846.7109547559287
2022-07-21,2022,7,LATO,22.780743232535045,50.017433932946375,8980.531654212778,1846.0883297530747
2022-07-21,2022,7,LATO,22.84362530242342,50.017433932946375,13485.594062941023,1848.2887139618456
2022-07-21,2022,7,LATO,22.90650737231178,50.017433932946375,17991.430140098637,1850.4866790971687
2022-07-21,2022,7,LATO,22.969389442200153,50.017433932946375,22497.572808051387,1850.919760405733
2022-07-21,2022,7,LATO,22.34056874331648,50.08031600283475,23531.38389392902,1846.671316027382
2022-07-21,2022,7,LATO,22.403450813204856,50.08031600283475,19257.282604473337,1846.996512550198
2022-07-21,2022,7,LATO,22.466332883093216,50.08031600283475,15117.067528998386,1855.2882486854419
2022-07-21,2022,7,LATO,22.52921495298159,50.08031600283475,11259.419921760236,1865.3049518998127
2022-07-21,2022,7,LATO,22.59209702286995,50.08031600283475,8098.731703513343,1863.736648111369
2022-07-21,2022,7,LATO,22.654979092758325,50.08031600283475,6706.002028970861,1849.0650209004348
2022-07-21,2022,7,LATO,22.717861162646685,50.08031600283475,8057.131528176884,1848.3371776678462
2022-07-21,2022,7,LATO,22.780743232535045,50.08031600283475,11199.569652326369,1847.479531092099
2022-07-21,2022,7,LATO,22.84362530242342,50.08031600283475,15050.231414787298,1842.2658939253715
2022-07-21,2022,7,LATO,22.90650737231178,50.08031600283475,19187.35473285885,1839.2999811473278
2022-07-21,2022,7,LATO,22.969389442200153,50.08031600283475,23459.8719463774,1849.8060490415262
2022-07-21,2022,7,LATO,22.403450813204856,50.14319807272311,22652.776181458365,1843.9263856643322
2022-07-21,2022,7,LATO,22.466332883093216,50.14319807272311,19261.81207908881,1863.7794032588217
2022-07-21,2022,7,LATO,22.52921495298159,50.14319807272311,16413.394809788806,1863.44475814315
2022-07-21,2022,7,LATO,22.59209702286995,50.14319807272311,14432.41702274868,1848.8329417468606
2022-07-21,2022,7,LATO,22.654979092758325,50.14319807272311,13700.462542803412,1845.0445288728847
2022-07-21,2022,7,LATO,22.717861162646685,50.14319807272311,14409.144847811807,1844.131328595901
2022-07-21,2022,7,LATO,22.780743232535045,50.14319807272311,16372.449865157329,1842.282104492223
2022-07-21,2022,7,LATO,22.84362530242342,50.14319807272311,19209.471110313178,1834.793545565072
2022-07-21,2022,7,LATO,22.90650737231178,50.14319807272311,22593.4378995992,1835.6612170091842
2022-07-21,2022,7,LATO,22.466332883093216,50.20608014261147,24725.668418538902,1868.39197276865
2022-07-21,2022,7,LATO,22.52921495298159,50.20608014261147,22580.39340326739,1849.526678027068
2022-07-21,2022,7,LATO,22.59209702286995,50.20608014261147,21186.06765317841,1846.0342470975565
2022-07-21,2022,7,LATO,22.654979092758325,50.20608014261147,20695.034946995864,1846.3005024850058
2022-07-21,2022,7,LATO,22.717861162646685,50.20608014261147,21170.241777233572,1846.5791111581243
2022-07-21,2022,7,LATO,22.780743232535045,50.20608014261147,22550.687644882495,1838.8031539270398
2022-07-21,2022,7,LATO,22.84362530242342,50.20608014261147,24684.969053624438,1827.2252746088814
2022-07-22,2022,7,LATO,22.34056874331648,49.954551863058015,23730.303395653747,1832.1897774190354
2022-07-22,2022,7,LATO,22.969389442200153,49.954551863058015,23659.207083204412,1831.8250119567115
2022-07-22,2022,7,LATO,22.34056874331648,50.017433932946375,22572.230985439637,1831.3574206363776
2022-07-22,2022,7,LATO,22.403450813204856,50.017433932946375,18066.08493467374,1832.18969905529
2022-07-22,2022,7,LATO,22.466332883093216,50.017433932946375,13560.241468417575,1832.2133041033228
2022-07-22,2022,7,LATO,22.52921495298159,50.017433932946375,9055.157860934964,1833.5378017662665
2022-07-22,2022,7,LATO,22.59209702286995,50.017433932946375,4553.098125113467,1833.538933431678
2022-07-22,2022,7,LATO,22.654979092758325,50.017433932946375,290.9442965550448,1836.368156984031
2022-07-22,2022,7,LATO,22.34056874331648,50.08031600283475,23531.38389392902,1834.220807220875
2022-07-22,2022,7,LATO,22.403450813204856,50.08031600283475,19257.282604473337,1828.9987242710783
2022-07-22,2022,7,LATO,22.466332883093216,50.08031600283475,15117.067528998386,1831.4017503162363
2022-07-22,2022,7,LATO,22.52921495298159,50.08031600283475,11259.419921760236,1831.4017295091332
2022-07-22,2022,7,LATO,22.59209702286995,50.08031600283475,8098.731703513343,1831.4017368187233
2022-07-22,2022,7,LATO,22.654979092758325,50.08031600283475,6706.002028970861,1838.9585008445038
2022-07-22,2022,7,LATO,22.717861162646685,50.08031600283475,8057.131528176884,1842.6321969596556
2022-07-22,2022,7,LATO,22.780743232535045,50.08031600283475,11199.569652326369,1844.9913285562052
2022-07-22,2022,7,LATO,22.84362530242342,50.08031600283475,15050.231414787298,1831.2939109739032
2022-07-22,2022,7,LATO,22.90650737231178,50.08031600283475,19187.35473285885,1831.5876464844066
2022-07-22,2022,7,LATO,22.969389442200153,50.08031600283475,23459.8719463774,1831.5876367733847
2022-07-22,2022,7,LATO,22.403450813204856,50.14319807272311,22652.776181458365,1825.7193375055087
2022-07-22,2022,7,LATO,22.466332883093216,50.14319807272311,19261.81207908881,1825.7164253889075
2022-07-22,2022,7,LATO,22.52921495298159,50.14319807272311,16413.394809788806,1825.716409785248
2022-07-22,2022,7,LATO,22.59209702286995,50.14319807272311,14432.41702274868,1831.4016964980153
2022-07-22,2022,7,LATO,22.654979092758325,50.14319807272311,13700.462542803412,1835.59533031712
2022-07-22,2022,7,LATO,22.717861162646685,50.14319807272311,14409.144847811807,1835.5953369141296
2022-07-22,2022,7,LATO,22.780743232535045,50.14319807272311,16372.449865157329,1840.1567184398918
2022-07-22,2022,7,LATO,22.84362530242342,50.14319807272311,19209.471110313178,1829.7372256243136
2022-07-22,2022,7,LATO,22.90650737231178,50.14319807272311,22593.4378995992,1830.1607500909122
2022-07-22,2022,7,LATO,22.466332883093216,50.20608014261147,24725.668418538902,1831.1435546875668
2022-07-22,2022,7,LATO,22.52921495298159,50.20608014261147,22580.39340326739,1827.5524586234096
2022-07-22,2022,7,LATO,22.780743232535045,50.20608014261147,22550.687644882495,1831.0976618925663
2022-07-22,2022,7,LATO,22.84362530242342,50.20608014261147,24684.969053624438,1831.0976487445841
2022-07-22,2022,7,LATO,22.52571317748213,49.82528594778182,23580.850107016446,1845.7744683882595
2022-07-22,2022,7,LATO,22.588595247370506,49.82528594778182,22187.30706832177,1845.787389145431
2022-07-22,2022,7,LATO,22.651477317258866,49.82528594778182,21662.812319490607,1845.378383832047
2022-07-22,2022,7,LATO,22.714359387147226,49.82528594778182,22069.412358846523,1845.2729712019561
2022-07-22,2022,7,LATO,22.7772414570356,49.82528594778182,23358.536210329406,1845.272949218746
2022-07-22,2022,7,LATO,22.399949037705397,49.888168017670196,23482.75489906069,1842.092225620361
2022-07-22,2022,7,LATO,22.46283110759377,49.888168017670196,20156.5520144569,1843.1687742890986
2022-07-22,2022,7,LATO,22.52571317748213,49.888168017670196,17374.158692190118,1850.8654988808125
2022-07-22,2022,7,LATO,22.588595247370506,49.888168017670196,15432.569270339945,1850.4516444374474
2022-07-22,2022,7,LATO,22.651477317258866,49.888168017670196,14669.522091275236,1849.6414741744752
2022-07-22,2022,7,LATO,22.714359387147226,49.888168017670196,15262.808710820838,1849.227598856869
2022-07-22,2022,7,LATO,22.7772414570356,49.888168017670196,17071.603330708916,1848.4021858812112
2022-07-22,2022,7,LATO,22.84012352692396,49.888168017670196,19764.96762440053,1846.1606291862113
2022-07-22,2022,7,LATO,22.903005596812335,49.888168017670196,23034.674909389774,1845.0250318164208
2022-07-22,2022,7,LATO,22.337066967817037,49.951050087558556,24091.424122935045,1850.6187744140018
2022-07-22,2022,7,LATO,22.399949037705397,49.951050087558556,19868.49827808484,1850.6186954633451
2022-07-22,2022,7,LATO,22.46283110759377,49.951050087558556,15804.828416408018,1850.4888140009602
2022-07-22,2022,7,LATO,22.52571317748213,49.951050087558556,12062.461221866128,1846.5739950589311
2022-07-22,2022,7,LATO,22.588595247370506,49.951050087558556,9049.22284859628,1846.618968398743
2022-07-22,2022,7,LATO,22.651477317258866,49.951050087558556,7677.822271690127,1846.7094130587184
2022-07-22,2022,7,LATO,22.714359387147226,49.951050087558556,8756.95920663373,1846.75520898293
2022-07-22,2022,7,LATO,22.7772414570356,49.951050087558556,11623.026508428964,1846.8449488514923
2022-07-22,2022,7,LATO,22.84012352692396,49.951050087558556,15302.949327791452,1846.0470584671277
2022-07-22,2022,7,LATO,22.903005596812335,49.951050087558556,19337.548389535474,1845.8031076350528
2022-07-22,2022,7,LATO,22.965887666700695,49.951050087558556,23545.194491841612,1845.9344375316982
2022-07-22,2022,7,LATO,22.337066967817037,50.01393215744693,22832.24971178254,1853.2210894666684
2022-07-22,2022,7,LATO,22.399949037705397,50.01393215744693,18327.956370926233,1853.5155328901856
2022-07-22,2022,7,LATO,22.46283110759377,50.01393215744693,13825.27391873585,1854.12946303653
2022-07-22,2022,7,LATO,22.52571317748213,50.01393215744693,9326.541259749176,1842.0977476589565
2022-07-22,2022,7,LATO,22.588595247370506,50.01393215744693,4842.786104066398,1842.0185546874359
2022-07-22,2022,7,LATO,22.651477317258866,50.01393215744693,736.7922552973483,1842.0185546874395
2022-07-22,2022,7,LATO,22.714359387147226,50.01393215744693,4272.614668819653,1842.0468359702315
2022-07-22,2022,7,LATO,22.7772414570356,50.01393215744693,8751.553760627914,1842.3737521496316
2022-07-22,2022,7,LATO,22.84012352692396,50.01393215744693,13249.38451954479,1840.859598442773
2022-07-22,2022,7,LATO,22.903005596812335,50.01393215744693,17751.75081067605,1840.8973949627803
2022-07-22,2022,7,LATO,22.965887666700695,50.01393215744693,22255.897973442527,1841.0424182812264
2022-07-22,2022,7,LATO,22.337066967817037,50.07681422733529,23665.765470187154,1852.2345145138822
2022-07-22,2022,7,LATO,22.399949037705397,50.07681422733529,19362.66631877855,1851.9691144743665
2022-07-22,2022,7,LATO,22.46283110759377,50.07681422733529,15176.497478602401,1851.4331392784406
2022-07-22,2022,7,LATO,22.52571317748213,50.07681422733529,11238.694648015777,1844.3845353947675
2022-07-22,2022,7,LATO,22.588595247370506,50.07681422733529,7928.398081183003,1844.5557226474195
2022-07-22,2022,7,LATO,22.651477317258866,50.07681422733529,6322.957874237219,1844.898105361268
2022-07-22,2022,7,LATO,22.714359387147226,50.07681422733529,7594.007975417393,1845.0365239495654
2022-07-22,2022,7,LATO,22.7772414570356,50.07681422733529,10766.947426028457,1845.0489501953477
2022-07-22,2022,7,LATO,22.84012352692396,50.07681422733529,14654.501867777979,1841.8684151672512
2022-07-22,2022,7,LATO,22.903005596812335,50.07681422733529,18818.8910388129,1842.125474428793
2022-07-22,2022,7,LATO,22.965887666700695,50.07681422733529,23110.944327591777,1842.6403488141266
2022-07-22,2022,7,LATO,22.399949037705397,50.13969629722365,22622.05369350782,1848.0670623251597
2022-07-22,2022,7,LATO,22.46283110759377,50.13969629722365,19166.632931566848,1849.5154158714315
2022-07-22,2022,7,LATO,22.52571317748213,50.13969629722365,16232.013520001597,1839.7647835648272
2022-07-22,2022,7,LATO,22.588595247370506,50.13969629722365,14146.11887527757,1839.918238937128
2022-07-22,2022,7,LATO,22.651477317258866,50.13969629722365,13314.013221550038,1840.2185652800158
2022-07-22,2022,7,LATO,22.714359387147226,50.13969629722365,13961.695581266016,1840.372031374138
2022-07-22,2022,7,LATO,22.7772414570356,50.13969629722365,15909.45532942079,1840.6790054234084
2022-07-22,2022,7,LATO,22.84012352692396,50.13969629722365,18756.560428837118,1851.8629495331788
2022-07-22,2022,7,LATO,22.903005596812335,50.13969629722365,22159.022993972176,1852.2894577619365
2022-07-22,2022,7,LATO,22.46283110759377,50.202578367112025,24540.639198270077,1849.281896299337
2022-07-22,2022,7,LATO,22.52571317748213,50.202578367112025,22327.062976493402,1838.06750488288
2022-07-22,2022,7,LATO,22.588595247370506,50.202578367112025,20861.81405954898,1838.2011049851544
2022-07-22,2022,7,LATO,22.651477317258866,50.202578367112025,20307.523458812033,1838.9028441043715
2022-07-22,2022,7,LATO,22.714359387147226,50.202578367112025,20737.36596706568,1839.2551757461322
2022-07-22,2022,7,LATO,22.7772414570356,50.202578367112025,22093.977714190158,1839.9449626915048
2022-07-22,2022,7,LATO,22.84012352692396,50.202578367112025,24222.141131806173,1855.3865965569425
2022-07-25,2022,7,LATO,22.780743232535045,49.82878772328128,23094.44903375016,1852.0338836318572
2022-07-25,2022,7,LATO,22.717861162646685,49.89166979316964,14962.101662012434,1858.7518414373
2022-07-25,2022,7,LATO,22.780743232535045,49.89166979316964,16870.520488444283,1856.3233329228547
2022-07-25,2022,7,LATO,22.84362530242342,49.89166979316964,19649.160104581722,1867.3420484216044
2022-07-25,2022,7,LATO,22.90650737231178,49.89166979316964,22984.550710999814,1866.5558568345436
2022-07-25,2022,7,LATO,22.717861162646685,49.954551863058015,8546.407014340726,1858.7518391864112
2022-07-25,2022,7,LATO,22.780743232535045,49.954551863058015,11563.39959417523,1858.7483803059527
2022-07-25,2022,7,LATO,22.84362530242342,49.954551863058015,15331.519629385028,1870.5750159967617
2022-07-25,2022,7,LATO,22.90650737231178,49.954551863058015,19418.311560371767,1870.9766776174388
2022-07-25,2022,7,LATO,22.969389442200153,49.954551863058015,23659.207083204412,1873.3180791114778
2022-07-25,2022,7,LATO,22.34056874331648,50.017433932946375,22572.230985439637,1830.819911964514
2022-07-25,2022,7,LATO,22.780743232535045,50.017433932946375,8980.531654212778,1857.7753376823
2022-07-25,2022,7,LATO,22.84362530242342,50.017433932946375,13485.594062941023,1857.7752842216928
2022-07-25,2022,7,LATO,22.90650737231178,50.017433932946375,17991.430140098637,1857.775304028121
2023-02-08,2023,2,ZIMA,22.543222054979392,49.818282396782934,23844.580738967565,1906.4005569140477
2023-02-08,2023,2,ZIMA,22.60610412486776,49.818282396782934,22718.528932761306,1912.8268531323492
2023-02-08,2023,2,ZIMA,22.668986194756126,49.818282396782934,22460.758843357904,1908.5525792083017
2023-02-08,2023,2,ZIMA,22.73186826464449,49.818282396782934,23100.35486137293,1910.6853577901913
2023-02-08,2023,2,ZIMA,22.794750334532857,49.818282396782934,24567.33080198617,1913.2387184432212
2023-02-08,2023,2,ZIMA,22.417457915202657,49.881164466671294,23031.096518731556,1905.357515907972
2023-02-08,2023,2,ZIMA,22.480339985091025,49.881164466671294,19914.797531770357,1922.3868098232658
2023-02-08,2023,2,ZIMA,22.543222054979392,49.881164466671294,17421.274692648036,1924.8486327556423
2023-02-08,2023,2,ZIMA,22.60610412486776,49.881164466671294,15847.281406598506,1913.1412797081778
2023-02-08,2023,2,ZIMA,22.668986194756126,49.881164466671294,15475.967440865885,1912.2604735166287
2023-02-08,2023,2,ZIMA,22.73186826464449,49.881164466671294,16389.27926047518,1908.3851378088275
2023-02-08,2023,2,ZIMA,22.794750334532857,49.881164466671294,18396.87936768486,1907.706633423754
2023-02-08,2023,2,ZIMA,22.857632404421224,49.881164466671294,21189.99202699651,1909.7512600246168
2023-02-08,2023,2,ZIMA,22.92051447430959,49.881164466671294,24501.433160808512,1903.3169807283925
2023-02-08,2023,2,ZIMA,22.354575845314294,49.944046536559654,23178.636067204665,1913.794780660674
2023-02-08,2023,2,ZIMA,22.417457915202657,49.944046536559654,19050.194082674974,1907.4831874058739
2023-02-08,2023,2,ZIMA,22.480339985091025,49.944046536559654,15141.051196505394,1917.1490478514995
2023-02-08,2023,2,ZIMA,22.543222054979392,49.944046536559654,11673.64126210208,1917.4655943560597
2023-02-08,2023,2,ZIMA,22.60610412486776,49.944046536559654,9163.917044842108,1910.2781536716388
2023-02-08,2023,2,ZIMA,22.668986194756126,49.944046536559654,8506.56967393002,1911.8843380188473
2023-02-08,2023,2,ZIMA,22.73186826464449,49.944046536559654,10071.089278044556,1912.0277099608709
2023-02-08,2023,2,ZIMA,22.794750334532857,49.944046536559654,13083.306804570208,1911.8527466346957
2023-02-08,2023,2,ZIMA,22.857632404421224,49.944046536559654,16780.941025819608,1910.7515219553434
2023-02-08,2023,2,ZIMA,22.92051447430959,49.944046536559654,20801.632851319795,1904.31891935155
2023-02-08,2023,2,ZIMA,22.354575845314294,50.006928606448014,21618.040770891686,1916.5079026580067
2023-02-08,2023,2,ZIMA,22.417457915202657,50.006928606448014,17123.886130947034,1915.6146761199925
2023-02-08,2023,2,ZIMA,22.480339985091025,50.006928606448014,12638.950019411841,1914.043201349005
2023-02-08,2023,2,ZIMA,22.543222054979392,50.006928606448014,8178.418270760709,1910.1001944879729
2023-02-08,2023,2,ZIMA,22.60610412486776,50.006928606448014,3828.5697965801783,1909.4393438669342
2023-02-08,2023,2,ZIMA,22.668986194756126,50.006928606448014,1748.5319321300367,1914.6787061400444
2023-02-08,2023,2,ZIMA,22.73186826464449,50.006928606448014,5664.34100011555,1911.6628857537949
2023-02-08,2023,2,ZIMA,22.794750334532857,50.006928606448014,10086.631749185417,1909.4198989283648
2023-02-08,2023,2,ZIMA,22.857632404421224,50.006928606448014,14561.02499648593,1905.3970315158815
2023-02-08,2023,2,ZIMA,22.92051447430959,50.006928606448014,19050.84269112359,1902.4631793012334
2023-02-08,2023,2,ZIMA,22.98339654419796,50.006928606448014,23547.261160031503,1903.6850605493396
2023-02-08,2023,2,ZIMA,22.354575845314294,50.069810676336374,22254.703554634234,1920.023681640562
2023-02-08,2023,2,ZIMA,22.417457915202657,50.069810676336374,17927.26609080291,1916.1290410873614
2023-02-08,2023,2,ZIMA,22.480339985091025,50.069810676336374,13714.105266687462,1914.167892399554
2023-02-08,2023,2,ZIMA,22.543222054979392,50.069810676336374,9764.291031138966,1910.111247876751
2023-02-08,2023,2,ZIMA,22.60610412486776,50.069810676336374,6571.229399687279,1910.9905560162483
2023-02-08,2023,2,ZIMA,22.668986194756126,50.069810676336374,5621.002175186564,1912.8234672363635
2023-02-08,2023,2,ZIMA,22.73186826464449,50.069810676336374,7783.641630589393,1912.109507558408
2023-02-08,2023,2,ZIMA,22.794750334532857,50.069810676336374,11408.307713933447,1911.3870896577457
2023-02-08,2023,2,ZIMA,22.857632404421224,50.069810676336374,15501.25262122609,1896.5798354213007
2023-02-08,2023,2,ZIMA,22.92051447430959,50.069810676336374,19773.79626047972,1900.8426646309583
2023-02-08,2023,2,ZIMA,22.98339654419796,50.069810676336374,24130.725788332762,1901.747044563734
2023-02-08,2023,2,ZIMA,22.417457915202657,50.13269274622476,21151.631610266355,1908.276840221346
2023-02-08,2023,2,ZIMA,22.480339985091025,50.13269274622476,17727.262098033436,1905.24566282294
2023-02-08,2023,2,ZIMA,22.543222054979392,50.13269274622476,14887.64579548281,1906.8894407640416
2023-02-08,2023,2,ZIMA,22.60610412486776,50.13269274622476,13021.138631167756,1915.7728396934788
2023-02-08,2023,2,ZIMA,22.668986194756126,50.13269274622476,12569.002778005643,1915.0636181330242
2023-02-08,2023,2,ZIMA,22.73186826464449,50.13269274622476,13672.280669832127,1899.7424834095402
2023-02-08,2023,2,ZIMA,22.794750334532857,50.13269274622476,16012.635344732576,1903.1997052726651
2023-02-08,2023,2,ZIMA,22.857632404421224,50.13269274622476,19141.56780290254,1898.840664799162
2023-02-08,2023,2,ZIMA,22.92051447430959,50.13269274622476,22735.79955325739,1913.753317226939
2023-02-08,2023,2,ZIMA,22.480339985091025,50.19557481611312,23200.949158687763,1905.057326376693
2023-02-08,2023,2,ZIMA,22.543222054979392,50.19557481611312,21113.780703731318,1905.4640020889944
2023-02-08,2023,2,ZIMA,22.60610412486776,50.19557481611312,19843.59108096418,1918.8834228516246
2023-02-08,2023,2,ZIMA,22.668986194756126,50.19557481611312,19550.26980713652,1913.0537276406508
2023-02-08,2023,2,ZIMA,22.73186826464449,50.19557481611312,20276.255232597017,1899.2042260249193
2023-02-08,2023,2,ZIMA,22.794750334532857,50.19557481611312,21920.506821805833,1898.2659376929541
2023-02-08,2023,2,ZIMA,22.857632404421224,50.19557481611312,24297.313099085826,1900.198411079507
2023-02-15,2023,2,ZIMA,22.539720279479937,49.818282396782934,23930.791786928894,1879.9562380845484
2023-02-15,2023,2,ZIMA,22.602602349368304,49.818282396782934,22759.15190906055,1879.9562515350165
2023-02-15,2023,2,ZIMA,22.66548441925667,49.818282396782934,22451.320776329067,1879.9562583452634
2023-02-15,2023,2,ZIMA,22.72836648914504,49.818282396782934,23041.944110980392,1879.9562608170281
2023-02-15,2023,2,ZIMA,22.41395613970321,49.881164466671294,23218.13102685405,1888.1313476562743
2023-02-15,2023,2,ZIMA,22.476838209591577,49.881164466671294,20074.386052200312,1888.1310782691235
2023-02-15,2023,2,ZIMA,22.539720279479937,49.881164466671294,17538.93490562306,1887.7242658522998
2023-02-15,2023,2,ZIMA,22.602602349368304,49.881164466671294,15905.38808781178,1887.1973766643268
2023-02-15,2023,2,ZIMA,22.66548441925667,49.881164466671294,15462.284276128039,1886.9401333457356
2023-02-15,2023,2,ZIMA,22.72836648914504,49.881164466671294,16306.954457242937,1886.941282970642
2023-02-15,2023,2,ZIMA,22.41395613970321,49.944046536559654,19275.602727838694,1883.7896954187165
2023-02-15,2023,2,ZIMA,22.476838209591577,49.944046536559654,15350.080184784147,1883.527282099206
2023-02-15,2023,2,ZIMA,22.539720279479937,49.944046536559654,11848.290547511337,1883.417724609444
2023-02-15,2023,2,ZIMA,22.602602349368304,49.944046536559654,9263.909635780445,1883.4134201832687
2023-02-15,2023,2,ZIMA,22.66548441925667,49.944046536559654,8481.682896390543,1883.3614742923392
2023-02-15,2023,2,ZIMA,22.72836648914504,49.944046536559654,9936.730943936836,1883.2557349205447
2023-02-15,2023,2,ZIMA,22.41395613970321,50.006928606448014,17373.980294857156,1881.2752613968305
2023-02-15,2023,2,ZIMA,22.476838209591577,50.006928606448014,12888.300516702679,1881.1697227654515
2023-02-15,2023,2,ZIMA,22.539720279479937,50.006928606448014,8425.513103939857,1880.9561209670137
2023-02-15,2023,2,ZIMA,22.602602349368304,50.006928606448014,4061.7979103036923,1880.747094903038
2023-02-15,2023,2,ZIMA,22.66548441925667,50.006928606448014,1623.3084811300353,1880.640308156604
2023-02-15,2023,2,ZIMA,22.72836648914504,50.006928606448014,5422.179720201143,1873.6432785235368
2023-02-15,2023,2,ZIMA,22.791248559033406,50.006928606448014,9838.339543263888,1872.446046820594
2023-02-15,2023,2,ZIMA,22.854130628921773,50.006928606448014,14311.31539773719,1872.4460449218461
2023-02-15,2023,2,ZIMA,22.91701269881014,50.006928606448014,18800.596436126183,1872.4216904122368
2023-02-15,2023,2,ZIMA,22.979894768698507,50.006928606448014,23296.75628918547,1871.5805145103402
2023-02-15,2023,2,ZIMA,22.41395613970321,50.069810676336374,18165.993601830167,1879.3416446217377
2023-02-15,2023,2,ZIMA,22.476838209591577,50.069810676336374,13943.945176384594,1879.1589927421232
2023-02-15,2023,2,ZIMA,22.539720279479937,50.069810676336374,9971.898877821735,1878.7941152836402
2023-02-15,2023,2,ZIMA,22.602602349368304,50.069810676336374,6709.612736345334,1878.4364463205245
2023-02-15,2023,2,ZIMA,22.66548441925667,50.069810676336374,5583.366752818271,1878.2538305838737
2023-02-15,2023,2,ZIMA,22.72836648914504,50.069810676336374,7609.458610497544,1866.7392605756386
2023-02-15,2023,2,ZIMA,22.791248559033406,50.069810676336374,11189.67063071935,1865.9762565804674
2023-02-15,2023,2,ZIMA,22.854130628921773,50.069810676336374,15267.237566831249,1865.0252876940835
2023-02-15,2023,2,ZIMA,22.91701269881014,50.069810676336374,19533.130847309978,1864.5807223651746
2023-02-15,2023,2,ZIMA,22.979894768698507,50.069810676336374,23886.661303617595,1864.4836425780964
2023-02-15,2023,2,ZIMA,22.41395613970321,50.13269274622476,21354.079212177185,1865.0183105468097
2023-02-15,2023,2,ZIMA,22.476838209591577,50.13269274622476,17905.429957259927,1865.0183105469434
2023-02-15,2023,2,ZIMA,22.539720279479937,50.13269274622476,15024.447242559912,1865.081175539575
2023-02-15,2023,2,ZIMA,22.602602349368304,50.13269274622476,13091.42811725958,1865.1875325228302
2023-02-15,2023,2,ZIMA,22.66548441925667,50.13269274622476,12552.238892009154,1865.240244104258
2023-02-15,2023,2,ZIMA,22.72836648914504,50.13269274622476,13574.002993155724,1863.0154943047355
2023-02-15,2023,2,ZIMA,22.791248559033406,50.13269274622476,15857.812197278598,1863.2942854937655
2023-02-15,2023,2,ZIMA,22.854130628921773,50.13269274622476,18952.80330190937,1863.841423915165
2023-02-15,2023,2,ZIMA,22.91701269881014,50.13269274622476,22527.07571149032,1864.1194132407434
2023-02-15,2023,2,ZIMA,22.476838209591577,50.19557481611312,23337.187327820007,1865.9246188170807
2023-02-15,2023,2,ZIMA,22.539720279479937,50.19557481611312,21210.336742937692,1865.9658203125603
2023-02-15,2023,2,ZIMA,22.602602349368304,50.19557481611312,19889.724481916317,1865.9658471924947
2023-02-15,2023,2,ZIMA,22.66548441925667,50.19557481611312,19539.510527923867,1866.0208208012486
2023-02-15,2023,2,ZIMA,22.72836648914504,50.19557481611312,20210.20376181929,1865.601775449659
2023-02-15,2023,2,ZIMA,22.791248559033406,50.19557481611312,21807.815356561256,1865.413315494968
2023-02-15,2023,2,ZIMA,22.854130628921773,50.19557481611312,24149.078514552173,1865.0439159271193
2023-02-28,2023,2,ZIMA,22.476838209591577,50.19557481611312,23337.187327820007,1886.7933208973252
2023-02-28,2023,2,ZIMA,22.539720279479937,50.19557481611312,21210.336742937692,1901.1964905038706
2023-02-28,2023,2,ZIMA,22.854130628921773,50.19557481611312,24149.078514552173,1867.0020771056404
2023-03-01,2023,3,ZIMA,22.543222054979392,49.818282396782934,23844.580738967565,1879.7879813866664
2023-03-01,2023,3,ZIMA,22.60610412486776,49.818282396782934,22718.528932761306,1878.1377384100606
2023-03-01,2023,3,ZIMA,22.668986194756126,49.818282396782934,22460.758843357904,1879.472190543787
2023-03-01,2023,3,ZIMA,22.73186826464449,49.818282396782934,23100.35486137293,1875.6308742786255
2023-03-01,2023,3,ZIMA,22.794750334532857,49.818282396782934,24567.33080198617,1868.5731119184386
2023-03-01,2023,3,ZIMA,22.417457915202657,49.881164466671294,23031.096518731556,1887.4421704738277
2023-03-01,2023,3,ZIMA,22.480339985091025,49.881164466671294,19914.797531770357,1879.677012756059
2023-03-01,2023,3,ZIMA,22.543222054979392,49.881164466671294,17421.274692648036,1875.928542614511
2023-03-01,2023,3,ZIMA,22.60610412486776,49.881164466671294,15847.281406598506,1884.4927736885088
2023-03-01,2023,3,ZIMA,22.668986194756126,49.881164466671294,15475.967440865885,1884.8653834092406
2023-03-01,2023,3,ZIMA,22.73186826464449,49.881164466671294,16389.27926047518,1869.174292382476
2023-03-01,2023,3,ZIMA,22.794750334532857,49.881164466671294,18396.87936768486,1869.2855953948465
2023-03-01,2023,3,ZIMA,22.857632404421224,49.881164466671294,21189.99202699651,1871.1607374126986
2023-03-01,2023,3,ZIMA,22.354575845314294,49.944046536559654,23178.636067204665,1871.073912323726
2023-03-01,2023,3,ZIMA,22.417457915202657,49.944046536559654,19050.194082674974,1888.7000732421218
2023-03-01,2023,3,ZIMA,22.480339985091025,49.944046536559654,15141.051196505394,1879.1023995422056
2023-03-01,2023,3,ZIMA,22.543222054979392,49.944046536559654,11673.64126210208,1878.414827830468
2023-03-01,2023,3,ZIMA,22.60610412486776,49.944046536559654,9163.917044842108,1884.0487364821624
2023-03-01,2023,3,ZIMA,22.668986194756126,49.944046536559654,8506.56967393002,1884.185552412198
2023-03-01,2023,3,ZIMA,22.73186826464449,49.944046536559654,10071.089278044556,1870.8834783845425
2023-03-01,2023,3,ZIMA,22.794750334532857,49.944046536559654,13083.306804570208,1869.0912248142452
2023-03-01,2023,3,ZIMA,22.857632404421224,49.944046536559654,16780.941025819608,1869.4938103672819
2023-03-01,2023,3,ZIMA,22.92051447430959,49.944046536559654,20801.632851319795,1863.2229769831538
2023-03-01,2023,3,ZIMA,22.354575845314294,50.006928606448014,21618.040770891686,1885.737978816239
2023-03-01,2023,3,ZIMA,22.417457915202657,50.006928606448014,17123.886130947034,1888.9795026972188
2023-03-01,2023,3,ZIMA,22.480339985091025,50.006928606448014,12638.950019411841,1881.2788409390935
2023-03-01,2023,3,ZIMA,22.543222054979392,50.006928606448014,8178.418270760709,1879.2909612221633
2023-03-01,2023,3,ZIMA,22.60610412486776,50.006928606448014,3828.5697965801783,1878.1278948830015
2023-03-01,2023,3,ZIMA,22.668986194756126,50.006928606448014,1748.5319321300367,1869.1943107161903
2023-03-01,2023,3,ZIMA,22.73186826464449,50.006928606448014,5664.34100011555,1866.5512870485493
2023-03-01,2023,3,ZIMA,22.794750334532857,50.006928606448014,10086.631749185417,1865.4419775399315
2023-03-01,2023,3,ZIMA,22.857632404421224,50.006928606448014,14561.02499648593,1870.3833237095548
2023-03-01,2023,3,ZIMA,22.92051447430959,50.006928606448014,19050.84269112359,1869.0211739298286
2023-03-01,2023,3,ZIMA,22.98339654419796,50.006928606448014,23547.261160031503,1867.9681925402833
2023-03-01,2023,3,ZIMA,22.354575845314294,50.069810676336374,22254.703554634234,1886.2444524414316
2023-03-01,2023,3,ZIMA,22.417457915202657,50.069810676336374,17927.26609080291,1884.7558556214367
2023-03-01,2023,3,ZIMA,22.480339985091025,50.069810676336374,13714.105266687462,1884.6696384775562
2023-03-01,2023,3,ZIMA,22.543222054979392,50.069810676336374,9764.291031138966,1880.510901604504
2023-03-01,2023,3,ZIMA,22.60610412486776,50.069810676336374,6571.229399687279,1874.8471541764352
2023-03-01,2023,3,ZIMA,22.668986194756126,50.069810676336374,5621.002175186564,1866.8581543562127
2023-03-01,2023,3,ZIMA,22.73186826464449,50.069810676336374,7783.641630589393,1866.9236095743665
2023-03-01,2023,3,ZIMA,22.794750334532857,50.069810676336374,11408.307713933447,1866.6551022582305
2023-03-01,2023,3,ZIMA,22.857632404421224,50.069810676336374,15501.25262122609,1869.0864498518501
2023-03-01,2023,3,ZIMA,22.92051447430959,50.069810676336374,19773.79626047972,1866.7164276632873
2023-03-01,2023,3,ZIMA,22.98339654419796,50.069810676336374,24130.725788332762,1862.8821512909292
2023-03-01,2023,3,ZIMA,22.417457915202657,50.13269274622476,21151.631610266355,1879.4484799638653
2023-03-01,2023,3,ZIMA,22.480339985091025,50.13269274622476,17727.262098033436,1882.1488858477219
2023-03-01,2023,3,ZIMA,22.543222054979392,50.13269274622476,14887.64579548281,1880.3638447170786
2023-03-01,2023,3,ZIMA,22.60610412486776,50.13269274622476,13021.138631167756,1866.8240371651568
2023-03-01,2023,3,ZIMA,22.668986194756126,50.13269274622476,12569.002778005643,1866.8121376387446
2023-03-01,2023,3,ZIMA,22.73186826464449,50.13269274622476,13672.280669832127,1862.1408014408103
2023-03-01,2023,3,ZIMA,22.794750334532857,50.13269274622476,16012.635344732576,1861.4947849398693
2023-03-01,2023,3,ZIMA,22.857632404421224,50.13269274622476,19141.56780290254,1853.8623092308746
2023-03-01,2023,3,ZIMA,22.92051447430959,50.13269274622476,22735.79955325739,1872.9383635032457
2023-03-01,2023,3,ZIMA,22.480339985091025,50.19557481611312,23200.949158687763,1884.5939176940121
2023-03-01,2023,3,ZIMA,22.543222054979392,50.19557481611312,21113.780703731318,1886.5640376282338
2023-03-01,2023,3,ZIMA,22.60610412486776,50.19557481611312,19843.59108096418,1866.974816950588
2023-03-01,2023,3,ZIMA,22.668986194756126,50.19557481611312,19550.26980713652,1866.2110370941775
2023-03-01,2023,3,ZIMA,22.73186826464449,50.19557481611312,20276.255232597017,1862.4158023152233
2023-03-01,2023,3,ZIMA,22.794750334532857,50.19557481611312,21920.506821805833,1864.045556725199
2023-03-01,2023,3,ZIMA,22.857632404421224,50.19557481611312,24297.313099085826,1866.1526253588202
2023-03-02,2023,3,ZIMA,22.543222054979392,49.818282396782934,23844.580738967565,1860.5473352766737
2023-03-02,2023,3,ZIMA,22.60610412486776,49.818282396782934,22718.528932761306,1882.9658804351825
2023-03-02,2023,3,ZIMA,22.668986194756126,49.818282396782934,22460.758843357904,1883.555326187066
2023-03-02,2023,3,ZIMA,22.73186826464449,49.818282396782934,23100.35486137293,1861.013984461293
2023-03-02,2023,3,ZIMA,22.794750334532857,49.818282396782934,24567.33080198617,1860.3719362884071
2023-03-02,2023,3,ZIMA,22.417457915202657,49.881164466671294,23031.096518731556,1861.9847155887473
2023-03-02,2023,3,ZIMA,22.480339985091025,49.881164466671294,19914.797531770357,1864.7872521822464
2023-03-02,2023,3,ZIMA,22.543222054979392,49.881164466671294,17421.274692648036,1870.9759205003422
2023-03-02,2023,3,ZIMA,22.60610412486776,49.881164466671294,15847.281406598506,1875.5522479606423
2023-03-02,2023,3,ZIMA,22.668986194756126,49.881164466671294,15475.967440865885,1873.753401588284
2023-03-02,2023,3,ZIMA,22.73186826464449,49.881164466671294,16389.27926047518,1867.7464966157438
2023-03-02,2023,3,ZIMA,22.794750334532857,49.881164466671294,18396.87936768486,1867.3725618108276
2023-03-02,2023,3,ZIMA,22.354575845314294,49.944046536559654,23178.636067204665,1878.1203363693025
2023-03-02,2023,3,ZIMA,22.417457915202657,49.944046536559654,19050.194082674974,1860.0445072516086
2023-03-02,2023,3,ZIMA,22.480339985091025,49.944046536559654,15141.051196505394,1862.307237907133
2023-03-02,2023,3,ZIMA,22.543222054979392,49.944046536559654,11673.64126210208,1872.567348625018
2023-03-02,2023,3,ZIMA,22.60610412486776,49.944046536559654,9163.917044842108,1873.5485730113394
2023-03-02,2023,3,ZIMA,22.668986194756126,49.944046536559654,8506.56967393002,1862.8031870827938
2023-03-02,2023,3,ZIMA,22.73186826464449,49.944046536559654,10071.089278044556,1861.0007032109684
2023-03-02,2023,3,ZIMA,22.794750334532857,49.944046536559654,13083.306804570208,1861.261766176779
2023-03-02,2023,3,ZIMA,22.857632404421224,49.944046536559654,16780.941025819608,1856.9225752293328
2023-03-02,2023,3,ZIMA,22.354575845314294,50.006928606448014,21618.040770891686,1866.8120660778404
2023-03-02,2023,3,ZIMA,22.417457915202657,50.006928606448014,17123.886130947034,1862.083149457348
2023-03-02,2023,3,ZIMA,22.480339985091025,50.006928606448014,12638.950019411841,1872.565761233114
2023-03-02,2023,3,ZIMA,22.543222054979392,50.006928606448014,8178.418270760709,1873.617433256704
2023-03-02,2023,3,ZIMA,22.60610412486776,50.006928606448014,3828.5697965801783,1862.949829105438
2023-03-02,2023,3,ZIMA,22.668986194756126,50.006928606448014,1748.5319321300367,1861.7624044919016
2023-03-02,2023,3,ZIMA,22.73186826464449,50.006928606448014,5664.34100011555,1860.1308663561326
2023-03-02,2023,3,ZIMA,22.794750334532857,50.006928606448014,10086.631749185417,1859.5870361328482
2023-03-02,2023,3,ZIMA,22.857632404421224,50.006928606448014,14561.02499648593,1854.6852258466336
2023-03-02,2023,3,ZIMA,22.92051447430959,50.006928606448014,19050.84269112359,1854.7319441364064
2023-03-02,2023,3,ZIMA,22.98339654419796,50.006928606448014,23547.261160031503,1856.8476260918299
2023-03-02,2023,3,ZIMA,22.354575845314294,50.069810676336374,22254.703554634234,1863.8251349865404
2023-03-02,2023,3,ZIMA,22.417457915202657,50.069810676336374,17927.26609080291,1863.4913594869124
2023-03-02,2023,3,ZIMA,22.480339985091025,50.069810676336374,13714.105266687462,1870.688869247117
2023-03-02,2023,3,ZIMA,22.543222054979392,50.069810676336374,9764.291031138966,1870.840454101631
2023-03-02,2023,3,ZIMA,22.60610412486776,50.069810676336374,6571.229399687279,1857.7897710676566
2023-03-02,2023,3,ZIMA,22.668986194756126,50.069810676336374,5621.002175186564,1859.769707356554
2023-03-02,2023,3,ZIMA,22.73186826464449,50.069810676336374,7783.641630589393,1858.1470847794753
2023-03-02,2023,3,ZIMA,22.794750334532857,50.069810676336374,11408.307713933447,1858.4088831804538
2023-03-02,2023,3,ZIMA,22.857632404421224,50.069810676336374,15501.25262122609,1847.8730074097373
2023-03-02,2023,3,ZIMA,22.92051447430959,50.069810676336374,19773.79626047972,1846.516863641377
2023-03-02,2023,3,ZIMA,22.98339654419796,50.069810676336374,24130.725788332762,1856.3288266507425
2023-03-02,2023,3,ZIMA,22.417457915202657,50.13269274622476,21151.631610266355,1867.4082107461838
2023-03-02,2023,3,ZIMA,22.480339985091025,50.13269274622476,17727.262098033436,1868.1454221868294
2023-03-02,2023,3,ZIMA,22.543222054979392,50.13269274622476,14887.64579548281,1858.2912712471325
2023-03-02,2023,3,ZIMA,22.60610412486776,50.13269274622476,13021.138631167756,1850.8937988281928
2023-03-02,2023,3,ZIMA,22.668986194756126,50.13269274622476,12569.002778005643,1851.3536917607298
2023-03-02,2023,3,ZIMA,22.73186826464449,50.13269274622476,13672.280669832127,1850.0015184041742
2023-03-02,2023,3,ZIMA,22.794750334532857,50.13269274622476,16012.635344732576,1847.5013752168165
2023-03-02,2023,3,ZIMA,22.857632404421224,50.13269274622476,19141.56780290254,1836.991353567055
2023-03-02,2023,3,ZIMA,22.92051447430959,50.13269274622476,22735.79955325739,1862.6842657270677
2023-03-02,2023,3,ZIMA,22.480339985091025,50.19557481611312,23200.949158687763,1866.9280596413475
2023-03-02,2023,3,ZIMA,22.543222054979392,50.19557481611312,21113.780703731318,1856.0449161863453
2023-03-02,2023,3,ZIMA,22.60610412486776,50.19557481611312,19843.59108096418,1855.1302511940432
2023-03-02,2023,3,ZIMA,22.668986194756126,50.19557481611312,19550.26980713652,1854.5223959251732
2023-03-02,2023,3,ZIMA,22.73186826464449,50.19557481611312,20276.255232597017,1851.7797488984518
2023-03-02,2023,3,ZIMA,22.794750334532857,50.19557481611312,21920.506821805833,1843.2956962580415
2023-03-02,2023,3,ZIMA,22.857632404421224,50.19557481611312,24297.313099085826,1836.875229791912
2023-03-17,2023,3,ZIMA,22.543222054979392,49.82178417228238,23478.304883595505,1895.8192075168558
2023-03-17,2023,3,ZIMA,22.60610412486776,49.82178417228238,22333.87813315335,1901.9850362492293
2023-03-17,2023,3,ZIMA,22.417457915202657,49.88466624217074,22771.25371146151,1874.0802021985721
2023-03-17,2023,3,ZIMA,22.480339985091025,49.88466624217074,19613.959897798166,1874.0802500822283
2023-03-17,2023,3,ZIMA,22.354575845314294,49.94754831205911,23038.7393434135,1884.9096231782808
2023-03-17,2023,3,ZIMA,22.417457915202657,49.94754831205911,18880.06549302841,1872.786747194087
2023-03-17,2023,3,ZIMA,22.354575845314294,50.01043038194747,21594.502837901968,1885.7505062435714
2023-03-17,2023,3,ZIMA,22.543222054979392,50.01043038194747,8117.788360441691,1889.304815692701
2023-03-17,2023,3,ZIMA,22.60610412486776,50.01043038194747,3697.797015521164,1890.1407377531866
2023-03-17,2023,3,ZIMA,22.668986194756126,50.01043038194747,1440.1243037728434,1894.3037693441822
2023-03-17,2023,3,ZIMA,22.73186826464449,50.01043038194747,5576.6701266660275,1894.3411909650322
2023-03-17,2023,3,ZIMA,22.354575845314294,50.07331245183585,22354.046447198238,1886.2323534496577
2023-03-17,2023,3,ZIMA,22.60610412486776,50.07331245183585,6902.5761455507945,1895.979473863181
2023-03-17,2023,3,ZIMA,22.668986194756126,50.07331245183585,6005.082267543398,1895.941974168271
2023-03-17,2023,3,ZIMA,22.73186826464449,50.07331245183585,8065.253034462693,1895.0277325473742
2023-03-17,2023,3,ZIMA,22.60610412486776,50.13619452172421,13396.398279171968,1897.5374920104423
2023-03-17,2023,3,ZIMA,22.668986194756126,50.13619452172421,12957.395986301584,1897.759677536713
2023-03-17,2023,3,ZIMA,22.73186826464449,50.13619452172421,14030.089988961361,1877.7141571355673
2023-03-17,2023,3,ZIMA,22.794750334532857,50.13619452172421,16319.055751563907,1877.699217251025
2023-03-17,2023,3,ZIMA,22.543222054979392,50.19907659161257,21474.414467943952,1887.5431896116174
2023-03-17,2023,3,ZIMA,22.60610412486776,50.19907659161257,20226.978328446672,1894.2552895097697
2023-03-17,2023,3,ZIMA,22.668986194756126,50.19907659161257,19939.318930371814,1890.1205865648526
2023-03-17,2023,3,ZIMA,22.73186826464449,50.19907659161257,20651.581114353154,1878.6657124524836
2023-03-17,2023,3,ZIMA,22.794750334532857,50.19907659161257,22268.02238322899,1878.4040245160336
2023-03-18,2023,3,ZIMA,22.543222054979392,49.82178417228238,23478.304883595505,1867.110868623587
2023-03-18,2023,3,ZIMA,22.60610412486776,49.82178417228238,22333.87813315335,1862.7031250000603
2023-03-18,2023,3,ZIMA,22.668986194756126,49.82178417228238,22071.635295795553,1867.7264120721238
2023-03-18,2023,3,ZIMA,22.73186826464449,49.82178417228238,22722.14089493877,1870.3595324007447
2023-03-18,2023,3,ZIMA,22.794750334532857,49.82178417228238,24211.93892748119,1868.746725112048
2023-03-18,2023,3,ZIMA,22.417457915202657,49.88466624217074,22771.25371146151,1865.6307886367883
2023-03-18,2023,3,ZIMA,22.480339985091025,49.88466624217074,19613.959897798166,1876.9954718382305
2023-03-18,2023,3,ZIMA,22.543222054979392,49.88466624217074,17076.76204370946,1877.4474109562982
2023-03-18,2023,3,ZIMA,22.60610412486776,49.88466624217074,15467.873285244448,1879.3397504207946
2023-03-18,2023,3,ZIMA,22.668986194756126,49.88466624217074,15087.252427252262,1884.126456852444
2023-03-18,2023,3,ZIMA,22.73186826464449,49.88466624217074,16022.671031962454,1877.0850370621924
2023-03-18,2023,3,ZIMA,22.794750334532857,49.88466624217074,18070.905762502578,1861.8882807854561
2023-03-18,2023,3,ZIMA,22.857632404421224,49.88466624217074,20907.42059662668,1861.6047915607583
2023-03-18,2023,3,ZIMA,22.354575845314294,49.94754831205911,23038.7393434135,1869.492322564278
2023-03-18,2023,3,ZIMA,22.417457915202657,49.94754831205911,18880.06549302841,1863.5005421112498
2023-03-18,2023,3,ZIMA,22.480339985091025,49.94754831205911,14926.757659550281,1875.023357875519
2023-03-18,2023,3,ZIMA,22.543222054979392,49.94754831205911,11394.616865865368,1875.814016829913
2023-03-18,2023,3,ZIMA,22.60610412486776,49.94754831205911,8805.938382230486,1885.5190583873325
2023-03-18,2023,3,ZIMA,22.668986194756126,49.94754831205911,8119.71329402324,1885.7357678573223
2023-03-18,2023,3,ZIMA,22.73186826464449,49.94754831205911,9746.42254470249,1867.2833159103661
2023-03-18,2023,3,ZIMA,22.794750334532857,49.94754831205911,12834.865990049382,1862.7730279879856
2023-03-18,2023,3,ZIMA,22.857632404421224,49.94754831205911,16587.731984827173,1861.8853194521032
2023-03-18,2023,3,ZIMA,22.92051447430959,49.94754831205911,20645.8191535088,1861.7321693499027
2023-03-18,2023,3,ZIMA,22.354575845314294,50.01043038194747,21594.502837901968,1892.0330283407359
2023-03-18,2023,3,ZIMA,22.417457915202657,50.01043038194747,17094.53108890455,1886.0333865460207
2023-03-18,2023,3,ZIMA,22.480339985091025,50.01043038194747,12599.534648372786,1881.4354062037455
2023-03-18,2023,3,ZIMA,22.543222054979392,50.01043038194747,8117.788360441691,1884.2224308905415
2023-03-18,2023,3,ZIMA,22.60610412486776,50.01043038194747,3697.797015521164,1889.5647468342547
2023-03-18,2023,3,ZIMA,22.668986194756126,50.01043038194747,1440.1243037728434,1885.7820132369627
2023-03-18,2023,3,ZIMA,22.73186826464449,50.01043038194747,5576.6701266660275,1866.4909667968102
2023-03-18,2023,3,ZIMA,22.794750334532857,50.01043038194747,10037.408538986583,1866.2735733873424
2023-03-18,2023,3,ZIMA,22.857632404421224,50.01043038194747,14526.694946998776,1865.2759258238495
2023-03-18,2023,3,ZIMA,22.92051447430959,50.01043038194747,19024.328090522504,1860.722357560181
2023-03-18,2023,3,ZIMA,22.98339654419796,50.01043038194747,23525.518975902105,1851.0188186873722
2023-03-18,2023,3,ZIMA,22.354575845314294,50.07331245183585,22354.046447198238,1896.378476042383
2023-03-18,2023,3,ZIMA,22.417457915202657,50.07331245183585,18050.792026787316,1884.5996659518112
2023-03-18,2023,3,ZIMA,22.480339985091025,50.07331245183585,13875.540196588263,1887.1101686445666
2023-03-18,2023,3,ZIMA,22.543222054979392,50.07331245183585,9990.098663853862,1889.0388023876292
2023-03-18,2023,3,ZIMA,22.60610412486776,50.07331245183585,6902.5761455507945,1891.5385971370004
2023-03-18,2023,3,ZIMA,22.668986194756126,50.07331245183585,6005.082267543398,1882.3535565486238
2023-03-18,2023,3,ZIMA,22.73186826464449,50.07331245183585,8065.253034462693,1872.5811165532764
2023-03-18,2023,3,ZIMA,22.794750334532857,50.07331245183585,11602.053204369857,1868.0152910712716
2023-03-18,2023,3,ZIMA,22.857632404421224,50.07331245183585,15644.135070801747,1859.3058386881826
2023-03-18,2023,3,ZIMA,22.92051447430959,50.07331245183585,19885.727864106793,1853.6652048303445
2023-03-18,2023,3,ZIMA,22.98339654419796,50.07331245183585,24222.24501644626,1852.0177236640686
2023-03-18,2023,3,ZIMA,22.417457915202657,50.13619452172421,21384.215178706392,1875.6874389143654
2023-03-18,2023,3,ZIMA,22.480339985091025,50.13619452172421,18004.40735855913,1887.4902952882594
2023-03-18,2023,3,ZIMA,22.543222054979392,50.13619452172421,15216.820549087257,1887.9386527429197
2023-03-18,2023,3,ZIMA,22.60610412486776,50.13619452172421,13396.398279171968,1874.2704709851232
2023-03-18,2023,3,ZIMA,22.668986194756126,50.13619452172421,12957.395986301584,1869.812006222169
2023-03-18,2023,3,ZIMA,22.73186826464449,50.13619452172421,14030.089988961361,1866.715711036441
2023-03-18,2023,3,ZIMA,22.794750334532857,50.13619452172421,16319.055751563907,1858.053716025264
2023-03-18,2023,3,ZIMA,22.857632404421224,50.13619452172421,19398.41930955135,1860.092937551123
2023-03-18,2023,3,ZIMA,22.92051447430959,50.13619452172421,22952.22525908215,1851.685868316457
2023-03-18,2023,3,ZIMA,22.480339985091025,50.19907659161257,23529.471228193466,1887.5830294856369
2023-03-18,2023,3,ZIMA,22.543222054979392,50.19907659161257,21474.414467943952,1887.6232532637364
2023-03-18,2023,3,ZIMA,22.60610412486776,50.19907659161257,20226.978328446672,1867.944540131605
2023-03-18,2023,3,ZIMA,22.668986194756126,50.19907659161257,19939.318930371814,1867.9201771369292
2023-03-18,2023,3,ZIMA,22.73186826464449,50.19907659161257,20651.581114353154,1853.679406463234
2023-03-18,2023,3,ZIMA,22.794750334532857,50.19907659161257,22268.02238322899,1853.7848511631641
2023-03-18,2023,3,ZIMA,22.857632404421224,50.19907659161257,24611.127318728886,1852.9968825490798
2023-03-19,2023,3,ZIMA,22.543222054979392,49.82178417228238,23478.304883595505,1837.6448691960231
2023-03-19,2023,3,ZIMA,22.60610412486776,49.82178417228238,22333.87813315335,1831.334711439908
2023-03-19,2023,3,ZIMA,22.668986194756126,49.82178417228238,22071.635295795553,1841.8931560186077
2023-03-19,2023,3,ZIMA,22.73186826464449,49.82178417228238,22722.14089493877,1838.1448935418582
2023-03-19,2023,3,ZIMA,22.794750334532857,49.82178417228238,24211.93892748119,1837.7428806478379
2023-03-19,2023,3,ZIMA,22.417457915202657,49.88466624217074,22771.25371146151,1848.699735950648
2023-03-19,2023,3,ZIMA,22.480339985091025,49.88466624217074,19613.959897798166,1845.0709002185706
2023-03-19,2023,3,ZIMA,22.543222054979392,49.88466624217074,17076.76204370946,1844.8427170472721
2023-03-19,2023,3,ZIMA,22.60610412486776,49.88466624217074,15467.873285244448,1845.6233611398648
2023-03-19,2023,3,ZIMA,22.668986194756126,49.88466624217074,15087.252427252262,1844.4385689506123
2023-03-19,2023,3,ZIMA,22.73186826464449,49.88466624217074,16022.671031962454,1844.139177099326
2023-03-19,2023,3,ZIMA,22.794750334532857,49.88466624217074,18070.905762502578,1845.3584884684212
2023-03-19,2023,3,ZIMA,22.354575845314294,49.94754831205911,23038.7393434135,1856.2735280007719
2023-03-19,2023,3,ZIMA,22.417457915202657,49.94754831205911,18880.06549302841,1851.8407935425314
2023-03-19,2023,3,ZIMA,22.480339985091025,49.94754831205911,14926.757659550281,1849.4573632779639
2023-03-19,2023,3,ZIMA,22.543222054979392,49.94754831205911,11394.616865865368,1847.805211338947
2023-03-19,2023,3,ZIMA,22.60610412486776,49.94754831205911,8805.938382230486,1848.956420898505
2023-03-19,2023,3,ZIMA,22.668986194756126,49.94754831205911,8119.71329402324,1848.3424389283928
2023-03-19,2023,3,ZIMA,22.73186826464449,49.94754831205911,9746.42254470249,1845.385794052479
2023-03-19,2023,3,ZIMA,22.794750334532857,49.94754831205911,12834.865990049382,1855.4681483481575
2023-03-19,2023,3,ZIMA,22.857632404421224,49.94754831205911,16587.731984827173,1857.3530364858932
2023-03-19,2023,3,ZIMA,22.354575845314294,50.01043038194747,21594.502837901968,1860.505568201297
2023-03-19,2023,3,ZIMA,22.417457915202657,50.01043038194747,17094.53108890455,1861.1374719864593
2023-03-19,2023,3,ZIMA,22.480339985091025,50.01043038194747,12599.534648372786,1852.889606762472
2023-03-19,2023,3,ZIMA,22.543222054979392,50.01043038194747,8117.788360441691,1848.7777936284417
2023-03-19,2023,3,ZIMA,22.60610412486776,50.01043038194747,3697.797015521164,1849.4250044705984
2023-03-19,2023,3,ZIMA,22.668986194756126,50.01043038194747,1440.1243037728434,1849.7236839164773
2023-03-19,2023,3,ZIMA,22.73186826464449,50.01043038194747,5576.6701266660275,1850.4538945640118
2023-03-19,2023,3,ZIMA,22.794750334532857,50.01043038194747,10037.408538986583,1852.784885134211
2023-03-19,2023,3,ZIMA,22.857632404421224,50.01043038194747,14526.694946998776,1854.4384188743566
2023-03-19,2023,3,ZIMA,22.92051447430959,50.01043038194747,19024.328090522504,1847.7779844851195
2023-03-19,2023,3,ZIMA,22.98339654419796,50.01043038194747,23525.518975902105,1848.6407470702839
2023-03-19,2023,3,ZIMA,22.354575845314294,50.07331245183585,22354.046447198238,1852.944061713502
2023-03-19,2023,3,ZIMA,22.417457915202657,50.07331245183585,18050.792026787316,1858.6895085300048
2023-03-19,2023,3,ZIMA,22.480339985091025,50.07331245183585,13875.540196588263,1847.13277568644
2023-03-19,2023,3,ZIMA,22.543222054979392,50.07331245183585,9990.098663853862,1847.4645577453084
2023-03-19,2023,3,ZIMA,22.60610412486776,50.07331245183585,6902.5761455507945,1848.7632639340127
2023-03-19,2023,3,ZIMA,22.668986194756126,50.07331245183585,6005.082267543398,1849.1481250079644
2023-03-19,2023,3,ZIMA,22.73186826464449,50.07331245183585,8065.253034462693,1848.9469414624307
2023-03-19,2023,3,ZIMA,22.794750334532857,50.07331245183585,11602.053204369857,1848.1896972656607
2023-03-19,2023,3,ZIMA,22.857632404421224,50.07331245183585,15644.135070801747,1851.446713841955
2023-03-19,2023,3,ZIMA,22.92051447430959,50.07331245183585,19885.727864106793,1840.2698558463217
2023-03-19,2023,3,ZIMA,22.98339654419796,50.07331245183585,24222.24501644626,1842.4622657842424
2023-03-19,2023,3,ZIMA,22.417457915202657,50.13619452172421,21384.215178706392,1843.7372112269272
2023-03-19,2023,3,ZIMA,22.480339985091025,50.13619452172421,18004.40735855913,1842.725618151067
2023-03-19,2023,3,ZIMA,22.543222054979392,50.13619452172421,15216.820549087257,1842.8914463546653
2023-03-19,2023,3,ZIMA,22.60610412486776,50.13619452172421,13396.398279171968,1847.8236270660511
2023-03-19,2023,3,ZIMA,22.668986194756126,50.13619452172421,12957.395986301584,1852.0272432881884
2023-03-19,2023,3,ZIMA,22.73186826464449,50.13619452172421,14030.089988961361,1852.3938156429542
2023-03-19,2023,3,ZIMA,22.794750334532857,50.13619452172421,16319.055751563907,1852.9118061686313
2023-03-19,2023,3,ZIMA,22.857632404421224,50.13619452172421,19398.41930955135,1840.6610738349586
2023-03-19,2023,3,ZIMA,22.92051447430959,50.13619452172421,22952.22525908215,1844.4876112694085
2023-03-19,2023,3,ZIMA,22.480339985091025,50.19907659161257,23529.471228193466,1841.450946555113
2023-03-19,2023,3,ZIMA,22.543222054979392,50.19907659161257,21474.414467943952,1841.8635045162584
2023-03-19,2023,3,ZIMA,22.60610412486776,50.19907659161257,20226.978328446672,1852.5945528033544
2023-03-19,2023,3,ZIMA,22.668986194756126,50.19907659161257,19939.318930371814,1853.2480810584434
2023-03-19,2023,3,ZIMA,22.73186826464449,50.19907659161257,20651.581114353154,1852.249438094866
2023-03-19,2023,3,ZIMA,22.794750334532857,50.19907659161257,22268.02238322899,1851.8588972250127
2023-03-19,2023,3,ZIMA,22.857632404421224,50.19907659161257,24611.127318728886,1844.764315820118
2023-03-29,2023,3,ZIMA,22.480339985091025,49.82878772328128,24711.809120294347,1847.1841990513872
2023-03-29,2023,3,ZIMA,22.543222054979392,49.82878772328128,22748.066442999923,1847.184216057725
2023-03-29,2023,3,ZIMA,22.60610412486776,49.82878772328128,21565.09706289241,1846.2413521038998
2023-03-29,2023,3,ZIMA,22.668986194756126,49.82878772328128,21293.427765337514,1846.3291399318534
2023-03-29,2023,3,ZIMA,22.73186826464449,49.82878772328128,21966.894607487786,1847.700623850235
2023-03-29,2023,3,ZIMA,22.794750334532857,49.82878772328128,23504.396650112318,1848.381122805741
2023-03-29,2023,3,ZIMA,22.417457915202657,49.89166979316964,22262.91512756393,1852.8370120546003
2023-03-29,2023,3,ZIMA,22.480339985091025,49.89166979316964,19021.939045588762,1851.5216610773807
2023-03-29,2023,3,ZIMA,22.543222054979392,49.89166979316964,16393.77929599842,1851.309051522464
2023-03-29,2023,3,ZIMA,22.60610412486776,49.89166979316964,14710.638103227138,1849.2132914950967
2023-03-29,2023,3,ZIMA,22.668986194756126,49.89166979316964,14309.94893217961,1848.6401716511903
2023-03-29,2023,3,ZIMA,22.73186826464449,49.89166979316964,15292.848954922392,1848.371519193792
2023-03-29,2023,3,ZIMA,22.417457915202657,49.954551863058015,18559.66253791124,1855.8987296246864
2023-03-29,2023,3,ZIMA,22.480339985091025,49.954551863058015,14520.04361323391,1853.27198360012
2023-03-29,2023,3,ZIMA,22.543222054979392,49.954551863058015,10856.994445873956,1852.4105351160692
2023-03-29,2023,3,ZIMA,22.60610412486776,49.954551863058015,8098.712783562352,1850.3178828909975
2023-03-29,2023,3,ZIMA,22.668986194756126,49.954551863058015,7346.83768198069,1850.093055486004
2023-03-29,2023,3,ZIMA,22.354575845314294,50.017433932946375,21568.461962262016,1859.3514912815074
2023-03-29,2023,3,ZIMA,22.417457915202657,50.017433932946375,17062.364867746277,1859.1387261183302
2023-03-29,2023,3,ZIMA,22.480339985091025,50.017433932946375,12556.630674141996,1855.2040686008029
2023-03-29,2023,3,ZIMA,22.543222054979392,50.017433932946375,8051.874491102406,1853.3027772855467
2023-03-29,2023,3,ZIMA,22.60610412486776,50.017433932946375,3551.828731714459,1853.5660168163258
2023-03-29,2023,3,ZIMA,22.668986194756126,50.017433932946375,1008.6745831835706,1863.5412581082844
2023-03-29,2023,3,ZIMA,22.73186826464449,50.017433932946375,5480.739193284635,1864.3211638772216
2023-03-29,2023,3,ZIMA,22.794750334532857,50.017433932946375,9983.922076715906,1862.5553935738199
2023-03-29,2023,3,ZIMA,22.857632404421224,50.017433932946375,14489.236311917515,1854.2181302589725
2023-03-29,2023,3,ZIMA,22.354575845314294,50.08031600283475,22571.593120862584,1854.1707560851178
2023-03-29,2023,3,ZIMA,22.417457915202657,50.08031600283475,18320.20307903207,1856.887631216402
2023-03-29,2023,3,ZIMA,22.480339985091025,50.08031600283475,14224.935327969335,1852.1574319621154
2023-03-29,2023,3,ZIMA,22.543222054979392,50.08031600283475,10470.614246793919,1852.2182390087453
2023-03-29,2023,3,ZIMA,22.60610412486776,50.08031600283475,7581.877613171757,1865.502619618083
2023-03-29,2023,3,ZIMA,22.668986194756126,50.08031600283475,6775.102572670169,1865.949973451436
2023-03-29,2023,3,ZIMA,22.73186826464449,50.08031600283475,8653.61621414954,1861.313925370756
2023-03-29,2023,3,ZIMA,22.794750334532857,50.08031600283475,12018.080216548418,1855.4175290179019
2023-03-29,2023,3,ZIMA,22.857632404421224,50.08031600283475,15954.608229179084,1855.1625949243214
2023-03-29,2023,3,ZIMA,22.417457915202657,50.14319807272311,21862.782814030616,1850.0658671321546
2023-03-29,2023,3,ZIMA,22.480339985091025,50.14319807272311,18570.803615072375,1850.2682410831187
2023-03-29,2023,3,ZIMA,22.543222054979392,50.14319807272311,15883.363153205039,1851.7228500807714
2023-03-29,2023,3,ZIMA,22.60610412486776,50.14319807272311,14149.22946280949,1863.6891666213232
2023-03-29,2023,3,ZIMA,22.668986194756126,50.14319807272311,13734.373189309134,1864.553729162707
2023-03-29,2023,3,ZIMA,22.73186826464449,50.14319807272311,14750.52861257386,1845.07727984273
2023-03-29,2023,3,ZIMA,22.794750334532857,50.14319807272311,16942.139697664446,1843.817531670813
2023-03-29,2023,3,ZIMA,22.857632404421224,50.14319807272311,19925.037407232725,1852.2601304210768
2023-03-29,2023,3,ZIMA,22.480339985091025,50.20608014261147,24191.94764707279,1852.2508673064951
2023-03-29,2023,3,ZIMA,22.543222054979392,50.20608014261147,22198.610876776278,1865.537592109791
2023-03-29,2023,3,ZIMA,22.60610412486776,50.20608014261147,20994.430424650796,1865.5726200900465
2023-03-29,2023,3,ZIMA,22.668986194756126,50.20608014261147,20717.470530006434,1862.5844423890167
2023-03-29,2023,3,ZIMA,22.73186826464449,50.20608014261147,21403.75483245062,1846.0090639766674
2023-03-29,2023,3,ZIMA,22.794750334532857,50.20608014261147,22967.097983633736,1843.6405973181063
2023-06-01,2023,6,LATO,22.52571317748213,49.82878772328128,23223.446671401936,1862.152229518719
2023-06-01,2023,6,LATO,22.588595247370506,49.82878772328128,21807.18193595717,1889.1436000914189
2023-06-01,2023,6,LATO,22.651477317258866,49.82878772328128,21273.356297295428,1889.5032044908935
2023-06-01,2023,6,LATO,22.714359387147226,49.82878772328128,21687.22960171284,1889.3482998132893
2023-06-01,2023,6,LATO,22.7772414570356,49.82878772328128,22997.694466962104,1885.248627000046
2023-06-01,2023,6,LATO,22.399949037705397,49.89166979316964,23240.95435275252,1878.5629346876613
2023-06-01,2023,6,LATO,22.46283110759377,49.89166979316964,19874.58844639638,1878.3343783074872
2023-06-01,2023,6,LATO,22.52571317748213,49.89166979316964,17046.454606667296,1900.4680513403455
2023-06-01,2023,6,LATO,22.588595247370506,49.89166979316964,15062.835837653478,1903.415405273462
2023-06-01,2023,6,LATO,22.651477317258866,49.89166979316964,14280.103976491555,1898.5948239380684
2023-06-01,2023,6,LATO,22.714359387147226,49.89166979316964,14888.872887278887,1891.9090163409696
2023-06-01,2023,6,LATO,22.7772414570356,49.89166979316964,16737.999220682526,1892.9348476759972
2023-06-01,2023,6,LATO,22.84012352692396,49.89166979316964,19477.365119759223,1885.279649677868
2023-06-01,2023,6,LATO,22.903005596812335,49.89166979316964,22788.153438215097,1882.5846396035492
2023-06-01,2023,6,LATO,22.337066967817037,49.954551863058015,23969.435525253684,1875.7509008822954
2023-06-01,2023,6,LATO,22.399949037705397,49.954551863058015,19720.74564278404,1873.8050206289727
2023-06-01,2023,6,LATO,22.46283110759377,49.954551863058015,15619.017095593703,1877.9345939424215
2023-06-01,2023,6,LATO,22.52571317748213,49.954551863058015,11818.274784255715,1899.325419937875
2023-06-01,2023,6,LATO,22.588595247370506,49.954551863058015,8721.334982744045,1900.017995883849
2023-06-01,2023,6,LATO,22.651477317258866,49.954551863058015,7288.611985025922,1890.6948418774264
2023-06-01,2023,6,LATO,22.714359387147226,49.954551863058015,8417.717063070771,1888.809689753569
2023-06-01,2023,6,LATO,22.7772414570356,49.954551863058015,11369.439154365082,1889.0216847112977
2023-06-01,2023,6,LATO,22.84012352692396,49.954551863058015,15111.005369585695,1890.6780416923839
2023-06-01,2023,6,LATO,22.903005596812335,49.954551863058015,19185.746581965774,1890.7491824357219
2023-06-01,2023,6,LATO,22.965887666700695,49.954551863058015,23420.401230976673,1879.9340613027903
2023-06-01,2023,6,LATO,22.337066967817037,50.017433932946375,22823.174390414948,1885.6731992301818
2023-06-01,2023,6,LATO,22.399949037705397,50.017433932946375,18317.01724871943,1885.852573757717
2023-06-01,2023,6,LATO,22.46283110759377,50.017433932946375,13811.149723168797,1901.7460972989318
2023-06-01,2023,6,LATO,22.52571317748213,50.017433932946375,9305.998011737687,1902.7178502313031
2023-06-01,2023,6,LATO,22.588595247370506,50.017433932946375,4803.5842348637925,1900.012113084058
2023-06-01,2023,6,LATO,22.651477317258866,50.017433932946375,407.88410091848647,1888.0585299022093
2023-06-01,2023,6,LATO,22.714359387147226,50.017433932946375,4228.174317330404,1887.580415536918
2023-06-01,2023,6,LATO,22.7772414570356,50.017433932946375,8729.700784173236,1878.5274658203487
2023-06-01,2023,6,LATO,22.84012352692396,50.017433932946375,13234.68855108754,1879.152237429714
2023-06-01,2023,6,LATO,22.903005596812335,50.017433932946375,17740.49897456052,1882.6706227014483
2023-06-01,2023,6,LATO,22.965887666700695,50.017433932946375,22246.629981672468,1886.311905123496
2023-06-01,2023,6,LATO,22.337066967817037,50.08031600283475,23771.891645147887,1877.3976258837524
2023-06-01,2023,6,LATO,22.399949037705397,50.08031600283475,19492.580868106976,1880.1886719449806
2023-06-01,2023,6,LATO,22.46283110759377,50.08031600283475,15342.244635151212,1903.5200209866987
2023-06-01,2023,6,LATO,22.52571317748213,50.08031600283475,11461.860003414893,1898.0979601336758
2023-06-01,2023,6,LATO,22.588595247370506,50.08031600283475,8241.972226046848,1880.164640593503
2023-06-01,2023,6,LATO,22.651477317258866,50.08031600283475,6712.0844053123365,1883.7245869320664
2023-06-01,2023,6,LATO,22.714359387147226,50.08031600283475,7920.855163367692,1875.0717338110248
2023-06-01,2023,6,LATO,22.7772414570356,50.08031600283475,10999.722341771127,1878.4029133953168
2023-06-01,2023,6,LATO,22.84012352692396,50.08031600283475,14826.124051878794,1880.9913920328454
2023-06-01,2023,6,LATO,22.903005596812335,50.08031600283475,18952.573284894253,1879.746460942921
2023-06-01,2023,6,LATO,22.965887666700695,50.08031600283475,23219.64717295703,1877.373021628739
2023-06-01,2023,6,LATO,22.399949037705397,50.14319807272311,22852.879672009276,1886.166369758174
2023-06-01,2023,6,LATO,22.46283110759377,50.14319807272311,19438.805553159174,1891.2741699219441
2023-06-01,2023,6,LATO,22.52571317748213,50.14319807272311,16552.739885157756,1882.035451835457
2023-06-01,2023,6,LATO,22.588595247370506,50.14319807272311,14513.17484725431,1878.0126895825065
2023-06-01,2023,6,LATO,22.651477317258866,50.14319807272311,13703.436830989558,1876.2898819142492
2023-06-01,2023,6,LATO,22.714359387147226,50.14319807272311,14333.488304196197,1867.704967849509
2023-06-01,2023,6,LATO,22.7772414570356,50.14319807272311,16236.577883901686,1867.5166964225696
2023-06-01,2023,6,LATO,22.84012352692396,50.14319807272311,19034.62736146041,1868.8610905462638
2023-06-01,2023,6,LATO,22.903005596812335,50.14319807272311,22394.65584251987,1873.7434698842617
2023-06-01,2023,6,LATO,22.46283110759377,50.20608014261147,24863.616912715534,1897.876617344081
2023-06-01,2023,6,LATO,22.52571317748213,50.20608014261147,22681.750518141413,1878.9029906917428
2023-06-01,2023,6,LATO,22.588595247370506,50.20608014261147,21241.091784175827,1878.9843898524914
2023-06-01,2023,6,LATO,22.651477317258866,50.20608014261147,20697.001515397067,1876.8558452509653
2023-06-01,2023,6,LATO,22.714359387147226,50.20608014261147,21118.887757690336,1876.9379882813187
2023-06-01,2023,6,LATO,22.7772414570356,50.20608014261147,22452.364556079265,1871.0937414407888
2023-06-01,2023,6,LATO,22.84012352692396,50.20608014261147,24549.33260415952,1864.4729409750576
2023-06-03,2023,6,LATO,22.52571317748213,49.82528594778182,23580.850107016446,1887.7862281777452
2023-06-03,2023,6,LATO,22.588595247370506,49.82528594778182,22187.30706832177,1888.1867506648769
2023-06-03,2023,6,LATO,22.651477317258866,49.82528594778182,21662.812319490607,1900.5830095748765
2023-06-03,2023,6,LATO,22.714359387147226,49.82528594778182,22069.412358846523,1900.5830129504504
2023-06-03,2023,6,LATO,22.7772414570356,49.82528594778182,23358.536210329406,1900.101150272265
2023-06-03,2023,6,LATO,22.46283110759377,49.888168017670196,20156.5520144569,1905.0584707122734
2023-06-03,2023,6,LATO,22.52571317748213,49.888168017670196,17374.158692190118,1905.056744363704
2023-06-03,2023,6,LATO,22.588595247370506,49.888168017670196,15432.569270339945,1905.05593716744
2023-06-03,2023,6,LATO,22.46283110759377,49.951050087558556,15804.828416408018,1905.0957031250698
2023-06-03,2023,6,LATO,22.52571317748213,49.951050087558556,12062.461221866128,1905.0957031250698
2023-06-03,2023,6,LATO,22.588595247370506,49.951050087558556,9049.22284859628,1905.0953993695398
2023-06-03,2023,6,LATO,22.965887666700695,49.951050087558556,23545.194491841612,1883.688369789439
2023-06-04,2023,6,LATO,22.7772414570356,49.954551863058015,11369.439154365082,1891.2532936668024
2023-06-04,2023,6,LATO,22.84012352692396,49.954551863058015,15111.005369585695,1883.3430199234856
2023-06-04,2023,6,LATO,22.903005596812335,49.954551863058015,19185.746581965774,1881.8040941927661
2023-06-04,2023,6,LATO,22.965887666700695,49.954551863058015,23420.401230976673,1881.8040928836338
2023-06-04,2023,6,LATO,22.588595247370506,50.017433932946375,4803.5842348637925,1891.5555581712008
2023-06-04,2023,6,LATO,22.651477317258866,50.017433932946375,407.88410091848647,1891.5555458674157
2023-06-04,2023,6,LATO,22.714359387147226,50.017433932946375,4228.174317330404,1890.8715796907593
2023-06-04,2023,6,LATO,22.7772414570356,50.017433932946375,8729.700784173236,1889.5286865234739
2023-06-04,2023,6,LATO,22.84012352692396,50.017433932946375,13234.68855108754,1897.499219551677
2023-06-04,2023,6,LATO,22.903005596812335,50.017433932946375,17740.49897456052,1896.1989701538103
2023-06-04,2023,6,LATO,22.651477317258866,50.08031600283475,6712.0844053123365,1893.7174811208426
2023-06-04,2023,6,LATO,22.714359387147226,50.08031600283475,7920.855163367692,1893.7175162385051
2023-06-04,2023,6,LATO,22.7772414570356,50.08031600283475,10999.722341771127,1893.7175375425
2023-06-05,2023,6,LATO,22.52571317748213,49.89166979316964,17046.454606667296,1887.4692319929372
2023-06-05,2023,6,LATO,22.588595247370506,49.89166979316964,15062.835837653478,1887.4692206132809
2023-06-05,2023,6,LATO,22.337066967817037,49.954551863058015,23969.435525253684,1881.254395916924
2023-06-05,2023,6,LATO,22.399949037705397,49.954551863058015,19720.74564278404,1883.1573088321175
2023-06-05,2023,6,LATO,22.46283110759377,49.954551863058015,15619.017095593703,1898.1796852967677
2023-06-05,2023,6,LATO,22.52571317748213,49.954551863058015,11818.274784255715,1887.286675661815
2023-06-05,2023,6,LATO,22.588595247370506,49.954551863058015,8721.334982744045,1887.5141024919494
2023-06-05,2023,6,LATO,22.651477317258866,49.954551863058015,7288.611985025922,1891.5642000970483
2023-06-05,2023,6,LATO,22.714359387147226,49.954551863058015,8417.717063070771,1894.5807124232845
2023-06-05,2023,6,LATO,22.7772414570356,49.954551863058015,11369.439154365082,1900.4598488444396
2023-06-05,2023,6,LATO,22.903005596812335,49.954551863058015,19185.746581965774,1893.184424872872
2023-06-05,2023,6,LATO,22.965887666700695,49.954551863058015,23420.401230976673,1893.1844508305433
2023-06-05,2023,6,LATO,22.337066967817037,50.017433932946375,22823.174390414948,1899.6944559379674
2023-06-05,2023,6,LATO,22.399949037705397,50.017433932946375,18317.01724871943,1907.6151663579346
2023-06-05,2023,6,LATO,22.46283110759377,50.017433932946375,13811.149723168797,1898.220930331048
2023-06-05,2023,6,LATO,22.52571317748213,50.017433932946375,9305.998011737687,1884.460658239691
2023-06-05,2023,6,LATO,22.588595247370506,50.017433932946375,4803.5842348637925,1889.4002009681456
2023-06-05,2023,6,LATO,22.651477317258866,50.017433932946375,407.88410091848647,1888.74307173836
2023-06-05,2023,6,LATO,22.714359387147226,50.017433932946375,4228.174317330404,1890.3013888987439
2023-06-05,2023,6,LATO,22.7772414570356,50.017433932946375,8729.700784173236,1888.1529208654256
2023-06-05,2023,6,LATO,22.84012352692396,50.017433932946375,13234.68855108754,1886.00394131733
2023-06-05,2023,6,LATO,22.903005596812335,50.017433932946375,17740.49897456052,1889.1637711022822
2023-06-05,2023,6,LATO,22.965887666700695,50.017433932946375,22246.629981672468,1890.8249974004991
2023-06-05,2023,6,LATO,22.337066967817037,50.08031600283475,23771.891645147887,1911.8638668662957
2023-06-05,2023,6,LATO,22.399949037705397,50.08031600283475,19492.580868106976,1911.8638490483877
2023-06-05,2023,6,LATO,22.46283110759377,50.08031600283475,15342.244635151212,1881.00122176407
2023-06-05,2023,6,LATO,22.52571317748213,50.08031600283475,11461.860003414893,1884.0457423577227
2023-06-05,2023,6,LATO,22.588595247370506,50.08031600283475,8241.972226046848,1885.8524796134739
2023-06-05,2023,6,LATO,22.651477317258866,50.08031600283475,6712.0844053123365,1887.4501739928417
2023-06-05,2023,6,LATO,22.903005596812335,50.08031600283475,18952.573284894253,1886.6912559261293
2023-06-05,2023,6,LATO,22.965887666700695,50.08031600283475,23219.64717295703,1874.8274054212252
2023-06-05,2023,6,LATO,22.52571317748213,50.14319807272311,16552.739885157756,1881.4586145702751
2023-06-05,2023,6,LATO,22.588595247370506,50.14319807272311,14513.17484725431,1881.8459444922296
2023-06-05,2023,6,LATO,22.46283110759377,50.20608014261147,24863.616912715534,1887.281871065602
2023-06-05,2023,6,LATO,22.52571317748213,50.20608014261147,22681.750518141413,1880.0115141859055
2023-06-05,2023,6,LATO,22.588595247370506,50.20608014261147,21241.091784175827,1876.4026180202975
2023-06-05,2023,6,LATO,22.7772414570356,50.20608014261147,22452.364556079265,1871.411329212213
2023-06-05,2023,6,LATO,22.84012352692396,50.20608014261147,24549.33260415952,1862.7934057950536
2023-06-15,2023,6,LATO,22.52571317748213,49.82528594778182,23580.850107016446,1879.2723459673637
2023-06-20,2023,6,LATO,22.84362530242342,49.888168017670196,19934.296373654284,1888.5670862365394
2023-06-20,2023,6,LATO,22.90650737231178,49.888168017670196,23229.001971549216,1888.5671256793337
2023-06-20,2023,6,LATO,22.654979092758325,49.951050087558556,7672.491233994431,1890.7589133213062
2023-06-20,2023,6,LATO,22.717861162646685,49.951050087558556,8880.743477854165,1890.7589044922279
2023-06-20,2023,6,LATO,22.466332883093216,50.01393215744693,13574.608347456895,1891.1389437269015
2023-06-20,2023,6,LATO,22.52921495298159,50.01393215744693,9076.250438252355,1889.8459537073925
2023-06-20,2023,6,LATO,22.59209702286995,50.01393215744693,4594.419217968531,1888.742779681471
2023-06-20,2023,6,LATO,22.654979092758325,50.01393215744693,679.070137208203,1887.7294979499918
2023-06-20,2023,6,LATO,22.717861162646685,50.01393215744693,4520.583065980076,1888.8688167093594
2023-06-20,2023,6,LATO,22.466332883093216,50.07681422733529,14948.807181163858,1891.1388959405142
2023-06-20,2023,6,LATO,22.52921495298159,50.07681422733529,11032.145033735591,1891.1389113755888
2023-06-20,2023,6,LATO,22.59209702286995,50.07681422733529,7779.374916116361,1886.4435067088252
2023-06-20,2023,6,LATO,22.654979092758325,50.07681422733529,6316.500335206442,1880.1993426415545
2023-06-20,2023,6,LATO,22.717861162646685,50.07681422733529,7736.054434880606,1880.19935124727
2023-06-21,2023,6,LATO,22.7772414570356,49.82878772328128,22997.694466962104,1875.1710195653827
2023-06-21,2023,6,LATO,22.588595247370506,50.017433932946375,4803.5842348637925,1859.3078870608388
2023-06-21,2023,6,LATO,22.651477317258866,50.017433932946375,407.88410091848647,1859.30786493167
2023-06-21,2023,6,LATO,22.714359387147226,50.017433932946375,4228.174317330404,1859.307869650126
2023-06-21,2023,6,LATO,22.52571317748213,50.08031600283475,11461.860003414893,1886.67408454826
2023-06-21,2023,6,LATO,22.588595247370506,50.08031600283475,8241.972226046848,1886.6740168199444
2023-06-21,2023,6,LATO,22.52571317748213,50.14319807272311,16552.739885157756,1886.6740746585474
2023-06-21,2023,6,LATO,22.588595247370506,50.14319807272311,14513.17484725431,1886.6740655624221
2023-06-21,2023,6,LATO,22.52571317748213,50.20608014261147,22681.750518141413,1892.7554832959681
2023-06-21,2023,6,LATO,22.588595247370506,50.20608014261147,21241.091784175827,1892.7555053549688
2023-07-02,2023,7,LATO,22.7772414570356,49.82878772328128,22997.694466962104,1870.9478139547402
2023-07-02,2023,7,LATO,22.903005596812335,49.89166979316964,22788.153438215097,1851.04797283113
2023-07-08,2023,7,LATO,22.399949037705397,49.89166979316964,23240.95435275252,1853.3831804284355
2023-07-08,2023,7,LATO,22.46283110759377,49.89166979316964,19874.58844639638,1879.9827825588031
2023-07-08,2023,7,LATO,22.52571317748213,49.89166979316964,17046.454606667296,1880.2553408882661
2023-07-08,2023,7,LATO,22.337066967817037,49.954551863058015,23969.435525253684,1858.4743931287003
2023-07-08,2023,7,LATO,22.399949037705397,49.954551863058015,19720.74564278404,1863.7584388970079
2023-07-08,2023,7,LATO,22.46283110759377,49.954551863058015,15619.017095593703,1875.474605611845
2023-07-08,2023,7,LATO,22.52571317748213,49.954551863058015,11818.274784255715,1862.052028039012
2023-07-08,2023,7,LATO,22.588595247370506,49.954551863058015,8721.334982744045,1859.4667051458046
2023-07-08,2023,7,LATO,22.337066967817037,50.017433932946375,22823.174390414948,1867.4819501383697
2023-07-08,2023,7,LATO,22.399949037705397,50.017433932946375,18317.01724871943,1881.2886090084949
2023-07-08,2023,7,LATO,22.46283110759377,50.017433932946375,13811.149723168797,1876.0805862693412
2023-07-08,2023,7,LATO,22.52571317748213,50.017433932946375,9305.998011737687,1861.5673755798775
2023-07-08,2023,7,LATO,22.588595247370506,50.017433932946375,4803.5842348637925,1861.081318006304
2023-07-08,2023,7,LATO,22.46283110759377,50.08031600283475,15342.244635151212,1868.9760682575702
2023-07-08,2023,7,LATO,22.52571317748213,50.08031600283475,11461.860003414893,1868.1557165679856
2023-07-08,2023,7,LATO,22.588595247370506,50.08031600283475,8241.972226046848,1865.695286515621
2023-07-08,2023,7,LATO,22.52571317748213,50.14319807272311,16552.739885157756,1860.7998043965608
2023-07-08,2023,7,LATO,22.588595247370506,50.14319807272311,14513.17484725431,1860.799805544171
2023-07-08,2023,7,LATO,22.651477317258866,50.14319807272311,13703.436830989558,1860.7998230658634
2023-07-12,2023,7,LATO,22.337066967817037,50.017433932946375,22823.174390414948,1873.3107041122953
2023-07-12,2023,7,LATO,22.399949037705397,50.017433932946375,18317.01724871943,1872.6304936991978
2023-07-12,2023,7,LATO,22.46283110759377,50.017433932946375,13811.149723168797,1868.5185409837109
2023-07-12,2023,7,LATO,22.84012352692396,50.017433932946375,13234.68855108754,1898.3936816010628
2023-07-12,2023,7,LATO,22.903005596812335,50.017433932946375,17740.49897456052,1898.3936836445575
2023-07-12,2023,7,LATO,22.965887666700695,50.017433932946375,22246.629981672468,1862.9409288277345
2023-07-12,2023,7,LATO,22.337066967817037,50.08031600283475,23771.891645147887,1878.7800292968132
2023-07-12,2023,7,LATO,22.399949037705397,50.08031600283475,19492.580868106976,1868.8583383911684
2023-07-12,2023,7,LATO,22.46283110759377,50.08031600283475,15342.244635151212,1865.6277757828916
2023-07-12,2023,7,LATO,22.52571317748213,50.08031600283475,11461.860003414893,1867.8420156945456
2023-07-12,2023,7,LATO,22.588595247370506,50.08031600283475,8241.972226046848,1871.0527869474947
2023-07-12,2023,7,LATO,22.651477317258866,50.08031600283475,6712.0844053123365,1874.0359986143835
2023-07-12,2023,7,LATO,22.714359387147226,50.08031600283475,7920.855163367692,1857.5085537034463
2023-07-12,2023,7,LATO,22.7772414570356,50.08031600283475,10999.722341771127,1861.5478664754805
2023-07-12,2023,7,LATO,22.84012352692396,50.08031600283475,14826.124051878794,1882.719743904701
2023-07-12,2023,7,LATO,22.903005596812335,50.08031600283475,18952.573284894253,1864.695261953027
2023-07-12,2023,7,LATO,22.965887666700695,50.08031600283475,23219.64717295703,1845.2583933306641
2023-07-12,2023,7,LATO,22.399949037705397,50.14319807272311,22852.879672009276,1859.5768268065838
2023-07-12,2023,7,LATO,22.46283110759377,50.14319807272311,19438.805553159174,1863.3055290284863
2023-07-12,2023,7,LATO,22.52571317748213,50.14319807272311,16552.739885157756,1862.9541021262714
2023-07-12,2023,7,LATO,22.588595247370506,50.14319807272311,14513.17484725431,1869.3179253897652
2023-07-12,2023,7,LATO,22.651477317258866,50.14319807272311,13703.436830989558,1867.3050016089667
2023-07-12,2023,7,LATO,22.714359387147226,50.14319807272311,14333.488304196197,1854.6846823965643
2023-07-12,2023,7,LATO,22.7772414570356,50.14319807272311,16236.577883901686,1865.486541064102
2023-07-12,2023,7,LATO,22.84012352692396,50.14319807272311,19034.62736146041,1872.777842875433
2023-07-12,2023,7,LATO,22.903005596812335,50.14319807272311,22394.65584251987,1858.8603470002945
2023-07-12,2023,7,LATO,22.46283110759377,50.20608014261147,24863.616912715534,1871.5992032985366
2023-07-12,2023,7,LATO,22.52571317748213,50.20608014261147,22681.750518141413,1870.7473949757523
2023-07-12,2023,7,LATO,22.588595247370506,50.20608014261147,21241.091784175827,1870.5933481689249
2023-07-12,2023,7,LATO,22.651477317258866,50.20608014261147,20697.001515397067,1863.6578897681543
2023-07-12,2023,7,LATO,22.714359387147226,50.20608014261147,21118.887757690336,1862.3871594120158
2023-07-12,2023,7,LATO,22.7772414570356,50.20608014261147,22452.364556079265,1862.2819555522326
2023-07-12,2023,7,LATO,22.84012352692396,50.20608014261147,24549.33260415952,1865.2337203935854
2023-07-16,2023,7,LATO,22.52571317748213,49.82528594778182,23580.850107016446,1873.1864013672482
2023-07-16,2023,7,LATO,22.588595247370506,49.82528594778182,22187.30706832177,1873.1864013671468
2023-07-16,2023,7,LATO,22.651477317258866,49.82528594778182,21662.812319490607,1864.8616767067952
2023-07-16,2023,7,LATO,22.714359387147226,49.82528594778182,22069.412358846523,1865.0950982852178
2023-07-16,2023,7,LATO,22.7772414570356,49.82528594778182,23358.536210329406,1868.0345745975812
2023-07-16,2023,7,LATO,22.399949037705397,49.888168017670196,23482.75489906069,1879.1146537491277
2023-07-16,2023,7,LATO,22.46283110759377,49.888168017670196,20156.5520144569,1878.646983177253
2023-07-16,2023,7,LATO,22.52571317748213,49.888168017670196,17374.158692190118,1878.5496514051558
2023-07-16,2023,7,LATO,22.588595247370506,49.888168017670196,15432.569270339945,1877.99166023816
2023-07-16,2023,7,LATO,22.651477317258866,49.888168017670196,14669.522091275236,1876.236797361919
2023-07-16,2023,7,LATO,22.714359387147226,49.888168017670196,15262.808710820838,1875.6180734613
2023-07-16,2023,7,LATO,22.7772414570356,49.888168017670196,17071.603330708916,1870.3943500974312
2023-07-16,2023,7,LATO,22.84012352692396,49.888168017670196,19764.96762440053,1869.4311814618982
2023-07-16,2023,7,LATO,22.903005596812335,49.888168017670196,23034.674909389774,1869.2598251800318
2023-07-16,2023,7,LATO,22.337066967817037,49.951050087558556,24091.424122935045,1883.3039812763984
2023-07-16,2023,7,LATO,22.399949037705397,49.951050087558556,19868.49827808484,1883.113901423417
2023-07-16,2023,7,LATO,22.46283110759377,49.951050087558556,15804.828416408018,1883.4416450337717
2023-07-16,2023,7,LATO,22.52571317748213,49.951050087558556,12062.461221866128,1883.4568157060432
2023-07-16,2023,7,LATO,22.588595247370506,49.951050087558556,9049.22284859628,1883.1893248732872
2023-07-16,2023,7,LATO,22.651477317258866,49.951050087558556,7677.822271690127,1880.9303229010015
2023-07-16,2023,7,LATO,22.714359387147226,49.951050087558556,8756.95920663373,1881.169322612803
2023-07-16,2023,7,LATO,22.7772414570356,49.951050087558556,11623.026508428964,1872.4924334008101
2023-07-16,2023,7,LATO,22.84012352692396,49.951050087558556,15302.949327791452,1872.6876432266004
2023-07-16,2023,7,LATO,22.903005596812335,49.951050087558556,19337.548389535474,1874.4000445712456
2023-07-16,2023,7,LATO,22.965887666700695,49.951050087558556,23545.194491841612,1881.7714843749711
2023-07-16,2023,7,LATO,22.337066967817037,50.01393215744693,22832.24971178254,1883.9307057574104
2023-07-16,2023,7,LATO,22.399949037705397,50.01393215744693,18327.956370926233,1884.2472858187964
2023-07-16,2023,7,LATO,22.46283110759377,50.01393215744693,13825.27391873585,1874.9464927642948
2023-07-16,2023,7,LATO,22.52571317748213,50.01393215744693,9326.541259749176,1874.232299804756
2023-07-16,2023,7,LATO,22.588595247370506,50.01393215744693,4842.786104066398,1876.979587894503
2023-07-16,2023,7,LATO,22.651477317258866,50.01393215744693,736.7922552973483,1879.4071044921257
2023-07-16,2023,7,LATO,22.714359387147226,50.01393215744693,4272.614668819653,1879.407104492256
2023-07-16,2023,7,LATO,22.7772414570356,50.01393215744693,8751.553760627914,1876.8726429548328
2023-07-16,2023,7,LATO,22.84012352692396,50.01393215744693,13249.38451954479,1876.2899985714275
2023-07-16,2023,7,LATO,22.903005596812335,50.01393215744693,17751.75081067605,1874.2365260652946
2023-07-16,2023,7,LATO,22.965887666700695,50.01393215744693,22255.897973442527,1873.3153169093387
2023-07-16,2023,7,LATO,22.337066967817037,50.07681422733529,23665.765470187154,1878.951904303129
2023-07-16,2023,7,LATO,22.399949037705397,50.07681422733529,19362.66631877855,1878.9519042969434
2023-07-16,2023,7,LATO,22.46283110759377,50.07681422733529,15176.497478602401,1884.7235107422566
2023-07-16,2023,7,LATO,22.52571317748213,50.07681422733529,11238.694648015777,1884.4699488902522
2023-07-16,2023,7,LATO,22.588595247370506,50.07681422733529,7928.398081183003,1877.4108641475161
2023-07-16,2023,7,LATO,22.651477317258866,50.07681422733529,6322.957874237219,1876.3579207141772
2023-07-16,2023,7,LATO,22.714359387147226,50.07681422733529,7594.007975417393,1876.4717563243844
2023-07-16,2023,7,LATO,22.7772414570356,50.07681422733529,10766.947426028457,1874.0905998130556
2023-07-16,2023,7,LATO,22.84012352692396,50.07681422733529,14654.501867777979,1874.3867507801485
2023-07-16,2023,7,LATO,22.903005596812335,50.07681422733529,18818.8910388129,1872.754591875522
2023-07-16,2023,7,LATO,22.965887666700695,50.07681422733529,23110.944327591777,1872.9590400990419
2023-07-16,2023,7,LATO,22.399949037705397,50.13969629722365,22622.05369350782,1881.9938321956683
2023-07-16,2023,7,LATO,22.46283110759377,50.13969629722365,19166.632931566848,1881.2620688183476
2023-07-16,2023,7,LATO,22.52571317748213,50.13969629722365,16232.013520001597,1875.9630906016553
2023-07-16,2023,7,LATO,22.588595247370506,50.13969629722365,14146.11887527757,1868.5518979574224
2023-07-16,2023,7,LATO,22.651477317258866,50.13969629722365,13314.013221550038,1868.4915082823877
2023-07-16,2023,7,LATO,22.714359387147226,50.13969629722365,13961.695581266016,1864.6077555768604
2023-07-16,2023,7,LATO,22.7772414570356,50.13969629722365,15909.45532942079,1861.2398705900443
2023-07-16,2023,7,LATO,22.84012352692396,50.13969629722365,18756.560428837118,1871.77236255068
2023-07-16,2023,7,LATO,22.903005596812335,50.13969629722365,22159.022993972176,1879.1237579264925
2023-07-16,2023,7,LATO,22.46283110759377,50.202578367112025,24540.639198270077,1885.3411844798034
2023-07-16,2023,7,LATO,22.52571317748213,50.202578367112025,22327.062976493402,1871.4328820707453
2023-07-16,2023,7,LATO,22.588595247370506,50.202578367112025,20861.81405954898,1870.86731561793
2023-07-16,2023,7,LATO,22.651477317258866,50.202578367112025,20307.523458812033,1870.226912214322
2023-07-16,2023,7,LATO,22.714359387147226,50.202578367112025,20737.36596706568,1864.2441224900797
2023-07-16,2023,7,LATO,22.7772414570356,50.202578367112025,22093.977714190158,1864.203235505854
2023-07-16,2023,7,LATO,22.84012352692396,50.202578367112025,24222.141131806173,1878.7303094954175
2023-07-17,2023,7,LATO,22.399949037705397,49.888168017670196,23482.75489906069,1888.5933095400956
2023-07-17,2023,7,LATO,22.46283110759377,49.888168017670196,20156.5520144569,1887.2606185617637
2023-07-17,2023,7,LATO,22.714359387147226,49.888168017670196,15262.808710820838,1886.7474334980393
2023-07-17,2023,7,LATO,22.7772414570356,49.888168017670196,17071.603330708916,1886.7474036355188
2023-07-17,2023,7,LATO,22.337066967817037,49.951050087558556,24091.424122935045,1888.5528625372149
2023-07-17,2023,7,LATO,22.399949037705397,49.951050087558556,19868.49827808484,1900.8842104722505
2023-07-17,2023,7,LATO,22.46283110759377,49.951050087558556,15804.828416408018,1901.7275097750207
2023-07-17,2023,7,LATO,22.52571317748213,49.951050087558556,12062.461221866128,1906.4036694914232
2023-07-17,2023,7,LATO,22.588595247370506,49.951050087558556,9049.22284859628,1891.032861176311
2023-07-17,2023,7,LATO,22.651477317258866,49.951050087558556,7677.822271690127,1886.9139451775072
2023-07-17,2023,7,LATO,22.714359387147226,49.951050087558556,8756.95920663373,1886.5588471899348
2023-07-17,2023,7,LATO,22.7772414570356,49.951050087558556,11623.026508428964,1886.9879841294987
2023-07-17,2023,7,LATO,22.84012352692396,49.951050087558556,15302.949327791452,1887.7941990221234
2023-07-17,2023,7,LATO,22.903005596812335,49.951050087558556,19337.548389535474,1888.8802027176673
2023-07-17,2023,7,LATO,22.965887666700695,49.951050087558556,23545.194491841612,1889.8903526359106
2023-07-17,2023,7,LATO,22.52571317748213,50.01393215744693,9326.541259749176,1891.8485072848441
2023-07-17,2023,7,LATO,22.588595247370506,50.01393215744693,4842.786104066398,1891.8485107421213
2023-07-17,2023,7,LATO,22.651477317258866,50.01393215744693,736.7922552973483,1884.6923650042106
2023-07-17,2023,7,LATO,22.714359387147226,50.01393215744693,4272.614668819653,1882.315970423944
2023-07-17,2023,7,LATO,22.7772414570356,50.01393215744693,8751.553760627914,1888.7213081007187
2023-07-17,2023,7,LATO,22.84012352692396,50.01393215744693,13249.38451954479,1891.7357707409028
2023-07-17,2023,7,LATO,22.903005596812335,50.01393215744693,17751.75081067605,1903.6115315751808
2023-07-17,2023,7,LATO,22.965887666700695,50.01393215744693,22255.897973442527,1893.652475443242
2023-07-17,2023,7,LATO,22.52571317748213,50.07681422733529,11238.694648015777,1891.8484834915844
2023-07-17,2023,7,LATO,22.588595247370506,50.07681422733529,7928.398081183003,1891.8485155412266
2023-07-17,2023,7,LATO,22.651477317258866,50.07681422733529,6322.957874237219,1882.75643394478
2023-07-17,2023,7,LATO,22.714359387147226,50.07681422733529,7594.007975417393,1882.6857930636154
2023-07-17,2023,7,LATO,22.7772414570356,50.07681422733529,10766.947426028457,1889.5239336250436
2023-07-17,2023,7,LATO,22.84012352692396,50.07681422733529,14654.501867777979,1892.8513878436445
2023-07-17,2023,7,LATO,22.903005596812335,50.07681422733529,18818.8910388129,1894.97692871097
2023-07-17,2023,7,LATO,22.965887666700695,50.07681422733529,23110.944327591777,1886.0240800138727
2023-08-04,2023,8,LATO,22.532716728481034,49.82878772328128,23026.23548838651,1844.9379060288913
2023-08-04,2023,8,LATO,22.59559879836941,49.82878772328128,21701.93311098845,1838.8548571505955
2023-08-13,2023,8,LATO,22.532716728481034,49.82878772328128,23026.23548838651,1891.77170771353
2023-08-13,2023,8,LATO,22.59559879836941,49.82878772328128,21701.93311098845,1892.0288085937088
2023-08-13,2023,8,LATO,22.65848086825777,49.82878772328128,21272.472014788556,1886.3403890062575
2023-08-13,2023,8,LATO,22.721362938146143,49.82878772328128,21790.82297333169,1888.264398231269
2023-08-13,2023,8,LATO,22.784245008034503,49.82878772328128,23193.52625099799,1888.1254479787233
2023-08-13,2023,8,LATO,22.4069525887043,49.89166979316964,22846.47125524897,1895.568120097265
2023-08-13,2023,8,LATO,22.469834658592674,49.89166979316964,19528.29592852939,1895.4501042016714
2023-08-13,2023,8,LATO,22.532716728481034,49.89166979316964,16777.14173728684,1895.6269253408695
2023-08-13,2023,8,LATO,22.59559879836941,49.89166979316964,14910.254226564526,1893.9110314470222
2023-08-13,2023,8,LATO,22.65848086825777,49.89166979316964,14278.788319827705,1899.8421318541166
2023-08-13,2023,8,LATO,22.721362938146143,49.89166979316964,15039.173201536576,1888.1141144898693
2023-08-13,2023,8,LATO,22.784245008034503,49.89166979316964,17005.72256010123,1888.6612351103433
2023-08-13,2023,8,LATO,22.847127077922863,49.89166979316964,19822.651895636955,1897.9766170296052
2023-08-13,2023,8,LATO,22.910009147811238,49.89166979316964,23182.00810677108,1897.2741389340997
2023-08-13,2023,8,LATO,22.34407051881594,49.954551863058015,23491.421593126583,1884.4002881948768
2023-08-13,2023,8,LATO,22.4069525887043,49.954551863058015,19254.888344842857,1911.5177311843338
2023-08-13,2023,8,LATO,22.469834658592674,49.954551863058015,15176.511228660444,1906.3488897320094
2023-08-13,2023,8,LATO,22.532716728481034,49.954551863058015,11426.911706085219,1899.6991002857953
2023-08-13,2023,8,LATO,22.59559879836941,49.954551863058015,8455.428940932505,1894.7901975666446
2023-08-13,2023,8,LATO,22.65848086825777,49.954551863058015,7286.037320534922,1896.4167246124305
2023-08-13,2023,8,LATO,22.721362938146143,49.954551863058015,8680.45595683608,1893.5651293983785
2023-08-13,2023,8,LATO,22.784245008034503,49.954551863058015,11759.523976917604,1894.9206135366321
2023-08-13,2023,8,LATO,22.847127077922863,49.954551863058015,15552.962263779697,1898.7003825957763
2023-08-13,2023,8,LATO,22.910009147811238,49.954551863058015,19651.333430628496,1885.6138748800868
2023-08-13,2023,8,LATO,22.972891217699598,49.954551863058015,23898.265526296207,1874.647775878126
2023-08-13,2023,8,LATO,22.34407051881594,50.017433932946375,22321.28802408236,1904.6952454090547
2023-08-13,2023,8,LATO,22.4069525887043,50.017433932946375,17815.15350017437,1907.1752183390224
2023-08-13,2023,8,LATO,22.469834658592674,50.017433932946375,13309.335309895498,1897.1103281277387
2023-08-13,2023,8,LATO,22.532716728481034,50.017433932946375,8804.324772825048,1892.4449904742619
2023-08-13,2023,8,LATO,22.59559879836941,50.017433932946375,4302.667734522494,1888.5875349403545
2023-08-13,2023,8,LATO,22.65848086825777,50.017433932946375,359.0171461258216,1889.4632737993063
2023-08-13,2023,8,LATO,22.721362938146143,50.017433932946375,4729.056725075273,1891.0791728997735
2023-08-13,2023,8,LATO,22.784245008034503,50.017433932946375,9231.369764738394,1895.3887542810687
2023-08-13,2023,8,LATO,22.847127077922863,50.017433932946375,13736.501706199297,1896.4010074353625
2023-08-13,2023,8,LATO,22.910009147811238,50.017433932946375,18242.362196343674,1896.440313343807
2023-08-13,2023,8,LATO,22.972891217699598,50.017433932946375,22748.51608264462,1895.5397744318786
2023-08-13,2023,8,LATO,22.34407051881594,50.08031600283475,23291.093235142445,1905.0305472970374
2023-08-13,2023,8,LATO,22.4069525887043,50.08031600283475,19022.380468476964,1899.5361752711492
2023-08-13,2023,8,LATO,22.469834658592674,50.08031600283475,14892.709365227212,1899.1456623672434
2023-08-13,2023,8,LATO,22.532716728481034,50.08031600283475,11058.96201605659,1887.7843794221583
2023-08-13,2023,8,LATO,22.59559879836941,50.08031600283475,7960.816914998515,1889.174661802025
2023-08-13,2023,8,LATO,22.65848086825777,50.08031600283475,6709.295794220818,1894.216193731216
2023-08-13,2023,8,LATO,22.721362938146143,50.08031600283475,8198.816506939642,1889.2811272531033
2023-08-13,2023,8,LATO,22.784245008034503,50.08031600283475,11401.431088470114,1889.9415367621077
2023-08-13,2023,8,LATO,22.847127077922863,50.08031600283475,15275.168680265926,1878.6487275770216
2023-08-13,2023,8,LATO,22.910009147811238,50.08031600283475,19422.536655809552,1879.8304112867509
2023-08-13,2023,8,LATO,22.972891217699598,50.08031600283475,23700.315803838097,1895.1270223493514
2023-08-13,2023,8,LATO,22.4069525887043,50.14319807272311,22453.687107535116,1898.4772197489317
2023-08-13,2023,8,LATO,22.469834658592674,50.14319807272311,19086.46862917077,1898.5932391893973
2023-08-13,2023,8,LATO,22.532716728481034,50.14319807272311,16276.716427633999,1886.9615521491655
2023-08-13,2023,8,LATO,22.59559879836941,50.14319807272311,14355.581307090208,1885.024125256361
2023-08-13,2023,8,LATO,22.65848086825777,50.14319807272311,13702.072942767301,1883.9484321610173
2023-08-13,2023,8,LATO,22.721362938146143,50.14319807272311,14488.742529553769,1882.073242740641
2023-08-13,2023,8,LATO,22.784245008034503,50.14319807272311,16511.00859423297,1883.5454638779447
2023-08-13,2023,8,LATO,22.847127077922863,50.14319807272311,19385.978407501865,1875.5095244507352
2023-08-13,2023,8,LATO,22.910009147811238,50.14319807272311,22793.24238716545,1882.6605424049503
2023-08-13,2023,8,LATO,22.469834658592674,50.20608014261147,24589.497425126534,1893.0880120583145
2023-08-13,2023,8,LATO,22.532716728481034,50.20608014261147,22481.370018975245,1889.9148300078248
2023-08-13,2023,8,LATO,22.59559879836941,50.20608014261147,21133.868947761264,1887.3579593073296
2023-08-13,2023,8,LATO,22.65848086825777,50.20608014261147,20696.099696900703,1886.365301796584
2023-08-13,2023,8,LATO,22.721362938146143,50.20608014261147,21224.42756260835,1884.222670314456
2023-08-13,2023,8,LATO,22.784245008034503,50.20608014261147,22651.353698077353,1874.2665364535635
2023-08-13,2023,8,LATO,22.847127077922863,50.20608014261147,24822.39180988345,1875.6569076076612
2024-01-29,2024,1,ZIMA,22.546723830478843,49.818282396782934,23760.71866339243,1854.4031082476406
2024-01-29,2024,1,ZIMA,22.60960590036721,49.818282396782934,22680.621762375886,1851.1782793097473
2024-01-29,2024,1,ZIMA,22.672487970255577,49.818282396782934,22473.007283122395,1863.159977498694
2024-01-29,2024,1,ZIMA,22.420959690702112,49.881164466671294,22845.295512865057,1898.122179910873
2024-01-29,2024,1,ZIMA,22.483841760590476,49.881164466671294,19757.116897323005,1899.5707565100868
2024-01-29,2024,1,ZIMA,22.546723830478843,49.881164466671294,17306.464344907105,1895.8102887292862
2024-01-29,2024,1,ZIMA,22.60960590036721,49.881164466671294,15792.960683486355,1857.725984340239
2024-01-29,2024,1,ZIMA,22.358077620813745,49.944046536559654,22944.954401796753,1902.3461914061875
2024-01-29,2024,1,ZIMA,22.420959690702112,49.944046536559654,18825.43720626432,1899.2752340683498
2024-01-29,2024,1,ZIMA,22.483841760590476,49.944046536559654,14933.32041841664,1898.1460932772115
2024-01-29,2024,1,ZIMA,22.546723830478843,49.944046536559654,11501.82462655834,1898.9971664728246
2024-01-29,2024,1,ZIMA,22.358077620813745,50.006928606448014,21367.627100873604,1905.1724035472016
2024-01-29,2024,1,ZIMA,22.420959690702112,50.006928606448014,16873.818598596845,1905.8741680930684
2024-01-29,2024,1,ZIMA,22.483841760590476,50.006928606448014,12389.665782570555,1902.3461804099722
2024-01-29,2024,1,ZIMA,22.358077620813745,50.069810676336374,22011.85318490824,1894.588840533631
2024-01-29,2024,1,ZIMA,22.420959690702112,50.069810676336374,17688.873450724,1905.3732052879968
2024-01-29,2024,1,ZIMA,22.358077620813745,50.13269274622476,24704.511728110985,1892.8404552384116
2024-01-29,2024,1,ZIMA,22.420959690702112,50.13269274622476,20950.226841079973,1894.4563518813247
2024-01-29,2024,1,ZIMA,22.543222054979392,49.818282396782934,23844.580738967565,1884.1434140306965
2024-01-29,2024,1,ZIMA,22.60610412486776,49.818282396782934,22718.528932761306,1884.3510312173569
2024-01-29,2024,1,ZIMA,22.668986194756126,49.818282396782934,22460.758843357904,1893.4383939452757
2024-01-29,2024,1,ZIMA,22.73186826464449,49.818282396782934,23100.35486137293,1898.1918874120322
2024-01-29,2024,1,ZIMA,22.794750334532857,49.818282396782934,24567.33080198617,1898.0509785891118
2024-01-29,2024,1,ZIMA,22.417457915202657,49.881164466671294,23031.096518731556,1896.6699017084559
2024-01-29,2024,1,ZIMA,22.480339985091025,49.881164466671294,19914.797531770357,1897.4965448507976
2024-01-29,2024,1,ZIMA,22.543222054979392,49.881164466671294,17421.274692648036,1897.4126463911105
2024-01-29,2024,1,ZIMA,22.60610412486776,49.881164466671294,15847.281406598506,1898.6142314142705
2024-01-29,2024,1,ZIMA,22.668986194756126,49.881164466671294,15475.967440865885,1907.509133853269
2024-01-29,2024,1,ZIMA,22.73186826464449,49.881164466671294,16389.27926047518,1907.261070471818
2024-01-29,2024,1,ZIMA,22.794750334532857,49.881164466671294,18396.87936768486,1907.155697837466
2024-01-29,2024,1,ZIMA,22.354575845314294,49.944046536559654,23178.636067204665,1895.695604458189
2024-01-29,2024,1,ZIMA,22.417457915202657,49.944046536559654,19050.194082674974,1895.518676757746
2024-01-29,2024,1,ZIMA,22.480339985091025,49.944046536559654,15141.051196505394,1900.3354492186877
2024-01-29,2024,1,ZIMA,22.543222054979392,49.944046536559654,11673.64126210208,1900.3354492188193
2024-01-29,2024,1,ZIMA,22.60610412486776,49.944046536559654,9163.917044842108,1905.1250981148964
2024-01-29,2024,1,ZIMA,22.668986194756126,49.944046536559654,8506.56967393002,1912.753662109312
2024-01-29,2024,1,ZIMA,22.73186826464449,49.944046536559654,10071.089278044556,1912.7536621093084
2024-01-29,2024,1,ZIMA,22.794750334532857,49.944046536559654,13083.306804570208,1912.7419488033001
2024-01-29,2024,1,ZIMA,22.354575845314294,50.006928606448014,21618.040770891686,1905.781558238614
2024-01-29,2024,1,ZIMA,22.417457915202657,50.006928606448014,17123.886130947034,1904.082822884313
2024-01-29,2024,1,ZIMA,22.480339985091025,50.006928606448014,12638.950019411841,1900.7570011903438
2024-01-29,2024,1,ZIMA,22.543222054979392,50.006928606448014,8178.418270760709,1900.6827655250775
2024-01-29,2024,1,ZIMA,22.60610412486776,50.006928606448014,3828.5697965801783,1904.2138447279626
2024-01-29,2024,1,ZIMA,22.668986194756126,50.006928606448014,1748.5319321300367,1904.944385157412
2024-01-29,2024,1,ZIMA,22.73186826464449,50.006928606448014,5664.34100011555,1905.1263337677817
2024-01-29,2024,1,ZIMA,22.794750334532857,50.006928606448014,10086.631749185417,1902.4265866104295
2024-01-29,2024,1,ZIMA,22.857632404421224,50.006928606448014,14561.02499648593,1898.8961401430506
2024-01-29,2024,1,ZIMA,22.92051447430959,50.006928606448014,19050.84269112359,1898.9217591415295
2024-01-29,2024,1,ZIMA,22.98339654419796,50.006928606448014,23547.261160031503,1886.2048887708631
2024-01-29,2024,1,ZIMA,22.354575845314294,50.069810676336374,22254.703554634234,1904.1393126452099
2024-01-29,2024,1,ZIMA,22.417457915202657,50.069810676336374,17927.26609080291,1903.1858183091904
2024-01-29,2024,1,ZIMA,22.480339985091025,50.069810676336374,13714.105266687462,1901.806263118407
2024-01-29,2024,1,ZIMA,22.543222054979392,50.069810676336374,9764.291031138966,1901.7977480537602
2024-01-29,2024,1,ZIMA,22.60610412486776,50.069810676336374,6571.229399687279,1903.5632023837238
2024-01-29,2024,1,ZIMA,22.668986194756126,50.069810676336374,5621.002175186564,1903.5509064211199
2024-01-29,2024,1,ZIMA,22.73186826464449,50.069810676336374,7783.641630589393,1903.5263144958556
2024-01-29,2024,1,ZIMA,22.794750334532857,50.069810676336374,11408.307713933447,1899.391364516911
2024-01-29,2024,1,ZIMA,22.857632404421224,50.069810676336374,15501.25262122609,1897.7318564449456
2024-01-29,2024,1,ZIMA,22.92051447430959,50.069810676336374,19773.79626047972,1896.435699463684
2024-01-29,2024,1,ZIMA,22.98339654419796,50.069810676336374,24130.725788332762,1887.8171628792893
2024-01-29,2024,1,ZIMA,22.417457915202657,50.13269274622476,21151.631610266355,1898.569837078001
2024-01-29,2024,1,ZIMA,22.480339985091025,50.13269274622476,17727.262098033436,1898.5405730027112
2024-01-29,2024,1,ZIMA,22.543222054979392,50.13269274622476,14887.64579548281,1898.502494694267
2024-01-29,2024,1,ZIMA,22.60610412486776,50.13269274622476,13021.138631167756,1894.6309814453818
2024-01-29,2024,1,ZIMA,22.668986194756126,50.13269274622476,12569.002778005643,1894.6309814452504
2024-01-29,2024,1,ZIMA,22.73186826464449,50.13269274622476,13672.280669832127,1892.5108464765783
2024-01-29,2024,1,ZIMA,22.794750334532857,50.13269274622476,16012.635344732576,1884.3574218750366
2024-01-29,2024,1,ZIMA,22.857632404421224,50.13269274622476,19141.56780290254,1884.3574218749711
2024-01-29,2024,1,ZIMA,22.92051447430959,50.13269274622476,22735.79955325739,1900.548202627696
2024-01-29,2024,1,ZIMA,22.480339985091025,50.19557481611312,23200.949158687763,1900.8369140624295
2024-01-29,2024,1,ZIMA,22.543222054979392,50.19557481611312,21113.780703731318,1900.7879725857294
2024-01-29,2024,1,ZIMA,22.60610412486776,50.19557481611312,19843.59108096418,1894.9565636403447
2024-01-29,2024,1,ZIMA,22.668986194756126,50.19557481611312,19550.26980713652,1894.9490287200542
2024-01-29,2024,1,ZIMA,22.73186826464449,50.19557481611312,20276.255232597017,1893.8264084431032
2024-01-29,2024,1,ZIMA,22.794750334532857,50.19557481611312,21920.506821805833,1884.3573711205158
2024-01-29,2024,1,ZIMA,22.857632404421224,50.19557481611312,24297.313099085826,1884.3574094265482
2024-01-30,2024,1,ZIMA,22.543222054979392,49.818282396782934,23844.580738967565,1886.738542390414
2024-01-30,2024,1,ZIMA,22.60610412486776,49.818282396782934,22718.528932761306,1893.7266484016077
2024-01-30,2024,1,ZIMA,22.668986194756126,49.818282396782934,22460.758843357904,1925.3331259959175
2024-01-30,2024,1,ZIMA,22.73186826464449,49.818282396782934,23100.35486137293,1917.656841870134
2024-01-30,2024,1,ZIMA,22.794750334532857,49.818282396782934,24567.33080198617,1898.765481631914
2024-01-30,2024,1,ZIMA,22.480339985091025,49.881164466671294,19914.797531770357,1890.2406384034186
2024-01-30,2024,1,ZIMA,22.543222054979392,49.881164466671294,17421.274692648036,1889.4901387505179
2024-01-30,2024,1,ZIMA,22.60610412486776,49.881164466671294,15847.281406598506,1913.1850704714382
2024-01-30,2024,1,ZIMA,22.668986194756126,49.881164466671294,15475.967440865885,1917.328340103654
2024-01-30,2024,1,ZIMA,22.73186826464449,49.881164466671294,16389.27926047518,1900.816449961862
2024-01-30,2024,1,ZIMA,22.794750334532857,49.881164466671294,18396.87936768486,1899.1119732060542
2024-01-30,2024,1,ZIMA,22.857632404421224,49.881164466671294,21189.99202699651,1899.0230717187833
2024-01-30,2024,1,ZIMA,22.480339985091025,49.944046536559654,15141.051196505394,1887.8513022100503
2024-01-30,2024,1,ZIMA,22.543222054979392,49.944046536559654,11673.64126210208,1888.35185370461
2024-01-30,2024,1,ZIMA,22.60610412486776,49.944046536559654,9163.917044842108,1913.746439709358
2024-01-30,2024,1,ZIMA,22.668986194756126,49.944046536559654,8506.56967393002,1914.097415028551
2024-01-30,2024,1,ZIMA,22.73186826464449,49.944046536559654,10071.089278044556,1899.4762959611958
2024-01-30,2024,1,ZIMA,22.794750334532857,49.944046536559654,13083.306804570208,1899.5615234375366
2024-01-30,2024,1,ZIMA,22.354575845314294,50.006928606448014,21618.040770891686,1874.8757904479198
2024-01-30,2024,1,ZIMA,22.417457915202657,50.006928606448014,17123.886130947034,1870.3619470571844
2024-01-30,2024,1,ZIMA,22.480339985091025,50.006928606448014,12638.950019411841,1870.4960791803346
2024-01-30,2024,1,ZIMA,22.543222054979392,50.006928606448014,8178.418270760709,1872.758852079343
2024-01-30,2024,1,ZIMA,22.60610412486776,50.006928606448014,3828.5697965801783,1907.4837639126738
2024-01-30,2024,1,ZIMA,22.668986194756126,50.006928606448014,1748.5319321300367,1906.923700838993
2024-01-30,2024,1,ZIMA,22.73186826464449,50.006928606448014,5664.34100011555,1891.938581294514
2024-01-30,2024,1,ZIMA,22.794750334532857,50.006928606448014,10086.631749185417,1892.5787317088598
2024-01-30,2024,1,ZIMA,22.857632404421224,50.006928606448014,14561.02499648593,1902.5848072695999
2024-01-30,2024,1,ZIMA,22.92051447430959,50.006928606448014,19050.84269112359,1905.9123315423
2024-01-30,2024,1,ZIMA,22.354575845314294,50.069810676336374,22254.703554634234,1881.7511973840697
2024-01-30,2024,1,ZIMA,22.417457915202657,50.069810676336374,17927.26609080291,1873.5684090003383
2024-01-30,2024,1,ZIMA,22.480339985091025,50.069810676336374,13714.105266687462,1858.674804687439
2024-01-30,2024,1,ZIMA,22.543222054979392,50.069810676336374,9764.291031138966,1870.0849247209792
2024-01-30,2024,1,ZIMA,22.60610412486776,50.069810676336374,6571.229399687279,1896.1651213095993
2024-01-30,2024,1,ZIMA,22.668986194756126,50.069810676336374,5621.002175186564,1896.048435801298
2024-01-30,2024,1,ZIMA,22.73186826464449,50.069810676336374,7783.641630589393,1891.8360396867201
2024-01-30,2024,1,ZIMA,22.794750334532857,50.069810676336374,11408.307713933447,1893.3295299085485
2024-01-30,2024,1,ZIMA,22.857632404421224,50.069810676336374,15501.25262122609,1897.4785282263751
2024-01-30,2024,1,ZIMA,22.417457915202657,50.13269274622476,21151.631610266355,1877.0014991036614
2024-01-30,2024,1,ZIMA,22.480339985091025,50.13269274622476,17727.262098033436,1874.2005589798548
2024-01-30,2024,1,ZIMA,22.543222054979392,50.13269274622476,14887.64579548281,1893.1195488953279
2024-01-30,2024,1,ZIMA,22.60610412486776,50.13269274622476,13021.138631167756,1890.2233193406773
2024-01-30,2024,1,ZIMA,22.668986194756126,50.13269274622476,12569.002778005643,1868.2581102071367
2024-01-30,2024,1,ZIMA,22.73186826464449,50.13269274622476,13672.280669832127,1870.85091244637
2024-01-30,2024,1,ZIMA,22.794750334532857,50.13269274622476,16012.635344732576,1868.6644033517684
2024-01-30,2024,1,ZIMA,22.857632404421224,50.13269274622476,19141.56780290254,1870.6012874513242
2024-01-30,2024,1,ZIMA,22.480339985091025,50.19557481611312,23200.949158687763,1886.198235190054
2024-01-30,2024,1,ZIMA,22.543222054979392,50.19557481611312,21113.780703731318,1895.425388576974
2024-01-30,2024,1,ZIMA,22.60610412486776,50.19557481611312,19843.59108096418,1876.384421940734
2024-01-30,2024,1,ZIMA,22.668986194756126,50.19557481611312,19550.26980713652,1851.5888671874316
2024-01-30,2024,1,ZIMA,22.73186826464449,50.19557481611312,20276.255232597017,1853.649332704079
2024-01-30,2024,1,ZIMA,22.794750334532857,50.19557481611312,21920.506821805833,1868.6340445337437
2024-01-30,2024,1,ZIMA,22.857632404421224,50.19557481611312,24297.313099085826,1868.6340442417127
2024-02-16,2024,2,ZIMA,22.543222054979392,49.818282396782934,23844.580738967565,1890.2376904227913
2024-02-16,2024,2,ZIMA,22.60610412486776,49.818282396782934,22718.528932761306,1882.9020146817343
2024-02-16,2024,2,ZIMA,22.668986194756126,49.818282396782934,22460.758843357904,1879.696539566417
2024-02-16,2024,2,ZIMA,22.73186826464449,49.818282396782934,23100.35486137293,1903.570658535418
2024-02-16,2024,2,ZIMA,22.794750334532857,49.818282396782934,24567.33080198617,1904.103032616196
2024-02-16,2024,2,ZIMA,22.417457915202657,49.881164466671294,23031.096518731556,1866.0161072500691
2024-02-16,2024,2,ZIMA,22.480339985091025,49.881164466671294,19914.797531770357,1900.5184363302221
2024-02-16,2024,2,ZIMA,22.543222054979392,49.881164466671294,17421.274692648036,1898.876471240592
2024-02-16,2024,2,ZIMA,22.60610412486776,49.881164466671294,15847.281406598506,1893.6185010042484
2024-02-16,2024,2,ZIMA,22.668986194756126,49.881164466671294,15475.967440865885,1893.3891059939835
2024-02-16,2024,2,ZIMA,22.73186826464449,49.881164466671294,16389.27926047518,1907.0668945312746
2024-02-16,2024,2,ZIMA,22.794750334532857,49.881164466671294,18396.87936768486,1901.248651999568
2024-02-16,2024,2,ZIMA,22.857632404421224,49.881164466671294,21189.99202699651,1892.2020527261197
2024-02-16,2024,2,ZIMA,22.92051447430959,49.881164466671294,24501.433160808512,1885.6935197430098
2024-02-16,2024,2,ZIMA,22.354575845314294,49.944046536559654,23178.636067204665,1868.4133839323558
2024-02-16,2024,2,ZIMA,22.417457915202657,49.944046536559654,19050.194082674974,1868.4218749999347
2024-02-16,2024,2,ZIMA,22.480339985091025,49.944046536559654,15141.051196505394,1900.678084205493
2024-02-16,2024,2,ZIMA,22.543222054979392,49.944046536559654,11673.64126210208,1900.1416702042961
2024-02-16,2024,2,ZIMA,22.60610412486776,49.944046536559654,9163.917044842108,1895.226016434089
2024-02-16,2024,2,ZIMA,22.668986194756126,49.944046536559654,8506.56967393002,1896.7994843190882
2024-02-16,2024,2,ZIMA,22.73186826464449,49.944046536559654,10071.089278044556,1900.0230291778216
2024-02-16,2024,2,ZIMA,22.794750334532857,49.944046536559654,13083.306804570208,1890.0453478131774
2024-02-16,2024,2,ZIMA,22.857632404421224,49.944046536559654,16780.941025819608,1889.3189002248523
2024-02-16,2024,2,ZIMA,22.92051447430959,49.944046536559654,20801.632851319795,1890.5644531250364
2024-02-16,2024,2,ZIMA,22.354575845314294,50.006928606448014,21618.040770891686,1893.73874171719
2024-02-16,2024,2,ZIMA,22.417457915202657,50.006928606448014,17123.886130947034,1897.4978461564333
2024-02-16,2024,2,ZIMA,22.480339985091025,50.006928606448014,12638.950019411841,1901.0535228718388
2024-02-16,2024,2,ZIMA,22.543222054979392,50.006928606448014,8178.418270760709,1899.0429528529369
2024-02-16,2024,2,ZIMA,22.60610412486776,50.006928606448014,3828.5697965801783,1898.3934473632175
2024-02-16,2024,2,ZIMA,22.668986194756126,50.006928606448014,1748.5319321300367,1897.8771038738632
2024-02-16,2024,2,ZIMA,22.73186826464449,50.006928606448014,5664.34100011555,1887.0435176128888
2024-02-16,2024,2,ZIMA,22.794750334532857,50.006928606448014,10086.631749185417,1882.9310450647993
2024-02-16,2024,2,ZIMA,22.857632404421224,50.006928606448014,14561.02499648593,1885.831133928618
2024-02-16,2024,2,ZIMA,22.92051447430959,50.006928606448014,19050.84269112359,1882.8992303599873
2024-02-16,2024,2,ZIMA,22.98339654419796,50.006928606448014,23547.261160031503,1883.5855567390365
2024-02-16,2024,2,ZIMA,22.354575845314294,50.069810676336374,22254.703554634234,1891.3052743553083
2024-02-16,2024,2,ZIMA,22.417457915202657,50.069810676336374,17927.26609080291,1901.1523764551225
2024-02-16,2024,2,ZIMA,22.480339985091025,50.069810676336374,13714.105266687462,1897.0898854425075
2024-02-16,2024,2,ZIMA,22.543222054979392,50.069810676336374,9764.291031138966,1891.3758524657298
2024-02-16,2024,2,ZIMA,22.60610412486776,50.069810676336374,6571.229399687279,1897.9765989566029
2024-02-16,2024,2,ZIMA,22.668986194756126,50.069810676336374,5621.002175186564,1899.1570443463145
2024-02-16,2024,2,ZIMA,22.73186826464449,50.069810676336374,7783.641630589393,1889.02729171956
2024-02-16,2024,2,ZIMA,22.794750334532857,50.069810676336374,11408.307713933447,1888.9026101331128
2024-02-16,2024,2,ZIMA,22.857632404421224,50.069810676336374,15501.25262122609,1881.3149301457381
2024-02-16,2024,2,ZIMA,22.92051447430959,50.069810676336374,19773.79626047972,1877.195260898771
2024-02-16,2024,2,ZIMA,22.98339654419796,50.069810676336374,24130.725788332762,1879.6068584263767
2024-02-16,2024,2,ZIMA,22.417457915202657,50.13269274622476,21151.631610266355,1883.3182051093552
2024-02-16,2024,2,ZIMA,22.480339985091025,50.13269274622476,17727.262098033436,1888.3482596092776
2024-02-16,2024,2,ZIMA,22.543222054979392,50.13269274622476,14887.64579548281,1886.3602437906059
2024-02-16,2024,2,ZIMA,22.60610412486776,50.13269274622476,13021.138631167756,1890.9389648438191
2024-02-16,2024,2,ZIMA,22.668986194756126,50.13269274622476,12569.002778005643,1887.6176243869336
2024-02-16,2024,2,ZIMA,22.73186826464449,50.13269274622476,13672.280669832127,1865.7283395350303
2024-02-16,2024,2,ZIMA,22.794750334532857,50.13269274622476,16012.635344732576,1869.3476005469508
2024-02-16,2024,2,ZIMA,22.857632404421224,50.13269274622476,19141.56780290254,1869.964468375903
2024-02-16,2024,2,ZIMA,22.92051447430959,50.13269274622476,22735.79955325739,1869.9697286796245
2024-02-16,2024,2,ZIMA,22.480339985091025,50.19557481611312,23200.949158687763,1892.9849897170393
2024-02-16,2024,2,ZIMA,22.543222054979392,50.19557481611312,21113.780703731318,1892.1360353904859
2024-02-16,2024,2,ZIMA,22.60610412486776,50.19557481611312,19843.59108096418,1886.7563969055527
2024-02-16,2024,2,ZIMA,22.668986194756126,50.19557481611312,19550.26980713652,1875.126486296421
2024-02-16,2024,2,ZIMA,22.73186826464449,50.19557481611312,20276.255232597017,1865.2598332361051
2024-02-16,2024,2,ZIMA,22.794750334532857,50.19557481611312,21920.506821805833,1873.5257969080442
2024-02-16,2024,2,ZIMA,22.857632404421224,50.19557481611312,24297.313099085826,1870.8946021687816
2024-03-08,2024,3,ZIMA,22.98339654419796,50.069810676336374,24130.725788332762,1890.7210532596532
2024-03-08,2024,3,ZIMA,22.417457915202657,50.13269274622476,21151.631610266355,1875.525595550223
2024-03-08,2024,3,ZIMA,22.668986194756126,50.13269274622476,12569.002778005643,1856.7702669799903
2024-03-08,2024,3,ZIMA,22.73186826464449,50.13269274622476,13672.280669832127,1858.532718882297
2024-03-08,2024,3,ZIMA,22.794750334532857,50.13269274622476,16012.635344732576,1861.6484056395939
2024-03-08,2024,3,ZIMA,22.857632404421224,50.13269274622476,19141.56780290254,1858.9948368115113
2024-03-08,2024,3,ZIMA,22.92051447430959,50.13269274622476,22735.79955325739,1860.2201782322982
2024-03-08,2024,3,ZIMA,22.480339985091025,50.19557481611312,23200.949158687763,1875.5256387268223
2024-03-08,2024,3,ZIMA,22.543222054979392,50.19557481611312,21113.780703731318,1875.5256331603723
2024-03-08,2024,3,ZIMA,22.73186826464449,50.19557481611312,20276.255232597017,1873.7582996354067
2024-03-08,2024,3,ZIMA,22.794750334532857,50.19557481611312,21920.506821805833,1873.27890409209
2024-03-08,2024,3,ZIMA,22.857632404421224,50.19557481611312,24297.313099085826,1865.8064035794794
2024-03-09,2024,3,ZIMA,22.794750334532857,49.818282396782934,24567.33080198617,1865.9126657918396
2024-03-09,2024,3,ZIMA,22.73186826464449,49.881164466671294,16389.27926047518,1874.8372305065084
2024-03-09,2024,3,ZIMA,22.794750334532857,49.881164466671294,18396.87936768486,1871.877624440743
2024-03-09,2024,3,ZIMA,22.857632404421224,49.881164466671294,21189.99202699651,1869.5836281691186
2024-03-09,2024,3,ZIMA,22.73186826464449,49.944046536559654,10071.089278044556,1871.047536739932
2024-03-09,2024,3,ZIMA,22.794750334532857,49.944046536559654,13083.306804570208,1874.286511412763
2024-03-09,2024,3,ZIMA,22.857632404421224,49.944046536559654,16780.941025819608,1875.1581439165261
2024-03-09,2024,3,ZIMA,22.92051447430959,49.944046536559654,20801.632851319795,1876.6021836334137
2024-03-09,2024,3,ZIMA,22.60610412486776,50.006928606448014,3828.5697965801783,1888.892044808874
2024-03-09,2024,3,ZIMA,22.668986194756126,50.006928606448014,1748.5319321300367,1888.9274554301232
2024-03-09,2024,3,ZIMA,22.73186826464449,50.006928606448014,5664.34100011555,1870.3094412016053
2024-03-09,2024,3,ZIMA,22.794750334532857,50.006928606448014,10086.631749185417,1869.2833867467757
2024-03-09,2024,3,ZIMA,22.857632404421224,50.006928606448014,14561.02499648593,1881.388727072541
2024-03-09,2024,3,ZIMA,22.92051447430959,50.006928606448014,19050.84269112359,1880.966550842771
2024-03-09,2024,3,ZIMA,22.98339654419796,50.006928606448014,23547.261160031503,1879.6106412100467
2024-03-09,2024,3,ZIMA,22.543222054979392,50.069810676336374,9764.291031138966,1887.9937625509317
2024-03-09,2024,3,ZIMA,22.60610412486776,50.069810676336374,6571.229399687279,1888.7709376142482
2024-03-09,2024,3,ZIMA,22.668986194756126,50.069810676336374,5621.002175186564,1888.0410054299014
2024-03-09,2024,3,ZIMA,22.73186826464449,50.069810676336374,7783.641630589393,1873.0090764097527
2024-03-09,2024,3,ZIMA,22.794750334532857,50.069810676336374,11408.307713933447,1872.6689806236334
2024-03-09,2024,3,ZIMA,22.857632404421224,50.069810676336374,15501.25262122609,1880.0528564452832
2024-03-09,2024,3,ZIMA,22.92051447430959,50.069810676336374,19773.79626047972,1872.5220889585598
2024-03-09,2024,3,ZIMA,22.98339654419796,50.069810676336374,24130.725788332762,1875.656488825415
2024-03-09,2024,3,ZIMA,22.417457915202657,50.13269274622476,21151.631610266355,1870.4139494945355
2024-03-09,2024,3,ZIMA,22.480339985091025,50.13269274622476,17727.262098033436,1869.4114580139899
2024-03-09,2024,3,ZIMA,22.543222054979392,50.13269274622476,14887.64579548281,1884.2360364467468
2024-03-09,2024,3,ZIMA,22.60610412486776,50.13269274622476,13021.138631167756,1884.8607920104798
2024-03-09,2024,3,ZIMA,22.668986194756126,50.13269274622476,12569.002778005643,1871.4127115220733
2024-03-09,2024,3,ZIMA,22.73186826464449,50.13269274622476,13672.280669832127,1871.329067989416
2024-03-09,2024,3,ZIMA,22.794750334532857,50.13269274622476,16012.635344732576,1876.9068363533806
2024-03-09,2024,3,ZIMA,22.857632404421224,50.13269274622476,19141.56780290254,1878.7157550185555
2024-03-09,2024,3,ZIMA,22.92051447430959,50.13269274622476,22735.79955325739,1871.0317636355853
2024-03-09,2024,3,ZIMA,22.480339985091025,50.19557481611312,23200.949158687763,1881.1497365871955
2024-03-09,2024,3,ZIMA,22.543222054979392,50.19557481611312,21113.780703731318,1887.915479406953
2024-03-09,2024,3,ZIMA,22.60610412486776,50.19557481611312,19843.59108096418,1877.0240978229158
2024-03-09,2024,3,ZIMA,22.668986194756126,50.19557481611312,19550.26980713652,1870.514941755948
2024-03-09,2024,3,ZIMA,22.73186826464449,50.19557481611312,20276.255232597017,1872.5717630368288
2024-03-09,2024,3,ZIMA,22.794750334532857,50.19557481611312,21920.506821805833,1874.6802077055854
2024-03-09,2024,3,ZIMA,22.857632404421224,50.19557481611312,24297.313099085826,1869.5393002173603
2024-03-21,2024,3,ZIMA,22.417457915202657,49.88466624217074,22771.25371146151,1866.2963090166245
2024-03-21,2024,3,ZIMA,22.480339985091025,49.88466624217074,19613.959897798166,1865.5094478439387
2024-03-21,2024,3,ZIMA,22.543222054979392,49.88466624217074,17076.76204370946,1856.876920420533
2024-03-21,2024,3,ZIMA,22.354575845314294,49.94754831205911,23038.7393434135,1868.4243570021245
2024-03-21,2024,3,ZIMA,22.417457915202657,49.94754831205911,18880.06549302841,1869.1051768221691
2024-03-21,2024,3,ZIMA,22.480339985091025,49.94754831205911,14926.757659550281,1861.0548774351128
2024-03-21,2024,3,ZIMA,22.543222054979392,49.94754831205911,11394.616865865368,1856.8411103400197
2024-03-21,2024,3,ZIMA,22.60610412486776,49.94754831205911,8805.938382230486,1856.8404487791202
2024-03-21,2024,3,ZIMA,22.668986194756126,49.94754831205911,8119.71329402324,1856.8404631198684
2024-03-21,2024,3,ZIMA,22.354575845314294,50.01043038194747,21594.502837901968,1873.969282376092
2024-03-21,2024,3,ZIMA,22.417457915202657,50.01043038194747,17094.53108890455,1867.4844601585132
2024-03-21,2024,3,ZIMA,22.480339985091025,50.01043038194747,12599.534648372786,1860.5146505113162
2024-03-21,2024,3,ZIMA,22.543222054979392,50.01043038194747,8117.788360441691,1860.5146519419134
2024-03-21,2024,3,ZIMA,22.60610412486776,50.01043038194747,3697.797015521164,1860.3803449810564
2024-03-21,2024,3,ZIMA,22.668986194756126,50.01043038194747,1440.1243037728434,1858.8161199282329
2024-03-21,2024,3,ZIMA,22.354575845314294,50.07331245183585,22354.046447198238,1873.9431718754454
2024-03-21,2024,3,ZIMA,22.417457915202657,50.07331245183585,18050.792026787316,1875.1924935587422
2024-03-21,2024,3,ZIMA,22.60610412486776,50.07331245183585,6902.5761455507945,1860.514651581919
2024-03-29,2024,3,ZIMA,22.480339985091025,49.82878772328128,24711.809120294347,1887.0703390297535
2024-03-29,2024,3,ZIMA,22.543222054979392,49.82878772328128,22748.066442999923,1888.1163372617796
2024-03-29,2024,3,ZIMA,22.60610412486776,49.82878772328128,21565.09706289241,1898.607382316828
2024-03-29,2024,3,ZIMA,22.668986194756126,49.82878772328128,21293.427765337514,1898.830562579078
2024-03-29,2024,3,ZIMA,22.73186826464449,49.82878772328128,21966.894607487786,1885.356415765366
2024-03-29,2024,3,ZIMA,22.794750334532857,49.82878772328128,23504.396650112318,1885.0141042226935
2024-03-29,2024,3,ZIMA,22.417457915202657,49.89166979316964,22262.91512756393,1884.4063340595449
2024-03-29,2024,3,ZIMA,22.480339985091025,49.89166979316964,19021.939045588762,1900.7074477976362
2024-03-29,2024,3,ZIMA,22.543222054979392,49.89166979316964,16393.77929599842,1900.226682293978
2024-03-29,2024,3,ZIMA,22.60610412486776,49.89166979316964,14710.638103227138,1902.9013671875286
2024-03-29,2024,3,ZIMA,22.668986194756126,49.89166979316964,14309.94893217961,1901.160970385819
2024-03-29,2024,3,ZIMA,22.73186826464449,49.89166979316964,15292.848954922392,1896.809024492395
2024-03-29,2024,3,ZIMA,22.794750334532857,49.89166979316964,17426.783472716856,1890.7056809588478
2024-03-29,2024,3,ZIMA,22.857632404421224,49.89166979316964,20352.87206844864,1889.6296730719648
2024-03-29,2024,3,ZIMA,22.92051447430959,49.89166979316964,23780.476242766938,1890.5526455418133
2024-03-29,2024,3,ZIMA,22.354575845314294,49.954551863058015,22776.356876468417,1892.6648955239607
2024-03-29,2024,3,ZIMA,22.417457915202657,49.954551863058015,18559.66253791124,1892.7277249448912
2024-03-29,2024,3,ZIMA,22.480339985091025,49.954551863058015,14520.04361323391,1905.104487925821
2024-03-29,2024,3,ZIMA,22.543222054979392,49.954551863058015,10856.994445873956,1904.7864227506132
2024-03-29,2024,3,ZIMA,22.60610412486776,49.954551863058015,8098.712783562352,1904.2718885902127
2024-03-29,2024,3,ZIMA,22.668986194756126,49.954551863058015,7346.83768198069,1897.9249681534307
2024-03-29,2024,3,ZIMA,22.73186826464449,49.954551863058015,9112.34475900155,1896.398743005732
2024-03-29,2024,3,ZIMA,22.794750334532857,49.954551863058015,12359.845021672229,1887.5607733851862
2024-03-29,2024,3,ZIMA,22.857632404421224,49.954551863058015,16222.479436709024,1891.5283876495248
2024-03-29,2024,3,ZIMA,22.92051447430959,49.954551863058015,20352.983304829497,1900.7124023437866
2024-03-29,2024,3,ZIMA,22.98339654419796,49.954551863058015,24616.882768247455,1893.9841777617905
2024-03-29,2024,3,ZIMA,22.354575845314294,50.017433932946375,21568.461962262016,1907.1932011732413
2024-03-29,2024,3,ZIMA,22.417457915202657,50.017433932946375,17062.364867746277,1903.615733305378
2024-03-29,2024,3,ZIMA,22.480339985091025,50.017433932946375,12556.630674141996,1903.2273446519362
2024-03-29,2024,3,ZIMA,22.543222054979392,50.017433932946375,8051.874491102406,1903.4232453296042
2024-03-29,2024,3,ZIMA,22.60610412486776,50.017433932946375,3551.828731714459,1895.7063346919153
2024-03-29,2024,3,ZIMA,22.668986194756126,50.017433932946375,1008.6745831835706,1888.8745251252265
2024-03-29,2024,3,ZIMA,22.73186826464449,50.017433932946375,5480.739193284635,1882.9709585855012
2024-03-29,2024,3,ZIMA,22.794750334532857,50.017433932946375,9983.922076715906,1882.1643066406614
2024-03-29,2024,3,ZIMA,22.857632404421224,50.017433932946375,14489.236311917515,1890.6057346782807
2024-03-29,2024,3,ZIMA,22.92051447430959,50.017433932946375,18995.163351028874,1889.9745304447881
2024-03-29,2024,3,ZIMA,22.98339654419796,50.017433932946375,23501.34844680935,1889.2253707626949
2024-03-29,2024,3,ZIMA,22.354575845314294,50.08031600283475,22571.593120862584,1897.4554993312815
2024-03-29,2024,3,ZIMA,22.417457915202657,50.08031600283475,18320.20307903207,1895.9627587367188
2024-03-29,2024,3,ZIMA,22.480339985091025,50.08031600283475,14224.935327969335,1900.0444446800668
2024-03-29,2024,3,ZIMA,22.543222054979392,50.08031600283475,10470.614246793919,1899.4750377470596
2024-03-29,2024,3,ZIMA,22.60610412486776,50.08031600283475,7581.877613171757,1889.314941406319
2024-03-29,2024,3,ZIMA,22.668986194756126,50.08031600283475,6775.102572670169,1889.5787617976735
2024-03-29,2024,3,ZIMA,22.73186826464449,50.08031600283475,8653.61621414954,1877.8293830848668
2024-03-29,2024,3,ZIMA,22.794750334532857,50.08031600283475,12018.080216548418,1879.7421280239814
2024-03-29,2024,3,ZIMA,22.857632404421224,50.08031600283475,15954.608229179084,1883.496533078864
2024-03-29,2024,3,ZIMA,22.92051447430959,50.08031600283475,20130.3447882497,1881.3245973279645
2024-03-29,2024,3,ZIMA,22.98339654419796,50.08031600283475,24422.89713923003,1880.6785888671586
2024-03-29,2024,3,ZIMA,22.417457915202657,50.14319807272311,21862.782814030616,1895.6358322399158
2024-03-29,2024,3,ZIMA,22.480339985091025,50.14319807272311,18570.803615072375,1903.5654296874375
2024-03-29,2024,3,ZIMA,22.543222054979392,50.14319807272311,15883.363153205039,1903.5654296875698
2024-03-29,2024,3,ZIMA,22.60610412486776,50.14319807272311,14149.22946280949,1888.9171756476424
2024-03-29,2024,3,ZIMA,22.668986194756126,50.14319807272311,13734.373189309134,1888.2310658952313
2024-03-29,2024,3,ZIMA,22.73186826464449,50.14319807272311,14750.52861257386,1873.8692538236821
2024-03-29,2024,3,ZIMA,22.794750334532857,50.14319807272311,16942.139697664446,1875.5278818761449
2024-03-29,2024,3,ZIMA,22.857632404421224,50.14319807272311,19925.037407232725,1878.8815334703197
2024-03-29,2024,3,ZIMA,22.92051447430959,50.14319807272311,23398.52783718368,1892.3670380563963
2024-03-29,2024,3,ZIMA,22.480339985091025,50.20608014261147,24191.94764707279,1902.5371257892548
2024-03-29,2024,3,ZIMA,22.543222054979392,50.20608014261147,22198.610876776278,1896.0466051262647
2024-03-29,2024,3,ZIMA,22.60610412486776,50.20608014261147,20994.430424650796,1890.160378523989
2024-03-29,2024,3,ZIMA,22.668986194756126,50.20608014261147,20717.470530006434,1879.4862059576794
2024-03-29,2024,3,ZIMA,22.73186826464449,50.20608014261147,21403.75483245062,1876.3651989324942
2024-03-29,2024,3,ZIMA,22.794750334532857,50.20608014261147,22967.097983633736,1878.4149217295699
2024-03-30,2024,3,ZIMA,22.354575845314294,49.954551863058015,22776.356876468417,1897.2618168992794
2024-03-30,2024,3,ZIMA,22.417457915202657,49.954551863058015,18559.66253791124,1899.9805880895372
2024-03-30,2024,3,ZIMA,22.480339985091025,49.954551863058015,14520.04361323391,1899.9805942077196
2024-03-30,2024,3,ZIMA,22.543222054979392,49.954551863058015,10856.994445873956,1899.9805271961004
2024-03-30,2024,3,ZIMA,22.354575845314294,50.017433932946375,21568.461962262016,1897.0648723234785
2024-03-30,2024,3,ZIMA,22.417457915202657,50.017433932946375,17062.364867746277,1899.8609174435642
2024-03-30,2024,3,ZIMA,22.480339985091025,50.017433932946375,12556.630674141996,1900.341045455661
2024-03-30,2024,3,ZIMA,22.354575845314294,50.08031600283475,22571.593120862584,1890.1528937604114
2024-03-30,2024,3,ZIMA,22.417457915202657,50.08031600283475,18320.20307903207,1891.6090595523144
2024-03-30,2024,3,ZIMA,22.417457915202657,50.14319807272311,21862.782814030616,1888.8576135962887
2024-06-01,2024,6,LATO,22.52571317748213,49.82878772328128,23223.446671401936,1870.674380086097
2024-06-01,2024,6,LATO,22.588595247370506,49.82878772328128,21807.18193595717,1871.9804672699786
2024-06-01,2024,6,LATO,22.651477317258866,49.82878772328128,21273.356297295428,1870.8541453592045
2024-06-01,2024,6,LATO,22.714359387147226,49.82878772328128,21687.22960171284,1870.1793096455867
2024-06-01,2024,6,LATO,22.399949037705397,49.89166979316964,23240.95435275252,1873.0087181823744
2024-06-01,2024,6,LATO,22.46283110759377,49.89166979316964,19874.58844639638,1886.0476802860571
2024-06-01,2024,6,LATO,22.52571317748213,49.89166979316964,17046.454606667296,1875.1214165591257
2024-06-01,2024,6,LATO,22.588595247370506,49.89166979316964,15062.835837653478,1870.9228792723875
2024-06-01,2024,6,LATO,22.651477317258866,49.89166979316964,14280.103976491555,1870.1792820137296
2024-06-01,2024,6,LATO,22.714359387147226,49.89166979316964,14888.872887278887,1870.1793241564565
2024-06-01,2024,6,LATO,22.337066967817037,49.954551863058015,23969.435525253684,1878.4352050705236
2024-06-01,2024,6,LATO,22.399949037705397,49.954551863058015,19720.74564278404,1879.2133434756165
2024-06-01,2024,6,LATO,22.46283110759377,49.954551863058015,15619.017095593703,1889.1368795904739
2024-06-01,2024,6,LATO,22.52571317748213,49.954551863058015,11818.274784255715,1895.4652099610066
2024-06-01,2024,6,LATO,22.588595247370506,49.954551863058015,8721.334982744045,1895.4351766050368
2024-06-01,2024,6,LATO,22.651477317258866,49.954551863058015,7288.611985025922,1889.8160436790447
2024-06-01,2024,6,LATO,22.714359387147226,49.954551863058015,8417.717063070771,1889.8160312476398
2024-06-01,2024,6,LATO,22.337066967817037,50.017433932946375,22823.174390414948,1883.8638559715564
2024-06-01,2024,6,LATO,22.399949037705397,50.017433932946375,18317.01724871943,1874.9600212438556
2024-06-01,2024,6,LATO,22.46283110759377,50.017433932946375,13811.149723168797,1876.2716809820001
2024-06-01,2024,6,LATO,22.52571317748213,50.017433932946375,9305.998011737687,1898.5058642785823
2024-06-01,2024,6,LATO,22.588595247370506,50.017433932946375,4803.5842348637925,1891.2556249328234
2024-06-01,2024,6,LATO,22.651477317258866,50.017433932946375,407.88410091848647,1882.3946575431314
2024-06-01,2024,6,LATO,22.714359387147226,50.017433932946375,4228.174317330404,1882.3946443323787
2024-06-15,2024,6,LATO,22.522211401982673,49.82528594778182,23681.36397288888,1870.1938372222187
2024-06-15,2024,6,LATO,22.585093471871062,49.82528594778182,22243.113603917147,1870.1788244750137
2024-06-15,2024,6,LATO,22.647975541759422,49.82528594778182,21667.624483433796,1870.0952178771581
2024-06-15,2024,6,LATO,22.710857611647782,49.82528594778182,22022.63564934791,1870.0534224390399
2024-06-15,2024,6,LATO,22.773739681536142,49.82528594778182,23265.591203190193,1869.9741687240469
2024-06-15,2024,6,LATO,22.522211401982673,49.888168017670196,17510.161048962553,1874.7326095913686
2024-06-15,2024,6,LATO,22.585093471871062,49.888168017670196,15512.59120345802,1874.5171418070045
2024-06-15,2024,6,LATO,22.647975541759422,49.888168017670196,14676.618170674585,1874.8118066122122
2024-06-15,2024,6,LATO,22.710857611647782,49.888168017670196,15195.180964942992,1874.9591148620189
2024-06-15,2024,6,LATO,22.773739681536142,49.888168017670196,16944.37306082622,1875.223545445778
2024-06-15,2024,6,LATO,22.333565192317593,49.951050087558556,24329.616153798765,1856.338382333154
2024-06-15,2024,6,LATO,22.396447262205953,49.951050087558556,20100.38885914841,1856.3383821414227
2024-06-15,2024,6,LATO,22.459329332094313,49.951050087558556,16024.852730089931,1856.3383812477598
2024-06-15,2024,6,LATO,22.522211401982673,49.951050087558556,12257.290210877267,1870.4554088212458
2024-06-15,2024,6,LATO,22.585093471871062,49.951050087558556,9184.85227776162,1873.8984590275538
2024-06-15,2024,6,LATO,22.647975541759422,49.951050087558556,7691.354015338403,1873.7958377708983
2024-06-15,2024,6,LATO,22.710857611647782,49.951050087558556,8638.703832302734,1873.7445474391307
2024-06-15,2024,6,LATO,22.773739681536142,49.951050087558556,11435.580416255929,1873.8648902516811
2024-06-15,2024,6,LATO,22.333565192317593,50.01393215744693,23083.11301727658,1855.9337578324305
2024-06-15,2024,6,LATO,22.396447262205953,50.01393215744693,18578.759884169915,1856.12794693242
2024-06-15,2024,6,LATO,22.459329332094313,50.01393215744693,14075.95044439272,1856.5163257821262
2024-06-15,2024,6,LATO,22.522211401982673,50.01393215744693,9576.867796616025,1860.358830515125
2024-06-15,2024,6,LATO,22.585093471871062,50.01393215744693,5091.408622525803,1860.3626324182771
2024-06-15,2024,6,LATO,22.647975541759422,50.01393215744693,866.3511802528575,1860.3697978514308
2024-06-15,2024,6,LATO,22.710857611647782,50.01393215744693,4025.018780650662,1860.3735843770394
2024-06-15,2024,6,LATO,22.773739681536142,50.01393215744693,8501.357094265071,1860.3233683398914
2024-06-15,2024,6,LATO,22.333565192317593,50.07681422733529,23907.569888610113,1865.8642578124388
2024-06-15,2024,6,LATO,22.396447262205953,50.07681422733529,19599.92593923184,1865.8642578125682
2024-06-15,2024,6,LATO,22.459329332094313,50.07681422733529,15404.905898963934,1865.8642578125684
2024-06-15,2024,6,LATO,22.522211401982673,50.07681422733529,11447.012777359685,1860.5079345703805
2024-06-15,2024,6,LATO,22.585093471871062,50.07681422733529,8082.458111143529,1860.4783031367322
2024-06-15,2024,6,LATO,22.647975541759422,50.07681422733529,6339.339550752154,1860.2135256653273
2024-06-15,2024,6,LATO,22.710857611647782,50.07681422733529,7457.693136480863,1860.0771954578129
2024-06-15,2024,6,LATO,22.396447262205953,50.13969629722365,22825.193638328336,1869.8019203212668
2024-06-15,2024,6,LATO,22.459329332094313,50.13969629722365,19347.75752602648,1869.645008746499
2024-06-15,2024,6,LATO,22.522211401982673,50.13969629722365,16376.749170433397,1853.839224568115
2024-06-15,2024,6,LATO,22.585093471871062,50.13969629722365,14232.922355812683,1853.8392525700901
2024-06-15,2024,6,LATO,22.647975541759422,50.13969629722365,13321.790660787445,1853.8392475493545
2024-06-15,2024,6,LATO,22.710857611647782,50.13969629722365,13888.119460013195,1853.839198025596
2024-06-15,2024,6,LATO,22.459329332094313,50.202578367112025,24682.1741638461,1865.3572474356436
2024-06-19,2024,6,LATO,22.337066967817037,50.017433932946375,22823.174390414948,1802.689440361747
2024-06-20,2024,6,LATO,22.965887666700695,49.954551863058015,23420.401230976673,1861.2817141784515
2024-06-20,2024,6,LATO,22.965887666700695,50.017433932946375,22246.629981672468,1855.4603443153944
2024-06-21,2024,6,LATO,22.522211401982673,49.82528594778182,23681.36397288888,1883.4337949026797
2024-06-21,2024,6,LATO,22.585093471871062,49.82528594778182,22243.113603917147,1883.6811433493897
2024-06-21,2024,6,LATO,22.647975541759422,49.82528594778182,21667.624483433796,1885.0219327655557
2024-06-21,2024,6,LATO,22.710857611647782,49.82528594778182,22022.63564934791,1884.9946481283812
2024-06-21,2024,6,LATO,22.773739681536142,49.82528594778182,23265.591203190193,1884.93910206501
2024-06-21,2024,6,LATO,22.396447262205953,49.888168017670196,23679.53220215283,1869.4626707863072
2024-06-21,2024,6,LATO,22.459329332094313,49.888168017670196,20329.756512475342,1885.680786132841
2024-06-21,2024,6,LATO,22.522211401982673,49.888168017670196,17510.161048962553,1885.680786132841
2024-06-21,2024,6,LATO,22.585093471871062,49.888168017670196,15512.59120345802,1885.6804652626595
2024-06-21,2024,6,LATO,22.647975541759422,49.888168017670196,14676.618170674585,1883.689575195243
2024-06-21,2024,6,LATO,22.710857611647782,49.888168017670196,15195.180964942992,1883.689575195341
2024-06-21,2024,6,LATO,22.773739681536142,49.888168017670196,16944.37306082622,1883.718169351639
2024-06-21,2024,6,LATO,22.836621751424502,49.888168017670196,19597.3983523426,1883.776915345706
2024-06-21,2024,6,LATO,22.89950382131289,49.888168017670196,22841.459391951477,1883.8398067590504
2024-06-21,2024,6,LATO,22.333565192317593,49.951050087558556,24329.616153798765,1879.3043212890009
2024-06-21,2024,6,LATO,22.396447262205953,49.951050087558556,20100.38885914841,1879.297888651743
2024-06-21,2024,6,LATO,22.459329332094313,49.951050087558556,16024.852730089931,1884.2285259651514
2024-06-21,2024,6,LATO,22.522211401982673,49.951050087558556,12257.290210877267,1884.3033359230876
2024-06-21,2024,6,LATO,22.585093471871062,49.951050087558556,9184.85227776162,1884.6309191799655
2024-06-21,2024,6,LATO,22.647975541759422,49.951050087558556,7691.354015338403,1885.9470898201323
2024-06-21,2024,6,LATO,22.710857611647782,49.951050087558556,8638.703832302734,1885.8878669002058
2024-06-21,2024,6,LATO,22.773739681536142,49.951050087558556,11435.580416255929,1884.1875186965035
2024-06-21,2024,6,LATO,22.836621751424502,49.951050087558556,15086.182423455777,1883.5661825055859
2024-06-21,2024,6,LATO,22.89950382131289,49.951050087558556,19107.284311362495,1883.5749860050853
2024-06-21,2024,6,LATO,22.96238589120125,49.951050087558556,23307.908975838698,1890.685369672525
2024-06-21,2024,6,LATO,22.333565192317593,50.01393215744693,23083.11301727658,1874.8636523859793
2024-06-21,2024,6,LATO,22.396447262205953,50.01393215744693,18578.759884169915,1875.6525902128596
2024-06-21,2024,6,LATO,22.459329332094313,50.01393215744693,14075.95044439272,1887.567882555089
2024-06-21,2024,6,LATO,22.522211401982673,50.01393215744693,9576.867796616025,1887.8711267609515
2024-06-21,2024,6,LATO,22.585093471871062,50.01393215744693,5091.408622525803,1888.3934053568892
2024-06-21,2024,6,LATO,22.647975541759422,50.01393215744693,866.3511802528575,1887.707437633174
2024-06-21,2024,6,LATO,22.710857611647782,50.01393215744693,4025.018780650662,1887.5576515776881
2024-06-21,2024,6,LATO,22.773739681536142,50.01393215744693,8501.357094265071,1886.623746241409
2024-06-21,2024,6,LATO,22.836621751424502,50.01393215744693,12998.746538427782,1886.5780208042409
2024-06-21,2024,6,LATO,22.89950382131289,50.01393215744693,17500.96354848801,1886.4865607021404
2024-06-21,2024,6,LATO,22.96238589120125,50.01393215744693,22005.04296736069,1888.2078346945527
2024-06-21,2024,6,LATO,22.333565192317593,50.07681422733529,23907.569888610113,1874.430448724579
2024-06-21,2024,6,LATO,22.396447262205953,50.07681422733529,19599.92593923184,1877.7069167975574
2024-06-21,2024,6,LATO,22.459329332094313,50.07681422733529,15404.905898963934,1886.1514021438695
2024-06-21,2024,6,LATO,22.522211401982673,50.07681422733529,11447.012777359685,1885.819106031223
2024-06-21,2024,6,LATO,22.585093471871062,50.07681422733529,8082.458111143529,1888.7866964654006
2024-06-21,2024,6,LATO,22.647975541759422,50.07681422733529,6339.339550752154,1890.0379543717606
2024-06-21,2024,6,LATO,22.710857611647782,50.07681422733529,7457.693136480863,1890.308660658777
2024-06-21,2024,6,LATO,22.773739681536142,50.07681422733529,10564.855663217462,1888.4701982383283
2024-06-21,2024,6,LATO,22.836621751424502,50.07681422733529,14428.590933221798,1888.4231259517896
2024-06-21,2024,6,LATO,22.89950382131289,50.07681422733529,18582.821913780223,1888.3269770258792
2024-06-21,2024,6,LATO,22.96238589120125,50.07681422733529,22869.78714046843,1885.5654613312274
2024-06-21,2024,6,LATO,22.396447262205953,50.13969629722365,22825.193638328336,1885.9999103479847
2024-06-21,2024,6,LATO,22.459329332094313,50.13969629722365,19347.75752602648,1888.6436767578816
2024-06-21,2024,6,LATO,22.522211401982673,50.13969629722365,16376.749170433397,1885.252668794394
2024-06-21,2024,6,LATO,22.585093471871062,50.13969629722365,14232.922355812683,1880.5155011127717
2024-06-21,2024,6,LATO,22.647975541759422,50.13969629722365,13321.790660787445,1880.4724085699793
2024-06-21,2024,6,LATO,22.710857611647782,50.13969629722365,13888.119460013195,1880.47655343959
2024-06-21,2024,6,LATO,22.773739681536142,50.13969629722365,15773.567700958482,1883.6524508634004
2024-06-21,2024,6,LATO,22.836621751424502,50.13969629722365,18580.82277687495,1883.808854596869
2024-06-21,2024,6,LATO,22.89950382131289,50.13969629722365,21959.1545111056,1890.381530591424
2024-06-21,2024,6,LATO,22.459329332094313,50.202578367112025,24682.1741638461,1895.477278867337
2024-06-21,2024,6,LATO,22.522211401982673,50.202578367112025,22432.36943251115,1883.9188486488156
2024-06-21,2024,6,LATO,22.585093471871062,50.202578367112025,20920.69442027158,1882.9108629321788
2024-06-21,2024,6,LATO,22.647975541759422,50.202578367112025,20312.61666803342,1882.6734175131664
2024-06-21,2024,6,LATO,22.710857611647782,50.202578367112025,20687.96636917898,1884.8348024416348
2024-06-21,2024,6,LATO,22.773739681536142,50.202578367112025,21996.458114033663,1886.910847209899
2024-06-21,2024,6,LATO,22.836621751424502,50.202578367112025,24086.493055300405,1886.729705672058
2024-06-28,2024,6,LATO,22.84012352692396,49.89166979316964,19477.365119759223,1880.0998514204646
2024-06-28,2024,6,LATO,22.903005596812335,49.89166979316964,22788.153438215097,1880.0998454779574
2024-06-28,2024,6,LATO,22.84012352692396,49.954551863058015,15111.005369585695,1880.0998330144678
2024-06-28,2024,6,LATO,22.903005596812335,49.954551863058015,19185.746581965774,1880.0998532370063
2024-06-30,2024,6,LATO,22.784245008034503,49.89166979316964,17005.72256010123,1907.9269147260675
2024-06-30,2024,6,LATO,22.847127077922863,49.89166979316964,19822.651895636955,1907.926315171797
2024-06-30,2024,6,LATO,22.910009147811238,49.89166979316964,23182.00810677108,1907.8892772074846
2024-06-30,2024,6,LATO,22.847127077922863,49.954551863058015,15552.962263779697,1907.926885337504
2024-06-30,2024,6,LATO,22.910009147811238,49.954551863058015,19651.333430628496,1907.9268797755954
2024-07-11,2024,7,LATO,22.4069525887043,49.89166979316964,22846.47125524897,1851.030770541169
2024-07-11,2024,7,LATO,22.469834658592674,49.89166979316964,19528.29592852939,1851.0307549378979
2024-07-11,2024,7,LATO,22.532716728481034,49.89166979316964,16777.14173728684,1851.0307643842498
2024-07-11,2024,7,LATO,22.4069525887043,49.954551863058015,19254.888344842857,1851.0307586098356
2024-07-11,2024,7,LATO,22.469834658592674,49.954551863058015,15176.511228660444,1851.030752338388
2024-07-11,2024,7,LATO,22.532716728481034,49.954551863058015,11426.911706085219,1851.0307541496043
2024-07-11,2024,7,LATO,22.59559879836941,49.954551863058015,8455.428940932505,1851.0307553527916
2024-07-11,2024,7,LATO,22.59559879836941,50.017433932946375,4302.667734522494,1866.225216972003
2024-07-11,2024,7,LATO,22.65848086825777,50.017433932946375,359.0171461258216,1867.6256121915876
2024-07-11,2024,7,LATO,22.972891217699598,50.017433932946375,22748.51608264462,1872.5740947772983
2024-07-11,2024,7,LATO,22.532716728481034,50.08031600283475,11058.96201605659,1874.681393604665
2024-07-11,2024,7,LATO,22.59559879836941,50.08031600283475,7960.816914998515,1874.6814005814147
2024-07-11,2024,7,LATO,22.65848086825777,50.08031600283475,6709.295794220818,1872.8740461893672
2024-07-11,2024,7,LATO,22.721362938146143,50.08031600283475,8198.816506939642,1864.5620433054348
2024-07-11,2024,7,LATO,22.784245008034503,50.08031600283475,11401.431088470114,1864.3918478768865
2024-07-11,2024,7,LATO,22.847127077922863,50.08031600283475,15275.168680265926,1864.3918183869018
2024-07-11,2024,7,LATO,22.910009147811238,50.08031600283475,19422.536655809552,1864.3918634848396
2024-07-11,2024,7,LATO,22.59559879836941,50.14319807272311,14355.581307090208,1874.6813831513196
2024-07-11,2024,7,LATO,22.65848086825777,50.14319807272311,13702.072942767301,1874.681388185326
2024-07-11,2024,7,LATO,22.721362938146143,50.14319807272311,14488.742529553769,1856.627628987958
2024-07-11,2024,7,LATO,22.784245008034503,50.14319807272311,16511.00859423297,1859.5801734059548
2024-07-11,2024,7,LATO,22.847127077922863,50.14319807272311,19385.978407501865,1864.3918457030964
2024-07-11,2024,7,LATO,22.910009147811238,50.14319807272311,22793.24238716545,1864.391848006139
2024-07-11,2024,7,LATO,22.65848086825777,50.20608014261147,20696.099696900703,1881.4140131185827
2024-07-11,2024,7,LATO,22.721362938146143,50.20608014261147,21224.42756260835,1870.5884951165472
2024-07-11,2024,7,LATO,22.784245008034503,50.20608014261147,22651.353698077353,1869.5053773279908
2024-07-11,2024,7,LATO,22.847127077922863,50.20608014261147,24822.39180988345,1859.5812753082919
2024-07-12,2024,7,LATO,22.52921495298159,49.82878772328128,23123.684153430204,1892.629879023618
2024-07-12,2024,7,LATO,22.59209702286995,49.82878772328128,21753.167891833564,1892.4928748485308
2024-07-12,2024,7,LATO,22.654979092758325,49.82878772328128,21271.427971378584,1889.6912944353337
2024-07-12,2024,7,LATO,22.717861162646685,49.82878772328128,21737.633674997764,1889.1909670856862
2024-07-12,2024,7,LATO,22.780743232535045,49.82878772328128,23094.44903375016,1875.6768245665648
2024-07-12,2024,7,LATO,22.654979092758325,49.89166979316964,14277.234881417222,1892.629896067168
2024-07-12,2024,7,LATO,22.717861162646685,49.89166979316964,14962.101662012434,1892.6298900141378
2024-07-12,2024,7,LATO,22.780743232535045,49.89166979316964,16870.520488444283,1911.2587789504441
2024-07-12,2024,7,LATO,22.84362530242342,49.89166979316964,19649.160104581722,1911.2587890625284
2024-07-12,2024,7,LATO,22.90650737231178,49.89166979316964,22984.550710999814,1910.550285108815
2024-07-12,2024,7,LATO,22.717861162646685,49.954551863058015,8546.407014340726,1892.629903896892
2024-07-12,2024,7,LATO,22.84362530242342,49.954551863058015,15331.519629385028,1911.258788475796
2024-07-12,2024,7,LATO,22.90650737231178,49.954551863058015,19418.311560371767,1911.2588032405126
2024-07-12,2024,7,LATO,22.969389442200153,49.954551863058015,23659.207083204412,1910.7086913434998
2024-07-15,2024,7,LATO,22.654979092758325,49.82878772328128,21271.427971378584,1879.8249525187812
2024-07-15,2024,7,LATO,22.717861162646685,49.82878772328128,21737.633674997764,1879.8249697564688
2024-07-15,2024,7,LATO,22.780743232535045,49.82878772328128,23094.44903375016,1879.8249471040701
2024-07-15,2024,7,LATO,22.717861162646685,49.954551863058015,8546.407014340726,1901.383892623236
2024-07-15,2024,7,LATO,22.780743232535045,49.954551863058015,11563.39959417523,1901.3839235738951
2024-07-15,2024,7,LATO,22.780743232535045,50.017433932946375,8980.531654212778,1901.38390497283
2024-07-16,2024,7,LATO,22.780743232535045,49.82878772328128,23094.44903375016,1911.1792242241738
2024-07-16,2024,7,LATO,22.780743232535045,49.89166979316964,16870.520488444283,1910.4450738937783
2024-07-16,2024,7,LATO,22.84362530242342,49.89166979316964,19649.160104581722,1910.7348107524547
2024-07-16,2024,7,LATO,22.90650737231178,49.89166979316964,22984.550710999814,1910.8692037793357
2024-07-16,2024,7,LATO,22.780743232535045,49.954551863058015,11563.39959417523,1910.4450849709028
2024-07-16,2024,7,LATO,22.84362530242342,49.954551863058015,15331.519629385028,1910.4450730669832
2024-07-16,2024,7,LATO,22.90650737231178,49.954551863058015,19418.311560371767,1902.8580880899176
2024-07-16,2024,7,LATO,22.969389442200153,49.954551863058015,23659.207083204412,1894.923442561611
2024-07-16,2024,7,LATO,22.84362530242342,50.017433932946375,13485.594062941023,1890.8816783389275
2024-07-16,2024,7,LATO,22.90650737231178,50.017433932946375,17991.430140098637,1890.355508979154
2024-07-16,2024,7,LATO,22.969389442200153,50.017433932946375,22497.572808051387,1889.7948011148453
2024-07-16,2024,7,LATO,22.780743232535045,50.08031600283475,11199.569652326369,1878.6754729597092
2024-07-16,2024,7,LATO,22.84362530242342,50.08031600283475,15050.231414787298,1884.047025645724
2024-07-16,2024,7,LATO,22.90650737231178,50.08031600283475,19187.35473285885,1884.6011857968929
2024-07-16,2024,7,LATO,22.969389442200153,50.08031600283475,23459.8719463774,1877.9450920989002
2024-07-16,2024,7,LATO,22.780743232535045,50.14319807272311,16372.449865157329,1877.4501844489648
2024-07-16,2024,7,LATO,22.84362530242342,50.14319807272311,19209.471110313178,1879.3286124246545
2024-07-16,2024,7,LATO,22.90650737231178,50.14319807272311,22593.4378995992,1881.2530703271425
2024-07-16,2024,7,LATO,22.717861162646685,50.20608014261147,21170.241777233572,1888.8277811985097
2024-07-16,2024,7,LATO,22.780743232535045,50.20608014261147,22550.687644882495,1883.8774361175874
2024-07-16,2024,7,LATO,22.84362530242342,50.20608014261147,24684.969053624438,1872.5931331977135
2024-07-27,2024,7,LATO,22.52921495298159,49.82878772328128,23123.684153430204,1827.8055862369938
2024-07-27,2024,7,LATO,22.59209702286995,49.82878772328128,21753.167891833564,1827.8055168089534
2024-07-27,2024,7,LATO,22.654979092758325,49.82878772328128,21271.427971378584,1827.805538139787
2024-07-27,2024,7,LATO,22.717861162646685,49.82878772328128,21737.633674997764,1831.016278459919
2024-07-31,2024,7,LATO,22.52921495298159,49.82878772328128,23123.684153430204,1886.1772478611779
2024-07-31,2024,7,LATO,22.59209702286995,49.82878772328128,21753.167891833564,1890.925363582443
2024-07-31,2024,7,LATO,22.654979092758325,49.82878772328128,21271.427971378584,1890.8132408457266
2024-07-31,2024,7,LATO,22.717861162646685,49.82878772328128,21737.633674997764,1890.554238520112
2024-07-31,2024,7,LATO,22.780743232535045,49.82878772328128,23094.44903375016,1906.3420230387217
2024-07-31,2024,7,LATO,22.403450813204856,49.89166979316964,23043.186778715266,1890.4338364563946
2024-07-31,2024,7,LATO,22.466332883093216,49.89166979316964,19700.60041263669,1885.7670848981031
2024-07-31,2024,7,LATO,22.52921495298159,49.89166979316964,16910.467245561413,1910.5662841797161
2024-07-31,2024,7,LATO,22.59209702286995,49.89166979316964,14984.632301327198,1908.3587294318081
2024-07-31,2024,7,LATO,22.654979092758325,49.89166979316964,14277.234881417222,1901.5402486722628
2024-07-31,2024,7,LATO,22.717861162646685,49.89166979316964,14962.101662012434,1900.3731452872064
2024-07-31,2024,7,LATO,22.780743232535045,49.89166979316964,16870.520488444283,1913.7943047284114
2024-07-31,2024,7,LATO,22.84362530242342,49.89166979316964,19649.160104581722,1906.993468599472
2024-07-31,2024,7,LATO,22.90650737231178,49.89166979316964,22984.550710999814,1904.5926586113974
2024-07-31,2024,7,LATO,22.34056874331648,49.954551863058015,23730.303395653747,1881.6887056556873
2024-07-31,2024,7,LATO,22.403450813204856,49.954551863058015,19487.590975906383,1898.6226586750975
2024-07-31,2024,7,LATO,22.466332883093216,49.954551863058015,15397.305899833966,1899.859216034621
2024-07-31,2024,7,LATO,22.52921495298159,49.954551863058015,11621.52742801706,1912.2275107408518
2024-07-31,2024,7,LATO,22.59209702286995,49.954551863058015,8585.739105706874,1908.6158699376049
2024-07-31,2024,7,LATO,22.654979092758325,49.954551863058015,7282.996464636708,1903.9953751432943
2024-07-31,2024,7,LATO,22.717861162646685,49.954551863058015,8546.407014340726,1907.3259035261663
2024-07-31,2024,7,LATO,22.780743232535045,49.954551863058015,11563.39959417523,1915.8288785972659
2024-07-31,2024,7,LATO,22.84362530242342,49.954551863058015,15331.519629385028,1902.2490468425206
2024-07-31,2024,7,LATO,22.90650737231178,49.954551863058015,19418.311560371767,1902.22204589847
2024-07-31,2024,7,LATO,22.969389442200153,49.954551863058015,23659.207083204412,1888.0604504832002
2024-07-31,2024,7,LATO,22.34056874331648,50.017433932946375,22572.230985439637,1902.8169221635612
2024-07-31,2024,7,LATO,22.403450813204856,50.017433932946375,18066.08493467374,1905.2771193149536
2024-07-31,2024,7,LATO,22.466332883093216,50.017433932946375,13560.241468417575,1913.856579599689
2024-07-31,2024,7,LATO,22.52921495298159,50.017433932946375,9055.157860934964,1906.7034781778354
2024-07-31,2024,7,LATO,22.59209702286995,50.017433932946375,4553.098125113467,1890.0929942405012
2024-07-31,2024,7,LATO,22.654979092758325,50.017433932946375,290.9442965550448,1895.576376840422
2024-07-31,2024,7,LATO,22.717861162646685,50.017433932946375,4478.586244782535,1908.3059813771256
2024-07-31,2024,7,LATO,22.780743232535045,50.017433932946375,8980.531654212778,1905.8763964767202
2024-07-31,2024,7,LATO,22.84362530242342,50.017433932946375,13485.594062941023,1902.1933461416625
2024-07-31,2024,7,LATO,22.90650737231178,50.017433932946375,17991.430140098637,1899.174167238241
2024-07-31,2024,7,LATO,22.969389442200153,50.017433932946375,22497.572808051387,1895.4810459502187
2024-07-31,2024,7,LATO,22.34056874331648,50.08031600283475,23531.38389392902,1899.366533643804
2024-07-31,2024,7,LATO,22.403450813204856,50.08031600283475,19257.282604473337,1913.0551465152507
2024-07-31,2024,7,LATO,22.466332883093216,50.08031600283475,15117.067528998386,1916.157024349663
2024-07-31,2024,7,LATO,22.52921495298159,50.08031600283475,11259.419921760236,1875.6073038788406
2024-07-31,2024,7,LATO,22.59209702286995,50.08031600283475,8098.731703513343,1880.570378550525
2024-07-31,2024,7,LATO,22.654979092758325,50.08031600283475,6706.002028970861,1904.2800257224417
2024-07-31,2024,7,LATO,22.717861162646685,50.08031600283475,8057.131528176884,1904.3780279921893
2024-07-31,2024,7,LATO,22.780743232535045,50.08031600283475,11199.569652326369,1892.7042312622577
2024-07-31,2024,7,LATO,22.84362530242342,50.08031600283475,15050.231414787298,1902.949812489506
2024-07-31,2024,7,LATO,22.90650737231178,50.08031600283475,19187.35473285885,1894.7829882804192
2024-07-31,2024,7,LATO,22.969389442200153,50.08031600283475,23459.8719463774,1891.1649490385025
2024-07-31,2024,7,LATO,22.403450813204856,50.14319807272311,22652.776181458365,1893.9191894530588
2024-07-31,2024,7,LATO,22.466332883093216,50.14319807272311,19261.81207908881,1896.6087393811656
2024-07-31,2024,7,LATO,22.52921495298159,50.14319807272311,16413.394809788806,1874.2910169411225
2024-07-31,2024,7,LATO,22.59209702286995,50.14319807272311,14432.41702274868,1871.192607071478
2024-07-31,2024,7,LATO,22.654979092758325,50.14319807272311,13700.462542803412,1904.2800487021664
2024-07-31,2024,7,LATO,22.717861162646685,50.14319807272311,14409.144847811807,1904.280038287549
2024-07-31,2024,7,LATO,22.780743232535045,50.14319807272311,16372.449865157329,1882.0607948836434
2024-07-31,2024,7,LATO,22.84362530242342,50.14319807272311,19209.471110313178,1882.0608291855592
2024-07-31,2024,7,LATO,22.466332883093216,50.20608014261147,24725.668418538902,1891.729780922924
2024-07-31,2024,7,LATO,22.52921495298159,50.20608014261147,22580.39340326739,1890.9210237204506
2024-07-31,2024,7,LATO,22.59209702286995,50.20608014261147,21186.06765317841,1889.778469999534
2024-07-31,2024,7,LATO,22.654979092758325,50.20608014261147,20695.034946995864,1890.558582355058
2024-08-12,2024,8,LATO,22.532716728481034,49.82878772328128,23026.23548838651,1874.0703899272758
2024-08-12,2024,8,LATO,22.59559879836941,49.82878772328128,21701.93311098845,1869.0724086413027
2024-08-12,2024,8,LATO,22.65848086825777,49.82878772328128,21272.472014788556,1865.5837894913257
2024-08-12,2024,8,LATO,22.721362938146143,49.82878772328128,21790.82297333169,1893.8917236327711
2024-08-12,2024,8,LATO,22.784245008034503,49.82878772328128,23193.52625099799,1892.6456797079097
2024-08-12,2024,8,LATO,22.4069525887043,49.89166979316964,22846.47125524897,1873.8176469460118
2024-08-12,2024,8,LATO,22.469834658592674,49.89166979316964,19528.29592852939,1884.5053730003335
2024-08-12,2024,8,LATO,22.532716728481034,49.89166979316964,16777.14173728684,1885.2846856994913
2024-08-12,2024,8,LATO,22.59559879836941,49.89166979316964,14910.254226564526,1885.75399109515
2024-08-12,2024,8,LATO,22.65848086825777,49.89166979316964,14278.788319827705,1888.4035907195405
2024-08-12,2024,8,LATO,22.721362938146143,49.89166979316964,15039.173201536576,1899.0222144391614
2024-08-12,2024,8,LATO,22.784245008034503,49.89166979316964,17005.72256010123,1899.0222172581707
2024-08-12,2024,8,LATO,22.847127077922863,49.89166979316964,19822.651895636955,1884.654803914919
2024-08-12,2024,8,LATO,22.910009147811238,49.89166979316964,23182.00810677108,1878.0412277193075
2024-08-12,2024,8,LATO,22.34407051881594,49.954551863058015,23491.421593126583,1877.0216420868526
2024-08-12,2024,8,LATO,22.4069525887043,49.954551863058015,19254.888344842857,1874.0901247904906
2024-08-12,2024,8,LATO,22.469834658592674,49.954551863058015,15176.511228660444,1885.0824735977983
2024-08-12,2024,8,LATO,22.532716728481034,49.954551863058015,11426.911706085219,1885.0825125152544
2024-08-12,2024,8,LATO,22.59559879836941,49.954551863058015,8455.428940932505,1885.082516297568
2024-08-12,2024,8,LATO,22.784245008034503,49.954551863058015,11759.523976917604,1899.0221777162144
2024-08-12,2024,8,LATO,22.847127077922863,49.954551863058015,15552.962263779697,1884.3023615282489
2024-08-12,2024,8,LATO,22.910009147811238,49.954551863058015,19651.333430628496,1884.302368164095
2024-08-12,2024,8,LATO,22.972891217699598,49.954551863058015,23898.265526296207,1879.8997866539742
2024-08-12,2024,8,LATO,22.532716728481034,49.82528594778182,23386.638892813306,1888.8297458106972
2024-08-12,2024,8,LATO,22.59559879836941,49.82528594778182,22083.86245449517,1889.666425961438
2024-08-12,2024,8,LATO,22.65848086825777,49.82528594778182,21661.943872587042,1891.36967359645
2024-08-12,2024,8,LATO,22.721362938146143,49.82528594778182,22171.227419574378,1892.4722825050937
2024-08-12,2024,8,LATO,22.784245008034503,49.82528594778182,23551.38161882024,1891.7574079830615
2024-08-12,2024,8,LATO,22.4069525887043,49.888168017670196,23092.37433320287,1905.9214434203532
2024-08-12,2024,8,LATO,22.469834658592674,49.888168017670196,19815.16284732702,1906.1217326150593
2024-08-12,2024,8,LATO,22.532716728481034,49.888168017670196,17109.985449041076,1906.5138177475512
2024-08-12,2024,8,LATO,22.59559879836941,49.888168017670196,15283.6684432793,1906.7141073187488
2024-08-12,2024,8,LATO,22.65848086825777,49.888168017670196,14668.241270484361,1907.1098286611532
2024-08-12,2024,8,LATO,22.721362938146143,49.888168017670196,15409.472731872484,1898.420643034224
2024-08-12,2024,8,LATO,22.784245008034503,49.888168017670196,17334.19381288355,1889.1198730468054
2024-08-12,2024,8,LATO,22.847127077922863,49.888168017670196,20105.340144490943,1889.8915003772947
2024-08-12,2024,8,LATO,22.910009147811238,49.888168017670196,23424.412914101304,1890.5602408112018
2024-08-12,2024,8,LATO,22.34407051881594,49.951050087558556,23615.844679747595,1895.7709328132385
2024-08-12,2024,8,LATO,22.4069525887043,49.951050087558556,19406.154273896744,1903.3306759336492
2024-08-12,2024,8,LATO,22.469834658592674,49.951050087558556,15367.641709233798,1902.8506399017047
2024-08-12,2024,8,LATO,22.532716728481034,49.951050087558556,11679.255305618317,1901.881616207676
2024-08-12,2024,8,LATO,22.59559879836941,49.951050087558556,8793.218897807192,1901.3915917601269
2024-08-12,2024,8,LATO,22.65848086825777,49.951050087558556,7675.377989497519,1900.4327601316684
2024-08-12,2024,8,LATO,22.721362938146143,49.951050087558556,9009.828769954393,1899.4401790625982
2024-08-12,2024,8,LATO,22.784245008034503,49.951050087558556,12004.901321609836,1899.6798335313163
2024-08-12,2024,8,LATO,22.847127077922863,49.951050087558556,15739.548665243783,1900.2183837890332
2024-08-12,2024,8,LATO,22.910009147811238,49.951050087558556,19799.59905028478,1900.218383789095
2024-08-12,2024,8,LATO,22.972891217699598,49.951050087558556,24020.610420162637,1899.779718251508
2024-08-12,2024,8,LATO,22.34407051881594,50.01393215744693,22330.530444896496,1920.474609374937
2024-08-12,2024,8,LATO,22.4069525887043,50.01393215744693,17826.36362623817,1895.2685079533571
2024-08-12,2024,8,LATO,22.469834658592674,50.01393215744693,13323.954349378173,1895.334076869426
2024-08-12,2024,8,LATO,22.532716728481034,50.01393215744693,8825.998371188998,1895.4651362809325
2024-08-12,2024,8,LATO,22.59559879836941,50.01393215744693,4346.3517884549465,1895.5288756819016
2024-08-12,2024,8,LATO,22.65848086825777,50.01393215744693,710.9037227049937,1895.6589991102521
2024-08-12,2024,8,LATO,22.721362938146143,50.01393215744693,4768.865863503808,1897.9085249998195
2024-08-12,2024,8,LATO,22.784245008034503,50.01393215744693,9252.073284521657,1898.907214713686
2024-08-12,2024,8,LATO,22.847127077922863,50.01393215744693,13750.697143000394,1900.7939577934144
2024-08-12,2024,8,LATO,22.910009147811238,50.01393215744693,18253.34062514556,1901.7353882693146
2024-08-12,2024,8,LATO,22.972891217699598,50.01393215744693,22757.615743463222,1903.5866947250938
2024-08-12,2024,8,LATO,22.34407051881594,50.07681422733529,23182.730619666778,1911.5743637008786
2024-08-12,2024,8,LATO,22.4069525887043,50.07681422733529,18889.197378444278,1896.3869628905588
2024-08-12,2024,8,LATO,22.469834658592674,50.07681422733529,14721.868327057084,1896.3869628906943
2024-08-12,2024,8,LATO,22.532716728481034,50.07681422733529,10827.465146798342,1896.388219437069
2024-08-12,2024,8,LATO,22.59559879836941,50.07681422733529,7635.683528784922,1896.3982528786664
2024-08-12,2024,8,LATO,22.65848086825777,50.07681422733529,6319.997353177884,1896.42168969422
2024-08-12,2024,8,LATO,22.721362938146143,50.07681422733529,7883.522703387423,1901.4847439782072
2024-08-12,2024,8,LATO,22.784245008034503,50.07681422733529,11177.054742808647,1901.0056722994707
2024-08-12,2024,8,LATO,22.847127077922863,50.07681422733529,15108.68074416558,1899.2203402664331
2024-08-12,2024,8,LATO,22.910009147811238,50.07681422733529,19292.145284255297,1898.3577116092704
2024-08-12,2024,8,LATO,22.972891217699598,50.07681422733529,23593.862435691426,1896.5776735567115
2024-08-12,2024,8,LATO,22.4069525887043,50.13969629722365,22218.684655639234,1890.3972167275326
2024-08-12,2024,8,LATO,22.469834658592674,50.13969629722365,18809.171950787433,1889.8363465125854
2024-08-12,2024,8,LATO,22.532716728481034,50.13969629722365,15950.42007438,1888.7385373890952
2024-08-12,2024,8,LATO,22.59559879836941,50.13969629722365,13984.377622466278,1888.1776204693638
2024-08-12,2024,8,LATO,22.65848086825777,50.13969629722365,13312.609334178987,1887.0556478332503
2024-08-12,2024,8,LATO,22.721362938146143,50.13969629722365,14121.049657208156,1891.9499511718088
2024-08-12,2024,8,LATO,22.784245008034503,50.13969629722365,16189.452404461828,1891.9499511719112
2024-08-12,2024,8,LATO,22.847127077922863,50.13969629722365,19113.049614086987,1892.3269760170704
2024-08-12,2024,8,LATO,22.910009147811238,50.13969629722365,22561.801872139302,1892.7410886107284
2024-08-12,2024,8,LATO,22.469834658592674,50.202578367112025,24262.8505696553,1892.1639212715029
2024-08-12,2024,8,LATO,22.532716728481034,50.202578367112025,22123.455208547002,1892.7971007063484
2024-08-12,2024,8,LATO,22.59559879836941,50.202578367112025,20752.62369239804,1893.1140524865993
2024-08-12,2024,8,LATO,22.65848086825777,50.202578367112025,20306.604276369766,1893.7340879129215
2024-08-12,2024,8,LATO,22.721362938146143,50.202578367112025,20844.84538878124,1900.2102314660037
2024-08-12,2024,8,LATO,22.784245008034503,50.202578367112025,22296.18034817623,1900.3363135670097
2024-08-12,2024,8,LATO,22.847127077922863,50.202578367112025,24498.867556068635,1900.586573929361
2024-08-13,2024,8,LATO,22.34757229431539,49.954551863058015,23252.79783324219,1897.3438816851879
2024-08-13,2024,8,LATO,22.41045436420376,49.954551863058015,19022.654339326877,1897.3438621050109
2024-08-13,2024,8,LATO,22.47333643409212,49.954551863058015,14956.67367277081,1897.3438706521788
2024-08-13,2024,8,LATO,22.724864713645587,49.954551863058015,8819.619542819972,1897.547748179946
2024-08-13,2024,8,LATO,22.34757229431539,50.017433932946375,22070.34552203583,1895.791774627616
2024-08-13,2024,8,LATO,22.41045436420376,50.017433932946375,17564.222983478045,1897.5241565127592
2024-08-13,2024,8,LATO,22.47333643409212,50.017433932946375,13058.431369001919,1897.4366117487607
2024-08-13,2024,8,LATO,22.536218503980486,50.017433932946375,8553.499369323863,1897.3438724879118
2024-08-13,2024,8,LATO,22.599100573868853,50.017433932946375,4052.3033939602497,1897.3438767522066
2024-08-13,2024,8,LATO,22.66198264375722,50.017433932946375,546.9041279730637,1897.4330713524255
2024-08-13,2024,8,LATO,22.724864713645587,50.017433932946375,4979.576922162665,1897.5205071524076
2024-08-13,2024,8,LATO,22.787746783533954,50.017433932946375,9482.214540611112,1897.5477267570552
2024-08-13,2024,8,LATO,22.85062885342232,50.017433932946375,13987.41136562942,1897.5477405943163
2024-08-13,2024,8,LATO,22.91351092331069,50.017433932946375,18493.295106497215,1897.547692272592
2024-08-13,2024,8,LATO,22.34757229431539,50.08031600283475,23051.026458445827,1884.896143881107
2024-08-13,2024,8,LATO,22.41045436420376,50.08031600283475,18787.88931886113,1892.4943901347133
2024-08-13,2024,8,LATO,22.47333643409212,50.08031600283475,14669.207720469998,1893.1025185687245
2024-08-13,2024,8,LATO,22.536218503980486,50.08031600283475,10860.59604484225,1897.1330601514464
2024-08-13,2024,8,LATO,22.599100573868853,50.08031600283475,7828.509333679053,1881.9319476588507
2024-08-13,2024,8,LATO,22.66198264375722,50.08031600283475,6721.951918521457,1878.704785117788
2024-08-13,2024,8,LATO,22.724864713645587,50.08031600283475,8345.634637596631,1884.8322332262887
2024-08-13,2024,8,LATO,22.787746783533954,50.08031600283475,11605.201548529596,1893.490824485641
2024-08-13,2024,8,LATO,22.85062885342232,50.08031600283475,15500.899719003963,1897.4540637100781
2024-08-13,2024,8,LATO,22.91351092331069,50.08031600283475,19658.104679822707,1898.6954886578708
2024-08-13,2024,8,LATO,22.41045436420376,50.14319807272311,22255.639674341124,1884.5370367091575
2024-08-13,2024,8,LATO,22.47333643409212,50.14319807272311,18912.821096659845,1889.089318006458
2024-08-13,2024,8,LATO,22.536218503980486,50.14319807272311,16142.772473991205,1891.5837943713218
2024-08-13,2024,8,LATO,22.599100573868853,50.14319807272311,14282.730997575229,1883.263538765519
2024-08-13,2024,8,LATO,22.66198264375722,50.14319807272311,13708.26641514638,1875.4228984609497
2024-08-13,2024,8,LATO,22.724864713645587,50.14319807272311,14572.216767859765,1878.55530170971
2024-08-13,2024,8,LATO,22.787746783533954,50.14319807272311,16652.187004218555,1879.1266124835506
2024-08-13,2024,8,LATO,22.85062885342232,50.14319807272311,19564.10422711799,1895.6194098452577
2024-08-13,2024,8,LATO,22.91351092331069,50.14319807272311,22994.042651792173,1901.4850901548512
2024-08-13,2024,8,LATO,22.47333643409212,50.20608014261147,24455.13362495998,1887.5457372993005
2024-08-13,2024,8,LATO,22.536218503980486,50.20608014261147,22384.711336172233,1891.8667396257383
2024-08-13,2024,8,LATO,22.599100573868853,50.20608014261147,21084.51665211945,1891.8360161090297
2024-08-13,2024,8,LATO,22.66198264375722,50.20608014261147,20700.19529736023,1891.7846423973485
2024-08-13,2024,8,LATO,22.724864713645587,50.20608014261147,21281.42348392957,1885.0220781204066
2024-08-13,2024,8,LATO,22.787746783533954,50.20608014261147,22754.3316198966,1879.3842609219162
2024-08-13,2024,8,LATO,22.532716728481034,49.82528594778182,23386.638892813306,1920.92229085286
2024-08-13,2024,8,LATO,22.59559879836941,49.82528594778182,22083.86245449517,1920.922251931897
2024-08-13,2024,8,LATO,22.65848086825777,49.82528594778182,21661.943872587042,1920.9221379810085
2024-08-13,2024,8,LATO,22.721362938146143,49.82528594778182,22171.227419574378,1925.2501239695946
2024-08-13,2024,8,LATO,22.784245008034503,49.82528594778182,23551.38161882024,1925.2671311867882
2024-08-13,2024,8,LATO,22.4069525887043,49.888168017670196,23092.37433320287,1902.1131571122653
2024-08-13,2024,8,LATO,22.469834658592674,49.888168017670196,19815.16284732702,1912.9594084695475
2024-08-13,2024,8,LATO,22.532716728481034,49.888168017670196,17109.985449041076,1935.194309198318
2024-08-13,2024,8,LATO,22.59559879836941,49.888168017670196,15283.6684432793,1935.1947992060432
2024-08-13,2024,8,LATO,22.65848086825777,49.888168017670196,14668.241270484361,1932.6982513997004
2024-08-13,2024,8,LATO,22.721362938146143,49.888168017670196,15409.472731872484,1916.7008326118023
2024-08-13,2024,8,LATO,22.784245008034503,49.888168017670196,17334.19381288355,1916.711244532198
2024-08-13,2024,8,LATO,22.847127077922863,49.888168017670196,20105.340144490943,1916.7320729028238
2024-08-13,2024,8,LATO,22.910009147811238,49.888168017670196,23424.412914101304,1909.2508300853451
2024-08-13,2024,8,LATO,22.34407051881594,49.951050087558556,23615.844679747595,1913.5467529296245
2024-08-13,2024,8,LATO,22.4069525887043,49.951050087558556,19406.154273896744,1913.5467529296209
2024-08-13,2024,8,LATO,22.469834658592674,49.951050087558556,15367.641709233798,1922.705882142424
2024-08-13,2024,8,LATO,22.532716728481034,49.951050087558556,11679.255305618317,1929.7978515625707
2024-08-13,2024,8,LATO,22.59559879836941,49.951050087558556,8793.218897807192,1929.7978515624327
2024-08-13,2024,8,LATO,22.65848086825777,49.951050087558556,7675.377989497519,1926.1234321893176
2024-08-13,2024,8,LATO,22.721362938146143,49.951050087558556,9009.828769954393,1919.7088623046204
2024-08-13,2024,8,LATO,22.784245008034503,49.951050087558556,12004.901321609836,1919.7088623047243
2024-08-13,2024,8,LATO,22.847127077922863,49.951050087558556,15739.548665243783,1919.4680723791066
2024-08-13,2024,8,LATO,22.910009147811238,49.951050087558556,19799.59905028478,1915.5679303129434
2024-08-13,2024,8,LATO,22.972891217699598,49.951050087558556,24020.610420162637,1915.4955762545144
2024-08-13,2024,8,LATO,22.34407051881594,50.01393215744693,22330.530444896496,1923.1585810532274
2024-08-13,2024,8,LATO,22.4069525887043,50.01393215744693,17826.36362623817,1923.0059409648732
2024-08-13,2024,8,LATO,22.469834658592674,50.01393215744693,13323.954349378173,1922.5865535633177
2024-08-13,2024,8,LATO,22.532716728481034,50.01393215744693,8825.998371188998,1922.6845265717425
2024-08-13,2024,8,LATO,22.59559879836941,50.01393215744693,4346.3517884549465,1922.684468545949
2024-08-13,2024,8,LATO,22.65848086825777,50.01393215744693,710.9037227049937,1912.8728327607048
2024-08-13,2024,8,LATO,22.721362938146143,50.01393215744693,4768.865863503808,1910.598648404691
2024-08-13,2024,8,LATO,22.784245008034503,50.01393215744693,9252.073284521657,1910.5932188117627
2024-08-13,2024,8,LATO,22.847127077922863,50.01393215744693,13750.697143000394,1910.452998959697
2024-08-13,2024,8,LATO,22.910009147811238,50.01393215744693,18253.34062514556,1909.8337363324572
2024-08-13,2024,8,LATO,22.972891217699598,50.01393215744693,22757.615743463222,1909.9603353974162
2024-08-13,2024,8,LATO,22.34407051881594,50.07681422733529,23182.730619666778,1924.1645032025122
2024-08-13,2024,8,LATO,22.4069525887043,50.07681422733529,18889.197378444278,1923.4665917546868
2024-08-13,2024,8,LATO,22.469834658592674,50.07681422733529,14721.868327057084,1921.2487730402581
2024-08-13,2024,8,LATO,22.532716728481034,50.07681422733529,10827.465146798342,1921.2486184512534
2024-08-13,2024,8,LATO,22.59559879836941,50.07681422733529,7635.683528784922,1921.248541156631
2024-08-13,2024,8,LATO,22.65848086825777,50.07681422733529,6319.997353177884,1911.053495632487
2024-08-13,2024,8,LATO,22.721362938146143,50.07681422733529,7883.522703387423,1910.8367629303364
2024-08-13,2024,8,LATO,22.784245008034503,50.07681422733529,11177.054742808647,1910.8404900925932
2024-08-13,2024,8,LATO,22.847127077922863,50.07681422733529,15108.68074416558,1906.4680443389232
2024-08-13,2024,8,LATO,22.910009147811238,50.07681422733529,19292.145284255297,1905.052101721898
2024-08-13,2024,8,LATO,22.972891217699598,50.07681422733529,23593.862435691426,1904.901161398742
2024-08-13,2024,8,LATO,22.4069525887043,50.13969629722365,22218.684655639234,1911.708729022817
2024-08-13,2024,8,LATO,22.469834658592674,50.13969629722365,18809.171950787433,1915.0505984298245
2024-08-13,2024,8,LATO,22.532716728481034,50.13969629722365,15950.42007438,1915.052895078109
2024-08-13,2024,8,LATO,22.59559879836941,50.13969629722365,13984.377622466278,1915.054043402164
2024-08-13,2024,8,LATO,22.65848086825777,50.13969629722365,13312.609334178987,1894.4936693605
2024-08-13,2024,8,LATO,22.721362938146143,50.13969629722365,14121.049657208156,1894.4327590582066
2024-08-13,2024,8,LATO,22.784245008034503,50.13969629722365,16189.452404461828,1894.4023038974306
2024-08-13,2024,8,LATO,22.847127077922863,50.13969629722365,19113.049614086987,1907.0519678824403
2024-08-13,2024,8,LATO,22.910009147811238,50.13969629722365,22561.801872139302,1907.1403995699163
2024-08-13,2024,8,LATO,22.469834658592674,50.202578367112025,24262.8505696553,1925.7081848651687
2024-08-13,2024,8,LATO,22.532716728481034,50.202578367112025,22123.455208547002,1925.7073066062467
2024-08-13,2024,8,LATO,22.59559879836941,50.202578367112025,20752.62369239804,1925.6963828766986
2024-08-13,2024,8,LATO,22.65848086825777,50.202578367112025,20306.604276369766,1902.391217583626
2024-08-13,2024,8,LATO,22.721362938146143,50.202578367112025,20844.84538878124,1902.5075600136192
2024-08-13,2024,8,LATO,22.784245008034503,50.202578367112025,22296.18034817623,1902.5657473688134
2024-08-13,2024,8,LATO,22.847127077922863,50.202578367112025,24498.867556068635,1910.9936909515886
2024-08-14,2024,8,LATO,22.532716728481034,49.82528594778182,23386.638892813306,1899.696478431857
2024-08-14,2024,8,LATO,22.59559879836941,49.82528594778182,22083.86245449517,1919.3349939194134
2024-08-14,2024,8,LATO,22.65848086825777,49.82528594778182,21661.943872587042,1921.5227092513812
2024-08-14,2024,8,LATO,22.721362938146143,49.82528594778182,22171.227419574378,1910.8199180155395
2024-08-14,2024,8,LATO,22.784245008034503,49.82528594778182,23551.38161882024,1910.1163694708682
2024-08-14,2024,8,LATO,22.4069525887043,49.888168017670196,23092.37433320287,1910.492176339404
2024-08-14,2024,8,LATO,22.469834658592674,49.888168017670196,19815.16284732702,1911.0601844197374
2024-08-14,2024,8,LATO,22.532716728481034,49.888168017670196,17109.985449041076,1921.4406424825218
2024-08-14,2024,8,LATO,22.59559879836941,49.888168017670196,15283.6684432793,1926.227539062525
2024-08-14,2024,8,LATO,22.65848086825777,49.888168017670196,14668.241270484361,1920.227340394218
2024-08-14,2024,8,LATO,22.721362938146143,49.888168017670196,15409.472731872484,1911.914628276875
2024-08-14,2024,8,LATO,22.784245008034503,49.888168017670196,17334.19381288355,1913.0321782260708
2024-08-14,2024,8,LATO,22.847127077922863,49.888168017670196,20105.340144490943,1920.3601696808626
2024-08-14,2024,8,LATO,22.910009147811238,49.888168017670196,23424.412914101304,1920.6152614590465
2024-08-14,2024,8,LATO,22.34407051881594,49.951050087558556,23615.844679747595,1895.2573717931807
2024-08-14,2024,8,LATO,22.4069525887043,49.951050087558556,19406.154273896744,1919.3387451171204
2024-08-14,2024,8,LATO,22.469834658592674,49.951050087558556,15367.641709233798,1919.3387451172575
2024-08-14,2024,8,LATO,22.532716728481034,49.951050087558556,11679.255305618317,1921.3974513197031
2024-08-14,2024,8,LATO,22.59559879836941,49.951050087558556,8793.218897807192,1921.8051421111065
2024-08-14,2024,8,LATO,22.65848086825777,49.951050087558556,7675.377989497519,1915.991708660785
2024-08-14,2024,8,LATO,22.721362938146143,49.951050087558556,9009.828769954393,1912.6100161538236
2024-08-14,2024,8,LATO,22.784245008034503,49.951050087558556,12004.901321609836,1913.4499993072782
2024-08-14,2024,8,LATO,22.847127077922863,49.951050087558556,15739.548665243783,1916.9251076775593
2024-08-14,2024,8,LATO,22.910009147811238,49.951050087558556,19799.59905028478,1917.2304329604988
2024-08-14,2024,8,LATO,22.972891217699598,49.951050087558556,24020.610420162637,1920.06437160793
2024-08-14,2024,8,LATO,22.34407051881594,50.01393215744693,22330.530444896496,1919.5908931362555
2024-08-14,2024,8,LATO,22.4069525887043,50.01393215744693,17826.36362623817,1917.1053139621927
2024-08-14,2024,8,LATO,22.469834658592674,50.01393215744693,13323.954349378173,1917.0416840049506
2024-08-14,2024,8,LATO,22.532716728481034,50.01393215744693,8825.998371188998,1914.523907061836
2024-08-14,2024,8,LATO,22.59559879836941,50.01393215744693,4346.3517884549465,1914.4898305012325
2024-08-14,2024,8,LATO,22.65848086825777,50.01393215744693,710.9037227049937,1904.580153599926
2024-08-14,2024,8,LATO,22.721362938146143,50.01393215744693,4768.865863503808,1905.6057424356427
2024-08-14,2024,8,LATO,22.784245008034503,50.01393215744693,9252.073284521657,1925.0109319347873
2024-08-14,2024,8,LATO,22.847127077922863,50.01393215744693,13750.697143000394,1926.6123046874702
2024-08-14,2024,8,LATO,22.910009147811238,50.01393215744693,18253.34062514556,1924.7790930025014
2024-08-14,2024,8,LATO,22.972891217699598,50.01393215744693,22757.615743463222,1922.8928799052262
2024-08-14,2024,8,LATO,22.34407051881594,50.07681422733529,23182.730619666778,1915.831235690783
2024-08-14,2024,8,LATO,22.4069525887043,50.07681422733529,18889.197378444278,1915.002252677134
2024-08-14,2024,8,LATO,22.469834658592674,50.07681422733529,14721.868327057084,1915.5409469474373
2024-08-14,2024,8,LATO,22.532716728481034,50.07681422733529,10827.465146798342,1915.1616152224674
2024-08-14,2024,8,LATO,22.59559879836941,50.07681422733529,7635.683528784922,1915.035674865763
2024-08-14,2024,8,LATO,22.65848086825777,50.07681422733529,6319.997353177884,1902.259832477413
2024-08-14,2024,8,LATO,22.721362938146143,50.07681422733529,7883.522703387423,1906.0509578167241
2024-08-14,2024,8,LATO,22.784245008034503,50.07681422733529,11177.054742808647,1914.5885009765993
2024-08-14,2024,8,LATO,22.847127077922863,50.07681422733529,15108.68074416558,1915.6048274237628
2024-08-14,2024,8,LATO,22.910009147811238,50.07681422733529,19292.145284255297,1910.500775693438
2024-08-14,2024,8,LATO,22.972891217699598,50.07681422733529,23593.862435691426,1911.9947248338854
2024-08-14,2024,8,LATO,22.4069525887043,50.13969629722365,22218.684655639234,1906.2460937499334
2024-08-14,2024,8,LATO,22.469834658592674,50.13969629722365,18809.171950787433,1909.3439152524902
2024-08-14,2024,8,LATO,22.532716728481034,50.13969629722365,15950.42007438,1911.10754669375
2024-08-14,2024,8,LATO,22.59559879836941,50.13969629722365,13984.377622466278,1906.24892260335
2024-08-14,2024,8,LATO,22.65848086825777,50.13969629722365,13312.609334178987,1895.2576942689009
2024-08-14,2024,8,LATO,22.721362938146143,50.13969629722365,14121.049657208156,1907.433045052833
2024-08-14,2024,8,LATO,22.784245008034503,50.13969629722365,16189.452404461828,1908.958952522659
2024-08-14,2024,8,LATO,22.847127077922863,50.13969629722365,19113.049614086987,1912.5749021826407
2024-08-14,2024,8,LATO,22.910009147811238,50.13969629722365,22561.801872139302,1911.9523693496196
2024-08-14,2024,8,LATO,22.469834658592674,50.202578367112025,24262.8505696553,1919.3461335086351
2024-08-14,2024,8,LATO,22.532716728481034,50.202578367112025,22123.455208547002,1918.258315252632
2024-08-14,2024,8,LATO,22.59559879836941,50.202578367112025,20752.62369239804,1900.0464561825154
2024-08-14,2024,8,LATO,22.65848086825777,50.202578367112025,20306.604276369766,1896.442104603447
2024-08-14,2024,8,LATO,22.721362938146143,50.202578367112025,20844.84538878124,1897.741571768837
2024-08-14,2024,8,LATO,22.784245008034503,50.202578367112025,22296.18034817623,1896.7404793970347
2024-08-14,2024,8,LATO,22.847127077922863,50.202578367112025,24498.867556068635,1913.5666503905952
2024-08-15,2024,8,LATO,22.532716728481034,49.82878772328128,23026.23548838651,1890.6411636962112
2024-08-15,2024,8,LATO,22.59559879836941,49.82878772328128,21701.93311098845,1882.2822295479777
2024-08-15,2024,8,LATO,22.65848086825777,49.82878772328128,21272.472014788556,1918.9422481036481
2024-08-15,2024,8,LATO,22.4069525887043,49.89166979316964,22846.47125524897,1905.2499160863981
2024-08-15,2024,8,LATO,22.469834658592674,49.89166979316964,19528.29592852939,1903.1605278977058
2024-08-15,2024,8,LATO,22.532716728481034,49.89166979316964,16777.14173728684,1904.2630442240174
2024-08-15,2024,8,LATO,22.59559879836941,49.89166979316964,14910.254226564526,1904.319946289087
2024-08-15,2024,8,LATO,22.65848086825777,49.89166979316964,14278.788319827705,1907.7574000233574
2024-08-15,2024,8,LATO,22.721362938146143,49.89166979316964,15039.173201536576,1918.9422818808425
2024-08-15,2024,8,LATO,22.34407051881594,49.954551863058015,23491.421593126583,1906.88073591907
2024-08-15,2024,8,LATO,22.4069525887043,49.954551863058015,19254.888344842857,1911.7555922151046
2024-08-15,2024,8,LATO,22.469834658592674,49.954551863058015,15176.511228660444,1911.2175024728797
2024-08-15,2024,8,LATO,22.532716728481034,49.954551863058015,11426.911706085219,1902.573052290911
2024-08-15,2024,8,LATO,22.59559879836941,49.954551863058015,8455.428940932505,1902.8346548443753
2024-08-15,2024,8,LATO,22.65848086825777,49.954551863058015,7286.037320534922,1905.3079722844368
2024-08-15,2024,8,LATO,22.34407051881594,50.017433932946375,22321.28802408236,1920.182438908915
2024-08-15,2024,8,LATO,22.4069525887043,50.017433932946375,17815.15350017437,1907.9503489386716
2024-08-15,2024,8,LATO,22.469834658592674,50.017433932946375,13309.335309895498,1909.6644564779572
2024-08-15,2024,8,LATO,22.784245008034503,50.017433932946375,9231.369764738394,1912.1713974454403
2024-08-15,2024,8,LATO,22.847127077922863,50.017433932946375,13736.501706199297,1916.7831612009659
2024-08-15,2024,8,LATO,22.910009147811238,50.017433932946375,18242.362196343674,1931.373510056784
2024-08-15,2024,8,LATO,22.972891217699598,50.017433932946375,22748.51608264462,1902.3921544339898
2024-08-15,2024,8,LATO,22.34407051881594,50.08031600283475,23291.093235142445,1901.8799414444577
2024-08-15,2024,8,LATO,22.4069525887043,50.08031600283475,19022.380468476964,1899.8472281004294
2024-08-15,2024,8,LATO,22.469834658592674,50.08031600283475,14892.709365227212,1900.3988527062463
2024-08-15,2024,8,LATO,22.721362938146143,50.08031600283475,8198.816506939642,1900.8171312880104
2024-08-15,2024,8,LATO,22.784245008034503,50.08031600283475,11401.431088470114,1905.3122227594001
2024-08-15,2024,8,LATO,22.847127077922863,50.08031600283475,15275.168680265926,1929.9063069581214
2024-08-15,2024,8,LATO,22.910009147811238,50.08031600283475,19422.536655809552,1931.1604960750835
2024-08-15,2024,8,LATO,22.972891217699598,50.08031600283475,23700.315803838097,1889.3211405360619
2024-08-15,2024,8,LATO,22.4069525887043,50.14319807272311,22453.687107535116,1901.135977679746
2024-08-15,2024,8,LATO,22.469834658592674,50.14319807272311,19086.46862917077,1900.3988037110068
2024-08-15,2024,8,LATO,22.532716728481034,50.14319807272311,16276.716427633999,1898.452033948345
2024-08-15,2024,8,LATO,22.59559879836941,50.14319807272311,14355.581307090208,1898.4520260037677
2024-08-15,2024,8,LATO,22.65848086825777,50.14319807272311,13702.072942767301,1910.171621896044
2024-08-15,2024,8,LATO,22.721362938146143,50.14319807272311,14488.742529553769,1885.7620781738676
2024-08-15,2024,8,LATO,22.784245008034503,50.14319807272311,16511.00859423297,1886.070434570349
2024-08-15,2024,8,LATO,22.847127077922863,50.14319807272311,19385.978407501865,1896.610702824487
2024-08-15,2024,8,LATO,22.910009147811238,50.14319807272311,22793.24238716545,1903.034071226414
2024-08-15,2024,8,LATO,22.469834658592674,50.20608014261147,24589.497425126534,1908.4936217072166
2024-08-15,2024,8,LATO,22.532716728481034,50.20608014261147,22481.370018975245,1905.562939049614
2024-08-15,2024,8,LATO,22.59559879836941,50.20608014261147,21133.868947761264,1904.835166240227
2024-08-15,2024,8,LATO,22.65848086825777,50.20608014261147,20696.099696900703,1904.6521062010393
2024-08-15,2024,8,LATO,22.721362938146143,50.20608014261147,21224.42756260835,1891.4877743272307
2024-08-15,2024,8,LATO,22.784245008034503,50.20608014261147,22651.353698077353,1893.9651958604948
2024-08-15,2024,8,LATO,22.847127077922863,50.20608014261147,24822.39180988345,1904.5435546793879
2024-08-16,2024,8,LATO,22.469834658592674,50.20608014261147,24589.497425126534,1899.2275443117974
2024-08-16,2024,8,LATO,22.532716728481034,50.20608014261147,22481.370018975245,1899.2275478413956
2024-08-16,2024,8,LATO,22.59559879836941,50.20608014261147,21133.868947761264,1899.2275471050968
2024-08-17,2024,8,LATO,22.65848086825777,49.82878772328128,21272.472014788556,1886.5773011484766
2024-08-17,2024,8,LATO,22.721362938146143,49.82878772328128,21790.82297333169,1878.9798126200542
2024-08-17,2024,8,LATO,22.784245008034503,49.82878772328128,23193.52625099799,1878.3021240430382
2024-08-17,2024,8,LATO,22.721362938146143,49.89166979316964,15039.173201536576,1889.0462647359027
2024-08-17,2024,8,LATO,22.784245008034503,49.89166979316964,17005.72256010123,1889.046265781105
2024-08-19,2024,8,LATO,22.972891217699598,50.01393215744693,22757.615743463222,1880.9721742494594
2024-08-19,2024,8,LATO,22.972891217699598,50.07681422733529,23593.862435691426,1880.9721704537683
2024-08-21,2024,8,LATO,22.532716728481034,49.82878772328128,23026.23548838651,1881.380129269059
2024-08-21,2024,8,LATO,22.59559879836941,49.82878772328128,21701.93311098845,1881.3801318420976
2024-08-25,2024,8,LATO,22.532716728481034,49.82878772328128,23026.23548838651,1882.6262690109409
2024-08-25,2024,8,LATO,22.59559879836941,49.82878772328128,21701.93311098845,1902.176087970401
2024-08-25,2024,8,LATO,22.65848086825777,49.82878772328128,21272.472014788556,1911.0469108312923
2024-08-25,2024,8,LATO,22.721362938146143,49.82878772328128,21790.82297333169,1900.3840067298174
2024-08-25,2024,8,LATO,22.784245008034503,49.82878772328128,23193.52625099799,1900.378662109371
2024-08-25,2024,8,LATO,22.4069525887043,49.89166979316964,22846.47125524897,1884.5103288896294
2024-08-25,2024,8,LATO,22.469834658592674,49.89166979316964,19528.29592852939,1893.972594850104
2024-08-25,2024,8,LATO,22.532716728481034,49.89166979316964,16777.14173728684,1903.9552900496606
2024-08-25,2024,8,LATO,22.59559879836941,49.89166979316964,14910.254226564526,1924.0678710937748
2024-08-25,2024,8,LATO,22.65848086825777,49.89166979316964,14278.788319827705,1916.3576074223677
2024-08-25,2024,8,LATO,22.721362938146143,49.89166979316964,15039.173201536576,1908.549125178046
2024-08-25,2024,8,LATO,22.784245008034503,49.89166979316964,17005.72256010123,1909.6862574910128
2024-08-25,2024,8,LATO,22.847127077922863,49.89166979316964,19822.651895636955,1909.984604392879
2024-08-25,2024,8,LATO,22.910009147811238,49.89166979316964,23182.00810677108,1909.3865926236206
2024-08-25,2024,8,LATO,22.34407051881594,49.954551863058015,23491.421593126583,1894.5653353328198
2024-08-25,2024,8,LATO,22.4069525887043,49.954551863058015,19254.888344842857,1902.7177273965924
2024-08-25,2024,8,LATO,22.469834658592674,49.954551863058015,15176.511228660444,1907.0184326172573
2024-08-25,2024,8,LATO,22.532716728481034,49.954551863058015,11426.911706085219,1915.1980451516824
2024-08-25,2024,8,LATO,22.59559879836941,49.954551863058015,8455.428940932505,1918.8033705925711
2024-08-25,2024,8,LATO,22.65848086825777,49.954551863058015,7286.037320534922,1912.5995053058955
2024-08-25,2024,8,LATO,22.721362938146143,49.954551863058015,8680.45595683608,1909.60761378262
2024-08-25,2024,8,LATO,22.784245008034503,49.954551863058015,11759.523976917604,1910.2005809814327
2024-08-25,2024,8,LATO,22.847127077922863,49.954551863058015,15552.962263779697,1911.5573094864121
2024-08-25,2024,8,LATO,22.910009147811238,49.954551863058015,19651.333430628496,1912.0121957481983
2024-08-25,2024,8,LATO,22.34407051881594,50.017433932946375,22321.28802408236,1913.6989766336662
2024-08-25,2024,8,LATO,22.4069525887043,50.017433932946375,17815.15350017437,1902.729089749221
2024-08-25,2024,8,LATO,22.469834658592674,50.017433932946375,13309.335309895498,1902.8210864182715
2024-08-25,2024,8,LATO,22.532716728481034,50.017433932946375,8804.324772825048,1913.7962926308446
2024-08-25,2024,8,LATO,22.59559879836941,50.017433932946375,4302.667734522494,1913.2343758684049
2024-08-25,2024,8,LATO,22.65848086825777,50.017433932946375,359.0171461258216,1900.1912348683275
2024-08-25,2024,8,LATO,22.721362938146143,50.017433932946375,4729.056725075273,1907.9502487249194
2024-08-25,2024,8,LATO,22.784245008034503,50.017433932946375,9231.369764738394,1915.4326171875368
2024-08-25,2024,8,LATO,22.847127077922863,50.017433932946375,13736.501706199297,1914.4056048770967
2024-08-25,2024,8,LATO,22.972891217699598,50.017433932946375,22748.51608264462,1900.3588593029986
2024-08-25,2024,8,LATO,22.34407051881594,50.08031600283475,23291.093235142445,1903.162721433394
2024-08-25,2024,8,LATO,22.4069525887043,50.08031600283475,19022.380468476964,1892.7953807935073
2024-08-25,2024,8,LATO,22.469834658592674,50.08031600283475,14892.709365227212,1897.3568259839344
2024-08-25,2024,8,LATO,22.532716728481034,50.08031600283475,11058.96201605659,1914.1224365235075
2024-08-25,2024,8,LATO,22.59559879836941,50.08031600283475,7960.816914998515,1911.3978013642873
2024-08-25,2024,8,LATO,22.65848086825777,50.08031600283475,6709.295794220818,1900.8896603220942
2024-08-25,2024,8,LATO,22.721362938146143,50.08031600283475,8198.816506939642,1897.7073549831862
2024-08-25,2024,8,LATO,22.784245008034503,50.08031600283475,11401.431088470114,1899.7368572974058
2024-08-25,2024,8,LATO,22.972891217699598,50.08031600283475,23700.315803838097,1898.2414812467498
2024-08-25,2024,8,LATO,22.4069525887043,50.14319807272311,22453.687107535116,1886.2262998213075
2024-08-25,2024,8,LATO,22.469834658592674,50.14319807272311,19086.46862917077,1902.3440999070565
2024-08-25,2024,8,LATO,22.532716728481034,50.14319807272311,16276.716427633999,1916.2620939662054
2024-08-25,2024,8,LATO,22.59559879836941,50.14319807272311,14355.581307090208,1905.2908059566344
2024-08-25,2024,8,LATO,22.65848086825777,50.14319807272311,13702.072942767301,1898.112005805165
2024-08-25,2024,8,LATO,22.721362938146143,50.14319807272311,14488.742529553769,1888.562065670785
2024-08-25,2024,8,LATO,22.784245008034503,50.14319807272311,16511.00859423297,1889.111255420879
2024-08-25,2024,8,LATO,22.469834658592674,50.20608014261147,24589.497425126534,1927.2379823775566
2024-08-25,2024,8,LATO,22.532716728481034,50.20608014261147,22481.370018975245,1918.857399052065
2024-08-25,2024,8,LATO,22.59559879836941,50.20608014261147,21133.868947761264,1893.6411966922678
2024-08-25,2024,8,LATO,22.65848086825777,50.20608014261147,20696.099696900703,1890.6282034206595
2024-08-25,2024,8,LATO,22.721362938146143,50.20608014261147,21224.42756260835,1889.3841552733716
2024-08-25,2024,8,LATO,22.784245008034503,50.20608014261147,22651.353698077353,1889.3830991070386
2024-08-26,2024,8,LATO,22.532716728481034,49.82878772328128,23026.23548838651,1879.3484614552337
2024-08-26,2024,8,LATO,22.59559879836941,49.82878772328128,21701.93311098845,1883.6298600865514
2024-08-26,2024,8,LATO,22.65848086825777,49.82878772328128,21272.472014788556,1913.6675056523977
2024-08-26,2024,8,LATO,22.721362938146143,49.82878772328128,21790.82297333169,1907.4648241101495
2024-08-26,2024,8,LATO,22.784245008034503,49.82878772328128,23193.52625099799,1907.0422763600297
2024-08-26,2024,8,LATO,22.4069525887043,49.89166979316964,22846.47125524897,1899.4610651814844
2024-08-26,2024,8,LATO,22.469834658592674,49.89166979316964,19528.29592852939,1897.7029266879765
2024-08-26,2024,8,LATO,22.532716728481034,49.89166979316964,16777.14173728684,1904.4241351833075
2024-08-26,2024,8,LATO,22.59559879836941,49.89166979316964,14910.254226564526,1913.4441937512422
2024-08-26,2024,8,LATO,22.65848086825777,49.89166979316964,14278.788319827705,1921.4438095586186
2024-08-26,2024,8,LATO,22.721362938146143,49.89166979316964,15039.173201536576,1908.84127748983
2024-08-26,2024,8,LATO,22.784245008034503,49.89166979316964,17005.72256010123,1908.5365315790095
2024-08-26,2024,8,LATO,22.847127077922863,49.89166979316964,19822.651895636955,1906.6534811692356
2024-08-26,2024,8,LATO,22.910009147811238,49.89166979316964,23182.00810677108,1906.7117989608087
2024-08-26,2024,8,LATO,22.34407051881594,49.954551863058015,23491.421593126583,1908.6403783220137
2024-08-26,2024,8,LATO,22.4069525887043,49.954551863058015,19254.888344842857,1905.802784246552
2024-08-26,2024,8,LATO,22.469834658592674,49.954551863058015,15176.511228660444,1908.530283452149
2024-08-26,2024,8,LATO,22.532716728481034,49.954551863058015,11426.911706085219,1913.8679294855879
2024-08-26,2024,8,LATO,22.59559879836941,49.954551863058015,8455.428940932505,1923.364473254592
2024-08-26,2024,8,LATO,22.65848086825777,49.954551863058015,7286.037320534922,1917.7971098170706
2024-08-26,2024,8,LATO,22.721362938146143,49.954551863058015,8680.45595683608,1908.2247816352785
2024-08-26,2024,8,LATO,22.784245008034503,49.954551863058015,11759.523976917604,1905.143551132197
2024-08-26,2024,8,LATO,22.847127077922863,49.954551863058015,15552.962263779697,1906.9010031356988
2024-08-26,2024,8,LATO,22.910009147811238,49.954551863058015,19651.333430628496,1913.400351496989
2024-08-26,2024,8,LATO,22.972891217699598,49.954551863058015,23898.265526296207,1911.3202004874597
2024-08-26,2024,8,LATO,22.34407051881594,50.017433932946375,22321.28802408236,1912.2327053674182
2024-08-26,2024,8,LATO,22.4069525887043,50.017433932946375,17815.15350017437,1912.28222673365
2024-08-26,2024,8,LATO,22.469834658592674,50.017433932946375,13309.335309895498,1913.7263794281005
2024-08-26,2024,8,LATO,22.532716728481034,50.017433932946375,8804.324772825048,1915.562236565666
2024-08-26,2024,8,LATO,22.59559879836941,50.017433932946375,4302.667734522494,1916.4161590900394
2024-08-26,2024,8,LATO,22.65848086825777,50.017433932946375,359.0171461258216,1895.3070593322664
2024-08-26,2024,8,LATO,22.721362938146143,50.017433932946375,4729.056725075273,1904.1455165610798
2024-08-26,2024,8,LATO,22.784245008034503,50.017433932946375,9231.369764738394,1906.3880849193254
2024-08-26,2024,8,LATO,22.847127077922863,50.017433932946375,13736.501706199297,1918.7677331837572
2024-08-26,2024,8,LATO,22.910009147811238,50.017433932946375,18242.362196343674,1921.2676071589208
2024-08-26,2024,8,LATO,22.972891217699598,50.017433932946375,22748.51608264462,1908.0417480468457
2024-08-26,2024,8,LATO,22.34407051881594,50.08031600283475,23291.093235142445,1915.6496485147807
2024-08-26,2024,8,LATO,22.4069525887043,50.08031600283475,19022.380468476964,1899.3175324740134
2024-08-26,2024,8,LATO,22.469834658592674,50.08031600283475,14892.709365227212,1900.6600095424872
2024-08-26,2024,8,LATO,22.532716728481034,50.08031600283475,11058.96201605659,1906.8888563070739
2024-08-26,2024,8,LATO,22.59559879836941,50.08031600283475,7960.816914998515,1906.0215490743597
2024-08-26,2024,8,LATO,22.65848086825777,50.08031600283475,6709.295794220818,1902.2414734207518
2024-08-26,2024,8,LATO,22.721362938146143,50.08031600283475,8198.816506939642,1889.2477454237835
2024-08-26,2024,8,LATO,22.784245008034503,50.08031600283475,11401.431088470114,1895.247058251916
2024-08-26,2024,8,LATO,22.847127077922863,50.08031600283475,15275.168680265926,1913.5090324717462
2024-08-26,2024,8,LATO,22.910009147811238,50.08031600283475,19422.536655809552,1902.286968665917
2024-08-26,2024,8,LATO,22.972891217699598,50.08031600283475,23700.315803838097,1890.1787803730238
2024-08-26,2024,8,LATO,22.4069525887043,50.14319807272311,22453.687107535116,1902.144626074862
2024-08-26,2024,8,LATO,22.469834658592674,50.14319807272311,19086.46862917077,1903.0394086715887
2024-08-26,2024,8,LATO,22.532716728481034,50.14319807272311,16276.716427633999,1909.5526182930716
2024-08-26,2024,8,LATO,22.59559879836941,50.14319807272311,14355.581307090208,1902.2700944634971
2024-08-26,2024,8,LATO,22.65848086825777,50.14319807272311,13702.072942767301,1898.9721615875058
2024-08-26,2024,8,LATO,22.721362938146143,50.14319807272311,14488.742529553769,1872.4936851667433
2024-08-26,2024,8,LATO,22.784245008034503,50.14319807272311,16511.00859423297,1876.8597905206411
2024-08-26,2024,8,LATO,22.847127077922863,50.14319807272311,19385.978407501865,1889.0411910660962
2024-08-26,2024,8,LATO,22.910009147811238,50.14319807272311,22793.24238716545,1896.5935690405101
2024-08-26,2024,8,LATO,22.469834658592674,50.20608014261147,24589.497425126534,1922.9814407056979
2024-08-26,2024,8,LATO,22.532716728481034,50.20608014261147,22481.370018975245,1907.2779054223342
2024-08-26,2024,8,LATO,22.59559879836941,50.20608014261147,21133.868947761264,1893.5293743491775
2024-08-26,2024,8,LATO,22.65848086825777,50.20608014261147,20696.099696900703,1902.3761972935624
2024-08-26,2024,8,LATO,22.721362938146143,50.20608014261147,21224.42756260835,1890.663946160877
2024-08-26,2024,8,LATO,22.784245008034503,50.20608014261147,22651.353698077353,1882.5630735808838
2024-08-26,2024,8,LATO,22.847127077922863,50.20608014261147,24822.39180988345,1897.4375160683612
2024-08-27,2024,8,LATO,22.91351092331069,50.14319807272311,22994.042651792173,1911.851243661671
2024-08-29,2024,8,LATO,22.536218503980486,49.82878772328128,22931.130174970585,1909.6002642946212
2024-08-29,2024,8,LATO,22.599100573868853,49.82878772328128,21653.497321226387,1909.0853525967002
2024-08-29,2024,8,LATO,22.66198264375722,49.82878772328128,21276.487989969268,1906.966948518131
2024-08-29,2024,8,LATO,22.724864713645587,49.82878772328128,21846.777153986153,1910.5432661745583
2024-08-29,2024,8,LATO,22.787746783533954,49.82878772328128,23294.896483134347,1910.9570160950182
2024-08-29,2024,8,LATO,22.41045436420376,49.89166979316964,22650.83519308362,1906.9880371093996
2024-08-29,2024,8,LATO,22.47333643409212,49.89166979316964,19357.71995066041,1903.1213689330789
2024-08-29,2024,8,LATO,22.536218503980486,49.89166979316964,16646.542039581233,1911.1563678939808
2024-08-29,2024,8,LATO,22.599100573868853,49.89166979316964,14839.759132878053,1911.2784831729912
2024-08-29,2024,8,LATO,22.66198264375722,49.89166979316964,14284.762848938852,1911.9431104242344
2024-08-29,2024,8,LATO,22.724864713645587,49.89166979316964,15120.028743772344,1909.5325197642728
2024-08-29,2024,8,LATO,22.787746783533954,49.89166979316964,17143.542009798548,1907.246154024206
2024-08-29,2024,8,LATO,22.34757229431539,49.954551863058015,23252.79783324219,1915.1611975505264
2024-08-29,2024,8,LATO,22.41045436420376,49.954551863058015,19022.654339326877,1909.5647541562507
2024-08-29,2024,8,LATO,22.47333643409212,49.954551863058015,14956.67367277081,1904.0599716224358
2024-08-29,2024,8,LATO,22.536218503980486,49.954551863058015,11234.538398514742,1905.4316396170054
2024-08-29,2024,8,LATO,22.599100573868853,49.954551863058015,8330.65253110649,1908.7879366654317
2024-08-29,2024,8,LATO,22.66198264375722,49.954551863058015,7297.723732089598,1911.2554221213115
2024-08-29,2024,8,LATO,22.724864713645587,49.954551863058015,8819.619542819972,1911.9292458747245
2024-08-29,2024,8,LATO,22.787746783533954,49.954551863058015,11957.705826607573,1911.9396303209007
2024-08-29,2024,8,LATO,22.34757229431539,50.017433932946375,22070.34552203583,1927.441437036817
2024-08-29,2024,8,LATO,22.41045436420376,50.017433932946375,17564.222983478045,1901.658372150291
2024-08-29,2024,8,LATO,22.47333643409212,50.017433932946375,13058.431369001919,1902.2979555782913
2024-08-29,2024,8,LATO,22.536218503980486,50.017433932946375,8553.499369323863,1903.6203613281948
2024-08-29,2024,8,LATO,22.599100573868853,50.017433932946375,4052.3033939602497,1903.7274754843297
2024-08-29,2024,8,LATO,22.66198264375722,50.017433932946375,546.9041279730637,1904.1173152735246
2024-08-29,2024,8,LATO,22.724864713645587,50.017433932946375,4979.576922162665,1904.0775370105398
2024-08-29,2024,8,LATO,22.787746783533954,50.017433932946375,9482.214540611112,1903.3681613611614
2024-08-29,2024,8,LATO,22.34757229431539,50.08031600283475,23051.026458445827,1889.1829788046646
2024-08-29,2024,8,LATO,22.41045436420376,50.08031600283475,18787.88931886113,1889.182985140377
2024-08-29,2024,8,LATO,22.47333643409212,50.08031600283475,14669.207720469998,1889.3875787227757
2024-08-29,2024,8,LATO,22.536218503980486,50.08031600283475,10860.59604484225,1899.6135977203608
2024-08-29,2024,8,LATO,22.599100573868853,50.08031600283475,7828.509333679053,1901.6411824484303
2024-08-29,2024,8,LATO,22.66198264375722,50.08031600283475,6721.951918521457,1903.2419953988733
2024-08-29,2024,8,LATO,22.724864713645587,50.08031600283475,8345.634637596631,1903.3681579840159
2024-08-29,2024,8,LATO,22.787746783533954,50.08031600283475,11605.201548529596,1903.3681518578542
2024-08-29,2024,8,LATO,22.85062885342232,50.08031600283475,15500.899719003963,1903.3681625119314
2024-08-29,2024,8,LATO,22.91351092331069,50.08031600283475,19658.104679822707,1903.368156218346
2024-08-29,2024,8,LATO,22.41045436420376,50.14319807272311,22255.639674341124,1889.1830075892738
2024-08-29,2024,8,LATO,22.47333643409212,50.14319807272311,18912.821096659845,1889.182983386419
2024-08-29,2024,8,LATO,22.536218503980486,50.14319807272311,16142.772473991205,1889.271824346008
2024-08-29,2024,8,LATO,22.599100573868853,50.14319807272311,14282.730997575229,1893.2099676488501
2024-08-29,2024,8,LATO,22.85062885342232,50.14319807272311,19564.10422711799,1903.3681542374893
2024-08-29,2024,8,LATO,22.91351092331069,50.14319807272311,22994.042651792173,1903.3681590985047
2024-08-29,2024,8,LATO,22.532716728481034,49.82528594778182,23386.638892813306,1917.2333613072426
2024-08-29,2024,8,LATO,22.59559879836941,49.82528594778182,22083.86245449517,1931.8864491676177
2024-08-29,2024,8,LATO,22.65848086825777,49.82528594778182,21661.943872587042,1931.8860913094093
2024-08-29,2024,8,LATO,22.721362938146143,49.82528594778182,22171.227419574378,1931.9256544550549
2024-08-29,2024,8,LATO,22.784245008034503,49.82528594778182,23551.38161882024,1933.0456182221246
2024-08-29,2024,8,LATO,22.4069525887043,49.888168017670196,23092.37433320287,1923.465438020474
2024-08-29,2024,8,LATO,22.469834658592674,49.888168017670196,19815.16284732702,1923.443604637591
2024-08-29,2024,8,LATO,22.532716728481034,49.888168017670196,17109.985449041076,1934.5069973535078
2024-08-29,2024,8,LATO,22.59559879836941,49.888168017670196,15283.6684432793,1945.6413588210692
2024-08-29,2024,8,LATO,22.65848086825777,49.888168017670196,14668.241270484361,1945.6413592846698
2024-08-29,2024,8,LATO,22.721362938146143,49.888168017670196,15409.472731872484,1945.6413800592636
2024-08-29,2024,8,LATO,22.34407051881594,49.951050087558556,23615.844679747595,1929.9798364512585
2024-08-29,2024,8,LATO,22.4069525887043,49.951050087558556,19406.154273896744,1931.9722152307245
2024-08-29,2024,8,LATO,22.469834658592674,49.951050087558556,15367.641709233798,1931.9964901159385
2024-08-29,2024,8,LATO,22.532716728481034,49.951050087558556,11679.255305618317,1932.0770155843234
2024-08-30,2024,8,LATO,22.536218503980486,49.82528594778182,23292.998378352186,1893.52074469953
2024-08-30,2024,8,LATO,22.599100573868853,49.82528594778182,22036.262720600305,1893.5207481451291
2024-08-30,2024,8,LATO,22.66198264375722,49.82528594778182,21665.88794058442,1918.0601842803846
2024-08-30,2024,8,LATO,22.724864713645587,49.82528594778182,22226.22792627167,1918.0601715200423
2024-08-30,2024,8,LATO,22.787746783533954,49.82528594778182,23651.225308543628,1918.0601488332118
2024-08-30,2024,8,LATO,22.41045436420376,49.888168017670196,22898.8251827401,1900.6833907877872
2024-08-30,2024,8,LATO,22.47333643409212,49.888168017670196,19647.06540404807,1902.7020006149141
2024-08-30,2024,8,LATO,22.536218503980486,49.888168017670196,16981.936389839848,1919.4668992563466
2024-08-30,2024,8,LATO,22.599100573868853,49.888168017670196,15214.898599040724,1918.8087194068544
2024-08-30,2024,8,LATO,22.66198264375722,49.888168017670196,14674.05765602367,1923.3357186877054
2024-08-30,2024,8,LATO,22.724864713645587,49.888168017670196,15488.400979019354,1922.7510998887728
2024-08-30,2024,8,LATO,22.34757229431539,49.951050087558556,23378.473636585393,1913.1178807514689
2024-08-30,2024,8,LATO,22.41045436420376,49.951050087558556,19175.73550311141,1911.7702989237264
2024-08-30,2024,8,LATO,22.47333643409212,49.951050087558556,15150.561901241193,1916.7181798140873
2024-08-30,2024,8,LATO,22.536218503980486,49.951050087558556,11491.093545599138,1922.9838315494715
2024-08-30,2024,8,LATO,22.599100573868853,49.951050087558556,8673.294652489936,1923.8355966355805
2024-08-30,2024,8,LATO,22.66198264375722,49.951050087558556,7686.473279579815,1925.915073046016
2024-08-30,2024,8,LATO,22.724864713645587,49.951050087558556,9143.990584955605,1925.9207609745388
2024-08-30,2024,8,LATO,22.536218503980486,50.01393215744693,8575.788451836248,1917.645514568213
2024-08-30,2024,8,LATO,22.599100573868853,50.01393215744693,4098.638189772332,1917.5858339694882
2024-08-30,2024,8,LATO,22.66198264375722,50.01393215744693,821.9529892659207,1917.5664007456028
2025-01-23,2025,1,ZIMA,22.92051447430959,49.944046536559654,20801.632851319795,1879.6348709062324
2025-01-23,2025,1,ZIMA,22.92051447430959,50.006928606448014,19050.84269112359,1894.5969666577273
2025-01-23,2025,1,ZIMA,22.98339654419796,50.006928606448014,23547.261160031503,1896.5753173827832
2025-01-23,2025,1,ZIMA,22.92051447430959,50.069810676336374,19773.79626047972,1870.8204470969772
2025-01-23,2025,1,ZIMA,22.98339654419796,50.069810676336374,24130.725788332762,1875.3849180692164
2025-01-27,2025,1,ZIMA,22.417457915202657,49.881164466671294,23031.096518731556,1891.973577349435
2025-01-27,2025,1,ZIMA,22.480339985091025,49.881164466671294,19914.797531770357,1891.0478523083189
2025-01-27,2025,1,ZIMA,22.354575845314294,49.944046536559654,23178.636067204665,1902.417051657575
2025-01-27,2025,1,ZIMA,22.417457915202657,49.944046536559654,19050.194082674974,1892.778399560396
2025-01-27,2025,1,ZIMA,22.480339985091025,49.944046536559654,15141.051196505394,1891.473307103253
2025-01-27,2025,1,ZIMA,22.354575845314294,50.006928606448014,21618.040770891686,1911.6116342483795
2025-01-27,2025,1,ZIMA,22.417457915202657,50.006928606448014,17123.886130947034,1910.6325683593084
2025-01-27,2025,1,ZIMA,22.354575845314294,50.069810676336374,22254.703554634234,1909.7206829584952
2025-01-27,2025,1,ZIMA,22.417457915202657,50.069810676336374,17927.26609080291,1906.5433435659259
2025-01-27,2025,1,ZIMA,22.417457915202657,50.13269274622476,21151.631610266355,1900.2801719780236
2025-01-30,2025,1,ZIMA,22.543222054979392,49.818282396782934,23844.580738967565,1896.3719948693806
2025-01-30,2025,1,ZIMA,22.60610412486776,49.818282396782934,22718.528932761306,1896.6411949894475
2025-01-30,2025,1,ZIMA,22.668986194756126,49.818282396782934,22460.758843357904,1902.5685397944794
2025-01-30,2025,1,ZIMA,22.73186826464449,49.818282396782934,23100.35486137293,1895.393012969252
2025-01-30,2025,1,ZIMA,22.794750334532857,49.818282396782934,24567.33080198617,1893.3166208525854
2025-01-30,2025,1,ZIMA,22.417457915202657,49.881164466671294,23031.096518731556,1913.8962303590572
2025-01-30,2025,1,ZIMA,22.480339985091025,49.881164466671294,19914.797531770357,1915.7135716737546
2025-01-30,2025,1,ZIMA,22.543222054979392,49.881164466671294,17421.274692648036,1916.3644944970258
2025-01-30,2025,1,ZIMA,22.60610412486776,49.881164466671294,15847.281406598506,1912.790957275251
2025-01-30,2025,1,ZIMA,22.668986194756126,49.881164466671294,15475.967440865885,1909.4316277168357
2025-01-30,2025,1,ZIMA,22.73186826464449,49.881164466671294,16389.27926047518,1907.0798831605998
2025-01-30,2025,1,ZIMA,22.794750334532857,49.881164466671294,18396.87936768486,1904.7192959952733
2025-01-30,2025,1,ZIMA,22.354575845314294,49.944046536559654,23178.636067204665,1916.915489572653
2025-01-30,2025,1,ZIMA,22.417457915202657,49.944046536559654,19050.194082674974,1915.563854672062
2025-01-30,2025,1,ZIMA,22.480339985091025,49.944046536559654,15141.051196505394,1913.8668212889995
2025-01-30,2025,1,ZIMA,22.543222054979392,49.944046536559654,11673.64126210208,1912.2321314685234
2025-01-30,2025,1,ZIMA,22.60610412486776,49.944046536559654,9163.917044842108,1916.6067577432837
2025-01-30,2025,1,ZIMA,22.668986194756126,49.944046536559654,8506.56967393002,1916.9132978974567
2025-01-30,2025,1,ZIMA,22.73186826464449,49.944046536559654,10071.089278044556,1910.5880056833355
2025-01-30,2025,1,ZIMA,22.794750334532857,49.944046536559654,13083.306804570208,1911.3684871576113
2025-01-30,2025,1,ZIMA,22.857632404421224,49.944046536559654,16780.941025819608,1915.9266580190936
2025-01-30,2025,1,ZIMA,22.354575845314294,50.006928606448014,21618.040770891686,1921.7374111104332
2025-01-30,2025,1,ZIMA,22.417457915202657,50.006928606448014,17123.886130947034,1924.2386221339218
2025-01-30,2025,1,ZIMA,22.480339985091025,50.006928606448014,12638.950019411841,1916.5672917222973
2025-01-30,2025,1,ZIMA,22.543222054979392,50.006928606448014,8178.418270760709,1917.2319582923799
2025-01-30,2025,1,ZIMA,22.60610412486776,50.006928606448014,3828.5697965801783,1912.263797906265
2025-01-30,2025,1,ZIMA,22.668986194756126,50.006928606448014,1748.5319321300367,1908.2436886795047
2025-01-30,2025,1,ZIMA,22.73186826464449,50.006928606448014,5664.34100011555,1918.4948962583562
2025-01-30,2025,1,ZIMA,22.794750334532857,50.006928606448014,10086.631749185417,1918.7816278114426
2025-01-30,2025,1,ZIMA,22.857632404421224,50.006928606448014,14561.02499648593,1917.3159977028558
2025-01-30,2025,1,ZIMA,22.92051447430959,50.006928606448014,19050.84269112359,1916.4055457798772
2025-01-30,2025,1,ZIMA,22.98339654419796,50.006928606448014,23547.261160031503,1919.2186467887548
2025-01-30,2025,1,ZIMA,22.354575845314294,50.069810676336374,22254.703554634234,1918.1329135176652
2025-01-30,2025,1,ZIMA,22.417457915202657,50.069810676336374,17927.26609080291,1920.902502682002
2025-01-30,2025,1,ZIMA,22.480339985091025,50.069810676336374,13714.105266687462,1914.4855957030622
2025-01-30,2025,1,ZIMA,22.543222054979392,50.069810676336374,9764.291031138966,1914.9111230331712
2025-01-30,2025,1,ZIMA,22.60610412486776,50.069810676336374,6571.229399687279,1917.0851490473717
2025-01-30,2025,1,ZIMA,22.668986194756126,50.069810676336374,5621.002175186564,1917.0533528978485
2025-01-30,2025,1,ZIMA,22.73186826464449,50.069810676336374,7783.641630589393,1917.9194807880433
2025-01-30,2025,1,ZIMA,22.794750334532857,50.069810676336374,11408.307713933447,1921.6537485567815
2025-01-30,2025,1,ZIMA,22.857632404421224,50.069810676336374,15501.25262122609,1919.5002934406846
2025-01-30,2025,1,ZIMA,22.92051447430959,50.069810676336374,19773.79626047972,1917.630671705038
2025-01-30,2025,1,ZIMA,22.98339654419796,50.069810676336374,24130.725788332762,1918.2226263109485
2025-01-30,2025,1,ZIMA,22.417457915202657,50.13269274622476,21151.631610266355,1912.2409058455921
2025-01-30,2025,1,ZIMA,22.480339985091025,50.13269274622476,17727.262098033436,1906.8153846477237
2025-01-30,2025,1,ZIMA,22.543222054979392,50.13269274622476,14887.64579548281,1904.2272973428715
2025-01-30,2025,1,ZIMA,22.60610412486776,50.13269274622476,13021.138631167756,1910.0501353594473
2025-01-30,2025,1,ZIMA,22.668986194756126,50.13269274622476,12569.002778005643,1914.6178679719349
2025-01-30,2025,1,ZIMA,22.73186826464449,50.13269274622476,13672.280669832127,1912.407337419843
2025-01-30,2025,1,ZIMA,22.794750334532857,50.13269274622476,16012.635344732576,1909.138056523913
2025-01-30,2025,1,ZIMA,22.857632404421224,50.13269274622476,19141.56780290254,1907.6689933139094
2025-01-30,2025,1,ZIMA,22.92051447430959,50.13269274622476,22735.79955325739,1920.4761420037023
2025-01-30,2025,1,ZIMA,22.480339985091025,50.19557481611312,23200.949158687763,1913.5627441405543
2025-01-30,2025,1,ZIMA,22.543222054979392,50.19557481611312,21113.780703731318,1912.2047597552066
2025-01-30,2025,1,ZIMA,22.60610412486776,50.19557481611312,19843.59108096418,1912.9737979105366
2025-01-30,2025,1,ZIMA,22.668986194756126,50.19557481611312,19550.26980713652,1916.7948931911212
2025-01-30,2025,1,ZIMA,22.73186826464449,50.19557481611312,20276.255232597017,1914.9870802906644
2025-01-30,2025,1,ZIMA,22.794750334532857,50.19557481611312,21920.506821805833,1914.3285675586333
2025-01-30,2025,1,ZIMA,22.857632404421224,50.19557481611312,24297.313099085826,1917.3922463980552
2025-01-31,2025,1,ZIMA,22.602602349368304,50.006928606448014,4061.7979103036923,1891.6807931190128
2025-01-31,2025,1,ZIMA,22.66548441925667,50.006928606448014,1623.3084811300353,1891.680785015045
2025-01-31,2025,1,ZIMA,22.72836648914504,50.006928606448014,5422.179720201143,1891.680781537844
2025-01-31,2025,1,ZIMA,22.791248559033406,50.006928606448014,9838.339543263888,1890.7501916790613
2025-01-31,2025,1,ZIMA,22.854130628921773,50.006928606448014,14311.31539773719,1890.57653671639
2025-01-31,2025,1,ZIMA,22.91701269881014,50.006928606448014,18800.596436126183,1890.5765490204913
2025-01-31,2025,1,ZIMA,22.602602349368304,50.069810676336374,6709.612736345334,1895.4560944688676
2025-01-31,2025,1,ZIMA,22.66548441925667,50.069810676336374,5583.366752818271,1895.318008499187
2025-01-31,2025,1,ZIMA,22.72836648914504,50.069810676336374,7609.458610497544,1894.5980889950306
2025-01-31,2025,1,ZIMA,22.791248559033406,50.069810676336374,11189.67063071935,1890.8591477191076
2025-01-31,2025,1,ZIMA,22.854130628921773,50.069810676336374,15267.237566831249,1890.8287226100483
2025-01-31,2025,1,ZIMA,22.91701269881014,50.069810676336374,19533.130847309978,1890.8184743318188
2025-01-31,2025,1,ZIMA,22.979894768698507,50.069810676336374,23886.661303617595,1874.200069916398
2025-01-31,2025,1,ZIMA,22.72836648914504,50.13269274622476,13574.002993155724,1874.4415164039406
2025-01-31,2025,1,ZIMA,22.791248559033406,50.13269274622476,15857.812197278598,1874.4415286394783
2025-01-31,2025,1,ZIMA,22.854130628921773,50.13269274622476,18952.80330190937,1874.4415283202836
2025-01-31,2025,1,ZIMA,22.91701269881014,50.13269274622476,22527.07571149032,1874.5526166160394
2025-01-31,2025,1,ZIMA,22.791248559033406,50.19557481611312,21807.815356561256,1874.4415163723836
2025-01-31,2025,1,ZIMA,22.854130628921773,50.19557481611312,24149.078514552173,1874.4415321817255
2025-02-07,2025,2,ZIMA,22.417457915202657,49.881164466671294,23031.096518731556,1881.1005891562127
2025-02-07,2025,2,ZIMA,22.354575845314294,49.944046536559654,23178.636067204665,1892.572544205523
2025-02-09,2025,2,ZIMA,22.417457915202657,49.881164466671294,23031.096518731556,1898.4640436155705
2025-02-09,2025,2,ZIMA,22.480339985091025,49.881164466671294,19914.797531770357,1899.2059447332476
2025-02-09,2025,2,ZIMA,22.543222054979392,49.881164466671294,17421.274692648036,1909.8584924988652
2025-02-09,2025,2,ZIMA,22.73186826464449,49.881164466671294,16389.27926047518,1921.3917333017473
2025-02-09,2025,2,ZIMA,22.794750334532857,49.881164466671294,18396.87936768486,1921.1412353514916
2025-02-09,2025,2,ZIMA,22.857632404421224,49.881164466671294,21189.99202699651,1919.4509074499113
2025-02-09,2025,2,ZIMA,22.92051447430959,49.881164466671294,24501.433160808512,1913.8853759764918
2025-02-09,2025,2,ZIMA,22.354575845314294,49.944046536559654,23178.636067204665,1896.101282316608
2025-02-09,2025,2,ZIMA,22.417457915202657,49.944046536559654,19050.194082674974,1897.0082985474132
2025-02-09,2025,2,ZIMA,22.480339985091025,49.944046536559654,15141.051196505394,1904.6089073190747
2025-02-09,2025,2,ZIMA,22.543222054979392,49.944046536559654,11673.64126210208,1910.675300158174
2025-02-09,2025,2,ZIMA,22.60610412486776,49.944046536559654,9163.917044842108,1910.776360847431
2025-02-09,2025,2,ZIMA,22.668986194756126,49.944046536559654,8506.56967393002,1913.4444205470966
2025-02-09,2025,2,ZIMA,22.73186826464449,49.944046536559654,10071.089278044556,1922.7102964796802
2025-02-09,2025,2,ZIMA,22.794750334532857,49.944046536559654,13083.306804570208,1922.398187257456
2025-02-09,2025,2,ZIMA,22.857632404421224,49.944046536559654,16780.941025819608,1919.0012333397533
2025-02-09,2025,2,ZIMA,22.92051447430959,49.944046536559654,20801.632851319795,1918.419761787105
2025-02-09,2025,2,ZIMA,22.354575845314294,50.006928606448014,21618.040770891686,1908.0102159171793
2025-02-09,2025,2,ZIMA,22.417457915202657,50.006928606448014,17123.886130947034,1899.9076183855707
2025-02-09,2025,2,ZIMA,22.480339985091025,50.006928606448014,12638.950019411841,1910.8782220717906
2025-02-09,2025,2,ZIMA,22.543222054979392,50.006928606448014,8178.418270760709,1910.5174872664945
2025-02-09,2025,2,ZIMA,22.60610412486776,50.006928606448014,3828.5697965801783,1912.7173439961068
2025-02-09,2025,2,ZIMA,22.668986194756126,50.006928606448014,1748.5319321300367,1916.4091489298885
2025-02-09,2025,2,ZIMA,22.73186826464449,50.006928606448014,5664.34100011555,1915.531153589207
2025-02-09,2025,2,ZIMA,22.794750334532857,50.006928606448014,10086.631749185417,1914.382392697295
2025-02-09,2025,2,ZIMA,22.857632404421224,50.006928606448014,14561.02499648593,1910.5067573628783
2025-02-09,2025,2,ZIMA,22.92051447430959,50.006928606448014,19050.84269112359,1910.7211444891323
2025-02-09,2025,2,ZIMA,22.98339654419796,50.006928606448014,23547.261160031503,1893.4139788905052
2025-02-09,2025,2,ZIMA,22.354575845314294,50.069810676336374,22254.703554634234,1901.988299546264
2025-02-09,2025,2,ZIMA,22.417457915202657,50.069810676336374,17927.26609080291,1908.3195096243032
2025-02-09,2025,2,ZIMA,22.480339985091025,50.069810676336374,13714.105266687462,1909.405077188348
2025-02-09,2025,2,ZIMA,22.543222054979392,50.069810676336374,9764.291031138966,1910.3673216144616
2025-02-09,2025,2,ZIMA,22.60610412486776,50.069810676336374,6571.229399687279,1912.4367528264193
2025-02-09,2025,2,ZIMA,22.668986194756126,50.069810676336374,5621.002175186564,1913.9880006529218
2025-02-09,2025,2,ZIMA,22.73186826464449,50.069810676336374,7783.641630589393,1916.4397384932622
2025-02-09,2025,2,ZIMA,22.794750334532857,50.069810676336374,11408.307713933447,1913.3210133245498
2025-02-09,2025,2,ZIMA,22.857632404421224,50.069810676336374,15501.25262122609,1910.582492075521
2025-02-09,2025,2,ZIMA,22.92051447430959,50.069810676336374,19773.79626047972,1897.5767791263038
2025-02-09,2025,2,ZIMA,22.98339654419796,50.069810676336374,24130.725788332762,1887.4175455958884
2025-02-09,2025,2,ZIMA,22.417457915202657,50.13269274622476,21151.631610266355,1905.0600495800406
2025-02-09,2025,2,ZIMA,22.480339985091025,50.13269274622476,17727.262098033436,1902.8147440329678
2025-02-09,2025,2,ZIMA,22.543222054979392,50.13269274622476,14887.64579548281,1905.615147009538
2025-02-09,2025,2,ZIMA,22.60610412486776,50.13269274622476,13021.138631167756,1903.7319691763444
2025-02-09,2025,2,ZIMA,22.668986194756126,50.13269274622476,12569.002778005643,1903.3597965428391
2025-02-09,2025,2,ZIMA,22.73186826464449,50.13269274622476,13672.280669832127,1895.549165618124
2025-02-09,2025,2,ZIMA,22.794750334532857,50.13269274622476,16012.635344732576,1888.5281863966368
2025-02-09,2025,2,ZIMA,22.857632404421224,50.13269274622476,19141.56780290254,1892.6350081049238
2025-02-09,2025,2,ZIMA,22.92051447430959,50.13269274622476,22735.79955325739,1887.581462479768
2025-02-09,2025,2,ZIMA,22.480339985091025,50.19557481611312,23200.949158687763,1907.101234172712
2025-02-09,2025,2,ZIMA,22.543222054979392,50.19557481611312,21113.780703731318,1910.1080494648206
2025-02-09,2025,2,ZIMA,22.60610412486776,50.19557481611312,19843.59108096418,1908.6193881974168
2025-02-09,2025,2,ZIMA,22.668986194756126,50.19557481611312,19550.26980713652,1907.077169298017
2025-02-09,2025,2,ZIMA,22.73186826464449,50.19557481611312,20276.255232597017,1903.9267811463756
2025-02-09,2025,2,ZIMA,22.794750334532857,50.19557481611312,21920.506821805833,1903.4205353501343
2025-02-09,2025,2,ZIMA,22.857632404421224,50.19557481611312,24297.313099085826,1887.6423454313613
2025-02-10,2025,2,ZIMA,22.543222054979392,49.818282396782934,23844.580738967565,1896.7254831804237
2025-02-10,2025,2,ZIMA,22.60610412486776,49.818282396782934,22718.528932761306,1894.5084261112313
2025-02-10,2025,2,ZIMA,22.668986194756126,49.818282396782934,22460.758843357904,1894.5084175568122
2025-02-10,2025,2,ZIMA,22.417457915202657,49.881164466671294,23031.096518731556,1906.1187357826532
2025-02-10,2025,2,ZIMA,22.480339985091025,49.881164466671294,19914.797531770357,1904.1929942077522
2025-02-10,2025,2,ZIMA,22.543222054979392,49.881164466671294,17421.274692648036,1903.6030229613577
2025-02-10,2025,2,ZIMA,22.60610412486776,49.881164466671294,15847.281406598506,1905.1593875307537
2025-02-10,2025,2,ZIMA,22.668986194756126,49.881164466671294,15475.967440865885,1920.690543326923
2025-02-10,2025,2,ZIMA,22.73186826464449,49.881164466671294,16389.27926047518,1921.1390262879352
2025-02-10,2025,2,ZIMA,22.354575845314294,49.944046536559654,23178.636067204665,1900.0779003582775
2025-02-10,2025,2,ZIMA,22.417457915202657,49.944046536559654,19050.194082674974,1905.971049146743
2025-02-10,2025,2,ZIMA,22.480339985091025,49.944046536559654,15141.051196505394,1906.3881642566796
2025-02-10,2025,2,ZIMA,22.543222054979392,49.944046536559654,11673.64126210208,1905.1057623058066
2025-02-10,2025,2,ZIMA,22.60610412486776,49.944046536559654,9163.917044842108,1918.1213724495237
2025-02-10,2025,2,ZIMA,22.668986194756126,49.944046536559654,8506.56967393002,1920.4690189579446
2025-02-10,2025,2,ZIMA,22.73186826464449,49.944046536559654,10071.089278044556,1921.139035174129
2025-02-10,2025,2,ZIMA,22.794750334532857,49.944046536559654,13083.306804570208,1921.1390326594128
2025-02-10,2025,2,ZIMA,22.857632404421224,49.944046536559654,16780.941025819608,1921.1390081236982
2025-02-10,2025,2,ZIMA,22.354575845314294,50.006928606448014,21618.040770891686,1916.0567131445055
2025-02-10,2025,2,ZIMA,22.417457915202657,50.006928606448014,17123.886130947034,1910.7349108276696
2025-02-10,2025,2,ZIMA,22.480339985091025,50.006928606448014,12638.950019411841,1900.3962402343125
2025-02-10,2025,2,ZIMA,22.543222054979392,50.006928606448014,8178.418270760709,1910.0598182924584
2025-02-10,2025,2,ZIMA,22.60610412486776,50.006928606448014,3828.5697965801783,1923.2530607971732
2025-02-10,2025,2,ZIMA,22.668986194756126,50.006928606448014,1748.5319321300367,1923.1031841465435
2025-02-10,2025,2,ZIMA,22.73186826464449,50.006928606448014,5664.34100011555,1920.1516361675576
2025-02-10,2025,2,ZIMA,22.794750334532857,50.006928606448014,10086.631749185417,1919.7952719651062
2025-02-10,2025,2,ZIMA,22.857632404421224,50.006928606448014,14561.02499648593,1891.6612172886214
2025-02-10,2025,2,ZIMA,22.92051447430959,50.006928606448014,19050.84269112359,1893.2233841408497
2025-02-10,2025,2,ZIMA,22.98339654419796,50.006928606448014,23547.261160031503,1893.223393346606
2025-02-10,2025,2,ZIMA,22.354575845314294,50.069810676336374,22254.703554634234,1903.9141093582482
2025-02-10,2025,2,ZIMA,22.417457915202657,50.069810676336374,17927.26609080291,1915.256338356847
2025-02-10,2025,2,ZIMA,22.480339985091025,50.069810676336374,13714.105266687462,1912.6302300463367
2025-02-10,2025,2,ZIMA,22.543222054979392,50.069810676336374,9764.291031138966,1916.8787733039508
2025-02-10,2025,2,ZIMA,22.60610412486776,50.069810676336374,6571.229399687279,1918.1647550597313
2025-02-10,2025,2,ZIMA,22.668986194756126,50.069810676336374,5621.002175186564,1920.69786951692
2025-02-10,2025,2,ZIMA,22.73186826464449,50.069810676336374,7783.641630589393,1923.2684817919794
2025-02-10,2025,2,ZIMA,22.794750334532857,50.069810676336374,11408.307713933447,1913.9082328364432
2025-02-10,2025,2,ZIMA,22.857632404421224,50.069810676336374,15501.25262122609,1887.2573242187211
2025-02-10,2025,2,ZIMA,22.92051447430959,50.069810676336374,19773.79626047972,1890.9800431731926
2025-02-10,2025,2,ZIMA,22.98339654419796,50.069810676336374,24130.725788332762,1893.0637423371966
2025-02-10,2025,2,ZIMA,22.417457915202657,50.13269274622476,21151.631610266355,1894.9543354605548
2025-02-10,2025,2,ZIMA,22.480339985091025,50.13269274622476,17727.262098033436,1912.4667954587833
2025-02-10,2025,2,ZIMA,22.543222054979392,50.13269274622476,14887.64579548281,1913.3358759235848
2025-02-10,2025,2,ZIMA,22.60610412486776,50.13269274622476,13021.138631167756,1915.938842904633
2025-02-10,2025,2,ZIMA,22.668986194756126,50.13269274622476,12569.002778005643,1916.1087373376606
2025-02-10,2025,2,ZIMA,22.73186826464449,50.13269274622476,13672.280669832127,1888.0766071958083
2025-02-10,2025,2,ZIMA,22.794750334532857,50.13269274622476,16012.635344732576,1875.4256746030608
2025-02-10,2025,2,ZIMA,22.857632404421224,50.13269274622476,19141.56780290254,1884.8456532942985
2025-02-10,2025,2,ZIMA,22.92051447430959,50.13269274622476,22735.79955325739,1887.577722550278
2025-02-10,2025,2,ZIMA,22.480339985091025,50.19557481611312,23200.949158687763,1916.0813804178213
2025-02-10,2025,2,ZIMA,22.543222054979392,50.19557481611312,21113.780703731318,1913.6835543974232
2025-02-10,2025,2,ZIMA,22.60610412486776,50.19557481611312,19843.59108096418,1912.9944124207377
2025-02-10,2025,2,ZIMA,22.668986194756126,50.19557481611312,19550.26980713652,1914.5370900222388
2025-02-10,2025,2,ZIMA,22.73186826464449,50.19557481611312,20276.255232597017,1890.7372947648255
2025-02-10,2025,2,ZIMA,22.794750334532857,50.19557481611312,21920.506821805833,1884.8090758972244
2025-02-10,2025,2,ZIMA,22.857632404421224,50.19557481611312,24297.313099085826,1875.2587890624955
2025-02-10,2025,2,ZIMA,22.543222054979392,49.818282396782934,23844.580738967565,1880.9614917856713
2025-02-10,2025,2,ZIMA,22.60610412486776,49.818282396782934,22718.528932761306,1880.9483642578734
2025-02-10,2025,2,ZIMA,22.668986194756126,49.818282396782934,22460.758843357904,1880.9483696346701
2025-02-10,2025,2,ZIMA,22.417457915202657,49.881164466671294,23031.096518731556,1898.3773688978256
2025-02-10,2025,2,ZIMA,22.480339985091025,49.881164466671294,19914.797531770357,1898.6767774572259
2025-02-10,2025,2,ZIMA,22.543222054979392,49.881164466671294,17421.274692648036,1898.8264646074224
2025-02-10,2025,2,ZIMA,22.60610412486776,49.881164466671294,15847.281406598506,1899.1016369916636
2025-02-10,2025,2,ZIMA,22.354575845314294,49.944046536559654,23178.636067204665,1879.9275072803848
2025-02-10,2025,2,ZIMA,22.417457915202657,49.944046536559654,19050.194082674974,1899.81192890367
2025-02-10,2025,2,ZIMA,22.480339985091025,49.944046536559654,15141.051196505394,1899.5108713859722
2025-02-10,2025,2,ZIMA,22.543222054979392,49.944046536559654,11673.64126210208,1899.36037836174
2025-02-10,2025,2,ZIMA,22.60610412486776,49.944046536559654,9163.917044842108,1899.330169284937
2025-02-10,2025,2,ZIMA,22.354575845314294,50.006928606448014,21618.040770891686,1900.5832519530625
2025-02-10,2025,2,ZIMA,22.417457915202657,50.006928606448014,17123.886130947034,1899.5480957030588
2025-02-10,2025,2,ZIMA,22.480339985091025,50.006928606448014,12638.950019411841,1899.5480957030625
2025-02-10,2025,2,ZIMA,22.543222054979392,50.006928606448014,8178.418270760709,1899.5480957031943
2025-02-10,2025,2,ZIMA,22.60610412486776,50.006928606448014,3828.5697965801783,1893.2431571982356
2025-02-10,2025,2,ZIMA,22.668986194756126,50.006928606448014,1748.5319321300367,1890.6826776265311
2025-02-10,2025,2,ZIMA,22.73186826464449,50.006928606448014,5664.34100011555,1890.8706784385802
2025-02-10,2025,2,ZIMA,22.794750334532857,50.006928606448014,10086.631749185417,1890.9842144726679
2025-02-10,2025,2,ZIMA,22.857632404421224,50.006928606448014,14561.02499648593,1890.042528549807
2025-02-10,2025,2,ZIMA,22.92051447430959,50.006928606448014,19050.84269112359,1883.5085158643024
2025-02-10,2025,2,ZIMA,22.98339654419796,50.006928606448014,23547.261160031503,1883.5085674799707
2025-02-10,2025,2,ZIMA,22.354575845314294,50.069810676336374,22254.703554634234,1898.0531387649996
2025-02-10,2025,2,ZIMA,22.417457915202657,50.069810676336374,17927.26609080291,1900.4498877518595
2025-02-10,2025,2,ZIMA,22.480339985091025,50.069810676336374,13714.105266687462,1900.49125050869
2025-02-10,2025,2,ZIMA,22.543222054979392,50.069810676336374,9764.291031138966,1900.5119214611602
2025-02-10,2025,2,ZIMA,22.60610412486776,50.069810676336374,6571.229399687279,1896.0078812675615
2025-02-10,2025,2,ZIMA,22.668986194756126,50.069810676336374,5621.002175186564,1895.5849762530295
2025-02-10,2025,2,ZIMA,22.73186826464449,50.069810676336374,7783.641630589393,1895.6145019530588
2025-02-10,2025,2,ZIMA,22.794750334532857,50.069810676336374,11408.307713933447,1895.6145019531612
2025-02-10,2025,2,ZIMA,22.857632404421224,50.069810676336374,15501.25262122609,1888.5742013027711
2025-02-10,2025,2,ZIMA,22.92051447430959,50.069810676336374,19773.79626047972,1883.5085449219114
2025-02-10,2025,2,ZIMA,22.98339654419796,50.069810676336374,24130.725788332762,1883.5085449218461
2025-02-10,2025,2,ZIMA,22.417457915202657,50.13269274622476,21151.631610266355,1892.5785756312712
2025-02-10,2025,2,ZIMA,22.480339985091025,50.13269274622476,17727.262098033436,1893.132251056381
2025-02-10,2025,2,ZIMA,22.543222054979392,50.13269274622476,14887.64579548281,1893.3875983084856
2025-02-10,2025,2,ZIMA,22.60610412486776,50.13269274622476,13021.138631167756,1880.6498389112473
2025-02-10,2025,2,ZIMA,22.668986194756126,50.13269274622476,12569.002778005643,1880.2946412090164
2025-02-10,2025,2,ZIMA,22.73186826464449,50.13269274622476,13672.280669832127,1879.5842585173161
2025-02-10,2025,2,ZIMA,22.794750334532857,50.13269274622476,16012.635344732576,1879.2290664390007
2025-02-10,2025,2,ZIMA,22.857632404421224,50.13269274622476,19141.56780290254,1900.1147514219601
2025-02-10,2025,2,ZIMA,22.92051447430959,50.13269274622476,22735.79955325739,1902.074560893018
2025-02-10,2025,2,ZIMA,22.480339985091025,50.19557481611312,23200.949158687763,1899.4256677212966
2025-02-10,2025,2,ZIMA,22.543222054979392,50.19557481611312,21113.780703731318,1899.3627010421158
2025-02-10,2025,2,ZIMA,22.60610412486776,50.19557481611312,19843.59108096418,1877.3189986587633
2025-02-10,2025,2,ZIMA,22.668986194756126,50.19557481611312,19550.26980713652,1877.5767555233717
2025-02-10,2025,2,ZIMA,22.73186826464449,50.19557481611312,20276.255232597017,1878.0922562015207
2025-02-10,2025,2,ZIMA,22.794750334532857,50.19557481611312,21920.506821805833,1878.3499929241925
2025-02-10,2025,2,ZIMA,22.857632404421224,50.19557481611312,24297.313099085826,1901.116824638782
2025-02-12,2025,2,ZIMA,22.543222054979392,49.818282396782934,23844.580738967565,1891.8717924013838
2025-02-12,2025,2,ZIMA,22.60610412486776,49.818282396782934,22718.528932761306,1890.2234150148506
2025-02-12,2025,2,ZIMA,22.668986194756126,49.818282396782934,22460.758843357904,1889.1043082658382
2025-02-12,2025,2,ZIMA,22.73186826464449,49.818282396782934,23100.35486137293,1891.3613801947822
2025-02-12,2025,2,ZIMA,22.794750334532857,49.818282396782934,24567.33080198617,1891.3552246093707
2025-02-12,2025,2,ZIMA,22.480339985091025,49.881164466671294,19914.797531770357,1903.6438276654849
2025-02-12,2025,2,ZIMA,22.543222054979392,49.881164466671294,17421.274692648036,1902.7158153488251
2025-02-12,2025,2,ZIMA,22.60610412486776,49.881164466671294,15847.281406598506,1906.913696289091
2025-02-12,2025,2,ZIMA,22.668986194756126,49.881164466671294,15475.967440865885,1905.138743206702
2025-02-12,2025,2,ZIMA,22.73186826464449,49.881164466671294,16389.27926047518,1894.507842514785
2025-02-12,2025,2,ZIMA,22.794750334532857,49.881164466671294,18396.87936768486,1896.4581083333198
2025-02-12,2025,2,ZIMA,22.857632404421224,49.881164466671294,21189.99202699651,1899.8121907913478
2025-02-12,2025,2,ZIMA,22.417457915202657,49.944046536559654,19050.194082674974,1906.795605273215
2025-02-12,2025,2,ZIMA,22.480339985091025,49.944046536559654,15141.051196505394,1909.135009765562
2025-02-12,2025,2,ZIMA,22.543222054979392,49.944046536559654,11673.64126210208,1907.636639911452
2025-02-12,2025,2,ZIMA,22.60610412486776,49.944046536559654,9163.917044842108,1899.482160277788
2025-02-12,2025,2,ZIMA,22.668986194756126,49.944046536559654,8506.56967393002,1899.3794159927868
2025-02-12,2025,2,ZIMA,22.73186826464449,49.944046536559654,10071.089278044556,1894.9526407929761
2025-02-12,2025,2,ZIMA,22.794750334532857,49.944046536559654,13083.306804570208,1896.2214645386136
2025-02-12,2025,2,ZIMA,22.857632404421224,49.944046536559654,16780.941025819608,1899.8985682684454
2025-02-12,2025,2,ZIMA,22.354575845314294,50.006928606448014,21618.040770891686,1913.4693603514997
2025-02-12,2025,2,ZIMA,22.417457915202657,50.006928606448014,17123.886130947034,1910.278583234235
2025-02-12,2025,2,ZIMA,22.480339985091025,50.006928606448014,12638.950019411841,1907.9143567864128
2025-02-12,2025,2,ZIMA,22.543222054979392,50.006928606448014,8178.418270760709,1902.9801698913593
2025-02-12,2025,2,ZIMA,22.60610412486776,50.006928606448014,3828.5697965801783,1899.3545813951037
2025-02-12,2025,2,ZIMA,22.668986194756126,50.006928606448014,1748.5319321300367,1885.489256135435
2025-02-12,2025,2,ZIMA,22.73186826464449,50.006928606448014,5664.34100011555,1891.2758929238194
2025-02-12,2025,2,ZIMA,22.794750334532857,50.006928606448014,10086.631749185417,1899.8070336218443
2025-02-12,2025,2,ZIMA,22.857632404421224,50.006928606448014,14561.02499648593,1904.8095513961684
2025-02-12,2025,2,ZIMA,22.92051447430959,50.006928606448014,19050.84269112359,1905.0170746765014
2025-02-12,2025,2,ZIMA,22.98339654419796,50.006928606448014,23547.261160031503,1885.8904695143572
2025-02-12,2025,2,ZIMA,22.354575845314294,50.069810676336374,22254.703554634234,1918.0324413960668
2025-02-12,2025,2,ZIMA,22.417457915202657,50.069810676336374,17927.26609080291,1904.8872474930315
2025-02-12,2025,2,ZIMA,22.480339985091025,50.069810676336374,13714.105266687462,1904.5734416887303
2025-02-12,2025,2,ZIMA,22.543222054979392,50.069810676336374,9764.291031138966,1901.3908432570845
2025-02-12,2025,2,ZIMA,22.60610412486776,50.069810676336374,6571.229399687279,1893.7508422726244
2025-02-12,2025,2,ZIMA,22.668986194756126,50.069810676336374,5621.002175186564,1886.1021728515007
2025-02-12,2025,2,ZIMA,22.73186826464449,50.069810676336374,7783.641630589393,1897.4202702989026
2025-02-12,2025,2,ZIMA,22.794750334532857,50.069810676336374,11408.307713933447,1900.3713153870551
2025-02-12,2025,2,ZIMA,22.857632404421224,50.069810676336374,15501.25262122609,1905.2989774678704
2025-02-12,2025,2,ZIMA,22.92051447430959,50.069810676336374,19773.79626047972,1901.3332869552257
2025-02-12,2025,2,ZIMA,22.98339654419796,50.069810676336374,24130.725788332762,1874.3632886523742
2025-02-12,2025,2,ZIMA,22.417457915202657,50.13269274622476,21151.631610266355,1900.8043811342022
2025-02-12,2025,2,ZIMA,22.480339985091025,50.13269274622476,17727.262098033436,1896.5490157142733
2025-02-12,2025,2,ZIMA,22.543222054979392,50.13269274622476,14887.64579548281,1896.4469338137612
2025-02-12,2025,2,ZIMA,22.60610412486776,50.13269274622476,13021.138631167756,1884.746583846272
2025-02-12,2025,2,ZIMA,22.668986194756126,50.13269274622476,12569.002778005643,1885.1609718838401
2025-02-12,2025,2,ZIMA,22.73186826464449,50.13269274622476,13672.280669832127,1869.2574553168402
2025-02-12,2025,2,ZIMA,22.794750334532857,50.13269274622476,16012.635344732576,1869.1358667592133
2025-02-12,2025,2,ZIMA,22.857632404421224,50.13269274622476,19141.56780290254,1867.0174560546589
2025-02-12,2025,2,ZIMA,22.92051447430959,50.13269274622476,22735.79955325739,1904.4418410999294
2025-02-12,2025,2,ZIMA,22.480339985091025,50.19557481611312,23200.949158687763,1899.7997509432116
2025-02-12,2025,2,ZIMA,22.543222054979392,50.19557481611312,21113.780703731318,1899.260236625608
2025-02-12,2025,2,ZIMA,22.60610412486776,50.19557481611312,19843.59108096418,1884.163506058893
2025-02-12,2025,2,ZIMA,22.668986194756126,50.19557481611312,19550.26980713652,1884.1432559713044
2025-02-12,2025,2,ZIMA,22.73186826464449,50.19557481611312,20276.255232597017,1870.5818587037545
2025-02-12,2025,2,ZIMA,22.794750334532857,50.19557481611312,21920.506821805833,1870.64844444836
2025-02-12,2025,2,ZIMA,22.857632404421224,50.19557481611312,24297.313099085826,1873.4478826059599
2025-02-17,2025,2,ZIMA,22.354575845314294,50.006928606448014,21618.040770891686,1924.5841039321153
2025-02-17,2025,2,ZIMA,22.417457915202657,50.006928606448014,17123.886130947034,1924.5841410742587
2025-02-17,2025,2,ZIMA,22.354575845314294,50.069810676336374,22254.703554634234,1924.5841158387439
2025-02-17,2025,2,ZIMA,22.417457915202657,50.069810676336374,17927.26609080291,1924.584109081488
2025-02-21,2025,2,ZIMA,22.546723830478843,49.818282396782934,23760.71866339243,1932.1343404343347
2025-02-21,2025,2,ZIMA,22.60960590036721,49.818282396782934,22680.621762375886,1916.8907638978108
2025-02-21,2025,2,ZIMA,22.672487970255577,49.818282396782934,22473.007283122395,1914.459559251559
2025-02-21,2025,2,ZIMA,22.73537004014394,49.818282396782934,23161.348979825514,1909.2716240174625
2025-02-21,2025,2,ZIMA,22.79825211003231,49.818282396782934,24670.7673792354,1907.6954392658272
2025-02-21,2025,2,ZIMA,22.420959690702112,49.881164466671294,22845.295512865057,1938.6684047611168
2025-02-21,2025,2,ZIMA,22.483841760590476,49.881164466671294,19757.116897323005,1937.0935995625725
2025-02-21,2025,2,ZIMA,22.546723830478843,49.881164466671294,17306.464344907105,1935.1629923467258
2025-02-21,2025,2,ZIMA,22.60960590036721,49.881164466671294,15792.960683486355,1933.9408819432444
2025-02-21,2025,2,ZIMA,22.672487970255577,49.881164466671294,15493.715584696558,1932.892788504625
2025-02-21,2025,2,ZIMA,22.73537004014394,49.881164466671294,16475.026778043044,1936.389218404789
2025-02-21,2025,2,ZIMA,22.79825211003231,49.881164466671294,18534.605198808167,1948.3523146409368
2025-02-21,2025,2,ZIMA,22.358077620813745,49.944046536559654,22944.954401796753,1919.4014548590328
2025-02-21,2025,2,ZIMA,22.420959690702112,49.944046536559654,18825.43720626432,1938.2389584445143
2025-02-21,2025,2,ZIMA,22.483841760590476,49.944046536559654,14933.32041841664,1939.6799488420493
2025-02-21,2025,2,ZIMA,22.546723830478843,49.944046536559654,11501.82462655834,1939.3563675811668
2025-02-21,2025,2,ZIMA,22.60960590036721,49.944046536559654,9069.778777173635,1935.2591513628556
2025-02-21,2025,2,ZIMA,22.672487970255577,49.944046536559654,8538.774355497326,1934.8851643285202
2025-02-21,2025,2,ZIMA,22.73537004014394,49.944046536559654,10209.858694846482,1949.040330945334
2025-02-21,2025,2,ZIMA,22.79825211003231,49.944046536559654,13276.02108707893,1948.35229249381
2025-02-21,2025,2,ZIMA,22.861134179920676,49.944046536559654,16998.389334768824,1948.3522860821788
2025-02-21,2025,2,ZIMA,22.358077620813745,50.006928606448014,21367.627100873604,1937.796049416328
2025-02-21,2025,2,ZIMA,22.420959690702112,50.006928606448014,16873.818598596845,1937.467895507745
2025-02-21,2025,2,ZIMA,22.483841760590476,50.006928606448014,12389.665782570555,1937.7988461032944
2025-02-21,2025,2,ZIMA,22.546723830478843,50.006928606448014,7931.56814195941,1937.9655600828557
2025-02-21,2025,2,ZIMA,22.60960590036721,50.006928606448014,3597.7332730216117,1939.5220923641318
2025-02-21,2025,2,ZIMA,22.672487970255577,50.006928606448014,1898.8394008200069,1947.6412692660213
2025-02-21,2025,2,ZIMA,22.73537004014394,50.006928606448014,5907.239501693501,1950.623041340125
2025-02-21,2025,2,ZIMA,22.79825211003231,50.006928606448014,10335.054352685309,1952.5899452412332
2025-02-21,2025,2,ZIMA,22.861134179920676,50.006928606448014,14810.777919962358,1951.7563815907345
2025-02-21,2025,2,ZIMA,22.924016249809043,50.006928606448014,19301.108281911223,1948.2402283555923
2025-02-21,2025,2,ZIMA,22.98689831969741,50.006928606448014,23797.776262499006,1942.892452580527
2025-02-21,2025,2,ZIMA,22.358077620813745,50.069810676336374,22011.85318490824,1932.9092868386444
2025-02-21,2025,2,ZIMA,22.420959690702112,50.069810676336374,17688.873450724,1937.8151127632668
2025-02-21,2025,2,ZIMA,22.483841760590476,50.069810676336374,13485.01347036652,1937.4681930220493
2025-02-21,2025,2,ZIMA,22.546723830478843,50.069810676336374,9558.756227271515,1937.5423847020406
2025-02-21,2025,2,ZIMA,22.60960590036721,50.069810676336374,6439.645778568795,1941.4588111695884
2025-02-21,2025,2,ZIMA,22.672487970255577,50.069810676336374,5669.495122518467,1943.2250225373048
2025-02-21,2025,2,ZIMA,22.73537004014394,50.069810676336374,7961.917044729208,1948.36827637175
2025-02-21,2025,2,ZIMA,22.79825211003231,50.069810676336374,11628.244493090015,1948.9085216600652
2025-02-21,2025,2,ZIMA,22.861134179920676,50.069810676336374,15735.78569512172,1952.4122947083185
2025-02-21,2025,2,ZIMA,22.924016249809043,50.069810676336374,20014.71120852032,1947.8084693030964
2025-02-21,2025,2,ZIMA,22.98689831969741,50.069810676336374,24374.927565800474,1942.3104229338305
2025-02-21,2025,2,ZIMA,22.358077620813745,50.13269274622476,24704.511728110985,1906.0545579287698
2025-02-21,2025,2,ZIMA,22.420959690702112,50.13269274622476,20950.226841079973,1906.1323948175948
2025-02-21,2025,2,ZIMA,22.483841760590476,50.13269274622476,17550.86566277787,1930.57814087551
2025-02-21,2025,2,ZIMA,22.546723830478843,50.13269274622476,14753.834899567526,1942.4891460233555
2025-02-21,2025,2,ZIMA,22.60960590036721,50.13269274622476,12955.318457582,1935.5340383136627
2025-02-21,2025,2,ZIMA,22.672487970255577,50.13269274622476,12590.735646935804,1928.7283048766478
2025-02-21,2025,2,ZIMA,22.73537004014394,50.13269274622476,13774.41920551163,1935.8424381237376
2025-02-21,2025,2,ZIMA,22.79825211003231,50.13269274622476,16169.862035570073,1941.8818181134254
2025-02-21,2025,2,ZIMA,22.861134179920676,50.13269274622476,19331.73937493966,1946.556535330173
2025-02-21,2025,2,ZIMA,22.924016249809043,50.13269274622476,22945.363071811837,1949.0410028279953
2025-02-21,2025,2,ZIMA,22.483841760590476,50.19557481611312,23066.62678049629,1914.5689862047795
2025-02-21,2025,2,ZIMA,22.546723830478843,50.19557481611312,21019.76655361801,1940.29055161895
2025-02-21,2025,2,ZIMA,22.60960590036721,50.19557481611312,19800.519517119632,1948.3588541908312
2025-02-21,2025,2,ZIMA,22.672487970255577,50.19557481611312,19564.23078983216,1945.7293133807375
2025-02-21,2025,2,ZIMA,22.73537004014394,50.19557481611312,20345.176718745814,1929.0448808338301
2025-02-21,2025,2,ZIMA,22.79825211003231,50.19557481611312,22035.46976225124,1929.2083360426109
2025-02-21,2025,2,ZIMA,22.861134179920676,50.19557481611312,24447.2156741058,1951.7470418057208
2025-02-21,2025,2,ZIMA,22.417457915202657,49.881164466671294,23031.096518731556,1912.7260677147342
2025-02-21,2025,2,ZIMA,22.480339985091025,49.881164466671294,19914.797531770357,1910.5339021414713
2025-02-21,2025,2,ZIMA,22.354575845314294,49.944046536559654,23178.636067204665,1917.137321339549
2025-02-21,2025,2,ZIMA,22.417457915202657,49.944046536559654,19050.194082674974,1917.0885214228522
2025-02-21,2025,2,ZIMA,22.354575845314294,50.006928606448014,21618.040770891686,1931.6772460936866
2025-02-21,2025,2,ZIMA,22.417457915202657,50.006928606448014,17123.886130947034,1931.677246093683
2025-02-21,2025,2,ZIMA,22.354575845314294,50.069810676336374,22254.703554634234,1931.0308422975174
2025-02-21,2025,2,ZIMA,22.417457915202657,50.069810676336374,17927.26609080291,1931.0361472736295
2025-02-21,2025,2,ZIMA,22.417457915202657,50.13269274622476,21151.631610266355,1922.010729818835
2025-02-21,2025,2,ZIMA,22.480339985091025,50.13269274622476,17727.262098033436,1926.3456539942345
2025-02-21,2025,2,ZIMA,22.543222054979392,50.13269274622476,14887.64579548281,1926.3413588204369
2025-02-21,2025,2,ZIMA,22.60610412486776,50.13269274622476,13021.138631167756,1926.2186525634233
2025-02-21,2025,2,ZIMA,22.480339985091025,50.19557481611312,23200.949158687763,1933.9432664009385
2025-02-21,2025,2,ZIMA,22.543222054979392,50.19557481611312,21113.780703731318,1933.9427513443454
2025-02-21,2025,2,ZIMA,22.60610412486776,50.19557481611312,19843.59108096418,1933.895655461914
2025-02-23,2025,2,ZIMA,22.73186826464449,49.818282396782934,23100.35486137293,1930.655574958101
2025-02-23,2025,2,ZIMA,22.794750334532857,49.818282396782934,24567.33080198617,1930.6555774500343
2025-02-23,2025,2,ZIMA,22.73186826464449,49.881164466671294,16389.27926047518,1930.65550292771
2025-02-23,2025,2,ZIMA,22.794750334532857,49.881164466671294,18396.87936768486,1930.655528898365
2025-02-23,2025,2,ZIMA,22.857632404421224,49.881164466671294,21189.99202699651,1930.65541726123
2025-02-23,2025,2,ZIMA,22.794750334532857,50.006928606448014,10086.631749185417,1903.1933688821819
2025-02-23,2025,2,ZIMA,22.857632404421224,50.006928606448014,14561.02499648593,1903.1933579834044
2025-02-23,2025,2,ZIMA,22.92051447430959,50.006928606448014,19050.84269112359,1935.4996182281714
2025-02-23,2025,2,ZIMA,22.98339654419796,50.006928606448014,23547.261160031503,1927.989914498586
2025-02-23,2025,2,ZIMA,22.794750334532857,50.069810676336374,11408.307713933447,1903.1933867260782
2025-02-23,2025,2,ZIMA,22.857632404421224,50.069810676336374,15501.25262122609,1908.53970457277
2025-02-23,2025,2,ZIMA,22.92051447430959,50.069810676336374,19773.79626047972,1941.8002936646892
2025-02-23,2025,2,ZIMA,22.98339654419796,50.069810676336374,24130.725788332762,1910.9783092644323
2025-02-23,2025,2,ZIMA,22.92051447430959,50.13269274622476,22735.79955325739,1926.2925833139336
2025-02-25,2025,2,ZIMA,22.543222054979392,49.818282396782934,23844.580738967565,1897.5076793103394
2025-02-25,2025,2,ZIMA,22.60610412486776,49.818282396782934,22718.528932761306,1897.5076890028777
2025-02-25,2025,2,ZIMA,22.668986194756126,49.818282396782934,22460.758843357904,1897.5076976951545
2025-02-25,2025,2,ZIMA,22.417457915202657,49.881164466671294,23031.096518731556,1891.9582489213592
2025-02-25,2025,2,ZIMA,22.417457915202657,49.944046536559654,19050.194082674974,1891.9582641332443
2025-02-25,2025,2,ZIMA,22.354575845314294,50.069810676336374,22254.703554634234,1895.6318000783715
2025-02-26,2025,2,ZIMA,22.41395613970321,49.881164466671294,23218.13102685405,1883.0838623047118
2025-02-26,2025,2,ZIMA,22.476838209591577,49.881164466671294,20074.386052200312,1883.0838642557837
2025-02-26,2025,2,ZIMA,22.351074069814842,49.944046536559654,23412.679562616457,1886.9413784226306
2025-02-26,2025,2,ZIMA,22.41395613970321,49.944046536559654,19275.602727838694,1887.0834549052804
2025-02-26,2025,2,ZIMA,22.476838209591577,49.944046536559654,15350.080184784147,1887.1514360827882
2025-02-26,2025,2,ZIMA,22.351074069814842,50.006928606448014,21868.46766861241,1896.4837750737493
2025-02-26,2025,2,ZIMA,22.41395613970321,50.006928606448014,17373.980294857156,1896.4837664032798
2025-02-26,2025,2,ZIMA,22.476838209591577,50.006928606448014,12888.300516702679,1896.4837602204796
2025-03-06,2025,3,ZIMA,22.543222054979392,49.818282396782934,23844.580738967565,1898.3851845019349
2025-03-06,2025,3,ZIMA,22.60610412486776,49.818282396782934,22718.528932761306,1894.8796003136272
2025-03-06,2025,3,ZIMA,22.668986194756126,49.818282396782934,22460.758843357904,1899.6259490936259
2025-03-06,2025,3,ZIMA,22.73186826464449,49.818282396782934,23100.35486137293,1903.8502912446863
2025-03-06,2025,3,ZIMA,22.794750334532857,49.818282396782934,24567.33080198617,1895.7294928020037
2025-03-06,2025,3,ZIMA,22.417457915202657,49.881164466671294,23031.096518731556,1895.3190857356674
2025-03-06,2025,3,ZIMA,22.480339985091025,49.881164466671294,19914.797531770357,1901.2444957581413
2025-03-06,2025,3,ZIMA,22.543222054979392,49.881164466671294,17421.274692648036,1904.3185869292436
2025-03-06,2025,3,ZIMA,22.60610412486776,49.881164466671294,15847.281406598506,1906.1189887744165
2025-03-06,2025,3,ZIMA,22.668986194756126,49.881164466671294,15475.967440865885,1912.051572324497
2025-03-06,2025,3,ZIMA,22.73186826464449,49.881164466671294,16389.27926047518,1910.543840739498
2025-03-06,2025,3,ZIMA,22.354575845314294,49.944046536559654,23178.636067204665,1892.7740926506008
2025-03-06,2025,3,ZIMA,22.417457915202657,49.944046536559654,19050.194082674974,1902.8120102220835
2025-03-06,2025,3,ZIMA,22.480339985091025,49.944046536559654,15141.051196505394,1907.2525442176275
2025-03-06,2025,3,ZIMA,22.543222054979392,49.944046536559654,11673.64126210208,1911.4830322266323
2025-03-06,2025,3,ZIMA,22.60610412486776,49.944046536559654,9163.917044842108,1910.8817876152837
2025-03-06,2025,3,ZIMA,22.668986194756126,49.944046536559654,8506.56967393002,1912.0662936182014
2025-03-06,2025,3,ZIMA,22.73186826464449,49.944046536559654,10071.089278044556,1912.7171932369024
2025-03-06,2025,3,ZIMA,22.92051447430959,49.944046536559654,20801.632851319795,1900.9196784885426
2025-03-06,2025,3,ZIMA,22.354575845314294,50.006928606448014,21618.040770891686,1898.0702914667654
2025-03-06,2025,3,ZIMA,22.417457915202657,50.006928606448014,17123.886130947034,1914.4818832245262
2025-03-06,2025,3,ZIMA,22.480339985091025,50.006928606448014,12638.950019411841,1905.043113297801
2025-03-06,2025,3,ZIMA,22.543222054979392,50.006928606448014,8178.418270760709,1904.7448565360085
2025-03-06,2025,3,ZIMA,22.60610412486776,50.006928606448014,3828.5697965801783,1906.8141053847792
2025-03-06,2025,3,ZIMA,22.668986194756126,50.006928606448014,1748.5319321300367,1905.5580252814204
2025-03-06,2025,3,ZIMA,22.73186826464449,50.006928606448014,5664.34100011555,1893.038208847321
2025-03-06,2025,3,ZIMA,22.794750334532857,50.006928606448014,10086.631749185417,1893.5571358922516
2025-03-06,2025,3,ZIMA,22.857632404421224,50.006928606448014,14561.02499648593,1894.1738639607772
2025-03-06,2025,3,ZIMA,22.92051447430959,50.006928606448014,19050.84269112359,1915.1420898437868
2025-03-06,2025,3,ZIMA,22.98339654419796,50.006928606448014,23547.261160031503,1910.4995552823325
2025-03-06,2025,3,ZIMA,22.354575845314294,50.069810676336374,22254.703554634234,1907.7348790070796
2025-03-06,2025,3,ZIMA,22.417457915202657,50.069810676336374,17927.26609080291,1913.0029047189212
2025-03-06,2025,3,ZIMA,22.480339985091025,50.069810676336374,13714.105266687462,1905.556399515469
2025-03-06,2025,3,ZIMA,22.543222054979392,50.069810676336374,9764.291031138966,1906.234713817584
2025-03-06,2025,3,ZIMA,22.60610412486776,50.069810676336374,6571.229399687279,1911.8049600307204
2025-03-06,2025,3,ZIMA,22.668986194756126,50.069810676336374,5621.002175186564,1903.3387828891011
2025-03-06,2025,3,ZIMA,22.73186826464449,50.069810676336374,7783.641630589393,1893.9508323039975
2025-03-06,2025,3,ZIMA,22.794750334532857,50.069810676336374,11408.307713933447,1894.0141901316933
2025-03-06,2025,3,ZIMA,22.857632404421224,50.069810676336374,15501.25262122609,1896.6395806927712
2025-03-06,2025,3,ZIMA,22.92051447430959,50.069810676336374,19773.79626047972,1906.2063568506585
2025-03-06,2025,3,ZIMA,22.98339654419796,50.069810676336374,24130.725788332762,1897.1382223724822
2025-03-06,2025,3,ZIMA,22.417457915202657,50.13269274622476,21151.631610266355,1902.0300309220522
2025-03-06,2025,3,ZIMA,22.480339985091025,50.13269274622476,17727.262098033436,1903.0015855978784
2025-03-06,2025,3,ZIMA,22.543222054979392,50.13269274622476,14887.64579548281,1906.0277139729294
2025-03-06,2025,3,ZIMA,22.60610412486776,50.13269274622476,13021.138631167756,1902.0842851118903
2025-03-06,2025,3,ZIMA,22.668986194756126,50.13269274622476,12569.002778005643,1890.3630745283679
2025-03-06,2025,3,ZIMA,22.73186826464449,50.13269274622476,13672.280669832127,1882.89650026524
2025-03-06,2025,3,ZIMA,22.794750334532857,50.13269274622476,16012.635344732576,1881.704576848988
2025-03-06,2025,3,ZIMA,22.857632404421224,50.13269274622476,19141.56780290254,1888.3884562432438
2025-03-06,2025,3,ZIMA,22.92051447430959,50.13269274622476,22735.79955325739,1897.6006991214908
2025-03-06,2025,3,ZIMA,22.480339985091025,50.19557481611312,23200.949158687763,1910.015734577315
2025-03-06,2025,3,ZIMA,22.543222054979392,50.19557481611312,21113.780703731318,1910.0734543839967
2025-03-06,2025,3,ZIMA,22.60610412486776,50.19557481611312,19843.59108096418,1895.8054319136652
2025-03-06,2025,3,ZIMA,22.668986194756126,50.19557481611312,19550.26980713652,1895.1623432496765
2025-03-06,2025,3,ZIMA,22.73186826464449,50.19557481611312,20276.255232597017,1878.0831489557588
2025-03-06,2025,3,ZIMA,22.794750334532857,50.19557481611312,21920.506821805833,1878.7887313691763
2025-03-06,2025,3,ZIMA,22.857632404421224,50.19557481611312,24297.313099085826,1886.8774066429448
2025-03-08,2025,3,ZIMA,22.543222054979392,49.818282396782934,23844.580738967565,1896.27638801574
2025-03-08,2025,3,ZIMA,22.60610412486776,49.818282396782934,22718.528932761306,1895.6801204670624
2025-03-08,2025,3,ZIMA,22.668986194756126,49.818282396782934,22460.758843357904,1899.1018052559498
2025-03-08,2025,3,ZIMA,22.73186826464449,49.818282396782934,23100.35486137293,1899.1018036374735
2025-03-08,2025,3,ZIMA,22.794750334532857,49.818282396782934,24567.33080198617,1899.2388484418632
2025-03-08,2025,3,ZIMA,22.417457915202657,49.881164466671294,23031.096518731556,1898.7350611812194
2025-03-08,2025,3,ZIMA,22.480339985091025,49.881164466671294,19914.797531770357,1899.8363218705563
2025-03-08,2025,3,ZIMA,22.543222054979392,49.881164466671294,17421.274692648036,1899.6754712375348
2025-03-08,2025,3,ZIMA,22.354575845314294,49.944046536559654,23178.636067204665,1895.9652747086534
2025-03-08,2025,3,ZIMA,22.417457915202657,49.944046536559654,19050.194082674974,1897.8163720573184
2025-03-08,2025,3,ZIMA,22.480339985091025,49.944046536559654,15141.051196505394,1898.41501493383
2025-03-08,2025,3,ZIMA,22.543222054979392,49.944046536559654,11673.64126210208,1898.9690723529434
2025-03-08,2025,3,ZIMA,22.354575845314294,50.006928606448014,21618.040770891686,1908.0287883427159
2025-03-08,2025,3,ZIMA,22.417457915202657,50.006928606448014,17123.886130947034,1904.8199651143768
2025-03-08,2025,3,ZIMA,22.480339985091025,50.006928606448014,12638.950019411841,1902.5154350800456
2025-03-08,2025,3,ZIMA,22.543222054979392,50.006928606448014,8178.418270760709,1902.5460586498496
2025-03-08,2025,3,ZIMA,22.60610412486776,50.006928606448014,3828.5697965801783,1899.4947560108615
2025-03-08,2025,3,ZIMA,22.668986194756126,50.006928606448014,1748.5319321300367,1899.1476350080711
2025-03-08,2025,3,ZIMA,22.73186826464449,50.006928606448014,5664.34100011555,1910.6697902011183
2025-03-08,2025,3,ZIMA,22.794750334532857,50.006928606448014,10086.631749185417,1910.6698226128424
2025-03-08,2025,3,ZIMA,22.857632404421224,50.006928606448014,14561.02499648593,1906.4217942189287
2025-03-08,2025,3,ZIMA,22.92051447430959,50.006928606448014,19050.84269112359,1908.702458533325
2025-03-08,2025,3,ZIMA,22.98339654419796,50.006928606448014,23547.261160031503,1908.8397212306975
2025-03-08,2025,3,ZIMA,22.354575845314294,50.069810676336374,22254.703554634234,1908.2041241243026
2025-03-08,2025,3,ZIMA,22.417457915202657,50.069810676336374,17927.26609080291,1907.9277901476626
2025-03-08,2025,3,ZIMA,22.480339985091025,50.069810676336374,13714.105266687462,1903.5389965923023
2025-03-08,2025,3,ZIMA,22.543222054979392,50.069810676336374,9764.291031138966,1903.2087880944664
2025-03-08,2025,3,ZIMA,22.60610412486776,50.069810676336374,6571.229399687279,1902.7355957031943
2025-03-08,2025,3,ZIMA,22.668986194756126,50.069810676336374,5621.002175186564,1902.9995677720635
2025-03-08,2025,3,ZIMA,22.73186826464449,50.069810676336374,7783.641630589393,1910.0883295200579
2025-03-08,2025,3,ZIMA,22.794750334532857,50.069810676336374,11408.307713933447,1910.669801495248
2025-03-08,2025,3,ZIMA,22.857632404421224,50.069810676336374,15501.25262122609,1907.91839162883
2025-03-08,2025,3,ZIMA,22.92051447430959,50.069810676336374,19773.79626047972,1906.5196490635988
2025-03-08,2025,3,ZIMA,22.98339654419796,50.069810676336374,24130.725788332762,1907.3200072839286
2025-03-08,2025,3,ZIMA,22.417457915202657,50.13269274622476,21151.631610266355,1902.9962765710488
2025-03-08,2025,3,ZIMA,22.480339985091025,50.13269274622476,17727.262098033436,1897.7920064639068
2025-03-08,2025,3,ZIMA,22.543222054979392,50.13269274622476,14887.64579548281,1897.6122580341596
2025-03-08,2025,3,ZIMA,22.60610412486776,50.13269274622476,13021.138631167756,1904.047686820073
2025-03-08,2025,3,ZIMA,22.668986194756126,50.13269274622476,12569.002778005643,1902.461046483449
2025-03-08,2025,3,ZIMA,22.73186826464449,50.13269274622476,13672.280669832127,1902.3545459075037
2025-03-08,2025,3,ZIMA,22.794750334532857,50.13269274622476,16012.635344732576,1902.191998764228
2025-03-08,2025,3,ZIMA,22.857632404421224,50.13269274622476,19141.56780290254,1899.3388767015413
2025-03-08,2025,3,ZIMA,22.92051447430959,50.13269274622476,22735.79955325739,1906.7270086929686
2025-03-08,2025,3,ZIMA,22.480339985091025,50.19557481611312,23200.949158687763,1904.1966361359148
2025-03-08,2025,3,ZIMA,22.543222054979392,50.19557481611312,21113.780703731318,1901.7030492622691
2025-03-08,2025,3,ZIMA,22.60610412486776,50.19557481611312,19843.59108096418,1907.8725555684664
2025-03-08,2025,3,ZIMA,22.668986194756126,50.19557481611312,19550.26980713652,1907.1984007629392
2025-03-08,2025,3,ZIMA,22.73186826464449,50.19557481611312,20276.255232597017,1903.0321292456865
2025-03-08,2025,3,ZIMA,22.794750334532857,50.19557481611312,21920.506821805833,1900.4168820525335
2025-03-08,2025,3,ZIMA,22.857632404421224,50.19557481611312,24297.313099085826,1898.2450172303925
2025-03-08,2025,3,ZIMA,22.539720279479937,49.818282396782934,23930.791786928894,1900.083894387568
2025-03-08,2025,3,ZIMA,22.602602349368304,49.818282396782934,22759.15190906055,1902.4221215408986
2025-03-08,2025,3,ZIMA,22.66548441925667,49.818282396782934,22451.320776329067,1902.422108910061
2025-03-08,2025,3,ZIMA,22.72836648914504,49.818282396782934,23041.944110980392,1902.422119944087
2025-03-08,2025,3,ZIMA,22.791248559033406,49.818282396782934,24466.041940066232,1902.4221348468197
2025-03-08,2025,3,ZIMA,22.41395613970321,49.881164466671294,23218.13102685405,1908.540405273462
2025-03-08,2025,3,ZIMA,22.476838209591577,49.881164466671294,20074.386052200312,1908.5404052734661
2025-03-08,2025,3,ZIMA,22.539720279479937,49.881164466671294,17538.93490562306,1908.5464326730546
2025-03-08,2025,3,ZIMA,22.351074069814842,49.944046536559654,23412.679562616457,1909.4689093113864
2025-03-08,2025,3,ZIMA,22.41395613970321,49.944046536559654,19275.602727838694,1909.5949818279098
2025-03-08,2025,3,ZIMA,22.476838209591577,49.944046536559654,15350.080184784147,1909.6580929874524
2025-03-08,2025,3,ZIMA,22.539720279479937,49.944046536559654,11848.290547511337,1909.743256264631
2025-03-08,2025,3,ZIMA,22.351074069814842,50.006928606448014,21868.46766861241,1922.364551182089
2025-03-08,2025,3,ZIMA,22.41395613970321,50.006928606448014,17373.980294857156,1923.0439742124356
2025-03-08,2025,3,ZIMA,22.476838209591577,50.006928606448014,12888.300516702679,1923.3705062721947
2025-03-08,2025,3,ZIMA,22.539720279479937,50.006928606448014,8425.513103939857,1908.239862168438
2025-03-08,2025,3,ZIMA,22.602602349368304,50.006928606448014,4061.7979103036923,1908.2398603192087
2025-03-08,2025,3,ZIMA,22.66548441925667,50.006928606448014,1623.3084811300353,1908.2398759446044
2025-03-08,2025,3,ZIMA,22.72836648914504,50.006928606448014,5422.179720201143,1908.2398627138073
2025-03-08,2025,3,ZIMA,22.791248559033406,50.006928606448014,9838.339543263888,1908.2398658852105
2025-03-08,2025,3,ZIMA,22.854130628921773,50.006928606448014,14311.31539773719,1908.239881269683
2025-03-08,2025,3,ZIMA,22.351074069814842,50.069810676336374,22497.72895421683,1924.935674295705
2025-03-08,2025,3,ZIMA,22.41395613970321,50.069810676336374,18165.993601830167,1923.8965366531588
2025-03-08,2025,3,ZIMA,22.476838209591577,50.069810676336374,13943.945176384594,1923.376310630834
2025-03-08,2025,3,ZIMA,22.539720279479937,50.069810676336374,9971.898877821735,1911.3521833532266
2025-03-08,2025,3,ZIMA,22.602602349368304,50.069810676336374,6709.612736345334,1912.16828567592
2025-03-08,2025,3,ZIMA,22.66548441925667,50.069810676336374,5583.366752818271,1912.5852052522782
2025-03-08,2025,3,ZIMA,22.72836648914504,50.069810676336374,7609.458610497544,1913.4190444049375
2025-03-08,2025,3,ZIMA,22.791248559033406,50.069810676336374,11189.67063071935,1913.8261119467834
2025-03-08,2025,3,ZIMA,22.854130628921773,50.069810676336374,15267.237566831249,1914.047767316282
2025-03-08,2025,3,ZIMA,22.41395613970321,50.13269274622476,21354.079212177185,1900.9372558593088
2025-03-08,2025,3,ZIMA,22.476838209591577,50.13269274622476,17905.429957259927,1900.9372558594443
2025-03-08,2025,3,ZIMA,22.539720279479937,50.13269274622476,15024.447242559912,1893.7727685050172
2025-03-08,2025,3,ZIMA,22.602602349368304,50.13269274622476,13091.42811725958,1894.4341213344978
2025-03-08,2025,3,ZIMA,22.66548441925667,50.13269274622476,12552.238892009154,1894.7716879054165
2025-03-08,2025,3,ZIMA,22.72836648914504,50.13269274622476,13574.002993155724,1895.4325175399945
2025-03-08,2025,3,ZIMA,22.791248559033406,50.13269274622476,15857.812197278598,1895.7700841209005
2025-03-08,2025,3,ZIMA,22.854130628921773,50.13269274622476,18952.80330190937,1893.6867463468593
2025-03-08,2025,3,ZIMA,22.476838209591577,50.19557481611312,23337.187327820007,1915.6369339343578
2025-03-08,2025,3,ZIMA,22.539720279479937,50.19557481611312,21210.336742937692,1899.6741829059588
2025-03-08,2025,3,ZIMA,22.602602349368304,50.19557481611312,19889.724481916317,1899.6842041016241
2025-03-08,2025,3,ZIMA,22.66548441925667,50.19557481611312,19539.510527923867,1899.6847043569903
2025-03-08,2025,3,ZIMA,22.72836648914504,50.19557481611312,20210.20376181929,1900.052672358212
2025-03-08,2025,3,ZIMA,22.791248559033406,50.19557481611312,21807.815356561256,1900.2880187489302
2025-03-16,2025,3,ZIMA,22.480339985091025,50.20608014261147,24191.94764707279,1898.8955404846624
2025-03-16,2025,3,ZIMA,22.543222054979392,50.20608014261147,22198.610876776278,1898.8956040495066
2025-03-18,2025,3,ZIMA,22.73186826464449,49.89166979316964,15292.848954922392,1897.6381663090804
2025-03-18,2025,3,ZIMA,22.794750334532857,49.89166979316964,17426.783472716856,1897.6380511733498
2025-03-18,2025,3,ZIMA,22.857632404421224,49.89166979316964,20352.87206844864,1897.638099287842
2025-03-18,2025,3,ZIMA,22.60610412486776,49.954551863058015,8098.712783562352,1882.9234615141042
2025-03-18,2025,3,ZIMA,22.668986194756126,49.954551863058015,7346.83768198069,1882.9234607038989
2025-03-18,2025,3,ZIMA,22.73186826464449,49.954551863058015,9112.34475900155,1904.196936096631
2025-03-18,2025,3,ZIMA,22.794750334532857,49.954551863058015,12359.845021672229,1900.190373273921
2025-03-18,2025,3,ZIMA,22.857632404421224,49.954551863058015,16222.479436709024,1897.6380623319917
2025-03-18,2025,3,ZIMA,22.92051447430959,49.954551863058015,20352.983304829497,1885.6855542700532
2025-03-18,2025,3,ZIMA,22.98339654419796,49.954551863058015,24616.882768247455,1885.6856086061719
2025-03-18,2025,3,ZIMA,22.543222054979392,50.017433932946375,8051.874491102406,1881.9782848941147
2025-03-18,2025,3,ZIMA,22.60610412486776,50.017433932946375,3551.828731714459,1882.2544625293078
2025-03-18,2025,3,ZIMA,22.668986194756126,50.017433932946375,1008.6745831835706,1882.5456422449508
2025-03-18,2025,3,ZIMA,22.73186826464449,50.017433932946375,5480.739193284635,1897.2907714843088
2025-03-18,2025,3,ZIMA,22.794750334532857,50.017433932946375,9983.922076715906,1898.7546006556242
2025-03-18,2025,3,ZIMA,22.857632404421224,50.017433932946375,14489.236311917515,1891.3458668250582
2025-03-18,2025,3,ZIMA,22.92051447430959,50.017433932946375,18995.163351028874,1887.6558599986572
2025-03-18,2025,3,ZIMA,22.98339654419796,50.017433932946375,23501.34844680935,1886.430947391421
2025-03-18,2025,3,ZIMA,22.480339985091025,50.08031600283475,14224.935327969335,1879.0510588084173
2025-03-18,2025,3,ZIMA,22.543222054979392,50.08031600283475,10470.614246793919,1879.1862324281885
2025-03-18,2025,3,ZIMA,22.60610412486776,50.08031600283475,7581.877613171757,1879.676203351987
2025-03-18,2025,3,ZIMA,22.668986194756126,50.08031600283475,6775.102572670169,1892.1423465760515
2025-03-18,2025,3,ZIMA,22.73186826464449,50.08031600283475,8653.61621414954,1897.555536858508
2025-03-18,2025,3,ZIMA,22.794750334532857,50.08031600283475,12018.080216548418,1897.2781590702077
2025-03-18,2025,3,ZIMA,22.857632404421224,50.08031600283475,15954.608229179084,1885.5738333792926
2025-03-18,2025,3,ZIMA,22.92051447430959,50.08031600283475,20130.3447882497,1884.8205489922307
2025-03-18,2025,3,ZIMA,22.98339654419796,50.08031600283475,24422.89713923003,1877.0684814452836
2025-03-18,2025,3,ZIMA,22.480339985091025,50.14319807272311,18570.803615072375,1879.01612248192
2025-03-18,2025,3,ZIMA,22.543222054979392,50.14319807272311,15883.363153205039,1879.0161109715123
2025-03-18,2025,3,ZIMA,22.60610412486776,50.14319807272311,14149.22946280949,1888.0132705456047
2025-03-18,2025,3,ZIMA,22.668986194756126,50.14319807272311,13734.373189309134,1897.7391345465087
2025-03-18,2025,3,ZIMA,22.73186826464449,50.14319807272311,14750.52861257386,1894.913400615812
2025-03-18,2025,3,ZIMA,22.794750334532857,50.14319807272311,16942.139697664446,1885.8045680352006
2025-03-18,2025,3,ZIMA,22.857632404421224,50.14319807272311,19925.037407232725,1883.3074819105677
2025-03-18,2025,3,ZIMA,22.92051447430959,50.14319807272311,23398.52783718368,1881.990745447425
2025-03-18,2025,3,ZIMA,22.60610412486776,50.20608014261147,20994.430424650796,1899.3268271553823
2025-03-18,2025,3,ZIMA,22.668986194756126,50.20608014261147,20717.470530006434,1900.2375488280627
2025-03-18,2025,3,ZIMA,22.73186826464449,50.20608014261147,21403.75483245062,1882.704337914708
2025-03-18,2025,3,ZIMA,22.794750334532857,50.20608014261147,22967.097983633736,1875.2447408161645
2025-03-19,2025,3,ZIMA,22.480339985091025,49.82878772328128,24711.809120294347,1905.0335725760467
2025-03-19,2025,3,ZIMA,22.543222054979392,49.82878772328128,22748.066442999923,1903.859498627487
2025-03-19,2025,3,ZIMA,22.60610412486776,49.82878772328128,21565.09706289241,1911.3527887207806
2025-03-19,2025,3,ZIMA,22.668986194756126,49.82878772328128,21293.427765337514,1914.3606545141656
2025-03-19,2025,3,ZIMA,22.73186826464449,49.82878772328128,21966.894607487786,1914.3160357757238
2025-03-19,2025,3,ZIMA,22.794750334532857,49.82878772328128,23504.396650112318,1914.3160712717493
2025-03-19,2025,3,ZIMA,22.417457915202657,49.89166979316964,22262.91512756393,1913.2013587992535
2025-03-19,2025,3,ZIMA,22.480339985091025,49.89166979316964,19021.939045588762,1913.8784414943545
2025-03-19,2025,3,ZIMA,22.543222054979392,49.89166979316964,16393.77929599842,1914.7388885981804
2025-03-19,2025,3,ZIMA,22.60610412486776,49.89166979316964,14710.638103227138,1926.0038456006323
2025-03-19,2025,3,ZIMA,22.668986194756126,49.89166979316964,14309.94893217961,1922.3000127532466
2025-03-19,2025,3,ZIMA,22.73186826464449,49.89166979316964,15292.848954922392,1918.7721152045647
2025-03-19,2025,3,ZIMA,22.794750334532857,49.89166979316964,17426.783472716856,1917.1164128474945
2025-03-19,2025,3,ZIMA,22.354575845314294,49.954551863058015,22776.356876468417,1911.7010276852743
2025-03-19,2025,3,ZIMA,22.417457915202657,49.954551863058015,18559.66253791124,1909.1000502602546
2025-03-19,2025,3,ZIMA,22.480339985091025,49.954551863058015,14520.04361323391,1912.8471865445542
2025-03-19,2025,3,ZIMA,22.543222054979392,49.954551863058015,10856.994445873956,1917.2479047721552
2025-03-19,2025,3,ZIMA,22.60610412486776,49.954551863058015,8098.712783562352,1925.4314134493175
2025-03-19,2025,3,ZIMA,22.668986194756126,49.954551863058015,7346.83768198069,1927.60181419013
2025-03-19,2025,3,ZIMA,22.73186826464449,49.954551863058015,9112.34475900155,1923.6189882573613
2025-03-19,2025,3,ZIMA,22.794750334532857,49.954551863058015,12359.845021672229,1918.5949388741526
2025-03-19,2025,3,ZIMA,22.857632404421224,49.954551863058015,16222.479436709024,1916.0212349551994
2025-03-19,2025,3,ZIMA,22.92051447430959,49.954551863058015,20352.983304829497,1916.021230357841
2025-03-19,2025,3,ZIMA,22.354575845314294,50.017433932946375,21568.461962262016,1919.4254564460778
2025-03-19,2025,3,ZIMA,22.417457915202657,50.017433932946375,17062.364867746277,1918.6458796771303
2025-03-19,2025,3,ZIMA,22.480339985091025,50.017433932946375,12556.630674141996,1919.8841165938732
2025-03-19,2025,3,ZIMA,22.543222054979392,50.017433932946375,8051.874491102406,1921.038693042009
2025-03-19,2025,3,ZIMA,22.60610412486776,50.017433932946375,3551.828731714459,1921.0199568887817
2025-03-19,2025,3,ZIMA,22.668986194756126,50.017433932946375,1008.6745831835706,1920.7086662905347
2025-03-19,2025,3,ZIMA,22.73186826464449,50.017433932946375,5480.739193284635,1918.0518134235308
2025-03-19,2025,3,ZIMA,22.794750334532857,50.017433932946375,9983.922076715906,1918.682103572557
2025-03-19,2025,3,ZIMA,22.857632404421224,50.017433932946375,14489.236311917515,1920.6859130859077
2025-03-19,2025,3,ZIMA,22.92051447430959,50.017433932946375,18995.163351028874,1917.9825089402048
2025-03-19,2025,3,ZIMA,22.98339654419796,50.017433932946375,23501.34844680935,1919.5711120053259
2025-03-19,2025,3,ZIMA,22.354575845314294,50.08031600283475,22571.593120862584,1916.8649904192375
2025-03-19,2025,3,ZIMA,22.417457915202657,50.08031600283475,18320.20307903207,1919.11252922712
2025-03-19,2025,3,ZIMA,22.480339985091025,50.08031600283475,14224.935327969335,1918.9114922399733
2025-03-19,2025,3,ZIMA,22.543222054979392,50.08031600283475,10470.614246793919,1919.404972079616
2025-03-19,2025,3,ZIMA,22.60610412486776,50.08031600283475,7581.877613171757,1920.4320604048007
2025-03-19,2025,3,ZIMA,22.668986194756126,50.08031600283475,6775.102572670169,1916.4806022431073
2025-03-19,2025,3,ZIMA,22.73186826464449,50.08031600283475,8653.61621414954,1912.6723191603865
2025-03-19,2025,3,ZIMA,22.794750334532857,50.08031600283475,12018.080216548418,1913.148147472466
2025-03-19,2025,3,ZIMA,22.857632404421224,50.08031600283475,15954.608229179084,1916.2182925396082
2025-03-19,2025,3,ZIMA,22.92051447430959,50.08031600283475,20130.3447882497,1923.8779258053041
2025-03-19,2025,3,ZIMA,22.98339654419796,50.08031600283475,24422.89713923003,1921.8360561436864
2025-03-19,2025,3,ZIMA,22.417457915202657,50.14319807272311,21862.782814030616,1920.5473287446373
2025-03-19,2025,3,ZIMA,22.480339985091025,50.14319807272311,18570.803615072375,1919.7809355149375
2025-03-19,2025,3,ZIMA,22.543222054979392,50.14319807272311,15883.363153205039,1919.1381521769533
2025-03-19,2025,3,ZIMA,22.60610412486776,50.14319807272311,14149.22946280949,1918.6759370862524
2025-03-19,2025,3,ZIMA,22.668986194756126,50.14319807272311,13734.373189309134,1911.215378320986
2025-03-19,2025,3,ZIMA,22.73186826464449,50.14319807272311,14750.52861257386,1907.730019270302
2025-03-19,2025,3,ZIMA,22.794750334532857,50.14319807272311,16942.139697664446,1909.6287382652893
2025-03-19,2025,3,ZIMA,22.857632404421224,50.14319807272311,19925.037407232725,1913.5325080567231
2025-03-19,2025,3,ZIMA,22.92051447430959,50.14319807272311,23398.52783718368,1921.0068501643013
2025-03-19,2025,3,ZIMA,22.480339985091025,50.20608014261147,24191.94764707279,1927.7891293652988
2025-03-19,2025,3,ZIMA,22.543222054979392,50.20608014261147,22198.610876776278,1925.4065992651756
2025-03-19,2025,3,ZIMA,22.60610412486776,50.20608014261147,20994.430424650796,1923.019293641754
2025-03-19,2025,3,ZIMA,22.668986194756126,50.20608014261147,20717.470530006434,1922.0472661184833
2025-03-19,2025,3,ZIMA,22.73186826464449,50.20608014261147,21403.75483245062,1915.3473274452128
2025-03-19,2025,3,ZIMA,22.794750334532857,50.20608014261147,22967.097983633736,1914.5903654909687
2025-03-19,2025,3,ZIMA,22.539720279479937,49.82528594778182,23201.70544825267,1895.673836993044
2025-03-19,2025,3,ZIMA,22.41395613970321,49.888168017670196,22706.40747798358,1910.7060546875246
2025-03-19,2025,3,ZIMA,22.476838209591577,49.888168017670196,19480.75930320578,1910.7060367489269
2025-03-19,2025,3,ZIMA,22.539720279479937,49.888168017670196,16856.661256994343,1910.6987106159454
2025-03-19,2025,3,ZIMA,22.351074069814842,49.951050087558556,23141.39316864803,1910.5907065043596
2025-03-19,2025,3,ZIMA,22.41395613970321,49.951050087558556,18945.843329364903,1910.5814361133537
2025-03-19,2025,3,ZIMA,22.476838209591577,49.951050087558556,14934.549859498518,1910.5768567612374
2025-03-19,2025,3,ZIMA,22.539720279479937,49.951050087558556,11305.379115158328,1910.5751953125698
2025-03-19,2025,3,ZIMA,22.351074069814842,50.01393215744693,21828.821536591644,1917.162528013884
2025-03-19,2025,3,ZIMA,22.41395613970321,50.01393215744693,17324.79130605964,1917.5190714809626
2025-03-19,2025,3,ZIMA,22.476838209591577,50.01393215744693,12822.683789843306,1917.7037466129073
2025-03-19,2025,3,ZIMA,22.539720279479937,50.01393215744693,8325.624480766308,1919.0512582590575
2025-03-19,2025,3,ZIMA,22.602602349368304,50.01393215744693,3851.346696989202,1930.6390458703568
2025-03-19,2025,3,ZIMA,22.66548441925667,50.01393215744693,985.8015350103478,1930.639035316754
2025-03-19,2025,3,ZIMA,22.72836648914504,50.01393215744693,5266.196729728419,1930.6390412800265
2025-03-19,2025,3,ZIMA,22.791248559033406,50.01393215744693,9752.73947153321,1930.6390311322775
2025-03-19,2025,3,ZIMA,22.854130628921773,50.01393215744693,14252.054346047837,1930.6390362727316
2025-03-19,2025,3,ZIMA,22.351074069814842,50.07681422733529,22700.501792017214,1919.7499931395278
2025-03-19,2025,3,ZIMA,22.41395613970321,50.07681422733529,18417.218813231048,1919.693318446665
2025-03-19,2025,3,ZIMA,22.476838209591577,50.07681422733529,14270.388233904712,1919.6645740432484
2025-03-19,2025,3,ZIMA,22.539720279479937,50.07681422733529,10424.154110168673,1922.9612289907018
2025-03-19,2025,3,ZIMA,22.602602349368304,50.07681422733529,7365.532791719154,1932.1425422825682
2025-03-19,2025,3,ZIMA,22.66548441925667,50.07681422733529,6356.742583112903,1932.2555727863064
2025-03-19,2025,3,ZIMA,22.72836648914504,50.07681422733529,8193.543007456652,1932.4868960223225
2025-03-19,2025,3,ZIMA,22.791248559033406,50.07681422733529,11594.360342204443,1932.602568889022
2025-03-19,2025,3,ZIMA,22.854130628921773,50.07681422733529,15565.77285345747,1922.2854156339806
2025-03-19,2025,3,ZIMA,22.91701269881014,50.07681422733529,19766.798421742573,1921.4018673874532
2025-03-19,2025,3,ZIMA,22.979894768698507,50.07681422733529,24077.545147176344,1921.4018499721622
2025-03-19,2025,3,ZIMA,22.41395613970321,50.13969629722365,21819.375915890814,1902.2366943358709
2025-03-19,2025,3,ZIMA,22.476838209591577,50.13969629722365,18458.403653713616,1902.2366943360068
2025-03-19,2025,3,ZIMA,22.539720279479937,50.13969629722365,15679.799836738823,1909.8677290015987
2025-03-19,2025,3,ZIMA,22.602602349368304,50.13969629722365,13838.91392574409,1915.5459204762512
2025-03-19,2025,3,ZIMA,22.66548441925667,50.13969629722365,13330.070057041166,1915.7201561354632
2025-03-19,2025,3,ZIMA,22.72836648914504,50.13969629722365,14296.213711708167,1916.068614085137
2025-03-19,2025,3,ZIMA,22.791248559033406,50.13969629722365,16479.94399935908,1916.2395505182255
2025-03-19,2025,3,ZIMA,22.854130628921773,50.13969629722365,19475.91734182427,1924.6590472456094
2025-03-19,2025,3,ZIMA,22.91701269881014,50.13969629722365,22968.458595316493,1925.421510900822
2025-03-19,2025,3,ZIMA,22.476838209591577,50.202578367112025,23992.306860370863,1913.1594822169056
2025-03-19,2025,3,ZIMA,22.539720279479937,50.202578367112025,21929.40319040806,1924.7557751762406
2025-03-19,2025,3,ZIMA,22.602602349368304,50.202578367112025,20655.00950680924,1926.3308721749825
2025-03-19,2025,3,ZIMA,22.66548441925667,50.202578367112025,20318.040457849766,1926.6274922646307
2025-03-19,2025,3,ZIMA,22.72836648914504,50.202578367112025,20963.748109279233,1927.1953798495074
2025-03-19,2025,3,ZIMA,22.791248559033406,50.202578367112025,22507.718449793792,1927.2464599609746
2025-03-19,2025,3,ZIMA,22.854130628921773,50.202578367112025,24782.63156412316,1927.1457519530952
2025-03-20,2025,3,ZIMA,22.480339985091025,49.82878772328128,24711.809120294347,1916.559135456763
2025-03-20,2025,3,ZIMA,22.543222054979392,49.82878772328128,22748.066442999923,1914.8273365722737
2025-03-20,2025,3,ZIMA,22.60610412486776,49.82878772328128,21565.09706289241,1916.7649221496088
2025-03-20,2025,3,ZIMA,22.668986194756126,49.82878772328128,21293.427765337514,1917.3384954164974
2025-03-20,2025,3,ZIMA,22.417457915202657,49.89166979316964,22262.91512756393,1923.1341389385125
2025-03-20,2025,3,ZIMA,22.480339985091025,49.89166979316964,19021.939045588762,1923.8047205702442
2025-03-20,2025,3,ZIMA,22.543222054979392,49.89166979316964,16393.77929599842,1924.3480963941017
2025-03-20,2025,3,ZIMA,22.60610412486776,49.89166979316964,14710.638103227138,1919.72173115246
2025-03-20,2025,3,ZIMA,22.668986194756126,49.89166979316964,14309.94893217961,1919.8485123762975
2025-03-20,2025,3,ZIMA,22.73186826464449,49.89166979316964,15292.848954922392,1919.9698588128217
2025-03-20,2025,3,ZIMA,22.794750334532857,49.89166979316964,17426.783472716856,1919.969817928078
2025-03-20,2025,3,ZIMA,22.354575845314294,49.954551863058015,22776.356876468417,1923.091168363805
2025-03-20,2025,3,ZIMA,22.417457915202657,49.954551863058015,18559.66253791124,1920.7883112063919
2025-03-20,2025,3,ZIMA,22.480339985091025,49.954551863058015,14520.04361323391,1923.163686708789
2025-03-20,2025,3,ZIMA,22.543222054979392,49.954551863058015,10856.994445873956,1923.36975159773
2025-03-20,2025,3,ZIMA,22.60610412486776,49.954551863058015,8098.712783562352,1919.2761238041312
2025-03-20,2025,3,ZIMA,22.668986194756126,49.954551863058015,7346.83768198069,1919.1742046233137
2025-03-20,2025,3,ZIMA,22.73186826464449,49.954551863058015,9112.34475900155,1919.8535346587498
2025-03-20,2025,3,ZIMA,22.794750334532857,49.954551863058015,12359.845021672229,1919.9698462159058
2025-03-20,2025,3,ZIMA,22.857632404421224,49.954551863058015,16222.479436709024,1919.9698344121807
2025-03-20,2025,3,ZIMA,22.354575845314294,50.017433932946375,21568.461962262016,1930.6864629095662
2025-03-20,2025,3,ZIMA,22.417457915202657,50.017433932946375,17062.364867746277,1926.0901716366204
2025-03-20,2025,3,ZIMA,22.480339985091025,50.017433932946375,12556.630674141996,1920.4943584747882
2025-03-20,2025,3,ZIMA,22.543222054979392,50.017433932946375,8051.874491102406,1914.2796928003856
2025-03-20,2025,3,ZIMA,22.60610412486776,50.017433932946375,3551.828731714459,1917.3422760645776
2025-03-20,2025,3,ZIMA,22.668986194756126,50.017433932946375,1008.6745831835706,1920.015070628773
2025-03-20,2025,3,ZIMA,22.73186826464449,50.017433932946375,5480.739193284635,1919.8027980614522
2025-03-20,2025,3,ZIMA,22.794750334532857,50.017433932946375,9983.922076715906,1919.2644763936198
2025-03-20,2025,3,ZIMA,22.857632404421224,50.017433932946375,14489.236311917515,1919.472257408062
2025-03-20,2025,3,ZIMA,22.92051447430959,50.017433932946375,18995.163351028874,1914.9959106210463
2025-03-20,2025,3,ZIMA,22.98339654419796,50.017433932946375,23501.34844680935,1914.8763320054327
2025-03-20,2025,3,ZIMA,22.354575845314294,50.08031600283475,22571.593120862584,1915.9882812499372
2025-03-20,2025,3,ZIMA,22.417457915202657,50.08031600283475,18320.20307903207,1926.8632466773402
2025-03-20,2025,3,ZIMA,22.480339985091025,50.08031600283475,14224.935327969335,1913.6553885863614
2025-03-20,2025,3,ZIMA,22.543222054979392,50.08031600283475,10470.614246793919,1911.9615133170018
2025-03-20,2025,3,ZIMA,22.60610412486776,50.08031600283475,7581.877613171757,1911.2705654253293
2025-03-20,2025,3,ZIMA,22.668986194756126,50.08031600283475,6775.102572670169,1912.8234661060726
2025-03-20,2025,3,ZIMA,22.73186826464449,50.08031600283475,8653.61621414954,1914.5921697834092
2025-03-20,2025,3,ZIMA,22.794750334532857,50.08031600283475,12018.080216548418,1917.4494130412793
2025-03-20,2025,3,ZIMA,22.857632404421224,50.08031600283475,15954.608229179084,1916.4332471845232
2025-03-20,2025,3,ZIMA,22.92051447430959,50.08031600283475,20130.3447882497,1918.5344198109951
2025-03-20,2025,3,ZIMA,22.98339654419796,50.08031600283475,24422.89713923003,1918.7340038092636
2025-03-20,2025,3,ZIMA,22.417457915202657,50.14319807272311,21862.782814030616,1916.1193673166738
2025-03-20,2025,3,ZIMA,22.480339985091025,50.14319807272311,18570.803615072375,1914.7259130900904
2025-03-20,2025,3,ZIMA,22.543222054979392,50.14319807272311,15883.363153205039,1914.26513671882
2025-03-20,2025,3,ZIMA,22.60610412486776,50.14319807272311,14149.22946280949,1911.9309357760912
2025-03-20,2025,3,ZIMA,22.668986194756126,50.14319807272311,13734.373189309134,1910.8793890891748
2025-03-20,2025,3,ZIMA,22.73186826464449,50.14319807272311,14750.52861257386,1912.8517793742528
2025-03-20,2025,3,ZIMA,22.794750334532857,50.14319807272311,16942.139697664446,1913.989866397702
2025-03-20,2025,3,ZIMA,22.857632404421224,50.14319807272311,19925.037407232725,1914.0847551436675
2025-03-20,2025,3,ZIMA,22.92051447430959,50.14319807272311,23398.52783718368,1915.7216031225864
2025-03-20,2025,3,ZIMA,22.480339985091025,50.20608014261147,24191.94764707279,1916.2786394735222
2025-03-20,2025,3,ZIMA,22.543222054979392,50.20608014261147,22198.610876776278,1916.1950796948586
2025-03-20,2025,3,ZIMA,22.60610412486776,50.20608014261147,20994.430424650796,1915.6507157824199
2025-03-20,2025,3,ZIMA,22.668986194756126,50.20608014261147,20717.470530006434,1914.6920358915204
2025-03-20,2025,3,ZIMA,22.73186826464449,50.20608014261147,21403.75483245062,1918.1897454712146
2025-03-20,2025,3,ZIMA,22.794750334532857,50.20608014261147,22967.097983633736,1926.7697029431463
2025-03-20,2025,3,ZIMA,22.539720279479937,49.82528594778182,23201.70544825267,1908.6428084730567
2025-03-20,2025,3,ZIMA,22.602602349368304,49.82528594778182,21991.435506816804,1908.9449684208203
2025-03-20,2025,3,ZIMA,22.66548441925667,49.82528594778182,21672.749137972056,1909.0017583529502
2025-03-20,2025,3,ZIMA,22.72836648914504,49.82528594778182,22283.930479452825,1915.0039010526018
2025-03-20,2025,3,ZIMA,22.791248559033406,49.82528594778182,23753.31152896916,1915.1145785063486
2025-03-20,2025,3,ZIMA,22.41395613970321,49.888168017670196,22706.40747798358,1905.459350585962
2025-03-20,2025,3,ZIMA,22.476838209591577,49.888168017670196,19480.75930320578,1905.4593505859661
2025-03-20,2025,3,ZIMA,22.539720279479937,49.888168017670196,16856.661256994343,1914.09411848656
2025-03-20,2025,3,ZIMA,22.602602349368304,49.888168017670196,15149.985508001753,1913.7492098048347
2025-03-20,2025,3,ZIMA,22.66548441925667,49.888168017670196,14684.173014095968,1912.769329849978
2025-03-20,2025,3,ZIMA,22.72836648914504,49.888168017670196,15570.985300933778,1908.8300370537168
2025-03-20,2025,3,ZIMA,22.791248559033406,49.888168017670196,17607.217978501372,1908.875118534344
2025-03-20,2025,3,ZIMA,22.854130628921773,49.888168017670196,20452.400205882488,1909.0185176627974
2025-03-20,2025,3,ZIMA,22.351074069814842,49.951050087558556,23141.39316864803,1907.6516309100823
2025-03-20,2025,3,ZIMA,22.41395613970321,49.951050087558556,18945.843329364903,1907.5294383969763
2025-03-20,2025,3,ZIMA,22.476838209591577,49.951050087558556,14934.549859498518,1907.4614203447481
2025-03-20,2025,3,ZIMA,22.539720279479937,49.951050087558556,11305.379115158328,1912.3527721164537
2025-03-20,2025,3,ZIMA,22.602602349368304,49.951050087558556,8559.060764349695,1912.4639810923354
2025-03-20,2025,3,ZIMA,22.66548441925667,49.951050087558556,7705.741647623598,1911.969558449956
2025-03-20,2025,3,ZIMA,22.72836648914504,49.951050087558556,9283.008823298325,1910.6748227240996
2025-03-20,2025,3,ZIMA,22.791248559033406,49.951050087558556,12395.367071758363,1910.6019698300345
2025-03-20,2025,3,ZIMA,22.854130628921773,49.951050087558556,16179.959316334041,1909.9380371370669
2025-03-20,2025,3,ZIMA,22.351074069814842,50.01393215744693,21828.821536591644,1914.5399177618563
2025-03-20,2025,3,ZIMA,22.41395613970321,50.01393215744693,17324.79130605964,1914.2900833049812
2025-03-20,2025,3,ZIMA,22.476838209591577,50.01393215744693,12822.683789843306,1912.9459133012774
2025-03-20,2025,3,ZIMA,22.539720279479937,50.01393215744693,8325.624480766308,1910.3785141952724
2025-03-20,2025,3,ZIMA,22.602602349368304,50.01393215744693,3851.346696989202,1910.3640245500878
2025-03-20,2025,3,ZIMA,22.66548441925667,50.01393215744693,985.8015350103478,1911.0537822349152
2025-03-20,2025,3,ZIMA,22.72836648914504,50.01393215744693,5266.196729728419,1910.7557551222017
2025-03-20,2025,3,ZIMA,22.791248559033406,50.01393215744693,9752.73947153321,1910.6269406581694
2025-03-20,2025,3,ZIMA,22.854130628921773,50.01393215744693,14252.054346047837,1916.1959809597238
2025-03-20,2025,3,ZIMA,22.91701269881014,50.01393215744693,18754.94945978394,1916.3588517623232
2025-03-20,2025,3,ZIMA,22.979894768698507,50.01393215744693,23259.34329592574,1916.6639138872683
2025-03-20,2025,3,ZIMA,22.351074069814842,50.07681422733529,22700.501792017214,1915.5776352144119
2025-03-20,2025,3,ZIMA,22.41395613970321,50.07681422733529,18417.218813231048,1915.966426906304
2025-03-20,2025,3,ZIMA,22.476838209591577,50.07681422733529,14270.388233904712,1913.2307166780085
2025-03-20,2025,3,ZIMA,22.539720279479937,50.07681422733529,10424.154110168673,1910.8201472868698
2025-03-20,2025,3,ZIMA,22.602602349368304,50.07681422733529,7365.532791719154,1911.6258845489363
2025-03-20,2025,3,ZIMA,22.66548441925667,50.07681422733529,6356.742583112903,1915.3725531301845
2025-03-20,2025,3,ZIMA,22.72836648914504,50.07681422733529,8193.543007456652,1915.4111328124332
2025-03-20,2025,3,ZIMA,22.791248559033406,50.07681422733529,11594.360342204443,1915.4111328125368
2025-03-20,2025,3,ZIMA,22.854130628921773,50.07681422733529,15565.77285345747,1908.9814453124702
2025-03-20,2025,3,ZIMA,22.91701269881014,50.07681422733529,19766.798421742573,1908.9814453125327
2025-03-20,2025,3,ZIMA,22.979894768698507,50.07681422733529,24077.545147176344,1908.107068324668
2025-03-20,2025,3,ZIMA,22.41395613970321,50.13969629722365,21819.375915890814,1900.9287381330519
2025-03-20,2025,3,ZIMA,22.476838209591577,50.13969629722365,18458.403653713616,1912.7666783269412
2025-03-20,2025,3,ZIMA,22.539720279479937,50.13969629722365,15679.799836738823,1912.642497158463
2025-03-20,2025,3,ZIMA,22.602602349368304,50.13969629722365,13838.91392574409,1905.475701339307
2025-03-20,2025,3,ZIMA,22.66548441925667,50.13969629722365,13330.070057041166,1902.8399751457002
2025-03-20,2025,3,ZIMA,22.72836648914504,50.13969629722365,14296.213711708167,1903.2063616746882
2025-03-20,2025,3,ZIMA,22.791248559033406,50.13969629722365,16479.94399935908,1904.8592229205465
2025-03-20,2025,3,ZIMA,22.854130628921773,50.13969629722365,19475.91734182427,1909.0295807883294
2025-03-20,2025,3,ZIMA,22.91701269881014,50.13969629722365,22968.458595316493,1909.0424928109674
2025-03-20,2025,3,ZIMA,22.476838209591577,50.202578367112025,23992.306860370863,1915.123033074926
2025-03-20,2025,3,ZIMA,22.539720279479937,50.202578367112025,21929.40319040806,1915.1187262552494
2025-03-20,2025,3,ZIMA,22.602602349368304,50.202578367112025,20655.00950680924,1906.8641683733547
2025-03-20,2025,3,ZIMA,22.66548441925667,50.202578367112025,20318.040457849766,1906.5909716936967
2025-03-20,2025,3,ZIMA,22.72836648914504,50.202578367112025,20963.748109279233,1906.0446070065261
2025-03-20,2025,3,ZIMA,22.791248559033406,50.202578367112025,22507.718449793792,1905.5297764482207
2025-03-20,2025,3,ZIMA,22.854130628921773,50.202578367112025,24782.63156412316,1904.561080481138
2025-03-21,2025,3,ZIMA,22.543222054979392,49.82528594778182,23112.78792027017,1886.182028337661
2025-03-21,2025,3,ZIMA,22.60610412486776,49.82528594778182,21949.397799714276,1883.575932489757
2025-03-21,2025,3,ZIMA,22.668986194756126,49.82528594778182,21682.524695536646,1893.1104305548984
2025-03-21,2025,3,ZIMA,22.73186826464449,49.82528594778182,22344.314146032393,1909.1120390257481
2025-03-21,2025,3,ZIMA,22.794750334532857,49.82528594778182,23857.611493159206,1906.2027842133036
2025-03-21,2025,3,ZIMA,22.417457915202657,49.888168017670196,22515.150227933776,1889.883713325693
2025-03-21,2025,3,ZIMA,22.480339985091025,49.888168017670196,19316.290813504507,1888.8897794908064
2025-03-21,2025,3,ZIMA,22.543222054979392,49.888168017670196,16734.22234836711,1894.9650851478018
2025-03-21,2025,3,ZIMA,22.60610412486776,49.888168017670196,15088.97894464073,1896.5302218479815
2025-03-21,2025,3,ZIMA,22.668986194756126,49.888168017670196,14698.578469470998,1912.924118170987
2025-03-21,2025,3,ZIMA,22.73186826464449,49.888168017670196,15657.167846459497,1910.7293970678863
2025-03-21,2025,3,ZIMA,22.794750334532857,49.888168017670196,17747.492934657283,1898.9332928048739
2025-03-21,2025,3,ZIMA,22.857632404421224,49.888168017670196,20628.332836085305,1898.5132354881039
2025-03-21,2025,3,ZIMA,22.354575845314294,49.951050087558556,22904.612299523305,1879.7576425435404
2025-03-21,2025,3,ZIMA,22.417457915202657,49.951050087558556,18716.497157605274,1900.3273531324455
2025-03-21,2025,3,ZIMA,22.480339985091025,49.951050087558556,14719.652593406272,1899.5554493838683
2025-03-21,2025,3,ZIMA,22.543222054979392,49.951050087558556,11122.234609008447,1899.8742675781941
2025-03-21,2025,3,ZIMA,22.60610412486776,49.951050087558556,8450.747993471876,1904.1980198869298
2025-03-21,2025,3,ZIMA,22.668986194756126,49.951050087558556,7733.122001867814,1911.4938365145952
2025-03-21,2025,3,ZIMA,22.73186826464449,49.951050087558556,9426.668630967759,1905.9809296565716
2025-03-21,2025,3,ZIMA,22.794750334532857,49.951050087558556,12593.572520140926,1899.006304244368
2025-03-21,2025,3,ZIMA,22.857632404421224,49.951050087558556,16401.49804249812,1899.5668017995079
2025-03-21,2025,3,ZIMA,22.92051447430959,49.951050087558556,20496.223597174998,1900.9991255846262
2025-03-21,2025,3,ZIMA,22.354575845314294,50.01393215744693,21577.971194113048,1893.9388075085521
2025-03-21,2025,3,ZIMA,22.417457915202657,50.01393215744693,17074.013369082935,1910.6450800615721
2025-03-21,2025,3,ZIMA,22.480339985091025,50.01393215744693,12572.068722194243,1893.8512830826085
2025-03-21,2025,3,ZIMA,22.543222054979392,50.01393215744693,8075.510728723996,1893.759827057043
2025-03-21,2025,3,ZIMA,22.60610412486776,50.01393215744693,3604.5641876870354,1907.5989293527557
2025-03-21,2025,3,ZIMA,22.668986194756126,50.01393215744693,1180.668498005915,1907.4320312222403
2025-03-21,2025,3,ZIMA,22.73186826464449,50.01393215744693,5515.175789522145,1898.366602104448
2025-03-21,2025,3,ZIMA,22.794750334532857,50.01393215744693,10003.120680820473,1898.257202148474
2025-03-21,2025,3,ZIMA,22.857632404421224,50.01393215744693,14502.74821882469,1912.9294658990023
2025-03-21,2025,3,ZIMA,22.92051447430959,50.01393215744693,19005.760537720445,1908.5102217200692
2025-03-21,2025,3,ZIMA,22.98339654419796,50.01393215744693,23510.210543512683,1901.1877872520095
2025-03-21,2025,3,ZIMA,22.354575845314294,50.07681422733529,22459.705865919448,1897.320322605581
2025-03-21,2025,3,ZIMA,22.417457915202657,50.07681422733529,18181.824707426636,1907.5648233111842
2025-03-21,2025,3,ZIMA,22.480339985091025,50.07681422733529,14045.924063253788,1892.5543147153044
2025-03-21,2025,3,ZIMA,22.543222054979392,50.07681422733529,10225.761531294344,1892.7957204558356
2025-03-21,2025,3,ZIMA,22.60610412486776,50.07681422733529,7239.716480259068,1908.9391071249975
2025-03-21,2025,3,ZIMA,22.668986194756126,50.07681422733529,6389.8197154107365,1908.8911005685416
2025-03-21,2025,3,ZIMA,22.73186826464449,50.07681422733529,8355.53540173325,1902.7619482436796
2025-03-21,2025,3,ZIMA,22.794750334532857,50.07681422733529,11805.474467377495,1902.4132499550187
2025-03-21,2025,3,ZIMA,22.857632404421224,50.07681422733529,15795.332396769141,1903.159937542817
2025-03-21,2025,3,ZIMA,22.92051447430959,50.07681422733529,20004.61846787154,1898.9396923483284
2025-03-21,2025,3,ZIMA,22.98339654419796,50.07681422733529,24319.6589742623,1894.4864151326087
2025-03-21,2025,3,ZIMA,22.417457915202657,50.13969629722365,21621.31454871271,1892.9241034944848
2025-03-21,2025,3,ZIMA,22.480339985091025,50.13969629722365,18285.649909787713,1891.863281249938
2025-03-21,2025,3,ZIMA,22.543222054979392,50.13969629722365,15548.784626284485,1895.4983032451428
2025-03-21,2025,3,ZIMA,22.60610412486776,50.13969629722365,13772.449590321441,1908.5607914325667
2025-03-21,2025,3,ZIMA,22.668986194756126,50.13969629722365,13345.854634257877,1901.8497275810378
2025-03-21,2025,3,ZIMA,22.73186826464449,50.13969629722365,14389.54609419247,1882.8857094581454
2025-03-21,2025,3,ZIMA,22.794750334532857,50.13969629722365,16628.95414819103,1885.1275127236574
2025-03-21,2025,3,ZIMA,22.857632404421224,50.13969629722365,19659.633027200634,1888.631803343193
2025-03-21,2025,3,ZIMA,22.92051447430959,50.13969629722365,23173.17742605762,1910.2213100693425
2025-03-21,2025,3,ZIMA,22.480339985091025,50.202578367112025,23859.829123395095,1902.8185742038124
2025-03-21,2025,3,ZIMA,22.543222054979392,50.202578367112025,21836.04068913253,1908.4777397987775
2025-03-21,2025,3,ZIMA,22.60610412486776,50.202578367112025,20610.595642495053,1908.1920046295368
2025-03-21,2025,3,ZIMA,22.668986194756126,50.202578367112025,20328.3861738591,1893.8950450218795
2025-03-21,2025,3,ZIMA,22.73186826464449,50.202578367112025,21027.423377500265,1891.0492945243293
2025-03-21,2025,3,ZIMA,22.794750334532857,50.202578367112025,22616.90689509914,1889.7611291341098
2025-03-21,2025,3,ZIMA,22.857632404421224,50.202578367112025,24927.07778774691,1890.1677045263389
2025-03-22,2025,3,ZIMA,22.480339985091025,49.82878772328128,24711.809120294347,1892.1681540506224
2025-03-22,2025,3,ZIMA,22.543222054979392,49.82878772328128,22748.066442999923,1895.8399932048508
2025-03-22,2025,3,ZIMA,22.60610412486776,49.82878772328128,21565.09706289241,1895.6032570945395
2025-03-22,2025,3,ZIMA,22.668986194756126,49.82878772328128,21293.427765337514,1895.5411066567938
2025-03-22,2025,3,ZIMA,22.73186826464449,49.82878772328128,21966.894607487786,1905.9461105490427
2025-03-22,2025,3,ZIMA,22.794750334532857,49.82878772328128,23504.396650112318,1905.4681347491785
2025-03-22,2025,3,ZIMA,22.417457915202657,49.89166979316964,22262.91512756393,1880.0975103256353
2025-03-22,2025,3,ZIMA,22.480339985091025,49.89166979316964,19021.939045588762,1902.450283258373
2025-03-22,2025,3,ZIMA,22.543222054979392,49.89166979316964,16393.77929599842,1902.4969417902623
2025-03-22,2025,3,ZIMA,22.60610412486776,49.89166979316964,14710.638103227138,1902.4061146906574
2025-03-22,2025,3,ZIMA,22.668986194756126,49.89166979316964,14309.94893217961,1905.7896828713306
2025-03-22,2025,3,ZIMA,22.73186826464449,49.89166979316964,15292.848954922392,1913.817343332666
2025-03-22,2025,3,ZIMA,22.794750334532857,49.89166979316964,17426.783472716856,1901.8874911858745
2025-03-22,2025,3,ZIMA,22.857632404421224,49.89166979316964,20352.87206844864,1898.3514596292487
2025-03-22,2025,3,ZIMA,22.354575845314294,49.954551863058015,22776.356876468417,1886.7198097521336
2025-03-22,2025,3,ZIMA,22.417457915202657,49.954551863058015,18559.66253791124,1885.7107912766369
2025-03-22,2025,3,ZIMA,22.480339985091025,49.954551863058015,14520.04361323391,1901.2325224196916
2025-03-22,2025,3,ZIMA,22.543222054979392,49.954551863058015,10856.994445873956,1902.2144012748677
2025-03-22,2025,3,ZIMA,22.60610412486776,49.954551863058015,8098.712783562352,1904.4026116958253
2025-03-22,2025,3,ZIMA,22.668986194756126,49.954551863058015,7346.83768198069,1910.3266600234383
2025-03-22,2025,3,ZIMA,22.73186826464449,49.954551863058015,9112.34475900155,1906.5334987440324
2025-03-22,2025,3,ZIMA,22.794750334532857,49.954551863058015,12359.845021672229,1896.3530449725768
2025-03-22,2025,3,ZIMA,22.857632404421224,49.954551863058015,16222.479436709024,1895.3591878329855
2025-03-22,2025,3,ZIMA,22.92051447430959,49.954551863058015,20352.983304829497,1892.16562576481
2025-03-22,2025,3,ZIMA,22.354575845314294,50.017433932946375,21568.461962262016,1897.2884009005534
2025-03-22,2025,3,ZIMA,22.417457915202657,50.017433932946375,17062.364867746277,1906.137853576915
2025-03-22,2025,3,ZIMA,22.480339985091025,50.017433932946375,12556.630674141996,1904.8491394429132
2025-03-22,2025,3,ZIMA,22.543222054979392,50.017433932946375,8051.874491102406,1905.2864652676612
2025-03-22,2025,3,ZIMA,22.60610412486776,50.017433932946375,3551.828731714459,1906.721983153373
2025-03-22,2025,3,ZIMA,22.668986194756126,50.017433932946375,1008.6745831835706,1907.974654840337
2025-03-22,2025,3,ZIMA,22.73186826464449,50.017433932946375,5480.739193284635,1893.5651161423345
2025-03-22,2025,3,ZIMA,22.794750334532857,50.017433932946375,9983.922076715906,1891.791302730428
2025-03-22,2025,3,ZIMA,22.857632404421224,50.017433932946375,14489.236311917515,1902.1927490234077
2025-03-22,2025,3,ZIMA,22.92051447430959,50.017433932946375,18995.163351028874,1910.4391286958412
2025-03-22,2025,3,ZIMA,22.98339654419796,50.017433932946375,23501.34844680935,1908.9213454405888
2025-03-22,2025,3,ZIMA,22.354575845314294,50.08031600283475,22571.593120862584,1893.775624723841
2025-03-22,2025,3,ZIMA,22.417457915202657,50.08031600283475,18320.20307903207,1907.6010947239124
2025-03-22,2025,3,ZIMA,22.480339985091025,50.08031600283475,14224.935327969335,1902.3260464482912
2025-03-22,2025,3,ZIMA,22.543222054979392,50.08031600283475,10470.614246793919,1903.0600036501373
2025-03-22,2025,3,ZIMA,22.60610412486776,50.08031600283475,7581.877613171757,1910.5534914423456
2025-03-22,2025,3,ZIMA,22.668986194756126,50.08031600283475,6775.102572670169,1908.3239219286481
2025-03-22,2025,3,ZIMA,22.73186826464449,50.08031600283475,8653.61621414954,1889.838360480199
2025-03-22,2025,3,ZIMA,22.794750334532857,50.08031600283475,12018.080216548418,1891.561687909842
2025-03-22,2025,3,ZIMA,22.857632404421224,50.08031600283475,15954.608229179084,1892.309159783282
2025-03-22,2025,3,ZIMA,22.92051447430959,50.08031600283475,20130.3447882497,1889.0013471535854
2025-03-22,2025,3,ZIMA,22.98339654419796,50.08031600283475,24422.89713923003,1886.829017672422
2025-03-22,2025,3,ZIMA,22.417457915202657,50.14319807272311,21862.782814030616,1896.0702798282891
2025-03-22,2025,3,ZIMA,22.480339985091025,50.14319807272311,18570.803615072375,1906.248470519842
2025-03-22,2025,3,ZIMA,22.543222054979392,50.14319807272311,15883.363153205039,1906.050659868666
2025-03-22,2025,3,ZIMA,22.60610412486776,50.14319807272311,14149.22946280949,1908.8129439881207
2025-03-22,2025,3,ZIMA,22.668986194756126,50.14319807272311,13734.373189309134,1908.6203605139385
2025-03-22,2025,3,ZIMA,22.73186826464449,50.14319807272311,14750.52861257386,1889.830202183432
2025-03-22,2025,3,ZIMA,22.794750334532857,50.14319807272311,16942.139697664446,1891.7964537142968
2025-03-22,2025,3,ZIMA,22.857632404421224,50.14319807272311,19925.037407232725,1892.1036376792993
2025-03-22,2025,3,ZIMA,22.480339985091025,50.20608014261147,24191.94764707279,1913.6825033164475
2025-03-22,2025,3,ZIMA,22.543222054979392,50.20608014261147,22198.610876776278,1913.6825394837808
2025-03-22,2025,3,ZIMA,22.60610412486776,50.20608014261147,20994.430424650796,1912.6370107156665
2025-03-26,2025,3,ZIMA,22.539720279479937,49.82528594778182,23201.70544825267,1870.7908192306252
2025-03-26,2025,3,ZIMA,22.602602349368304,49.82528594778182,21991.435506816804,1879.029525192738
2025-03-26,2025,3,ZIMA,22.66548441925667,49.82528594778182,21672.749137972056,1879.01568207219
2025-03-26,2025,3,ZIMA,22.72836648914504,49.82528594778182,22283.930479452825,1884.141189935429
2025-03-26,2025,3,ZIMA,22.791248559033406,49.82528594778182,23753.31152896916,1883.6500587923686
2025-03-26,2025,3,ZIMA,22.41395613970321,49.888168017670196,22706.40747798358,1872.7458598274434
2025-03-26,2025,3,ZIMA,22.476838209591577,49.888168017670196,19480.75930320578,1870.6579040688991
2025-03-26,2025,3,ZIMA,22.539720279479937,49.888168017670196,16856.661256994343,1880.9660352409946
2025-03-26,2025,3,ZIMA,22.602602349368304,49.888168017670196,15149.985508001753,1887.6218692039938
2025-03-26,2025,3,ZIMA,22.66548441925667,49.888168017670196,14684.173014095968,1888.7209516073567
2025-03-26,2025,3,ZIMA,22.72836648914504,49.888168017670196,15570.985300933778,1890.3958853591398
2025-03-26,2025,3,ZIMA,22.791248559033406,49.888168017670196,17607.217978501372,1890.2844757408075
2025-03-26,2025,3,ZIMA,22.351074069814842,49.951050087558556,23141.39316864803,1876.7527083227278
2025-03-26,2025,3,ZIMA,22.41395613970321,49.951050087558556,18945.843329364903,1879.476595415301
2025-03-26,2025,3,ZIMA,22.476838209591577,49.951050087558556,14934.549859498518,1879.1373295453234
2025-03-26,2025,3,ZIMA,22.539720279479937,49.951050087558556,11305.379115158328,1886.9471998850738
2025-03-26,2025,3,ZIMA,22.602602349368304,49.951050087558556,8559.060764349695,1887.4946855608953
2025-03-26,2025,3,ZIMA,22.66548441925667,49.951050087558556,7705.741647623598,1889.2397245678658
2025-03-26,2025,3,ZIMA,22.72836648914504,49.951050087558556,9283.008823298325,1889.8909912108716
2025-03-26,2025,3,ZIMA,22.791248559033406,49.951050087558556,12395.367071758363,1886.7926221833409
2025-03-26,2025,3,ZIMA,22.854130628921773,49.951050087558556,16179.959316334041,1882.44078844621
2025-03-26,2025,3,ZIMA,22.91701269881014,49.951050087558556,20263.563929342046,1882.4408035844906
2025-03-26,2025,3,ZIMA,22.351074069814842,50.01393215744693,21828.821536591644,1893.1341527067677
2025-03-26,2025,3,ZIMA,22.41395613970321,50.01393215744693,17324.79130605964,1890.288537245802
2025-03-26,2025,3,ZIMA,22.476838209591577,50.01393215744693,12822.683789843306,1890.2879638672566
2025-03-26,2025,3,ZIMA,22.539720279479937,50.01393215744693,8325.624480766308,1893.255548605733
2025-03-26,2025,3,ZIMA,22.602602349368304,50.01393215744693,3851.346696989202,1888.7024229531212
2025-03-26,2025,3,ZIMA,22.66548441925667,50.01393215744693,985.8015350103478,1883.7905466779819
2025-03-26,2025,3,ZIMA,22.72836648914504,50.01393215744693,5266.196729728419,1884.1307557135158
2025-03-26,2025,3,ZIMA,22.791248559033406,50.01393215744693,9752.73947153321,1881.7046113165377
2025-03-26,2025,3,ZIMA,22.854130628921773,50.01393215744693,14252.054346047837,1881.598456093806
2025-03-26,2025,3,ZIMA,22.91701269881014,50.01393215744693,18754.94945978394,1887.217280659762
2025-03-26,2025,3,ZIMA,22.979894768698507,50.01393215744693,23259.34329592574,1891.3866125604945
2025-03-26,2025,3,ZIMA,22.351074069814842,50.07681422733529,22700.501792017214,1895.9549265271435
2025-03-26,2025,3,ZIMA,22.41395613970321,50.07681422733529,18417.218813231048,1890.4786783782695
2025-03-26,2025,3,ZIMA,22.476838209591577,50.07681422733529,14270.388233904712,1890.469033933088
2025-03-26,2025,3,ZIMA,22.539720279479937,50.07681422733529,10424.154110168673,1891.2795726997454
2025-03-26,2025,3,ZIMA,22.602602349368304,50.07681422733529,7365.532791719154,1886.0060520516533
2025-03-26,2025,3,ZIMA,22.66548441925667,50.07681422733529,6356.742583112903,1883.4993427589056
2025-03-26,2025,3,ZIMA,22.72836648914504,50.07681422733529,8193.543007456652,1883.050160285132
2025-03-26,2025,3,ZIMA,22.791248559033406,50.07681422733529,11594.360342204443,1882.2903019401451
2025-03-26,2025,3,ZIMA,22.854130628921773,50.07681422733529,15565.77285345747,1881.9582053272948
2025-03-26,2025,3,ZIMA,22.91701269881014,50.07681422733529,19766.798421742573,1883.1664856202594
2025-03-26,2025,3,ZIMA,22.979894768698507,50.07681422733529,24077.545147176344,1883.8145751952836
2025-03-26,2025,3,ZIMA,22.41395613970321,50.13969629722365,21819.375915890814,1874.5149605771996
2025-03-26,2025,3,ZIMA,22.476838209591577,50.13969629722365,18458.403653713616,1883.9990100173814
2025-03-26,2025,3,ZIMA,22.539720279479937,50.13969629722365,15679.799836738823,1885.4071367964268
2025-03-26,2025,3,ZIMA,22.602602349368304,50.13969629722365,13838.91392574409,1883.0960961338233
2025-03-26,2025,3,ZIMA,22.66548441925667,50.13969629722365,13330.070057041166,1883.3922467131588
2025-03-26,2025,3,ZIMA,22.72836648914504,50.13969629722365,14296.213711708167,1859.0276175003585
2025-03-26,2025,3,ZIMA,22.791248559033406,50.13969629722365,16479.94399935908,1858.3216552734732
2025-03-26,2025,3,ZIMA,22.854130628921773,50.13969629722365,19475.91734182427,1877.6538084345445
2025-03-26,2025,3,ZIMA,22.91701269881014,50.13969629722365,22968.458595316493,1885.72972140779
2025-03-26,2025,3,ZIMA,22.476838209591577,50.202578367112025,23992.306860370863,1880.6081542969437
2025-03-26,2025,3,ZIMA,22.539720279479937,50.202578367112025,21929.40319040806,1880.9222148365823
2025-03-26,2025,3,ZIMA,22.602602349368304,50.202578367112025,20655.00950680924,1883.299348042322
2025-03-26,2025,3,ZIMA,22.66548441925667,50.202578367112025,20318.040457849766,1882.9628022435666
2025-03-26,2025,3,ZIMA,22.72836648914504,50.202578367112025,20963.748109279233,1866.5750935108765
2025-03-26,2025,3,ZIMA,22.791248559033406,50.202578367112025,22507.718449793792,1865.769238199805
2025-03-26,2025,3,ZIMA,22.854130628921773,50.202578367112025,24782.63156412316,1882.9911416972068
2025-06-01,2025,6,LATO,22.784245008034503,49.89166979316964,17005.72256010123,1870.7375075018035
2025-06-01,2025,6,LATO,22.847127077922863,49.89166979316964,19822.651895636955,1870.7374252689176
2025-06-01,2025,6,LATO,22.910009147811238,49.89166979316964,23182.00810677108,1870.7374382368944
2025-06-01,2025,6,LATO,22.784245008034503,49.954551863058015,11759.523976917604,1870.737486390645
2025-06-01,2025,6,LATO,22.847127077922863,49.954551863058015,15552.962263779697,1870.7374211920876
2025-06-01,2025,6,LATO,22.910009147811238,49.954551863058015,19651.333430628496,1870.7374305817773
2025-06-01,2025,6,LATO,22.972891217699598,49.954551863058015,23898.265526296207,1870.7374804656488
2025-06-04,2025,6,LATO,22.84012352692396,49.888168017670196,19764.96762440053,1890.3549904882636
2025-06-04,2025,6,LATO,22.903005596812335,49.888168017670196,23034.674909389774,1890.3549879338475
2025-06-04,2025,6,LATO,22.7772414570356,49.951050087558556,11623.026508428964,1892.178494204107
2025-06-04,2025,6,LATO,22.84012352692396,49.951050087558556,15302.949327791452,1891.1076570272796
2025-06-04,2025,6,LATO,22.903005596812335,49.951050087558556,19337.548389535474,1890.2415575046025
2025-06-04,2025,6,LATO,22.965887666700695,49.951050087558556,23545.194491841612,1890.8937522345898
2025-06-04,2025,6,LATO,22.651477317258866,50.01393215744693,736.7922552973483,1880.8581661999283
2025-06-04,2025,6,LATO,22.714359387147226,50.01393215744693,4272.614668819653,1880.8581606677556
2025-06-04,2025,6,LATO,22.7772414570356,50.01393215744693,8751.553760627914,1882.8935258527852
2025-06-04,2025,6,LATO,22.84012352692396,50.01393215744693,13249.38451954479,1881.698863774074
2025-06-04,2025,6,LATO,22.903005596812335,50.01393215744693,17751.75081067605,1883.4897290902604
2025-06-04,2025,6,LATO,22.965887666700695,50.01393215744693,22255.897973442527,1881.3093687842727
2025-06-04,2025,6,LATO,22.651477317258866,50.07681422733529,6322.957874237219,1878.394362269493
2025-06-04,2025,6,LATO,22.714359387147226,50.07681422733529,7594.007975417393,1879.8585830420977
2025-06-04,2025,6,LATO,22.7772414570356,50.07681422733529,10766.947426028457,1893.1876052530515
2025-06-04,2025,6,LATO,22.84012352692396,50.07681422733529,14654.501867777979,1888.7310928665622
2025-06-04,2025,6,LATO,22.903005596812335,50.07681422733529,18818.8910388129,1878.7404258817633
2025-06-04,2025,6,LATO,22.965887666700695,50.07681422733529,23110.944327591777,1872.2417634250403
2025-06-04,2025,6,LATO,22.651477317258866,50.13969629722365,13314.013221550038,1860.8040247228764
2025-06-04,2025,6,LATO,22.714359387147226,50.13969629722365,13961.695581266016,1862.1436733802698
2025-06-04,2025,6,LATO,22.7772414570356,50.13969629722365,15909.45532942079,1863.632449261513
2025-06-04,2025,6,LATO,22.84012352692396,50.13969629722365,18756.560428837118,1856.2932704536886
2025-06-04,2025,6,LATO,22.903005596812335,50.13969629722365,22159.022993972176,1855.0554245236476
2025-06-05,2025,6,LATO,22.52571317748213,49.82878772328128,23223.446671401936,1855.1300030152067
2025-06-05,2025,6,LATO,22.588595247370506,49.82878772328128,21807.18193595717,1861.1888013490757
2025-06-05,2025,6,LATO,22.651477317258866,49.82878772328128,21273.356297295428,1865.1898244106267
2025-06-05,2025,6,LATO,22.714359387147226,49.82878772328128,21687.22960171284,1863.6021291394006
2025-06-05,2025,6,LATO,22.7772414570356,49.82878772328128,22997.694466962104,1870.0963128459562
2025-06-05,2025,6,LATO,22.399949037705397,49.89166979316964,23240.95435275252,1841.4195194048564
2025-06-05,2025,6,LATO,22.46283110759377,49.89166979316964,19874.58844639638,1846.508234954572
2025-06-05,2025,6,LATO,22.52571317748213,49.89166979316964,17046.454606667296,1866.6749761560038
2025-06-05,2025,6,LATO,22.588595247370506,49.89166979316964,15062.835837653478,1865.5865768203312
2025-06-05,2025,6,LATO,22.651477317258866,49.89166979316964,14280.103976491555,1872.1405119836222
2025-06-05,2025,6,LATO,22.714359387147226,49.89166979316964,14888.872887278887,1870.3152604468937
2025-06-05,2025,6,LATO,22.7772414570356,49.89166979316964,16737.999220682526,1870.8888097526105
2025-06-05,2025,6,LATO,22.84012352692396,49.89166979316964,19477.365119759223,1869.902217921001
2025-06-05,2025,6,LATO,22.903005596812335,49.89166979316964,22788.153438215097,1869.902215111969
2025-06-05,2025,6,LATO,22.337066967817037,49.954551863058015,23969.435525253684,1841.5231393004042
2025-06-05,2025,6,LATO,22.399949037705397,49.954551863058015,19720.74564278404,1852.4350620222183
2025-06-05,2025,6,LATO,22.46283110759377,49.954551863058015,15619.017095593703,1854.1152595946432
2025-06-05,2025,6,LATO,22.52571317748213,49.954551863058015,11818.274784255715,1873.0534667969434
2025-06-05,2025,6,LATO,22.588595247370506,49.954551863058015,8721.334982744045,1871.574284171
2025-06-05,2025,6,LATO,22.651477317258866,49.954551863058015,7288.611985025922,1871.4369197922376
2025-06-05,2025,6,LATO,22.714359387147226,49.954551863058015,8417.717063070771,1868.255069609142
2025-06-05,2025,6,LATO,22.7772414570356,49.954551863058015,11369.439154365082,1866.780874161258
2025-06-05,2025,6,LATO,22.84012352692396,49.954551863058015,15111.005369585695,1866.789207863195
2025-06-05,2025,6,LATO,22.903005596812335,49.954551863058015,19185.746581965774,1866.8347162343584
2025-06-05,2025,6,LATO,22.965887666700695,49.954551863058015,23420.401230976673,1861.3663050187058
2025-06-05,2025,6,LATO,22.337066967817037,50.017433932946375,22823.174390414948,1862.6829930431195
2025-06-05,2025,6,LATO,22.399949037705397,50.017433932946375,18317.01724871943,1861.3635657586092
2025-06-05,2025,6,LATO,22.46283110759377,50.017433932946375,13811.149723168797,1876.7978872722642
2025-06-05,2025,6,LATO,22.52571317748213,50.017433932946375,9305.998011737687,1873.368931087152
2025-06-05,2025,6,LATO,22.588595247370506,50.017433932946375,4803.5842348637925,1868.517584100605
2025-06-05,2025,6,LATO,22.651477317258866,50.017433932946375,407.88410091848647,1862.5146703330527
2025-06-05,2025,6,LATO,22.714359387147226,50.017433932946375,4228.174317330404,1860.1339584443676
2025-06-05,2025,6,LATO,22.7772414570356,50.017433932946375,8729.700784173236,1860.8767542477149
2025-06-05,2025,6,LATO,22.84012352692396,50.017433932946375,13234.68855108754,1861.7204510211575
2025-06-05,2025,6,LATO,22.903005596812335,50.017433932946375,17740.49897456052,1877.1300048828448
2025-06-05,2025,6,LATO,22.965887666700695,50.017433932946375,22246.629981672468,1864.7797297303023
2025-06-05,2025,6,LATO,22.337066967817037,50.08031600283475,23771.891645147887,1847.1110227058475
2025-06-05,2025,6,LATO,22.399949037705397,50.08031600283475,19492.580868106976,1851.473587949756
2025-06-05,2025,6,LATO,22.46283110759377,50.08031600283475,15342.244635151212,1875.5825169053821
2025-06-05,2025,6,LATO,22.52571317748213,50.08031600283475,11461.860003414893,1873.3161621094434
2025-06-05,2025,6,LATO,22.588595247370506,50.08031600283475,8241.972226046848,1873.1128400951866
2025-06-05,2025,6,LATO,22.651477317258866,50.08031600283475,6712.0844053123365,1856.0889530306436
2025-06-05,2025,6,LATO,22.714359387147226,50.08031600283475,7920.855163367692,1856.4480087520838
2025-06-05,2025,6,LATO,22.7772414570356,50.08031600283475,10999.722341771127,1861.2127685547232
2025-06-05,2025,6,LATO,22.84012352692396,50.08031600283475,14826.124051878794,1860.8958931114657
2025-06-05,2025,6,LATO,22.903005596812335,50.08031600283475,18952.573284894253,1862.9715630039345
2025-06-05,2025,6,LATO,22.965887666700695,50.08031600283475,23219.64717295703,1848.33909553553
2025-06-05,2025,6,LATO,22.399949037705397,50.14319807272311,22852.879672009276,1845.89047408223
2025-06-05,2025,6,LATO,22.52571317748213,50.14319807272311,16552.739885157756,1873.3161771853095
2025-06-05,2025,6,LATO,22.588595247370506,50.14319807272311,14513.17484725431,1865.1496259847029
2025-06-05,2025,6,LATO,22.651477317258866,50.14319807272311,13703.436830989558,1854.208162426375
2025-06-05,2025,6,LATO,22.714359387147226,50.14319807272311,14333.488304196197,1850.998546864104
2025-06-05,2025,6,LATO,22.7772414570356,50.14319807272311,16236.577883901686,1848.704128580277
2025-06-05,2025,6,LATO,22.84012352692396,50.14319807272311,19034.62736146041,1855.3308453656186
2025-06-05,2025,6,LATO,22.903005596812335,50.14319807272311,22394.65584251987,1858.4351411160726
2025-06-05,2025,6,LATO,22.52571317748213,50.20608014261147,22681.750518141413,1861.0676422294146
2025-06-05,2025,6,LATO,22.588595247370506,50.20608014261147,21241.091784175827,1861.8879795355797
2025-06-05,2025,6,LATO,22.651477317258866,50.20608014261147,20697.001515397067,1863.0651196407057
2025-06-05,2025,6,LATO,22.714359387147226,50.20608014261147,21118.887757690336,1863.1660762748968
2025-06-05,2025,6,LATO,22.7772414570356,50.20608014261147,22452.364556079265,1852.9283055793048
2025-06-05,2025,6,LATO,22.84012352692396,50.20608014261147,24549.33260415952,1853.4188881878206
2025-06-06,2025,6,LATO,22.52571317748213,49.89166979316964,17046.454606667296,1887.5938566151224
2025-06-06,2025,6,LATO,22.588595247370506,49.89166979316964,15062.835837653478,1887.5938600968539
2025-06-06,2025,6,LATO,22.46283110759377,49.954551863058015,15619.017095593703,1887.5938774979616
2025-06-06,2025,6,LATO,22.52571317748213,49.954551863058015,11818.274784255715,1887.5938745432866
2025-06-06,2025,6,LATO,22.588595247370506,49.954551863058015,8721.334982744045,1887.5938770132989
2025-06-06,2025,6,LATO,22.651477317258866,50.08031600283475,6712.0844053123365,1851.707515597786
2025-06-06,2025,6,LATO,22.651477317258866,50.14319807272311,13703.436830989558,1851.7075216480355
2025-06-06,2025,6,LATO,22.714359387147226,50.14319807272311,14333.488304196197,1851.7075222373126
2025-06-06,2025,6,LATO,22.7772414570356,50.14319807272311,16236.577883901686,1848.581556764932
2025-06-06,2025,6,LATO,22.7772414570356,50.20608014261147,22452.364556079265,1840.255821814063
2025-06-06,2025,6,LATO,22.84012352692396,50.20608014261147,24549.33260415952,1840.2551191916136
2025-06-10,2025,6,LATO,22.7772414570356,49.89166979316964,16737.999220682526,1883.3527806841983
2025-06-10,2025,6,LATO,22.7772414570356,49.954551863058015,11369.439154365082,1883.3527647598617
2025-06-10,2025,6,LATO,22.84012352692396,49.954551863058015,15111.005369585695,1883.3527888770964
2025-06-10,2025,6,LATO,22.903005596812335,49.954551863058015,19185.746581965774,1883.3527567088304
2025-06-15,2025,6,LATO,22.52571317748213,49.82878772328128,23223.446671401936,1879.2675874264582
2025-06-15,2025,6,LATO,22.588595247370506,49.82878772328128,21807.18193595717,1882.7117313226304
2025-06-15,2025,6,LATO,22.651477317258866,49.82878772328128,21273.356297295428,1900.8491950418534
2025-06-15,2025,6,LATO,22.714359387147226,49.82878772328128,21687.22960171284,1907.535064152168
2025-06-15,2025,6,LATO,22.7772414570356,49.82878772328128,22997.694466962104,1908.2709607358147
2025-06-15,2025,6,LATO,22.399949037705397,49.89166979316964,23240.95435275252,1881.1289460611317
2025-06-15,2025,6,LATO,22.46283110759377,49.89166979316964,19874.58844639638,1889.0049304344077
2025-06-15,2025,6,LATO,22.52571317748213,49.89166979316964,17046.454606667296,1891.7059310848686
2025-06-15,2025,6,LATO,22.588595247370506,49.89166979316964,15062.835837653478,1911.633179396176
2025-06-15,2025,6,LATO,22.651477317258866,49.89166979316964,14280.103976491555,1914.100219685736
2025-06-15,2025,6,LATO,22.714359387147226,49.89166979316964,14888.872887278887,1919.038639968663
2025-06-15,2025,6,LATO,22.7772414570356,49.89166979316964,16737.999220682526,1930.6796413704626
2025-06-15,2025,6,LATO,22.84012352692396,49.89166979316964,19477.365119759223,1930.5101044273604
2025-06-15,2025,6,LATO,22.903005596812335,49.89166979316964,22788.153438215097,1895.1476238814791
2025-06-15,2025,6,LATO,22.337066967817037,49.954551863058015,23969.435525253684,1876.326087159689
2025-06-15,2025,6,LATO,22.399949037705397,49.954551863058015,19720.74564278404,1882.3819912584024
2025-06-15,2025,6,LATO,22.46283110759377,49.954551863058015,15619.017095593703,1890.8939426553904
2025-06-15,2025,6,LATO,22.52571317748213,49.954551863058015,11818.274784255715,1899.4361447439599
2025-06-15,2025,6,LATO,22.588595247370506,49.954551863058015,8721.334982744045,1911.4097028021095
2025-06-15,2025,6,LATO,22.651477317258866,49.954551863058015,7288.611985025922,1911.2763158100036
2025-06-15,2025,6,LATO,22.714359387147226,49.954551863058015,8417.717063070771,1910.534091672043
2025-06-15,2025,6,LATO,22.7772414570356,49.954551863058015,11369.439154365082,1924.4842165469918
2025-06-15,2025,6,LATO,22.84012352692396,49.954551863058015,15111.005369585695,1910.2407581899865
2025-06-15,2025,6,LATO,22.903005596812335,49.954551863058015,19185.746581965774,1895.3684814087785
2025-06-15,2025,6,LATO,22.965887666700695,49.954551863058015,23420.401230976673,1896.7671717734422
2025-06-15,2025,6,LATO,22.337066967817037,50.017433932946375,22823.174390414948,1885.7859636246956
2025-06-15,2025,6,LATO,22.399949037705397,50.017433932946375,18317.01724871943,1887.090853198937
2025-06-15,2025,6,LATO,22.46283110759377,50.017433932946375,13811.149723168797,1883.3369320571644
2025-06-15,2025,6,LATO,22.52571317748213,50.017433932946375,9305.998011737687,1911.9879150391323
2025-06-15,2025,6,LATO,22.588595247370506,50.017433932946375,4803.5842348637925,1911.3780607579743
2025-06-15,2025,6,LATO,22.651477317258866,50.017433932946375,407.88410091848647,1906.8018663892117
2025-06-15,2025,6,LATO,22.714359387147226,50.017433932946375,4228.174317330404,1908.8899665392787
2025-06-15,2025,6,LATO,22.7772414570356,50.017433932946375,8729.700784173236,1910.102353366686
2025-06-15,2025,6,LATO,22.903005596812335,50.017433932946375,17740.49897456052,1891.2098023750962
2025-06-15,2025,6,LATO,22.337066967817037,50.08031600283475,23771.891645147887,1880.3347385734744
2025-06-15,2025,6,LATO,22.399949037705397,50.08031600283475,19492.580868106976,1888.1277959952258
2025-06-15,2025,6,LATO,22.46283110759377,50.08031600283475,15342.244635151212,1892.7031988480378
2025-06-15,2025,6,LATO,22.52571317748213,50.08031600283475,11461.860003414893,1907.784912193475
2025-06-15,2025,6,LATO,22.588595247370506,50.08031600283475,8241.972226046848,1906.471189994895
2025-06-15,2025,6,LATO,22.651477317258866,50.08031600283475,6712.0844053123365,1901.289143811757
2025-06-15,2025,6,LATO,22.714359387147226,50.08031600283475,7920.855163367692,1913.6738401881435
2025-06-15,2025,6,LATO,22.7772414570356,50.08031600283475,10999.722341771127,1917.0364726571206
2025-06-15,2025,6,LATO,22.399949037705397,50.14319807272311,22852.879672009276,1878.8009931864485
2025-06-15,2025,6,LATO,22.46283110759377,50.14319807272311,19438.805553159174,1898.0004127374307
2025-06-15,2025,6,LATO,22.52571317748213,50.14319807272311,16552.739885157756,1904.1946971241669
2025-06-15,2025,6,LATO,22.588595247370506,50.14319807272311,14513.17484725431,1903.3656421243697
2025-06-15,2025,6,LATO,22.651477317258866,50.14319807272311,13703.436830989558,1903.4015319157038
2025-06-15,2025,6,LATO,22.714359387147226,50.14319807272311,14333.488304196197,1903.920525842712
2025-06-15,2025,6,LATO,22.7772414570356,50.14319807272311,16236.577883901686,1908.6606133864302
2025-06-15,2025,6,LATO,22.46283110759377,50.20608014261147,24863.616912715534,1908.9717409283217
2025-06-15,2025,6,LATO,22.52571317748213,50.20608014261147,22681.750518141413,1904.072149703754
2025-06-15,2025,6,LATO,22.588595247370506,50.20608014261147,21241.091784175827,1902.1627766104345
2025-06-15,2025,6,LATO,22.651477317258866,50.20608014261147,20697.001515397067,1900.4424375573026
2025-06-16,2025,6,LATO,22.52571317748213,49.82878772328128,23223.446671401936,1855.1052292483112
2025-06-16,2025,6,LATO,22.588595247370506,49.82878772328128,21807.18193595717,1857.0684753470514
2025-06-16,2025,6,LATO,22.651477317258866,49.82878772328128,21273.356297295428,1885.775552752037
2025-06-16,2025,6,LATO,22.714359387147226,49.82878772328128,21687.22960171284,1885.4169921875612
2025-06-16,2025,6,LATO,22.7772414570356,49.82878772328128,22997.694466962104,1900.2304072254365
2025-06-16,2025,6,LATO,22.399949037705397,49.89166979316964,23240.95435275252,1884.9222747318508
2025-06-16,2025,6,LATO,22.46283110759377,49.89166979316964,19874.58844639638,1881.2891992034852
2025-06-16,2025,6,LATO,22.52571317748213,49.89166979316964,17046.454606667296,1876.7872526174137
2025-06-16,2025,6,LATO,22.588595247370506,49.89166979316964,15062.835837653478,1881.0247947311225
2025-06-16,2025,6,LATO,22.651477317258866,49.89166979316964,14280.103976491555,1901.2482510483778
2025-06-16,2025,6,LATO,22.714359387147226,49.89166979316964,14888.872887278887,1900.0328193457397
2025-06-16,2025,6,LATO,22.7772414570356,49.89166979316964,16737.999220682526,1901.5350851461337
2025-06-16,2025,6,LATO,22.84012352692396,49.89166979316964,19477.365119759223,1881.2623779199353
2025-06-16,2025,6,LATO,22.903005596812335,49.89166979316964,22788.153438215097,1881.5130494086666
2025-06-16,2025,6,LATO,22.337066967817037,49.954551863058015,23969.435525253684,1874.2852904283657
2025-06-16,2025,6,LATO,22.399949037705397,49.954551863058015,19720.74564278404,1886.7282964176163
2025-06-16,2025,6,LATO,22.46283110759377,49.954551863058015,15619.017095593703,1881.7324068161415
2025-06-16,2025,6,LATO,22.52571317748213,49.954551863058015,11818.274784255715,1880.9869143903268
2025-06-16,2025,6,LATO,22.588595247370506,49.954551863058015,8721.334982744045,1892.1586471225835
2025-06-16,2025,6,LATO,22.651477317258866,49.954551863058015,7288.611985025922,1900.0909414859627
2025-06-16,2025,6,LATO,22.714359387147226,49.954551863058015,8417.717063070771,1897.3262245503574
2025-06-16,2025,6,LATO,22.7772414570356,49.954551863058015,11369.439154365082,1895.967389101915
2025-06-16,2025,6,LATO,22.84012352692396,49.954551863058015,15111.005369585695,1877.2128089828095
2025-06-16,2025,6,LATO,22.903005596812335,49.954551863058015,19185.746581965774,1880.5012790390876
2025-06-16,2025,6,LATO,22.965887666700695,49.954551863058015,23420.401230976673,1893.216655706326
2025-06-16,2025,6,LATO,22.337066967817037,50.017433932946375,22823.174390414948,1896.7007872410234
2025-06-16,2025,6,LATO,22.399949037705397,50.017433932946375,18317.01724871943,1894.9829045704719
2025-06-16,2025,6,LATO,22.46283110759377,50.017433932946375,13811.149723168797,1878.9457355807176
2025-06-16,2025,6,LATO,22.52571317748213,50.017433932946375,9305.998011737687,1896.0774344541232
2025-06-16,2025,6,LATO,22.588595247370506,50.017433932946375,4803.5842348637925,1899.6152934679237
2025-06-16,2025,6,LATO,22.651477317258866,50.017433932946375,407.88410091848647,1896.3742005572385
2025-06-16,2025,6,LATO,22.714359387147226,50.017433932946375,4228.174317330404,1896.3800941431045
2025-06-16,2025,6,LATO,22.7772414570356,50.017433932946375,8729.700784173236,1875.081301728752
2025-06-16,2025,6,LATO,22.84012352692396,50.017433932946375,13234.68855108754,1871.3841135084056
2025-06-16,2025,6,LATO,22.903005596812335,50.017433932946375,17740.49897456052,1891.284771621934
2025-06-16,2025,6,LATO,22.965887666700695,50.017433932946375,22246.629981672468,1883.98847580436
2025-06-16,2025,6,LATO,22.337066967817037,50.08031600283475,23771.891645147887,1891.691362614254
2025-06-16,2025,6,LATO,22.399949037705397,50.08031600283475,19492.580868106976,1868.867149478279
2025-06-16,2025,6,LATO,22.46283110759377,50.08031600283475,15342.244635151212,1868.404581239512
2025-06-16,2025,6,LATO,22.52571317748213,50.08031600283475,11461.860003414893,1888.5659818449885
2025-06-16,2025,6,LATO,22.588595247370506,50.08031600283475,8241.972226046848,1892.2987015160156
2025-06-16,2025,6,LATO,22.651477317258866,50.08031600283475,6712.0844053123365,1884.5129464893478
2025-06-16,2025,6,LATO,22.714359387147226,50.08031600283475,7920.855163367692,1883.9326715167613
2025-06-16,2025,6,LATO,22.7772414570356,50.08031600283475,10999.722341771127,1873.8911771518603
2025-06-16,2025,6,LATO,22.84012352692396,50.08031600283475,14826.124051878794,1880.6961381833557
2025-06-16,2025,6,LATO,22.903005596812335,50.08031600283475,18952.573284894253,1886.6707915391044
2025-06-16,2025,6,LATO,22.965887666700695,50.08031600283475,23219.64717295703,1883.1624065418985
2025-06-16,2025,6,LATO,22.399949037705397,50.14319807272311,22852.879672009276,1864.0673114536094
2025-06-16,2025,6,LATO,22.46283110759377,50.14319807272311,19438.805553159174,1864.4830941544044
2025-06-16,2025,6,LATO,22.52571317748213,50.14319807272311,16552.739885157756,1879.4497006109725
2025-06-16,2025,6,LATO,22.588595247370506,50.14319807272311,14513.17484725431,1883.766225755855
2025-06-16,2025,6,LATO,22.651477317258866,50.14319807272311,13703.436830989558,1884.018350699553
2025-06-16,2025,6,LATO,22.714359387147226,50.14319807272311,14333.488304196197,1871.4578882283947
2025-06-16,2025,6,LATO,22.7772414570356,50.14319807272311,16236.577883901686,1865.4816055613346
2025-06-16,2025,6,LATO,22.84012352692396,50.14319807272311,19034.62736146041,1864.818837272715
2025-06-16,2025,6,LATO,22.903005596812335,50.14319807272311,22394.65584251987,1865.1357261380542
2025-06-16,2025,6,LATO,22.46283110759377,50.20608014261147,24863.616912715534,1881.2554690618697
2025-06-16,2025,6,LATO,22.52571317748213,50.20608014261147,22681.750518141413,1873.4514610543183
2025-06-16,2025,6,LATO,22.588595247370506,50.20608014261147,21241.091784175827,1872.9344022716712
2025-06-16,2025,6,LATO,22.651477317258866,50.20608014261147,20697.001515397067,1876.6920205180027
2025-06-16,2025,6,LATO,22.714359387147226,50.20608014261147,21118.887757690336,1868.947422384033
2025-06-16,2025,6,LATO,22.7772414570356,50.20608014261147,22452.364556079265,1867.9139161803682
2025-06-16,2025,6,LATO,22.84012352692396,50.20608014261147,24549.33260415952,1864.5086024218322
2025-06-26,2025,6,LATO,22.84012352692396,50.14319807272311,19034.62736146041,1894.977788344423
2025-06-26,2025,6,LATO,22.903005596812335,50.14319807272311,22394.65584251987,1894.9777826556399
2025-06-26,2025,6,LATO,22.46283110759377,50.20608014261147,24863.616912715534,1895.7761187566655
2025-06-26,2025,6,LATO,22.52571317748213,50.20608014261147,22681.750518141413,1904.0036204039343
2025-06-26,2025,6,LATO,22.588595247370506,50.20608014261147,21241.091784175827,1902.8362597808527
2025-06-26,2025,6,LATO,22.651477317258866,50.20608014261147,20697.001515397067,1907.2656249999375
2025-06-26,2025,6,LATO,22.714359387147226,50.20608014261147,21118.887757690336,1907.2656245618775
2025-06-26,2025,6,LATO,22.7772414570356,50.20608014261147,22452.364556079265,1890.8007832284288
2025-06-26,2025,6,LATO,22.84012352692396,50.20608014261147,24549.33260415952,1897.6654240160885
2025-06-30,2025,6,LATO,22.52571317748213,49.82528594778182,23580.850107016446,1881.6693719196683
2025-06-30,2025,6,LATO,22.588595247370506,49.82528594778182,22187.30706832177,1881.113574583713
2025-06-30,2025,6,LATO,22.651477317258866,49.82528594778182,21662.812319490607,1899.9992941853973
2025-06-30,2025,6,LATO,22.714359387147226,49.82528594778182,22069.412358846523,1907.5931743283445
2025-06-30,2025,6,LATO,22.7772414570356,49.82528594778182,23358.536210329406,1904.309496187888
2025-06-30,2025,6,LATO,22.399949037705397,49.888168017670196,23482.75489906069,1902.036911739861
2025-06-30,2025,6,LATO,22.46283110759377,49.888168017670196,20156.5520144569,1903.0854248435185
2025-06-30,2025,6,LATO,22.52571317748213,49.888168017670196,17374.158692190118,1889.5269503128873
2025-06-30,2025,6,LATO,22.588595247370506,49.888168017670196,15432.569270339945,1889.4621818507328
2025-06-30,2025,6,LATO,22.651477317258866,49.888168017670196,14669.522091275236,1911.0584716796168
2025-06-30,2025,6,LATO,22.714359387147226,49.888168017670196,15262.808710820838,1911.0552223582765
2025-06-30,2025,6,LATO,22.7772414570356,49.888168017670196,17071.603330708916,1899.9226690325863
2025-06-30,2025,6,LATO,22.84012352692396,49.888168017670196,19764.96762440053,1898.8353233862238
2025-06-30,2025,6,LATO,22.903005596812335,49.888168017670196,23034.674909389774,1906.6469309031384
2025-06-30,2025,6,LATO,22.337066967817037,49.951050087558556,24091.424122935045,1896.107572045491
2025-06-30,2025,6,LATO,22.399949037705397,49.951050087558556,19868.49827808484,1898.8933756604827
2025-06-30,2025,6,LATO,22.46283110759377,49.951050087558556,15804.828416408018,1898.5795705237547
2025-06-30,2025,6,LATO,22.52571317748213,49.951050087558556,12062.461221866128,1890.7595214844441
2025-06-30,2025,6,LATO,22.588595247370506,49.951050087558556,9049.22284859628,1890.7320922601168
2025-06-30,2025,6,LATO,22.651477317258866,49.951050087558556,7677.822271690127,1908.085473467498
2025-06-30,2025,6,LATO,22.714359387147226,49.951050087558556,8756.95920663373,1908.3336890911858
2025-06-30,2025,6,LATO,22.7772414570356,49.951050087558556,11623.026508428964,1897.7125015149304
2025-06-30,2025,6,LATO,22.84012352692396,49.951050087558556,15302.949327791452,1898.0997032452676
2025-06-30,2025,6,LATO,22.903005596812335,49.951050087558556,19337.548389535474,1908.1225775111352
2025-06-30,2025,6,LATO,22.965887666700695,49.951050087558556,23545.194491841612,1911.8956168442612
2025-06-30,2025,6,LATO,22.337066967817037,50.01393215744693,22832.24971178254,1900.3197111158572
2025-06-30,2025,6,LATO,22.399949037705397,50.01393215744693,18327.956370926233,1900.0817854945449
2025-06-30,2025,6,LATO,22.46283110759377,50.01393215744693,13825.27391873585,1893.0984411494442
2025-06-30,2025,6,LATO,22.52571317748213,50.01393215744693,9326.541259749176,1889.6842622465651
2025-06-30,2025,6,LATO,22.588595247370506,50.01393215744693,4842.786104066398,1894.5331996009909
2025-06-30,2025,6,LATO,22.651477317258866,50.01393215744693,736.7922552973483,1906.1384341877167
2025-06-30,2025,6,LATO,22.714359387147226,50.01393215744693,4272.614668819653,1906.2340618521223
2025-06-30,2025,6,LATO,22.7772414570356,50.01393215744693,8751.553760627914,1895.7091875962512
2025-06-30,2025,6,LATO,22.84012352692396,50.01393215744693,13249.38451954479,1903.5586181505744
2025-06-30,2025,6,LATO,22.903005596812335,50.01393215744693,17751.75081067605,1914.204589843783
2025-06-30,2025,6,LATO,22.965887666700695,50.01393215744693,22255.897973442527,1914.1218939485204
2025-06-30,2025,6,LATO,22.337066967817037,50.07681422733529,23665.765470187154,1899.008279075548
2025-06-30,2025,6,LATO,22.399949037705397,50.07681422733529,19362.66631877855,1899.1809677600872
2025-06-30,2025,6,LATO,22.46283110759377,50.07681422733529,15176.497478602401,1891.3823062764752
2025-06-30,2025,6,LATO,22.52571317748213,50.07681422733529,11238.694648015777,1890.8994509943764
2025-06-30,2025,6,LATO,22.588595247370506,50.07681422733529,7928.398081183003,1899.3934659226081
2025-06-30,2025,6,LATO,22.651477317258866,50.07681422733529,6322.957874237219,1904.9830164843117
2025-06-30,2025,6,LATO,22.714359387147226,50.07681422733529,7594.007975417393,1905.4505573930494
2025-06-30,2025,6,LATO,22.7772414570356,50.07681422733529,10766.947426028457,1906.3845214844116
2025-06-30,2025,6,LATO,22.84012352692396,50.07681422733529,14654.501867777979,1908.5553775312292
2025-06-30,2025,6,LATO,22.903005596812335,50.07681422733529,18818.8910388129,1909.4249133248427
2025-06-30,2025,6,LATO,22.965887666700695,50.07681422733529,23110.944327591777,1910.7837172702873
2025-06-30,2025,6,LATO,22.399949037705397,50.13969629722365,22622.05369350782,1896.9623738279668
2025-06-30,2025,6,LATO,22.46283110759377,50.13969629722365,19166.632931566848,1888.9716796875691
2025-06-30,2025,6,LATO,22.52571317748213,50.13969629722365,16232.013520001597,1892.8315285883414
2025-06-30,2025,6,LATO,22.588595247370506,50.13969629722365,14146.11887527757,1903.1981478526177
2025-06-30,2025,6,LATO,22.651477317258866,50.13969629722365,13314.013221550038,1903.0118449236188
2025-06-30,2025,6,LATO,22.714359387147226,50.13969629722365,13961.695581266016,1894.2247442449464
2025-06-30,2025,6,LATO,22.7772414570356,50.13969629722365,15909.45532942079,1893.7895930171564
2025-06-30,2025,6,LATO,22.84012352692396,50.13969629722365,18756.560428837118,1903.631246301101
2025-06-30,2025,6,LATO,22.903005596812335,50.13969629722365,22159.022993972176,1903.487111071546
2025-06-30,2025,6,LATO,22.46283110759377,50.202578367112025,24540.639198270077,1888.4795903479173
2025-06-30,2025,6,LATO,22.52571317748213,50.202578367112025,22327.062976493402,1903.8271409547422
2025-06-30,2025,6,LATO,22.588595247370506,50.202578367112025,20861.81405954898,1904.1692778178535
2025-06-30,2025,6,LATO,22.651477317258866,50.202578367112025,20307.523458812033,1897.0337473313589
2025-06-30,2025,6,LATO,22.714359387147226,50.202578367112025,20737.36596706568,1889.2360711778413
2025-06-30,2025,6,LATO,22.7772414570356,50.202578367112025,22093.977714190158,1888.0289130496242
2025-06-30,2025,6,LATO,22.84012352692396,50.202578367112025,24222.141131806173,1905.5181467336497
2025-07-01,2025,7,LATO,22.52571317748213,49.82878772328128,23223.446671401936,1879.3966247424112
2025-07-01,2025,7,LATO,22.588595247370506,49.82878772328128,21807.18193595717,1893.5593895272586
2025-07-01,2025,7,LATO,22.651477317258866,49.82878772328128,21273.356297295428,1898.1713524001514
2025-07-01,2025,7,LATO,22.714359387147226,49.82878772328128,21687.22960171284,1894.5593839952753
2025-07-01,2025,7,LATO,22.7772414570356,49.82878772328128,22997.694466962104,1911.2200203043624
2025-07-01,2025,7,LATO,22.399949037705397,49.89166979316964,23240.95435275252,1879.1952151796909
2025-07-01,2025,7,LATO,22.46283110759377,49.89166979316964,19874.58844639638,1885.7026608786582
2025-07-01,2025,7,LATO,22.52571317748213,49.89166979316964,17046.454606667296,1892.5498611043486
2025-07-01,2025,7,LATO,22.588595247370506,49.89166979316964,15062.835837653478,1896.849945960763
2025-07-01,2025,7,LATO,22.651477317258866,49.89166979316964,14280.103976491555,1900.2555660713533
2025-07-01,2025,7,LATO,22.714359387147226,49.89166979316964,14888.872887278887,1900.413992696055
2025-07-01,2025,7,LATO,22.7772414570356,49.89166979316964,16737.999220682526,1923.8902490416847
2025-07-01,2025,7,LATO,22.84012352692396,49.89166979316964,19477.365119759223,1897.1493799316115
2025-07-01,2025,7,LATO,22.903005596812335,49.89166979316964,22788.153438215097,1887.0076450285064
2025-07-01,2025,7,LATO,22.337066967817037,49.954551863058015,23969.435525253684,1881.6430813624327
2025-07-01,2025,7,LATO,22.399949037705397,49.954551863058015,19720.74564278404,1881.0533683374956
2025-07-01,2025,7,LATO,22.46283110759377,49.954551863058015,15619.017095593703,1884.7474365235066
2025-07-01,2025,7,LATO,22.52571317748213,49.954551863058015,11818.274784255715,1896.780376663381
2025-07-01,2025,7,LATO,22.588595247370506,49.954551863058015,8721.334982744045,1897.191258996541
2025-07-01,2025,7,LATO,22.651477317258866,49.954551863058015,7288.611985025922,1899.9749043682775
2025-07-01,2025,7,LATO,22.714359387147226,49.954551863058015,8417.717063070771,1900.2941644367706
2025-07-01,2025,7,LATO,22.7772414570356,49.954551863058015,11369.439154365082,1918.0814208984743
2025-07-01,2025,7,LATO,22.84012352692396,49.954551863058015,15111.005369585695,1887.856575896119
2025-07-01,2025,7,LATO,22.903005596812335,49.954551863058015,19185.746581965774,1887.585722783815
2025-07-01,2025,7,LATO,22.965887666700695,49.954551863058015,23420.401230976673,1890.6019481130697
2025-07-01,2025,7,LATO,22.337066967817037,50.017433932946375,22823.174390414948,1888.4901123046257
2025-07-01,2025,7,LATO,22.399949037705397,50.017433932946375,18317.01724871943,1885.420709655297
2025-07-01,2025,7,LATO,22.46283110759377,50.017433932946375,13811.149723168797,1882.2053312369555
2025-07-01,2025,7,LATO,22.52571317748213,50.017433932946375,9305.998011737687,1901.7144130123352
2025-07-01,2025,7,LATO,22.588595247370506,50.017433932946375,4803.5842348637925,1900.7257131804583
2025-07-01,2025,7,LATO,22.651477317258866,50.017433932946375,407.88410091848647,1900.038331984215
2025-07-01,2025,7,LATO,22.714359387147226,50.017433932946375,4228.174317330404,1907.5651986362932
2025-07-01,2025,7,LATO,22.7772414570356,50.017433932946375,8729.700784173236,1912.0389634292962
2025-07-01,2025,7,LATO,22.84012352692396,50.017433932946375,13234.68855108754,1888.964404149723
2025-07-01,2025,7,LATO,22.903005596812335,50.017433932946375,17740.49897456052,1889.326532287775
2025-07-01,2025,7,LATO,22.965887666700695,50.017433932946375,22246.629981672468,1890.3671874999711
2025-07-01,2025,7,LATO,22.337066967817037,50.08031600283475,23771.891645147887,1883.32020064428
2025-07-01,2025,7,LATO,22.399949037705397,50.08031600283475,19492.580868106976,1883.3778969757884
2025-07-01,2025,7,LATO,22.46283110759377,50.08031600283475,15342.244635151212,1895.841284037647
2025-07-01,2025,7,LATO,22.52571317748213,50.08031600283475,11461.860003414893,1897.7803582357078
2025-07-01,2025,7,LATO,22.588595247370506,50.08031600283475,8241.972226046848,1889.875204190807
2025-07-01,2025,7,LATO,22.651477317258866,50.08031600283475,6712.0844053123365,1898.2821219663233
2025-07-01,2025,7,LATO,22.714359387147226,50.08031600283475,7920.855163367692,1910.95999041428
2025-07-01,2025,7,LATO,22.7772414570356,50.08031600283475,10999.722341771127,1895.4158637044275
2025-07-01,2025,7,LATO,22.84012352692396,50.08031600283475,14826.124051878794,1886.8041558301181
2025-07-01,2025,7,LATO,22.903005596812335,50.08031600283475,18952.573284894253,1868.3062266046875
2025-07-01,2025,7,LATO,22.965887666700695,50.08031600283475,23219.64717295703,1887.5625342900637
2025-07-01,2025,7,LATO,22.399949037705397,50.14319807272311,22852.879672009276,1873.458429645737
2025-07-01,2025,7,LATO,22.46283110759377,50.14319807272311,19438.805553159174,1901.3507885864124
2025-07-01,2025,7,LATO,22.52571317748213,50.14319807272311,16552.739885157756,1895.9586683770294
2025-07-01,2025,7,LATO,22.588595247370506,50.14319807272311,14513.17484725431,1891.184937305431
2025-07-01,2025,7,LATO,22.651477317258866,50.14319807272311,13703.436830989558,1902.4673915299802
2025-07-01,2025,7,LATO,22.714359387147226,50.14319807272311,14333.488304196197,1903.7755023998511
2025-07-01,2025,7,LATO,22.7772414570356,50.14319807272311,16236.577883901686,1881.1260260127337
2025-07-01,2025,7,LATO,22.84012352692396,50.14319807272311,19034.62736146041,1879.236578538638
2025-07-01,2025,7,LATO,22.903005596812335,50.14319807272311,22394.65584251987,1872.6671780976078
2025-07-01,2025,7,LATO,22.46283110759377,50.20608014261147,24863.616912715534,1907.394719843692
2025-07-01,2025,7,LATO,22.52571317748213,50.20608014261147,22681.750518141413,1889.3418737026661
2025-07-01,2025,7,LATO,22.588595247370506,50.20608014261147,21241.091784175827,1888.7803454893963
2025-07-01,2025,7,LATO,22.651477317258866,50.20608014261147,20697.001515397067,1916.8691101816999
2025-07-01,2025,7,LATO,22.714359387147226,50.20608014261147,21118.887757690336,1912.2170834917092
2025-07-01,2025,7,LATO,22.7772414570356,50.20608014261147,22452.364556079265,1884.5229050593855
2025-07-01,2025,7,LATO,22.84012352692396,50.20608014261147,24549.33260415952,1881.15527963393
2025-07-02,2025,7,LATO,22.52571317748213,49.82878772328128,23223.446671401936,1878.5327449111921
2025-07-02,2025,7,LATO,22.588595247370506,49.82878772328128,21807.18193595717,1878.7191162108963
2025-07-02,2025,7,LATO,22.651477317258866,49.82878772328128,21273.356297295428,1890.2008445550468
2025-07-02,2025,7,LATO,22.714359387147226,49.82878772328128,21687.22960171284,1888.9923321204974
2025-07-02,2025,7,LATO,22.7772414570356,49.82878772328128,22997.694466962104,1896.0679931640582
2025-07-02,2025,7,LATO,22.399949037705397,49.89166979316964,23240.95435275252,1891.79772780401
2025-07-02,2025,7,LATO,22.46283110759377,49.89166979316964,19874.58844639638,1886.1882703694284
2025-07-02,2025,7,LATO,22.52571317748213,49.89166979316964,17046.454606667296,1881.4979505603956
2025-07-02,2025,7,LATO,22.588595247370506,49.89166979316964,15062.835837653478,1894.4803076505875
2025-07-02,2025,7,LATO,22.651477317258866,49.89166979316964,14280.103976491555,1899.7808521599786
2025-07-02,2025,7,LATO,22.714359387147226,49.89166979316964,14888.872887278887,1899.784609373279
2025-07-02,2025,7,LATO,22.7772414570356,49.89166979316964,16737.999220682526,1898.1992203952125
2025-07-02,2025,7,LATO,22.84012352692396,49.89166979316964,19477.365119759223,1886.5560290953877
2025-07-02,2025,7,LATO,22.903005596812335,49.89166979316964,22788.153438215097,1887.282185174416
2025-07-02,2025,7,LATO,22.337066967817037,49.954551863058015,23969.435525253684,1894.9376563596416
2025-07-02,2025,7,LATO,22.399949037705397,49.954551863058015,19720.74564278404,1894.1394196478477
2025-07-02,2025,7,LATO,22.46283110759377,49.954551863058015,15619.017095593703,1883.277486342135
2025-07-02,2025,7,LATO,22.52571317748213,49.954551863058015,11818.274784255715,1888.0096248975435
2025-07-02,2025,7,LATO,22.588595247370506,49.954551863058015,8721.334982744045,1900.2248889660586
2025-07-02,2025,7,LATO,22.651477317258866,49.954551863058015,7288.611985025922,1898.5539444396761
2025-07-02,2025,7,LATO,22.714359387147226,49.954551863058015,8417.717063070771,1896.5321302294
2025-07-02,2025,7,LATO,22.7772414570356,49.954551863058015,11369.439154365082,1893.780763578884
2025-07-02,2025,7,LATO,22.84012352692396,49.954551863058015,15111.005369585695,1888.5236516614948
2025-07-02,2025,7,LATO,22.903005596812335,49.954551863058015,19185.746581965774,1887.2972295952047
2025-07-02,2025,7,LATO,22.965887666700695,49.954551863058015,23420.401230976673,1892.9885243997771
2025-07-02,2025,7,LATO,22.337066967817037,50.017433932946375,22823.174390414948,1901.1560413161799
2025-07-02,2025,7,LATO,22.399949037705397,50.017433932946375,18317.01724871943,1896.1827683340737
2025-07-02,2025,7,LATO,22.46283110759377,50.017433932946375,13811.149723168797,1880.3192983140882
2025-07-02,2025,7,LATO,22.52571317748213,50.017433932946375,9305.998011737687,1901.5754197453189
2025-07-02,2025,7,LATO,22.588595247370506,50.017433932946375,4803.5842348637925,1900.2829353774569
2025-07-02,2025,7,LATO,22.651477317258866,50.017433932946375,407.88410091848647,1894.5665780510747
2025-07-02,2025,7,LATO,22.714359387147226,50.017433932946375,4228.174317330404,1894.5292516152174
2025-07-02,2025,7,LATO,22.7772414570356,50.017433932946375,8729.700784173236,1883.5728653283375
2025-07-02,2025,7,LATO,22.84012352692396,50.017433932946375,13234.68855108754,1889.025616534245
2025-07-02,2025,7,LATO,22.903005596812335,50.017433932946375,17740.49897456052,1896.3045715849553
2025-07-02,2025,7,LATO,22.965887666700695,50.017433932946375,22246.629981672468,1892.0304071873632
2025-07-02,2025,7,LATO,22.337066967817037,50.08031600283475,23771.891645147887,1893.199929973372
2025-07-02,2025,7,LATO,22.399949037705397,50.08031600283475,19492.580868106976,1882.5774029810477
2025-07-02,2025,7,LATO,22.46283110759377,50.08031600283475,15342.244635151212,1889.1728597145875
2025-07-02,2025,7,LATO,22.52571317748213,50.08031600283475,11461.860003414893,1901.4668345861867
2025-07-02,2025,7,LATO,22.588595247370506,50.08031600283475,8241.972226046848,1897.0074206292888
2025-07-02,2025,7,LATO,22.651477317258866,50.08031600283475,6712.0844053123365,1890.7204764995706
2025-07-02,2025,7,LATO,22.714359387147226,50.08031600283475,7920.855163367692,1884.6768081318537
2025-07-02,2025,7,LATO,22.7772414570356,50.08031600283475,10999.722341771127,1889.3136103912402
2025-07-02,2025,7,LATO,22.84012352692396,50.08031600283475,14826.124051878794,1886.3836858941736
2025-07-02,2025,7,LATO,22.903005596812335,50.08031600283475,18952.573284894253,1888.3379517575333
2025-07-02,2025,7,LATO,22.965887666700695,50.08031600283475,23219.64717295703,1889.3362345905805
2025-07-02,2025,7,LATO,22.399949037705397,50.14319807272311,22852.879672009276,1873.336448028385
2025-07-02,2025,7,LATO,22.46283110759377,50.14319807272311,19438.805553159174,1897.9142028483063
2025-07-02,2025,7,LATO,22.52571317748213,50.14319807272311,16552.739885157756,1894.7123140374217
2025-07-02,2025,7,LATO,22.588595247370506,50.14319807272311,14513.17484725431,1888.9720113199667
2025-07-02,2025,7,LATO,22.651477317258866,50.14319807272311,13703.436830989558,1887.6270823780387
2025-07-02,2025,7,LATO,22.714359387147226,50.14319807272311,14333.488304196197,1872.9028514229515
2025-07-02,2025,7,LATO,22.7772414570356,50.14319807272311,16236.577883901686,1872.8279751795847
2025-07-02,2025,7,LATO,22.84012352692396,50.14319807272311,19034.62736146041,1881.3050360352142
2025-07-02,2025,7,LATO,22.903005596812335,50.14319807272311,22394.65584251987,1887.1467404763578
2025-07-02,2025,7,LATO,22.46283110759377,50.20608014261147,24863.616912715534,1903.3218947163496
2025-07-02,2025,7,LATO,22.52571317748213,50.20608014261147,22681.750518141413,1892.8549884546696
2025-07-02,2025,7,LATO,22.588595247370506,50.20608014261147,21241.091784175827,1891.1978272850026
2025-07-02,2025,7,LATO,22.651477317258866,50.20608014261147,20697.001515397067,1888.675329359309
2025-07-02,2025,7,LATO,22.714359387147226,50.20608014261147,21118.887757690336,1886.8660108939412
2025-07-02,2025,7,LATO,22.7772414570356,50.20608014261147,22452.364556079265,1873.5899715735002
2025-07-02,2025,7,LATO,22.84012352692396,50.20608014261147,24549.33260415952,1879.534573286844
2025-07-03,2025,7,LATO,22.52571317748213,49.82878772328128,23223.446671401936,1886.7117757786252
2025-07-03,2025,7,LATO,22.588595247370506,49.82878772328128,21807.18193595717,1887.4089687978553
2025-07-03,2025,7,LATO,22.651477317258866,49.82878772328128,21273.356297295428,1901.2613370633019
2025-07-03,2025,7,LATO,22.714359387147226,49.82878772328128,21687.22960171284,1899.8992637383135
2025-07-03,2025,7,LATO,22.7772414570356,49.82878772328128,22997.694466962104,1897.2938701269677
2025-07-03,2025,7,LATO,22.399949037705397,49.89166979316964,23240.95435275252,1876.5327773771803
2025-07-03,2025,7,LATO,22.46283110759377,49.89166979316964,19874.58844639638,1890.681424205052
2025-07-03,2025,7,LATO,22.52571317748213,49.89166979316964,17046.454606667296,1894.1435744282885
2025-07-03,2025,7,LATO,22.588595247370506,49.89166979316964,15062.835837653478,1897.47762353667
2025-07-03,2025,7,LATO,22.651477317258866,49.89166979316964,14280.103976491555,1903.7236175809032
2025-07-03,2025,7,LATO,22.714359387147226,49.89166979316964,14888.872887278887,1903.7899281565412
2025-07-03,2025,7,LATO,22.7772414570356,49.89166979316964,16737.999220682526,1893.418722266967
2025-07-03,2025,7,LATO,22.84012352692396,49.89166979316964,19477.365119759223,1890.8572610368199
2025-07-03,2025,7,LATO,22.903005596812335,49.89166979316964,22788.153438215097,1890.3552131153492
2025-07-03,2025,7,LATO,22.337066967817037,49.954551863058015,23969.435525253684,1878.4262757988326
2025-07-03,2025,7,LATO,22.399949037705397,49.954551863058015,19720.74564278404,1880.967033445115
2025-07-03,2025,7,LATO,22.46283110759377,49.954551863058015,15619.017095593703,1885.6919455036632
2025-07-03,2025,7,LATO,22.52571317748213,49.954551863058015,11818.274784255715,1891.0822267920666
2025-07-03,2025,7,LATO,22.588595247370506,49.954551863058015,8721.334982744045,1902.5480547663344
2025-07-03,2025,7,LATO,22.651477317258866,49.954551863058015,7288.611985025922,1902.7968732389452
2025-07-03,2025,7,LATO,22.714359387147226,49.954551863058015,8417.717063070771,1902.8462167349162
2025-07-03,2025,7,LATO,22.7772414570356,49.954551863058015,11369.439154365082,1896.5766923596861
2025-07-03,2025,7,LATO,22.84012352692396,49.954551863058015,15111.005369585695,1895.0197294935106
2025-07-03,2025,7,LATO,22.903005596812335,49.954551863058015,19185.746581965774,1882.0746485898594
2025-07-03,2025,7,LATO,22.965887666700695,49.954551863058015,23420.401230976673,1876.0978949961589
2025-07-03,2025,7,LATO,22.337066967817037,50.017433932946375,22823.174390414948,1890.5500362157463
2025-07-03,2025,7,LATO,22.399949037705397,50.017433932946375,18317.01724871943,1891.354626165592
2025-07-03,2025,7,LATO,22.46283110759377,50.017433932946375,13811.149723168797,1887.6528912577303
2025-07-03,2025,7,LATO,22.52571317748213,50.017433932946375,9305.998011737687,1900.7331542969443
2025-07-03,2025,7,LATO,22.588595247370506,50.017433932946375,4803.5842348637925,1900.963371372875
2025-07-03,2025,7,LATO,22.651477317258866,50.017433932946375,407.88410091848647,1900.4124871377267
2025-07-03,2025,7,LATO,22.714359387147226,50.017433932946375,4228.174317330404,1889.213891233802
2025-07-03,2025,7,LATO,22.7772414570356,50.017433932946375,8729.700784173236,1889.0420623962025
2025-07-03,2025,7,LATO,22.84012352692396,50.017433932946375,13234.68855108754,1880.7077780108577
2025-07-03,2025,7,LATO,22.903005596812335,50.017433932946375,17740.49897456052,1878.5125160897646
2025-07-03,2025,7,LATO,22.965887666700695,50.017433932946375,22246.629981672468,1874.7407997397224
2025-07-03,2025,7,LATO,22.337066967817037,50.08031600283475,23771.891645147887,1889.9757999896112
2025-07-03,2025,7,LATO,22.399949037705397,50.08031600283475,19492.580868106976,1891.892194741798
2025-07-03,2025,7,LATO,22.46283110759377,50.08031600283475,15342.244635151212,1892.7179814106264
2025-07-03,2025,7,LATO,22.52571317748213,50.08031600283475,11461.860003414893,1896.6498759702174
2025-07-03,2025,7,LATO,22.588595247370506,50.08031600283475,8241.972226046848,1898.996927952242
2025-07-03,2025,7,LATO,22.651477317258866,50.08031600283475,6712.0844053123365,1886.4628151310922
2025-07-03,2025,7,LATO,22.714359387147226,50.08031600283475,7920.855163367692,1887.1884932632522
2025-07-03,2025,7,LATO,22.7772414570356,50.08031600283475,10999.722341771127,1884.0478832421086
2025-07-03,2025,7,LATO,22.84012352692396,50.08031600283475,14826.124051878794,1870.8567630554671
2025-07-03,2025,7,LATO,22.903005596812335,50.08031600283475,18952.573284894253,1874.6459006990808
2025-07-03,2025,7,LATO,22.965887666700695,50.08031600283475,23219.64717295703,1886.7347486080855
2025-07-03,2025,7,LATO,22.399949037705397,50.14319807272311,22852.879672009276,1888.6539438975267
2025-07-03,2025,7,LATO,22.46283110759377,50.14319807272311,19438.805553159174,1898.9716247088124
2025-07-03,2025,7,LATO,22.52571317748213,50.14319807272311,16552.739885157756,1892.3508602879103
2025-07-03,2025,7,LATO,22.588595247370506,50.14319807272311,14513.17484725431,1890.9606694492336
2025-07-03,2025,7,LATO,22.651477317258866,50.14319807272311,13703.436830989558,1883.3150736955301
2025-07-03,2025,7,LATO,22.714359387147226,50.14319807272311,14333.488304196197,1885.7333387030978
2025-07-03,2025,7,LATO,22.7772414570356,50.14319807272311,16236.577883901686,1862.8978038247058
2025-07-03,2025,7,LATO,22.84012352692396,50.14319807272311,19034.62736146041,1863.630317151694
2025-07-03,2025,7,LATO,22.903005596812335,50.14319807272311,22394.65584251987,1864.2336900839093
2025-07-03,2025,7,LATO,22.46283110759377,50.20608014261147,24863.616912715534,1907.6359863281948
2025-07-03,2025,7,LATO,22.52571317748213,50.20608014261147,22681.750518141413,1900.345261312368
2025-07-03,2025,7,LATO,22.588595247370506,50.20608014261147,21241.091784175827,1893.5506047508898
2025-07-03,2025,7,LATO,22.651477317258866,50.20608014261147,20697.001515397067,1892.1041662775308
2025-07-03,2025,7,LATO,22.714359387147226,50.20608014261147,21118.887757690336,1883.971919382801
2025-07-03,2025,7,LATO,22.7772414570356,50.20608014261147,22452.364556079265,1873.0638427734739
2025-07-03,2025,7,LATO,22.84012352692396,50.20608014261147,24549.33260415952,1863.9541506090789
2025-07-05,2025,7,LATO,22.52921495298159,49.82528594778182,23482.598907909694,1891.5848660180923
2025-07-05,2025,7,LATO,22.59209702286995,49.82528594778182,22134.216821942802,1891.4080914579124
2025-07-05,2025,7,LATO,22.654979092758325,49.82528594778182,21660.91852740919,1904.2571858415065
2025-07-05,2025,7,LATO,22.717861162646685,49.82528594778182,22118.94911551003,1906.586886889377
2025-07-05,2025,7,LATO,22.780743232535045,49.82528594778182,23453.80909912117,1906.538795303619
2025-07-05,2025,7,LATO,22.403450813204856,49.888168017670196,23287.026717013792,1900.1841341053748
2025-07-05,2025,7,LATO,22.466332883093216,49.888168017670196,19985.006430914327,1900.5530421822748
2025-07-05,2025,7,LATO,22.52921495298159,49.888168017670196,17240.74662826544,1901.5084228515911
2025-07-05,2025,7,LATO,22.59209702286995,49.888168017670196,15356.24322681715,1901.508422851587
2025-07-05,2025,7,LATO,22.654979092758325,49.888168017670196,14666.728971867851,1905.742411684523
2025-07-05,2025,7,LATO,22.717861162646685,49.888168017670196,15334.257013983226,1905.7424426968494
2025-07-05,2025,7,LATO,22.780743232535045,49.888168017670196,17201.56405242445,1898.623827622591
2025-07-05,2025,7,LATO,22.84362530242342,49.888168017670196,19934.296373654284,1896.8729151027792
2025-07-05,2025,7,LATO,22.90650737231178,49.888168017670196,23229.001971549216,1896.8729204502977
2025-07-05,2025,7,LATO,22.34056874331648,49.951050087558556,23853.497622880714,1903.3044433593127
2025-07-05,2025,7,LATO,22.403450813204856,49.951050087558556,19637.08110412377,1903.263245254106
2025-07-05,2025,7,LATO,22.466332883093216,49.951050087558556,15585.744667042714,1898.9130524497891
2025-07-05,2025,7,LATO,22.52921495298159,49.951050087558556,11869.748008439465,1896.313904756974
2025-07-05,2025,7,LATO,22.59209702286995,49.951050087558556,8918.603959277263,1896.5948357231189
2025-07-05,2025,7,LATO,22.780743232535045,49.951050087558556,11812.837535867502,1895.999618244138
2025-07-05,2025,7,LATO,22.84362530242342,49.951050087558556,15520.752413875689,1896.1935750043408
2025-07-05,2025,7,LATO,22.90650737231178,49.951050087558556,19568.325954388692,1896.246129788562
2025-07-05,2025,7,LATO,22.969389442200153,49.951050087558556,23782.764453366082,1911.242887974878
2025-07-05,2025,7,LATO,22.34056874331648,50.01393215744693,22581.388826943046,1904.59336744318
2025-07-05,2025,7,LATO,22.403450813204856,50.01393215744693,18077.15755204921,1903.0287343089112
2025-07-05,2025,7,LATO,22.466332883093216,50.01393215744693,13574.608347456895,1898.8173680323787
2025-07-05,2025,7,LATO,22.52921495298159,50.01393215744693,9076.250438252355,1898.5749917825353
2025-07-05,2025,7,LATO,22.59209702286995,50.01393215744693,4594.419217968531,1900.0101257838544
2025-07-05,2025,7,LATO,22.654979092758325,50.01393215744693,679.070137208203,1904.2796554901263
2025-07-05,2025,7,LATO,22.717861162646685,50.01393215744693,4520.583065980076,1904.301559207326
2025-07-05,2025,7,LATO,22.780743232535045,50.01393215744693,9001.793660212837,1900.2413895957889
2025-07-05,2025,7,LATO,22.84362530242342,50.01393215744693,13500.034948142751,1900.0981706408836
2025-07-05,2025,7,LATO,22.90650737231178,50.01393215744693,18002.54324074553,1902.182280598206
2025-07-05,2025,7,LATO,22.969389442200153,50.01393215744693,22506.75559448251,1905.5141601562207
2025-07-05,2025,7,LATO,22.403450813204856,50.07681422733529,19125.752461660293,1900.1043784912183
2025-07-05,2025,7,LATO,22.466332883093216,50.07681422733529,14948.807181163858,1900.1577871176262
2025-07-05,2025,7,LATO,22.52921495298159,50.07681422733529,11032.145033735591,1900.1847543998163
2025-07-05,2025,7,LATO,22.59209702286995,50.07681422733529,7779.374916116361,1901.7301773305853
2025-07-05,2025,7,LATO,22.654979092758325,50.07681422733529,6316.500335206442,1903.7914533944295
2025-07-05,2025,7,LATO,22.717861162646685,50.07681422733529,7736.054434880606,1903.8891601563198
2025-07-05,2025,7,LATO,22.780743232535045,50.07681422733529,10971.050514594575,1901.7924804687866
2025-07-05,2025,7,LATO,22.84362530242342,50.07681422733529,14881.210440322513,1901.7924804687204
2025-07-05,2025,7,LATO,22.90650737231178,50.07681422733529,19055.33677829462,1903.0745990887478
2025-07-05,2025,7,LATO,22.969389442200153,50.07681422733529,23352.304839482214,1903.8317608373889
2025-07-05,2025,7,LATO,22.466332883093216,50.13969629722365,18987.08931505016,1899.9309483000582
2025-07-05,2025,7,LATO,22.52921495298159,50.13969629722365,16089.880628363611,1899.588320092399
2025-07-05,2025,7,LATO,22.59209702286995,50.13969629722365,14063.247330519198,1898.6828170110052
2025-07-05,2025,7,LATO,22.654979092758325,50.13969629722365,13310.95169484997,1898.2733587163164
2025-07-05,2025,7,LATO,22.717861162646685,50.13969629722365,14039.361473615256,1896.4800335950342
2025-07-05,2025,7,LATO,22.780743232535045,50.13969629722365,16048.107238000995,1890.4248360611125
2025-07-05,2025,7,LATO,22.84362530242342,50.13969629722365,18933.985034513204,1891.196066280382
2025-07-05,2025,7,LATO,22.90650737231178,50.13969629722365,22359.914557384236,1903.2166761007995
2025-07-05,2025,7,LATO,22.466332883093216,50.202578367112025,24400.854582621858,1908.5487131283821
2025-07-05,2025,7,LATO,22.52921495298159,50.202578367112025,22224.080749574292,1905.1910278903333
2025-07-05,2025,7,LATO,22.59209702286995,50.202578367112025,20805.782791307236,1904.4456089061487
2025-07-05,2025,7,LATO,22.654979092758325,50.202578367112025,20305.5190233768,1903.9829596977079
2025-07-05,2025,7,LATO,22.717861162646685,50.202578367112025,20789.666251345094,1894.3440752091403
2025-07-05,2025,7,LATO,22.780743232535045,50.202578367112025,22193.89587436336,1891.55761901414
2025-07-05,2025,7,LATO,22.84362530242342,50.202578367112025,24359.60951285494,1897.379120358834
2025-07-06,2025,7,LATO,22.651477317258866,49.82528594778182,21662.812319490607,1860.8645522427948
2025-07-06,2025,7,LATO,22.714359387147226,49.82528594778182,22069.412358846523,1860.8646399981376
2025-07-06,2025,7,LATO,22.7772414570356,49.82528594778182,23358.536210329406,1871.8332939872414
2025-07-06,2025,7,LATO,22.714359387147226,49.888168017670196,15262.808710820838,1860.8646859567273
2025-07-06,2025,7,LATO,22.7772414570356,49.888168017670196,17071.603330708916,1893.1308873941218
2025-07-06,2025,7,LATO,22.84012352692396,49.888168017670196,19764.96762440053,1904.1559558105666
2025-07-06,2025,7,LATO,22.903005596812335,49.888168017670196,23034.674909389774,1905.0869589413844
2025-07-06,2025,7,LATO,22.965887666700695,49.951050087558556,23545.194491841612,1909.1959238214058
2025-07-06,2025,7,LATO,22.714359387147226,50.01393215744693,4272.614668819653,1899.6503980096709
2025-07-06,2025,7,LATO,22.7772414570356,50.01393215744693,8751.553760627914,1899.650387850118
2025-07-06,2025,7,LATO,22.965887666700695,50.01393215744693,22255.897973442527,1899.2885476754384
2025-07-06,2025,7,LATO,22.7772414570356,50.07681422733529,10766.947426028457,1899.6503922573277
2025-07-06,2025,7,LATO,22.84012352692396,50.07681422733529,14654.501867777979,1895.441399268679
2025-07-06,2025,7,LATO,22.903005596812335,50.07681422733529,18818.8910388129,1895.4414191420346
2025-07-06,2025,7,LATO,22.965887666700695,50.07681422733529,23110.944327591777,1895.0264308587725
2025-07-06,2025,7,LATO,22.651477317258866,50.13969629722365,13314.013221550038,1884.391322151906
2025-07-06,2025,7,LATO,22.714359387147226,50.13969629722365,13961.695581266016,1884.3477829630658
2025-07-06,2025,7,LATO,22.7772414570356,50.13969629722365,15909.45532942079,1886.6705705749678
2025-07-06,2025,7,LATO,22.84012352692396,50.13969629722365,18756.560428837118,1894.988778164888
2025-07-06,2025,7,LATO,22.903005596812335,50.13969629722365,22159.022993972176,1890.8584952558435
2025-07-06,2025,7,LATO,22.651477317258866,50.202578367112025,20307.523458812033,1913.4977065237122
2025-07-06,2025,7,LATO,22.714359387147226,50.202578367112025,20737.36596706568,1913.4976881880743
2025-07-06,2025,7,LATO,22.84012352692396,50.202578367112025,24222.141131806173,1875.3053761906594
2025-07-14,2025,7,LATO,22.84362530242342,49.89166979316964,19649.160104581722,1870.340221728914
2025-07-14,2025,7,LATO,22.90650737231178,49.89166979316964,22984.550710999814,1870.3402228992584
2025-07-14,2025,7,LATO,22.84362530242342,49.954551863058015,15331.519629385028,1870.5973876991013
2025-07-14,2025,7,LATO,22.90650737231178,49.954551863058015,19418.311560371767,1870.3402111109472
2025-07-14,2025,7,LATO,22.969389442200153,49.954551863058015,23659.207083204412,1870.3402147021484
2025-07-14,2025,7,LATO,22.780743232535045,50.017433932946375,8980.531654212778,1871.0815336153107
2025-07-14,2025,7,LATO,22.84362530242342,50.017433932946375,13485.594062941023,1873.3049941175302
2025-07-14,2025,7,LATO,22.90650737231178,50.017433932946375,17991.430140098637,1875.1438389160396
2025-07-14,2025,7,LATO,22.969389442200153,50.017433932946375,22497.572808051387,1874.6015680133537
2025-07-14,2025,7,LATO,22.84362530242342,50.08031600283475,15050.231414787298,1871.0815199242763
2025-07-14,2025,7,LATO,22.90650737231178,50.08031600283475,19187.35473285885,1871.0815615853223
2025-07-14,2025,7,LATO,22.969389442200153,50.08031600283475,23459.8719463774,1857.2008083136936
2025-07-15,2025,7,LATO,22.651477317258866,50.202578367112025,20307.523458812033,1885.9715513139977
2025-07-15,2025,7,LATO,22.714359387147226,50.202578367112025,20737.36596706568,1885.9715551705938
2025-07-15,2025,7,LATO,22.7772414570356,50.202578367112025,22093.977714190158,1885.9715588228787
2025-07-15,2025,7,LATO,22.84012352692396,50.202578367112025,24222.141131806173,1892.0071421073208
2025-07-22,2025,7,LATO,22.651477317258866,49.89166979316964,14280.103976491555,1886.0197768826065
2025-07-22,2025,7,LATO,22.714359387147226,49.89166979316964,14888.872887278887,1886.01978287137
2025-07-22,2025,7,LATO,22.84012352692396,49.89166979316964,19477.365119759223,1884.6309913334483
2025-07-22,2025,7,LATO,22.903005596812335,49.89166979316964,22788.153438215097,1884.6309761176412
2025-07-22,2025,7,LATO,22.52571317748213,49.954551863058015,11818.274784255715,1869.7626802153825
2025-07-22,2025,7,LATO,22.588595247370506,49.954551863058015,8721.334982744045,1869.7626923824434
2025-07-22,2025,7,LATO,22.651477317258866,49.954551863058015,7288.611985025922,1886.0934045594245
2025-07-22,2025,7,LATO,22.714359387147226,49.954551863058015,8417.717063070771,1886.019775390694
2025-07-22,2025,7,LATO,22.7772414570356,49.954551863058015,11369.439154365082,1889.6799326919377
2025-07-22,2025,7,LATO,22.84012352692396,49.954551863058015,15111.005369585695,1883.681249966391
2025-07-22,2025,7,LATO,22.903005596812335,49.954551863058015,19185.746581965774,1882.6977364309266
2025-07-22,2025,7,LATO,22.965887666700695,49.954551863058015,23420.401230976673,1876.7764409952867
2025-07-22,2025,7,LATO,22.52571317748213,50.017433932946375,9305.998011737687,1877.998413086006
2025-07-22,2025,7,LATO,22.588595247370506,50.017433932946375,4803.5842348637925,1878.1678682987101
2025-07-22,2025,7,LATO,22.651477317258866,50.017433932946375,407.88410091848647,1882.8366253562033
2025-07-22,2025,7,LATO,22.714359387147226,50.017433932946375,4228.174317330404,1887.7628102957904
2025-07-22,2025,7,LATO,22.7772414570356,50.017433932946375,8729.700784173236,1898.602912895386
2025-07-22,2025,7,LATO,22.84012352692396,50.017433932946375,13234.68855108754,1889.7409641313427
2025-07-22,2025,7,LATO,22.903005596812335,50.017433932946375,17740.49897456052,1889.7409684048512
2025-07-22,2025,7,LATO,22.965887666700695,50.017433932946375,22246.629981672468,1876.655227891461
2025-07-22,2025,7,LATO,22.588595247370506,50.08031600283475,8241.972226046848,1888.5659247342815
2025-07-22,2025,7,LATO,22.651477317258866,50.08031600283475,6712.0844053123365,1887.9211074026173
2025-07-22,2025,7,LATO,22.714359387147226,50.08031600283475,7920.855163367692,1885.3999319329412
2025-07-22,2025,7,LATO,22.7772414570356,50.08031600283475,10999.722341771127,1886.378046110942
2025-07-22,2025,7,LATO,22.651477317258866,50.14319807272311,13703.436830989558,1874.8107880858101
2025-07-22,2025,7,LATO,22.714359387147226,50.14319807272311,14333.488304196197,1874.8107910156934
2025-07-22,2025,7,LATO,22.7772414570356,50.14319807272311,16236.577883901686,1877.4361092519134
2025-07-22,2025,7,LATO,22.651477317258866,50.20608014261147,20697.001515397067,1886.485403001181
2025-07-22,2025,7,LATO,22.714359387147226,50.20608014261147,21118.887757690336,1886.047999473669
2025-07-22,2025,7,LATO,22.7772414570356,50.20608014261147,22452.364556079265,1876.8706718119208
2025-07-22,2025,7,LATO,22.84012352692396,50.20608014261147,24549.33260415952,1876.781684853549
2025-08-05,2025,8,LATO,22.532716728481034,49.82878772328128,23026.23548838651,1846.5660438081986
2025-08-05,2025,8,LATO,22.59559879836941,49.82878772328128,21701.93311098845,1889.374978741231
2025-08-05,2025,8,LATO,22.65848086825777,49.82878772328128,21272.472014788556,1894.2741105051748
2025-08-05,2025,8,LATO,22.721362938146143,49.82878772328128,21790.82297333169,1900.9279365812693
2025-08-05,2025,8,LATO,22.784245008034503,49.82878772328128,23193.52625099799,1901.0095281747808
2025-08-05,2025,8,LATO,22.4069525887043,49.89166979316964,22846.47125524897,1885.0900293322254
2025-08-05,2025,8,LATO,22.469834658592674,49.89166979316964,19528.29592852939,1879.7718188693245
2025-08-05,2025,8,LATO,22.532716728481034,49.89166979316964,16777.14173728684,1915.004149576319
2025-08-05,2025,8,LATO,22.59559879836941,49.89166979316964,14910.254226564526,1912.3972626499685
2025-08-05,2025,8,LATO,22.65848086825777,49.89166979316964,14278.788319827705,1907.8392333983668
2025-08-05,2025,8,LATO,22.721362938146143,49.89166979316964,15039.173201536576,1897.649081098387
2025-08-05,2025,8,LATO,22.784245008034503,49.89166979316964,17005.72256010123,1883.3658696346229
2025-08-05,2025,8,LATO,22.847127077922863,49.89166979316964,19822.651895636955,1876.802750844768
2025-08-05,2025,8,LATO,22.910009147811238,49.89166979316964,23182.00810677108,1878.6316330390812
2025-08-05,2025,8,LATO,22.34407051881594,49.954551863058015,23491.421593126583,1888.1632080077504
2025-08-05,2025,8,LATO,22.4069525887043,49.954551863058015,19254.888344842857,1887.1518558806445
2025-08-05,2025,8,LATO,22.469834658592674,49.954551863058015,15176.511228660444,1896.9891143812702
2025-08-05,2025,8,LATO,22.532716728481034,49.954551863058015,11426.911706085219,1918.2508328121273
2025-08-05,2025,8,LATO,22.59559879836941,49.954551863058015,8455.428940932505,1915.8469737923363
2025-08-05,2025,8,LATO,22.65848086825777,49.954551863058015,7286.037320534922,1913.1639791279867
2025-08-05,2025,8,LATO,22.721362938146143,49.954551863058015,8680.45595683608,1900.7918379154723
2025-08-05,2025,8,LATO,22.784245008034503,49.954551863058015,11759.523976917604,1882.1023451071148
2025-08-05,2025,8,LATO,22.847127077922863,49.954551863058015,15552.962263779697,1875.297462327563
2025-08-05,2025,8,LATO,22.910009147811238,49.954551863058015,19651.333430628496,1874.866944839844
2025-08-05,2025,8,LATO,22.972891217699598,49.954551863058015,23898.265526296207,1878.223826985578
2025-08-05,2025,8,LATO,22.34407051881594,50.017433932946375,22321.28802408236,1908.427923668937
2025-08-05,2025,8,LATO,22.4069525887043,50.017433932946375,17815.15350017437,1918.2704495741632
2025-08-05,2025,8,LATO,22.469834658592674,50.017433932946375,13309.335309895498,1923.6553018485745
2025-08-05,2025,8,LATO,22.532716728481034,50.017433932946375,8804.324772825048,1925.4444039795442
2025-08-05,2025,8,LATO,22.59559879836941,50.017433932946375,4302.667734522494,1923.6013968264238
2025-08-05,2025,8,LATO,22.65848086825777,50.017433932946375,359.0171461258216,1920.0560151118905
2025-08-05,2025,8,LATO,22.721362938146143,50.017433932946375,4729.056725075273,1883.8662915077623
2025-08-05,2025,8,LATO,22.784245008034503,50.017433932946375,9231.369764738394,1884.519081774364
2025-08-05,2025,8,LATO,22.847127077922863,50.017433932946375,13736.501706199297,1883.6943696479707
2025-08-05,2025,8,LATO,22.910009147811238,50.017433932946375,18242.362196343674,1883.0006458054502
2025-08-05,2025,8,LATO,22.972891217699598,50.017433932946375,22748.51608264462,1868.462251767941
2025-08-05,2025,8,LATO,22.34407051881594,50.08031600283475,23291.093235142445,1908.6474248043762
2025-08-05,2025,8,LATO,22.4069525887043,50.08031600283475,19022.380468476964,1906.8649067953368
2025-08-05,2025,8,LATO,22.469834658592674,50.08031600283475,14892.709365227212,1908.7244060392939
2025-08-05,2025,8,LATO,22.532716728481034,50.08031600283475,11058.96201605659,1920.002456923503
2025-08-05,2025,8,LATO,22.59559879836941,50.08031600283475,7960.816914998515,1920.7968372472726
2025-08-05,2025,8,LATO,22.65848086825777,50.08031600283475,6709.295794220818,1868.5567766988927
2025-08-05,2025,8,LATO,22.721362938146143,50.08031600283475,8198.816506939642,1870.79118793477
2025-08-05,2025,8,LATO,22.784245008034503,50.08031600283475,11401.431088470114,1877.2516239345618
2025-08-05,2025,8,LATO,22.847127077922863,50.08031600283475,15275.168680265926,1882.516043975403
2025-08-05,2025,8,LATO,22.910009147811238,50.08031600283475,19422.536655809552,1882.1706254706812
2025-08-05,2025,8,LATO,22.972891217699598,50.08031600283475,23700.315803838097,1874.8335042875683
2025-08-05,2025,8,LATO,22.4069525887043,50.14319807272311,22453.687107535116,1910.5649313881431
2025-08-05,2025,8,LATO,22.469834658592674,50.14319807272311,19086.46862917077,1908.4957931605563
2025-08-05,2025,8,LATO,22.532716728481034,50.14319807272311,16276.716427633999,1907.779946254411
2025-08-05,2025,8,LATO,22.59559879836941,50.14319807272311,14355.581307090208,1908.998838393689
2025-08-05,2025,8,LATO,22.65848086825777,50.14319807272311,13702.072942767301,1871.2434780495673
2025-08-05,2025,8,LATO,22.721362938146143,50.14319807272311,14488.742529553769,1868.7514286807798
2025-08-05,2025,8,LATO,22.784245008034503,50.14319807272311,16511.00859423297,1867.8048558074274
2025-08-05,2025,8,LATO,22.847127077922863,50.14319807272311,19385.978407501865,1877.3218072057346
2025-08-05,2025,8,LATO,22.910009147811238,50.14319807272311,22793.24238716545,1883.6157315863518
2025-08-05,2025,8,LATO,22.469834658592674,50.20608014261147,24589.497425126534,1911.4852140217492
2025-08-05,2025,8,LATO,22.532716728481034,50.20608014261147,22481.370018975245,1886.5085614508196
2025-08-05,2025,8,LATO,22.59559879836941,50.20608014261147,21133.868947761264,1870.394939635109
2025-08-05,2025,8,LATO,22.65848086825777,50.20608014261147,20696.099696900703,1877.665678672989
2025-08-05,2025,8,LATO,22.721362938146143,50.20608014261147,21224.42756260835,1877.0236899157585
2025-08-05,2025,8,LATO,22.784245008034503,50.20608014261147,22651.353698077353,1873.7297582624947
2025-08-05,2025,8,LATO,22.847127077922863,50.20608014261147,24822.39180988345,1894.404146672986
2025-08-08,2025,8,LATO,22.784245008034503,49.82878772328128,23193.52625099799,1893.471804488275
2025-08-08,2025,8,LATO,22.784245008034503,49.89166979316964,17005.72256010123,1891.8569348693707
2025-08-08,2025,8,LATO,22.847127077922863,49.89166979316964,19822.651895636955,1896.8238244328688
2025-08-08,2025,8,LATO,22.910009147811238,49.89166979316964,23182.00810677108,1909.1466902833092
2025-08-08,2025,8,LATO,22.721362938146143,49.954551863058015,8680.45595683608,1899.187759443763
2025-08-08,2025,8,LATO,22.784245008034503,49.954551863058015,11759.523976917604,1899.1877523768708
2025-08-08,2025,8,LATO,22.847127077922863,49.954551863058015,15552.962263779697,1905.822510319121
2025-08-08,2025,8,LATO,22.910009147811238,49.954551863058015,19651.333430628496,1906.0688238411005
2025-08-08,2025,8,LATO,22.972891217699598,49.954551863058015,23898.265526296207,1908.2925439268529
2025-08-08,2025,8,LATO,22.784245008034503,50.017433932946375,9231.369764738394,1899.1877399274185
2025-08-08,2025,8,LATO,22.847127077922863,50.08031600283475,15275.168680265926,1878.7772044019107
2025-08-08,2025,8,LATO,22.910009147811238,50.08031600283475,19422.536655809552,1878.7772166838151
2025-08-08,2025,8,LATO,22.972891217699598,50.08031600283475,23700.315803838097,1891.0866556472083
2025-08-08,2025,8,LATO,22.847127077922863,50.14319807272311,19385.978407501865,1874.839332853744
2025-08-08,2025,8,LATO,22.910009147811238,50.14319807272311,22793.24238716545,1875.9534013651644
2025-08-08,2025,8,LATO,22.847127077922863,50.20608014261147,24822.39180988345,1882.9519005135735
2025-08-09,2025,8,LATO,22.847127077922863,49.954551863058015,15552.962263779697,1919.4388588645907
2025-08-09,2025,8,LATO,22.910009147811238,49.954551863058015,19651.333430628496,1919.4388572482874
2025-08-09,2025,8,LATO,22.972891217699598,49.954551863058015,23898.265526296207,1912.1391118570575
2025-08-09,2025,8,LATO,22.847127077922863,50.017433932946375,13736.501706199297,1921.0395193393852
2025-08-09,2025,8,LATO,22.910009147811238,50.017433932946375,18242.362196343674,1920.554571376078
2025-08-09,2025,8,LATO,22.972891217699598,50.017433932946375,22748.51608264462,1909.361382145641
2025-08-09,2025,8,LATO,22.34407051881594,50.08031600283475,23291.093235142445,1923.6252435324468
2025-08-09,2025,8,LATO,22.4069525887043,50.08031600283475,19022.380468476964,1925.637209017531
2025-08-09,2025,8,LATO,22.469834658592674,50.08031600283475,14892.709365227212,1914.1317349565054
2025-08-09,2025,8,LATO,22.532716728481034,50.08031600283475,11058.96201605659,1899.872528257489
2025-08-09,2025,8,LATO,22.59559879836941,50.08031600283475,7960.816914998515,1900.0034155129135
2025-08-09,2025,8,LATO,22.65848086825777,50.08031600283475,6709.295794220818,1909.8791312493775
2025-08-09,2025,8,LATO,22.721362938146143,50.08031600283475,8198.816506939642,1914.1001330776692
2025-08-09,2025,8,LATO,22.784245008034503,50.08031600283475,11401.431088470114,1901.9400268095224
2025-08-09,2025,8,LATO,22.847127077922863,50.08031600283475,15275.168680265926,1911.9922379814034
2025-08-09,2025,8,LATO,22.910009147811238,50.08031600283475,19422.536655809552,1912.5518818178614
2025-08-09,2025,8,LATO,22.972891217699598,50.08031600283475,23700.315803838097,1903.847998364624
2025-08-09,2025,8,LATO,22.4069525887043,50.14319807272311,22453.687107535116,1919.6059415370198
2025-08-09,2025,8,LATO,22.469834658592674,50.14319807272311,19086.46862917077,1901.0171994949299
2025-08-09,2025,8,LATO,22.532716728481034,50.14319807272311,16276.716427633999,1893.1081490938063
2025-08-09,2025,8,LATO,22.59559879836941,50.14319807272311,14355.581307090208,1896.4839866887476
2025-08-09,2025,8,LATO,22.65848086825777,50.14319807272311,13702.072942767301,1902.1649460281594
2025-08-09,2025,8,LATO,22.721362938146143,50.14319807272311,14488.742529553769,1896.3116895952435
2025-08-09,2025,8,LATO,22.784245008034503,50.14319807272311,16511.00859423297,1890.5961072359971
2025-08-09,2025,8,LATO,22.847127077922863,50.14319807272311,19385.978407501865,1896.3723238094537
2025-08-09,2025,8,LATO,22.910009147811238,50.14319807272311,22793.24238716545,1896.018874436512
2025-08-09,2025,8,LATO,22.469834658592674,50.20608014261147,24589.497425126534,1894.1310971675607
2025-08-09,2025,8,LATO,22.532716728481034,50.20608014261147,22481.370018975245,1905.9336767246912
2025-08-09,2025,8,LATO,22.59559879836941,50.20608014261147,21133.868947761264,1902.8258056639959
2025-08-09,2025,8,LATO,22.65848086825777,50.20608014261147,20696.099696900703,1901.4471149577266
2025-08-09,2025,8,LATO,22.721362938146143,50.20608014261147,21224.42756260835,1893.7940842608425
2025-08-09,2025,8,LATO,22.784245008034503,50.20608014261147,22651.353698077353,1893.38919830477
2025-08-09,2025,8,LATO,22.847127077922863,50.20608014261147,24822.39180988345,1884.1391588391
2025-08-12,2025,8,LATO,22.532716728481034,49.82528594778182,23386.638892813306,1899.073060109203
2025-08-12,2025,8,LATO,22.59559879836941,49.82528594778182,22083.86245449517,1904.6992564718319
2025-08-12,2025,8,LATO,22.65848086825777,49.82528594778182,21661.943872587042,1909.8508300780543
2025-08-12,2025,8,LATO,22.721362938146143,49.82528594778182,22171.227419574378,1906.8252234831607
2025-08-12,2025,8,LATO,22.784245008034503,49.82528594778182,23551.38161882024,1906.825219066328
2025-08-12,2025,8,LATO,22.4069525887043,49.888168017670196,23092.37433320287,1906.4337244110588
2025-08-12,2025,8,LATO,22.469834658592674,49.888168017670196,19815.16284732702,1902.2553710937784
2025-08-12,2025,8,LATO,22.532716728481034,49.888168017670196,17109.985449041076,1904.8994740393616
2025-08-12,2025,8,LATO,22.59559879836941,49.888168017670196,15283.6684432793,1914.8387937063492
2025-08-12,2025,8,LATO,22.65848086825777,49.888168017670196,14668.241270484361,1913.8660075069608
2025-08-12,2025,8,LATO,22.721362938146143,49.888168017670196,15409.472731872484,1906.3909968539049
2025-08-12,2025,8,LATO,22.784245008034503,49.888168017670196,17334.19381288355,1910.0262858110511
2025-08-12,2025,8,LATO,22.847127077922863,49.888168017670196,20105.340144490943,1918.9525005177402
2025-08-12,2025,8,LATO,22.910009147811238,49.888168017670196,23424.412914101304,1915.5675795895568
2025-08-12,2025,8,LATO,22.34407051881594,49.951050087558556,23615.844679747595,1911.3832999402644
2025-08-12,2025,8,LATO,22.4069525887043,49.951050087558556,19406.154273896744,1910.921745432253
2025-08-12,2025,8,LATO,22.469834658592674,49.951050087558556,15367.641709233798,1909.868071265407
2025-08-12,2025,8,LATO,22.532716728481034,49.951050087558556,11679.255305618317,1910.5418728219547
2025-08-12,2025,8,LATO,22.59559879836941,49.951050087558556,8793.218897807192,1913.219323437964
2025-08-12,2025,8,LATO,22.65848086825777,49.951050087558556,7675.377989497519,1912.4806194211405
2025-08-12,2025,8,LATO,22.721362938146143,49.951050087558556,9009.828769954393,1909.2761240975622
2025-08-12,2025,8,LATO,22.784245008034503,49.951050087558556,12004.901321609836,1919.59394421438
2025-08-12,2025,8,LATO,22.847127077922863,49.951050087558556,15739.548665243783,1920.8830566405952
2025-08-12,2025,8,LATO,22.910009147811238,49.951050087558556,19799.59905028478,1914.4741222943223
2025-08-12,2025,8,LATO,22.972891217699598,49.951050087558556,24020.610420162637,1906.2655252616694
2025-08-12,2025,8,LATO,22.34407051881594,50.01393215744693,22330.530444896496,1923.4239713059803
2025-08-12,2025,8,LATO,22.4069525887043,50.01393215744693,17826.36362623817,1907.917984353355
2025-08-12,2025,8,LATO,22.469834658592674,50.01393215744693,13323.954349378173,1908.2322103632393
2025-08-12,2025,8,LATO,22.532716728481034,50.01393215744693,8825.998371188998,1913.2612834989548
2025-08-12,2025,8,LATO,22.59559879836941,50.01393215744693,4346.3517884549465,1913.1698217677301
2025-08-12,2025,8,LATO,22.65848086825777,50.01393215744693,710.9037227049937,1902.316284179625
2025-08-12,2025,8,LATO,22.721362938146143,50.01393215744693,4768.865863503808,1906.4588239214338
2025-08-12,2025,8,LATO,22.784245008034503,50.01393215744693,9252.073284521657,1918.5550074568953
2025-08-12,2025,8,LATO,22.847127077922863,50.01393215744693,13750.697143000394,1916.416675325494
2025-08-12,2025,8,LATO,22.910009147811238,50.01393215744693,18253.34062514556,1904.838612792791
2025-08-12,2025,8,LATO,22.972891217699598,50.01393215744693,22757.615743463222,1903.5247174099336
2025-08-12,2025,8,LATO,22.34407051881594,50.07681422733529,23182.730619666778,1924.7356440233084
2025-08-12,2025,8,LATO,22.4069525887043,50.07681422733529,18889.197378444278,1905.0966985118507
2025-08-12,2025,8,LATO,22.469834658592674,50.07681422733529,14721.868327057084,1905.674699714859
2025-08-12,2025,8,LATO,22.532716728481034,50.07681422733529,10827.465146798342,1914.00878906257
2025-08-12,2025,8,LATO,22.59559879836941,50.07681422733529,7635.683528784922,1914.0087890624334
2025-08-12,2025,8,LATO,22.65848086825777,50.07681422733529,6319.997353177884,1902.954726777776
2025-08-12,2025,8,LATO,22.721362938146143,50.07681422733529,7883.522703387423,1910.210653277177
2025-08-12,2025,8,LATO,22.784245008034503,50.07681422733529,11177.054742808647,1916.094416208606
2025-08-12,2025,8,LATO,22.847127077922863,50.07681422733529,15108.68074416558,1908.2935684398292
2025-08-12,2025,8,LATO,22.910009147811238,50.07681422733529,19292.145284255297,1902.4071364711317
2025-08-12,2025,8,LATO,22.972891217699598,50.07681422733529,23593.862435691426,1901.766517485198
2025-08-12,2025,8,LATO,22.4069525887043,50.13969629722365,22218.684655639234,1899.5219695640724
2025-08-12,2025,8,LATO,22.469834658592674,50.13969629722365,18809.171950787433,1904.6716361865406
2025-08-12,2025,8,LATO,22.532716728481034,50.13969629722365,15950.42007438,1913.6596813063754
2025-08-12,2025,8,LATO,22.59559879836941,50.13969629722365,13984.377622466278,1913.178178149583
2025-08-12,2025,8,LATO,22.721362938146143,50.13969629722365,14121.049657208156,1904.6467230754229
2025-08-12,2025,8,LATO,22.784245008034503,50.13969629722365,16189.452404461828,1904.9176501401248
2025-08-12,2025,8,LATO,22.847127077922863,50.13969629722365,19113.049614086987,1898.8319091796577
2025-08-12,2025,8,LATO,22.910009147811238,50.13969629722365,22561.801872139302,1898.8319119029336
2025-08-12,2025,8,LATO,22.469834658592674,50.202578367112025,24262.8505696553,1917.9107283399508
2025-08-12,2025,8,LATO,22.532716728481034,50.202578367112025,22123.455208547002,1918.6761754973256
2025-08-12,2025,8,LATO,22.59559879836941,50.202578367112025,20752.62369239804,1900.623248025145
2025-08-12,2025,8,LATO,22.65848086825777,50.202578367112025,20306.604276369766,1900.2027589973577
2025-08-12,2025,8,LATO,22.721362938146143,50.202578367112025,20844.84538878124,1904.6444111077649
2025-08-12,2025,8,LATO,22.784245008034503,50.202578367112025,22296.18034817623,1904.4022268762403
2025-08-12,2025,8,LATO,22.847127077922863,50.202578367112025,24498.867556068635,1901.1850913661453
2025-08-13,2025,8,LATO,22.532716728481034,49.82878772328128,23026.23548838651,1889.367840633292
2025-08-13,2025,8,LATO,22.59559879836941,49.82878772328128,21701.93311098845,1894.1022915886465
2025-08-13,2025,8,LATO,22.65848086825777,49.82878772328128,21272.472014788556,1907.1701938468996
2025-08-13,2025,8,LATO,22.721362938146143,49.82878772328128,21790.82297333169,1916.9402015347264
2025-08-13,2025,8,LATO,22.784245008034503,49.82878772328128,23193.52625099799,1915.963442164493
2025-08-13,2025,8,LATO,22.4069525887043,49.89166979316964,22846.47125524897,1901.409628554088
2025-08-13,2025,8,LATO,22.469834658592674,49.89166979316964,19528.29592852939,1896.8327842811236
2025-08-13,2025,8,LATO,22.532716728481034,49.89166979316964,16777.14173728684,1895.1441818492121
2025-08-13,2025,8,LATO,22.59559879836941,49.89166979316964,14910.254226564526,1904.6130371093998
2025-08-13,2025,8,LATO,22.65848086825777,49.89166979316964,14278.788319827705,1909.6120534044137
2025-08-13,2025,8,LATO,22.721362938146143,49.89166979316964,15039.173201536576,1912.5610429046149
2025-08-13,2025,8,LATO,22.784245008034503,49.89166979316964,17005.72256010123,1909.8123359581905
2025-08-13,2025,8,LATO,22.847127077922863,49.89166979316964,19822.651895636955,1907.5219337125989
2025-08-13,2025,8,LATO,22.910009147811238,49.89166979316964,23182.00810677108,1904.998515461076
2025-08-13,2025,8,LATO,22.34407051881594,49.954551863058015,23491.421593126583,1908.8078351439935
2025-08-13,2025,8,LATO,22.4069525887043,49.954551863058015,19254.888344842857,1904.1160470489206
2025-08-13,2025,8,LATO,22.469834658592674,49.954551863058015,15176.511228660444,1901.4245997024052
2025-08-13,2025,8,LATO,22.532716728481034,49.954551863058015,11426.911706085219,1902.3891050438813
2025-08-13,2025,8,LATO,22.59559879836941,49.954551863058015,8455.428940932505,1903.0945078199377
2025-08-13,2025,8,LATO,22.65848086825777,49.954551863058015,7286.037320534922,1914.7508534349408
2025-08-13,2025,8,LATO,22.721362938146143,49.954551863058015,8680.45595683608,1913.0578248464096
2025-08-13,2025,8,LATO,22.784245008034503,49.954551863058015,11759.523976917604,1911.3572998047246
2025-08-13,2025,8,LATO,22.847127077922863,49.954551863058015,15552.962263779697,1903.6673398928097
2025-08-13,2025,8,LATO,22.910009147811238,49.954551863058015,19651.333430628496,1903.2213523981077
2025-08-13,2025,8,LATO,22.972891217699598,49.954551863058015,23898.265526296207,1908.4540458280446
2025-08-13,2025,8,LATO,22.34407051881594,50.017433932946375,22321.28802408236,1917.0411824280907
2025-08-13,2025,8,LATO,22.4069525887043,50.017433932946375,17815.15350017437,1903.313130034109
2025-08-13,2025,8,LATO,22.469834658592674,50.017433932946375,13309.335309895498,1902.752586778346
2025-08-13,2025,8,LATO,22.532716728481034,50.017433932946375,8804.324772825048,1902.2616336106432
2025-08-13,2025,8,LATO,22.59559879836941,50.017433932946375,4302.667734522494,1901.2773922463405
2025-08-13,2025,8,LATO,22.65848086825777,50.017433932946375,359.0171461258216,1912.5092773436872
2025-08-13,2025,8,LATO,22.721362938146143,50.017433932946375,4729.056725075273,1907.4720130506003
2025-08-13,2025,8,LATO,22.784245008034503,50.017433932946375,9231.369764738394,1907.0794760542121
2025-08-13,2025,8,LATO,22.847127077922863,50.017433932946375,13736.501706199297,1908.6703600553572
2025-08-13,2025,8,LATO,22.910009147811238,50.017433932946375,18242.362196343674,1910.366165489457
2025-08-13,2025,8,LATO,22.972891217699598,50.017433932946375,22748.51608264462,1909.3341395210855
2025-08-13,2025,8,LATO,22.34407051881594,50.08031600283475,23291.093235142445,1910.18772270531
2025-08-13,2025,8,LATO,22.4069525887043,50.08031600283475,19022.380468476964,1894.1768144409384
2025-08-13,2025,8,LATO,22.469834658592674,50.08031600283475,14892.709365227212,1897.4487317153753
2025-08-13,2025,8,LATO,22.532716728481034,50.08031600283475,11058.96201605659,1898.121960126671
2025-08-13,2025,8,LATO,22.59559879836941,50.08031600283475,7960.816914998515,1907.3516151064855
2025-08-13,2025,8,LATO,22.65848086825777,50.08031600283475,6709.295794220818,1903.8804402311732
2025-08-13,2025,8,LATO,22.721362938146143,50.08031600283475,8198.816506939642,1902.6634473265035
2025-08-13,2025,8,LATO,22.784245008034503,50.08031600283475,11401.431088470114,1902.5773064953112
2025-08-13,2025,8,LATO,22.847127077922863,50.08031600283475,15275.168680265926,1900.235738281734
2025-08-13,2025,8,LATO,22.910009147811238,50.08031600283475,19422.536655809552,1892.7357836047859
2025-08-13,2025,8,LATO,22.972891217699598,50.08031600283475,23700.315803838097,1893.8232583653835
2025-08-13,2025,8,LATO,22.4069525887043,50.14319807272311,22453.687107535116,1889.4538224681303
2025-08-13,2025,8,LATO,22.469834658592674,50.14319807272311,19086.46862917077,1903.0750072641324
2025-08-13,2025,8,LATO,22.532716728481034,50.14319807272311,16276.716427633999,1904.074082587347
2025-08-13,2025,8,LATO,22.59559879836941,50.14319807272311,14355.581307090208,1907.6914988111641
2025-08-13,2025,8,LATO,22.65848086825777,50.14319807272311,13702.072942767301,1897.6237045853
2025-08-13,2025,8,LATO,22.721362938146143,50.14319807272311,14488.742529553769,1892.8726378118297
2025-08-13,2025,8,LATO,22.784245008034503,50.14319807272311,16511.00859423297,1897.0414465697945
2025-08-13,2025,8,LATO,22.847127077922863,50.14319807272311,19385.978407501865,1897.1417598549222
2025-08-13,2025,8,LATO,22.910009147811238,50.14319807272311,22793.24238716545,1893.1422899603567
2025-08-13,2025,8,LATO,22.469834658592674,50.20608014261147,24589.497425126534,1911.9660588137858
2025-08-13,2025,8,LATO,22.532716728481034,50.20608014261147,22481.370018975245,1906.1318015903869
2025-08-13,2025,8,LATO,22.59559879836941,50.20608014261147,21133.868947761264,1906.2197565939798
2025-08-13,2025,8,LATO,22.65848086825777,50.20608014261147,20696.099696900703,1912.6719422399362
2025-08-13,2025,8,LATO,22.721362938146143,50.20608014261147,21224.42756260835,1888.025404390342
2025-08-13,2025,8,LATO,22.784245008034503,50.20608014261147,22651.353698077353,1885.8964747505674
2025-08-13,2025,8,LATO,22.847127077922863,50.20608014261147,24822.39180988345,1901.1081191897154
2025-08-14,2025,8,LATO,22.532716728481034,49.82878772328128,23026.23548838651,1894.4428569850274
2025-08-14,2025,8,LATO,22.59559879836941,49.82878772328128,21701.93311098845,1897.3307219451829
2025-08-14,2025,8,LATO,22.65848086825777,49.82878772328128,21272.472014788556,1905.2742252162354
2025-08-14,2025,8,LATO,22.721362938146143,49.82878772328128,21790.82297333169,1894.438239379946
2025-08-14,2025,8,LATO,22.784245008034503,49.82878772328128,23193.52625099799,1894.2119757581343
2025-08-14,2025,8,LATO,22.4069525887043,49.89166979316964,22846.47125524897,1907.2637228855306
2025-08-14,2025,8,LATO,22.469834658592674,49.89166979316964,19528.29592852939,1906.4465812642388
2025-08-14,2025,8,LATO,22.532716728481034,49.89166979316964,16777.14173728684,1904.4759939885173
2025-08-14,2025,8,LATO,22.59559879836941,49.89166979316964,14910.254226564526,1910.6550420765266
2025-08-14,2025,8,LATO,22.65848086825777,49.89166979316964,14278.788319827705,1908.3958305606286
2025-08-14,2025,8,LATO,22.721362938146143,49.89166979316964,15039.173201536576,1899.3401930982193
2025-08-14,2025,8,LATO,22.784245008034503,49.89166979316964,17005.72256010123,1899.2148801728677
2025-08-14,2025,8,LATO,22.847127077922863,49.89166979316964,19822.651895636955,1900.8173540955586
2025-08-14,2025,8,LATO,22.910009147811238,49.89166979316964,23182.00810677108,1900.8968145424528
2025-08-14,2025,8,LATO,22.34407051881594,49.954551863058015,23491.421593126583,1908.8939782299399
2025-08-14,2025,8,LATO,22.4069525887043,49.954551863058015,19254.888344842857,1909.0998610174513
2025-08-14,2025,8,LATO,22.469834658592674,49.954551863058015,15176.511228660444,1908.3856343487075
2025-08-14,2025,8,LATO,22.532716728481034,49.954551863058015,11426.911706085219,1909.5581983054801
2025-08-14,2025,8,LATO,22.59559879836941,49.954551863058015,8455.428940932505,1910.6249999999334
2025-08-14,2025,8,LATO,22.65848086825777,49.954551863058015,7286.037320534922,1900.9825485550691
2025-08-14,2025,8,LATO,22.721362938146143,49.954551863058015,8680.45595683608,1899.6140227447968
2025-08-14,2025,8,LATO,22.784245008034503,49.954551863058015,11759.523976917604,1901.9022991998454
2025-08-14,2025,8,LATO,22.847127077922863,49.954551863058015,15552.962263779697,1902.4962426420602
2025-08-14,2025,8,LATO,22.910009147811238,49.954551863058015,19651.333430628496,1909.0530528063778
2025-08-14,2025,8,LATO,22.972891217699598,49.954551863058015,23898.265526296207,1928.260734226834
2025-08-14,2025,8,LATO,22.34407051881594,50.017433932946375,22321.28802408236,1916.3920640865992
2025-08-14,2025,8,LATO,22.4069525887043,50.017433932946375,17815.15350017437,1907.579666508108
2025-08-14,2025,8,LATO,22.469834658592674,50.017433932946375,13309.335309895498,1908.6204865969798
2025-08-14,2025,8,LATO,22.532716728481034,50.017433932946375,8804.324772825048,1911.805001178358
2025-08-14,2025,8,LATO,22.59559879836941,50.017433932946375,4302.667734522494,1907.6990727401094
2025-08-14,2025,8,LATO,22.65848086825777,50.017433932946375,359.0171461258216,1890.811523437438
2025-08-14,2025,8,LATO,22.721362938146143,50.017433932946375,4729.056725075273,1895.8972639998847
2025-08-14,2025,8,LATO,22.784245008034503,50.017433932946375,9231.369764738394,1899.0908293603609
2025-08-14,2025,8,LATO,22.847127077922863,50.017433932946375,13736.501706199297,1913.0703555532384
2025-08-14,2025,8,LATO,22.910009147811238,50.017433932946375,18242.362196343674,1928.9787642208432
2025-08-14,2025,8,LATO,22.972891217699598,50.017433932946375,22748.51608264462,1912.9966736474735
2025-08-14,2025,8,LATO,22.34407051881594,50.08031600283475,23291.093235142445,1903.081643724305
2025-08-14,2025,8,LATO,22.4069525887043,50.08031600283475,19022.380468476964,1904.4318153588222
2025-08-14,2025,8,LATO,22.469834658592674,50.08031600283475,14892.709365227212,1903.4407926376134
2025-08-14,2025,8,LATO,22.532716728481034,50.08031600283475,11058.96201605659,1901.881952918569
2025-08-14,2025,8,LATO,22.59559879836941,50.08031600283475,7960.816914998515,1892.093130372646
2025-08-14,2025,8,LATO,22.65848086825777,50.08031600283475,6709.295794220818,1893.1133594653961
2025-08-14,2025,8,LATO,22.721362938146143,50.08031600283475,8198.816506939642,1897.4933407562105
2025-08-14,2025,8,LATO,22.784245008034503,50.08031600283475,11401.431088470114,1897.411295944719
2025-08-14,2025,8,LATO,22.847127077922863,50.08031600283475,15275.168680265926,1917.4913572925911
2025-08-14,2025,8,LATO,22.910009147811238,50.08031600283475,19422.536655809552,1921.1127211282467
2025-08-14,2025,8,LATO,22.972891217699598,50.08031600283475,23700.315803838097,1877.8774686133693
2025-08-14,2025,8,LATO,22.4069525887043,50.14319807272311,22453.687107535116,1909.8868756209843
2025-08-14,2025,8,LATO,22.469834658592674,50.14319807272311,19086.46862917077,1906.3662179269584
2025-08-14,2025,8,LATO,22.532716728481034,50.14319807272311,16276.716427633999,1897.4963532603724
2025-08-14,2025,8,LATO,22.59559879836941,50.14319807272311,14355.581307090208,1892.0135804673364
2025-08-14,2025,8,LATO,22.65848086825777,50.14319807272311,13702.072942767301,1889.543667004753
2025-08-14,2025,8,LATO,22.721362938146143,50.14319807272311,14488.742529553769,1887.2339653458066
2025-08-14,2025,8,LATO,22.784245008034503,50.14319807272311,16511.00859423297,1893.062008472926
2025-08-14,2025,8,LATO,22.847127077922863,50.14319807272311,19385.978407501865,1909.4537868126758
2025-08-14,2025,8,LATO,22.910009147811238,50.14319807272311,22793.24238716545,1909.3942527399963
2025-08-14,2025,8,LATO,22.469834658592674,50.20608014261147,24589.497425126534,1908.9977908514654
2025-08-14,2025,8,LATO,22.532716728481034,50.20608014261147,22481.370018975245,1891.2055200172474
2025-08-14,2025,8,LATO,22.59559879836941,50.20608014261147,21133.868947761264,1890.578456060531
2025-08-14,2025,8,LATO,22.65848086825777,50.20608014261147,20696.099696900703,1897.9228945584407
2025-08-14,2025,8,LATO,22.721362938146143,50.20608014261147,21224.42756260835,1891.9663958089418
2025-08-14,2025,8,LATO,22.784245008034503,50.20608014261147,22651.353698077353,1902.2689067317642
2025-08-14,2025,8,LATO,22.847127077922863,50.20608014261147,24822.39180988345,1902.6656093522774
2025-08-15,2025,8,LATO,22.532716728481034,49.82878772328128,23026.23548838651,1886.1871653372505
2025-08-15,2025,8,LATO,22.59559879836941,49.82878772328128,21701.93311098845,1885.3543577475468
2025-08-15,2025,8,LATO,22.65848086825777,49.82878772328128,21272.472014788556,1881.3128761210367
2025-08-15,2025,8,LATO,22.721362938146143,49.82878772328128,21790.82297333169,1891.17957006657
2025-08-15,2025,8,LATO,22.784245008034503,49.82878772328128,23193.52625099799,1891.3693085944399
2025-08-15,2025,8,LATO,22.4069525887043,49.89166979316964,22846.47125524897,1887.920991760478
2025-08-15,2025,8,LATO,22.469834658592674,49.89166979316964,19528.29592852939,1890.8915549890385
2025-08-15,2025,8,LATO,22.532716728481034,49.89166979316964,16777.14173728684,1900.370475792042
2025-08-15,2025,8,LATO,22.59559879836941,49.89166979316964,14910.254226564526,1899.8690318536278
2025-08-15,2025,8,LATO,22.65848086825777,49.89166979316964,14278.788319827705,1897.7580680674218
2025-08-15,2025,8,LATO,22.721362938146143,49.89166979316964,15039.173201536576,1893.9273449840964
2025-08-15,2025,8,LATO,22.784245008034503,49.89166979316964,17005.72256010123,1893.2955322264922
2025-08-15,2025,8,LATO,22.847127077922863,49.89166979316964,19822.651895636955,1890.8051808883013
2025-08-15,2025,8,LATO,22.910009147811238,49.89166979316964,23182.00810677108,1886.5180088660532
2025-08-15,2025,8,LATO,22.34407051881594,49.954551863058015,23491.421593126583,1888.9137235691037
2025-08-15,2025,8,LATO,22.4069525887043,49.954551863058015,19254.888344842857,1894.4073596626465
2025-08-15,2025,8,LATO,22.469834658592674,49.954551863058015,15176.511228660444,1897.5110073500239
2025-08-15,2025,8,LATO,22.532716728481034,49.954551863058015,11426.911706085219,1900.184719999311
2025-08-15,2025,8,LATO,22.59559879836941,49.954551863058015,8455.428940932505,1900.8123779296213
2025-08-15,2025,8,LATO,22.65848086825777,49.954551863058015,7286.037320534922,1895.6357958935307
2025-08-15,2025,8,LATO,22.721362938146143,49.954551863058015,8680.45595683608,1897.0581268487124
2025-08-15,2025,8,LATO,22.784245008034503,49.954551863058015,11759.523976917604,1896.2301174401866
2025-08-15,2025,8,LATO,22.847127077922863,49.954551863058015,15552.962263779697,1885.9535324732476
2025-08-15,2025,8,LATO,22.910009147811238,49.954551863058015,19651.333430628496,1884.7851364055812
2025-08-15,2025,8,LATO,22.972891217699598,49.954551863058015,23898.265526296207,1886.0926078612677
2025-08-15,2025,8,LATO,22.34407051881594,50.017433932946375,22321.28802408236,1901.504272460875
2025-08-15,2025,8,LATO,22.4069525887043,50.017433932946375,17815.15350017437,1901.2312071294273
2025-08-15,2025,8,LATO,22.469834658592674,50.017433932946375,13309.335309895498,1900.734941196135
2025-08-15,2025,8,LATO,22.532716728481034,50.017433932946375,8804.324772825048,1899.7674804498993
2025-08-15,2025,8,LATO,22.59559879836941,50.017433932946375,4302.667734522494,1896.5812328124578
2025-08-15,2025,8,LATO,22.65848086825777,50.017433932946375,359.0171461258216,1893.6690208262642
2025-08-15,2025,8,LATO,22.721362938146143,50.017433932946375,4729.056725075273,1893.4967562349698
2025-08-15,2025,8,LATO,22.784245008034503,50.017433932946375,9231.369764738394,1888.6505688043983
2025-08-15,2025,8,LATO,22.847127077922863,50.017433932946375,13736.501706199297,1884.7696949808344
2025-08-15,2025,8,LATO,22.910009147811238,50.017433932946375,18242.362196343674,1889.898629584029
2025-08-15,2025,8,LATO,22.972891217699598,50.017433932946375,22748.51608264462,1873.9316010865532
2025-08-15,2025,8,LATO,22.34407051881594,50.08031600283475,23291.093235142445,1895.8718732880188
2025-08-15,2025,8,LATO,22.4069525887043,50.08031600283475,19022.380468476964,1895.728545415317
2025-08-15,2025,8,LATO,22.469834658592674,50.08031600283475,14892.709365227212,1898.1516831250487
2025-08-15,2025,8,LATO,22.532716728481034,50.08031600283475,11058.96201605659,1888.0285940252963
2025-08-15,2025,8,LATO,22.59559879836941,50.08031600283475,7960.816914998515,1882.9926886289888
2025-08-15,2025,8,LATO,22.65848086825777,50.08031600283475,6709.295794220818,1890.4622413192465
2025-08-15,2025,8,LATO,22.721362938146143,50.08031600283475,8198.816506939642,1874.4778053811897
2025-08-15,2025,8,LATO,22.784245008034503,50.08031600283475,11401.431088470114,1872.785298097078
2025-08-15,2025,8,LATO,22.847127077922863,50.08031600283475,15275.168680265926,1879.4129331667748
2025-08-15,2025,8,LATO,22.910009147811238,50.08031600283475,19422.536655809552,1878.9180422079858
2025-08-15,2025,8,LATO,22.972891217699598,50.08031600283475,23700.315803838097,1848.3401283061505
2025-08-15,2025,8,LATO,22.4069525887043,50.14319807272311,22453.687107535116,1894.3183804645955
2025-08-15,2025,8,LATO,22.469834658592674,50.14319807272311,19086.46862917077,1895.04673816651
2025-08-15,2025,8,LATO,22.532716728481034,50.14319807272311,16276.716427633999,1877.9163194912371
2025-08-15,2025,8,LATO,22.59559879836941,50.14319807272311,14355.581307090208,1879.7429108632587
2025-08-15,2025,8,LATO,22.65848086825777,50.14319807272311,13702.072942767301,1881.7697559278224
2025-08-15,2025,8,LATO,22.721362938146143,50.14319807272311,14488.742529553769,1860.5866684698685
2025-08-15,2025,8,LATO,22.784245008034503,50.14319807272311,16511.00859423297,1862.5047318529037
2025-08-15,2025,8,LATO,22.847127077922863,50.14319807272311,19385.978407501865,1868.8924474805442
2025-08-15,2025,8,LATO,22.910009147811238,50.14319807272311,22793.24238716545,1861.588676487606
2025-08-15,2025,8,LATO,22.469834658592674,50.20608014261147,24589.497425126534,1884.5539811806832
2025-08-15,2025,8,LATO,22.532716728481034,50.20608014261147,22481.370018975245,1880.0960833582767
2025-08-15,2025,8,LATO,22.59559879836941,50.20608014261147,21133.868947761264,1879.8186633913078
2025-08-15,2025,8,LATO,22.65848086825777,50.20608014261147,20696.099696900703,1877.6910919730387
2025-08-15,2025,8,LATO,22.721362938146143,50.20608014261147,21224.42756260835,1874.6904709231537
2025-08-15,2025,8,LATO,22.784245008034503,50.20608014261147,22651.353698077353,1866.444319419268
2025-08-15,2025,8,LATO,22.847127077922863,50.20608014261147,24822.39180988345,1867.9044809739594
2025-08-15,2025,8,LATO,22.52921495298159,49.82528594778182,23482.598907909694,1866.9120667836582
2025-08-15,2025,8,LATO,22.59209702286995,49.82528594778182,22134.216821942802,1882.063311244955
2025-08-15,2025,8,LATO,22.654979092758325,49.82528594778182,21660.91852740919,1890.2013032917525
2025-08-15,2025,8,LATO,22.717861162646685,49.82528594778182,22118.94911551003,1891.1567678643441
2025-08-15,2025,8,LATO,22.780743232535045,49.82528594778182,23453.80909912117,1893.076799593302
2025-08-15,2025,8,LATO,22.403450813204856,49.888168017670196,23287.026717013792,1885.0209633758177
2025-08-15,2025,8,LATO,22.466332883093216,49.888168017670196,19985.006430914327,1885.7939454439888
2025-08-15,2025,8,LATO,22.52921495298159,49.888168017670196,17240.74662826544,1887.401460691153
2025-08-15,2025,8,LATO,22.59209702286995,49.888168017670196,15356.24322681715,1894.1549800410228
2025-08-15,2025,8,LATO,22.654979092758325,49.888168017670196,14666.728971867851,1894.2788085936797
2025-08-15,2025,8,LATO,22.717861162646685,49.888168017670196,15334.257013983226,1894.2788085937786
2025-08-15,2025,8,LATO,22.780743232535045,49.888168017670196,17201.56405242445,1894.375110993331
2025-08-15,2025,8,LATO,22.84362530242342,49.888168017670196,19934.296373654284,1894.631079448566
2025-08-15,2025,8,LATO,22.90650737231178,49.888168017670196,23229.001971549216,1894.7581978951368
2025-08-15,2025,8,LATO,22.34056874331648,49.951050087558556,23853.497622880714,1893.8786696481975
2025-08-15,2025,8,LATO,22.403450813204856,49.951050087558556,19637.08110412377,1895.1865813134734
2025-08-15,2025,8,LATO,22.466332883093216,49.951050087558556,15585.744667042714,1895.8544401757338
2025-08-15,2025,8,LATO,22.52921495298159,49.951050087558556,11869.748008439465,1896.9547646060714
2025-08-15,2025,8,LATO,22.59209702286995,49.951050087558556,8918.603959277263,1895.8919721112247
2025-08-15,2025,8,LATO,22.654979092758325,49.951050087558556,7672.491233994431,1896.1454367105398
2025-08-15,2025,8,LATO,22.717861162646685,49.951050087558556,8880.743477854165,1896.273416925474
2025-08-15,2025,8,LATO,22.780743232535045,49.951050087558556,11812.837535867502,1896.4279785156614
2025-08-15,2025,8,LATO,22.84362530242342,49.951050087558556,15520.752413875689,1896.4279785155957
2025-08-15,2025,8,LATO,22.90650737231178,49.951050087558556,19568.325954388692,1896.3275174995229
2025-08-15,2025,8,LATO,22.34056874331648,50.01393215744693,22581.388826943046,1895.3154311213523
2025-08-15,2025,8,LATO,22.403450813204856,50.01393215744693,18077.15755204921,1896.1160306684228
2025-08-15,2025,8,LATO,22.466332883093216,50.01393215744693,13574.608347456895,1896.5320318930014
2025-08-15,2025,8,LATO,22.52921495298159,50.01393215744693,9076.250438252355,1895.7474220596273
2025-08-15,2025,8,LATO,22.59209702286995,50.01393215744693,4594.419217968531,1890.3307980545912
2025-08-15,2025,8,LATO,22.654979092758325,50.01393215744693,679.070137208203,1890.3308138947848
2025-08-15,2025,8,LATO,22.717861162646685,50.01393215744693,4520.583065980076,1890.3308322744847
2025-08-15,2025,8,LATO,22.780743232535045,50.01393215744693,9001.793660212837,1890.3308198452514
2025-08-15,2025,8,LATO,22.84362530242342,50.01393215744693,13500.034948142751,1890.3308368334854
2025-08-15,2025,8,LATO,22.90650737231178,50.01393215744693,18002.54324074553,1890.3308347948714
2025-08-15,2025,8,LATO,22.34056874331648,50.07681422733529,23424.15040685969,1902.6446818512738
2025-08-15,2025,8,LATO,22.403450813204856,50.07681422733529,19125.752461660293,1902.669555663996
2025-08-15,2025,8,LATO,22.466332883093216,50.07681422733529,14948.807181163858,1902.6695556641318
2025-08-15,2025,8,LATO,22.52921495298159,50.07681422733529,11032.145033735591,1901.9300594596425
2025-08-15,2025,8,LATO,22.403450813204856,50.13969629722365,22419.875282968027,1892.2108265960867
2025-08-15,2025,8,LATO,22.466332883093216,50.13969629722365,18987.08931505016,1892.2987923418318
2025-08-15,2025,8,LATO,22.52921495298159,50.13969629722365,16089.880628363611,1892.4488635137134
2025-08-15,2025,8,LATO,22.466332883093216,50.202578367112025,24400.854582621858,1887.9531396719467
2025-08-15,2025,8,LATO,22.52921495298159,50.202578367112025,22224.080749574292,1886.9871820994772
2025-08-16,2025,8,LATO,22.66198264375722,49.82878772328128,21276.487989969268,1911.4166586062227
2025-08-16,2025,8,LATO,22.724864713645587,49.82878772328128,21846.777153986153,1911.4166227318376
2025-08-16,2025,8,LATO,22.787746783533954,49.82878772328128,23294.896483134347,1911.4168051814675
2025-08-16,2025,8,LATO,22.85062885342232,49.89166979316964,19997.79633047757,1906.500789499116
2025-08-16,2025,8,LATO,22.91351092331069,49.89166979316964,23380.498765593697,1904.7839001719838
2025-08-16,2025,8,LATO,22.34757229431539,49.954551863058015,23252.79783324219,1878.4735201625733
2025-08-16,2025,8,LATO,22.41045436420376,49.954551863058015,19022.654339326877,1877.7154523108763
2025-08-16,2025,8,LATO,22.47333643409212,49.954551863058015,14956.67367277081,1877.7154585202545
2025-08-16,2025,8,LATO,22.85062885342232,49.954551863058015,15775.29417656553,1896.0585126287976
2025-08-16,2025,8,LATO,22.91351092331069,49.954551863058015,19884.79612979905,1894.9714355469075
2025-08-16,2025,8,LATO,22.976392993199056,49.954551863058015,24137.569054743682,1903.6454597834284
2025-08-16,2025,8,LATO,22.34757229431539,50.017433932946375,22070.34552203583,1888.7809832619469
2025-08-16,2025,8,LATO,22.41045436420376,50.017433932946375,17564.222983478045,1882.460506387117
2025-08-16,2025,8,LATO,22.47333643409212,50.017433932946375,13058.431369001919,1898.9883767932026
2025-08-16,2025,8,LATO,22.536218503980486,50.017433932946375,8553.499369323863,1911.8158947860643
2025-08-16,2025,8,LATO,22.599100573868853,50.017433932946375,4052.3033939602497,1911.8159232721166
2025-08-16,2025,8,LATO,22.66198264375722,50.017433932946375,546.9041279730637,1911.8159113096485
2025-08-16,2025,8,LATO,22.787746783533954,50.017433932946375,9482.214540611112,1891.4543335925541
2025-08-16,2025,8,LATO,22.85062885342232,50.017433932946375,13987.41136562942,1894.4685629272403
2025-08-16,2025,8,LATO,22.91351092331069,50.017433932946375,18493.295106497215,1899.0405623312174
2025-08-16,2025,8,LATO,22.976392993199056,50.017433932946375,22999.459790241206,1899.331062345415
2025-08-16,2025,8,LATO,22.34757229431539,50.08031600283475,23051.026458445827,1884.8764508325637
2025-08-16,2025,8,LATO,22.41045436420376,50.08031600283475,18787.88931886113,1896.3610690141531
2025-08-16,2025,8,LATO,22.47333643409212,50.08031600283475,14669.207720469998,1895.041490721876
2025-08-16,2025,8,LATO,22.536218503980486,50.08031600283475,10860.59604484225,1904.7938761540215
2025-08-16,2025,8,LATO,22.599100573868853,50.08031600283475,7828.509333679053,1907.509643554621
2025-08-16,2025,8,LATO,22.66198264375722,50.08031600283475,6721.951918521457,1910.3340688048888
2025-08-16,2025,8,LATO,22.724864713645587,50.08031600283475,8345.634637596631,1875.744864285938
2025-08-16,2025,8,LATO,22.787746783533954,50.08031600283475,11605.201548529596,1883.0917293610055
2025-08-16,2025,8,LATO,22.85062885342232,50.08031600283475,15500.899719003963,1895.449727144243
2025-08-16,2025,8,LATO,22.91351092331069,50.08031600283475,19658.104679822707,1893.7329012866721
2025-08-16,2025,8,LATO,22.976392993199056,50.08031600283475,23940.972143896157,1890.7965831752392
2025-08-16,2025,8,LATO,22.41045436420376,50.14319807272311,22255.639674341124,1907.3285727236919
2025-08-16,2025,8,LATO,22.47333643409212,50.14319807272311,18912.821096659845,1902.7349169259398
2025-08-16,2025,8,LATO,22.536218503980486,50.14319807272311,16142.772473991205,1894.9797443784453
2025-08-16,2025,8,LATO,22.599100573868853,50.14319807272311,14282.730997575229,1898.2078837455442
2025-08-16,2025,8,LATO,22.66198264375722,50.14319807272311,13708.26641514638,1906.6416999355556
2025-08-16,2025,8,LATO,22.724864713645587,50.14319807272311,14572.216767859765,1872.9569695946047
2025-08-16,2025,8,LATO,22.787746783533954,50.14319807272311,16652.187004218555,1869.697768083281
2025-08-16,2025,8,LATO,22.85062885342232,50.14319807272311,19564.10422711799,1881.453528126427
2025-08-16,2025,8,LATO,22.91351092331069,50.14319807272311,22994.042651792173,1892.9639110657452
2025-08-16,2025,8,LATO,22.47333643409212,50.20608014261147,24455.13362495998,1905.4127968339076
2025-08-16,2025,8,LATO,22.536218503980486,50.20608014261147,22384.711336172233,1907.3281455365575
2025-08-16,2025,8,LATO,22.599100573868853,50.20608014261147,21084.51665211945,1907.5961632225576
2025-08-16,2025,8,LATO,22.66198264375722,50.20608014261147,20700.19529736023,1892.555771420846
2025-08-16,2025,8,LATO,22.724864713645587,50.20608014261147,21281.42348392957,1888.8311518743865
2025-08-16,2025,8,LATO,22.787746783533954,50.20608014261147,22754.3316198966,1883.0559556404746
2025-08-16,2025,8,LATO,22.52921495298159,49.82528594778182,23482.598907909694,1896.11428266092
2025-08-16,2025,8,LATO,22.59209702286995,49.82528594778182,22134.216821942802,1896.130994728829
2025-08-16,2025,8,LATO,22.654979092758325,49.82528594778182,21660.91852740919,1896.1644331419216
2025-08-16,2025,8,LATO,22.717861162646685,49.82528594778182,22118.94911551003,1896.1811594888215
2025-08-16,2025,8,LATO,22.780743232535045,49.82528594778182,23453.80909912117,1904.9664601776753
2025-08-16,2025,8,LATO,22.403450813204856,49.888168017670196,23287.026717013792,1907.707885742212
2025-08-16,2025,8,LATO,22.466332883093216,49.888168017670196,19985.006430914327,1907.7078857422161
2025-08-16,2025,8,LATO,22.52921495298159,49.888168017670196,17240.74662826544,1908.9372558594036
2025-08-16,2025,8,LATO,22.59209702286995,49.888168017670196,15356.24322681715,1908.9372558593998
2025-08-16,2025,8,LATO,22.654979092758325,49.888168017670196,14666.728971867851,1908.9372558593043
2025-08-16,2025,8,LATO,22.717861162646685,49.888168017670196,15334.257013983226,1907.4748365266157
2025-08-16,2025,8,LATO,22.780743232535045,49.888168017670196,17201.56405242445,1904.1699218749295
2025-08-16,2025,8,LATO,22.84362530242342,49.888168017670196,19934.296373654284,1904.1699218750286
2025-08-16,2025,8,LATO,22.90650737231178,49.888168017670196,23229.001971549216,1904.1699218750246
2025-08-16,2025,8,LATO,22.34056874331648,49.951050087558556,23853.497622880714,1913.8474087644017
2025-08-16,2025,8,LATO,22.403450813204856,49.951050087558556,19637.08110412377,1913.8376396800775
2025-08-16,2025,8,LATO,22.466332883093216,49.951050087558556,15585.744667042714,1913.8327767170217
2025-08-16,2025,8,LATO,22.52921495298159,49.951050087558556,11869.748008439465,1905.5340958324261
2025-08-16,2025,8,LATO,22.59209702286995,49.951050087558556,8918.603959277263,1905.5264340195827
2025-08-16,2025,8,LATO,22.654979092758325,49.951050087558556,7672.491233994431,1905.5111357454073
2025-08-16,2025,8,LATO,22.717861162646685,49.951050087558556,8880.743477854165,1906.2709456242926
2025-08-16,2025,8,LATO,22.780743232535045,49.951050087558556,11812.837535867502,1906.9183016636475
2025-08-16,2025,8,LATO,22.84362530242342,49.951050087558556,15520.752413875689,1906.946885910787
2025-08-16,2025,8,LATO,22.90650737231178,49.951050087558556,19568.325954388692,1906.6681646676868
2025-08-16,2025,8,LATO,22.969389442200153,49.951050087558556,23782.764453366082,1903.5366700483537
2025-08-16,2025,8,LATO,22.34056874331648,50.01393215744693,22581.388826943046,1917.1252547704228
2025-08-16,2025,8,LATO,22.403450813204856,50.01393215744693,18077.15755204921,1917.1230695615573
2025-08-16,2025,8,LATO,22.466332883093216,50.01393215744693,13574.608347456895,1913.6630858403585
2025-08-16,2025,8,LATO,22.52921495298159,50.01393215744693,9076.250438252355,1904.8210713289445
2025-08-16,2025,8,LATO,22.59209702286995,50.01393215744693,4594.419217968531,1904.8239397658601
2025-08-16,2025,8,LATO,22.654979092758325,50.01393215744693,679.070137208203,1904.7995036028874
2025-08-16,2025,8,LATO,22.717861162646685,50.01393215744693,4520.583065980076,1900.923888541103
2025-08-16,2025,8,LATO,22.780743232535045,50.01393215744693,9001.793660212837,1900.6850286069257
2025-08-16,2025,8,LATO,22.84362530242342,50.01393215744693,13500.034948142751,1900.7249917994943
2025-08-16,2025,8,LATO,22.90650737231178,50.01393215744693,18002.54324074553,1896.7626866390904
2025-08-16,2025,8,LATO,22.969389442200153,50.01393215744693,22506.75559448251,1893.118029474593
2025-08-16,2025,8,LATO,22.34056874331648,50.07681422733529,23424.15040685969,1916.8393827031416
2025-08-16,2025,8,LATO,22.403450813204856,50.07681422733529,19125.752461660293,1916.8446439254078
2025-08-16,2025,8,LATO,22.466332883093216,50.07681422733529,14948.807181163858,1911.0205949117862
2025-08-16,2025,8,LATO,22.52921495298159,50.07681422733529,11032.145033735591,1905.1144918374962
2025-08-16,2025,8,LATO,22.59209702286995,50.07681422733529,7779.374916116361,1905.1114491244743
2025-08-16,2025,8,LATO,22.654979092758325,50.07681422733529,6316.500335206442,1904.0663148260426
2025-08-16,2025,8,LATO,22.717861162646685,50.07681422733529,7736.054434880606,1900.0803010967913
2025-08-16,2025,8,LATO,22.780743232535045,50.07681422733529,10971.050514594575,1899.9892108106123
2025-08-16,2025,8,LATO,22.84362530242342,50.07681422733529,14881.210440322513,1899.8981319517884
2025-08-16,2025,8,LATO,22.90650737231178,50.07681422733529,19055.33677829462,1893.0053357329896
2025-08-16,2025,8,LATO,22.969389442200153,50.07681422733529,23352.304839482214,1890.343225914234
2025-08-16,2025,8,LATO,22.403450813204856,50.13969629722365,22419.875282968027,1897.6472225706057
2025-08-16,2025,8,LATO,22.466332883093216,50.13969629722365,18987.08931505016,1898.6059909690944
2025-08-16,2025,8,LATO,22.52921495298159,50.13969629722365,16089.880628363611,1898.6718750000693
2025-08-16,2025,8,LATO,22.59209702286995,50.13969629722365,14063.247330519198,1898.6718749999334
2025-08-16,2025,8,LATO,22.654979092758325,50.13969629722365,13310.95169484997,1885.5000155798225
2025-08-16,2025,8,LATO,22.717861162646685,50.13969629722365,14039.361473615256,1876.950317382881
2025-08-16,2025,8,LATO,22.780743232535045,50.13969629722365,16048.107238000995,1876.9503173828487
2025-08-16,2025,8,LATO,22.84362530242342,50.13969629722365,18933.985034513204,1880.1949349003883
2025-08-16,2025,8,LATO,22.90650737231178,50.13969629722365,22359.914557384236,1898.67517089847
2025-08-16,2025,8,LATO,22.466332883093216,50.202578367112025,24400.854582621858,1904.666808367165
2025-08-16,2025,8,LATO,22.52921495298159,50.202578367112025,22224.080749574292,1904.674083712818
2025-08-16,2025,8,LATO,22.59209702286995,50.202578367112025,20805.782791307236,1904.6777241812686
2025-08-16,2025,8,LATO,22.654979092758325,50.202578367112025,20305.5190233768,1879.4952517749798
2025-08-16,2025,8,LATO,22.717861162646685,50.202578367112025,20789.666251345094,1879.242041668981
2025-08-16,2025,8,LATO,22.780743232535045,50.202578367112025,22193.89587436336,1879.3840817346631
2025-08-16,2025,8,LATO,22.84362530242342,50.202578367112025,24359.60951285494,1889.6751582780685
2025-08-28,2025,8,LATO,22.532716728481034,49.82878772328128,23026.23548838651,1864.2884521484978
2025-08-28,2025,8,LATO,22.59559879836941,49.82878772328128,21701.93311098845,1865.2641099245911
2025-08-28,2025,8,LATO,22.65848086825777,49.82878772328128,21272.472014788556,1888.3823377165272
2025-08-28,2025,8,LATO,22.721362938146143,49.82878772328128,21790.82297333169,1887.0714958484243
2025-08-28,2025,8,LATO,22.4069525887043,49.89166979316964,22846.47125524897,1908.601142161894
2025-08-28,2025,8,LATO,22.469834658592674,49.89166979316964,19528.29592852939,1899.467219313691
2025-08-28,2025,8,LATO,22.532716728481034,49.89166979316964,16777.14173728684,1891.8800692383766
2025-08-28,2025,8,LATO,22.59559879836941,49.89166979316964,14910.254226564526,1907.3391188779553
2025-08-28,2025,8,LATO,22.65848086825777,49.89166979316964,14278.788319827705,1916.600590331586
2025-08-28,2025,8,LATO,22.34407051881594,49.954551863058015,23491.421593126583,1918.672122429844
2025-08-28,2025,8,LATO,22.4069525887043,49.954551863058015,19254.888344842857,1916.57730910101
2025-08-28,2025,8,LATO,22.469834658592674,49.954551863058015,15176.511228660444,1900.3896960471127
2025-08-28,2025,8,LATO,22.532716728481034,49.954551863058015,11426.911706085219,1900.2455423411207
2025-08-28,2025,8,LATO,22.59559879836941,49.954551863058015,8455.428940932505,1908.808529946718
2025-08-28,2025,8,LATO,22.65848086825777,49.954551863058015,7286.037320534922,1914.1688889012669
2025-08-28,2025,8,LATO,22.784245008034503,49.954551863058015,11759.523976917604,1920.4104366989584
2025-08-28,2025,8,LATO,22.847127077922863,49.954551863058015,15552.962263779697,1920.410402947215
2025-08-28,2025,8,LATO,22.910009147811238,49.954551863058015,19651.333430628496,1920.120147604305
2025-08-28,2025,8,LATO,22.972891217699598,49.954551863058015,23898.265526296207,1911.6538128729587
2025-08-28,2025,8,LATO,22.34407051881594,50.017433932946375,22321.28802408236,1933.317970481183
2025-08-28,2025,8,LATO,22.4069525887043,50.017433932946375,17815.15350017437,1906.4501871889295
2025-08-28,2025,8,LATO,22.469834658592674,50.017433932946375,13309.335309895498,1896.7140814395282
2025-08-28,2025,8,LATO,22.532716728481034,50.017433932946375,8804.324772825048,1886.3383267929744
2025-08-28,2025,8,LATO,22.59559879836941,50.017433932946375,4302.667734522494,1883.2683106514207
2025-08-28,2025,8,LATO,22.65848086825777,50.017433932946375,359.0171461258216,1886.290272956708
2025-08-28,2025,8,LATO,22.721362938146143,50.017433932946375,4729.056725075273,1891.9175564265618
2025-08-28,2025,8,LATO,22.784245008034503,50.017433932946375,9231.369764738394,1915.7141708341746
2025-08-28,2025,8,LATO,22.847127077922863,50.017433932946375,13736.501706199297,1923.864871433499
2025-08-28,2025,8,LATO,22.910009147811238,50.017433932946375,18242.362196343674,1911.4714396526654
2025-08-28,2025,8,LATO,22.972891217699598,50.017433932946375,22748.51608264462,1906.4332969650604
2025-08-28,2025,8,LATO,22.34407051881594,50.08031600283475,23291.093235142445,1921.9608154296245
2025-08-28,2025,8,LATO,22.4069525887043,50.08031600283475,19022.380468476964,1898.7623472283517
2025-08-28,2025,8,LATO,22.469834658592674,50.08031600283475,14892.709365227212,1899.4271589959758
2025-08-28,2025,8,LATO,22.532716728481034,50.08031600283475,11058.96201605659,1872.8444738772662
2025-08-28,2025,8,LATO,22.59559879836941,50.08031600283475,7960.816914998515,1872.6354797447161
2025-08-28,2025,8,LATO,22.65848086825777,50.08031600283475,6709.295794220818,1861.2405776513895
2025-08-28,2025,8,LATO,22.721362938146143,50.08031600283475,8198.816506939642,1882.3008372083184
2025-08-28,2025,8,LATO,22.784245008034503,50.08031600283475,11401.431088470114,1915.785207804986
2025-08-28,2025,8,LATO,22.847127077922863,50.08031600283475,15275.168680265926,1906.7126252073092
2025-08-28,2025,8,LATO,22.910009147811238,50.08031600283475,19422.536655809552,1890.542138270684
2025-08-28,2025,8,LATO,22.972891217699598,50.08031600283475,23700.315803838097,1895.002907361517
2025-08-28,2025,8,LATO,22.4069525887043,50.14319807272311,22453.687107535116,1899.049593941682
2025-08-28,2025,8,LATO,22.469834658592674,50.14319807272311,19086.46862917077,1898.8720587058115
2025-08-28,2025,8,LATO,22.532716728481034,50.14319807272311,16276.716427633999,1886.6735557392062
2025-08-28,2025,8,LATO,22.59559879836941,50.14319807272311,14355.581307090208,1882.5939735217512
2025-08-28,2025,8,LATO,22.65848086825777,50.14319807272311,13702.072942767301,1869.7332729723578
2025-08-28,2025,8,LATO,22.721362938146143,50.14319807272311,14488.742529553769,1894.4567818194053
2025-08-28,2025,8,LATO,22.784245008034503,50.14319807272311,16511.00859423297,1902.0960737997304
2025-08-28,2025,8,LATO,22.847127077922863,50.14319807272311,19385.978407501865,1903.8774278985059
2025-08-28,2025,8,LATO,22.910009147811238,50.14319807272311,22793.24238716545,1901.3575636946484
2025-08-28,2025,8,LATO,22.469834658592674,50.20608014261147,24589.497425126534,1920.2722889549239
2025-08-28,2025,8,LATO,22.532716728481034,50.20608014261147,22481.370018975245,1925.0098876953828
2025-08-28,2025,8,LATO,22.59559879836941,50.20608014261147,21133.868947761264,1924.5653560428664
2025-08-28,2025,8,LATO,22.721362938146143,50.20608014261147,21224.42756260835,1902.4234884865234
2025-08-28,2025,8,LATO,22.784245008034503,50.20608014261147,22651.353698077353,1900.680243618979
2025-08-28,2025,8,LATO,22.847127077922863,50.20608014261147,24822.39180988345,1894.9233065706057
2025-08-30,2025,8,LATO,22.417457915202657,49.89166979316964,22262.91512756393,1900.4160144451148
2025-08-30,2025,8,LATO,22.417457915202657,49.954551863058015,18559.66253791124,1900.416010334873
2025-08-30,2025,8,LATO,22.354575845314294,50.017433932946375,21568.461962262016,1925.7512272043848
2026-01-21,2026,1,ZIMA,22.536218503980486,49.818282396782934,24019.326514569773,1893.6096205576841
2026-01-21,2026,1,ZIMA,22.599100573868853,49.818282396782934,22802.47617684376,1902.2419993828203
2026-01-21,2026,1,ZIMA,22.66198264375722,49.818282396782934,22444.696627260928,1922.4276807847432
2026-01-21,2026,1,ZIMA,22.724864713645587,49.818282396782934,22986.136422290838,1929.9106664601481
2026-01-21,2026,1,ZIMA,22.41045436420376,49.881164466671294,23406.36946697118,1919.7484199120142
2026-01-21,2026,1,ZIMA,22.47333643409212,49.881164466671294,20235.837319248625,1913.3868213364576
2026-01-21,2026,1,ZIMA,22.536218503980486,49.881164466671294,17659.38802055164,1915.126120702511
2026-01-21,2026,1,ZIMA,22.599100573868853,49.881164466671294,15967.23939546127,1920.1321958599895
2026-01-21,2026,1,ZIMA,22.66198264375722,49.881164466671294,15452.676888664115,1919.8334395872516
2026-01-21,2026,1,ZIMA,22.34757229431539,49.944046536559654,23647.074144017002,1941.186460230895
2026-01-21,2026,1,ZIMA,22.41045436420376,49.944046536559654,19501.640540902066,1907.322688587045
2026-01-21,2026,1,ZIMA,22.47333643409212,49.944046536559654,15560.355064446561,1908.836583256919
2026-01-21,2026,1,ZIMA,22.536218503980486,49.944046536559654,12025.649066837728,1913.3913748718455
2026-01-21,2026,1,ZIMA,22.66198264375722,49.944046536559654,8464.178570607857,1920.1321779075786
2026-01-21,2026,1,ZIMA,22.34757229431539,50.006928606448014,22118.907344210114,1954.8387224957194
2026-02-01,2026,2,ZIMA,22.668986194756126,49.818282396782934,22460.758843357904,1916.3335429084018
2026-02-01,2026,2,ZIMA,22.60610412486776,49.881164466671294,15847.281406598506,1920.6148009765768
2026-02-01,2026,2,ZIMA,22.668986194756126,49.881164466671294,15475.967440865885,1919.7110371735846
2026-02-01,2026,2,ZIMA,22.73186826464449,49.881164466671294,16389.27926047518,1916.8896760328053
2026-02-01,2026,2,ZIMA,22.794750334532857,49.881164466671294,18396.87936768486,1933.2776500776363
2026-02-01,2026,2,ZIMA,22.857632404421224,49.881164466671294,21189.99202699651,1936.2353554936287
2026-02-01,2026,2,ZIMA,22.92051447430959,49.881164466671294,24501.433160808512,1929.3409186737085
2026-02-01,2026,2,ZIMA,22.417457915202657,49.944046536559654,19050.194082674974,1937.8737304167576
2026-02-01,2026,2,ZIMA,22.480339985091025,49.944046536559654,15141.051196505394,1937.873649685728
2026-02-01,2026,2,ZIMA,22.543222054979392,49.944046536559654,11673.64126210208,1937.8736816403075
2026-02-01,2026,2,ZIMA,22.60610412486776,49.944046536559654,9163.917044842108,1920.6578316133275
2026-02-01,2026,2,ZIMA,22.668986194756126,49.944046536559654,8506.56967393002,1920.6578579174272
2026-02-01,2026,2,ZIMA,22.73186826464449,49.944046536559654,10071.089278044556,1921.5286477560537
2026-02-01,2026,2,ZIMA,22.794750334532857,49.944046536559654,13083.306804570208,1927.418797555853
2026-02-01,2026,2,ZIMA,22.857632404421224,49.944046536559654,16780.941025819608,1938.9516711164447
2026-02-01,2026,2,ZIMA,22.480339985091025,50.006928606448014,12638.950019411841,1937.8736554733603
2026-02-01,2026,2,ZIMA,22.543222054979392,50.006928606448014,8178.418270760709,1937.8736810771288
2026-02-01,2026,2,ZIMA,22.857632404421224,50.006928606448014,14561.02499648593,1923.9072926775762
2026-02-17,2026,2,ZIMA,22.73186826464449,49.881164466671294,16389.27926047518,1985.4783678966255
2026-02-17,2026,2,ZIMA,22.857632404421224,49.881164466671294,21189.99202699651,1949.7145405734436
2026-02-17,2026,2,ZIMA,22.92051447430959,49.881164466671294,24501.433160808512,1950.9251676316496
2026-02-17,2026,2,ZIMA,22.668986194756126,49.944046536559654,8506.56967393002,1985.4784122082565
2026-02-17,2026,2,ZIMA,22.73186826464449,49.944046536559654,10071.089278044556,1985.4783929869045
2026-02-17,2026,2,ZIMA,22.794750334532857,49.944046536559654,13083.306804570208,1985.4784011370302
2026-02-17,2026,2,ZIMA,22.857632404421224,49.944046536559654,16780.941025819608,1948.4075453805654
2026-02-17,2026,2,ZIMA,22.92051447430959,49.944046536559654,20801.632851319795,1948.7169612390746
2026-02-17,2026,2,ZIMA,22.794750334532857,50.006928606448014,10086.631749185417,1947.6000967187365
2026-02-17,2026,2,ZIMA,22.857632404421224,50.006928606448014,14561.02499648593,1953.143013994943
2026-02-17,2026,2,ZIMA,22.92051447430959,50.006928606448014,19050.84269112359,1949.4637750327772
2026-02-17,2026,2,ZIMA,22.98339654419796,50.006928606448014,23547.261160031503,1948.2689462002033
2026-02-17,2026,2,ZIMA,22.794750334532857,50.069810676336374,11408.307713933447,1947.6001354583266
2026-02-17,2026,2,ZIMA,22.857632404421224,50.069810676336374,15501.25262122609,1947.6001103876933
2026-02-17,2026,2,ZIMA,22.92051447430959,50.069810676336374,19773.79626047972,1945.2074538638833
2026-02-17,2026,2,ZIMA,22.98339654419796,50.069810676336374,24130.725788332762,1946.2904765213589
2026-02-17,2026,2,ZIMA,22.857632404421224,50.13269274622476,19141.56780290254,1942.5977599098615
2026-02-17,2026,2,ZIMA,22.92051447430959,50.13269274622476,22735.79955325739,1942.597766587963
2026-02-26,2026,2,ZIMA,22.543222054979392,49.818282396782934,23844.580738967565,1878.2057021433031
2026-02-26,2026,2,ZIMA,22.60610412486776,49.818282396782934,22718.528932761306,1883.1973784981062
2026-02-26,2026,2,ZIMA,22.668986194756126,49.818282396782934,22460.758843357904,1882.3686797110386
2026-02-26,2026,2,ZIMA,22.73186826464449,49.818282396782934,23100.35486137293,1901.6692443261015
2026-02-26,2026,2,ZIMA,22.794750334532857,49.818282396782934,24567.33080198617,1902.4810590076274
2026-02-26,2026,2,ZIMA,22.417457915202657,49.881164466671294,23031.096518731556,1875.3583318046449
2026-02-26,2026,2,ZIMA,22.480339985091025,49.881164466671294,19914.797531770357,1889.4241012707823
2026-02-26,2026,2,ZIMA,22.543222054979392,49.881164466671294,17421.274692648036,1891.1700804376478
2026-02-26,2026,2,ZIMA,22.60610412486776,49.881164466671294,15847.281406598506,1881.0969271678205
2026-02-26,2026,2,ZIMA,22.668986194756126,49.881164466671294,15475.967440865885,1882.52381560452
2026-02-26,2026,2,ZIMA,22.73186826464449,49.881164466671294,16389.27926047518,1903.3971397023272
2026-02-26,2026,2,ZIMA,22.794750334532857,49.881164466671294,18396.87936768486,1899.161883572872
2026-02-26,2026,2,ZIMA,22.857632404421224,49.881164466671294,21189.99202699651,1891.1576078753765
2026-02-26,2026,2,ZIMA,22.354575845314294,49.944046536559654,23178.636067204665,1887.4715388324855
2026-02-26,2026,2,ZIMA,22.417457915202657,49.944046536559654,19050.194082674974,1881.8232816400036
2026-02-26,2026,2,ZIMA,22.480339985091025,49.944046536559654,15141.051196505394,1879.6643066405634
2026-02-26,2026,2,ZIMA,22.543222054979392,49.944046536559654,11673.64126210208,1880.1205359280962
2026-02-26,2026,2,ZIMA,22.60610412486776,49.944046536559654,9163.917044842108,1879.616023176614
2026-02-26,2026,2,ZIMA,22.668986194756126,49.944046536559654,8506.56967393002,1886.2563397399251
2026-02-26,2026,2,ZIMA,22.73186826464449,49.944046536559654,10071.089278044556,1903.3792593120756
2026-02-26,2026,2,ZIMA,22.794750334532857,49.944046536559654,13083.306804570208,1890.2395763442573
2026-02-26,2026,2,ZIMA,22.857632404421224,49.944046536559654,16780.941025819608,1886.6112043997014
2026-02-26,2026,2,ZIMA,22.92051447430959,49.944046536559654,20801.632851319795,1910.155503756857
2026-02-26,2026,2,ZIMA,22.354575845314294,50.006928606448014,21618.040770891686,1880.4996636902636
2026-02-26,2026,2,ZIMA,22.417457915202657,50.006928606448014,17123.886130947034,1881.8259897790365
2026-02-26,2026,2,ZIMA,22.480339985091025,50.006928606448014,12638.950019411841,1883.8519115077743
2026-02-26,2026,2,ZIMA,22.543222054979392,50.006928606448014,8178.418270760709,1883.6046490185824
2026-02-26,2026,2,ZIMA,22.60610412486776,50.006928606448014,3828.5697965801783,1885.386004382715
2026-02-26,2026,2,ZIMA,22.668986194756126,50.006928606448014,1748.5319321300367,1897.841686703956
2026-02-26,2026,2,ZIMA,22.73186826464449,50.006928606448014,5664.34100011555,1893.7397384861918
2026-02-26,2026,2,ZIMA,22.794750334532857,50.006928606448014,10086.631749185417,1889.9954387002185
2026-02-26,2026,2,ZIMA,22.857632404421224,50.006928606448014,14561.02499648593,1909.5102651673035
2026-02-26,2026,2,ZIMA,22.92051447430959,50.006928606448014,19050.84269112359,1905.960017375003
2026-02-26,2026,2,ZIMA,22.98339654419796,50.006928606448014,23547.261160031503,1885.6998291015336
2026-02-26,2026,2,ZIMA,22.354575845314294,50.069810676336374,22254.703554634234,1882.867176327493
2026-02-26,2026,2,ZIMA,22.417457915202657,50.069810676336374,17927.26609080291,1884.1484074349212
2026-02-26,2026,2,ZIMA,22.480339985091025,50.069810676336374,13714.105266687462,1884.6375608262967
2026-02-26,2026,2,ZIMA,22.543222054979392,50.069810676336374,9764.291031138966,1884.7330818458906
2026-02-26,2026,2,ZIMA,22.60610412486776,50.069810676336374,6571.229399687279,1891.7780812445485
2026-02-26,2026,2,ZIMA,22.668986194756126,50.069810676336374,5621.002175186564,1896.6165223183045
2026-02-26,2026,2,ZIMA,22.73186826464449,50.069810676336374,7783.641630589393,1892.462354853165
2026-02-26,2026,2,ZIMA,22.794750334532857,50.069810676336374,11408.307713933447,1891.5052829248264
2026-02-26,2026,2,ZIMA,22.857632404421224,50.069810676336374,15501.25262122609,1909.714290931886
2026-02-26,2026,2,ZIMA,22.92051447430959,50.069810676336374,19773.79626047972,1893.3604747828922
2026-02-26,2026,2,ZIMA,22.98339654419796,50.069810676336374,24130.725788332762,1885.954231117633
2026-02-26,2026,2,ZIMA,22.417457915202657,50.13269274622476,21151.631610266355,1879.3420444445487
2026-02-26,2026,2,ZIMA,22.480339985091025,50.13269274622476,17727.262098033436,1881.1518849108777
2026-02-26,2026,2,ZIMA,22.543222054979392,50.13269274622476,14887.64579548281,1880.942431125024
2026-02-26,2026,2,ZIMA,22.60610412486776,50.13269274622476,13021.138631167756,1901.1779964671866
2026-02-26,2026,2,ZIMA,22.668986194756126,50.13269274622476,12569.002778005643,1902.7186714222873
2026-02-26,2026,2,ZIMA,22.73186826464449,50.13269274622476,13672.280669832127,1873.1787510814788
2026-02-26,2026,2,ZIMA,22.794750334532857,50.13269274622476,16012.635344732576,1877.5899221914128
2026-02-26,2026,2,ZIMA,22.857632404421224,50.13269274622476,19141.56780290254,1901.582609970192
2026-02-26,2026,2,ZIMA,22.92051447430959,50.13269274622476,22735.79955325739,1875.6733450773738
2026-02-26,2026,2,ZIMA,22.480339985091025,50.19557481611312,23200.949158687763,1882.1333465254277
2026-02-26,2026,2,ZIMA,22.543222054979392,50.19557481611312,21113.780703731318,1882.039561976975
2026-02-26,2026,2,ZIMA,22.60610412486776,50.19557481611312,19843.59108096418,1896.2372251685956
2026-02-26,2026,2,ZIMA,22.668986194756126,50.19557481611312,19550.26980713652,1892.156495146332
2026-02-26,2026,2,ZIMA,22.73186826464449,50.19557481611312,20276.255232597017,1879.14861866706
2026-02-26,2026,2,ZIMA,22.794750334532857,50.19557481611312,21920.506821805833,1896.003041095232
2026-02-26,2026,2,ZIMA,22.857632404421224,50.19557481611312,24297.313099085826,1903.8935951607023
2026-02-27,2026,2,ZIMA,22.543222054979392,49.818282396782934,23844.580738967565,1895.4702937244283
2026-02-27,2026,2,ZIMA,22.60610412486776,49.818282396782934,22718.528932761306,1900.487713605961
2026-02-27,2026,2,ZIMA,22.668986194756126,49.818282396782934,22460.758843357904,1899.5561751623502
2026-02-27,2026,2,ZIMA,22.73186826464449,49.818282396782934,23100.35486137293,1898.2297304176514
2026-02-27,2026,2,ZIMA,22.794750334532857,49.818282396782934,24567.33080198617,1902.5576563521936
2026-02-27,2026,2,ZIMA,22.417457915202657,49.881164466671294,23031.096518731556,1890.2924216889876
2026-02-27,2026,2,ZIMA,22.480339985091025,49.881164466671294,19914.797531770357,1902.336679996984
2026-02-27,2026,2,ZIMA,22.543222054979392,49.881164466671294,17421.274692648036,1908.1112623521394
2026-02-27,2026,2,ZIMA,22.60610412486776,49.881164466671294,15847.281406598506,1897.358207539923
2026-02-27,2026,2,ZIMA,22.668986194756126,49.881164466671294,15475.967440865885,1895.8362481288234
2026-02-27,2026,2,ZIMA,22.73186826464449,49.881164466671294,16389.27926047518,1907.1380425392888
2026-02-27,2026,2,ZIMA,22.794750334532857,49.881164466671294,18396.87936768486,1909.0429687499293
2026-02-27,2026,2,ZIMA,22.857632404421224,49.881164466671294,21189.99202699651,1908.4423302862956
2026-02-27,2026,2,ZIMA,22.354575845314294,49.944046536559654,23178.636067204665,1885.8198756358258
2026-02-27,2026,2,ZIMA,22.417457915202657,49.944046536559654,19050.194082674974,1891.481648157572
2026-02-27,2026,2,ZIMA,22.480339985091025,49.944046536559654,15141.051196505394,1909.250258034329
2026-02-27,2026,2,ZIMA,22.543222054979392,49.944046536559654,11673.64126210208,1909.2704832090349
2026-02-27,2026,2,ZIMA,22.60610412486776,49.944046536559654,9163.917044842108,1892.5501999786052
2026-02-27,2026,2,ZIMA,22.668986194756126,49.944046536559654,8506.56967393002,1893.5885075603287
2026-02-27,2026,2,ZIMA,22.73186826464449,49.944046536559654,10071.089278044556,1905.9325615168816
2026-02-27,2026,2,ZIMA,22.794750334532857,49.944046536559654,13083.306804570208,1906.3847634485132
2026-02-27,2026,2,ZIMA,22.857632404421224,49.944046536559654,16780.941025819608,1899.702035165639
2026-02-27,2026,2,ZIMA,22.354575845314294,50.006928606448014,21618.040770891686,1881.632535627302
2026-02-27,2026,2,ZIMA,22.417457915202657,50.006928606448014,17123.886130947034,1889.523244716882
2026-02-27,2026,2,ZIMA,22.480339985091025,50.006928606448014,12638.950019411841,1904.565124257752
2026-02-27,2026,2,ZIMA,22.543222054979392,50.006928606448014,8178.418270760709,1900.1535809374989
2026-02-27,2026,2,ZIMA,22.60610412486776,50.006928606448014,3828.5697965801783,1893.3582763672568
2026-02-27,2026,2,ZIMA,22.668986194756126,50.006928606448014,1748.5319321300367,1900.571111429373
2026-02-27,2026,2,ZIMA,22.73186826464449,50.006928606448014,5664.34100011555,1907.335669440499
2026-02-27,2026,2,ZIMA,22.794750334532857,50.006928606448014,10086.631749185417,1899.1116702299255
2026-02-27,2026,2,ZIMA,22.857632404421224,50.006928606448014,14561.02499648593,1892.9593467478855
2026-02-27,2026,2,ZIMA,22.92051447430959,50.006928606448014,19050.84269112359,1891.4530421551049
2026-02-27,2026,2,ZIMA,22.98339654419796,50.006928606448014,23547.261160031503,1888.196213377151
2026-02-27,2026,2,ZIMA,22.354575845314294,50.069810676336374,22254.703554634234,1882.3718138155061
2026-02-27,2026,2,ZIMA,22.417457915202657,50.069810676336374,17927.26609080291,1902.059972921646
2026-02-27,2026,2,ZIMA,22.480339985091025,50.069810676336374,13714.105266687462,1902.2279531729034
2026-02-27,2026,2,ZIMA,22.543222054979392,50.069810676336374,9764.291031138966,1890.4111898347344
2026-02-27,2026,2,ZIMA,22.60610412486776,50.069810676336374,6571.229399687279,1891.0850844373583
2026-02-27,2026,2,ZIMA,22.668986194756126,50.069810676336374,5621.002175186564,1905.195038986024
2026-02-27,2026,2,ZIMA,22.73186826464449,50.069810676336374,7783.641630589393,1907.1509665148753
2026-02-27,2026,2,ZIMA,22.794750334532857,50.069810676336374,11408.307713933447,1894.9953742313396
2026-02-27,2026,2,ZIMA,22.857632404421224,50.069810676336374,15501.25262122609,1892.0388266300552
2026-02-27,2026,2,ZIMA,22.92051447430959,50.069810676336374,19773.79626047972,1896.4380185915093
2026-02-27,2026,2,ZIMA,22.98339654419796,50.069810676336374,24130.725788332762,1896.6545089176943
2026-02-27,2026,2,ZIMA,22.417457915202657,50.13269274622476,21151.631610266355,1885.888849018953
2026-02-27,2026,2,ZIMA,22.480339985091025,50.13269274622476,17727.262098033436,1875.7498214481413
2026-02-27,2026,2,ZIMA,22.543222054979392,50.13269274622476,14887.64579548281,1878.0693901718687
2026-02-27,2026,2,ZIMA,22.60610412486776,50.13269274622476,13021.138631167756,1894.206676338145
2026-02-27,2026,2,ZIMA,22.668986194756126,50.13269274622476,12569.002778005643,1895.273193359313
2026-02-27,2026,2,ZIMA,22.73186826464449,50.13269274622476,13672.280669832127,1881.2251024548598
2026-02-27,2026,2,ZIMA,22.794750334532857,50.13269274622476,16012.635344732576,1885.141611938218
2026-02-27,2026,2,ZIMA,22.857632404421224,50.13269274622476,19141.56780290254,1861.7648763169434
2026-02-27,2026,2,ZIMA,22.92051447430959,50.13269274622476,22735.79955325739,1877.7269433173876
2026-02-27,2026,2,ZIMA,22.480339985091025,50.19557481611312,23200.949158687763,1872.082897082589
2026-02-27,2026,2,ZIMA,22.543222054979392,50.19557481611312,21113.780703731318,1872.9469675729388
2026-02-27,2026,2,ZIMA,22.60610412486776,50.19557481611312,19843.59108096418,1888.5610447333065
2026-02-27,2026,2,ZIMA,22.668986194756126,50.19557481611312,19550.26980713652,1889.591877603093
2026-02-27,2026,2,ZIMA,22.73186826464449,50.19557481611312,20276.255232597017,1874.991960118453
2026-02-27,2026,2,ZIMA,22.794750334532857,50.19557481611312,21920.506821805833,1875.7732110863383
2026-02-27,2026,2,ZIMA,22.857632404421224,50.19557481611312,24297.313099085826,1869.8732899666302
2026-02-28,2026,2,ZIMA,22.543222054979392,49.818282396782934,23844.580738967565,1860.520713799289
2026-02-28,2026,2,ZIMA,22.60610412486776,49.818282396782934,22718.528932761306,1876.1269449409274
2026-02-28,2026,2,ZIMA,22.668986194756126,49.818282396782934,22460.758843357904,1888.5807084333517
2026-02-28,2026,2,ZIMA,22.73186826464449,49.818282396782934,23100.35486137293,1890.7252197265213
2026-02-28,2026,2,ZIMA,22.794750334532857,49.818282396782934,24567.33080198617,1890.5773033863547
2026-02-28,2026,2,ZIMA,22.417457915202657,49.881164466671294,23031.096518731556,1875.3037604120627
2026-02-28,2026,2,ZIMA,22.480339985091025,49.881164466671294,19914.797531770357,1872.8771940680533
2026-02-28,2026,2,ZIMA,22.543222054979392,49.881164466671294,17421.274692648036,1871.4730806592574
2026-02-28,2026,2,ZIMA,22.60610412486776,49.881164466671294,15847.281406598506,1880.5197334686982
2026-02-28,2026,2,ZIMA,22.668986194756126,49.881164466671294,15475.967440865885,1880.525281899822
2026-02-28,2026,2,ZIMA,22.73186826464449,49.881164466671294,16389.27926047518,1884.7755987365772
2026-02-28,2026,2,ZIMA,22.354575845314294,49.944046536559654,23178.636067204665,1886.0633585841408
2026-02-28,2026,2,ZIMA,22.417457915202657,49.944046536559654,19050.194082674974,1879.2427024029578
2026-02-28,2026,2,ZIMA,22.480339985091025,49.944046536559654,15141.051196505394,1876.9695262711982
2026-02-28,2026,2,ZIMA,22.543222054979392,49.944046536559654,11673.64126210208,1878.2817791623443
2026-02-28,2026,2,ZIMA,22.60610412486776,49.944046536559654,9163.917044842108,1882.8993873347035
2026-02-28,2026,2,ZIMA,22.668986194756126,49.944046536559654,8506.56967393002,1882.0535899152924
2026-02-28,2026,2,ZIMA,22.73186826464449,49.944046536559654,10071.089278044556,1880.4152788090296
2026-02-28,2026,2,ZIMA,22.354575845314294,50.006928606448014,21618.040770891686,1886.419163161667
2026-02-28,2026,2,ZIMA,22.417457915202657,50.006928606448014,17123.886130947034,1883.6967625482273
2026-02-28,2026,2,ZIMA,22.480339985091025,50.006928606448014,12638.950019411841,1886.7870083973235
2026-02-28,2026,2,ZIMA,22.543222054979392,50.006928606448014,8178.418270760709,1886.735717089124
2026-02-28,2026,2,ZIMA,22.60610412486776,50.006928606448014,3828.5697965801783,1880.4050825665024
2026-02-28,2026,2,ZIMA,22.668986194756126,50.006928606448014,1748.5319321300367,1881.1311654777269
2026-02-28,2026,2,ZIMA,22.73186826464449,50.006928606448014,5664.34100011555,1883.4724183033088
2026-02-28,2026,2,ZIMA,22.794750334532857,50.006928606448014,10086.631749185417,1883.4724470222775
2026-02-28,2026,2,ZIMA,22.98339654419796,50.006928606448014,23547.261160031503,1858.521972661755
2026-02-28,2026,2,ZIMA,22.354575845314294,50.069810676336374,22254.703554634234,1885.741661286686
2026-02-28,2026,2,ZIMA,22.417457915202657,50.069810676336374,17927.26609080291,1886.3585672974689
2026-02-28,2026,2,ZIMA,22.480339985091025,50.069810676336374,13714.105266687462,1888.1892200001043
2026-02-28,2026,2,ZIMA,22.543222054979392,50.069810676336374,9764.291031138966,1888.1892109173848
2026-02-28,2026,2,ZIMA,22.60610412486776,50.069810676336374,6571.229399687279,1888.7269552192902
2026-02-28,2026,2,ZIMA,22.668986194756126,50.069810676336374,5621.002175186564,1890.4572263486966
2026-02-28,2026,2,ZIMA,22.73186826464449,50.069810676336374,7783.641630589393,1884.049020693403
2026-02-28,2026,2,ZIMA,22.794750334532857,50.069810676336374,11408.307713933447,1883.4506109319202
2026-02-28,2026,2,ZIMA,22.857632404421224,50.069810676336374,15501.25262122609,1878.381095713204
2026-02-28,2026,2,ZIMA,22.98339654419796,50.069810676336374,24130.725788332762,1849.9093075843523
2026-02-28,2026,2,ZIMA,22.417457915202657,50.13269274622476,21151.631610266355,1879.7852589939328
2026-02-28,2026,2,ZIMA,22.73186826464449,50.13269274622476,13672.280669832127,1885.77882234783
2026-02-28,2026,2,ZIMA,22.794750334532857,50.13269274622476,16012.635344732576,1866.3298959748697
2026-02-28,2026,2,ZIMA,22.857632404421224,50.13269274622476,19141.56780290254,1865.4735531317212
2026-02-28,2026,2,ZIMA,22.92051447430959,50.13269274622476,22735.79955325739,1863.8072487409768
2026-02-28,2026,2,ZIMA,22.73186826464449,50.19557481611312,20276.255232597017,1867.5532678672773
2026-02-28,2026,2,ZIMA,22.794750334532857,50.19557481611312,21920.506821805833,1864.739990234371
2026-02-28,2026,2,ZIMA,22.857632404421224,50.19557481611312,24297.313099085826,1864.6289891414176
2026-03-01,2026,3,ZIMA,22.539720279479937,49.818282396782934,23930.791786928894,1880.5657851009935
2026-03-01,2026,3,ZIMA,22.602602349368304,49.818282396782934,22759.15190906055,1880.4973818211529
2026-03-01,2026,3,ZIMA,22.66548441925667,49.818282396782934,22451.320776329067,1880.460888046398
2026-03-01,2026,3,ZIMA,22.41395613970321,49.881164466671294,23218.13102685405,1886.2448047735486
2026-03-01,2026,3,ZIMA,22.476838209591577,49.881164466671294,20074.386052200312,1887.5372505674882
2026-03-01,2026,3,ZIMA,22.539720279479937,49.881164466671294,17538.93490562306,1887.4515375878302
2026-03-01,2026,3,ZIMA,22.602602349368304,49.881164466671294,15905.38808781178,1887.36581735376
2026-03-01,2026,3,ZIMA,22.66548441925667,49.881164466671294,15462.284276128039,1887.3247238187987
2026-03-01,2026,3,ZIMA,22.351074069814842,49.944046536559654,23412.679562616457,1882.4904862614756
2026-03-01,2026,3,ZIMA,22.41395613970321,49.944046536559654,19275.602727838694,1883.859964307087
2026-03-01,2026,3,ZIMA,22.476838209591577,49.944046536559654,15350.080184784147,1886.2195894466956
2026-03-01,2026,3,ZIMA,22.539720279479937,49.944046536559654,11848.290547511337,1886.4806196930147
2026-03-01,2026,3,ZIMA,22.602602349368304,49.944046536559654,9263.909635780445,1886.7416292571677
2026-03-01,2026,3,ZIMA,22.66548441925667,49.944046536559654,8481.682896390543,1886.7248190964199
2026-03-01,2026,3,ZIMA,22.351074069814842,50.006928606448014,21868.46766861241,1897.6696908976887
2026-03-01,2026,3,ZIMA,22.41395613970321,50.006928606448014,17373.980294857156,1895.917801163394
2026-03-01,2026,3,ZIMA,22.476838209591577,50.006928606448014,12888.300516702679,1895.0986536489138
2026-03-01,2026,3,ZIMA,22.539720279479937,50.006928606448014,8425.513103939857,1895.2095825114072
2026-03-01,2026,3,ZIMA,22.602602349368304,50.006928606448014,4061.7979103036923,1895.3204836663913
2026-03-01,2026,3,ZIMA,22.66548441925667,50.006928606448014,1623.3084811300353,1894.4542763200132
2026-03-01,2026,3,ZIMA,22.72836648914504,50.006928606448014,5422.179720201143,1893.7137435956736
2026-03-01,2026,3,ZIMA,22.791248559033406,50.006928606448014,9838.339543263888,1893.7137431807382
2026-03-01,2026,3,ZIMA,22.854130628921773,50.006928606448014,14311.31539773719,1893.7137451171577
2026-03-01,2026,3,ZIMA,22.91701269881014,50.006928606448014,18800.596436126183,1893.7137354121714
2026-03-01,2026,3,ZIMA,22.351074069814842,50.069810676336374,22497.72895421683,1897.209816379276
2026-03-01,2026,3,ZIMA,22.41395613970321,50.069810676336374,18165.993601830167,1893.909055554774
2026-03-01,2026,3,ZIMA,22.476838209591577,50.069810676336374,13943.945176384594,1893.4916341836367
2026-03-01,2026,3,ZIMA,22.539720279479937,50.069810676336374,9971.898877821735,1893.3626341534477
2026-03-01,2026,3,ZIMA,22.602602349368304,50.069810676336374,6709.612736345334,1893.2336341182652
2026-03-01,2026,3,ZIMA,22.66548441925667,50.069810676336374,5583.366752818271,1896.4923739063622
2026-03-01,2026,3,ZIMA,22.72836648914504,50.069810676336374,7609.458610497544,1897.6886928818426
2026-03-01,2026,3,ZIMA,22.791248559033406,50.069810676336374,11189.67063071935,1897.8052268013146
2026-03-01,2026,3,ZIMA,22.854130628921773,50.069810676336374,15267.237566831249,1898.0383218973382
2026-03-01,2026,3,ZIMA,22.91701269881014,50.069810676336374,19533.130847309978,1898.1227907221798
2026-03-01,2026,3,ZIMA,22.41395613970321,50.13269274622476,21354.079212177185,1887.8705959520537
2026-03-01,2026,3,ZIMA,22.476838209591577,50.13269274622476,17905.429957259927,1888.157676245922
2026-03-01,2026,3,ZIMA,22.539720279479937,50.13269274622476,15024.447242559912,1888.7318521327084
2026-03-01,2026,3,ZIMA,22.602602349368304,50.13269274622476,13091.42811725958,1888.1925285661512
2026-03-01,2026,3,ZIMA,22.66548441925667,50.13269274622476,12552.238892009154,1883.3370115048851
2026-03-01,2026,3,ZIMA,22.72836648914504,50.13269274622476,13574.002993155724,1883.013717953605
2026-03-01,2026,3,ZIMA,22.791248559033406,50.13269274622476,15857.812197278598,1882.852085664506
2026-03-01,2026,3,ZIMA,22.854130628921773,50.13269274622476,18952.80330190937,1882.5288004913598
2026-03-01,2026,3,ZIMA,22.91701269881014,50.13269274622476,22527.07571149032,1894.5437834366967
2026-03-01,2026,3,ZIMA,22.476838209591577,50.19557481611312,23337.187327820007,1900.1136474609991
2026-03-01,2026,3,ZIMA,22.539720279479937,50.19557481611312,21210.336742937692,1900.028509394735
2026-03-01,2026,3,ZIMA,22.602602349368304,50.19557481611312,19889.724481916317,1893.4738096420106
2026-03-01,2026,3,ZIMA,22.66548441925667,50.19557481611312,19539.510527923867,1878.3780369067085
2026-03-01,2026,3,ZIMA,22.72836648914504,50.19557481611312,20210.20376181929,1878.4713201005336
2026-03-01,2026,3,ZIMA,22.791248559033406,50.19557481611312,21807.815356561256,1878.5179545338606
2026-03-01,2026,3,ZIMA,22.854130628921773,50.19557481611312,24149.078514552173,1878.7929445856428
2026-03-03,2026,3,ZIMA,22.539720279479937,49.818282396782934,23930.791786928894,1893.5368008452408
2026-03-03,2026,3,ZIMA,22.602602349368304,49.818282396782934,22759.15190906055,1900.127115309855
2026-03-03,2026,3,ZIMA,22.66548441925667,49.818282396782934,22451.320776329067,1893.529923897321
2026-03-03,2026,3,ZIMA,22.72836648914504,49.818282396782934,23041.944110980392,1889.4160216684609
2026-03-03,2026,3,ZIMA,22.791248559033406,49.818282396782934,24466.041940066232,1889.2338688398372
2026-03-03,2026,3,ZIMA,22.41395613970321,49.881164466671294,23218.13102685405,1908.851460002755
2026-03-03,2026,3,ZIMA,22.476838209591577,49.881164466671294,20074.386052200312,1907.9943839541556
2026-03-03,2026,3,ZIMA,22.539720279479937,49.881164466671294,17538.93490562306,1902.1845599523672
2026-03-03,2026,3,ZIMA,22.602602349368304,49.881164466671294,15905.38808781178,1898.8107013928532
2026-03-03,2026,3,ZIMA,22.66548441925667,49.881164466671294,15462.284276128039,1900.0110162721267
2026-03-03,2026,3,ZIMA,22.72836648914504,49.881164466671294,16306.954457242937,1900.3275225205086
2026-03-03,2026,3,ZIMA,22.351074069814842,49.944046536559654,23412.679562616457,1888.7941426994723
2026-03-03,2026,3,ZIMA,22.41395613970321,49.944046536559654,19275.602727838694,1897.8688345657888
2026-03-03,2026,3,ZIMA,22.476838209591577,49.944046536559654,15350.080184784147,1901.178186373241
2026-03-03,2026,3,ZIMA,22.539720279479937,49.944046536559654,11848.290547511337,1904.6165875375505
2026-03-03,2026,3,ZIMA,22.602602349368304,49.944046536559654,9263.909635780445,1884.2649269051183
2026-03-03,2026,3,ZIMA,22.66548441925667,49.944046536559654,8481.682896390543,1882.204211216077
2026-03-03,2026,3,ZIMA,22.72836648914504,49.944046536559654,9936.730943936836,1900.3275680196168
2026-03-03,2026,3,ZIMA,22.351074069814842,50.006928606448014,21868.46766861241,1895.7623668025085
2026-03-03,2026,3,ZIMA,22.41395613970321,50.006928606448014,17373.980294857156,1891.5412836366936
2026-03-03,2026,3,ZIMA,22.476838209591577,50.006928606448014,12888.300516702679,1891.37232722196
2026-03-03,2026,3,ZIMA,22.539720279479937,50.006928606448014,8425.513103939857,1893.6447680946867
2026-03-03,2026,3,ZIMA,22.602602349368304,50.006928606448014,4061.7979103036923,1861.1428253160484
2026-03-03,2026,3,ZIMA,22.66548441925667,50.006928606448014,1623.3084811300353,1861.142818426042
2026-03-03,2026,3,ZIMA,22.351074069814842,50.069810676336374,22497.72895421683,1911.3882734247857
2026-03-03,2026,3,ZIMA,22.41395613970321,50.069810676336374,18165.993601830167,1913.2812418632757
2026-03-03,2026,3,ZIMA,22.476838209591577,50.069810676336374,13943.945176384594,1909.6568263957754
2026-03-03,2026,3,ZIMA,22.41395613970321,50.13269274622476,21354.079212177185,1913.913536202573
2026-03-03,2026,3,ZIMA,22.476838209591577,50.13269274622476,17905.429957259927,1915.9048995756775
2026-03-03,2026,3,ZIMA,22.539720279479937,50.13269274622476,15024.447242559912,1873.4855972913072
2026-03-03,2026,3,ZIMA,22.476838209591577,50.19557481611312,23337.187327820007,1915.84326707086
2026-03-03,2026,3,ZIMA,22.539720279479937,50.19557481611312,21210.336742937692,1873.485599011696
2026-03-03,2026,3,ZIMA,22.602602349368304,50.19557481611312,19889.724481916317,1873.4856135533041
2026-03-04,2026,3,ZIMA,22.543222054979392,49.818282396782934,23844.580738967565,1893.492625721607
2026-03-04,2026,3,ZIMA,22.60610412486776,49.818282396782934,22718.528932761306,1896.3732651594748
2026-03-04,2026,3,ZIMA,22.668986194756126,49.818282396782934,22460.758843357904,1900.4680189700925
2026-03-04,2026,3,ZIMA,22.73186826464449,49.818282396782934,23100.35486137293,1914.2628552101658
2026-03-04,2026,3,ZIMA,22.794750334532857,49.818282396782934,24567.33080198617,1910.4824670346961
2026-03-04,2026,3,ZIMA,22.417457915202657,49.881164466671294,23031.096518731556,1893.672283878409
2026-03-04,2026,3,ZIMA,22.480339985091025,49.881164466671294,19914.797531770357,1895.164062754919
2026-03-04,2026,3,ZIMA,22.543222054979392,49.881164466671294,17421.274692648036,1891.900509673164
2026-03-04,2026,3,ZIMA,22.60610412486776,49.881164466671294,15847.281406598506,1895.9815677377105
2026-03-04,2026,3,ZIMA,22.668986194756126,49.881164466671294,15475.967440865885,1911.09301435726
2026-03-04,2026,3,ZIMA,22.73186826464449,49.881164466671294,16389.27926047518,1911.1733382691814
2026-03-04,2026,3,ZIMA,22.857632404421224,49.881164466671294,21189.99202699651,1907.385369169896
2026-03-04,2026,3,ZIMA,22.354575845314294,49.944046536559654,23178.636067204665,1895.102570733831
2026-03-04,2026,3,ZIMA,22.417457915202657,49.944046536559654,19050.194082674974,1894.0545137594213
2026-03-04,2026,3,ZIMA,22.480339985091025,49.944046536559654,15141.051196505394,1895.204107765107
2026-03-04,2026,3,ZIMA,22.543222054979392,49.944046536559654,11673.64126210208,1896.7332254625599
2026-03-04,2026,3,ZIMA,22.60610412486776,49.944046536559654,9163.917044842108,1907.1773274581867
2026-03-04,2026,3,ZIMA,22.668986194756126,49.944046536559654,8506.56967393002,1911.9101545187273
2026-03-04,2026,3,ZIMA,22.73186826464449,49.944046536559654,10071.089278044556,1911.0932281126932
2026-03-04,2026,3,ZIMA,22.354575845314294,50.006928606448014,21618.040770891686,1897.322433617087
2026-03-04,2026,3,ZIMA,22.417457915202657,50.006928606448014,17123.886130947034,1901.1146129359897
2026-03-04,2026,3,ZIMA,22.480339985091025,50.006928606448014,12638.950019411841,1898.4555925478273
2026-03-04,2026,3,ZIMA,22.543222054979392,50.006928606448014,8178.418270760709,1897.8302203273593
2026-03-04,2026,3,ZIMA,22.60610412486776,50.006928606448014,3828.5697965801783,1909.7705667058055
2026-03-04,2026,3,ZIMA,22.668986194756126,50.006928606448014,1748.5319321300367,1910.6904423128706
2026-03-04,2026,3,ZIMA,22.73186826464449,50.006928606448014,5664.34100011555,1906.8977284639996
2026-03-04,2026,3,ZIMA,22.794750334532857,50.006928606448014,10086.631749185417,1904.141232225001
2026-03-04,2026,3,ZIMA,22.92051447430959,50.006928606448014,19050.84269112359,1907.7400771999755
2026-03-04,2026,3,ZIMA,22.98339654419796,50.006928606448014,23547.261160031503,1906.575234557056
2026-03-04,2026,3,ZIMA,22.354575845314294,50.069810676336374,22254.703554634234,1902.646913572684
2026-03-04,2026,3,ZIMA,22.417457915202657,50.069810676336374,17927.26609080291,1902.4146003971084
2026-03-04,2026,3,ZIMA,22.480339985091025,50.069810676336374,13714.105266687462,1900.069260924136
2026-03-04,2026,3,ZIMA,22.543222054979392,50.069810676336374,9764.291031138966,1902.4836101276032
2026-03-04,2026,3,ZIMA,22.60610412486776,50.069810676336374,6571.229399687279,1911.7693356961327
2026-03-04,2026,3,ZIMA,22.668986194756126,50.069810676336374,5621.002175186564,1909.601779530801
2026-03-04,2026,3,ZIMA,22.73186826464449,50.069810676336374,7783.641630589393,1906.9997046397707
2026-03-04,2026,3,ZIMA,22.794750334532857,50.069810676336374,11408.307713933447,1901.314784895685
2026-03-04,2026,3,ZIMA,22.857632404421224,50.069810676336374,15501.25262122609,1898.8739315772712
2026-03-04,2026,3,ZIMA,22.92051447430959,50.069810676336374,19773.79626047972,1905.8916023202944
2026-03-04,2026,3,ZIMA,22.98339654419796,50.069810676336374,24130.725788332762,1905.1173013036955
2026-03-04,2026,3,ZIMA,22.417457915202657,50.13269274622476,21151.631610266355,1893.8813872652627
2026-03-04,2026,3,ZIMA,22.480339985091025,50.13269274622476,17727.262098033436,1898.2527478464124
2026-03-04,2026,3,ZIMA,22.543222054979392,50.13269274622476,14887.64579548281,1909.0417403777806
2026-03-04,2026,3,ZIMA,22.60610412486776,50.13269274622476,13021.138631167756,1907.528493974057
2026-03-04,2026,3,ZIMA,22.668986194756126,50.13269274622476,12569.002778005643,1904.0217285155625
2026-03-04,2026,3,ZIMA,22.73186826464449,50.13269274622476,13672.280669832127,1893.991828293729
2026-03-04,2026,3,ZIMA,22.794750334532857,50.13269274622476,16012.635344732576,1890.7161201218782
2026-03-04,2026,3,ZIMA,22.857632404421224,50.13269274622476,19141.56780290254,1889.531629150978
2026-03-04,2026,3,ZIMA,22.92051447430959,50.13269274622476,22735.79955325739,1897.2532125702019
2026-03-04,2026,3,ZIMA,22.480339985091025,50.19557481611312,23200.949158687763,1903.7105820072788
2026-03-04,2026,3,ZIMA,22.543222054979392,50.19557481611312,21113.780703731318,1907.6078844338715
2026-03-04,2026,3,ZIMA,22.60610412486776,50.19557481611312,19843.59108096418,1908.907561758268
2026-03-04,2026,3,ZIMA,22.668986194756126,50.19557481611312,19550.26980713652,1908.1701443920329
2026-03-04,2026,3,ZIMA,22.73186826464449,50.19557481611312,20276.255232597017,1889.1089022481337
2026-03-04,2026,3,ZIMA,22.794750334532857,50.19557481611312,21920.506821805833,1888.9660581502658
2026-03-04,2026,3,ZIMA,22.857632404421224,50.19557481611312,24297.313099085826,1895.076100970032
2026-03-05,2026,3,ZIMA,22.543222054979392,49.818282396782934,23844.580738967565,1885.146847897815
2026-03-05,2026,3,ZIMA,22.60610412486776,49.818282396782934,22718.528932761306,1884.1947307863281
2026-03-05,2026,3,ZIMA,22.668986194756126,49.818282396782934,22460.758843357904,1884.9656037751847
2026-03-05,2026,3,ZIMA,22.73186826464449,49.818282396782934,23100.35486137293,1903.727760762803
2026-03-05,2026,3,ZIMA,22.794750334532857,49.818282396782934,24567.33080198617,1901.509849515147
2026-03-05,2026,3,ZIMA,22.668986194756126,49.881164466671294,15475.967440865885,1883.3681647541443
2026-03-06,2026,3,ZIMA,22.543222054979392,49.818282396782934,23844.580738967565,1902.3980946445856
2026-03-06,2026,3,ZIMA,22.60610412486776,49.818282396782934,22718.528932761306,1904.6065271878629
2026-03-06,2026,3,ZIMA,22.668986194756126,49.818282396782934,22460.758843357904,1907.1388325256426
2026-03-06,2026,3,ZIMA,22.73186826464449,49.818282396782934,23100.35486137293,1907.3813383000358
2026-03-06,2026,3,ZIMA,22.794750334532857,49.818282396782934,24567.33080198617,1903.800730096293
2026-03-06,2026,3,ZIMA,22.417457915202657,49.881164466671294,23031.096518731556,1884.1552365995074
2026-03-06,2026,3,ZIMA,22.480339985091025,49.881164466671294,19914.797531770357,1896.3364238704353
2026-03-06,2026,3,ZIMA,22.543222054979392,49.881164466671294,17421.274692648036,1900.202248179309
2026-03-06,2026,3,ZIMA,22.60610412486776,49.881164466671294,15847.281406598506,1904.5848019924927
2026-03-06,2026,3,ZIMA,22.668986194756126,49.881164466671294,15475.967440865885,1903.8997016273804
2026-03-06,2026,3,ZIMA,22.354575845314294,49.944046536559654,23178.636067204665,1877.262159846105
2026-03-06,2026,3,ZIMA,22.417457915202657,49.944046536559654,19050.194082674974,1893.4212417430858
2026-03-06,2026,3,ZIMA,22.480339985091025,49.944046536559654,15141.051196505394,1897.9641159524551
2026-03-06,2026,3,ZIMA,22.543222054979392,49.944046536559654,11673.64126210208,1895.5015535341013
2026-03-06,2026,3,ZIMA,22.60610412486776,49.944046536559654,9163.917044842108,1898.8031956512184
2026-03-06,2026,3,ZIMA,22.668986194756126,49.944046536559654,8506.56967393002,1902.6795680338548
2026-03-06,2026,3,ZIMA,22.354575845314294,50.006928606448014,21618.040770891686,1889.9697971210815
2026-03-06,2026,3,ZIMA,22.417457915202657,50.006928606448014,17123.886130947034,1909.8749751122205
2026-03-06,2026,3,ZIMA,22.480339985091025,50.006928606448014,12638.950019411841,1908.4619361328362
2026-03-06,2026,3,ZIMA,22.543222054979392,50.006928606448014,8178.418270760709,1905.5116806109454
2026-03-06,2026,3,ZIMA,22.60610412486776,50.006928606448014,3828.5697965801783,1907.4393167182002
2026-03-06,2026,3,ZIMA,22.668986194756126,50.006928606448014,1748.5319321300367,1908.29393924868
2026-03-06,2026,3,ZIMA,22.73186826464449,50.006928606448014,5664.34100011555,1908.293884467303
2026-03-06,2026,3,ZIMA,22.354575845314294,50.069810676336374,22254.703554634234,1904.5836324085153
2026-03-06,2026,3,ZIMA,22.417457915202657,50.069810676336374,17927.26609080291,1911.6166992186834
2026-03-06,2026,3,ZIMA,22.480339985091025,50.069810676336374,13714.105266687462,1910.220659537513
2026-03-06,2026,3,ZIMA,22.543222054979392,50.069810676336374,9764.291031138966,1909.3879058719083
2026-03-06,2026,3,ZIMA,22.60610412486776,50.069810676336374,6571.229399687279,1901.7733830780478
2026-03-06,2026,3,ZIMA,22.668986194756126,50.069810676336374,5621.002175186564,1906.1682080595901
2026-03-06,2026,3,ZIMA,22.73186826464449,50.069810676336374,7783.641630589393,1908.2939474874395
2026-03-06,2026,3,ZIMA,22.794750334532857,50.069810676336374,11408.307713933447,1908.2929802788253
2026-03-06,2026,3,ZIMA,22.417457915202657,50.13269274622476,21151.631610266355,1904.425608164024
2026-03-06,2026,3,ZIMA,22.480339985091025,50.13269274622476,17727.262098033436,1905.4240708629939
2026-03-06,2026,3,ZIMA,22.543222054979392,50.13269274622476,14887.64579548281,1894.4401921219485
2026-03-06,2026,3,ZIMA,22.60610412486776,50.13269274622476,13021.138631167756,1891.0841240625691
2026-03-06,2026,3,ZIMA,22.668986194756126,50.13269274622476,12569.002778005643,1893.0266063560225
2026-03-06,2026,3,ZIMA,22.73186826464449,50.13269274622476,13672.280669832127,1896.881903860745
2026-03-06,2026,3,ZIMA,22.794750334532857,50.13269274622476,16012.635344732576,1892.136928732806
2026-03-06,2026,3,ZIMA,22.857632404421224,50.13269274622476,19141.56780290254,1895.8406801877302
2026-03-06,2026,3,ZIMA,22.92051447430959,50.13269274622476,22735.79955325739,1896.4460382389177
2026-03-06,2026,3,ZIMA,22.480339985091025,50.19557481611312,23200.949158687763,1895.2323207790482
2026-03-06,2026,3,ZIMA,22.543222054979392,50.19557481611312,21113.780703731318,1895.885183245058
2026-03-06,2026,3,ZIMA,22.60610412486776,50.19557481611312,19843.59108096418,1894.2934314045694
2026-03-06,2026,3,ZIMA,22.668986194756126,50.19557481611312,19550.26980713652,1892.1202193082822
2026-03-06,2026,3,ZIMA,22.73186826464449,50.19557481611312,20276.255232597017,1888.5670838268977
2026-03-06,2026,3,ZIMA,22.794750334532857,50.19557481611312,21920.506821805833,1889.4723882844376
2026-03-06,2026,3,ZIMA,22.857632404421224,50.19557481611312,24297.313099085826,1891.4440133445223
2026-03-06,2026,3,ZIMA,22.72836648914504,50.006928606448014,5422.179720201143,1888.3961109290785
2026-03-06,2026,3,ZIMA,22.791248559033406,50.006928606448014,9838.339543263888,1888.396121695653
2026-03-06,2026,3,ZIMA,22.854130628921773,50.006928606448014,14311.31539773719,1888.3961186486679
2026-03-06,2026,3,ZIMA,22.91701269881014,50.006928606448014,18800.596436126183,1888.3961036033627
2026-03-06,2026,3,ZIMA,22.979894768698507,50.006928606448014,23296.75628918547,1888.3961137402841
2026-03-06,2026,3,ZIMA,22.72836648914504,50.069810676336374,7609.458610497544,1886.8778296515475
2026-03-06,2026,3,ZIMA,22.791248559033406,50.069810676336374,11189.67063071935,1886.4203095882656
2026-03-06,2026,3,ZIMA,22.854130628921773,50.069810676336374,15267.237566831249,1885.4759986028573
2026-03-06,2026,3,ZIMA,22.91701269881014,50.069810676336374,19533.130847309978,1885.008132750506
2026-03-06,2026,3,ZIMA,22.979894768698507,50.069810676336374,23886.661303617595,1884.0482291599321
2026-03-06,2026,3,ZIMA,22.72836648914504,50.13269274622476,13574.002993155724,1876.8316401258116
2026-03-06,2026,3,ZIMA,22.791248559033406,50.13269274622476,15857.812197278598,1876.8316991798192
2026-03-07,2026,3,ZIMA,22.417457915202657,49.881164466671294,23031.096518731556,1916.6157298101855
2026-03-07,2026,3,ZIMA,22.354575845314294,49.944046536559654,23178.636067204665,1914.6866178113728
2026-03-07,2026,3,ZIMA,22.417457915202657,49.944046536559654,19050.194082674974,1916.6157236350919
2026-03-07,2026,3,ZIMA,22.354575845314294,50.006928606448014,21618.040770891686,1923.2269178782888
2026-03-07,2026,3,ZIMA,22.417457915202657,50.006928606448014,17123.886130947034,1908.4395942858362
2026-03-07,2026,3,ZIMA,22.480339985091025,50.006928606448014,12638.950019411841,1908.1168251962538
2026-03-07,2026,3,ZIMA,22.543222054979392,50.006928606448014,8178.418270760709,1908.1168325440253
2026-03-07,2026,3,ZIMA,22.354575845314294,50.069810676336374,22254.703554634234,1920.0273154459844
2026-03-07,2026,3,ZIMA,22.417457915202657,50.069810676336374,17927.26609080291,1907.130890069625
2026-03-07,2026,3,ZIMA,22.480339985091025,50.069810676336374,13714.105266687462,1908.031569199127
2026-03-07,2026,3,ZIMA,22.543222054979392,50.069810676336374,9764.291031138966,1908.1168164911269
2026-03-07,2026,3,ZIMA,22.60610412486776,50.069810676336374,6571.229399687279,1908.116839934477
2026-03-07,2026,3,ZIMA,22.417457915202657,50.13269274622476,21151.631610266355,1903.5071196577176
2026-03-07,2026,3,ZIMA,22.480339985091025,50.13269274622476,17727.262098033436,1905.4643625810604
2026-03-07,2026,3,ZIMA,22.543222054979392,50.13269274622476,14887.64579548281,1906.9474495117634
2026-03-07,2026,3,ZIMA,22.60610412486776,50.13269274622476,13021.138631167756,1907.5816658509004
2026-03-07,2026,3,ZIMA,22.668986194756126,50.13269274622476,12569.002778005643,1908.0440378424237
2026-03-07,2026,3,ZIMA,22.480339985091025,50.19557481611312,23200.949158687763,1903.5057599311383
2026-03-07,2026,3,ZIMA,22.543222054979392,50.19557481611312,21113.780703731318,1903.8308884091932
2026-03-07,2026,3,ZIMA,22.60610412486776,50.19557481611312,19843.59108096418,1906.963047725525
2026-03-07,2026,3,ZIMA,22.668986194756126,50.19557481611312,19550.26980713652,1907.2053612158202
2026-03-07,2026,3,ZIMA,22.539720279479937,49.818282396782934,23930.791786928894,1902.6642989822549
2026-03-07,2026,3,ZIMA,22.602602349368304,49.818282396782934,22759.15190906055,1917.7688510119524
2026-03-07,2026,3,ZIMA,22.66548441925667,49.818282396782934,22451.320776329067,1917.7770075861881
2026-03-07,2026,3,ZIMA,22.72836648914504,49.818282396782934,23041.944110980392,1917.7933426430993
2026-03-07,2026,3,ZIMA,22.791248559033406,49.818282396782934,24466.041940066232,1917.8008654627733
2026-03-07,2026,3,ZIMA,22.41395613970321,49.881164466671294,23218.13102685405,1909.6729779219597
2026-03-07,2026,3,ZIMA,22.476838209591577,49.881164466671294,20074.386052200312,1909.7578402537247
2026-03-07,2026,3,ZIMA,22.539720279479937,49.881164466671294,17538.93490562306,1909.7642822265911
2026-03-07,2026,3,ZIMA,22.602602349368304,49.881164466671294,15905.38808781178,1915.9769287109661
2026-03-07,2026,3,ZIMA,22.66548441925667,49.881164466671294,15462.284276128039,1915.9769287108666
2026-03-07,2026,3,ZIMA,22.72836648914504,49.881164466671294,16306.954457242937,1915.9769365866698
2026-03-07,2026,3,ZIMA,22.351074069814842,49.944046536559654,23412.679562616457,1907.7459716796252
2026-03-07,2026,3,ZIMA,22.41395613970321,49.944046536559654,19275.602727838694,1905.5747070311836
2026-03-07,2026,3,ZIMA,22.476838209591577,49.944046536559654,15350.080184784147,1905.5915711963614
2026-03-07,2026,3,ZIMA,22.539720279479937,49.944046536559654,11848.290547511337,1906.506575050372
2026-03-07,2026,3,ZIMA,22.602602349368304,49.944046536559654,9263.909635780445,1912.6286550006803
2026-03-07,2026,3,ZIMA,22.66548441925667,49.944046536559654,8481.682896390543,1912.7146713731486
2026-03-07,2026,3,ZIMA,22.72836648914504,49.944046536559654,9936.730943936836,1912.8812999853617
2026-03-07,2026,3,ZIMA,22.351074069814842,50.006928606448014,21868.46766861241,1908.4136119339314
2026-03-07,2026,3,ZIMA,22.41395613970321,50.006928606448014,17373.980294857156,1906.5422554037111
2026-03-07,2026,3,ZIMA,22.476838209591577,50.006928606448014,12888.300516702679,1906.5445108170456
2026-03-07,2026,3,ZIMA,22.539720279479937,50.006928606448014,8425.513103939857,1911.981309299702
2026-03-07,2026,3,ZIMA,22.602602349368304,50.006928606448014,4061.7979103036923,1915.0029264608727
2026-03-07,2026,3,ZIMA,22.66548441925667,50.006928606448014,1623.3084811300353,1914.9345353113802
2026-03-07,2026,3,ZIMA,22.72836648914504,50.006928606448014,5422.179720201143,1913.6514846000546
2026-03-07,2026,3,ZIMA,22.791248559033406,50.006928606448014,9838.339543263888,1913.6514872262517
2026-03-07,2026,3,ZIMA,22.854130628921773,50.006928606448014,14311.31539773719,1913.6514793574754
2026-03-07,2026,3,ZIMA,22.91701269881014,50.006928606448014,18800.596436126183,1906.1703851255793
2026-03-07,2026,3,ZIMA,22.979894768698507,50.006928606448014,23296.75628918547,1903.031375696726
2026-03-07,2026,3,ZIMA,22.351074069814842,50.069810676336374,22497.72895421683,1907.909139960251
2026-03-07,2026,3,ZIMA,22.41395613970321,50.069810676336374,18165.993601830167,1908.2330683730902
2026-03-07,2026,3,ZIMA,22.476838209591577,50.069810676336374,13943.945176384594,1908.1007082317196
2026-03-07,2026,3,ZIMA,22.539720279479937,50.069810676336374,9971.898877821735,1914.3410426108042
2026-03-07,2026,3,ZIMA,22.602602349368304,50.069810676336374,6709.612736345334,1915.6813267191228
2026-03-07,2026,3,ZIMA,22.66548441925667,50.069810676336374,5583.366752818271,1915.7849020407677
2026-03-07,2026,3,ZIMA,22.72836648914504,50.069810676336374,7609.458610497544,1914.1352511831997
2026-03-07,2026,3,ZIMA,22.791248559033406,50.069810676336374,11189.67063071935,1914.0694400205703
2026-03-07,2026,3,ZIMA,22.854130628921773,50.069810676336374,15267.237566831249,1913.936411022055
2026-03-07,2026,3,ZIMA,22.91701269881014,50.069810676336374,19533.130847309978,1904.5063074980833
2026-03-07,2026,3,ZIMA,22.979894768698507,50.069810676336374,23886.661303617595,1903.1395380298898
2026-03-07,2026,3,ZIMA,22.41395613970321,50.13269274622476,21354.079212177185,1904.3115234374334
2026-03-07,2026,3,ZIMA,22.476838209591577,50.13269274622476,17905.429957259927,1904.3115234375696
2026-03-07,2026,3,ZIMA,22.539720279479937,50.13269274622476,15024.447242559912,1903.3759765625698
2026-03-07,2026,3,ZIMA,22.602602349368304,50.13269274622476,13091.42811725958,1903.476803070115
2026-03-07,2026,3,ZIMA,22.66548441925667,50.13269274622476,12552.238892009154,1903.576165877532
2026-03-07,2026,3,ZIMA,22.72836648914504,50.13269274622476,13574.002993155724,1891.8246557800308
2026-03-07,2026,3,ZIMA,22.791248559033406,50.13269274622476,15857.812197278598,1892.3766014347177
2026-03-07,2026,3,ZIMA,22.854130628921773,50.13269274622476,18952.80330190937,1905.3477430270902
2026-03-07,2026,3,ZIMA,22.91701269881014,50.13269274622476,22527.07571149032,1922.2830793788155
2026-03-07,2026,3,ZIMA,22.476838209591577,50.19557481611312,23337.187327820007,1904.7573227022522
2026-03-07,2026,3,ZIMA,22.539720279479937,50.19557481611312,21210.336742937692,1906.8171129881396
2026-03-07,2026,3,ZIMA,22.602602349368304,50.19557481611312,19889.724481916317,1906.6214690015013
2026-03-07,2026,3,ZIMA,22.66548441925667,50.19557481611312,19539.510527923867,1903.100044042857
2026-03-07,2026,3,ZIMA,22.72836648914504,50.19557481611312,20210.20376181929,1889.1405220786514
2026-03-07,2026,3,ZIMA,22.791248559033406,50.19557481611312,21807.815356561256,1889.1578617989946
2026-03-07,2026,3,ZIMA,22.854130628921773,50.19557481611312,24149.078514552173,1906.0298129119817
2026-03-09,2026,3,ZIMA,22.480339985091025,49.82878772328128,24711.809120294347,1910.5533761303666
2026-03-09,2026,3,ZIMA,22.543222054979392,49.82878772328128,22748.066442999923,1903.917340136994
2026-03-09,2026,3,ZIMA,22.60610412486776,49.82878772328128,21565.09706289241,1922.891045658879
2026-03-09,2026,3,ZIMA,22.668986194756126,49.82878772328128,21293.427765337514,1926.6462105299977
2026-03-09,2026,3,ZIMA,22.73186826464449,49.82878772328128,21966.894607487786,1910.5314741561428
2026-03-09,2026,3,ZIMA,22.794750334532857,49.82878772328128,23504.396650112318,1910.4744711835708
2026-03-09,2026,3,ZIMA,22.417457915202657,49.89166979316964,22262.91512756393,1914.8197775235583
2026-03-09,2026,3,ZIMA,22.480339985091025,49.89166979316964,19021.939045588762,1914.1657870041593
2026-03-09,2026,3,ZIMA,22.543222054979392,49.89166979316964,16393.77929599842,1912.7421752711734
2026-03-09,2026,3,ZIMA,22.60610412486776,49.89166979316964,14710.638103227138,1927.9865724203032
2026-03-09,2026,3,ZIMA,22.668986194756126,49.89166979316964,14309.94893217961,1926.0219602942057
2026-03-09,2026,3,ZIMA,22.73186826464449,49.89166979316964,15292.848954922392,1915.541156570234
2026-03-09,2026,3,ZIMA,22.794750334532857,49.89166979316964,17426.783472716856,1915.3532907534336
2026-03-09,2026,3,ZIMA,22.857632404421224,49.89166979316964,20352.87206844864,1915.2697767362638
2026-03-09,2026,3,ZIMA,22.354575845314294,49.954551863058015,22776.356876468417,1911.5158008112837
2026-03-09,2026,3,ZIMA,22.417457915202657,49.954551863058015,18559.66253791124,1917.7749840376125
2026-03-09,2026,3,ZIMA,22.480339985091025,49.954551863058015,14520.04361323391,1917.1850882188373
2026-03-09,2026,3,ZIMA,22.543222054979392,49.954551863058015,10856.994445873956,1920.7539601486578
2026-03-09,2026,3,ZIMA,22.60610412486776,49.954551863058015,8098.712783562352,1931.9104686284743
2026-03-09,2026,3,ZIMA,22.668986194756126,49.954551863058015,7346.83768198069,1919.411987686837
2026-03-09,2026,3,ZIMA,22.73186826464449,49.954551863058015,9112.34475900155,1914.1816168563387
2026-03-09,2026,3,ZIMA,22.794750334532857,49.954551863058015,12359.845021672229,1915.7909702462016
2026-03-09,2026,3,ZIMA,22.354575845314294,50.017433932946375,21568.461962262016,1921.1222941291726
2026-03-09,2026,3,ZIMA,22.417457915202657,50.017433932946375,17062.364867746277,1921.0134102569268
2026-03-09,2026,3,ZIMA,22.480339985091025,50.017433932946375,12556.630674141996,1921.2690887559863
2026-03-09,2026,3,ZIMA,22.543222054979392,50.017433932946375,8051.874491102406,1925.876299706647
2026-03-09,2026,3,ZIMA,22.60610412486776,50.017433932946375,3551.828731714459,1915.954303434172
2026-03-09,2026,3,ZIMA,22.668986194756126,50.017433932946375,1008.6745831835706,1905.8618279112525
2026-03-09,2026,3,ZIMA,22.73186826464449,50.017433932946375,5480.739193284635,1912.9907364779542
2026-03-09,2026,3,ZIMA,22.794750334532857,50.017433932946375,9983.922076715906,1913.847522543677
2026-03-09,2026,3,ZIMA,22.857632404421224,50.017433932946375,14489.236311917515,1922.5662957928655
2026-03-09,2026,3,ZIMA,22.92051447430959,50.017433932946375,18995.163351028874,1921.882890424863
2026-03-09,2026,3,ZIMA,22.98339654419796,50.017433932946375,23501.34844680935,1922.0513916015327
2026-03-09,2026,3,ZIMA,22.354575845314294,50.08031600283475,22571.593120862584,1918.7406988079788
2026-03-09,2026,3,ZIMA,22.417457915202657,50.08031600283475,18320.20307903207,1915.9136516510853
2026-03-09,2026,3,ZIMA,22.480339985091025,50.08031600283475,14224.935327969335,1924.6770854538895
2026-03-09,2026,3,ZIMA,22.543222054979392,50.08031600283475,10470.614246793919,1925.9594287215334
2026-03-09,2026,3,ZIMA,22.60610412486776,50.08031600283475,7581.877613171757,1910.3544400346902
2026-03-09,2026,3,ZIMA,22.668986194756126,50.08031600283475,6775.102572670169,1910.012859684002
2026-03-09,2026,3,ZIMA,22.73186826464449,50.08031600283475,8653.61621414954,1905.9181209844542
2026-03-09,2026,3,ZIMA,22.794750334532857,50.08031600283475,12018.080216548418,1914.180399793745
2026-03-09,2026,3,ZIMA,22.857632404421224,50.08031600283475,15954.608229179084,1932.0454101562202
2026-03-09,2026,3,ZIMA,22.92051447430959,50.08031600283475,20130.3447882497,1907.2331331245591
2026-03-09,2026,3,ZIMA,22.98339654419796,50.08031600283475,24422.89713923003,1911.09518987555
2026-03-09,2026,3,ZIMA,22.417457915202657,50.14319807272311,21862.782814030616,1916.0012797447885
2026-03-09,2026,3,ZIMA,22.480339985091025,50.14319807272311,18570.803615072375,1921.0711981922896
2026-03-09,2026,3,ZIMA,22.543222054979392,50.14319807272311,15883.363153205039,1920.7446955347666
2026-03-09,2026,3,ZIMA,22.60610412486776,50.14319807272311,14149.22946280949,1910.4510881486747
2026-03-09,2026,3,ZIMA,22.668986194756126,50.14319807272311,13734.373189309134,1907.551501168738
2026-03-09,2026,3,ZIMA,22.73186826464449,50.14319807272311,14750.52861257386,1892.7693867087578
2026-03-09,2026,3,ZIMA,22.794750334532857,50.14319807272311,16942.139697664446,1900.2732466369628
2026-03-09,2026,3,ZIMA,22.857632404421224,50.14319807272311,19925.037407232725,1909.9582335380283
2026-03-09,2026,3,ZIMA,22.92051447430959,50.14319807272311,23398.52783718368,1906.7644371376894
2026-03-09,2026,3,ZIMA,22.480339985091025,50.20608014261147,24191.94764707279,1927.7462081558845
2026-03-09,2026,3,ZIMA,22.543222054979392,50.20608014261147,22198.610876776278,1914.5572705965394
2026-03-09,2026,3,ZIMA,22.60610412486776,50.20608014261147,20994.430424650796,1910.9791631377668
2026-03-09,2026,3,ZIMA,22.668986194756126,50.20608014261147,20717.470530006434,1904.3643798827502
2026-03-09,2026,3,ZIMA,22.73186826464449,50.20608014261147,21403.75483245062,1909.8979206968984
2026-03-09,2026,3,ZIMA,22.794750334532857,50.20608014261147,22967.097983633736,1911.6783894217692
2026-03-10,2026,3,ZIMA,22.60610412486776,49.818282396782934,22718.528932761306,1914.8340669472047
2026-03-10,2026,3,ZIMA,22.668986194756126,49.818282396782934,22460.758843357904,1914.8341035881074
2026-03-10,2026,3,ZIMA,22.73186826464449,49.818282396782934,23100.35486137293,1904.3343534205815
2026-03-10,2026,3,ZIMA,22.794750334532857,49.818282396782934,24567.33080198617,1904.3304380358863
2026-03-10,2026,3,ZIMA,22.92051447430959,49.881164466671294,24501.433160808512,1903.9289437811128
2026-03-10,2026,3,ZIMA,22.73186826464449,49.944046536559654,10071.089278044556,1907.9562566520997
2026-03-10,2026,3,ZIMA,22.794750334532857,49.944046536559654,13083.306804570208,1907.9563605036697
2026-03-10,2026,3,ZIMA,22.857632404421224,49.944046536559654,16780.941025819608,1896.962097067612
2026-03-10,2026,3,ZIMA,22.92051447430959,49.944046536559654,20801.632851319795,1902.6536734924978
2026-03-10,2026,3,ZIMA,22.73186826464449,50.006928606448014,5664.34100011555,1912.1370532912006
2026-03-10,2026,3,ZIMA,22.794750334532857,50.006928606448014,10086.631749185417,1910.7540577860677
2026-03-10,2026,3,ZIMA,22.857632404421224,50.006928606448014,14561.02499648593,1902.7966138919273
2026-03-10,2026,3,ZIMA,22.92051447430959,50.006928606448014,19050.84269112359,1901.5842422461994
2026-03-10,2026,3,ZIMA,22.98339654419796,50.006928606448014,23547.261160031503,1895.24064212477
2026-03-10,2026,3,ZIMA,22.543222054979392,50.069810676336374,9764.291031138966,1909.477184750052
2026-03-10,2026,3,ZIMA,22.60610412486776,50.069810676336374,6571.229399687279,1909.4771855939787
2026-03-10,2026,3,ZIMA,22.668986194756126,50.069810676336374,5621.002175186564,1913.6528838715305
2026-03-10,2026,3,ZIMA,22.73186826464449,50.069810676336374,7783.641630589393,1913.1693786970409
2026-03-10,2026,3,ZIMA,22.794750334532857,50.069810676336374,11408.307713933447,1912.8822992668888
2026-03-10,2026,3,ZIMA,22.857632404421224,50.069810676336374,15501.25262122609,1896.372055007216
2026-03-10,2026,3,ZIMA,22.92051447430959,50.069810676336374,19773.79626047972,1896.6412738832544
2026-03-10,2026,3,ZIMA,22.98339654419796,50.069810676336374,24130.725788332762,1893.6996258653242
2026-03-10,2026,3,ZIMA,22.480339985091025,50.13269274622476,17727.262098033436,1912.2788674919395
2026-03-10,2026,3,ZIMA,22.543222054979392,50.13269274622476,14887.64579548281,1912.4779052735075
2026-03-10,2026,3,ZIMA,22.60610412486776,50.13269274622476,13021.138631167756,1910.962812918133
2026-03-10,2026,3,ZIMA,22.668986194756126,50.13269274622476,12569.002778005643,1905.4392090804033
2026-03-10,2026,3,ZIMA,22.73186826464449,50.13269274622476,13672.280669832127,1903.3045982819065
2026-03-10,2026,3,ZIMA,22.794750334532857,50.13269274622476,16012.635344732576,1900.315757970823
2026-03-10,2026,3,ZIMA,22.857632404421224,50.13269274622476,19141.56780290254,1892.1467268790768
2026-03-10,2026,3,ZIMA,22.92051447430959,50.13269274622476,22735.79955325739,1895.3911767152686
2026-03-10,2026,3,ZIMA,22.480339985091025,50.19557481611312,23200.949158687763,1910.95342468727
2026-03-10,2026,3,ZIMA,22.543222054979392,50.19557481611312,21113.780703731318,1911.2135103364003
2026-03-10,2026,3,ZIMA,22.60610412486776,50.19557481611312,19843.59108096418,1910.478000005058
2026-03-10,2026,3,ZIMA,22.668986194756126,50.19557481611312,19550.26980713652,1909.107146078907
2026-03-10,2026,3,ZIMA,22.73186826464449,50.19557481611312,20276.255232597017,1907.1105067797234
2026-03-11,2026,3,ZIMA,22.543222054979392,49.82178417228238,23478.304883595505,1896.1705038162615
2026-03-11,2026,3,ZIMA,22.60610412486776,49.82178417228238,22333.87813315335,1903.9977654545828
2026-03-11,2026,3,ZIMA,22.668986194756126,49.82178417228238,22071.635295795553,1903.7495880164518
2026-03-11,2026,3,ZIMA,22.73186826464449,49.82178417228238,22722.14089493877,1897.6787158372606
2026-03-11,2026,3,ZIMA,22.794750334532857,49.82178417228238,24211.93892748119,1896.9595344086213
2026-03-11,2026,3,ZIMA,22.417457915202657,49.88466624217074,22771.25371146151,1897.0964358701974
2026-03-11,2026,3,ZIMA,22.480339985091025,49.88466624217074,19613.959897798166,1903.9527259697452
2026-03-11,2026,3,ZIMA,22.543222054979392,49.88466624217074,17076.76204370946,1904.8871337181652
2026-03-11,2026,3,ZIMA,22.60610412486776,49.88466624217074,15467.873285244448,1904.7470829723563
2026-03-11,2026,3,ZIMA,22.668986194756126,49.88466624217074,15087.252427252262,1904.6308642063289
2026-03-11,2026,3,ZIMA,22.73186826464449,49.88466624217074,16022.671031962454,1908.243218059012
2026-03-11,2026,3,ZIMA,22.794750334532857,49.88466624217074,18070.905762502578,1909.1217335964914
2026-03-11,2026,3,ZIMA,22.857632404421224,49.88466624217074,20907.42059662668,1909.853459050784
2026-03-11,2026,3,ZIMA,22.92051447430959,49.88466624217074,24257.241448410692,1901.7086005279134
2026-03-11,2026,3,ZIMA,22.354575845314294,49.94754831205911,23038.7393434135,1893.8457917475134
2026-03-11,2026,3,ZIMA,22.417457915202657,49.94754831205911,18880.06549302841,1895.2365403477932
2026-03-11,2026,3,ZIMA,22.480339985091025,49.94754831205911,14926.757659550281,1902.9284667968125
2026-03-11,2026,3,ZIMA,22.543222054979392,49.94754831205911,11394.616865865368,1903.2431762333758
2026-03-11,2026,3,ZIMA,22.60610412486776,49.94754831205911,8805.938382230486,1904.740094327664
2026-03-11,2026,3,ZIMA,22.668986194756126,49.94754831205911,8119.71329402324,1904.03828146796
2026-03-11,2026,3,ZIMA,22.73186826464449,49.94754831205911,9746.42254470249,1905.4505713960982
2026-03-11,2026,3,ZIMA,22.794750334532857,49.94754831205911,12834.865990049382,1907.629960676873
2026-03-11,2026,3,ZIMA,22.857632404421224,49.94754831205911,16587.731984827173,1908.372692872508
2026-03-11,2026,3,ZIMA,22.92051447430959,49.94754831205911,20645.8191535088,1912.2397096640595
2026-03-11,2026,3,ZIMA,22.354575845314294,50.01043038194747,21594.502837901968,1898.5867911637533
2026-03-11,2026,3,ZIMA,22.417457915202657,50.01043038194747,17094.53108890455,1904.5032626680718
2026-03-11,2026,3,ZIMA,22.480339985091025,50.01043038194747,12599.534648372786,1901.7763775891424
2026-03-11,2026,3,ZIMA,22.543222054979392,50.01043038194747,8117.788360441691,1899.897804835411
2026-03-11,2026,3,ZIMA,22.60610412486776,50.01043038194747,3697.797015521164,1901.9947476153418
2026-03-11,2026,3,ZIMA,22.668986194756126,50.01043038194747,1440.1243037728434,1901.8156730259188
2026-03-11,2026,3,ZIMA,22.73186826464449,50.01043038194747,5576.6701266660275,1901.440970290582
2026-03-11,2026,3,ZIMA,22.794750334532857,50.01043038194747,10037.408538986583,1901.1473573349735
2026-03-11,2026,3,ZIMA,22.857632404421224,50.01043038194747,14526.694946998776,1901.438882248922
2026-03-11,2026,3,ZIMA,22.92051447430959,50.01043038194747,19024.328090522504,1903.934163650282
2026-03-11,2026,3,ZIMA,22.98339654419796,50.01043038194747,23525.518975902105,1905.2959082872273
2026-03-11,2026,3,ZIMA,22.354575845314294,50.07331245183585,22354.046447198238,1888.371095596851
2026-03-11,2026,3,ZIMA,22.417457915202657,50.07331245183585,18050.792026787316,1900.2043178365348
2026-03-11,2026,3,ZIMA,22.480339985091025,50.07331245183585,13875.540196588263,1906.4157275300638
2026-03-11,2026,3,ZIMA,22.543222054979392,50.07331245183585,9990.098663853862,1905.6812792328233
2026-03-11,2026,3,ZIMA,22.60610412486776,50.07331245183585,6902.5761455507945,1902.8388809935811
2026-03-11,2026,3,ZIMA,22.668986194756126,50.07331245183585,6005.082267543398,1903.0037522113198
2026-03-11,2026,3,ZIMA,22.73186826464449,50.07331245183585,8065.253034462693,1902.1294464000293
2026-03-11,2026,3,ZIMA,22.794750334532857,50.07331245183585,11602.053204369857,1901.627689669608
2026-03-11,2026,3,ZIMA,22.857632404421224,50.07331245183585,15644.135070801747,1901.4328712329573
2026-03-11,2026,3,ZIMA,22.92051447430959,50.07331245183585,19885.727864106793,1901.432860780563
2026-03-11,2026,3,ZIMA,22.98339654419796,50.07331245183585,24222.24501644626,1901.6572489693226
2026-03-11,2026,3,ZIMA,22.417457915202657,50.13619452172421,21384.215178706392,1893.6368094608727
2026-03-11,2026,3,ZIMA,22.480339985091025,50.13619452172421,18004.40735855913,1895.3921461202183
2026-03-11,2026,3,ZIMA,22.543222054979392,50.13619452172421,15216.820549087257,1898.9337592977947
2026-03-11,2026,3,ZIMA,22.60610412486776,50.13619452172421,13396.398279171968,1900.9556379908302
2026-03-11,2026,3,ZIMA,22.668986194756126,50.13619452172421,12957.395986301584,1901.4685461101415
2026-03-11,2026,3,ZIMA,22.73186826464449,50.13619452172421,14030.089988961361,1896.8961896405806
2026-03-11,2026,3,ZIMA,22.794750334532857,50.13619452172421,16319.055751563907,1891.626706176248
2026-03-11,2026,3,ZIMA,22.92051447430959,50.13619452172421,22952.22525908215,1895.989744263821
2026-03-11,2026,3,ZIMA,22.480339985091025,50.19907659161257,23529.471228193466,1895.7584216251205
2026-03-11,2026,3,ZIMA,22.543222054979392,50.19907659161257,21474.414467943952,1900.1202590626706
2026-03-11,2026,3,ZIMA,22.60610412486776,50.19907659161257,20226.978328446672,1900.419222985765
2026-03-11,2026,3,ZIMA,22.668986194756126,50.19907659161257,19939.318930371814,1900.4875488280547
2026-03-11,2026,3,ZIMA,22.73186826464449,50.19907659161257,20651.581114353154,1892.1069185994209
2026-03-11,2026,3,ZIMA,22.794750334532857,50.19907659161257,22268.02238322899,1891.6915983969059
2026-03-11,2026,3,ZIMA,22.857632404421224,50.19907659161257,24611.127318728886,1891.626699042421
2026-03-11,2026,3,ZIMA,22.539720279479937,49.82178417228238,23565.8496092167,1892.2249741319076
2026-03-11,2026,3,ZIMA,22.602602349368304,49.82178417228238,22375.196485928762,1892.2249680755242
2026-03-11,2026,3,ZIMA,22.66548441925667,49.82178417228238,22062.031457542165,1892.2249639475156
2026-03-11,2026,3,ZIMA,22.72836648914504,49.82178417228238,22662.759654818983,1892.2249780002203
2026-03-11,2026,3,ZIMA,22.791248559033406,49.82178417228238,24109.1644522071,1892.2249722678232
2026-03-11,2026,3,ZIMA,22.854130628921773,49.88466624217074,20733.843640930336,1905.7428289749348
2026-03-11,2026,3,ZIMA,22.91701269881014,49.88466624217074,24060.706104497,1905.975089461331
2026-03-11,2026,3,ZIMA,22.791248559033406,49.94754831205911,12640.430469490242,1900.0247545620866
2026-03-11,2026,3,ZIMA,22.854130628921773,49.94754831205911,16368.698016264758,1904.384106509556
2026-03-11,2026,3,ZIMA,22.91701269881014,49.94754831205911,20414.8475949455,1903.9541694002194
2026-03-11,2026,3,ZIMA,22.979894768698507,49.94754831205911,24622.66314201928,1903.1116832611049
2026-03-11,2026,3,ZIMA,22.791248559033406,50.01043038194747,9787.886112586255,1904.9297924639434
2026-03-11,2026,3,ZIMA,22.854130628921773,50.01043038194747,14276.403237417871,1904.929806655688
2026-03-11,2026,3,ZIMA,22.91701269881014,50.01043038194747,18773.746739803642,1904.9298068217408
2026-03-11,2026,3,ZIMA,22.979894768698507,50.01043038194747,23274.798413275254,1904.9298048293008
2026-03-11,2026,3,ZIMA,22.791248559033406,50.07331245183585,11387.152526586564,1904.9297685826614
2026-03-11,2026,3,ZIMA,22.854130628921773,50.07331245183585,15412.306661691895,1904.9297417949904
2026-03-12,2026,3,ZIMA,22.354575845314294,49.954551863058015,22776.356876468417,1893.378047132049
2026-03-12,2026,3,ZIMA,22.354575845314294,50.017433932946375,21568.461962262016,1900.0225860885555
2026-03-12,2026,3,ZIMA,22.417457915202657,50.017433932946375,17062.364867746277,1894.927493703242
2026-03-12,2026,3,ZIMA,22.354575845314294,50.08031600283475,22571.593120862584,1901.2275310193081
2026-03-12,2026,3,ZIMA,22.417457915202657,50.08031600283475,18320.20307903207,1898.1681018006343
2026-03-12,2026,3,ZIMA,22.480339985091025,50.08031600283475,14224.935327969335,1894.9274954404655
2026-03-12,2026,3,ZIMA,22.543222054979392,50.08031600283475,10470.614246793919,1894.9275046027158
2026-03-12,2026,3,ZIMA,22.417457915202657,50.14319807272311,21862.782814030616,1901.2231312009596
2026-03-12,2026,3,ZIMA,22.480339985091025,50.14319807272311,18570.803615072375,1898.409397709214
2026-03-12,2026,3,ZIMA,22.543222054979392,50.14319807272311,15883.363153205039,1895.5627756119115
2026-03-12,2026,3,ZIMA,22.60610412486776,50.14319807272311,14149.22946280949,1916.289914921775
2026-03-12,2026,3,ZIMA,22.668986194756126,50.14319807272311,13734.373189309134,1916.289924643615
2026-03-12,2026,3,ZIMA,22.480339985091025,50.20608014261147,24191.94764707279,1903.0831154506727
2026-03-12,2026,3,ZIMA,22.543222054979392,50.20608014261147,22198.610876776278,1913.6812216437906
2026-03-12,2026,3,ZIMA,22.60610412486776,50.20608014261147,20994.430424650796,1916.2285859405863
2026-03-12,2026,3,ZIMA,22.668986194756126,50.20608014261147,20717.470530006434,1916.2499161939245
2026-03-12,2026,3,ZIMA,22.73186826464449,50.20608014261147,21403.75483245062,1916.2899169921207
2026-03-12,2026,3,ZIMA,22.794750334532857,50.20608014261147,22967.097983633736,1916.2899043292985
2026-03-12,2026,3,ZIMA,22.417457915202657,49.88466624217074,22771.25371146151,1895.844845486953
2026-03-12,2026,3,ZIMA,22.480339985091025,49.88466624217074,19613.959897798166,1895.8448406777304
2026-03-12,2026,3,ZIMA,22.543222054979392,49.88466624217074,17076.76204370946,1895.8448516396327
2026-03-12,2026,3,ZIMA,22.354575845314294,49.94754831205911,23038.7393434135,1900.4117118873185
2026-03-12,2026,3,ZIMA,22.417457915202657,49.94754831205911,18880.06549302841,1900.3694178931214
2026-03-12,2026,3,ZIMA,22.480339985091025,49.94754831205911,14926.757659550281,1900.3045156851197
2026-03-12,2026,3,ZIMA,22.543222054979392,49.94754831205911,11394.616865865368,1898.8096610038947
2026-03-12,2026,3,ZIMA,22.354575845314294,50.01043038194747,21594.502837901968,1884.844211966932
2026-03-12,2026,3,ZIMA,22.417457915202657,50.01043038194747,17094.53108890455,1884.8591776372828
2026-03-12,2026,3,ZIMA,22.480339985091025,50.01043038194747,12599.534648372786,1884.9472962664306
2026-03-12,2026,3,ZIMA,22.354575845314294,50.07331245183585,22354.046447198238,1883.1881103515007
2026-03-12,2026,3,ZIMA,22.417457915202657,50.07331245183585,18050.792026787316,1883.1881103514968
2026-03-12,2026,3,ZIMA,22.480339985091025,50.07331245183585,13875.540196588263,1883.1881145225682
2026-03-12,2026,3,ZIMA,22.417457915202657,50.13619452172421,21384.215178706392,1896.5984920872265
2026-03-13,2026,3,ZIMA,22.979894768698507,49.94754831205911,24622.66314201928,1908.8280821068406
2026-03-13,2026,3,ZIMA,22.854130628921773,50.01043038194747,14276.403237417871,1912.2823022232317
2026-03-13,2026,3,ZIMA,22.91701269881014,50.01043038194747,18773.746739803642,1912.3772130849911
2026-03-13,2026,3,ZIMA,22.979894768698507,50.01043038194747,23274.798413275254,1908.1815185546582
2026-03-13,2026,3,ZIMA,22.791248559033406,50.07331245183585,11387.152526586564,1911.0050846047427
2026-03-13,2026,3,ZIMA,22.854130628921773,50.07331245183585,15412.306661691895,1911.1750488280952
2026-03-13,2026,3,ZIMA,22.91701269881014,50.07331245183585,19646.45117154619,1911.1750488281577
2026-03-13,2026,3,ZIMA,22.979894768698507,50.07331245183585,23979.129843279312,1902.1953022260418
2026-03-13,2026,3,ZIMA,22.539720279479937,50.13619452172421,15350.67901451584,1911.2746098631487
2026-03-13,2026,3,ZIMA,22.602602349368304,50.13619452172421,13464.723976529594,1885.7711459441118
2026-03-13,2026,3,ZIMA,22.66548441925667,50.13619452172421,12941.136419692182,1885.77111344842
2026-03-13,2026,3,ZIMA,22.72836648914504,50.13619452172421,13934.34315718257,1885.771128963933
2026-03-13,2026,3,ZIMA,22.791248559033406,50.13619452172421,16167.178424347061,1891.8546756547119
2026-03-13,2026,3,ZIMA,22.854130628921773,50.13619452172421,19212.192274474914,1897.366594916473
2026-03-13,2026,3,ZIMA,22.91701269881014,50.13619452172421,22745.50269453832,1902.0690389794997
2026-03-13,2026,3,ZIMA,22.539720279479937,50.19907659161257,21569.349247661852,1911.2745382967883
2026-03-13,2026,3,ZIMA,22.602602349368304,50.19907659161257,20272.235971492017,1901.340733855256
2026-03-13,2026,3,ZIMA,22.66548441925667,50.19907659161257,19928.770465904498,1883.9914722132382
2026-03-13,2026,3,ZIMA,22.72836648914504,50.19907659161257,20586.738641330085,1884.4742981155264
2026-03-13,2026,3,ZIMA,22.791248559033406,50.19907659161257,22157.106595124642,1889.9248014770355
2026-03-13,2026,3,ZIMA,22.854130628921773,50.19907659161257,24464.80497842693,1890.7256761735327
2026-03-14,2026,3,ZIMA,22.543222054979392,49.82178417228238,23478.304883595505,1887.5211886402867
2026-03-14,2026,3,ZIMA,22.60610412486776,49.82178417228238,22333.87813315335,1887.2786401353117
2026-03-14,2026,3,ZIMA,22.668986194756126,49.82178417228238,22071.635295795553,1887.2875788742547
2026-03-14,2026,3,ZIMA,22.73186826464449,49.82178417228238,22722.14089493877,1890.9615484834703
2026-03-14,2026,3,ZIMA,22.794750334532857,49.82178417228238,24211.93892748119,1899.2276720508287
2026-03-14,2026,3,ZIMA,22.417457915202657,49.88466624217074,22771.25371146151,1889.3130524577123
2026-03-14,2026,3,ZIMA,22.480339985091025,49.88466624217074,19613.959897798166,1877.7547686073513
2026-03-14,2026,3,ZIMA,22.543222054979392,49.88466624217074,17076.76204370946,1889.2334121284105
2026-03-14,2026,3,ZIMA,22.60610412486776,49.88466624217074,15467.873285244448,1892.7880692093142
2026-03-14,2026,3,ZIMA,22.668986194756126,49.88466624217074,15087.252427252262,1896.377306718045
2026-03-14,2026,3,ZIMA,22.73186826464449,49.88466624217074,16022.671031962454,1901.2819145465878
2026-03-14,2026,3,ZIMA,22.794750334532857,49.88466624217074,18070.905762502578,1927.4502629201622
2026-03-14,2026,3,ZIMA,22.857632404421224,49.88466624217074,20907.42059662668,1924.186201657618
2026-03-14,2026,3,ZIMA,22.92051447430959,49.88466624217074,24257.241448410692,1913.2421002737608
2026-03-14,2026,3,ZIMA,22.354575845314294,49.94754831205911,23038.7393434135,1893.8117267759235
2026-03-14,2026,3,ZIMA,22.417457915202657,49.94754831205911,18880.06549302841,1893.8968722090751
2026-03-14,2026,3,ZIMA,22.543222054979392,49.94754831205911,11394.616865865368,1894.7064218505227
2026-03-14,2026,3,ZIMA,22.60610412486776,49.94754831205911,8805.938382230486,1895.6971959435755
2026-03-14,2026,3,ZIMA,22.668986194756126,49.94754831205911,8119.71329402324,1900.6440098203457
2026-03-14,2026,3,ZIMA,22.73186826464449,49.94754831205911,9746.42254470249,1911.4085332742427
2026-03-14,2026,3,ZIMA,22.794750334532857,49.94754831205911,12834.865990049382,1921.0979503483927
2026-03-14,2026,3,ZIMA,22.857632404421224,49.94754831205911,16587.731984827173,1911.5852818068652
2026-03-14,2026,3,ZIMA,22.92051447430959,49.94754831205911,20645.8191535088,1933.3832929108964
2026-03-14,2026,3,ZIMA,22.354575845314294,50.01043038194747,21594.502837901968,1889.75769020021
2026-03-14,2026,3,ZIMA,22.60610412486776,50.01043038194747,3697.797015521164,1896.163476454929
2026-03-14,2026,3,ZIMA,22.668986194756126,50.01043038194747,1440.1243037728434,1895.95045247929
2026-03-14,2026,3,ZIMA,22.73186826464449,50.01043038194747,5576.6701266660275,1919.3800544305545
2026-03-14,2026,3,ZIMA,22.794750334532857,50.01043038194747,10037.408538986583,1917.3495486897345
2026-03-14,2026,3,ZIMA,22.857632404421224,50.01043038194747,14526.694946998776,1912.9053955077827
2026-03-14,2026,3,ZIMA,22.92051447430959,50.01043038194747,19024.328090522504,1938.4052920475374
2026-03-14,2026,3,ZIMA,22.98339654419796,50.01043038194747,23525.518975902105,1936.2944620715914
2026-03-14,2026,3,ZIMA,22.417457915202657,50.07331245183585,18050.792026787316,1888.314456335757
2026-03-14,2026,3,ZIMA,22.60610412486776,50.07331245183585,6902.5761455507945,1896.3791476332576
2026-03-14,2026,3,ZIMA,22.668986194756126,50.07331245183585,6005.082267543398,1897.8166366627609
2026-03-14,2026,3,ZIMA,22.73186826464449,50.07331245183585,8065.253034462693,1927.1847928440404
2026-03-14,2026,3,ZIMA,22.794750334532857,50.07331245183585,11602.053204369857,1923.6180574319023
2026-03-14,2026,3,ZIMA,22.857632404421224,50.07331245183585,15644.135070801747,1909.3794139083675
2026-03-14,2026,3,ZIMA,22.92051447430959,50.07331245183585,19885.727864106793,1929.0192100091986
2026-03-14,2026,3,ZIMA,22.98339654419796,50.07331245183585,24222.24501644626,1931.9140538183112
2026-03-14,2026,3,ZIMA,22.417457915202657,50.13619452172421,21384.215178706392,1881.4486312254905
2026-03-14,2026,3,ZIMA,22.480339985091025,50.13619452172421,18004.40735855913,1900.5049486478445
2026-03-14,2026,3,ZIMA,22.543222054979392,50.13619452172421,15216.820549087257,1898.0875729548052
2026-03-14,2026,3,ZIMA,22.60610412486776,50.13619452172421,13396.398279171968,1898.1932495865308
2026-03-14,2026,3,ZIMA,22.668986194756126,50.13619452172421,12957.395986301584,1904.1376329362488
2026-03-14,2026,3,ZIMA,22.73186826464449,50.13619452172421,14030.089988961361,1908.218513622136
2026-03-14,2026,3,ZIMA,22.794750334532857,50.13619452172421,16319.055751563907,1903.4671762398423
2026-03-14,2026,3,ZIMA,22.857632404421224,50.13619452172421,19398.41930955135,1909.052437221337
2026-03-14,2026,3,ZIMA,22.92051447430959,50.13619452172421,22952.22525908215,1913.9088746110644
2026-03-14,2026,3,ZIMA,22.480339985091025,50.19907659161257,23529.471228193466,1907.8075963110987
2026-03-14,2026,3,ZIMA,22.543222054979392,50.19907659161257,21474.414467943952,1902.1389962453536
2026-03-14,2026,3,ZIMA,22.60610412486776,50.19907659161257,20226.978328446672,1900.743916817046
2026-03-14,2026,3,ZIMA,22.668986194756126,50.19907659161257,19939.318930371814,1905.6846913634743
2026-03-14,2026,3,ZIMA,22.73186826464449,50.19907659161257,20651.581114353154,1899.7010874717882
2026-03-14,2026,3,ZIMA,22.794750334532857,50.19907659161257,22268.02238322899,1896.0054981169737
2026-03-14,2026,3,ZIMA,22.857632404421224,50.19907659161257,24611.127318728886,1909.0522074218231
2026-03-15,2026,3,ZIMA,22.543222054979392,49.82178417228238,23478.304883595505,1907.3093720157653
2026-03-15,2026,3,ZIMA,22.60610412486776,49.82178417228238,22333.87813315335,1922.775381611102
2026-03-15,2026,3,ZIMA,22.668986194756126,49.82178417228238,22071.635295795553,1922.7252589568443
2026-03-15,2026,3,ZIMA,22.73186826464449,49.82178417228238,22722.14089493877,1913.119404976358
2026-03-15,2026,3,ZIMA,22.794750334532857,49.82178417228238,24211.93892748119,1911.8162317137258
2026-03-15,2026,3,ZIMA,22.417457915202657,49.88466624217074,22771.25371146151,1900.1892564714753
2026-03-15,2026,3,ZIMA,22.480339985091025,49.88466624217074,19613.959897798166,1912.7750244139918
2026-03-15,2026,3,ZIMA,22.543222054979392,49.88466624217074,17076.76204370946,1918.3209241877585
2026-03-15,2026,3,ZIMA,22.60610412486776,49.88466624217074,15467.873285244448,1927.3502238666913
2026-03-15,2026,3,ZIMA,22.668986194756126,49.88466624217074,15087.252427252262,1923.0158666978448
2026-03-15,2026,3,ZIMA,22.73186826464449,49.88466624217074,16022.671031962454,1918.2398073082113
2026-03-15,2026,3,ZIMA,22.794750334532857,49.88466624217074,18070.905762502578,1923.334832902793
2026-03-15,2026,3,ZIMA,22.857632404421224,49.88466624217074,20907.42059662668,1930.8808767994656
2026-03-15,2026,3,ZIMA,22.92051447430959,49.88466624217074,24257.241448410692,1920.691564048953
2026-03-15,2026,3,ZIMA,22.354575845314294,49.94754831205911,23038.7393434135,1895.8033008768678
2026-03-15,2026,3,ZIMA,22.417457915202657,49.94754831205911,18880.06549302841,1906.5331734465562
2026-03-15,2026,3,ZIMA,22.480339985091025,49.94754831205911,14926.757659550281,1909.3259315993275
2026-03-15,2026,3,ZIMA,22.543222054979392,49.94754831205911,11394.616865865368,1923.6085075811461
2026-03-15,2026,3,ZIMA,22.60610412486776,49.94754831205911,8805.938382230486,1927.9700842058714
2026-03-15,2026,3,ZIMA,22.668986194756126,49.94754831205911,8119.71329402324,1914.569514330702
2026-03-15,2026,3,ZIMA,22.73186826464449,49.94754831205911,9746.42254470249,1915.512398720165
2026-03-15,2026,3,ZIMA,22.794750334532857,49.94754831205911,12834.865990049382,1925.9015003675518
2026-03-15,2026,3,ZIMA,22.857632404421224,49.94754831205911,16587.731984827173,1929.0125055625274
2026-03-15,2026,3,ZIMA,22.92051447430959,49.94754831205911,20645.8191535088,1922.9149627608667
2026-03-15,2026,3,ZIMA,22.354575845314294,50.01043038194747,21594.502837901968,1909.8814077158709
2026-03-15,2026,3,ZIMA,22.417457915202657,50.01043038194747,17094.53108890455,1916.0584052874767
2026-03-15,2026,3,ZIMA,22.480339985091025,50.01043038194747,12599.534648372786,1927.0435559498924
2026-03-15,2026,3,ZIMA,22.543222054979392,50.01043038194747,8117.788360441691,1928.1098632813203
2026-03-15,2026,3,ZIMA,22.60610412486776,50.01043038194747,3697.797015521164,1908.1249211256109
2026-03-15,2026,3,ZIMA,22.668986194756126,50.01043038194747,1440.1243037728434,1906.024623360481
2026-03-15,2026,3,ZIMA,22.73186826464449,50.01043038194747,5576.6701266660275,1922.390315317436
2026-03-15,2026,3,ZIMA,22.794750334532857,50.01043038194747,10037.408538986583,1923.1234386110482
2026-03-15,2026,3,ZIMA,22.857632404421224,50.01043038194747,14526.694946998776,1923.4138482028063
2026-03-15,2026,3,ZIMA,22.92051447430959,50.01043038194747,19024.328090522504,1921.6480891491858
2026-03-15,2026,3,ZIMA,22.98339654419796,50.01043038194747,23525.518975902105,1914.6468768028492
2026-03-15,2026,3,ZIMA,22.354575845314294,50.07331245183585,22354.046447198238,1910.5202488080222
2026-03-15,2026,3,ZIMA,22.417457915202657,50.07331245183585,18050.792026787316,1916.0566121246022
2026-03-15,2026,3,ZIMA,22.480339985091025,50.07331245183585,13875.540196588263,1929.464052012279
2026-03-15,2026,3,ZIMA,22.543222054979392,50.07331245183585,9990.098663853862,1929.2651848980397
2026-03-15,2026,3,ZIMA,22.60610412486776,50.07331245183585,6902.5761455507945,1908.4363195463977
2026-03-15,2026,3,ZIMA,22.668986194756126,50.07331245183585,6005.082267543398,1907.954547986303
2026-03-15,2026,3,ZIMA,22.73186826464449,50.07331245183585,8065.253034462693,1932.020017409488
2026-03-15,2026,3,ZIMA,22.794750334532857,50.07331245183585,11602.053204369857,1929.4552448473091
2026-03-15,2026,3,ZIMA,22.857632404421224,50.07331245183585,15644.135070801747,1922.838428349872
2026-03-15,2026,3,ZIMA,22.92051447430959,50.07331245183585,19885.727864106793,1910.621075305642
2026-03-15,2026,3,ZIMA,22.98339654419796,50.07331245183585,24222.24501644626,1908.2336880317082
2026-03-15,2026,3,ZIMA,22.417457915202657,50.13619452172421,21384.215178706392,1913.5941697105386
2026-03-15,2026,3,ZIMA,22.480339985091025,50.13619452172421,18004.40735855913,1922.6455189825576
2026-03-15,2026,3,ZIMA,22.543222054979392,50.13619452172421,15216.820549087257,1914.046394758736
2026-03-15,2026,3,ZIMA,22.60610412486776,50.13619452172421,13396.398279171968,1908.9439391692922
2026-03-15,2026,3,ZIMA,22.668986194756126,50.13619452172421,12957.395986301584,1917.1271104906868
2026-03-15,2026,3,ZIMA,22.73186826464449,50.13619452172421,14030.089988961361,1917.3178038756303
2026-03-15,2026,3,ZIMA,22.794750334532857,50.13619452172421,16319.055751563907,1907.3400637686902
2026-03-15,2026,3,ZIMA,22.857632404421224,50.13619452172421,19398.41930955135,1907.5449569093212
2026-03-15,2026,3,ZIMA,22.92051447430959,50.13619452172421,22952.22525908215,1906.5670422528544
2026-03-15,2026,3,ZIMA,22.480339985091025,50.19907659161257,23529.471228193466,1923.004078590761
2026-03-15,2026,3,ZIMA,22.543222054979392,50.19907659161257,21474.414467943952,1911.5683547618755
2026-03-15,2026,3,ZIMA,22.60610412486776,50.19907659161257,20226.978328446672,1912.7789164892051
2026-03-15,2026,3,ZIMA,22.668986194756126,50.19907659161257,19939.318930371814,1923.2077767063906
2026-03-15,2026,3,ZIMA,22.73186826464449,50.19907659161257,20651.581114353154,1918.2767276736377
2026-03-15,2026,3,ZIMA,22.794750334532857,50.19907659161257,22268.02238322899,1903.133780726049
2026-03-15,2026,3,ZIMA,22.857632404421224,50.19907659161257,24611.127318728886,1905.2728179290004
2026-03-16,2026,3,ZIMA,22.480339985091025,49.82878772328128,24711.809120294347,1893.1961113403022
2026-03-16,2026,3,ZIMA,22.543222054979392,49.82878772328128,22748.066442999923,1891.1626007772647
2026-03-16,2026,3,ZIMA,22.60610412486776,49.82878772328128,21565.09706289241,1892.9569237223086
2026-03-16,2026,3,ZIMA,22.668986194756126,49.82878772328128,21293.427765337514,1903.2301544943882
2026-03-16,2026,3,ZIMA,22.73186826464449,49.82878772328128,21966.894607487786,1911.9317829787412
2026-03-16,2026,3,ZIMA,22.794750334532857,49.82878772328128,23504.396650112318,1909.6429362577837
2026-03-16,2026,3,ZIMA,22.417457915202657,49.89166979316964,22262.91512756393,1893.6177246777372
2026-03-16,2026,3,ZIMA,22.480339985091025,49.89166979316964,19021.939045588762,1901.6250913621448
2026-03-16,2026,3,ZIMA,22.543222054979392,49.89166979316964,16393.77929599842,1901.5469411937272
2026-03-16,2026,3,ZIMA,22.60610412486776,49.89166979316964,14710.638103227138,1912.436084008589
2026-03-16,2026,3,ZIMA,22.668986194756126,49.89166979316964,14309.94893217961,1915.2069809691277
2026-03-16,2026,3,ZIMA,22.73186826464449,49.89166979316964,15292.848954922392,1913.475380133049
2026-03-16,2026,3,ZIMA,22.794750334532857,49.89166979316964,17426.783472716856,1918.5595308231775
2026-03-16,2026,3,ZIMA,22.857632404421224,49.89166979316964,20352.87206844864,1924.888539510783
2026-03-16,2026,3,ZIMA,22.92051447430959,49.89166979316964,23780.476242766938,1923.6999890858626
2026-03-16,2026,3,ZIMA,22.354575845314294,49.954551863058015,22776.356876468417,1895.8599737476284
2026-03-16,2026,3,ZIMA,22.417457915202657,49.954551863058015,18559.66253791124,1899.3172532543065
2026-03-16,2026,3,ZIMA,22.480339985091025,49.954551863058015,14520.04361323391,1901.2250328568894
2026-03-16,2026,3,ZIMA,22.543222054979392,49.954551863058015,10856.994445873956,1901.6535619230058
2026-03-16,2026,3,ZIMA,22.60610412486776,49.954551863058015,8098.712783562352,1913.0290330585326
2026-03-16,2026,3,ZIMA,22.668986194756126,49.954551863058015,7346.83768198069,1914.6644523505604
2026-03-16,2026,3,ZIMA,22.73186826464449,49.954551863058015,9112.34475900155,1916.5697820240805
2026-03-16,2026,3,ZIMA,22.794750334532857,49.954551863058015,12359.845021672229,1924.162589009203
2026-03-16,2026,3,ZIMA,22.857632404421224,49.954551863058015,16222.479436709024,1926.7282182698493
2026-03-16,2026,3,ZIMA,22.92051447430959,49.954551863058015,20352.983304829497,1917.0387430523701
2026-03-16,2026,3,ZIMA,22.98339654419796,49.954551863058015,24616.882768247455,1918.8384104049626
2026-03-16,2026,3,ZIMA,22.354575845314294,50.017433932946375,21568.461962262016,1902.806576875033
2026-03-16,2026,3,ZIMA,22.417457915202657,50.017433932946375,17062.364867746277,1903.3467070180682
2026-03-16,2026,3,ZIMA,22.480339985091025,50.017433932946375,12556.630674141996,1902.7075283000843
2026-03-16,2026,3,ZIMA,22.543222054979392,50.017433932946375,8051.874491102406,1909.2526902645097
2026-03-16,2026,3,ZIMA,22.60610412486776,50.017433932946375,3551.828731714459,1912.7396240235075
2026-03-16,2026,3,ZIMA,22.668986194756126,50.017433932946375,1008.6745831835706,1912.5268569192035
2026-03-16,2026,3,ZIMA,22.73186826464449,50.017433932946375,5480.739193284635,1921.8739470658306
2026-03-16,2026,3,ZIMA,22.794750334532857,50.017433932946375,9983.922076715906,1921.3475341797246
2026-03-16,2026,3,ZIMA,22.857632404421224,50.017433932946375,14489.236311917515,1921.792959879439
2026-03-16,2026,3,ZIMA,22.92051447430959,50.017433932946375,18995.163351028874,1918.3630371094118
2026-03-16,2026,3,ZIMA,22.98339654419796,50.017433932946375,23501.34844680935,1916.976404293155
2026-03-16,2026,3,ZIMA,22.354575845314294,50.08031600283475,22571.593120862584,1894.2973501668075
2026-03-16,2026,3,ZIMA,22.417457915202657,50.08031600283475,18320.20307903207,1897.478613710865
2026-03-16,2026,3,ZIMA,22.480339985091025,50.08031600283475,14224.935327969335,1901.7355075638768
2026-03-16,2026,3,ZIMA,22.543222054979392,50.08031600283475,10470.614246793919,1901.659839497019
2026-03-16,2026,3,ZIMA,22.60610412486776,50.08031600283475,7581.877613171757,1908.859376170709
2026-03-16,2026,3,ZIMA,22.668986194756126,50.08031600283475,6775.102572670169,1912.1144905097783
2026-03-16,2026,3,ZIMA,22.73186826464449,50.08031600283475,8653.61621414954,1916.5191795162514
2026-03-16,2026,3,ZIMA,22.794750334532857,50.08031600283475,12018.080216548418,1921.379963459021
2026-03-16,2026,3,ZIMA,22.857632404421224,50.08031600283475,15954.608229179084,1910.283509658257
2026-03-16,2026,3,ZIMA,22.92051447430959,50.08031600283475,20130.3447882497,1909.80510984726
2026-03-16,2026,3,ZIMA,22.98339654419796,50.08031600283475,24422.89713923003,1907.8045711992966
2026-03-16,2026,3,ZIMA,22.417457915202657,50.14319807272311,21862.782814030616,1893.5512001421773
2026-03-16,2026,3,ZIMA,22.480339985091025,50.14319807272311,18570.803615072375,1904.7764139344902
2026-03-16,2026,3,ZIMA,22.543222054979392,50.14319807272311,15883.363153205039,1903.5761089297973
2026-03-16,2026,3,ZIMA,22.60610412486776,50.14319807272311,14149.22946280949,1904.2875574319967
2026-03-16,2026,3,ZIMA,22.668986194756126,50.14319807272311,13734.373189309134,1912.2503076216865
2026-03-16,2026,3,ZIMA,22.73186826464449,50.14319807272311,14750.52861257386,1912.1826815466502
2026-03-16,2026,3,ZIMA,22.794750334532857,50.14319807272311,16942.139697664446,1911.5307646283295
2026-03-16,2026,3,ZIMA,22.857632404421224,50.14319807272311,19925.037407232725,1903.9524527453946
2026-03-16,2026,3,ZIMA,22.92051447430959,50.14319807272311,23398.52783718368,1910.2245618774227
2026-03-16,2026,3,ZIMA,22.480339985091025,50.20608014261147,24191.94764707279,1909.157513082917
2026-03-16,2026,3,ZIMA,22.543222054979392,50.20608014261147,22198.610876776278,1909.5661948690915
2026-03-16,2026,3,ZIMA,22.60610412486776,50.20608014261147,20994.430424650796,1914.4126255959657
2026-03-16,2026,3,ZIMA,22.668986194756126,50.20608014261147,20717.470530006434,1914.254322925689
2026-03-16,2026,3,ZIMA,22.73186826464449,50.20608014261147,21403.75483245062,1913.7528297527917
2026-03-16,2026,3,ZIMA,22.794750334532857,50.20608014261147,22967.097983633736,1913.6585094677391
2026-03-18,2026,3,ZIMA,22.539720279479937,49.82528594778182,23201.70544825267,1877.265279631755
2026-03-18,2026,3,ZIMA,22.351074069814842,50.01393215744693,21828.821536591644,1890.6204007670485
2026-03-18,2026,3,ZIMA,22.41395613970321,50.01393215744693,17324.79130605964,1889.76417024446
2026-03-18,2026,3,ZIMA,22.476838209591577,50.01393215744693,12822.683789843306,1889.7641659961644
2026-03-18,2026,3,ZIMA,22.351074069814842,50.07681422733529,22700.501792017214,1892.7689647415552
2026-03-18,2026,3,ZIMA,22.41395613970321,50.07681422733529,18417.218813231048,1892.1158448090052
2026-03-18,2026,3,ZIMA,22.476838209591577,50.07681422733529,14270.388233904712,1891.4465755623633
2026-03-18,2026,3,ZIMA,22.41395613970321,50.13969629722365,21819.375915890814,1881.0778808593095
2026-03-18,2026,3,ZIMA,22.476838209591577,50.13969629722365,18458.403653713616,1894.0039352444644
2026-03-18,2026,3,ZIMA,22.539720279479937,50.13969629722365,15679.799836738823,1897.3807373047568
2026-03-18,2026,3,ZIMA,22.602602349368304,50.13969629722365,13838.91392574409,1888.0058267837273
2026-03-18,2026,3,ZIMA,22.66548441925667,50.13969629722365,13330.070057041166,1887.5234358027813
2026-03-18,2026,3,ZIMA,22.72836648914504,50.13969629722365,14296.213711708167,1887.3098342900241
2026-03-18,2026,3,ZIMA,22.791248559033406,50.13969629722365,16479.94399935908,1885.571055479396
2026-03-18,2026,3,ZIMA,22.854130628921773,50.13969629722365,19475.91734182427,1885.5710425367477
2026-03-18,2026,3,ZIMA,22.91701269881014,50.13969629722365,22968.458595316493,1889.2709661674555
2026-03-18,2026,3,ZIMA,22.476838209591577,50.202578367112025,23992.306860370863,1900.1407653596302
2026-03-18,2026,3,ZIMA,22.539720279479937,50.202578367112025,21929.40319040806,1900.1098818367411
2026-03-18,2026,3,ZIMA,22.602602349368304,50.202578367112025,20655.00950680924,1895.3123554682682
2026-03-18,2026,3,ZIMA,22.66548441925667,50.202578367112025,20318.040457849766,1894.915358207645
2026-03-18,2026,3,ZIMA,22.72836648914504,50.202578367112025,20963.748109279233,1889.1670448560278
2026-03-18,2026,3,ZIMA,22.791248559033406,50.202578367112025,22507.718449793792,1886.2397905631685
2026-03-18,2026,3,ZIMA,22.854130628921773,50.202578367112025,24782.63156412316,1885.324529677876
2026-03-21,2026,3,ZIMA,22.417457915202657,49.89166979316964,22262.91512756393,1890.7170049563995
2026-03-21,2026,3,ZIMA,22.354575845314294,49.954551863058015,22776.356876468417,1890.7170407360456
2026-03-21,2026,3,ZIMA,22.417457915202657,49.954551863058015,18559.66253791124,1890.7170452724056
2026-06-03,2026,6,LATO,22.466332883093216,50.08031600283475,15117.067528998386,1884.68484642556
2026-06-03,2026,6,LATO,22.52921495298159,50.08031600283475,11259.419921760236,1891.9579090964364
2026-06-03,2026,6,LATO,22.59209702286995,50.08031600283475,8098.731703513343,1868.2518165060062
2026-06-03,2026,6,LATO,22.654979092758325,50.08031600283475,6706.002028970861,1855.2793104353636
2026-06-03,2026,6,LATO,22.717861162646685,50.08031600283475,8057.131528176884,1862.082103437962
2026-06-03,2026,6,LATO,22.780743232535045,50.08031600283475,11199.569652326369,1864.3408209780862
2026-06-03,2026,6,LATO,22.403450813204856,50.14319807272311,22652.776181458365,1880.5145495027966
2026-06-03,2026,6,LATO,22.466332883093216,50.14319807272311,19261.81207908881,1880.5145253785743
2026-06-03,2026,6,LATO,22.52921495298159,50.14319807272311,16413.394809788806,1875.412363160375
2026-06-03,2026,6,LATO,22.59209702286995,50.14319807272311,14432.41702274868,1853.9991031740306
2026-06-03,2026,6,LATO,22.654979092758325,50.14319807272311,13700.462542803412,1854.7695224864237
2026-06-03,2026,6,LATO,22.780743232535045,50.14319807272311,16372.449865157329,1864.3408392785336
2026-06-03,2026,6,LATO,22.52921495298159,50.20608014261147,22580.39340326739,1878.246324669551
2026-06-03,2026,6,LATO,22.59209702286995,50.20608014261147,21186.06765317841,1880.4352577569123
2026-06-20,2026,6,LATO,22.7772414570356,49.82878772328128,22997.694466962104,1883.8870964524497
2026-06-21,2026,6,LATO,22.588595247370506,49.82878772328128,21807.18193595717,1888.1726374901357
2026-06-21,2026,6,LATO,22.651477317258866,49.82878772328128,21273.356297295428,1888.1725948154512
2026-06-21,2026,6,LATO,22.714359387147226,49.82878772328128,21687.22960171284,1888.1704349883053
2026-06-21,2026,6,LATO,22.7772414570356,49.82878772328128,22997.694466962104,1888.0517036206666
2026-06-21,2026,6,LATO,22.7772414570356,49.89166979316964,16737.999220682526,1865.4707563016802
2026-06-21,2026,6,LATO,22.84012352692396,49.89166979316964,19477.365119759223,1860.8743348691382
2026-06-21,2026,6,LATO,22.903005596812335,49.89166979316964,22788.153438215097,1858.7335090474091
2026-06-21,2026,6,LATO,22.7772414570356,49.954551863058015,11369.439154365082,1861.4745604663178
2026-06-21,2026,6,LATO,22.84012352692396,49.954551863058015,15111.005369585695,1860.813102986895
2026-06-21,2026,6,LATO,22.903005596812335,49.954551863058015,19185.746581965774,1860.846895349227
2026-06-21,2026,6,LATO,22.965887666700695,49.954551863058015,23420.401230976673,1859.8977128594313
2026-06-21,2026,6,LATO,22.399949037705397,50.017433932946375,18317.01724871943,1915.1066499205256
2026-06-21,2026,6,LATO,22.46283110759377,50.017433932946375,13811.149723168797,1916.1691924614638
2026-06-21,2026,6,LATO,22.52571317748213,50.017433932946375,9305.998011737687,1916.169178484506
2026-06-21,2026,6,LATO,22.588595247370506,50.017433932946375,4803.5842348637925,1916.1692624830664
2026-06-21,2026,6,LATO,22.651477317258866,50.017433932946375,407.88410091848647,1867.4242218256804
2026-06-21,2026,6,LATO,22.714359387147226,50.017433932946375,4228.174317330404,1873.5619702195136
2026-06-21,2026,6,LATO,22.7772414570356,50.017433932946375,8729.700784173236,1870.904446532777
2026-06-21,2026,6,LATO,22.84012352692396,50.017433932946375,13234.68855108754,1864.5821533202839
2026-06-21,2026,6,LATO,22.903005596812335,50.017433932946375,17740.49897456052,1863.9751084636646
2026-06-21,2026,6,LATO,22.965887666700695,50.017433932946375,22246.629981672468,1855.187970356877
2026-06-21,2026,6,LATO,22.337066967817037,50.08031600283475,23771.891645147887,1908.9370127829811
2026-06-21,2026,6,LATO,22.399949037705397,50.08031600283475,19492.580868106976,1909.1630357056702
2026-06-21,2026,6,LATO,22.46283110759377,50.08031600283475,15342.244635151212,1913.7263385717433
2026-06-21,2026,6,LATO,22.52571317748213,50.08031600283475,11461.860003414893,1914.9561880422068
2026-06-21,2026,6,LATO,22.588595247370506,50.08031600283475,8241.972226046848,1915.6582911484682
2026-06-21,2026,6,LATO,22.651477317258866,50.08031600283475,6712.0844053123365,1857.744998176337
2026-06-21,2026,6,LATO,22.714359387147226,50.08031600283475,7920.855163367692,1861.0399989821303
2026-06-21,2026,6,LATO,22.7772414570356,50.08031600283475,10999.722341771127,1865.2094261244306
2026-06-21,2026,6,LATO,22.84012352692396,50.08031600283475,14826.124051878794,1871.9241242891683
2026-06-21,2026,6,LATO,22.903005596812335,50.08031600283475,18952.573284894253,1876.3773538355395
2026-06-21,2026,6,LATO,22.965887666700695,50.08031600283475,23219.64717295703,1866.6453542196123
2026-06-21,2026,6,LATO,22.399949037705397,50.14319807272311,22852.879672009276,1908.7265561901659
2026-06-21,2026,6,LATO,22.46283110759377,50.14319807272311,19438.805553159174,1909.002677579645
2026-06-21,2026,6,LATO,22.52571317748213,50.14319807272311,16552.739885157756,1913.1856536397213
2026-06-21,2026,6,LATO,22.588595247370506,50.14319807272311,14513.17484725431,1901.7355675902115
2026-06-21,2026,6,LATO,22.651477317258866,50.14319807272311,13703.436830989558,1860.3920334513414
2026-06-21,2026,6,LATO,22.714359387147226,50.14319807272311,14333.488304196197,1857.47931239264
2026-06-21,2026,6,LATO,22.7772414570356,50.14319807272311,16236.577883901686,1860.142078933858
2026-06-21,2026,6,LATO,22.84012352692396,50.14319807272311,19034.62736146041,1864.1738854002097
2026-06-21,2026,6,LATO,22.903005596812335,50.14319807272311,22394.65584251987,1865.4913673820731
2026-06-21,2026,6,LATO,22.46283110759377,50.20608014261147,24863.616912715534,1908.691339197249
2026-06-21,2026,6,LATO,22.52571317748213,50.20608014261147,22681.750518141413,1880.4882582704572
2026-06-21,2026,6,LATO,22.588595247370506,50.20608014261147,21241.091784175827,1875.0914918828419
2026-06-21,2026,6,LATO,22.651477317258866,50.20608014261147,20697.001515397067,1875.842055393719
2026-06-21,2026,6,LATO,22.714359387147226,50.20608014261147,21118.887757690336,1870.5567475014698
2026-06-21,2026,6,LATO,22.7772414570356,50.20608014261147,22452.364556079265,1864.556032953078
2026-06-21,2026,6,LATO,22.84012352692396,50.20608014261147,24549.33260415952,1879.966676150497
2026-06-21,2026,6,LATO,22.773739681536142,49.82878772328128,22903.2919863119,1887.1366764884065
2026-06-21,2026,6,LATO,22.836621751424502,49.82878772328128,24932.425629702797,1886.9868643179755
2026-06-21,2026,6,LATO,22.773739681536142,49.89166979316964,16608.222929056607,1883.638809854991
2026-06-21,2026,6,LATO,22.836621751424502,49.89166979316964,19307.31223571059,1883.638795945555
2026-06-21,2026,6,LATO,22.89950382131289,49.89166979316964,22592.843935564306,1883.6387994168686
2026-06-21,2026,6,LATO,22.96238589120125,50.017433932946375,21995.687619409953,1883.180532204006
2026-06-21,2026,6,LATO,22.96238589120125,50.08031600283475,22979.648354916633,1877.0147731964273
2026-06-24,2026,6,LATO,22.399949037705397,50.017433932946375,18317.01724871943,1895.9907172215214
2026-06-24,2026,6,LATO,22.46283110759377,50.017433932946375,13811.149723168797,1895.9141615078383
2026-06-24,2026,6,LATO,22.337066967817037,50.08031600283475,23771.891645147887,1884.6688521065557
2026-06-24,2026,6,LATO,22.399949037705397,50.08031600283475,19492.580868106976,1898.8571468346
2026-06-24,2026,6,LATO,22.46283110759377,50.08031600283475,15342.244635151212,1883.8045347314771
2026-06-24,2026,6,LATO,22.52571317748213,50.08031600283475,11461.860003414893,1882.287424095529
2026-06-24,2026,6,LATO,22.588595247370506,50.08031600283475,8241.972226046848,1873.712429888936
2026-06-24,2026,6,LATO,22.399949037705397,50.14319807272311,22852.879672009276,1885.893100284612
2026-06-24,2026,6,LATO,22.46283110759377,50.14319807272311,19438.805553159174,1884.4167716970073
2026-06-24,2026,6,LATO,22.52571317748213,50.14319807272311,16552.739885157756,1874.3537489140622
2026-06-24,2026,6,LATO,22.588595247370506,50.14319807272311,14513.17484725431,1869.331418387419
2026-06-24,2026,6,LATO,22.651477317258866,50.14319807272311,13703.436830989558,1875.3408971782924
2026-06-24,2026,6,LATO,22.714359387147226,50.14319807272311,14333.488304196197,1876.4560612095772
2026-06-24,2026,6,LATO,22.52571317748213,50.20608014261147,22681.750518141413,1860.8098372745771
2026-06-24,2026,6,LATO,22.588595247370506,50.20608014261147,21241.091784175827,1865.3054370350392
2026-06-24,2026,6,LATO,22.651477317258866,50.20608014261147,20697.001515397067,1881.1981767217528
2026-06-24,2026,6,LATO,22.714359387147226,50.20608014261147,21118.887757690336,1879.247878616161
2026-06-24,2026,6,LATO,22.7772414570356,50.20608014261147,22452.364556079265,1874.611086503337
2026-06-24,2026,6,LATO,22.84012352692396,50.20608014261147,24549.33260415952,1878.4194359488718
2026-06-25,2026,6,LATO,22.52571317748213,49.82878772328128,23223.446671401936,1879.0366774846786
2026-06-25,2026,6,LATO,22.588595247370506,49.82878772328128,21807.18193595717,1877.7040547385025
2026-06-25,2026,6,LATO,22.651477317258866,49.82878772328128,21273.356297295428,1870.3823890579754
2026-06-25,2026,6,LATO,22.714359387147226,49.82878772328128,21687.22960171284,1868.831199728078
2026-06-25,2026,6,LATO,22.7772414570356,49.82878772328128,22997.694466962104,1872.7735544974564
2026-06-25,2026,6,LATO,22.399949037705397,49.89166979316964,23240.95435275252,1868.3699344886818
2026-06-25,2026,6,LATO,22.46283110759377,49.89166979316964,19874.58844639638,1887.95919336705
2026-06-25,2026,6,LATO,22.52571317748213,49.89166979316964,17046.454606667296,1888.0016992123556
2026-06-25,2026,6,LATO,22.588595247370506,49.89166979316964,15062.835837653478,1882.4011842479438
2026-06-25,2026,6,LATO,22.651477317258866,49.89166979316964,14280.103976491555,1872.8408879007566
2026-06-25,2026,6,LATO,22.714359387147226,49.89166979316964,14888.872887278887,1872.7064046676078
2026-06-25,2026,6,LATO,22.7772414570356,49.89166979316964,16737.999220682526,1885.553161922997
2026-06-25,2026,6,LATO,22.84012352692396,49.89166979316964,19477.365119759223,1884.544356774165
2026-06-25,2026,6,LATO,22.903005596812335,49.89166979316964,22788.153438215097,1881.7574102099425
2026-06-25,2026,6,LATO,22.337066967817037,49.954551863058015,23969.435525253684,1869.675639872146
2026-06-25,2026,6,LATO,22.399949037705397,49.954551863058015,19720.74564278404,1868.8807352211593
2026-06-25,2026,6,LATO,22.46283110759377,49.954551863058015,15619.017095593703,1892.115965342121
2026-06-25,2026,6,LATO,22.52571317748213,49.954551863058015,11818.274784255715,1889.9165026697005
2026-06-25,2026,6,LATO,22.588595247370506,49.954551863058015,8721.334982744045,1876.0639555676366
2026-06-25,2026,6,LATO,22.651477317258866,49.954551863058015,7288.611985025922,1873.274941599924
2026-06-25,2026,6,LATO,22.714359387147226,49.954551863058015,8417.717063070771,1874.8451543557553
2026-06-25,2026,6,LATO,22.7772414570356,49.954551863058015,11369.439154365082,1887.6964645627263
2026-06-25,2026,6,LATO,22.84012352692396,49.954551863058015,15111.005369585695,1885.5545333524724
2026-06-25,2026,6,LATO,22.903005596812335,49.954551863058015,19185.746581965774,1882.3054211789129
2026-06-25,2026,6,LATO,22.965887666700695,49.954551863058015,23420.401230976673,1882.3465183196804
2026-06-25,2026,6,LATO,22.337066967817037,50.017433932946375,22823.174390414948,1879.5777387865635
2026-06-25,2026,6,LATO,22.399949037705397,50.017433932946375,18317.01724871943,1898.6745222613772
2026-06-25,2026,6,LATO,22.46283110759377,50.017433932946375,13811.149723168797,1898.504646762328
2026-06-25,2026,6,LATO,22.52571317748213,50.017433932946375,9305.998011737687,1876.5968799776938
2026-06-25,2026,6,LATO,22.588595247370506,50.017433932946375,4803.5842348637925,1875.8416822169038
2026-06-25,2026,6,LATO,22.651477317258866,50.017433932946375,407.88410091848647,1881.1550850356869
2026-06-25,2026,6,LATO,22.714359387147226,50.017433932946375,4228.174317330404,1890.4766289545612
2026-06-25,2026,6,LATO,22.7772414570356,50.017433932946375,8729.700784173236,1885.9052046275394
2026-06-25,2026,6,LATO,22.337066967817037,50.08031600283475,23771.891645147887,1894.9860890531484
2026-06-25,2026,6,LATO,22.399949037705397,50.08031600283475,19492.580868106976,1895.3765461751161
2026-06-25,2026,6,LATO,22.46283110759377,50.08031600283475,15342.244635151212,1889.7423346616538
2026-06-25,2026,6,LATO,22.52571317748213,50.08031600283475,11461.860003414893,1870.273290253968
2026-06-25,2026,6,LATO,22.588595247370506,50.08031600283475,8241.972226046848,1869.4989298333771
2026-06-25,2026,6,LATO,22.651477317258866,50.08031600283475,6712.0844053123365,1872.3576542799356
2026-06-25,2026,6,LATO,22.714359387147226,50.08031600283475,7920.855163367692,1874.916404785588
2026-06-25,2026,6,LATO,22.7772414570356,50.08031600283475,10999.722341771127,1876.4302767039696
2026-06-25,2026,6,LATO,22.84012352692396,50.08031600283475,14826.124051878794,1876.2827219572014
2026-06-25,2026,6,LATO,22.903005596812335,50.08031600283475,18952.573284894253,1876.411203159104
2026-06-25,2026,6,LATO,22.399949037705397,50.14319807272311,22852.879672009276,1896.206980536948
2026-06-25,2026,6,LATO,22.46283110759377,50.14319807272311,19438.805553159174,1879.3646449084654
2026-06-25,2026,6,LATO,22.52571317748213,50.14319807272311,16552.739885157756,1873.3811035156934
2026-06-25,2026,6,LATO,22.588595247370506,50.14319807272311,14513.17484725431,1874.4763410565488
2026-06-25,2026,6,LATO,22.651477317258866,50.14319807272311,13703.436830989558,1872.2476015841708
2026-06-25,2026,6,LATO,22.714359387147226,50.14319807272311,14333.488304196197,1869.52545083855
2026-06-25,2026,6,LATO,22.7772414570356,50.14319807272311,16236.577883901686,1869.047899223815
2026-06-25,2026,6,LATO,22.84012352692396,50.14319807272311,19034.62736146041,1875.734104265964
2026-06-25,2026,6,LATO,22.903005596812335,50.14319807272311,22394.65584251987,1876.54008359315
2026-06-25,2026,6,LATO,22.46283110759377,50.20608014261147,24863.616912715534,1880.571017578005
2026-06-25,2026,6,LATO,22.52571317748213,50.20608014261147,22681.750518141413,1881.0916877895095
2026-06-25,2026,6,LATO,22.588595247370506,50.20608014261147,21241.091784175827,1882.0220957740867
2026-06-25,2026,6,LATO,22.651477317258866,50.20608014261147,20697.001515397067,1881.9997122804948
2026-06-25,2026,6,LATO,22.714359387147226,50.20608014261147,21118.887757690336,1881.9545489325453
2026-06-25,2026,6,LATO,22.84012352692396,50.20608014261147,24549.33260415952,1874.8258417245777
2026-06-27,2026,6,LATO,22.52921495298159,49.82878772328128,23123.684153430204,1851.8099365234978
2026-06-27,2026,6,LATO,22.59209702286995,49.82878772328128,21753.167891833564,1850.2824567943983
2026-06-27,2026,6,LATO,22.654979092758325,49.82878772328128,21271.427971378584,1844.5371375811649
2026-06-27,2026,6,LATO,22.717861162646685,49.82878772328128,21737.633674997764,1844.5293060084132
2026-06-27,2026,6,LATO,22.780743232535045,49.82878772328128,23094.44903375016,1866.6753273037923
2026-06-27,2026,6,LATO,22.403450813204856,49.89166979316964,23043.186778715266,1855.0742939568304
2026-06-27,2026,6,LATO,22.466332883093216,49.89166979316964,19700.60041263669,1854.7628558014846
2026-06-27,2026,6,LATO,22.52921495298159,49.89166979316964,16910.467245561413,1851.8400168776936
2026-06-27,2026,6,LATO,22.59209702286995,49.89166979316964,14984.632301327198,1851.3204379175506
2026-06-27,2026,6,LATO,22.654979092758325,49.89166979316964,14277.234881417222,1853.5626503266935
2026-06-27,2026,6,LATO,22.717861162646685,49.89166979316964,14962.101662012434,1867.9680063967028
2026-06-27,2026,6,LATO,22.780743232535045,49.89166979316964,16870.520488444283,1870.2936864870398
2026-06-27,2026,6,LATO,22.84362530242342,49.89166979316964,19649.160104581722,1869.9036791516673
2026-06-27,2026,6,LATO,22.90650737231178,49.89166979316964,22984.550710999814,1868.0158890214102
2026-06-27,2026,6,LATO,22.34056874331648,49.954551863058015,23730.303395653747,1861.7612830404464
2026-06-27,2026,6,LATO,22.403450813204856,49.954551863058015,19487.590975906383,1857.3946505422005
2026-06-27,2026,6,LATO,22.466332883093216,49.954551863058015,15397.305899833966,1856.3123107846327
2026-06-27,2026,6,LATO,22.52921495298159,49.954551863058015,11621.52742801706,1854.7548801010935
2026-06-27,2026,6,LATO,22.59209702286995,49.954551863058015,8585.739105706874,1853.5165307383545
2026-06-27,2026,6,LATO,22.654979092758325,49.954551863058015,7282.996464636708,1859.3468504932887
2026-06-27,2026,6,LATO,22.717861162646685,49.954551863058015,8546.407014340726,1863.7432149926115
2026-06-27,2026,6,LATO,22.780743232535045,49.954551863058015,11563.39959417523,1869.7480468750362
2026-06-27,2026,6,LATO,22.84362530242342,49.954551863058015,15331.519629385028,1870.2919168894116
2026-06-27,2026,6,LATO,22.90650737231178,49.954551863058015,19418.311560371767,1870.503949558585
2026-06-27,2026,6,LATO,22.969389442200153,49.954551863058015,23659.207083204412,1868.0257134359408
2026-06-27,2026,6,LATO,22.34056874331648,50.017433932946375,22572.230985439637,1862.9002645554149
2026-06-27,2026,6,LATO,22.403450813204856,50.017433932946375,18066.08493467374,1865.9768648141437
2026-06-27,2026,6,LATO,22.466332883093216,50.017433932946375,13560.241468417575,1865.4431093176224
2026-06-27,2026,6,LATO,22.52921495298159,50.017433932946375,9055.157860934964,1857.9098114846786
2026-06-27,2026,6,LATO,22.59209702286995,50.017433932946375,4553.098125113467,1853.8265888409167
2026-06-27,2026,6,LATO,22.654979092758325,50.017433932946375,290.9442965550448,1869.0784135657875
2026-06-27,2026,6,LATO,22.717861162646685,50.017433932946375,4478.586244782535,1870.7895109486817
2026-06-27,2026,6,LATO,22.780743232535045,50.017433932946375,8980.531654212778,1862.5859402214844
2026-06-27,2026,6,LATO,22.84362530242342,50.017433932946375,13485.594062941023,1863.7070253511586
2026-06-27,2026,6,LATO,22.90650737231178,50.017433932946375,17991.430140098637,1867.960497941032
2026-06-27,2026,6,LATO,22.969389442200153,50.017433932946375,22497.572808051387,1863.4235237605067
2026-06-27,2026,6,LATO,22.34056874331648,50.08031600283475,23531.38389392902,1852.9438475515312
2026-06-27,2026,6,LATO,22.403450813204856,50.08031600283475,19257.282604473337,1859.448659077615
2026-06-27,2026,6,LATO,22.466332883093216,50.08031600283475,15117.067528998386,1862.4602675999524
2026-06-27,2026,6,LATO,22.52921495298159,50.08031600283475,11259.419921760236,1848.8231036588202
2026-06-27,2026,6,LATO,22.59209702286995,50.08031600283475,8098.731703513343,1840.6184074529833
2026-06-27,2026,6,LATO,22.654979092758325,50.08031600283475,6706.002028970861,1845.31606674152
2026-06-27,2026,6,LATO,22.717861162646685,50.08031600283475,8057.131528176884,1849.404006561718
2026-06-27,2026,6,LATO,22.780743232535045,50.08031600283475,11199.569652326369,1859.356033402387
2026-06-27,2026,6,LATO,22.84362530242342,50.08031600283475,15050.231414787298,1870.7590926903447
2026-06-27,2026,6,LATO,22.90650737231178,50.08031600283475,19187.35473285885,1864.9242922258713
2026-06-27,2026,6,LATO,22.969389442200153,50.08031600283475,23459.8719463774,1865.3683055896952
2026-06-27,2026,6,LATO,22.403450813204856,50.14319807272311,22652.776181458365,1852.9438476561854
2026-06-27,2026,6,LATO,22.466332883093216,50.14319807272311,19261.81207908881,1854.930411157204
2026-06-27,2026,6,LATO,22.52921495298159,50.14319807272311,16413.394809788806,1861.084519079124
2026-06-27,2026,6,LATO,22.59209702286995,50.14319807272311,14432.41702274868,1858.4411468808864
2026-06-27,2026,6,LATO,22.654979092758325,50.14319807272311,13700.462542803412,1840.626361134106
2026-06-27,2026,6,LATO,22.717861162646685,50.14319807272311,14409.144847811807,1840.9453821451518
2026-06-27,2026,6,LATO,22.780743232535045,50.14319807272311,16372.449865157329,1849.3974756769212
2026-06-27,2026,6,LATO,22.84362530242342,50.14319807272311,19209.471110313178,1863.6766081429469
2026-06-27,2026,6,LATO,22.90650737231178,50.14319807272311,22593.4378995992,1864.0432581213315
2026-06-27,2026,6,LATO,22.466332883093216,50.20608014261147,24725.668418538902,1854.191827384171
2026-06-27,2026,6,LATO,22.52921495298159,50.20608014261147,22580.39340326739,1854.004781861857
2026-06-27,2026,6,LATO,22.59209702286995,50.20608014261147,21186.06765317841,1853.9479980468104
2026-06-27,2026,6,LATO,22.654979092758325,50.20608014261147,20695.034946995864,1858.8638692501006
2026-06-27,2026,6,LATO,22.717861162646685,50.20608014261147,21170.241777233572,1861.0825168846982
2026-06-27,2026,6,LATO,22.780743232535045,50.20608014261147,22550.687644882495,1853.700123949
2026-06-27,2026,6,LATO,22.84362530242342,50.20608014261147,24684.969053624438,1878.0226225373005
2026-06-27,2026,6,LATO,22.522211401982673,49.82528594778182,23681.36397288888,1893.1544710177768
2026-06-27,2026,6,LATO,22.585093471871062,49.82528594778182,22243.113603917147,1893.1792921405358
2026-06-27,2026,6,LATO,22.647975541759422,49.82528594778182,21667.624483433796,1893.0898927373817
2026-06-27,2026,6,LATO,22.710857611647782,49.82528594778182,22022.63564934791,1893.0451993393726
2026-06-27,2026,6,LATO,22.773739681536142,49.82528594778182,23265.591203190193,1900.6234086715451
2026-06-27,2026,6,LATO,22.396447262205953,49.888168017670196,23679.53220215283,1896.7601035447951
2026-06-27,2026,6,LATO,22.459329332094313,49.888168017670196,20329.756512475342,1896.7893785909184
2026-06-27,2026,6,LATO,22.522211401982673,49.888168017670196,17510.161048962553,1895.5772369229126
2026-06-27,2026,6,LATO,22.585093471871062,49.888168017670196,15512.59120345802,1894.7935026388086
2026-06-27,2026,6,LATO,22.647975541759422,49.888168017670196,14676.618170674585,1894.7223660539241
2026-06-27,2026,6,LATO,22.710857611647782,49.888168017670196,15195.180964942992,1895.549148277198
2026-06-27,2026,6,LATO,22.773739681536142,49.888168017670196,16944.37306082622,1901.597418648736
2026-06-27,2026,6,LATO,22.836621751424502,49.888168017670196,19597.3983523426,1901.581351770576
2026-06-27,2026,6,LATO,22.89950382131289,49.888168017670196,22841.459391951477,1897.8648497732308
2026-06-27,2026,6,LATO,22.333565192317593,49.951050087558556,24329.616153798765,1892.511573322932
2026-06-27,2026,6,LATO,22.396447262205953,49.951050087558556,20100.38885914841,1897.2226711880162
2026-06-27,2026,6,LATO,22.459329332094313,49.951050087558556,16024.852730089931,1897.1501086652197
2026-06-27,2026,6,LATO,22.522211401982673,49.951050087558556,12257.290210877267,1893.620109320203
2026-06-27,2026,6,LATO,22.585093471871062,49.951050087558556,9184.85227776162,1893.6533938793439
2026-06-27,2026,6,LATO,22.647975541759422,49.951050087558556,7691.354015338403,1893.941950401958
2026-06-27,2026,6,LATO,22.710857611647782,49.951050087558556,8638.703832302734,1896.6987292128738
2026-06-27,2026,6,LATO,22.773739681536142,49.951050087558556,11435.580416255929,1901.1066933980464
2026-06-27,2026,6,LATO,22.836621751424502,49.951050087558556,15086.182423455777,1901.210154174103
2026-06-27,2026,6,LATO,22.89950382131289,49.951050087558556,19107.284311362495,1898.5212970294845
2026-06-27,2026,6,LATO,22.96238589120125,49.951050087558556,23307.908975838698,1898.000032117956
2026-06-27,2026,6,LATO,22.333565192317593,50.01393215744693,23083.11301727658,1898.147499581208
2026-06-27,2026,6,LATO,22.396447262205953,50.01393215744693,18578.759884169915,1898.4621582031946
2026-06-27,2026,6,LATO,22.459329332094313,50.01393215744693,14075.95044439272,1898.4621582031943
2026-06-27,2026,6,LATO,22.522211401982673,50.01393215744693,9576.867796616025,1896.3153076172568
2026-06-27,2026,6,LATO,22.585093471871062,50.01393215744693,5091.408622525803,1896.3153076171213
2026-06-27,2026,6,LATO,22.647975541759422,50.01393215744693,866.3511802528575,1896.3129952645236
2026-06-27,2026,6,LATO,22.710857611647782,50.01393215744693,4025.018780650662,1897.732514189849
2026-06-27,2026,6,LATO,22.773739681536142,50.01393215744693,8501.357094265071,1897.8812037437317
2026-06-27,2026,6,LATO,22.836621751424502,50.01393215744693,12998.746538427782,1897.8520869358433
2026-06-27,2026,6,LATO,22.89950382131289,50.01393215744693,17500.96354848801,1893.0862274784554
2026-06-27,2026,6,LATO,22.96238589120125,50.01393215744693,22005.04296736069,1892.9502444244185
2026-06-27,2026,6,LATO,22.333565192317593,50.07681422733529,23907.569888610113,1901.8362018571115
2026-06-27,2026,6,LATO,22.396447262205953,50.07681422733529,19599.92593923184,1901.7543311458944
2026-06-27,2026,6,LATO,22.459329332094313,50.07681422733529,15404.905898963934,1901.5905398716254
2026-06-27,2026,6,LATO,22.522211401982673,50.07681422733529,11447.012777359685,1888.0996502940163
2026-06-27,2026,6,LATO,22.585093471871062,50.07681422733529,8082.458111143529,1888.299679336869
2026-06-27,2026,6,LATO,22.647975541759422,50.07681422733529,6339.339550752154,1890.4708191778768
2026-06-27,2026,6,LATO,22.710857611647782,50.07681422733529,7457.693136480863,1900.0675670401022
2026-06-27,2026,6,LATO,22.773739681536142,50.07681422733529,10564.855663217462,1899.975725142743
2026-06-27,2026,6,LATO,22.836621751424502,50.07681422733529,14428.590933221798,1899.926457343362
2026-06-27,2026,6,LATO,22.89950382131289,50.07681422733529,18582.821913780223,1887.060961334123
2026-06-27,2026,6,LATO,22.96238589120125,50.07681422733529,22869.78714046843,1887.349605218696
2026-06-27,2026,6,LATO,22.396447262205953,50.13969629722365,22825.193638328336,1898.6584183154848
2026-06-27,2026,6,LATO,22.459329332094313,50.13969629722365,19347.75752602648,1896.653159044651
2026-06-27,2026,6,LATO,22.522211401982673,50.13969629722365,16376.749170433397,1889.8608355643523
2026-06-27,2026,6,LATO,22.585093471871062,50.13969629722365,14232.922355812683,1889.8592542080933
2026-06-27,2026,6,LATO,22.647975541759422,50.13969629722365,13321.790660787445,1892.0752936910962
2026-06-27,2026,6,LATO,22.710857611647782,50.13969629722365,13888.119460013195,1893.6594536030711
2026-06-27,2026,6,LATO,22.773739681536142,50.13969629722365,15773.567700958482,1893.851065789586
2026-06-27,2026,6,LATO,22.836621751424502,50.13969629722365,18580.82277687495,1894.150448012828
2026-06-27,2026,6,LATO,22.89950382131289,50.13969629722365,21959.1545111056,1895.1127776935548
2026-06-27,2026,6,LATO,22.459329332094313,50.202578367112025,24682.1741638461,1895.8971491982313
2026-06-27,2026,6,LATO,22.522211401982673,50.202578367112025,22432.36943251115,1893.8887939453816
2026-06-27,2026,6,LATO,22.585093471871062,50.202578367112025,20920.69442027158,1893.8887939452463
2026-06-27,2026,6,LATO,22.647975541759422,50.202578367112025,20312.61666803342,1893.9771728515002
2026-06-27,2026,6,LATO,22.710857611647782,50.202578367112025,20687.96636917898,1893.9771728516316
2026-06-27,2026,6,LATO,22.773739681536142,50.202578367112025,21996.458114033663,1893.977172851599
2026-06-27,2026,6,LATO,22.836621751424502,50.202578367112025,24086.493055300405,1896.7587924368618
2026-06-28,2026,6,LATO,22.7772414570356,49.888168017670196,17071.603330708916,1911.7135660630186
2026-06-28,2026,6,LATO,22.84012352692396,49.888168017670196,19764.96762440053,1909.3150930203244
2026-06-28,2026,6,LATO,22.903005596812335,49.888168017670196,23034.674909389774,1908.5339892835525
2026-06-28,2026,6,LATO,22.337066967817037,49.951050087558556,24091.424122935045,1923.5241664409311
2026-06-28,2026,6,LATO,22.399949037705397,49.951050087558556,19868.49827808484,1923.5241520307409
2026-06-28,2026,6,LATO,22.46283110759377,49.951050087558556,15804.828416408018,1905.794333584624
2026-06-28,2026,6,LATO,22.7772414570356,49.951050087558556,11623.026508428964,1911.0611495777746
2026-06-28,2026,6,LATO,22.84012352692396,49.951050087558556,15302.949327791452,1911.37569635731
2026-06-28,2026,6,LATO,22.903005596812335,49.951050087558556,19337.548389535474,1908.5647825513954
2026-06-28,2026,6,LATO,22.965887666700695,49.951050087558556,23545.194491841612,1905.1302112569988
2026-06-28,2026,6,LATO,22.337066967817037,50.01393215744693,22832.24971178254,1921.5387108888017
2026-06-28,2026,6,LATO,22.399949037705397,50.01393215744693,18327.956370926233,1920.2376062020558
2026-06-28,2026,6,LATO,22.46283110759377,50.01393215744693,13825.27391873585,1909.8503854135856
2026-06-28,2026,6,LATO,22.52571317748213,50.01393215744693,9326.541259749176,1909.8530125751763
2026-06-28,2026,6,LATO,22.588595247370506,50.01393215744693,4842.786104066398,1909.5334200857956
2026-06-28,2026,6,LATO,22.651477317258866,50.01393215744693,736.7922552973483,1908.1742127562093
2026-06-28,2026,6,LATO,22.7772414570356,50.01393215744693,8751.553760627914,1915.1788364907834
2026-06-28,2026,6,LATO,22.84012352692396,50.01393215744693,13249.38451954479,1914.818133710876
2026-06-28,2026,6,LATO,22.903005596812335,50.01393215744693,17751.75081067605,1909.5934611371922
2026-06-28,2026,6,LATO,22.965887666700695,50.01393215744693,22255.897973442527,1905.8304825272921
2026-06-28,2026,6,LATO,22.337066967817037,50.07681422733529,23665.765470187154,1921.5367216443249
2026-06-28,2026,6,LATO,22.399949037705397,50.07681422733529,19362.66631877855,1917.5094874212473
2026-06-28,2026,6,LATO,22.46283110759377,50.07681422733529,15176.497478602401,1911.383798572761
2026-06-28,2026,6,LATO,22.52571317748213,50.07681422733529,11238.694648015777,1911.4012563479425
2026-06-28,2026,6,LATO,22.588595247370506,50.07681422733529,7928.398081183003,1911.4012531944147
2026-06-28,2026,6,LATO,22.7772414570356,50.07681422733529,10766.947426028457,1915.1788670265946
2026-06-28,2026,6,LATO,22.84012352692396,50.07681422733529,14654.501867777979,1904.5797278740383
2026-06-28,2026,6,LATO,22.903005596812335,50.07681422733529,18818.8910388129,1901.8699782955891
2026-06-28,2026,6,LATO,22.965887666700695,50.07681422733529,23110.944327591777,1902.6643147010377
2026-06-28,2026,6,LATO,22.84012352692396,50.13969629722365,18756.560428837118,1893.4273487387536
2026-06-28,2026,6,LATO,22.903005596812335,50.13969629722365,22159.022993972176,1893.270490350255
2026-06-28,2026,6,LATO,22.84012352692396,50.202578367112025,24222.141131806173,1910.641661307514
2026-06-29,2026,6,LATO,22.651477317258866,49.89166979316964,14280.103976491555,1914.0290574476899
2026-06-29,2026,6,LATO,22.714359387147226,49.89166979316964,14888.872887278887,1914.0290498078423
2026-06-29,2026,6,LATO,22.7772414570356,49.89166979316964,16737.999220682526,1907.6402587181944
2026-06-29,2026,6,LATO,22.84012352692396,49.89166979316964,19477.365119759223,1906.9432814961551
2026-06-29,2026,6,LATO,22.903005596812335,49.89166979316964,22788.153438215097,1896.700281070398
2026-06-29,2026,6,LATO,22.651477317258866,49.954551863058015,7288.611985025922,1912.8840398750342
2026-06-29,2026,6,LATO,22.714359387147226,49.954551863058015,8417.717063070771,1913.581995709782
2026-06-29,2026,6,LATO,22.7772414570356,49.954551863058015,11369.439154365082,1907.640285469899
2026-06-29,2026,6,LATO,22.84012352692396,49.954551863058015,15111.005369585695,1907.6402109816413
2026-06-29,2026,6,LATO,22.651477317258866,50.017433932946375,407.88410091848647,1910.4041548597402
2026-06-29,2026,6,LATO,22.714359387147226,50.017433932946375,4228.174317330404,1910.404168946321
2026-06-30,2026,6,LATO,22.52571317748213,49.82878772328128,23223.446671401936,1872.613953929106
2026-06-30,2026,6,LATO,22.588595247370506,49.82878772328128,21807.18193595717,1880.1719847523432
2026-06-30,2026,6,LATO,22.651477317258866,49.82878772328128,21273.356297295428,1890.3142260829502
2026-06-30,2026,6,LATO,22.714359387147226,49.82878772328128,21687.22960171284,1890.4096400458245
2026-06-30,2026,6,LATO,22.7772414570356,49.82878772328128,22997.694466962104,1894.5423043325427
2026-06-30,2026,6,LATO,22.399949037705397,49.89166979316964,23240.95435275252,1905.6605964140763
2026-06-30,2026,6,LATO,22.46283110759377,49.89166979316964,19874.58844639638,1898.6154839539663
2026-06-30,2026,6,LATO,22.52571317748213,49.89166979316964,17046.454606667296,1893.6891589386196
2026-06-30,2026,6,LATO,22.588595247370506,49.89166979316964,15062.835837653478,1897.2591351384795
2026-06-30,2026,6,LATO,22.651477317258866,49.89166979316964,14280.103976491555,1894.4358857512973
2026-06-30,2026,6,LATO,22.714359387147226,49.89166979316964,14888.872887278887,1886.098750369922
2026-06-30,2026,6,LATO,22.7772414570356,49.89166979316964,16737.999220682526,1890.5477395609157
2026-06-30,2026,6,LATO,22.84012352692396,49.89166979316964,19477.365119759223,1892.8678477165545
2026-06-30,2026,6,LATO,22.903005596812335,49.89166979316964,22788.153438215097,1891.0783875842994
2026-06-30,2026,6,LATO,22.337066967817037,49.954551863058015,23969.435525253684,1904.3618932594504
2026-06-30,2026,6,LATO,22.399949037705397,49.954551863058015,19720.74564278404,1900.9773675035694
2026-06-30,2026,6,LATO,22.46283110759377,49.954551863058015,15619.017095593703,1897.7337711679265
2026-06-30,2026,6,LATO,22.52571317748213,49.954551863058015,11818.274784255715,1893.8855110601614
2026-06-30,2026,6,LATO,22.588595247370506,49.954551863058015,8721.334982744045,1893.4439697264963
2026-06-30,2026,6,LATO,22.651477317258866,49.954551863058015,7288.611985025922,1889.4460988668673
2026-06-30,2026,6,LATO,22.714359387147226,49.954551863058015,8417.717063070771,1885.641181877692
2026-06-30,2026,6,LATO,22.7772414570356,49.954551863058015,11369.439154365082,1885.251390725251
2026-06-30,2026,6,LATO,22.84012352692396,49.954551863058015,15111.005369585695,1889.811158186335
2026-06-30,2026,6,LATO,22.903005596812335,49.954551863058015,19185.746581965774,1904.0261729510855
2026-06-30,2026,6,LATO,22.965887666700695,49.954551863058015,23420.401230976673,1924.4477932879458
2026-06-30,2026,6,LATO,22.337066967817037,50.017433932946375,22823.174390414948,1904.5286358996468
2026-06-30,2026,6,LATO,22.399949037705397,50.017433932946375,18317.01724871943,1896.259541821041
2026-06-30,2026,6,LATO,22.46283110759377,50.017433932946375,13811.149723168797,1897.1540837675398
2026-06-30,2026,6,LATO,22.52571317748213,50.017433932946375,9305.998011737687,1895.5558623321158
2026-06-30,2026,6,LATO,22.588595247370506,50.017433932946375,4803.5842348637925,1894.9848285532232
2026-06-30,2026,6,LATO,22.651477317258866,50.017433932946375,407.88410091848647,1885.8018798827507
2026-06-30,2026,6,LATO,22.714359387147226,50.017433932946375,4228.174317330404,1886.152650368084
2026-06-30,2026,6,LATO,22.7772414570356,50.017433932946375,8729.700784173236,1889.2257262720977
2026-06-30,2026,6,LATO,22.84012352692396,50.017433932946375,13234.68855108754,1905.9228173486124
2026-06-30,2026,6,LATO,22.903005596812335,50.017433932946375,17740.49897456052,1926.3511429021823
2026-06-30,2026,6,LATO,22.965887666700695,50.017433932946375,22246.629981672468,1910.4149299665976
2026-06-30,2026,6,LATO,22.337066967817037,50.08031600283475,23771.891645147887,1889.7661105224922
2026-06-30,2026,6,LATO,22.399949037705397,50.08031600283475,19492.580868106976,1889.7691175160705
2026-06-30,2026,6,LATO,22.46283110759377,50.08031600283475,15342.244635151212,1893.5392560677658
2026-06-30,2026,6,LATO,22.52571317748213,50.08031600283475,11461.860003414893,1894.2370025225007
2026-06-30,2026,6,LATO,22.588595247370506,50.08031600283475,8241.972226046848,1884.7343949605913
2026-06-30,2026,6,LATO,22.651477317258866,50.08031600283475,6712.0844053123365,1882.3361608947416
2026-06-30,2026,6,LATO,22.714359387147226,50.08031600283475,7920.855163367692,1876.8343032818173
2026-06-30,2026,6,LATO,22.7772414570356,50.08031600283475,10999.722341771127,1876.8766348972738
2026-06-30,2026,6,LATO,22.965887666700695,50.08031600283475,23219.64717295703,1877.5595771551912
2026-06-30,2026,6,LATO,22.399949037705397,50.14319807272311,22852.879672009276,1891.3544512509793
2026-06-30,2026,6,LATO,22.46283110759377,50.14319807272311,19438.805553159174,1892.5881851696022
2026-06-30,2026,6,LATO,22.52571317748213,50.14319807272311,16552.739885157756,1888.545336302416
2026-06-30,2026,6,LATO,22.588595247370506,50.14319807272311,14513.17484725431,1885.9585392188053
2026-06-30,2026,6,LATO,22.651477317258866,50.14319807272311,13703.436830989558,1881.5610596228346
2026-06-30,2026,6,LATO,22.714359387147226,50.14319807272311,14333.488304196197,1876.6176757813184
2026-06-30,2026,6,LATO,22.7772414570356,50.14319807272311,16236.577883901686,1876.2321855414743
2026-06-30,2026,6,LATO,22.46283110759377,50.20608014261147,24863.616912715534,1890.6942541548894
2026-06-30,2026,6,LATO,22.52571317748213,50.20608014261147,22681.750518141413,1881.8472506475505
2026-06-30,2026,6,LATO,22.588595247370506,50.20608014261147,21241.091784175827,1882.5656072351323
2026-06-30,2026,6,LATO,22.651477317258866,50.20608014261147,20697.001515397067,1883.9193112946173
2026-06-30,2026,6,LATO,22.714359387147226,50.20608014261147,21118.887757690336,1882.567030478638
2026-06-30,2026,6,LATO,22.7772414570356,50.20608014261147,22452.364556079265,1897.964233398474
2026-06-30,2026,6,LATO,22.84012352692396,50.20608014261147,24549.33260415952,1895.8709343967646
